"ticker","model","date","cum_diff"
"AAPL","hist_mean",1001,7.26119995221985e-05
"AAPL","hist_mean",1006,9.45318471986756e-05
"AAPL","hist_mean",1011,0.00010563079960021
"AAPL","hist_mean",1016,0.0001427836094774
"AAPL","hist_mean",1021,0.000158081987716952
"AAPL","hist_mean",1026,0.000153990611289335
"AAPL","hist_mean",1031,0.000163460158998822
"AAPL","hist_mean",1036,0.000191783031646246
"AAPL","hist_mean",1041,0.000170551287205311
"AAPL","hist_mean",1046,0.000164839204651409
"AAPL","hist_mean",1051,0.000162966540756494
"AAPL","hist_mean",1056,0.00014184574778938
"AAPL","hist_mean",1061,0.000155057621928114
"AAPL","hist_mean",1066,0.000152227056483662
"AAPL","hist_mean",1071,0.000127958537615458
"AAPL","hist_mean",1076,0.000114294531468756
"AAPL","hist_mean",1081,0.000134028839909409
"AAPL","hist_mean",1086,0.000204829939775674
"AAPL","hist_mean",1091,0.000231174172895516
"AAPL","hist_mean",1096,0.000254040002802215
"AAPL","hist_mean",1101,0.000276067264021977
"AAPL","hist_mean",1106,0.000312025015882183
"AAPL","hist_mean",1111,0.000339434019613202
"AAPL","hist_mean",1116,0.000350582703489492
"AAPL","hist_mean",1121,0.000346853677270162
"AAPL","hist_mean",1126,0.000333579670322453
"AAPL","hist_mean",1131,0.000345500168978417
"AAPL","hist_mean",1136,0.000345287043266411
"AAPL","hist_mean",1141,0.000332414798995584
"AAPL","hist_mean",1146,0.000384283201041698
"AAPL","hist_mean",1151,0.000378221489465404
"AAPL","hist_mean",1156,0.000373732771204121
"AAPL","hist_mean",1161,0.000399760385599836
"AAPL","hist_mean",1166,0.000399472620567283
"AAPL","hist_mean",1171,0.000424340961196707
"AAPL","hist_mean",1176,0.000405891620538157
"AAPL","hist_mean",1181,0.000413749969298968
"AAPL","hist_mean",1186,0.000416997530481008
"AAPL","hist_mean",1191,0.000333973818861325
"AAPL","hist_mean",1196,0.000347784266911788
"AAPL","hist_mean",1201,0.000351229994358278
"AAPL","hist_mean",1206,0.000323662266211724
"AAPL","hist_mean",1211,0.000359615345221826
"AAPL","hist_mean",1216,0.000351230181376188
"AAPL","hist_mean",1221,0.000356242296331339
"AAPL","hist_mean",1226,0.000385857057432241
"AAPL","hist_mean",1231,0.000416410453872276
"AAPL","hist_mean",1236,0.000413750573478051
"AAPL","hist_mean",1241,0.000403008613078235
"AAPL","hist_mean",1246,0.000364781316897047
"AAPL","hist_mean",1251,0.000346730173618401
"AAPL","hist_mean",1256,0.000344002090335959
"AAPL","hist_mean",1261,0.00034312999018175
"AAPL","hist_mean",1266,0.000360600706666883
"AAPL","hist_mean",1271,0.000375372736205092
"AAPL","hist_mean",1276,0.000488848482164484
"AAPL","hist_mean",1281,0.000504484134141371
"AAPL","hist_mean",1286,0.000555278400104555
"AAPL","hist_mean",1291,0.000549057207129381
"AAPL","hist_mean",1296,0.000576809580596547
"AAPL","hist_mean",1301,0.000537036303066123
"AAPL","hist_mean",1306,0.000575499766690317
"AAPL","hist_mean",1311,0.000556895838914896
"AAPL","hist_mean",1316,0.000571039901921407
"AAPL","hist_mean",1321,0.000588804157885825
"AAPL","hist_mean",1326,0.000597068800116658
"AAPL","hist_mean",1331,0.000570696005938162
"AAPL","hist_mean",1336,0.000580004035939981
"AAPL","hist_mean",1341,0.000644381010502757
"AAPL","hist_mean",1346,0.00068409035261685
"AAPL","hist_mean",1351,0.000679740224972079
"AAPL","hist_mean",1356,0.000698053393112789
"AAPL","hist_mean",1361,0.00070125134588813
"AAPL","hist_mean",1366,0.00068546661771945
"AAPL","hist_mean",1371,0.000680007736512627
"AAPL","hist_mean",1376,0.000696000624785166
"AAPL","hist_mean",1381,0.000656793311327102
"AAPL","hist_mean",1386,0.00065038755854932
"AAPL","hist_mean",1391,0.00064841257511968
"AAPL","hist_mean",1396,0.000625224739176467
"AAPL","hist_mean",1401,0.000634440062282813
"AAPL","hist_mean",1406,0.000567603846940766
"AAPL","hist_mean",1411,0.00045793337677693
"AAPL","hist_mean",1416,0.000445667159969126
"AAPL","hist_mean",1421,0.000455688140581969
"AAPL","hist_mean",1426,0.000366630137636208
"AAPL","hist_mean",1431,0.000328524571600595
"AAPL","hist_mean",1436,0.000329754140947715
"AAPL","hist_mean",1441,0.000344312011842826
"AAPL","hist_mean",1446,0.000364418220675075
"AAPL","hist_mean",1451,0.000354583250776381
"AAPL","hist_mean",1456,0.000327003958767249
"AAPL","hist_mean",1461,0.00032594164762418
"AAPL","hist_mean",1466,0.000401606961211641
"AAPL","hist_mean",1471,0.000391387073159283
"AAPL","hist_mean",1476,0.000379615027340814
"AAPL","hist_mean",1481,0.000437112643876015
"AAPL","hist_mean",1486,0.000422361572234914
"AAPL","hist_mean",1491,0.000403829748706934
"AAPL","hist_mean",1496,0.00041185335258288
"AAPL","hist_mean",1501,0.000372040350848788
"AAPL","hist_mean",1506,0.000361713082819464
"AAPL","hist_mean",1511,0.000362443513002393
"AAPL","hist_mean",1516,0.000387792602526339
"AAPL","hist_mean",1521,0.000379301608524682
"AAPL","hist_mean",1526,0.000387682234581183
"AAPL","hist_mean",1531,0.000354442803436499
"AAPL","hist_mean",1536,0.000353487586114769
"AAPL","hist_mean",1541,0.000377099343468021
"AAPL","hist_mean",1546,0.000399602793315239
"AAPL","hist_mean",1551,0.000402510272546661
"AAPL","hist_mean",1556,0.000403297884842391
"AAPL","hist_mean",1561,0.000424727956270712
"AAPL","hist_mean",1566,0.000414601465794283
"AAPL","hist_mean",1571,0.000404860349658959
"AAPL","hist_mean",1576,0.000365837502385041
"AAPL","hist_mean",1581,0.000366011167649393
"AAPL","hist_mean",1586,0.00034701337224263
"AAPL","hist_mean",1591,0.000297961838916635
"AAPL","hist_mean",1596,0.000291259207107534
"AAPL","hist_mean",1601,0.000255373394026756
"AAPL","hist_mean",1606,0.000249038403836289
"AAPL","hist_mean",1611,0.00026083292444229
"AAPL","hist_mean",1616,0.000263392033644957
"AAPL","hist_mean",1621,0.000249875996313142
"AAPL","hist_mean",1626,0.000214046891002633
"AAPL","hist_mean",1631,0.000170508399492264
"AAPL","hist_mean",1636,0.000174482424124632
"AAPL","hist_mean",1641,0.000178580580891797
"AAPL","hist_mean",1646,0.000194149102747751
"AAPL","hist_mean",1651,0.000173076995174677
"AAPL","hist_mean",1656,0.000200157175169617
"AAPL","hist_mean",1661,0.00021287487521974
"AAPL","hist_mean",1666,0.000231624768729771
"AAPL","hist_mean",1671,0.000218215190524441
"AAPL","hist_mean",1676,0.000215775828357199
"AAPL","hist_mean",1681,0.000214684066175009
"AAPL","hist_mean",1686,0.000251120975480658
"AAPL","hist_mean",1691,0.000250287114423094
"AAPL","hist_mean",1696,0.000252669215968702
"AAPL","hist_mean",1701,0.000258970366724444
"AAPL","hist_mean",1706,0.000261865424528895
"AAPL","hist_mean",1711,0.000260016568680214
"AAPL","hist_mean",1716,0.000267837611547926
"AAPL","hist_mean",1721,0.000237489362520506
"AAPL","hist_mean",1726,0.000246230595050144
"AAPL","hist_mean",1731,0.000265936906149911
"AAPL","hist_mean",1736,0.000266298589253824
"AAPL","hist_mean",1741,0.000252153226634238
"AAPL","hist_mean",1746,0.000266926932124785
"AAPL","hist_mean",1751,0.000266267902964528
"AAPL","hist_mean",1756,0.000267136936438489
"AAPL","hist_mean",1761,0.000266054019864677
"AAPL","hist_mean",1766,0.000283396010759644
"AAPL","hist_mean",1771,0.000279821675324133
"AAPL","hist_mean",1776,0.000280241520156694
"AAPL","hist_mean",1781,0.000275189598823521
"AAPL","hist_mean",1786,0.000290492497805802
"AAPL","hist_mean",1791,0.000305120076708101
"AAPL","hist_mean",1796,0.000317074876469419
"AAPL","hist_mean",1801,0.000317063940283557
"AAPL","hist_mean",1806,0.000318573048893418
"AAPL","hist_mean",1811,0.0003150838141497
"AAPL","hist_mean",1816,0.00029358274716332
"AAPL","hist_mean",1821,0.000329449841838192
"AAPL","hist_mean",1826,0.000342019112023021
"AAPL","hist_mean",1831,0.000321800598915639
"AAPL","hist_mean",1836,0.000314464234312181
"AAPL","hist_mean",1841,0.000303066040528068
"AAPL","hist_mean",1846,0.000296706048175384
"AAPL","hist_mean",1851,0.000287034770362253
"AAPL","hist_mean",1856,0.00022249662882315
"AAPL","hist_mean",1861,0.000216109668292707
"AAPL","hist_mean",1866,0.000220306161216767
"AAPL","hist_mean",1871,0.00021492572750665
"AAPL","hist_mean",1876,0.000203493420683021
"AAPL","hist_mean",1881,0.000199791174451185
"AAPL","hist_mean",1886,0.000172771239416964
"AAPL","hist_mean",1891,0.00018959446776952
"AAPL","hist_mean",1896,0.000203968222083848
"AAPL","hist_mean",1901,0.000202341435775349
"AAPL","hist_mean",1906,0.000188960573921597
"AAPL","hist_mean",1911,0.000197662141347359
"AAPL","hist_mean",1916,0.000221826579113994
"AAPL","hist_mean",1921,0.000216840335036048
"AAPL","hist_mean",1926,0.000222757861120755
"AAPL","hist_mean",1931,0.000222464994788432
"AAPL","hist_mean",1936,0.000254133991690002
"AAPL","hist_mean",1941,0.000239518771262323
"AAPL","hist_mean",1946,0.000223168596527697
"AAPL","hist_mean",1951,0.000218825640837039
"AAPL","hist_mean",1956,0.000224190357382054
"AAPL","hist_mean",1961,0.000255838034611169
"AAPL","hist_mean",1966,0.000254149923683454
"AAPL","hist_mean",1971,0.000293570085835741
"AAPL","hist_mean",1976,0.000311481860503447
"AAPL","hist_mean",1981,0.000303090158638644
"AAPL","hist_mean",1986,0.000300403670970052
"AAPL","hist_mean",1991,0.000288615927799304
"AAPL","hist_mean",1996,0.000286054589228795
"AAPL","hist_mean",2001,0.000274833217223239
"AAPL","hist_mean",2006,0.000254059812543568
"AAPL","hist_mean",2011,0.000253551875918637
"AAPL","hist_mean",2016,0.000261177079890316
"AAPL","hist_mean",2021,0.000270717190364114
"AAPL","hist_mean",2026,0.000261555385196338
"AAPL","hist_mean",2031,0.000264955593859531
"AAPL","hist_mean",2036,0.000185131813797882
"AAPL","hist_mean",2041,0.000205081774838946
"AAPL","hist_mean",2046,0.000198407496238794
"AAPL","hist_mean",2051,0.000233147343571222
"AAPL","hist_mean",2056,0.000238598825201386
"AAPL","hist_mean",2061,0.000255386857528877
"AAPL","hist_mean",2066,0.000226584621633709
"AAPL","hist_mean",2071,0.000306476945508661
"AAPL","hist_mean",2076,0.000323524400475591
"AAPL","hist_mean",2081,0.000355559375619864
"AAPL","hist_mean",2086,0.000379198318305093
"AAPL","hist_mean",2091,0.000354290259960426
"AAPL","hist_mean",2096,0.000393058693667815
"AAPL","hist_mean",2101,0.000400974302688583
"AAPL","hist_mean",2106,0.000383341001633206
"AAPL","hist_mean",2111,0.00037790802397844
"AAPL","hist_mean",2116,0.000373174409358539
"AAPL","hist_mean",2121,0.0003787226075139
"AAPL","hist_mean",2126,0.000362676614867045
"AAPL","hist_mean",2131,0.000369717649231809
"AAPL","hist_mean",2136,0.00036628433022844
"AAPL","hist_mean",2141,0.000379810730802326
"AAPL","hist_mean",2146,0.000408978240188436
"AAPL","hist_mean",2151,0.000422183204261445
"AAPL","hist_mean",2156,0.000415613214639791
"AAPL","hist_mean",2161,0.000468210549689062
"AAPL","hist_mean",2166,0.000482034999096314
"AAPL","hist_mean",2171,0.000508618700889208
"AAPL","hist_mean",2176,0.000511605862974278
"AAPL","hist_mean",2181,0.000528375137966274
"AAPL","hist_mean",2186,0.00051180307785117
"AAPL","hist_mean",2191,0.000488718490010639
"AAPL","hist_mean",2196,0.000467131007374241
"AAPL","hist_mean",2201,0.000472952619759129
"AAPL","hist_mean",2206,0.000440395073634461
"AAPL","hist_mean",2211,0.000505252552675022
"AAPL","hist_mean",2216,0.000532719586871387
"AAPL","hist_mean",2221,0.000501543626860054
"AAPL","hist_mean",2226,0.000370770549014988
"AAPL","hist_mean",2231,0.000334222109686153
"AAPL","hist_mean",2236,0.000352766302332149
"AAPL","hist_mean",2241,0.000374318812976266
"AAPL","hist_mean",2246,0.000431439495806395
"AAPL","hist_mean",2251,0.00042139920438026
"AAPL","hist_mean",2256,0.000441417962796345
"AAPL","hist_mean",2261,0.000542883532490263
"AAPL","hist_mean",2266,0.000378565799386722
"AAPL","hist_mean",2271,0.000382864282995678
"AAPL","hist_mean",2276,0.000391371060624211
"AAPL","hist_mean",2281,0.000440360454850763
"AAPL","hist_mean",2286,0.000440491270132852
"AAPL","hist_mean",2291,0.000441735084955031
"AAPL","hist_mean",2296,0.000437495252884505
"AAPL","hist_mean",2301,0.000448593959988234
"AAPL","hist_mean",2306,0.000456089597222883
"AAPL","hist_mean",2311,0.000510340914418204
"AAPL","hist_mean",2316,0.000526626648739377
"AAPL","hist_mean",2321,0.000505339039766984
"AAPL","hist_mean",2326,0.000516020030165583
"AAPL","hist_mean",2331,0.000541992131935158
"AAPL","hist_mean",2336,0.000544358137005369
"AAPL","hist_mean",2341,0.000568451299746382
"AAPL","hist_mean",2346,0.000534031236576859
"AAPL","hist_mean",2351,0.000485614693659887
"AAPL","hist_mean",2356,0.000510779056736739
"AAPL","hist_mean",2361,0.000541061986722154
"AAPL","hist_mean",2366,0.000532753505128723
"AAPL","hist_mean",2371,0.000557839533859033
"AAPL","hist_mean",2376,0.000551812186215634
"AAPL","hist_mean",2381,0.000546175585334474
"AAPL","hist_mean",2386,0.000581170779435751
"AAPL","hist_mean",2391,0.000594437138132377
"AAPL","hist_mean",2396,0.000581346104001449
"AAPL","hist_mean",2401,0.000599721981132103
"AAPL","hist_mean",2406,0.000585433425476199
"AAPL","hist_mean",2411,0.00054702859251732
"AAPL","hist_mean",2416,0.000582591719114625
"AAPL","hist_mean",2421,0.000573515371612614
"AAPL","hist_mean",2426,0.000571331851150741
"AAPL","hist_mean",2431,0.0005988500971514
"AAPL","hist_mean",2436,0.000597960577079848
"AAPL","hist_mean",2441,0.000562991800565127
"AAPL","hist_mean",2446,0.000536768496644251
"AAPL","hist_mean",2451,0.000527624869432343
"AAPL","hist_mean",2456,0.000574500651318768
"AAPL","hist_mean",2461,0.000619733428437017
"AAPL","hist_mean",2466,0.000627419000823112
"AAPL","hist_mean",2471,0.000648545642212889
"AAPL","hist_mean",2476,0.000698239323776506
"AAPL","hist_mean",2481,0.000702417016124031
"AAPL","hist_mean",2486,0.00072333974411986
"AAPL","hist_mean",2491,0.000720880096858018
"AAPL","hist_mean",2496,0.000698506596723165
"AAPL","hist_mean",2501,0.000671464865517061
"AAPL","hist_mean",2506,0.000702267807978124
"AAPL","hist_mean",2511,0.000731733679974327
"AAPL","hist_mean",2516,0.000744692261541908
"AAPL","hist_mean",2521,0.000774401087450977
"AAPL","hist_mean",2526,0.000765062358323626
"AAPL","hist_mean",2531,0.000773523043900148
"AAPL","hist_mean",2536,0.000769687190676818
"AAPL","hist_mean",2541,0.0007915506973197
"AAPL","hist_mean",2546,0.000776462738509204
"AAPL","hist_mean",2551,0.000730766344150826
"AAPL","hist_mean",2556,0.000728862794619613
"AAPL","hist_mean",2561,0.000702892348088475
"AAPL","hist_mean",2566,0.000899474259903739
"AAPL","hist_mean",2571,0.00078527651582924
"AAPL","hist_mean",2576,0.000709715412696068
"AAPL","hist_mean",2581,0.000684024843534874
"AAPL","hist_mean",2586,0.000718012507610844
"AAPL","hist_mean",2591,0.000678838334514154
"AAPL","hist_mean",2596,0.000679295198458938
"AAPL","hist_mean",2601,0.000704268967957002
"AAPL","hist_mean",2606,0.000732887994101623
"AAPL","hist_mean",2611,0.000775799228585147
"AAPL","hist_mean",2616,0.000761949983386558
"AAPL","hist_mean",2621,0.000769851176957412
"AAPL","hist_mean",2626,0.000828956370811795
"AAPL","hist_mean",2631,0.000878984605455078
"AAPL","hist_mean",2636,0.000919812777289841
"AAPL","hist_mean",2641,0.000935306127864085
"AAPL","hist_mean",2646,0.000980367129555038
"AAPL","hist_mean",2651,0.000993236845661169
"AAPL","hist_mean",2656,0.000997889467975877
"AAPL","hist_mean",2661,0.00103468368743354
"AAPL","hist_mean",2666,0.00104119983451313
"AAPL","hist_mean",2671,0.00110886227884877
"AAPL","hist_mean",2676,0.00111040109919396
"AAPL","hist_mean",2681,0.0011388352708575
"AAPL","hist_mean",2686,0.00109059760774632
"AAPL","hist_mean",2691,0.00101842791189396
"AAPL","hist_mean",2696,0.000983491116677686
"AAPL","hist_mean",2701,0.00100351849896793
"AAPL","hist_mean",2706,0.0010202478859562
"AAPL","hist_mean",2711,0.00101711770839293
"AAPL","hist_mean",2716,0.00100745928019752
"AAPL","hist_mean",2721,0.000985990742047974
"AAPL","hist_mean",2726,0.00106033617845866
"AAPL","hist_mean",2731,0.00113226128287329
"AAPL","hist_mean",2736,0.00112616624872523
"AAPL","hist_mean",2741,0.00113591568012495
"AAPL","hist_mean",2746,0.00114488756836411
"AAPL","hist_mean",2751,0.00113177519367879
"AAPL","hist_mean",2756,0.00111627608056864
"AAPL","hist_mean",2761,0.00108070050462625
"AAPL","hist_mean",2766,0.00115571921023013
"AAPL","hist_mean",2771,0.00118098437075661
"AAPL","hist_mean",2776,0.00117684181980339
"AAPL","hist_mean",2781,0.0012446783786606
"AAPL","hist_mean",2786,0.00122640041635753
"AAPL","hist_mean",2791,0.0012083229538498
"AAPL","hist_mean",2796,0.0011972445140534
"AAPL","hist_mean",2801,0.00117757599036154
"AAPL","hist_mean",2806,0.00110206905783327
"AAPL","hist_mean",2811,0.00106785286635351
"AAPL","hist_mean",2816,0.00110055738366529
"AAPL","hist_mean",2821,0.00102747632165437
"AAPL","hist_mean",2826,0.00103496317673598
"AAPL","hist_mean",2831,0.00104821588443202
"AAPL","hist_mean",2836,0.00108935078043691
"AAPL","hist_mean",2841,0.00108284247307125
"AAPL","hist_mean",2846,0.00111941984660604
"AAPL","hist_mean",2851,0.00108608915411662
"AAPL","hist_mean",2856,0.00109609793806941
"AAPL","hist_mean",2861,0.00113552196094421
"AAPL","hist_mean",2866,0.00110366039229411
"AAPL","hist_mean",2871,0.00109158588061614
"AAPL","hist_mean",2876,0.00109069362408993
"AAPL","hist_mean",2881,0.00113963004312197
"AAPL","hist_mean",2886,0.00116757921458345
"AAPL","hist_mean",2891,0.00119246078124161
"AAPL","hist_mean",2896,0.00122222709026929
"AAPL","hist_mean",2901,0.00123784473474253
"AAPL","hist_mean",2906,0.00129104739426573
"AAPL","hist_mean",2911,0.00125768341150023
"AAPL","hist_mean",2916,0.00128326498520642
"AAPL","hist_mean",2921,0.00127499279813334
"AAPL","hist_mean",2926,0.00126059816506167
"AAPL","hist_mean",2931,0.00125817493644665
"AAPL","hist_mean",2936,0.00123885678137873
"AAPL","hist_mean",2941,0.0012158090241756
"AAPL","hist_mean",2946,0.00122765661451203
"AAPL","hist_mean",2951,0.00126156291657096
"AAPL","hist_mean",2956,0.0012739288633785
"AAPL","hist_mean",2961,0.00128589327805872
"AAPL","hist_mean",2966,0.0012760141733734
"AAPL","hist_mean",2971,0.0012819640701018
"AAPL","hist_mean",2976,0.00127423513575095
"AAPL","hist_mean",2981,0.00129361805261165
"AAPL","hist_mean",2986,0.00125184358580104
"AAPL","hist_mean",2991,0.00128507638628433
"AAPL","hist_mean",2996,0.00129094805794325
"AAPL","hist_mean",3001,0.00127656837942098
"AAPL","hist_mean",3006,0.00126886660343571
"AAPL","hist_mean",3011,0.00117955488807208
"AAPL","hist_mean",3016,0.00118630141395295
"AAPL","hist_mean",3021,0.00117735522846812
"AAPL","hist_mean",3026,0.00117832303060275
"AAPL","hist_mean",3031,0.0011881609698856
"AAPL","hist_mean",3036,0.0011767224902633
"AAPL","hist_mean",3041,0.00123086802722336
"AAPL","hist_mean",3046,0.00122059262373963
"AAPL","hist_mean",3051,0.00122248776265237
"AAPL","hist_mean",3056,0.00118321302413724
"AAPL","hist_mean",3061,0.00115741466388903
"AAPL","hist_mean",3066,0.00113185717633781
"AAPL","hist_mean",3071,0.00119058257443776
"AAPL","hist_mean",3076,0.00123273687487196
"AAPL","hist_mean",3081,0.00127209511938914
"AAPL","hist_mean",3086,0.0012299507564483
"AAPL","hist_mean",3091,0.00125283127027152
"AAPL","hist_mean",3096,0.00124960406751025
"AAPL","hist_mean",3101,0.00124554391309586
"AAPL","hist_mean",3106,0.00132717662768587
"AAPL","hist_mean",3111,0.00121782377773674
"AAPL","hist_mean",3116,0.00110013217579101
"AAPL","hist_mean",3121,0.00110140590728539
"AAPL","hist_mean",3126,0.00113375676982883
"AAPL","hist_mean",3131,0.00105974299918686
"AAPL","hist_mean",3136,0.000980542434778348
"AAPL","hist_mean",3141,0.00102669799510282
"AAPL","hist_mean",3146,0.00105678017166993
"AAPL","hist_mean",3151,0.00102640195736575
"AAPL","hist_mean",3156,0.000983952626552446
"AAPL","hist_mean",3161,0.000968093595963687
"AAPL","hist_mean",3166,0.000954523715060758
"AAPL","hist_mean",3171,0.000947552894079303
"AAPL","hist_mean",3176,0.000959508594574481
"AAPL","hist_mean",3181,0.000910535565627218
"AAPL","hist_mean",3186,0.00088161526804498
"AAPL","hist_mean",3191,0.000864210561510548
"AAPL","hist_mean",3196,0.000741244223734105
"AAPL","hist_mean",3201,0.000771016552303182
"AAPL","hist_mean",3206,0.000782884288169266
"AAPL","hist_mean",3211,0.000830578243765437
"AAPL","hist_mean",3216,0.000809982142976346
"AAPL","hist_mean",3221,0.00082700387836166
"AAPL","hist_mean",3226,0.000863263459917398
"AAPL","hist_mean",3231,0.000827701528346047
"AAPL","hist_mean",3236,0.000834690110823216
"AAPL","hist_mean",3241,0.0008565273792034
"AAPL","hist_mean",3246,0.000883625810242065
"AAPL","hist_mean",3251,0.000972571313397426
"AAPL","hist_mean",3256,0.000945325304560116
"AAPL","hist_mean",3261,0.000914573523218588
"AAPL","hist_mean",3266,0.000957134528856063
"AAPL","hist_mean",3271,0.0010069363826454
"AAPL","hist_mean",3276,0.00107133310944769
"AAPL","hist_mean",3281,0.00108902716640113
"AAPL","hist_mean",3286,0.00113134123928268
"AAPL","hist_mean",3291,0.00109210286813776
"AAPL","hist_mean",3296,0.00105640177223583
"AAPL","hist_mean",3301,0.00109101531472697
"AAPL","hist_mean",3306,0.00103846011959145
"AAPL","hist_mean",3311,0.00103104718749491
"AAPL","hist_mean",3316,0.001002259644084
"AAPL","hist_mean",3321,0.00102784598776708
"AAPL","hist_mean",3326,0.0010496892485747
"AAPL","hist_mean",3331,0.00104112232079471
"AAPL","hist_mean",3336,0.00103385030560628
"AAPL","hist_mean",3341,0.00102454563226294
"AAPL","hist_mean",3346,0.00103707043952645
"AAPL","hist_mean",3351,0.00103602496972609
"AAPL","hist_mean",3356,0.00102249180850508
"AAPL","hist_mean",3361,0.00104174847507112
"AAPL","hist_mean",3366,0.00104780639040975
"AAPL","hist_mean",3371,0.0010500310955468
"AAPL","hist_mean",3376,0.00108022449756532
"AAPL","hist_mean",3381,0.00110932763286334
"AAPL","hist_mean",3386,0.00113035737026746
"AAPL","hist_mean",3391,0.00112597832381643
"AAPL","hist_mean",3396,0.00117039545211536
"AAPL","hist_mean",3401,0.00114770255445416
"AAPL","hist_mean",3406,0.0011807840426882
"AAPL","hist_mean",3411,0.00118816292917658
"AAPL","hist_mean",3416,0.00119347482973771
"AAPL","hist_mean",3421,0.00115859488622261
"AAPL","hist_mean",3426,0.00117573992987722
"AAPL","hist_mean",3431,0.00118961611916109
"AAPL","hist_mean",3436,0.00120568916719854
"AAPL","hist_mean",3441,0.0012072109188242
"AAPL","hist_mean",3446,0.00117311000074573
"AAPL","hist_mean",3451,0.0011840208692168
"AAPL","hist_mean",3456,0.00113785104278087
"AAPL","hist_mean",3461,0.00112211977044071
"AAPL","hist_mean",3466,0.00111477114313761
"AAPL","hist_mean",3471,0.00109698914728614
"AAPL","hist_mean",3476,0.0011008975582528
"AAPL","hist_mean",3481,0.00110530294048115
"AAPL","hist_mean",3486,0.00113172970731908
"AAPL","hist_mean",3491,0.0011580520408216
"AAPL","hist_mean",3496,0.00114889510704457
"AAPL","hist_mean",3501,0.00113748018756955
"AAPL","hist_mean",3506,0.0011254848455248
"AAPL","hist_mean",3511,0.00115665094915295
"AAPL","hist_mean",3516,0.00113477434923041
"AAPL","hist_mean",3521,0.00113813433277584
"AAPL","hist_mean",3526,0.00112962826233992
"AAPL","hist_mean",3531,0.00113210209258806
"AAPL","hist_mean",3536,0.00115435550638764
"AAPL","hist_mean",3541,0.00114655242824691
"AAPL","hist_mean",3546,0.00116421461749997
"AAPL","hist_mean",3551,0.00114611936896206
"AAPL","hist_mean",3556,0.0011374917625557
"AAPL","hist_mean",3561,0.00115174795412515
"AAPL","hist_mean",3566,0.00109749090908553
"AAPL","hist_mean",3571,0.0011017507915931
"AAPL","hist_mean",3576,0.00112574709570699
"AAPL","hist_mean",3581,0.00111266394740983
"AAPL","hist_mean",3586,0.00112054684148576
"AAPL","hist_mean",3591,0.00109932767596171
"AAPL","hist_mean",3596,0.00108363930053823
"AAPL","hist_mean",3601,0.00110562129790679
"AAPL","hist_mean",3606,0.0010937895282884
"AAPL","hist_mean",3611,0.00109637962750204
"AAPL","hist_mean",3616,0.00111814243019292
"AAPL","hist_mean",3621,0.00110307275243254
"AAPL","hist_mean",3626,0.00111198632695561
"AAPL","hist_mean",3631,0.00109771265564491
"AAPL","hist_mean",3636,0.001107323137434
"AAPL","hist_mean",3641,0.00108632960747475
"AAPL","hist_mean",3646,0.00105392199020807
"AAPL","hist_mean",3651,0.00106567571431851
"AAPL","hist_mean",3656,0.00109720543246071
"AAPL","hist_mean",3661,0.00109323806518216
"AAPL","hist_mean",3666,0.0010947815807485
"AAPL","hist_mean",3671,0.000998945877562305
"AAPL","hist_mean",3676,0.00101160997340201
"AAPL","hist_mean",3681,0.00100930707134919
"AAPL","hist_mean",3686,0.00101126782119331
"AAPL","hist_mean",3691,0.000956963124855159
"AAPL","hist_mean",3696,0.000949108493742381
"AAPL","hist_mean",3701,0.000952328239911476
"AAPL","hist_mean",3706,0.00095902489269958
"AAPL","hist_mean",3711,0.000900898395209145
"AAPL","hist_mean",3716,0.000934722015859293
"AAPL","hist_mean",3721,0.000954898885143847
"AAPL","hist_mean",3726,0.000948886803752089
"AAPL","hist_mean",3731,0.000950185986768445
"AAPL","hist_mean",3736,0.000961539822907066
"AAPL","hist_mean",3741,0.000960638875472782
"AAPL","hist_mean",3746,0.000961902314366001
"AAPL","hist_mean",3751,0.000978897934397829
"AAPL","hist_mean",3756,0.000980829441416954
"AAPL","hist_mean",3761,0.000969832090512279
"AAPL","hist_mean",3766,0.000926634701071459
"AAPL","hist_mean",3771,0.000931884652911663
"AAPL","hist_mean",3776,0.000927085481110801
"AAPL","hist_mean",3781,0.00090634447609105
"AAPL","hist_mean",3786,0.000844174291934631
"AAPL","hist_mean",3791,0.000910991601146707
"AAPL","hist_mean",3796,0.000949186992335337
"AAPL","hist_mean",3801,0.000988842106323613
"AAPL","hist_mean",3806,0.000991053836621955
"AAPL","hist_mean",3811,0.000937644621221635
"AAPL","hist_mean",3816,0.000935231892514744
"AAPL","hist_mean",3821,0.000901732454912644
"AAPL","hist_mean",3826,0.00092269529686501
"AAPL","hist_mean",3831,0.000903357906418688
"AAPL","hist_mean",3836,0.000908294305202289
"AAPL","hist_mean",3841,0.00115180911747729
"AAPL","hist_mean",3846,0.00107979762983074
"AAPL","hist_mean",3851,0.00111180188186397
"AAPL","hist_mean",3856,0.00111796686525674
"AAPL","hist_mean",3861,0.00112833664368245
"AAPL","hist_mean",3866,0.00112000079400152
"AAPL","hist_mean",3871,0.00111275772954213
"AAPL","hist_mean",3876,0.00111993939307265
"AAPL","hist_mean",3881,0.00114800348787506
"AAPL","hist_mean",3886,0.00112264740964095
"AAPL","hist_mean",3891,0.00112626187223959
"AAPL","hist_mean",3896,0.00116108220489375
"AAPL","hist_mean",3901,0.00116079413670821
"AAPL","hist_mean",3906,0.00116418167262964
"AAPL","hist_mean",3911,0.00117947866986061
"AAPL","hist_mean",3916,0.00115526385642233
"AAPL","hist_mean",3921,0.00115075602375375
"AAPL","hist_mean",3926,0.0011695826467387
"AAPL","hist_mean",3931,0.00116614371459842
"AAPL","hist_mean",3936,0.00118239784672856
"AAPL","hist_mean",3941,0.00124946176228795
"AAPL","hist_mean",3946,0.00118882286064776
"AAPL","hist_mean",3951,0.00119442832550692
"AAPL","hist_mean",3956,0.00117799246604827
"AAPL","hist_mean",3961,0.00118310508269667
"AAPL","hist_mean",3966,0.00119366407910927
"AAPL","hist_mean",3971,0.00120444252171361
"AAPL","hist_mean",3976,0.00117260999917567
"AAPL","hist_mean",3981,0.00117660767201624
"AAPL","hist_mean",3986,0.00117642226805835
"AAPL","hist_mean",3991,0.00116330868418996
"AAPL","hist_mean",3996,0.00117024213510867
"AAPL","hist_mean",4001,0.00117329440266744
"AAPL","hist_mean",4006,0.00114927059185346
"AAPL","hist_mean",4011,0.00114331741340896
"AAPL","hist_mean",4016,0.00114484792878932
"AAPL","hist_mean",4021,0.00114117701852732
"AAPL","hist_mean",4026,0.00111439048656358
"AAPL","hist_mean",4031,0.00111976691791456
"AAPL","hist_mean",4036,0.00105469854018751
"AAPL","hist_mean",4041,0.00107417842201919
"AAPL","hist_mean",4046,0.00106968987098807
"AAPL","hist_mean",4051,0.00106246534563118
"AAPL","hist_mean",4056,0.00106488810384862
"AAPL","hist_mean",4061,0.00107816442658571
"AAPL","hist_mean",4066,0.00106877769733302
"AAPL","hist_mean",4071,0.00106780848347997
"AAPL","hist_mean",4076,0.00103624732846862
"AAPL","hist_mean",4081,0.00104243179214409
"AAPL","hist_mean",4086,0.00105463322100872
"AAPL","hist_mean",4091,0.00106489005480046
"AAPL","hist_mean",4096,0.00104323697805663
"AAPL","hist_mean",4101,0.0010441404119013
"AAPL","hist_mean",4106,0.00105125458653662
"AAPL","hist_mean",4111,0.00104994717092283
"AAPL","hist_mean",4116,0.00104494482175177
"AAPL","hist_mean",4121,0.00106095675595607
"AAPL","hist_mean",4126,0.00105735163338294
"AAPL","hist_mean",4131,0.00103280931054165
"AAPL","hist_mean",4136,0.00100351538487729
"AAPL","hist_mean",4141,0.00099641833035186
"AAPL","hist_mean",4146,0.000982381771980813
"AAPL","hist_mean",4151,0.000969477064378703
"AAPL","hist_mean",4156,0.000954030605563504
"AAPL","hist_mean",4161,0.000959782481685656
"AAPL","hist_mean",4166,0.00097670050059134
"AAPL","hist_mean",4171,0.0010118446461212
"AAPL","hist_mean",4176,0.00099069722622001
"AAPL","hist_mean",4181,0.00101652880127761
"AAPL","hist_mean",4186,0.00101303601695512
"AAPL","hist_mean",4191,0.00106022656485176
"AAPL","hist_mean",4196,0.00105417903911784
"AAPL","hist_mean",4201,0.00105935640917317
"AAPL","hist_mean",4206,0.00104321958837548
"AAPL","arima",1001,7.26119995221933e-05
"AAPL","arima",1006,9.44237469152293e-05
"AAPL","arima",1011,0.000105801103925655
"AAPL","arima",1016,0.000143679542932608
"AAPL","arima",1021,0.00015919778153096
"AAPL","arima",1026,0.000155106405103373
"AAPL","arima",1031,0.00016439302173007
"AAPL","arima",1036,0.000190841417723943
"AAPL","arima",1041,0.000170815756692006
"AAPL","arima",1046,0.000165386654947567
"AAPL","arima",1051,0.000163513991052667
"AAPL","arima",1056,0.000142284271273501
"AAPL","arima",1061,0.000155665756595127
"AAPL","arima",1066,0.000152831428378124
"AAPL","arima",1071,0.000128483789760809
"AAPL","arima",1076,0.000114819783614161
"AAPL","arima",1081,0.000134585768010542
"AAPL","arima",1086,0.000199923412751386
"AAPL","arima",1091,0.000223594036084706
"AAPL","arima",1096,0.000244360778014179
"AAPL","arima",1101,0.000266388039233959
"AAPL","arima",1106,0.000301627877133923
"AAPL","arima",1111,0.000328070860187378
"AAPL","arima",1116,0.000338536242430771
"AAPL","arima",1121,0.000335044321670352
"AAPL","arima",1126,0.000321770314722626
"AAPL","arima",1131,0.000333523202815653
"AAPL","arima",1136,0.000333351243531009
"AAPL","arima",1141,0.000320868874045474
"AAPL","arima",1146,0.000371796880804387
"AAPL","arima",1151,0.000365735169228092
"AAPL","arima",1156,0.000361062507506851
"AAPL","arima",1161,0.000387725164876895
"AAPL","arima",1166,0.000387449631303768
"AAPL","arima",1171,0.000412145721959536
"AAPL","arima",1176,0.000393696381300962
"AAPL","arima",1181,0.000401471209891064
"AAPL","arima",1186,0.00040469149427262
"AAPL","arima",1191,0.000322497834559878
"AAPL","arima",1196,0.000336499712609323
"AAPL","arima",1201,0.000339945440055804
"AAPL","arima",1206,0.0003114780095457
"AAPL","arima",1211,0.000347124362133555
"AAPL","arima",1216,0.00033908334888593
"AAPL","arima",1221,0.000343929925044267
"AAPL","arima",1226,0.000373544686145178
"AAPL","arima",1231,0.000403570211498706
"AAPL","arima",1236,0.000401066578661544
"AAPL","arima",1241,0.000390505497578463
"AAPL","arima",1246,0.000351732647895861
"AAPL","arima",1251,0.000333681504617223
"AAPL","arima",1256,0.000330971672412359
"AAPL","arima",1261,0.000329993106825125
"AAPL","arima",1266,0.000348041243632479
"AAPL","arima",1271,0.00036340352067298
"AAPL","arima",1276,0.000476879266631636
"AAPL","arima",1281,0.000491710346692843
"AAPL","arima",1286,0.00053888980668642
"AAPL","arima",1291,0.000533430134926072
"AAPL","arima",1296,0.000558545296391328
"AAPL","arima",1301,0.000518772018860988
"AAPL","arima",1306,0.000558677593577314
"AAPL","arima",1311,0.000539913028143871
"AAPL","arima",1316,0.000554572705985433
"AAPL","arima",1321,0.000572979983811663
"AAPL","arima",1326,0.000587898007818822
"AAPL","arima",1331,0.000566784897958937
"AAPL","arima",1336,0.000583557093783605
"AAPL","arima",1341,0.00061778911902017
"AAPL","arima",1346,0.000665635389300025
"AAPL","arima",1351,0.000661285261655234
"AAPL","arima",1356,0.000679450557002629
"AAPL","arima",1361,0.000682649639371347
"AAPL","arima",1366,0.000666649074744982
"AAPL","arima",1371,0.00066102809929637
"AAPL","arima",1376,0.000684786393140571
"AAPL","arima",1381,0.000654283901348015
"AAPL","arima",1386,0.000644887675424378
"AAPL","arima",1391,0.000644442392133807
"AAPL","arima",1396,0.000589440485820188
"AAPL","arima",1401,0.000573494260480667
"AAPL","arima",1406,0.000639954064490271
"AAPL","arima",1411,0.000187752638138111
"AAPL","arima",1416,0.000118402566949596
"AAPL","arima",1421,0.000109983450172783
"AAPL","arima",1426,2.09254472271239e-05
"AAPL","arima",1431,-1.74316152816422e-05
"AAPL","arima",1436,-1.62063590031863e-05
"AAPL","arima",1441,-1.56145335592792e-06
"AAPL","arima",1446,1.93000770881418e-05
"AAPL","arima",1451,9.46510718947362e-06
"AAPL","arima",1456,-1.81222718381764e-05
"AAPL","arima",1461,-1.91669615177421e-05
"AAPL","arima",1466,5.57106760442055e-05
"AAPL","arima",1471,4.60851619608154e-05
"AAPL","arima",1476,3.43131161423726e-05
"AAPL","arima",1481,9.30990455374738e-05
"AAPL","arima",1486,7.84393458521646e-05
"AAPL","arima",1491,5.96510603306633e-05
"AAPL","arima",1496,6.78223385533618e-05
"AAPL","arima",1501,2.80093368192488e-05
"AAPL","arima",1506,1.74377487606084e-05
"AAPL","arima",1511,1.81652830845401e-05
"AAPL","arima",1516,4.65656990225057e-05
"AAPL","arima",1521,3.69115071616269e-05
"AAPL","arima",1526,4.529213321817e-05
"AAPL","arima",1531,1.1084810353088e-05
"AAPL","arima",1536,1.0065551741568e-05
"AAPL","arima",1541,3.43404276064868e-05
"AAPL","arima",1546,5.79294497063295e-05
"AAPL","arima",1551,6.08369289377535e-05
"AAPL","arima",1556,6.16244604351365e-05
"AAPL","arima",1561,8.25573477276152e-05
"AAPL","arima",1566,7.28180670155331e-05
"AAPL","arima",1571,6.3614707491002e-05
"AAPL","arima",1576,2.45918602170773e-05
"AAPL","arima",1581,2.47677890395699e-05
"AAPL","arima",1586,5.12062817707721e-06
"AAPL","arima",1591,-4.95084931168292e-05
"AAPL","arima",1596,-5.7320259041915e-05
"AAPL","arima",1601,-9.32060721225885e-05
"AAPL","arima",1606,-9.94375064188233e-05
"AAPL","arima",1611,-8.82336118646387e-05
"AAPL","arima",1616,-8.5744069906696e-05
"AAPL","arima",1621,-9.85971430363774e-05
"AAPL","arima",1626,-0.000134426248346865
"AAPL","arima",1631,-0.000178640171164725
"AAPL","arima",1636,-0.000174588699041443
"AAPL","arima",1641,-0.000170432213537823
"AAPL","arima",1646,-0.000154830523669175
"AAPL","arima",1651,-0.000175902631242252
"AAPL","arima",1656,-0.0001498524257751
"AAPL","arima",1661,-0.00013788499851303
"AAPL","arima",1666,-0.000120289969913548
"AAPL","arima",1671,-0.000132740474901052
"AAPL","arima",1676,-0.000135179837068292
"AAPL","arima",1681,-0.000136267279503049
"AAPL","arima",1686,-9.92328380613139e-05
"AAPL","arima",1691,-0.000100015122462011
"AAPL","arima",1696,-9.7680025583517e-05
"AAPL","arima",1701,-9.13788748277664e-05
"AAPL","arima",1706,-8.85254874709326e-05
"AAPL","arima",1711,-9.03115170772471e-05
"AAPL","arima",1716,-8.26509791934781e-05
"AAPL","arima",1721,-0.000113162096830026
"AAPL","arima",1726,-0.000104420864300397
"AAPL","arima",1731,-8.40348500664773e-05
"AAPL","arima",1736,-8.36723862952542e-05
"AAPL","arima",1741,-9.78446093807093e-05
"AAPL","arima",1746,-8.28633113668334e-05
"AAPL","arima",1751,-8.35223405270902e-05
"AAPL","arima",1756,-8.26548923501483e-05
"AAPL","arima",1761,-8.37312130136227e-05
"AAPL","arima",1766,-6.6390097476752e-05
"AAPL","arima",1771,-6.99107624623249e-05
"AAPL","arima",1776,-6.94909176297627e-05
"AAPL","arima",1781,-7.44962266530895e-05
"AAPL","arima",1786,-5.98090913273169e-05
"AAPL","arima",1791,-4.59671927408989e-05
"AAPL","arima",1796,-3.47966971993762e-05
"AAPL","arima",1801,-3.48076333852366e-05
"AAPL","arima",1806,-3.3304282705522e-05
"AAPL","arima",1811,-3.67734466349398e-05
"AAPL","arima",1816,-5.8011374905661e-05
"AAPL","arima",1821,-2.23748029030406e-05
"AAPL","arima",1826,-9.80553271819045e-06
"AAPL","arima",1831,-3.01291522518856e-05
"AAPL","arima",1836,-3.75983417117571e-05
"AAPL","arima",1841,-4.90539968043612e-05
"AAPL","arima",1846,-5.53790903089155e-05
"AAPL","arima",1851,-6.505036812204e-05
"AAPL","arima",1856,-0.000129246068911335
"AAPL","arima",1861,-0.000135659971836449
"AAPL","arima",1866,-0.000131428648234769
"AAPL","arima",1871,-0.000136828955296372
"AAPL","arima",1876,-0.000148261262120005
"AAPL","arima",1881,-0.00015196229147811
"AAPL","arima",1886,-0.000179053244373444
"AAPL","arima",1891,-0.000161935221755728
"AAPL","arima",1896,-0.000147562348971966
"AAPL","arima",1901,-0.000149189135280468
"AAPL","arima",1906,-0.00016259506646957
"AAPL","arima",1911,-0.000154008890477889
"AAPL","arima",1916,-0.000130156428699617
"AAPL","arima",1921,-0.000135026914525186
"AAPL","arima",1926,-0.000129109388440495
"AAPL","arima",1931,-0.000129386514306711
"AAPL","arima",1936,-9.74859767014783e-05
"AAPL","arima",1941,-0.000112187797621052
"AAPL","arima",1946,-0.000129197464755183
"AAPL","arima",1951,-0.000133540420445821
"AAPL","arima",1956,-0.00012818418963732
"AAPL","arima",1961,-9.67067519981991e-05
"AAPL","arima",1966,-9.83942055966214e-05
"AAPL","arima",1971,-5.98125891250065e-05
"AAPL","arima",1976,-4.19008144572963e-05
"AAPL","arima",1981,-5.0235311656375e-05
"AAPL","arima",1986,-5.29594957211495e-05
"AAPL","arima",1991,-6.47553721888522e-05
"AAPL","arima",1996,-6.73743128097481e-05
"AAPL","arima",2001,-7.8595684815304e-05
"AAPL","arima",2006,-9.91730017889223e-05
"AAPL","arima",2011,-9.96967239868135e-05
"AAPL","arima",2016,-9.2011120725287e-05
"AAPL","arima",2021,-8.2428341186772e-05
"AAPL","arima",2026,-9.15901463545658e-05
"AAPL","arima",2031,-8.81183417570138e-05
"AAPL","arima",2036,-0.000171301137421049
"AAPL","arima",2041,-0.000149600836632932
"AAPL","arima",2046,-0.00015647891622516
"AAPL","arima",2051,-0.000121739068892704
"AAPL","arima",2056,-0.000116286338407785
"AAPL","arima",2061,-9.963471483296e-05
"AAPL","arima",2066,-0.000128426937155156
"AAPL","arima",2071,-4.50069989290405e-05
"AAPL","arima",2076,-2.79595439620522e-05
"AAPL","arima",2081,3.8078677316691e-06
"AAPL","arima",2086,2.68987448604032e-05
"AAPL","arima",2091,1.68056062120472e-06
"AAPL","arima",2096,4.09979781871752e-05
"AAPL","arima",2101,4.89135872079189e-05
"AAPL","arima",2106,3.14264604193948e-05
"AAPL","arima",2111,2.60193770886687e-05
"AAPL","arima",2116,2.12997512628477e-05
"AAPL","arima",2121,2.67791652898838e-05
"AAPL","arima",2126,1.07331726430257e-05
"AAPL","arima",2131,1.79018144275605e-05
"AAPL","arima",2136,1.43552620270388e-05
"AAPL","arima",2141,2.82688529340843e-05
"AAPL","arima",2146,5.80457540044459e-05
"AAPL","arima",2151,6.7804060448018e-05
"AAPL","arima",2156,5.55774693622691e-05
"AAPL","arima",2161,0.000214852631485846
"AAPL","arima",2166,0.000211791985018039
"AAPL","arima",2171,0.000180603388160902
"AAPL","arima",2176,0.000183534493577348
"AAPL","arima",2181,0.000206760558156129
"AAPL","arima",2186,0.000199835086235367
"AAPL","arima",2191,0.000158938331898303
"AAPL","arima",2196,0.000132556370450384
"AAPL","arima",2201,0.000138377982835266
"AAPL","arima",2206,0.0001059558162302
"AAPL","arima",2211,0.000172588689209104
"AAPL","arima",2216,0.00020075879417955
"AAPL","arima",2221,0.000168932834217343
"AAPL","arima",2226,3.81597563721411e-05
"AAPL","arima",2231,4.21029877785536e-07
"AAPL","arima",2236,2.03692404686961e-05
"AAPL","arima",2241,4.48937388985013e-05
"AAPL","arima",2246,0.000108993123507769
"AAPL","arima",2251,9.89528320816369e-05
"AAPL","arima",2256,0.000119379882943367
"AAPL","arima",2261,0.00022991819949268
"AAPL","arima",2266,5.77917086078455e-05
"AAPL","arima",2271,6.2338346658164e-05
"AAPL","arima",2276,7.0845124286727e-05
"AAPL","arima",2281,0.00012034869953908
"AAPL","arima",2286,0.000120496417830106
"AAPL","arima",2291,0.000121710881891614
"AAPL","arima",2296,0.000117698034193447
"AAPL","arima",2301,0.000128796741297114
"AAPL","arima",2306,0.000136265190152221
"AAPL","arima",2311,0.000190759676655689
"AAPL","arima",2316,0.000206552269901745
"AAPL","arima",2321,0.000186197172626825
"AAPL","arima",2326,0.000196878163025401
"AAPL","arima",2331,0.000222441518857058
"AAPL","arima",2336,0.000224776719817278
"AAPL","arima",2341,0.000248163670492505
"AAPL","arima",2346,0.000214739768451891
"AAPL","arima",2351,0.000166323225535187
"AAPL","arima",2356,0.000192953528304843
"AAPL","arima",2361,0.000225309380756966
"AAPL","arima",2366,0.000216211959905701
"AAPL","arima",2371,0.000243379876221534
"AAPL","arima",2376,0.000237352528578125
"AAPL","arima",2381,0.000231761302672501
"AAPL","arima",2386,0.000266833515156214
"AAPL","arima",2391,0.000279930417227772
"AAPL","arima",2396,0.000267013667683118
"AAPL","arima",2401,0.000285389544813813
"AAPL","arima",2406,0.000271258918038913
"AAPL","arima",2411,0.000233573073686198
"AAPL","arima",2416,0.000269728838869159
"AAPL","arima",2421,0.000260574991550798
"AAPL","arima",2426,0.00025839147108892
"AAPL","arima",2431,0.000286412314921386
"AAPL","arima",2436,0.000285518461207354
"AAPL","arima",2441,0.000251140497558775
"AAPL","arima",2446,0.000225188300775092
"AAPL","arima",2451,0.000216044673563215
"AAPL","arima",2456,0.000262922323454544
"AAPL","arima",2461,0.000307396821424247
"AAPL","arima",2466,0.000314908289652014
"AAPL","arima",2471,0.000335251702758051
"AAPL","arima",2476,0.000384945384321729
"AAPL","arima",2481,0.000389063552883914
"AAPL","arima",2486,0.00040956276423361
"AAPL","arima",2491,0.000407162580756107
"AAPL","arima",2496,0.000385358881600531
"AAPL","arima",2501,0.000358317150394369
"AAPL","arima",2506,0.000388971124606366
"AAPL","arima",2511,0.000418163959462803
"AAPL","arima",2516,0.000430819264287941
"AAPL","arima",2521,0.000459588906689192
"AAPL","arima",2526,0.000450250177561818
"AAPL","arima",2531,0.000458677445292161
"AAPL","arima",2536,0.00045489311870576
"AAPL","arima",2541,0.000476647418972799
"AAPL","arima",2546,0.000461739891254249
"AAPL","arima",2551,0.000416043496895787
"AAPL","arima",2556,0.000413944855651627
"AAPL","arima",2561,0.000386864457052342
"AAPL","arima",2566,0.00060704492652195
"AAPL","arima",2571,0.000477911761339576
"AAPL","arima",2576,0.000576369860086761
"AAPL","arima",2581,0.000566596580557371
"AAPL","arima",2586,0.000588987425957251
"AAPL","arima",2591,0.000525160241878286
"AAPL","arima",2596,0.000524760096834136
"AAPL","arima",2601,0.000569427373923051
"AAPL","arima",2606,0.000563554630457552
"AAPL","arima",2611,0.000619621262110784
"AAPL","arima",2616,0.000610025079872841
"AAPL","arima",2621,0.000613404136434401
"AAPL","arima",2626,0.000654527682374357
"AAPL","arima",2631,0.000675883467225892
"AAPL","arima",2636,0.000667020207554866
"AAPL","arima",2641,0.00066691730818486
"AAPL","arima",2646,0.000716461758563518
"AAPL","arima",2651,0.000720001948816951
"AAPL","arima",2656,0.000726661712513725
"AAPL","arima",2661,0.000792863991185243
"AAPL","arima",2666,0.000797221351401392
"AAPL","arima",2671,0.000956384092027078
"AAPL","arima",2676,0.000957689656628387
"AAPL","arima",2681,0.000995491461116508
"AAPL","arima",2686,0.00102816000297579
"AAPL","arima",2691,0.00106553661785775
"AAPL","arima",2696,0.000977651026217153
"AAPL","arima",2701,0.00103045701241857
"AAPL","arima",2706,0.00103706993655203
"AAPL","arima",2711,0.00103624789135317
"AAPL","arima",2716,0.00102630838010806
"AAPL","arima",2721,0.000999350636411023
"AAPL","arima",2726,0.0012351199074724
"AAPL","arima",2731,0.0011699319101363
"AAPL","arima",2736,0.00117155476248803
"AAPL","arima",2741,0.00118600830972449
"AAPL","arima",2746,0.00119224936702206
"AAPL","arima",2751,0.00117776949118304
"AAPL","arima",2756,0.00116962541707201
"AAPL","arima",2761,0.00114444114946129
"AAPL","arima",2766,0.00119666102847476
"AAPL","arima",2771,0.00124964237800165
"AAPL","arima",2776,0.00123768237524565
"AAPL","arima",2781,0.00129430837310514
"AAPL","arima",2786,0.00127846980165629
"AAPL","arima",2791,0.0012659930154108
"AAPL","arima",2796,0.00125035886409977
"AAPL","arima",2801,0.00121131214624277
"AAPL","arima",2806,0.00111585180272396
"AAPL","arima",2811,0.00103516023507874
"AAPL","arima",2816,0.00108135253043154
"AAPL","arima",2821,0.000982695837642805
"AAPL","arima",2826,0.000995779960863646
"AAPL","arima",2831,0.000998243767277253
"AAPL","arima",2836,0.00100192411566547
"AAPL","arima",2841,0.00100090250002618
"AAPL","arima",2846,0.00105773001947394
"AAPL","arima",2851,0.0010207660060114
"AAPL","arima",2856,0.00102547866919771
"AAPL","arima",2861,0.00103616412300112
"AAPL","arima",2866,0.00103446386553338
"AAPL","arima",2871,0.00101263779052789
"AAPL","arima",2876,0.00101264038330206
"AAPL","arima",2881,0.00104133152653158
"AAPL","arima",2886,0.0010829443063759
"AAPL","arima",2891,0.00111155859694699
"AAPL","arima",2896,0.00111367219939595
"AAPL","arima",2901,0.00113251233929231
"AAPL","arima",2906,0.00125755559429884
"AAPL","arima",2911,0.00122837846615965
"AAPL","arima",2916,0.00125799052569873
"AAPL","arima",2921,0.00124890414995858
"AAPL","arima",2926,0.00124339889040801
"AAPL","arima",2931,0.00124236994835953
"AAPL","arima",2936,0.00124948508731671
"AAPL","arima",2941,0.00124275918425275
"AAPL","arima",2946,0.00125998465169661
"AAPL","arima",2951,0.00129201386037898
"AAPL","arima",2956,0.00131686393828486
"AAPL","arima",2961,0.00132234550358043
"AAPL","arima",2966,0.00130656948091324
"AAPL","arima",2971,0.00130856504714628
"AAPL","arima",2976,0.00130225990738979
"AAPL","arima",2981,0.00131659878988084
"AAPL","arima",2986,0.00127705143312687
"AAPL","arima",2991,0.0013016256315646
"AAPL","arima",2996,0.00130706649035933
"AAPL","arima",3001,0.00129068821937007
"AAPL","arima",3006,0.0012911936543807
"AAPL","arima",3011,0.00131141480738213
"AAPL","arima",3016,0.00131366822960149
"AAPL","arima",3021,0.00130117769356463
"AAPL","arima",3026,0.00130105567014659
"AAPL","arima",3031,0.00131792480299252
"AAPL","arima",3036,0.00129713174114151
"AAPL","arima",3041,0.00117938226336119
"AAPL","arima",3046,0.00116709837276845
"AAPL","arima",3051,0.00116864038703254
"AAPL","arima",3056,0.0011085843473391
"AAPL","arima",3061,0.00108387712726525
"AAPL","arima",3066,0.00102539003215593
"AAPL","arima",3071,0.00116109827823475
"AAPL","arima",3076,0.00118867221391383
"AAPL","arima",3081,0.00122079523348775
"AAPL","arima",3086,0.00121827074120938
"AAPL","arima",3091,0.00126511833953241
"AAPL","arima",3096,0.00126390341151983
"AAPL","arima",3101,0.0012483907997293
"AAPL","arima",3106,0.00130022380125005
"AAPL","arima",3111,0.00125380968597493
"AAPL","arima",3116,0.00125543642950154
"AAPL","arima",3121,0.00125623000839305
"AAPL","arima",3126,0.00129173246873534
"AAPL","arima",3131,0.00119830136586065
"AAPL","arima",3136,0.00119197636504013
"AAPL","arima",3141,0.00119318896504057
"AAPL","arima",3146,0.00125060429504035
"AAPL","arima",3151,0.00122719690238315
"AAPL","arima",3156,0.00120749607549768
"AAPL","arima",3161,0.00118509958086144
"AAPL","arima",3166,0.00119064070538196
"AAPL","arima",3171,0.00118302354075984
"AAPL","arima",3176,0.00118412224579181
"AAPL","arima",3181,0.00109674392699286
"AAPL","arima",3186,0.00100956659435351
"AAPL","arima",3191,0.000978225335079597
"AAPL","arima",3196,0.0010676427503909
"AAPL","arima",3201,0.00106360260406526
"AAPL","arima",3206,0.00107532122961201
"AAPL","arima",3211,0.00105765498494023
"AAPL","arima",3216,0.00103573050370884
"AAPL","arima",3221,0.0010305141973908
"AAPL","arima",3226,0.00104073277224676
"AAPL","arima",3231,0.000981842161007382
"AAPL","arima",3236,0.000988168282890231
"AAPL","arima",3241,0.00101959523865684
"AAPL","arima",3246,0.001074848025784
"AAPL","arima",3251,0.00126713278551935
"AAPL","arima",3256,0.00120015657119703
"AAPL","arima",3261,0.00117981963271511
"AAPL","arima",3266,0.00122844859824848
"AAPL","arima",3271,0.00136217149985111
"AAPL","arima",3276,0.00146355932119105
"AAPL","arima",3281,0.00148139114595855
"AAPL","arima",3286,0.00148362678278563
"AAPL","arima",3291,0.00147246116488199
"AAPL","arima",3296,0.00148224483814696
"AAPL","arima",3301,0.00151505094159163
"AAPL","arima",3306,0.00143875779778728
"AAPL","arima",3311,0.00143380133123578
"AAPL","arima",3316,0.00143188409915136
"AAPL","arima",3321,0.0014433490075968
"AAPL","arima",3326,0.00145039611312978
"AAPL","arima",3331,0.00143549633308726
"AAPL","arima",3336,0.00143112393757672
"AAPL","arima",3341,0.00141701694073331
"AAPL","arima",3346,0.00142571347279424
"AAPL","arima",3351,0.00142344717948102
"AAPL","arima",3356,0.00140492549175701
"AAPL","arima",3361,0.00143324325874688
"AAPL","arima",3366,0.00143952316831
"AAPL","arima",3371,0.0014421724755368
"AAPL","arima",3376,0.00147345224265414
"AAPL","arima",3381,0.00151424955777204
"AAPL","arima",3386,0.00153287849838545
"AAPL","arima",3391,0.00153183222416111
"AAPL","arima",3396,0.0015734305559941
"AAPL","arima",3401,0.0015430500752643
"AAPL","arima",3406,0.00157625120998801
"AAPL","arima",3411,0.00158580696255198
"AAPL","arima",3416,0.00158835429175125
"AAPL","arima",3421,0.00146057222413095
"AAPL","arima",3426,0.00147827957377547
"AAPL","arima",3431,0.0014915615510415
"AAPL","arima",3436,0.00150011055020462
"AAPL","arima",3441,0.00150130844059061
"AAPL","arima",3446,0.00147630849922347
"AAPL","arima",3451,0.00147963949757609
"AAPL","arima",3456,0.00144730338070206
"AAPL","arima",3461,0.00144167361158619
"AAPL","arima",3466,0.00143723164113159
"AAPL","arima",3471,0.001417491462781
"AAPL","arima",3476,0.00142152826429905
"AAPL","arima",3481,0.00142383583379709
"AAPL","arima",3486,0.00143424877410488
"AAPL","arima",3491,0.00146991839249634
"AAPL","arima",3496,0.00146459477400697
"AAPL","arima",3501,0.00145434991000862
"AAPL","arima",3506,0.00145284021760018
"AAPL","arima",3511,0.0014753329951858
"AAPL","arima",3516,0.0014575553530496
"AAPL","arima",3521,0.0014609856540994
"AAPL","arima",3526,0.00144611551547318
"AAPL","arima",3531,0.00144883503734647
"AAPL","arima",3536,0.00145536655125835
"AAPL","arima",3541,0.00144356619321055
"AAPL","arima",3546,0.00146559338971642
"AAPL","arima",3551,0.00144987584597917
"AAPL","arima",3556,0.00143691636118775
"AAPL","arima",3561,0.00145654838249082
"AAPL","arima",3566,0.0013320905797251
"AAPL","arima",3571,0.00133452808757828
"AAPL","arima",3576,0.00135304039478948
"AAPL","arima",3581,0.00133406641001616
"AAPL","arima",3586,0.00134453740542939
"AAPL","arima",3591,0.00132891080524962
"AAPL","arima",3596,0.0012965799215821
"AAPL","arima",3601,0.00131312116417805
"AAPL","arima",3606,0.00129029854872166
"AAPL","arima",3611,0.00129263361611079
"AAPL","arima",3616,0.00130824795311839
"AAPL","arima",3621,0.00129796196253492
"AAPL","arima",3626,0.00130665212078355
"AAPL","arima",3631,0.00129694950476497
"AAPL","arima",3636,0.00129364116017167
"AAPL","arima",3641,0.00125065320419444
"AAPL","arima",3646,0.00122457521174701
"AAPL","arima",3651,0.0012264932246076
"AAPL","arima",3656,0.00124390030854549
"AAPL","arima",3661,0.00123963910337864
"AAPL","arima",3666,0.00124116795520868
"AAPL","arima",3671,0.00116482302642126
"AAPL","arima",3676,0.00117076080177994
"AAPL","arima",3681,0.00116916190974243
"AAPL","arima",3686,0.00117060704468476
"AAPL","arima",3691,0.00110824185448349
"AAPL","arima",3696,0.00110008614491377
"AAPL","arima",3701,0.00110478984554449
"AAPL","arima",3706,0.00111334377307977
"AAPL","arima",3711,0.00110721834919566
"AAPL","arima",3716,0.00117192811660042
"AAPL","arima",3721,0.00117969605349065
"AAPL","arima",3726,0.00117526239367777
"AAPL","arima",3731,0.00117635650874957
"AAPL","arima",3736,0.00119030783291915
"AAPL","arima",3741,0.00118810460522531
"AAPL","arima",3746,0.00118899700386901
"AAPL","arima",3751,0.0011977592849442
"AAPL","arima",3756,0.00119896198609219
"AAPL","arima",3761,0.001189912875201
"AAPL","arima",3766,0.00116356605991135
"AAPL","arima",3771,0.00116672046864996
"AAPL","arima",3776,0.00115441412267942
"AAPL","arima",3781,0.00111043330052042
"AAPL","arima",3786,0.0010597149594296
"AAPL","arima",3791,0.00104578522133711
"AAPL","arima",3796,0.00113734387834033
"AAPL","arima",3801,0.00117814361071616
"AAPL","arima",3806,0.00118038298956928
"AAPL","arima",3811,0.00112591302986437
"AAPL","arima",3816,0.00112195808982665
"AAPL","arima",3821,0.00103991318959962
"AAPL","arima",3826,0.00106637991527704
"AAPL","arima",3831,0.00105739495544273
"AAPL","arima",3836,0.0010615411436669
"AAPL","arima",3841,0.00186746137120964
"AAPL","arima",3846,0.00178813411798115
"AAPL","arima",3851,0.00178770405927283
"AAPL","arima",3856,0.00179259537558435
"AAPL","arima",3861,0.00180793908049719
"AAPL","arima",3866,0.00179840954700943
"AAPL","arima",3871,0.00178192781132719
"AAPL","arima",3876,0.00178990520901562
"AAPL","arima",3881,0.00183056535634147
"AAPL","arima",3886,0.00180565081319603
"AAPL","arima",3891,0.00180630427484897
"AAPL","arima",3896,0.00184206844007812
"AAPL","arima",3901,0.00184063336150015
"AAPL","arima",3906,0.0018451642902826
"AAPL","arima",3911,0.00185733166225104
"AAPL","arima",3916,0.00183304612302186
"AAPL","arima",3921,0.00182907709492207
"AAPL","arima",3926,0.00185298096757687
"AAPL","arima",3931,0.00184890256177773
"AAPL","arima",3936,0.00186695541330236
"AAPL","arima",3941,0.00196137250998542
"AAPL","arima",3946,0.00186498463527761
"AAPL","arima",3951,0.00186962686016008
"AAPL","arima",3956,0.00184984114873856
"AAPL","arima",3961,0.00185493050060171
"AAPL","arima",3966,0.00186597589722669
"AAPL","arima",3971,0.00187677489823824
"AAPL","arima",3976,0.00184741544013969
"AAPL","arima",3981,0.00185135008037961
"AAPL","arima",3986,0.0018512529289136
"AAPL","arima",3991,0.00184733523058044
"AAPL","arima",3996,0.00185459134255398
"AAPL","arima",4001,0.00185739590787244
"AAPL","arima",4006,0.00182714657856384
"AAPL","arima",4011,0.00182222069716128
"AAPL","arima",4016,0.00182387606808591
"AAPL","arima",4021,0.00182082398782927
"AAPL","arima",4026,0.00179017668300507
"AAPL","arima",4031,0.00179558933576092
"AAPL","arima",4036,0.00170356960963597
"AAPL","arima",4041,0.00170502470653696
"AAPL","arima",4046,0.00170598232401517
"AAPL","arima",4051,0.00169540301113322
"AAPL","arima",4056,0.00169558875044053
"AAPL","arima",4061,0.00169999607904132
"AAPL","arima",4066,0.0016889135606674
"AAPL","arima",4071,0.0016880787720381
"AAPL","arima",4076,0.00166159543635023
"AAPL","arima",4081,0.00166778981982312
"AAPL","arima",4086,0.00166938125113241
"AAPL","arima",4091,0.00167340977977001
"AAPL","arima",4096,0.00167122074796527
"AAPL","arima",4101,0.00167153260679153
"AAPL","arima",4106,0.00167920938252329
"AAPL","arima",4111,0.00167861085340193
"AAPL","arima",4116,0.00167602903556752
"AAPL","arima",4121,0.00168667246614281
"AAPL","arima",4126,0.00168371477220395
"AAPL","arima",4131,0.00166050602009156
"AAPL","arima",4136,0.00164331741552386
"AAPL","arima",4141,0.00163753880099619
"AAPL","arima",4146,0.00163621120266797
"AAPL","arima",4151,0.00162919911170427
"AAPL","arima",4156,0.00161655842167866
"AAPL","arima",4161,0.00162535083116943
"AAPL","arima",4166,0.00163586279965624
"AAPL","arima",4171,0.0016950937543634
"AAPL","arima",4176,0.0016626876497898
"AAPL","arima",4181,0.00169014075000502
"AAPL","arima",4186,0.00168691576487273
"AAPL","arima",4191,0.0017472802014363
"AAPL","arima",4196,0.00173824299635377
"AAPL","arima",4201,0.00174417778047659
"AAPL","arima",4206,0.00172890594533202
"AAPL","ets",1001,-4.48093202100449e-07
"AAPL","ets",1006,-5.16170574552794e-07
"AAPL","ets",1011,-1.00397332514915e-06
"AAPL","ets",1016,-1.04775542291723e-06
"AAPL","ets",1021,-8.52696198343941e-07
"AAPL","ets",1026,-6.16537844002968e-07
"AAPL","ets",1031,-8.6405453084965e-07
"AAPL","ets",1036,-2.92263183844156e-07
"AAPL","ets",1041,-3.31796030469477e-07
"AAPL","ets",1046,-3.19025888473784e-07
"AAPL","ets",1051,-3.1982368336393e-07
"AAPL","ets",1056,-3.44813227493942e-07
"AAPL","ets",1061,-3.40645873428689e-07
"AAPL","ets",1066,-3.43040825903775e-07
"AAPL","ets",1071,-3.72091036756987e-07
"AAPL","ets",1076,-3.67884952848576e-07
"AAPL","ets",1081,-4.02981661630437e-07
"AAPL","ets",1086,2.9660803886411e-08
"AAPL","ets",1091,1.77819074988743e-07
"AAPL","ets",1096,2.45194234308312e-07
"AAPL","ets",1101,3.64153081602073e-07
"AAPL","ets",1106,6.31254637796275e-07
"AAPL","ets",1111,8.59953425724796e-07
"AAPL","ets",1116,9.7238357973475e-07
"AAPL","ets",1121,9.6601876569784e-07
"AAPL","ets",1126,1.3048936475394e-06
"AAPL","ets",1131,1.8865735149252e-06
"AAPL","ets",1136,1.93466995712256e-06
"AAPL","ets",1141,1.72381186203266e-06
"AAPL","ets",1146,2.17223083800236e-06
"AAPL","ets",1151,1.90128381987251e-06
"AAPL","ets",1156,1.9617660247683e-06
"AAPL","ets",1161,2.3350381177167e-06
"AAPL","ets",1166,2.39234004618141e-06
"AAPL","ets",1171,3.54649426338133e-06
"AAPL","ets",1176,3.82412385956485e-06
"AAPL","ets",1181,4.01378727313758e-06
"AAPL","ets",1186,4.09539286510975e-06
"AAPL","ets",1191,2.99530622298683e-06
"AAPL","ets",1196,2.68781146202337e-06
"AAPL","ets",1201,2.68338766149039e-06
"AAPL","ets",1206,2.74206842570711e-06
"AAPL","ets",1211,2.88573320109276e-06
"AAPL","ets",1216,2.84449923804277e-06
"AAPL","ets",1221,2.87136555267248e-06
"AAPL","ets",1226,5.20910242724444e-06
"AAPL","ets",1231,7.62675304038896e-06
"AAPL","ets",1236,7.50013991539393e-06
"AAPL","ets",1241,7.37017525472576e-06
"AAPL","ets",1246,8.85265426310746e-06
"AAPL","ets",1251,8.1056271461556e-06
"AAPL","ets",1256,8.0162079960249e-06
"AAPL","ets",1261,7.96173904569853e-06
"AAPL","ets",1266,7.4699437049769e-06
"AAPL","ets",1271,7.375198596131e-06
"AAPL","ets",1276,6.63420373188321e-06
"AAPL","ets",1281,7.28868140232972e-06
"AAPL","ets",1286,9.4868866344051e-06
"AAPL","ets",1291,9.21891702105933e-06
"AAPL","ets",1296,1.01127100614636e-05
"AAPL","ets",1301,1.01895684954976e-05
"AAPL","ets",1306,4.89439553204509e-06
"AAPL","ets",1311,3.67979708171095e-06
"AAPL","ets",1316,2.39785769304263e-06
"AAPL","ets",1321,1.88479817194101e-06
"AAPL","ets",1326,2.04419177445706e-06
"AAPL","ets",1331,2.09263325401036e-06
"AAPL","ets",1336,2.61989067912298e-06
"AAPL","ets",1341,-1.84278243890025e-06
"AAPL","ets",1346,-3.10274148678187e-06
"AAPL","ets",1351,-3.14997275232025e-06
"AAPL","ets",1356,-2.79285842729575e-06
"AAPL","ets",1361,-2.79166359195225e-06
"AAPL","ets",1366,-2.65242318833001e-06
"AAPL","ets",1371,-2.60288205999137e-06
"AAPL","ets",1376,-2.71707596224696e-06
"AAPL","ets",1381,-2.55123206725732e-06
"AAPL","ets",1386,-2.53516136164098e-06
"AAPL","ets",1391,-2.53980255403288e-06
"AAPL","ets",1396,-3.15254673773911e-06
"AAPL","ets",1401,-3.16390825884983e-06
"AAPL","ets",1406,-3.07532021493475e-06
"AAPL","ets",1411,-2.79886639337151e-06
"AAPL","ets",1416,-2.79115508530321e-06
"AAPL","ets",1421,-2.85879453587284e-06
"AAPL","ets",1426,-2.92664459762113e-06
"AAPL","ets",1431,-2.84672818128839e-06
"AAPL","ets",1436,-2.84166733778431e-06
"AAPL","ets",1441,-2.81749696799009e-06
"AAPL","ets",1446,-2.83152434317001e-06
"AAPL","ets",1451,-2.82549609840595e-06
"AAPL","ets",1456,-2.83134545319514e-06
"AAPL","ets",1461,-2.83134249382295e-06
"AAPL","ets",1466,-2.7545200327891e-06
"AAPL","ets",1471,-2.77659908848603e-06
"AAPL","ets",1476,-2.79094174392371e-06
"AAPL","ets",1481,-2.88614125787852e-06
"AAPL","ets",1486,-2.8887472546398e-06
"AAPL","ets",1491,-2.88719462449662e-06
"AAPL","ets",1496,-2.87968071887316e-06
"AAPL","ets",1501,-2.74248623930379e-06
"AAPL","ets",1506,-2.71528076680224e-06
"AAPL","ets",1511,-2.71650901601972e-06
"AAPL","ets",1516,-2.91426781684291e-06
"AAPL","ets",1521,-2.91069454728475e-06
"AAPL","ets",1526,-2.88441829132271e-06
"AAPL","ets",1531,-2.88946668547351e-06
"AAPL","ets",1536,-2.888734850029e-06
"AAPL","ets",1541,-2.9263839392279e-06
"AAPL","ets",1546,-2.89262608115161e-06
"AAPL","ets",1551,-2.90458971638088e-06
"AAPL","ets",1556,-2.90010375200675e-06
"AAPL","ets",1561,-2.9083035430141e-06
"AAPL","ets",1566,-2.91925467917018e-06
"AAPL","ets",1571,-2.92329395446758e-06
"AAPL","ets",1576,-2.97848538292237e-06
"AAPL","ets",1581,-2.97736275068151e-06
"AAPL","ets",1586,-2.93726064646408e-06
"AAPL","ets",1591,-2.84407956840652e-06
"AAPL","ets",1596,-2.81388034015414e-06
"AAPL","ets",1601,-2.75590272385662e-06
"AAPL","ets",1606,-2.75533605773645e-06
"AAPL","ets",1611,-2.72184511310429e-06
"AAPL","ets",1616,-2.7193970726803e-06
"AAPL","ets",1621,-2.72555129040996e-06
"AAPL","ets",1626,-2.68857131411093e-06
"AAPL","ets",1631,-2.63713000126698e-06
"AAPL","ets",1636,-2.64009923296739e-06
"AAPL","ets",1641,-2.63774894744204e-06
"AAPL","ets",1646,-2.60315639315261e-06
"AAPL","ets",1651,-2.62352127608168e-06
"AAPL","ets",1656,-2.50533945169121e-06
"AAPL","ets",1661,-2.47631850442448e-06
"AAPL","ets",1666,-2.45152716622083e-06
"AAPL","ets",1671,-2.46029779646879e-06
"AAPL","ets",1676,-2.46149493301506e-06
"AAPL","ets",1681,-2.46141360147551e-06
"AAPL","ets",1686,-2.61006285851183e-06
"AAPL","ets",1691,-2.61100205239657e-06
"AAPL","ets",1696,-2.60496353556196e-06
"AAPL","ets",1701,-2.60709662284343e-06
"AAPL","ets",1706,-2.58641346386825e-06
"AAPL","ets",1711,-2.59208627937603e-06
"AAPL","ets",1716,-2.57753798006289e-06
"AAPL","ets",1721,-2.38909999595343e-06
"AAPL","ets",1726,-2.41847155636678e-06
"AAPL","ets",1731,-2.43939205812833e-06
"AAPL","ets",1736,-2.43916748556478e-06
"AAPL","ets",1741,-2.44786720844507e-06
"AAPL","ets",1746,-2.46644178369118e-06
"AAPL","ets",1751,-2.46644241791356e-06
"AAPL","ets",1756,-2.46379050773892e-06
"AAPL","ets",1761,-2.46425537493098e-06
"AAPL","ets",1766,-2.46870397474702e-06
"AAPL","ets",1771,-2.47335137562137e-06
"AAPL","ets",1776,-2.47280391502113e-06
"AAPL","ets",1781,-2.47816353482954e-06
"AAPL","ets",1786,-2.4223275422604e-06
"AAPL","ets",1791,-2.37781697731249e-06
"AAPL","ets",1796,-2.35446836126313e-06
"AAPL","ets",1801,-2.34405143662094e-06
"AAPL","ets",1806,-2.31245693477511e-06
"AAPL","ets",1811,-2.32593027127726e-06
"AAPL","ets",1816,-2.58184201080771e-06
"AAPL","ets",1821,-2.45093898312839e-06
"AAPL","ets",1826,-2.26585401328021e-06
"AAPL","ets",1831,-2.24843255657555e-06
"AAPL","ets",1836,-2.17610708325726e-06
"AAPL","ets",1841,-2.40631913722266e-06
"AAPL","ets",1846,-2.60653105474812e-06
"AAPL","ets",1851,-3.60362321120321e-06
"AAPL","ets",1856,-7.21802886987944e-06
"AAPL","ets",1861,-7.31569503659088e-06
"AAPL","ets",1866,-7.36533759369567e-06
"AAPL","ets",1871,-7.47724634973578e-06
"AAPL","ets",1876,-6.44080947037768e-06
"AAPL","ets",1881,-6.38486301144076e-06
"AAPL","ets",1886,-6.13141661912529e-06
"AAPL","ets",1891,-6.6602167126659e-06
"AAPL","ets",1896,-5.96366370001416e-06
"AAPL","ets",1901,-5.98756704606206e-06
"AAPL","ets",1906,-6.0123626391298e-06
"AAPL","ets",1911,-5.55731656817778e-06
"AAPL","ets",1916,-5.5144155920246e-06
"AAPL","ets",1921,-5.51346336803781e-06
"AAPL","ets",1926,-5.48525052633051e-06
"AAPL","ets",1931,-5.47688829372678e-06
"AAPL","ets",1936,-5.88748518581153e-06
"AAPL","ets",1941,-5.83850595893681e-06
"AAPL","ets",1946,-5.37479920317573e-06
"AAPL","ets",1951,-5.35483882579964e-06
"AAPL","ets",1956,-5.31484812585305e-06
"AAPL","ets",1961,-4.94133154779926e-06
"AAPL","ets",1966,-4.93333199337856e-06
"AAPL","ets",1971,-3.23782639430074e-06
"AAPL","ets",1976,-5.99741716003589e-07
"AAPL","ets",1981,-1.08030575283285e-06
"AAPL","ets",1986,-1.0478624651382e-06
"AAPL","ets",1991,-1.31377524092849e-06
"AAPL","ets",1996,-1.25511923930296e-06
"AAPL","ets",2001,-4.66361540040877e-06
"AAPL","ets",2006,-1.57547297804477e-05
"AAPL","ets",2011,-1.60616772483885e-05
"AAPL","ets",2016,-1.55989409235957e-05
"AAPL","ets",2021,-1.44290996696409e-05
"AAPL","ets",2026,-1.49644738333737e-05
"AAPL","ets",2031,-1.53766185678048e-05
"AAPL","ets",2036,-1.03400729397443e-05
"AAPL","ets",2041,-1.43449713396387e-05
"AAPL","ets",2046,-1.55103214376402e-05
"AAPL","ets",2051,-1.22571348084172e-05
"AAPL","ets",2056,-1.20159298939122e-05
"AAPL","ets",2061,-1.09473188919432e-05
"AAPL","ets",2066,-1.11520901467127e-05
"AAPL","ets",2071,-2.18584865985424e-05
"AAPL","ets",2076,-2.27718371721821e-05
"AAPL","ets",2081,-2.29389857766911e-05
"AAPL","ets",2086,-2.19108108506455e-05
"AAPL","ets",2091,-1.98357273638132e-05
"AAPL","ets",2096,-2.1029248961736e-05
"AAPL","ets",2101,-1.92676248283302e-05
"AAPL","ets",2106,-2.13362349750608e-05
"AAPL","ets",2111,-2.1588442862623e-05
"AAPL","ets",2116,-2.16870789678539e-05
"AAPL","ets",2121,-2.11963834590784e-05
"AAPL","ets",2126,-2.16529961998018e-05
"AAPL","ets",2131,-2.22545623358395e-05
"AAPL","ets",2136,-2.21297896404619e-05
"AAPL","ets",2141,-2.26811342357551e-05
"AAPL","ets",2146,-2.23386453415272e-05
"AAPL","ets",2151,-2.20490989438655e-05
"AAPL","ets",2156,-2.24411008736144e-05
"AAPL","ets",2161,-1.39567536228541e-05
"AAPL","ets",2166,-1.23132622901414e-05
"AAPL","ets",2171,-9.89101118806572e-06
"AAPL","ets",2176,-9.51459336741227e-06
"AAPL","ets",2181,-6.59742067789736e-06
"AAPL","ets",2186,-7.26962755171291e-06
"AAPL","ets",2191,-9.31389623163316e-06
"AAPL","ets",2196,-9.04518003514559e-06
"AAPL","ets",2201,-8.53801591731857e-06
"AAPL","ets",2206,-1.02767071032498e-05
"AAPL","ets",2211,-2.16748440229642e-05
"AAPL","ets",2216,-2.45366625825719e-05
"AAPL","ets",2221,-2.43555475698909e-05
"AAPL","ets",2226,-2.94589789712146e-05
"AAPL","ets",2231,-2.83967552126591e-05
"AAPL","ets",2236,-3.07691978377576e-05
"AAPL","ets",2241,-3.60993102138936e-05
"AAPL","ets",2246,-3.93669866031322e-05
"AAPL","ets",2251,-3.72011509317733e-05
"AAPL","ets",2256,-4.22037702444058e-05
"AAPL","ets",2261,-9.74878631957756e-05
"AAPL","ets",2266,-8.93927212234844e-05
"AAPL","ets",2271,-8.9478026221711e-05
"AAPL","ets",2276,-8.90759091061818e-05
"AAPL","ets",2281,-9.06482304158347e-05
"AAPL","ets",2286,-9.05047452408323e-05
"AAPL","ets",2291,-9.02372724080861e-05
"AAPL","ets",2296,-9.05240917435854e-05
"AAPL","ets",2301,-8.82781304091572e-05
"AAPL","ets",2306,-8.68949718238153e-05
"AAPL","ets",2311,-8.39996440670603e-05
"AAPL","ets",2316,-7.8387384315499e-05
"AAPL","ets",2321,-8.51880119658068e-05
"AAPL","ets",2326,-8.04931366472266e-05
"AAPL","ets",2331,-6.61133064911835e-05
"AAPL","ets",2336,-6.48798721769076e-05
"AAPL","ets",2341,-5.23864048704293e-05
"AAPL","ets",2346,-6.46676851696073e-05
"AAPL","ets",2351,-9.4795254240392e-05
"AAPL","ets",2356,-9.75235253633815e-05
"AAPL","ets",2361,-0.000103803503445451
"AAPL","ets",2366,-0.000101148800192905
"AAPL","ets",2371,-0.000107849556942877
"AAPL","ets",2376,-0.000110778184333438
"AAPL","ets",2381,-0.000113095652146959
"AAPL","ets",2386,-0.000110226011203263
"AAPL","ets",2391,-0.000106312960503827
"AAPL","ets",2396,-0.000108433904118058
"AAPL","ets",2401,-0.000103723331216578
"AAPL","ets",2406,-0.000108250119117285
"AAPL","ets",2411,-0.000122623087111076
"AAPL","ets",2416,-0.000120389622499541
"AAPL","ets",2421,-0.000121661205440281
"AAPL","ets",2426,-0.000122324012734703
"AAPL","ets",2431,-0.000117335883489622
"AAPL","ets",2436,-0.000117475961614827
"AAPL","ets",2441,-0.000135588007083167
"AAPL","ets",2446,-0.000146462280150006
"AAPL","ets",2451,-0.000146583779055013
"AAPL","ets",2456,-0.000146461791009581
"AAPL","ets",2461,-0.000141624672835815
"AAPL","ets",2466,-0.00014104179933053
"AAPL","ets",2471,-0.00013873238622938
"AAPL","ets",2476,-0.000117424491910861
"AAPL","ets",2481,-0.000115013459167939
"AAPL","ets",2486,-0.000105446992103488
"AAPL","ets",2491,-0.000106018713307057
"AAPL","ets",2496,-0.000113038253097121
"AAPL","ets",2501,-0.000121748638810825
"AAPL","ets",2506,-0.000111043738125683
"AAPL","ets",2511,-0.00010150423220313
"AAPL","ets",2516,-9.56114746786222e-05
"AAPL","ets",2521,-8.27917465587528e-05
"AAPL","ets",2526,-8.99820499068848e-05
"AAPL","ets",2531,-8.37240783539026e-05
"AAPL","ets",2536,-8.62363151446752e-05
"AAPL","ets",2541,-7.42398246157764e-05
"AAPL","ets",2546,-8.23615666646622e-05
"AAPL","ets",2551,-0.000112645126178983
"AAPL","ets",2556,-0.000112724248308689
"AAPL","ets",2561,-0.00011959989767239
"AAPL","ets",2566,-0.000176372413642412
"AAPL","ets",2571,-7.83139125767802e-05
"AAPL","ets",2576,9.22124252045586e-05
"AAPL","ets",2581,0.000112744148994102
"AAPL","ets",2586,0.000109557580520518
"AAPL","ets",2591,7.40821528047077e-05
"AAPL","ets",2596,7.14329252617112e-05
"AAPL","ets",2601,0.000104579977438874
"AAPL","ets",2606,8.98181305397027e-05
"AAPL","ets",2611,0.000127540773682006
"AAPL","ets",2616,0.000123635412528926
"AAPL","ets",2621,0.000122338860811265
"AAPL","ets",2626,0.000143987789457517
"AAPL","ets",2631,0.000147152930878888
"AAPL","ets",2636,0.000126524872583409
"AAPL","ets",2641,0.000119146751778081
"AAPL","ets",2646,0.000158221070981413
"AAPL","ets",2651,0.000160853030091716
"AAPL","ets",2656,0.000167213369004247
"AAPL","ets",2661,0.000210422353167759
"AAPL","ets",2666,0.000217807890045703
"AAPL","ets",2671,0.000401628065688889
"AAPL","ets",2676,0.000403170512943447
"AAPL","ets",2681,0.000466941430122182
"AAPL","ets",2686,0.000452442108512507
"AAPL","ets",2691,0.000500221593115006
"AAPL","ets",2696,0.00042320199895314
"AAPL","ets",2701,0.000455814263193821
"AAPL","ets",2706,0.000447434824845481
"AAPL","ets",2711,0.000448254644578068
"AAPL","ets",2716,0.000442702033866144
"AAPL","ets",2721,0.000434949152689305
"AAPL","ets",2726,0.000620498072018172
"AAPL","ets",2731,0.000483485456631954
"AAPL","ets",2736,0.000487361158736853
"AAPL","ets",2741,0.000497018257899084
"AAPL","ets",2746,0.000495031908561388
"AAPL","ets",2751,0.000490834844671052
"AAPL","ets",2756,0.000496815443204804
"AAPL","ets",2761,0.000497459855610924
"AAPL","ets",2766,0.000492101123175638
"AAPL","ets",2771,0.000521481327118467
"AAPL","ets",2776,0.000513764336483881
"AAPL","ets",2781,0.000520217193517288
"AAPL","ets",2786,0.000506083986487473
"AAPL","ets",2791,0.00050366322371514
"AAPL","ets",2796,0.000494873055199212
"AAPL","ets",2801,0.000481723008442356
"AAPL","ets",2806,0.00048688873255449
"AAPL","ets",2811,0.000451457520242292
"AAPL","ets",2816,0.000459289344715856
"AAPL","ets",2821,0.000430220803572539
"AAPL","ets",2826,0.000437360151723169
"AAPL","ets",2831,0.000423762543507567
"AAPL","ets",2836,0.000394663712696497
"AAPL","ets",2841,0.000397625211279659
"AAPL","ets",2846,0.000419134763973502
"AAPL","ets",2851,0.000416989377107599
"AAPL","ets",2856,0.000407748796912766
"AAPL","ets",2861,0.000362833940688657
"AAPL","ets",2866,0.000394206022980267
"AAPL","ets",2871,0.000387275059769228
"AAPL","ets",2876,0.000386090953103435
"AAPL","ets",2881,0.000369159779594829
"AAPL","ets",2886,0.00039312965243432
"AAPL","ets",2891,0.000402462131662505
"AAPL","ets",2896,0.000391384858724592
"AAPL","ets",2901,0.000398852267907358
"AAPL","ets",2906,0.00047219744889411
"AAPL","ets",2911,0.000472105396624677
"AAPL","ets",2916,0.00047447559777509
"AAPL","ets",2921,0.000474304921303349
"AAPL","ets",2926,0.00048052847752376
"AAPL","ets",2931,0.000480878811019701
"AAPL","ets",2936,0.000503221729757355
"AAPL","ets",2941,0.000514727876337386
"AAPL","ets",2946,0.000518471440331235
"AAPL","ets",2951,0.000504498992428175
"AAPL","ets",2956,0.000517431745438989
"AAPL","ets",2961,0.000506162938392787
"AAPL","ets",2966,0.000502266617744063
"AAPL","ets",2971,0.000498123899697974
"AAPL","ets",2976,0.000498878957740335
"AAPL","ets",2981,0.000492760275815696
"AAPL","ets",2986,0.000495661253242223
"AAPL","ets",2991,0.000486029346892172
"AAPL","ets",2996,0.000487306678560056
"AAPL","ets",3001,0.000482514894911124
"AAPL","ets",3006,0.00048648551426638
"AAPL","ets",3011,0.000576081619855749
"AAPL","ets",3016,0.000570331597340007
"AAPL","ets",3021,0.000566912035085927
"AAPL","ets",3026,0.000567820233283318
"AAPL","ets",3031,0.000576087791007286
"AAPL","ets",3036,0.000572828304103805
"AAPL","ets",3041,0.000391362545920407
"AAPL","ets",3046,0.000389178248704094
"AAPL","ets",3051,0.000390895129962264
"AAPL","ets",3056,0.000382361739242838
"AAPL","ets",3061,0.000387293464049402
"AAPL","ets",3066,0.000366518181286851
"AAPL","ets",3071,0.000401765637558016
"AAPL","ets",3076,0.000402604979964013
"AAPL","ets",3081,0.000415288377179631
"AAPL","ets",3086,0.000442122977906354
"AAPL","ets",3091,0.000457298189465753
"AAPL","ets",3096,0.000458249521635992
"AAPL","ets",3101,0.000452481813910841
"AAPL","ets",3106,0.000402532575020254
"AAPL","ets",3111,0.000504169658576076
"AAPL","ets",3116,0.000678822750748344
"AAPL","ets",3121,0.000679044279318533
"AAPL","ets",3126,0.00066977018933064
"AAPL","ets",3131,0.000677549566669128
"AAPL","ets",3136,0.000812940310399426
"AAPL","ets",3141,0.000735334775856949
"AAPL","ets",3146,0.000746349633709846
"AAPL","ets",3151,0.000757064089177743
"AAPL","ets",3156,0.000780388256032408
"AAPL","ets",3161,0.000772183534426274
"AAPL","ets",3166,0.000785489713843499
"AAPL","ets",3171,0.000782119234775691
"AAPL","ets",3176,0.000779188558919381
"AAPL","ets",3181,0.00071005203812645
"AAPL","ets",3186,0.000647256034938581
"AAPL","ets",3191,0.000639448711023481
"AAPL","ets",3196,0.000858793043435041
"AAPL","ets",3201,0.000814775220084901
"AAPL","ets",3206,0.000809894780628164
"AAPL","ets",3211,0.000701242915754652
"AAPL","ets",3216,0.000711070058779776
"AAPL","ets",3221,0.000684153089818801
"AAPL","ets",3226,0.000656257018220603
"AAPL","ets",3231,0.000623523483004951
"AAPL","ets",3236,0.000617945387472211
"AAPL","ets",3241,0.000631346501014145
"AAPL","ets",3246,0.000665017222103505
"AAPL","ets",3251,0.000749942334828734
"AAPL","ets",3256,0.000716266552441626
"AAPL","ets",3261,0.000728910711399501
"AAPL","ets",3266,0.000706225238508382
"AAPL","ets",3271,0.000756851236852702
"AAPL","ets",3276,0.000780443185084752
"AAPL","ets",3281,0.000782967333724369
"AAPL","ets",3286,0.000744904110086224
"AAPL","ets",3291,0.000763594911826365
"AAPL","ets",3296,0.000796823145670187
"AAPL","ets",3301,0.000795908341501422
"AAPL","ets",3306,0.000772896279693019
"AAPL","ets",3311,0.000775629701286446
"AAPL","ets",3316,0.000798857862424975
"AAPL","ets",3321,0.000781798144917171
"AAPL","ets",3326,0.000768515225400913
"AAPL","ets",3331,0.000761960269856838
"AAPL","ets",3336,0.00076266544423936
"AAPL","ets",3341,0.00075946627202057
"AAPL","ets",3346,0.000755984550761587
"AAPL","ets",3351,0.000755766128363229
"AAPL","ets",3356,0.000751591180545403
"AAPL","ets",3361,0.000761699776831054
"AAPL","ets",3366,0.000761821920714803
"AAPL","ets",3371,0.000763594646309045
"AAPL","ets",3376,0.00076496050395157
"AAPL","ets",3381,0.000776060100916814
"AAPL","ets",3386,0.000773849257892835
"AAPL","ets",3391,0.000775716525475979
"AAPL","ets",3396,0.000773808206780125
"AAPL","ets",3401,0.000760174154865025
"AAPL","ets",3406,0.000766864018129822
"AAPL","ets",3411,0.000771177515258577
"AAPL","ets",3416,0.000768613334541217
"AAPL","ets",3421,0.000685098276093033
"AAPL","ets",3426,0.000677810428986266
"AAPL","ets",3431,0.000671617883787228
"AAPL","ets",3436,0.000662452943231705
"AAPL","ets",3441,0.000662542078624626
"AAPL","ets",3446,0.000680612129792302
"AAPL","ets",3451,0.00067110580063974
"AAPL","ets",3456,0.00068705946121441
"AAPL","ets",3461,0.000696705964331265
"AAPL","ets",3466,0.00069874095102611
"AAPL","ets",3471,0.00069749300923765
"AAPL","ets",3476,0.000696885550103025
"AAPL","ets",3481,0.00069270965055559
"AAPL","ets",3486,0.00067763037402256
"AAPL","ets",3491,0.000691277026967613
"AAPL","ets",3496,0.000691918296165525
"AAPL","ets",3501,0.000690492176370385
"AAPL","ets",3506,0.00069744904532867
"AAPL","ets",3511,0.000694978303019276
"AAPL","ets",3516,0.00069453953705739
"AAPL","ets",3521,0.000694809641203892
"AAPL","ets",3526,0.000692237291910355
"AAPL","ets",3531,0.000692324885648446
"AAPL","ets",3536,0.000675943715630195
"AAPL","ets",3541,0.00067187736813611
"AAPL","ets",3546,0.000673988859021729
"AAPL","ets",3551,0.000676747157472596
"AAPL","ets",3556,0.000674228328163496
"AAPL","ets",3561,0.000678764814251833
"AAPL","ets",3566,0.000621363173410377
"AAPL","ets",3571,0.000618082972900431
"AAPL","ets",3576,0.000611405540932709
"AAPL","ets",3581,0.000607496556655424
"AAPL","ets",3586,0.000609815638215327
"AAPL","ets",3591,0.00061615854971039
"AAPL","ets",3596,0.000602833123395125
"AAPL","ets",3601,0.000595468197001842
"AAPL","ets",3606,0.000586234354486827
"AAPL","ets",3611,0.000586091153939129
"AAPL","ets",3616,0.000581436716289672
"AAPL","ets",3621,0.00058465268485379
"AAPL","ets",3626,0.000584212689008722
"AAPL","ets",3631,0.000587828449118611
"AAPL","ets",3636,0.000575373868657261
"AAPL","ets",3641,0.000554966719166219
"AAPL","ets",3646,0.000559271998514092
"AAPL","ets",3651,0.000556970163067472
"AAPL","ets",3656,0.00056418588041863
"AAPL","ets",3661,0.000562247575241789
"AAPL","ets",3666,0.000562842902965823
"AAPL","ets",3671,0.000555270874728827
"AAPL","ets",3676,0.000547387017448718
"AAPL","ets",3681,0.000547595636260321
"AAPL","ets",3686,0.000546437812041151
"AAPL","ets",3691,0.000538611411994392
"AAPL","ets",3696,0.000538888885681416
"AAPL","ets",3701,0.000542262074371901
"AAPL","ets",3706,0.000544761033762469
"AAPL","ets",3711,0.000591195345617586
"AAPL","ets",3716,0.000620186591991792
"AAPL","ets",3721,0.000607276383908408
"AAPL","ets",3726,0.000608353803174781
"AAPL","ets",3731,0.000607511978968418
"AAPL","ets",3736,0.000608984919703169
"AAPL","ets",3741,0.000608787070961539
"AAPL","ets",3746,0.000607495211437872
"AAPL","ets",3751,0.000598676605160951
"AAPL","ets",3756,0.000597212427291041
"AAPL","ets",3761,0.000598560547039816
"AAPL","ets",3766,0.000612836071656052
"AAPL","ets",3771,0.000610242110382778
"AAPL","ets",3776,0.00060565451559258
"AAPL","ets",3781,0.000587754535814608
"AAPL","ets",3786,0.00060595836420475
"AAPL","ets",3791,0.000522859538043897
"AAPL","ets",3796,0.000572738258487047
"AAPL","ets",3801,0.000564206181911507
"AAPL","ets",3806,0.000564894251980524
"AAPL","ets",3811,0.000552682960331414
"AAPL","ets",3816,0.000552050775225771
"AAPL","ets",3821,0.000519907379593917
"AAPL","ets",3826,0.000522079171089085
"AAPL","ets",3831,0.000530706193052797
"AAPL","ets",3836,0.000529666168952079
"AAPL","ets",3841,0.00092094437702081
"AAPL","ets",3846,0.000913401245693158
"AAPL","ets",3851,0.00088011927165485
"AAPL","ets",3856,0.000879086041220469
"AAPL","ets",3861,0.000883068781935212
"AAPL","ets",3866,0.000881441579073678
"AAPL","ets",3871,0.00087478447045404
"AAPL","ets",3876,0.000875443605433084
"AAPL","ets",3881,0.000886957299947725
"AAPL","ets",3886,0.000888335393350628
"AAPL","ets",3891,0.000884151587920415
"AAPL","ets",3896,0.000883752904611493
"AAPL","ets",3901,0.000868668654226354
"AAPL","ets",3906,0.000872092650009876
"AAPL","ets",3911,0.000875505129739812
"AAPL","ets",3916,0.000865674058312962
"AAPL","ets",3921,0.000867799008701939
"AAPL","ets",3926,0.000979682461959368
"AAPL","ets",3931,0.000971319228616492
"AAPL","ets",3936,0.000967213223644858
"AAPL","ets",3941,0.00107774397046327
"AAPL","ets",3946,0.00098329339826142
"AAPL","ets",3951,0.000991465082733441
"AAPL","ets",3956,0.000833352103795338
"AAPL","ets",3961,0.000837460747442003
"AAPL","ets",3966,0.000842119502632536
"AAPL","ets",3971,0.000803986565557692
"AAPL","ets",3976,0.00063483885925497
"AAPL","ets",3981,0.000640947896670205
"AAPL","ets",3986,0.000641037152398929
"AAPL","ets",3991,0.000645969732094316
"AAPL","ets",3996,0.000629819119120028
"AAPL","ets",4001,0.000634168497827668
"AAPL","ets",4006,0.000549493831363781
"AAPL","ets",4011,0.000554383149345699
"AAPL","ets",4016,0.000551675449126864
"AAPL","ets",4021,0.000552840703199372
"AAPL","ets",4026,0.000563860132137841
"AAPL","ets",4031,0.000538162023119279
"AAPL","ets",4036,0.000588290558522758
"AAPL","ets",4041,0.000538556849457692
"AAPL","ets",4046,0.000536148317370902
"AAPL","ets",4051,0.000503313445168764
"AAPL","ets",4056,0.000442588576540255
"AAPL","ets",4061,0.000445299555402459
"AAPL","ets",4066,0.000456537570761389
"AAPL","ets",4071,0.000455656449676498
"AAPL","ets",4076,0.000517469895839194
"AAPL","ets",4081,0.000517836719690635
"AAPL","ets",4086,0.000475566547282221
"AAPL","ets",4091,0.000464829210284598
"AAPL","ets",4096,0.000479967947812972
"AAPL","ets",4101,0.000478786504992206
"AAPL","ets",4106,0.00048048676543142
"AAPL","ets",4111,0.000470340677062866
"AAPL","ets",4116,0.000457179045850884
"AAPL","ets",4121,0.000464022879652213
"AAPL","ets",4126,0.000455687797915394
"AAPL","ets",4131,0.000454179608774789
"AAPL","ets",4136,0.000566202717826625
"AAPL","ets",4141,0.000567557465223321
"AAPL","ets",4146,0.000619600093941967
"AAPL","ets",4151,0.000507939984745674
"AAPL","ets",4156,0.000476481568439598
"AAPL","ets",4161,0.000488229663047629
"AAPL","ets",4166,0.00051461928686369
"AAPL","ets",4171,0.000211768694592052
"AAPL","ets",4176,0.00020494683106512
"AAPL","ets",4181,0.000198187721791492
"AAPL","ets",4186,0.000199074495122453
"AAPL","ets",4191,0.000321218081805308
"AAPL","ets",4196,0.000322059827730211
"AAPL","ets",4201,0.000322896128752968
"AAPL","ets",4206,0.000323873187056016
"AAPL","stlf",1001,-0.00625171412851446
"AAPL","stlf",1006,-0.00958788459498849
"AAPL","stlf",1011,-0.0113206388494397
"AAPL","stlf",1016,-0.0145961903874293
"AAPL","stlf",1021,-0.0171967288554516
"AAPL","stlf",1026,-0.0177394187457405
"AAPL","stlf",1031,-0.0187101361045781
"AAPL","stlf",1036,-0.0195971195143591
"AAPL","stlf",1041,-0.0195569299636769
"AAPL","stlf",1046,-0.0195562705277296
"AAPL","stlf",1051,-0.0195563966081224
"AAPL","stlf",1056,-0.0197529662078519
"AAPL","stlf",1061,-0.0197118535053316
"AAPL","stlf",1066,-0.0198634950531973
"AAPL","stlf",1071,-0.0201299978487209
"AAPL","stlf",1076,-0.0202290292203618
"AAPL","stlf",1081,-0.020092763115492
"AAPL","stlf",1086,-0.0204454333290792
"AAPL","stlf",1091,-0.0205609874817866
"AAPL","stlf",1096,-0.0204467707038918
"AAPL","stlf",1101,-0.0214398772877448
"AAPL","stlf",1106,-0.0222764976335253
"AAPL","stlf",1111,-0.0223432091555832
"AAPL","stlf",1116,-0.0236036192480978
"AAPL","stlf",1121,-0.0237327782463187
"AAPL","stlf",1126,-0.0237426110808935
"AAPL","stlf",1131,-0.0244508443037702
"AAPL","stlf",1136,-0.0244513221342845
"AAPL","stlf",1141,-0.0244712615104557
"AAPL","stlf",1146,-0.0246222273244773
"AAPL","stlf",1151,-0.0248746322338108
"AAPL","stlf",1156,-0.024876074311528
"AAPL","stlf",1161,-0.0251338774285895
"AAPL","stlf",1166,-0.0252169200748988
"AAPL","stlf",1171,-0.025771574353275
"AAPL","stlf",1176,-0.0258128999561349
"AAPL","stlf",1181,-0.0262042137447742
"AAPL","stlf",1186,-0.0262613204109613
"AAPL","stlf",1191,-0.025893186633194
"AAPL","stlf",1196,-0.0260422099822351
"AAPL","stlf",1201,-0.0261043946661636
"AAPL","stlf",1206,-0.0266744080669067
"AAPL","stlf",1211,-0.0272244907542161
"AAPL","stlf",1216,-0.0272734246470123
"AAPL","stlf",1221,-0.0274447095569855
"AAPL","stlf",1226,-0.0294007331810576
"AAPL","stlf",1231,-0.0316217742607437
"AAPL","stlf",1236,-0.0326619565048815
"AAPL","stlf",1241,-0.0338180701806656
"AAPL","stlf",1246,-0.0335288376866646
"AAPL","stlf",1251,-0.0339760886770484
"AAPL","stlf",1256,-0.0344216635714485
"AAPL","stlf",1261,-0.0348018368079982
"AAPL","stlf",1266,-0.0350961287572222
"AAPL","stlf",1271,-0.0351531252951198
"AAPL","stlf",1276,-0.0364780654458923
"AAPL","stlf",1281,-0.0375420289771609
"AAPL","stlf",1286,-0.0383315755330437
"AAPL","stlf",1291,-0.0394093906884087
"AAPL","stlf",1296,-0.0403951582299473
"AAPL","stlf",1301,-0.040120667354138
"AAPL","stlf",1306,-0.040540293573163
"AAPL","stlf",1311,-0.0407362482497536
"AAPL","stlf",1316,-0.0408563797428567
"AAPL","stlf",1321,-0.0409672758679527
"AAPL","stlf",1326,-0.0409500841959788
"AAPL","stlf",1331,-0.040842431047492
"AAPL","stlf",1336,-0.0408541061072675
"AAPL","stlf",1341,-0.0404111630956448
"AAPL","stlf",1346,-0.0407232875659705
"AAPL","stlf",1351,-0.0408379506525447
"AAPL","stlf",1356,-0.0412397774493031
"AAPL","stlf",1361,-0.0412588497368039
"AAPL","stlf",1366,-0.0412218390134521
"AAPL","stlf",1371,-0.0412213616184329
"AAPL","stlf",1376,-0.0411759684957702
"AAPL","stlf",1381,-0.0410435891834006
"AAPL","stlf",1386,-0.0413198567506521
"AAPL","stlf",1391,-0.0413728105158484
"AAPL","stlf",1396,-0.0413464376156969
"AAPL","stlf",1401,-0.0416394287285354
"AAPL","stlf",1406,-0.0451995702232497
"AAPL","stlf",1411,-0.0460161803228588
"AAPL","stlf",1416,-0.0472016001602712
"AAPL","stlf",1421,-0.0480627320703086
"AAPL","stlf",1426,-0.0515588705249762
"AAPL","stlf",1431,-0.0533026941136325
"AAPL","stlf",1436,-0.0534254833048873
"AAPL","stlf",1441,-0.0541525953161506
"AAPL","stlf",1446,-0.0540509322160558
"AAPL","stlf",1451,-0.054808004452356
"AAPL","stlf",1456,-0.0558658271550359
"AAPL","stlf",1461,-0.0561720675481911
"AAPL","stlf",1466,-0.055528867381454
"AAPL","stlf",1471,-0.0555742251712813
"AAPL","stlf",1476,-0.0556119769630381
"AAPL","stlf",1481,-0.0556864726922984
"AAPL","stlf",1486,-0.0556561165847664
"AAPL","stlf",1491,-0.0559222848982984
"AAPL","stlf",1496,-0.0562103780109491
"AAPL","stlf",1501,-0.0559974196700129
"AAPL","stlf",1506,-0.055969967607535
"AAPL","stlf",1511,-0.0559692833064309
"AAPL","stlf",1516,-0.0558399845150278
"AAPL","stlf",1521,-0.055985404496995
"AAPL","stlf",1526,-0.0574059627033963
"AAPL","stlf",1531,-0.0572226902592872
"AAPL","stlf",1536,-0.057471485883768
"AAPL","stlf",1541,-0.0572660519567028
"AAPL","stlf",1546,-0.0571215117928472
"AAPL","stlf",1551,-0.057119579068978
"AAPL","stlf",1556,-0.0572488668662632
"AAPL","stlf",1561,-0.0572237370478098
"AAPL","stlf",1566,-0.0572288474870827
"AAPL","stlf",1571,-0.0573986994305745
"AAPL","stlf",1576,-0.0569410470452053
"AAPL","stlf",1581,-0.0575183688962886
"AAPL","stlf",1586,-0.0574078132296638
"AAPL","stlf",1591,-0.0586395135388824
"AAPL","stlf",1596,-0.0587716738298776
"AAPL","stlf",1601,-0.0595115701866685
"AAPL","stlf",1606,-0.0595579808620879
"AAPL","stlf",1611,-0.0596668534761491
"AAPL","stlf",1616,-0.0596631155104539
"AAPL","stlf",1621,-0.0596025168165269
"AAPL","stlf",1626,-0.059571124029878
"AAPL","stlf",1631,-0.0591482505425027
"AAPL","stlf",1636,-0.0592072866599492
"AAPL","stlf",1641,-0.0592017668948946
"AAPL","stlf",1646,-0.0593856630800887
"AAPL","stlf",1651,-0.0594849800915822
"AAPL","stlf",1656,-0.0603811814313983
"AAPL","stlf",1661,-0.0612137336328551
"AAPL","stlf",1666,-0.061447394257165
"AAPL","stlf",1671,-0.0619794159736134
"AAPL","stlf",1676,-0.0621686099389928
"AAPL","stlf",1681,-0.0624209353749848
"AAPL","stlf",1686,-0.063239823472336
"AAPL","stlf",1691,-0.0633437447495604
"AAPL","stlf",1696,-0.0635256847993095
"AAPL","stlf",1701,-0.0644184978271576
"AAPL","stlf",1706,-0.0652221769303451
"AAPL","stlf",1711,-0.0652305637751187
"AAPL","stlf",1716,-0.0656552940873382
"AAPL","stlf",1721,-0.0653422419494882
"AAPL","stlf",1726,-0.0659743910596253
"AAPL","stlf",1731,-0.0661824322090879
"AAPL","stlf",1736,-0.066432441558264
"AAPL","stlf",1741,-0.0663643745671322
"AAPL","stlf",1746,-0.0666856889059134
"AAPL","stlf",1751,-0.0675307134680222
"AAPL","stlf",1756,-0.0679972706041106
"AAPL","stlf",1761,-0.0686819657003106
"AAPL","stlf",1766,-0.0698257449644037
"AAPL","stlf",1771,-0.0702722267437004
"AAPL","stlf",1776,-0.0703961681848854
"AAPL","stlf",1781,-0.0704631976495971
"AAPL","stlf",1786,-0.0713952904032209
"AAPL","stlf",1791,-0.0721839416003105
"AAPL","stlf",1796,-0.0730926547499234
"AAPL","stlf",1801,-0.0735995173255364
"AAPL","stlf",1806,-0.0740811253503573
"AAPL","stlf",1811,-0.074482383218741
"AAPL","stlf",1816,-0.0743833091148952
"AAPL","stlf",1821,-0.075167380949748
"AAPL","stlf",1826,-0.0756626534517288
"AAPL","stlf",1831,-0.0755484572525001
"AAPL","stlf",1836,-0.0757315750409062
"AAPL","stlf",1841,-0.0757435460715376
"AAPL","stlf",1846,-0.0757995363281522
"AAPL","stlf",1851,-0.0760560347083648
"AAPL","stlf",1856,-0.075215616941729
"AAPL","stlf",1861,-0.0752070070979488
"AAPL","stlf",1866,-0.0752572414287656
"AAPL","stlf",1871,-0.0753015871114695
"AAPL","stlf",1876,-0.0753441168286158
"AAPL","stlf",1881,-0.07535045697214
"AAPL","stlf",1886,-0.0756717835693829
"AAPL","stlf",1891,-0.0755858488861836
"AAPL","stlf",1896,-0.0755473039588313
"AAPL","stlf",1901,-0.0755543201269475
"AAPL","stlf",1906,-0.0756944123407918
"AAPL","stlf",1911,-0.0756817354383049
"AAPL","stlf",1916,-0.0754912259774022
"AAPL","stlf",1921,-0.0755463540484654
"AAPL","stlf",1926,-0.0756036679350631
"AAPL","stlf",1931,-0.0756057385905912
"AAPL","stlf",1936,-0.0753680197799302
"AAPL","stlf",1941,-0.0755346781101843
"AAPL","stlf",1946,-0.0758426442674596
"AAPL","stlf",1951,-0.0760155135728323
"AAPL","stlf",1956,-0.0760085252320201
"AAPL","stlf",1961,-0.0758524077678955
"AAPL","stlf",1966,-0.0758521485036237
"AAPL","stlf",1971,-0.0759465306809661
"AAPL","stlf",1976,-0.0760991487038471
"AAPL","stlf",1981,-0.0761543092258296
"AAPL","stlf",1986,-0.0761554016456472
"AAPL","stlf",1991,-0.0761231561269285
"AAPL","stlf",1996,-0.0761242579804907
"AAPL","stlf",2001,-0.076135985422058
"AAPL","stlf",2006,-0.0760212023090964
"AAPL","stlf",2011,-0.0761268612051215
"AAPL","stlf",2016,-0.0769372100102096
"AAPL","stlf",2021,-0.0771495445192163
"AAPL","stlf",2026,-0.0772342087017232
"AAPL","stlf",2031,-0.077702230261888
"AAPL","stlf",2036,-0.0776205524367744
"AAPL","stlf",2041,-0.07747404798588
"AAPL","stlf",2046,-0.0774643184854136
"AAPL","stlf",2051,-0.0785187781341335
"AAPL","stlf",2056,-0.078589759192336
"AAPL","stlf",2061,-0.0786488131829576
"AAPL","stlf",2066,-0.0788205644538575
"AAPL","stlf",2071,-0.0782271198006912
"AAPL","stlf",2076,-0.0781233867470634
"AAPL","stlf",2081,-0.0780135562936808
"AAPL","stlf",2086,-0.0780264915422949
"AAPL","stlf",2091,-0.0785485541020542
"AAPL","stlf",2096,-0.0782648943013839
"AAPL","stlf",2101,-0.0783298877688991
"AAPL","stlf",2106,-0.0782615535216648
"AAPL","stlf",2111,-0.0782952015642939
"AAPL","stlf",2116,-0.0782932450176915
"AAPL","stlf",2121,-0.0784751263445331
"AAPL","stlf",2126,-0.0784072259448429
"AAPL","stlf",2131,-0.0785213755262148
"AAPL","stlf",2136,-0.0785386918470767
"AAPL","stlf",2141,-0.0785520313645094
"AAPL","stlf",2146,-0.07840287659013
"AAPL","stlf",2151,-0.0783568971370064
"AAPL","stlf",2156,-0.0783474456199543
"AAPL","stlf",2161,-0.0785622182395229
"AAPL","stlf",2166,-0.0786316759083566
"AAPL","stlf",2171,-0.078856148742507
"AAPL","stlf",2176,-0.0790970787778236
"AAPL","stlf",2181,-0.0793290890188392
"AAPL","stlf",2186,-0.0792646771036734
"AAPL","stlf",2191,-0.0791380560519547
"AAPL","stlf",2196,-0.0790449425480268
"AAPL","stlf",2201,-0.0795316920596891
"AAPL","stlf",2206,-0.0792679322339924
"AAPL","stlf",2211,-0.0791410391076423
"AAPL","stlf",2216,-0.0790492240591032
"AAPL","stlf",2221,-0.0788528451353845
"AAPL","stlf",2226,-0.0787383060660637
"AAPL","stlf",2231,-0.0785317913982203
"AAPL","stlf",2236,-0.0784444779320766
"AAPL","stlf",2241,-0.0783717925130244
"AAPL","stlf",2246,-0.0780344051248013
"AAPL","stlf",2251,-0.0783953058242757
"AAPL","stlf",2256,-0.0782287186337507
"AAPL","stlf",2261,-0.0746151893848872
"AAPL","stlf",2266,-0.0787227883756133
"AAPL","stlf",2271,-0.0790260497782807
"AAPL","stlf",2276,-0.0790042213458201
"AAPL","stlf",2281,-0.0786320891487538
"AAPL","stlf",2286,-0.0786793267502794
"AAPL","stlf",2291,-0.0787248164170619
"AAPL","stlf",2296,-0.0788626178178755
"AAPL","stlf",2301,-0.0789117588775442
"AAPL","stlf",2306,-0.0788870854969422
"AAPL","stlf",2311,-0.078676740614703
"AAPL","stlf",2316,-0.0786677291123681
"AAPL","stlf",2321,-0.0785533106464502
"AAPL","stlf",2326,-0.078538789181868
"AAPL","stlf",2331,-0.079152181370755
"AAPL","stlf",2336,-0.0793967475478225
"AAPL","stlf",2341,-0.0800791828911283
"AAPL","stlf",2346,-0.0797014502413642
"AAPL","stlf",2351,-0.079241622571908
"AAPL","stlf",2356,-0.079115152242943
"AAPL","stlf",2361,-0.0791802956078522
"AAPL","stlf",2366,-0.0793534210641735
"AAPL","stlf",2371,-0.0791227668345773
"AAPL","stlf",2376,-0.079178683671965
"AAPL","stlf",2381,-0.0792011257423824
"AAPL","stlf",2386,-0.0796246284170211
"AAPL","stlf",2391,-0.0798496472790216
"AAPL","stlf",2396,-0.0798079325639414
"AAPL","stlf",2401,-0.0800215232898833
"AAPL","stlf",2406,-0.0799725136674206
"AAPL","stlf",2411,-0.0795275501128013
"AAPL","stlf",2416,-0.0795506086624386
"AAPL","stlf",2421,-0.079529276150808
"AAPL","stlf",2426,-0.0796253545556446
"AAPL","stlf",2431,-0.0796837105723903
"AAPL","stlf",2436,-0.0797732170111128
"AAPL","stlf",2441,-0.0794118920989897
"AAPL","stlf",2446,-0.0793024602540892
"AAPL","stlf",2451,-0.079379170205175
"AAPL","stlf",2456,-0.0801094968626282
"AAPL","stlf",2461,-0.0811006963002802
"AAPL","stlf",2466,-0.0813799477067906
"AAPL","stlf",2471,-0.0820336498650708
"AAPL","stlf",2476,-0.0828674552483413
"AAPL","stlf",2481,-0.0830596828369854
"AAPL","stlf",2486,-0.08504175490741
"AAPL","stlf",2491,-0.085283767777598
"AAPL","stlf",2496,-0.0852526609257176
"AAPL","stlf",2501,-0.0853628808030778
"AAPL","stlf",2506,-0.0868880352030306
"AAPL","stlf",2511,-0.0887721012113867
"AAPL","stlf",2516,-0.0895698425979921
"AAPL","stlf",2521,-0.0910399948595501
"AAPL","stlf",2526,-0.0914269444220683
"AAPL","stlf",2531,-0.0920920540559379
"AAPL","stlf",2536,-0.092237337525205
"AAPL","stlf",2541,-0.0931811105035468
"AAPL","stlf",2546,-0.0931321324591495
"AAPL","stlf",2551,-0.0926344756440038
"AAPL","stlf",2556,-0.0926865590665845
"AAPL","stlf",2561,-0.0927147973488222
"AAPL","stlf",2566,-0.0889494527364944
"AAPL","stlf",2571,-0.0913601055603975
"AAPL","stlf",2576,-0.0919854882737837
"AAPL","stlf",2581,-0.0929436922375444
"AAPL","stlf",2586,-0.092611433194696
"AAPL","stlf",2591,-0.0924544389810316
"AAPL","stlf",2596,-0.0926058426194678
"AAPL","stlf",2601,-0.092408490029558
"AAPL","stlf",2606,-0.0926907188051582
"AAPL","stlf",2611,-0.0928649564342969
"AAPL","stlf",2616,-0.0928189948237411
"AAPL","stlf",2621,-0.092853264947689
"AAPL","stlf",2626,-0.0934301406586656
"AAPL","stlf",2631,-0.0941273855396368
"AAPL","stlf",2636,-0.094742207424061
"AAPL","stlf",2641,-0.0951086435101749
"AAPL","stlf",2646,-0.0954488426862923
"AAPL","stlf",2651,-0.0958474232008532
"AAPL","stlf",2656,-0.0960498427962476
"AAPL","stlf",2661,-0.0960183801797531
"AAPL","stlf",2666,-0.0962670533738977
"AAPL","stlf",2671,-0.0984746435772502
"AAPL","stlf",2676,-0.0987148771889708
"AAPL","stlf",2681,-0.100193737478232
"AAPL","stlf",2686,-0.099792950293423
"AAPL","stlf",2691,-0.0989834176025407
"AAPL","stlf",2696,-0.0988810484166837
"AAPL","stlf",2701,-0.0987784193702064
"AAPL","stlf",2706,-0.0992058272453292
"AAPL","stlf",2711,-0.0992056060926684
"AAPL","stlf",2716,-0.0992083987712795
"AAPL","stlf",2721,-0.099232593724896
"AAPL","stlf",2726,-0.0987283024123092
"AAPL","stlf",2731,-0.0993474861508983
"AAPL","stlf",2736,-0.0994264499001797
"AAPL","stlf",2741,-0.0995282382702265
"AAPL","stlf",2746,-0.0995190920276713
"AAPL","stlf",2751,-0.0994911974716624
"AAPL","stlf",2756,-0.0994462233715406
"AAPL","stlf",2761,-0.0991932966644771
"AAPL","stlf",2766,-0.100609401219842
"AAPL","stlf",2771,-0.10073968855616
"AAPL","stlf",2776,-0.100766913131305
"AAPL","stlf",2781,-0.101145020349485
"AAPL","stlf",2786,-0.10162972455777
"AAPL","stlf",2791,-0.101586030609551
"AAPL","stlf",2796,-0.101567345945218
"AAPL","stlf",2801,-0.10183569276774
"AAPL","stlf",2806,-0.102420413169448
"AAPL","stlf",2811,-0.103096226219661
"AAPL","stlf",2816,-0.10295783408608
"AAPL","stlf",2821,-0.103731445602384
"AAPL","stlf",2826,-0.103771502610626
"AAPL","stlf",2831,-0.103773197528574
"AAPL","stlf",2836,-0.10367222501638
"AAPL","stlf",2841,-0.103666971767765
"AAPL","stlf",2846,-0.103545996744582
"AAPL","stlf",2851,-0.104107383445482
"AAPL","stlf",2856,-0.104083364001589
"AAPL","stlf",2861,-0.103779959027023
"AAPL","stlf",2866,-0.103922212933323
"AAPL","stlf",2871,-0.104085071842163
"AAPL","stlf",2876,-0.104218162120762
"AAPL","stlf",2881,-0.104197368814132
"AAPL","stlf",2886,-0.104094430130766
"AAPL","stlf",2891,-0.104297262260905
"AAPL","stlf",2896,-0.104434300778344
"AAPL","stlf",2901,-0.104472125162563
"AAPL","stlf",2906,-0.104486772241026
"AAPL","stlf",2911,-0.104518460275332
"AAPL","stlf",2916,-0.104455344003836
"AAPL","stlf",2921,-0.104446028620038
"AAPL","stlf",2926,-0.104534695086759
"AAPL","stlf",2931,-0.104694454762423
"AAPL","stlf",2936,-0.104677233972177
"AAPL","stlf",2941,-0.104602072739616
"AAPL","stlf",2946,-0.104593638017142
"AAPL","stlf",2951,-0.104422345969876
"AAPL","stlf",2956,-0.104385357183776
"AAPL","stlf",2961,-0.104554770056262
"AAPL","stlf",2966,-0.104536869127199
"AAPL","stlf",2971,-0.104530750043814
"AAPL","stlf",2976,-0.104540607094278
"AAPL","stlf",2981,-0.104649423346508
"AAPL","stlf",2986,-0.104377306939273
"AAPL","stlf",2991,-0.104601289554969
"AAPL","stlf",2996,-0.104847782735466
"AAPL","stlf",3001,-0.10484733209114
"AAPL","stlf",3006,-0.105142532836805
"AAPL","stlf",3011,-0.103695714036409
"AAPL","stlf",3016,-0.10428492326346
"AAPL","stlf",3021,-0.104579888011546
"AAPL","stlf",3026,-0.104762409943727
"AAPL","stlf",3031,-0.105098875012172
"AAPL","stlf",3036,-0.105097375954577
"AAPL","stlf",3041,-0.10570529285564
"AAPL","stlf",3046,-0.105694417174954
"AAPL","stlf",3051,-0.105715692225261
"AAPL","stlf",3056,-0.105481603022992
"AAPL","stlf",3061,-0.105547494539932
"AAPL","stlf",3066,-0.105465232386682
"AAPL","stlf",3071,-0.105905950512849
"AAPL","stlf",3076,-0.106506323731994
"AAPL","stlf",3081,-0.106757100946919
"AAPL","stlf",3086,-0.106757699664582
"AAPL","stlf",3091,-0.106674166596483
"AAPL","stlf",3096,-0.106781013973934
"AAPL","stlf",3101,-0.106906334249022
"AAPL","stlf",3106,-0.10670381017369
"AAPL","stlf",3111,-0.106099741850765
"AAPL","stlf",3116,-0.105985134943033
"AAPL","stlf",3121,-0.106221264960728
"AAPL","stlf",3126,-0.105969280162178
"AAPL","stlf",3131,-0.106594584686738
"AAPL","stlf",3136,-0.107948363915253
"AAPL","stlf",3141,-0.107836824379678
"AAPL","stlf",3146,-0.107583790365656
"AAPL","stlf",3151,-0.10791344873534
"AAPL","stlf",3156,-0.107901846419967
"AAPL","stlf",3161,-0.107872513786465
"AAPL","stlf",3166,-0.107851768470781
"AAPL","stlf",3171,-0.107854029696864
"AAPL","stlf",3176,-0.107852978847416
"AAPL","stlf",3181,-0.107833002226512
"AAPL","stlf",3186,-0.10808715018788
"AAPL","stlf",3191,-0.108063440369695
"AAPL","stlf",3196,-0.108162558259776
"AAPL","stlf",3201,-0.108313474087155
"AAPL","stlf",3206,-0.108287919249997
"AAPL","stlf",3211,-0.10820016704609
"AAPL","stlf",3216,-0.108445389880474
"AAPL","stlf",3221,-0.108376026020437
"AAPL","stlf",3226,-0.108656590880417
"AAPL","stlf",3231,-0.108466554930032
"AAPL","stlf",3236,-0.108449710984139
"AAPL","stlf",3241,-0.108672832171889
"AAPL","stlf",3246,-0.10884308656944
"AAPL","stlf",3251,-0.108291847408546
"AAPL","stlf",3256,-0.108403720539928
"AAPL","stlf",3261,-0.108214722879075
"AAPL","stlf",3266,-0.108212766576511
"AAPL","stlf",3271,-0.108102846658785
"AAPL","stlf",3276,-0.109109934418974
"AAPL","stlf",3281,-0.109220895607248
"AAPL","stlf",3286,-0.109708582212784
"AAPL","stlf",3291,-0.109299856662423
"AAPL","stlf",3296,-0.108988938126057
"AAPL","stlf",3301,-0.109275427327475
"AAPL","stlf",3306,-0.108758858398826
"AAPL","stlf",3311,-0.109057742801769
"AAPL","stlf",3316,-0.108851653357405
"AAPL","stlf",3321,-0.109737719052719
"AAPL","stlf",3326,-0.110052173231137
"AAPL","stlf",3331,-0.110036537735167
"AAPL","stlf",3336,-0.110055815600499
"AAPL","stlf",3341,-0.110073816412477
"AAPL","stlf",3346,-0.110362863482357
"AAPL","stlf",3351,-0.110392833840351
"AAPL","stlf",3356,-0.110367167276608
"AAPL","stlf",3361,-0.110865962876292
"AAPL","stlf",3366,-0.111150078269082
"AAPL","stlf",3371,-0.111266308571386
"AAPL","stlf",3376,-0.111821178678821
"AAPL","stlf",3381,-0.112127547593993
"AAPL","stlf",3386,-0.11264342820301
"AAPL","stlf",3391,-0.112764308335726
"AAPL","stlf",3396,-0.113452625275078
"AAPL","stlf",3401,-0.113343498076005
"AAPL","stlf",3406,-0.113264895803766
"AAPL","stlf",3411,-0.11327647627337
"AAPL","stlf",3416,-0.113427127183808
"AAPL","stlf",3421,-0.113506988002797
"AAPL","stlf",3426,-0.113464343568632
"AAPL","stlf",3431,-0.11340570518125
"AAPL","stlf",3436,-0.11338111738837
"AAPL","stlf",3441,-0.113392697690305
"AAPL","stlf",3446,-0.11378754416893
"AAPL","stlf",3451,-0.113784853741996
"AAPL","stlf",3456,-0.113734636967315
"AAPL","stlf",3461,-0.113686307790898
"AAPL","stlf",3466,-0.113676414712953
"AAPL","stlf",3471,-0.113821479229025
"AAPL","stlf",3476,-0.113877296064197
"AAPL","stlf",3481,-0.113869593368486
"AAPL","stlf",3486,-0.113884845118456
"AAPL","stlf",3491,-0.114022832131388
"AAPL","stlf",3496,-0.114005355044482
"AAPL","stlf",3501,-0.113976425338458
"AAPL","stlf",3506,-0.113966887062804
"AAPL","stlf",3511,-0.114144589943167
"AAPL","stlf",3516,-0.114031097574028
"AAPL","stlf",3521,-0.114039658883158
"AAPL","stlf",3526,-0.114060400057383
"AAPL","stlf",3531,-0.114062333594322
"AAPL","stlf",3536,-0.114352732195344
"AAPL","stlf",3541,-0.114371098840563
"AAPL","stlf",3546,-0.114512786229028
"AAPL","stlf",3551,-0.114438858352258
"AAPL","stlf",3556,-0.114484422402395
"AAPL","stlf",3561,-0.114672767328097
"AAPL","stlf",3566,-0.115154466924759
"AAPL","stlf",3571,-0.115214551415754
"AAPL","stlf",3576,-0.115041660639313
"AAPL","stlf",3581,-0.115265862098127
"AAPL","stlf",3586,-0.115297333718493
"AAPL","stlf",3591,-0.115316457190002
"AAPL","stlf",3596,-0.115417585184576
"AAPL","stlf",3601,-0.11532073149681
"AAPL","stlf",3606,-0.115367690734601
"AAPL","stlf",3611,-0.115400878388414
"AAPL","stlf",3616,-0.115447070275388
"AAPL","stlf",3621,-0.115393351146437
"AAPL","stlf",3626,-0.115388254703483
"AAPL","stlf",3631,-0.115368059996333
"AAPL","stlf",3636,-0.11604649315994
"AAPL","stlf",3641,-0.115938885671052
"AAPL","stlf",3646,-0.11574291261316
"AAPL","stlf",3651,-0.115922623228565
"AAPL","stlf",3656,-0.116275831477837
"AAPL","stlf",3661,-0.116320017661592
"AAPL","stlf",3666,-0.11634904737709
"AAPL","stlf",3671,-0.115859545906186
"AAPL","stlf",3676,-0.115911420460617
"AAPL","stlf",3681,-0.115935227192312
"AAPL","stlf",3686,-0.115976548334652
"AAPL","stlf",3691,-0.115916322233604
"AAPL","stlf",3696,-0.11590409283533
"AAPL","stlf",3701,-0.115923684835357
"AAPL","stlf",3706,-0.115937882914384
"AAPL","stlf",3711,-0.115337337017462
"AAPL","stlf",3716,-0.115271174831637
"AAPL","stlf",3721,-0.115355890648547
"AAPL","stlf",3726,-0.115376135596215
"AAPL","stlf",3731,-0.115427588652139
"AAPL","stlf",3736,-0.115428380278628
"AAPL","stlf",3741,-0.115430702959784
"AAPL","stlf",3746,-0.11558360357561
"AAPL","stlf",3751,-0.115699824355267
"AAPL","stlf",3756,-0.115789441477082
"AAPL","stlf",3761,-0.115856786893644
"AAPL","stlf",3766,-0.115517712680977
"AAPL","stlf",3771,-0.115805472690956
"AAPL","stlf",3776,-0.115811335435922
"AAPL","stlf",3781,-0.115750740226108
"AAPL","stlf",3786,-0.115616741708976
"AAPL","stlf",3791,-0.115627429467126
"AAPL","stlf",3796,-0.115318214863597
"AAPL","stlf",3801,-0.115306841978061
"AAPL","stlf",3806,-0.115305313549389
"AAPL","stlf",3811,-0.114777309139985
"AAPL","stlf",3816,-0.114787433526811
"AAPL","stlf",3821,-0.114813405120499
"AAPL","stlf",3826,-0.114673590058058
"AAPL","stlf",3831,-0.114637664372794
"AAPL","stlf",3836,-0.114656353690154
"AAPL","stlf",3841,-0.109149696169331
"AAPL","stlf",3846,-0.110250306345131
"AAPL","stlf",3851,-0.110338929568563
"AAPL","stlf",3856,-0.110365933111339
"AAPL","stlf",3861,-0.110372784894995
"AAPL","stlf",3866,-0.110402859254547
"AAPL","stlf",3871,-0.110520174752987
"AAPL","stlf",3876,-0.1105040112257
"AAPL","stlf",3881,-0.110325165690838
"AAPL","stlf",3886,-0.110692398069407
"AAPL","stlf",3891,-0.110686730368118
"AAPL","stlf",3896,-0.110460787994858
"AAPL","stlf",3901,-0.110460982877979
"AAPL","stlf",3906,-0.1104593144106
"AAPL","stlf",3911,-0.110485792327062
"AAPL","stlf",3916,-0.110442111344175
"AAPL","stlf",3921,-0.110537656001162
"AAPL","stlf",3926,-0.110518274567774
"AAPL","stlf",3931,-0.110549163284121
"AAPL","stlf",3936,-0.110599864357181
"AAPL","stlf",3941,-0.111173440649637
"AAPL","stlf",3946,-0.110659459413036
"AAPL","stlf",3951,-0.1108912680244
"AAPL","stlf",3956,-0.110838535100464
"AAPL","stlf",3961,-0.110882882289376
"AAPL","stlf",3966,-0.111183750167778
"AAPL","stlf",3971,-0.11130167488684
"AAPL","stlf",3976,-0.111073672090078
"AAPL","stlf",3981,-0.111242042647092
"AAPL","stlf",3986,-0.111333249788275
"AAPL","stlf",3991,-0.111355633757168
"AAPL","stlf",3996,-0.111715701648927
"AAPL","stlf",4001,-0.111972471189828
"AAPL","stlf",4006,-0.111825637137062
"AAPL","stlf",4011,-0.111859299830737
"AAPL","stlf",4016,-0.111960753845856
"AAPL","stlf",4021,-0.112121614751181
"AAPL","stlf",4026,-0.111928434009949
"AAPL","stlf",4031,-0.111960304556323
"AAPL","stlf",4036,-0.111478221621957
"AAPL","stlf",4041,-0.11157164337275
"AAPL","stlf",4046,-0.11195599929502
"AAPL","stlf",4051,-0.111944299012215
"AAPL","stlf",4056,-0.111958118384938
"AAPL","stlf",4061,-0.111950706284218
"AAPL","stlf",4066,-0.111932599371371
"AAPL","stlf",4071,-0.111933380458089
"AAPL","stlf",4076,-0.111810466968674
"AAPL","stlf",4081,-0.111795373227517
"AAPL","stlf",4086,-0.111752710043832
"AAPL","stlf",4091,-0.111954952911048
"AAPL","stlf",4096,-0.112024043498742
"AAPL","stlf",4101,-0.112053588805032
"AAPL","stlf",4106,-0.112070666747372
"AAPL","stlf",4111,-0.112070622500548
"AAPL","stlf",4116,-0.112067380920372
"AAPL","stlf",4121,-0.112108035526474
"AAPL","stlf",4126,-0.112212504264889
"AAPL","stlf",4131,-0.112130639336796
"AAPL","stlf",4136,-0.112123437655308
"AAPL","stlf",4141,-0.112125999961758
"AAPL","stlf",4146,-0.112198246988914
"AAPL","stlf",4151,-0.112164291337265
"AAPL","stlf",4156,-0.112120841504482
"AAPL","stlf",4161,-0.112137217759426
"AAPL","stlf",4166,-0.112207936503715
"AAPL","stlf",4171,-0.111996195548954
"AAPL","stlf",4176,-0.112180425876453
"AAPL","stlf",4181,-0.1120846330762
"AAPL","stlf",4186,-0.112197115123803
"AAPL","stlf",4191,-0.112510725295059
"AAPL","stlf",4196,-0.112531389704485
"AAPL","stlf",4201,-0.112629550670801
"AAPL","stlf",4206,-0.11265900326679
"AAPL","elastic_net",1001,6.52746535785146e-05
"AAPL","elastic_net",1006,7.769131080845e-05
"AAPL","elastic_net",1011,8.7293582894341e-05
"AAPL","elastic_net",1016,0.000121042007354636
"AAPL","elastic_net",1021,0.000132813278575311
"AAPL","elastic_net",1026,0.000129058335365101
"AAPL","elastic_net",1031,0.000137740544188472
"AAPL","elastic_net",1036,0.000162377587065819
"AAPL","elastic_net",1041,0.000143808977906875
"AAPL","elastic_net",1046,0.00013881038827845
"AAPL","elastic_net",1051,0.000137047800317604
"AAPL","elastic_net",1056,0.000117006408206416
"AAPL","elastic_net",1061,0.000130502665645009
"AAPL","elastic_net",1066,0.000128038406638988
"AAPL","elastic_net",1071,0.000104968815089885
"AAPL","elastic_net",1076,9.22511528975835e-05
"AAPL","elastic_net",1081,0.000110762028529059
"AAPL","elastic_net",1086,0.000171843550925389
"AAPL","elastic_net",1091,0.00019400193475982
"AAPL","elastic_net",1096,0.000213447665411203
"AAPL","elastic_net",1101,0.000232858055644989
"AAPL","elastic_net",1106,0.000262190577841754
"AAPL","elastic_net",1111,0.000289441070860947
"AAPL","elastic_net",1116,0.000299233799100346
"AAPL","elastic_net",1121,0.000297448464576029
"AAPL","elastic_net",1126,0.000284828281882936
"AAPL","elastic_net",1131,0.000296086319373304
"AAPL","elastic_net",1136,0.000295966831570401
"AAPL","elastic_net",1141,0.000284101952066019
"AAPL","elastic_net",1146,0.000332737063607882
"AAPL","elastic_net",1151,0.000326962190978909
"AAPL","elastic_net",1156,0.000322520510514004
"AAPL","elastic_net",1161,0.000348154065807655
"AAPL","elastic_net",1166,0.000347932692317443
"AAPL","elastic_net",1171,0.000371678762202243
"AAPL","elastic_net",1176,0.000354019770387714
"AAPL","elastic_net",1181,0.000361521693047077
"AAPL","elastic_net",1186,0.000364653734769044
"AAPL","elastic_net",1191,0.000285834927186529
"AAPL","elastic_net",1196,0.000299311424574465
"AAPL","elastic_net",1201,0.000302642163358768
"AAPL","elastic_net",1206,0.000260647769303607
"AAPL","elastic_net",1211,0.000300043502370886
"AAPL","elastic_net",1216,0.000295580842426313
"AAPL","elastic_net",1221,0.000298635666632758
"AAPL","elastic_net",1226,0.000325307109509883
"AAPL","elastic_net",1231,0.000348534988107786
"AAPL","elastic_net",1236,0.00034687985053494
"AAPL","elastic_net",1241,0.000336045077980966
"AAPL","elastic_net",1246,0.000296251123812274
"AAPL","elastic_net",1251,0.000278857078883235
"AAPL","elastic_net",1256,0.000276279139757904
"AAPL","elastic_net",1261,0.000275373197847015
"AAPL","elastic_net",1266,0.000292842584773287
"AAPL","elastic_net",1271,0.000307718061551453
"AAPL","elastic_net",1276,0.000416997652125553
"AAPL","elastic_net",1281,0.000431314187828103
"AAPL","elastic_net",1286,0.000476771798930685
"AAPL","elastic_net",1291,0.000471554873182633
"AAPL","elastic_net",1296,0.00049577166834464
"AAPL","elastic_net",1301,0.000457159503383682
"AAPL","elastic_net",1306,0.000495972974030591
"AAPL","elastic_net",1311,0.000477775421498642
"AAPL","elastic_net",1316,0.00049205691713707
"AAPL","elastic_net",1321,0.000509980035397253
"AAPL","elastic_net",1326,0.000516370705211506
"AAPL","elastic_net",1331,0.000496243389314827
"AAPL","elastic_net",1336,0.000506897168033489
"AAPL","elastic_net",1341,0.000584622592461702
"AAPL","elastic_net",1346,0.000616264440160447
"AAPL","elastic_net",1351,0.000612851888872295
"AAPL","elastic_net",1356,0.00062883660535619
"AAPL","elastic_net",1361,0.000631965383176555
"AAPL","elastic_net",1366,0.000618209902222674
"AAPL","elastic_net",1371,0.000612956708830449
"AAPL","elastic_net",1376,0.000641734790292415
"AAPL","elastic_net",1381,0.000594256172264707
"AAPL","elastic_net",1386,0.000589089926490987
"AAPL","elastic_net",1391,0.000587058001635828
"AAPL","elastic_net",1396,0.000551791655000793
"AAPL","elastic_net",1401,0.000562099660988111
"AAPL","elastic_net",1406,0.000475888485025661
"AAPL","elastic_net",1411,0.000282033602502456
"AAPL","elastic_net",1416,0.000257547488450533
"AAPL","elastic_net",1421,0.000279294524980207
"AAPL","elastic_net",1426,0.000193801980052423
"AAPL","elastic_net",1431,0.000157000676723644
"AAPL","elastic_net",1436,0.000158212716550033
"AAPL","elastic_net",1441,0.00017231247372367
"AAPL","elastic_net",1446,0.000192382439286018
"AAPL","elastic_net",1451,0.000182987669743205
"AAPL","elastic_net",1456,0.00015657228401201
"AAPL","elastic_net",1461,0.000155605440206524
"AAPL","elastic_net",1466,0.000227431240076443
"AAPL","elastic_net",1471,0.000218237292124349
"AAPL","elastic_net",1476,0.000203188895573388
"AAPL","elastic_net",1481,0.000235049193944866
"AAPL","elastic_net",1486,0.000225801301295701
"AAPL","elastic_net",1491,0.000208844877314983
"AAPL","elastic_net",1496,0.000218912540262753
"AAPL","elastic_net",1501,0.00016616220328482
"AAPL","elastic_net",1506,0.000153824209904436
"AAPL","elastic_net",1511,0.000154547698471389
"AAPL","elastic_net",1516,0.000193911540041695
"AAPL","elastic_net",1521,0.000181436867722156
"AAPL","elastic_net",1526,0.000189423745706519
"AAPL","elastic_net",1531,0.00015698884771311
"AAPL","elastic_net",1536,0.000156053952240649
"AAPL","elastic_net",1541,0.000179126642558251
"AAPL","elastic_net",1546,0.000201548364046691
"AAPL","elastic_net",1551,0.000204331525980487
"AAPL","elastic_net",1556,0.000205107956081217
"AAPL","elastic_net",1561,0.000224494001040098
"AAPL","elastic_net",1566,0.000215451750898314
"AAPL","elastic_net",1571,0.000207016598227428
"AAPL","elastic_net",1576,0.000170706699466532
"AAPL","elastic_net",1581,0.000170916236462923
"AAPL","elastic_net",1586,0.000152573646783478
"AAPL","elastic_net",1591,0.000101127487422339
"AAPL","elastic_net",1596,9.36158153897202e-05
"AAPL","elastic_net",1601,5.98259227027139e-05
"AAPL","elastic_net",1606,5.39832703745525e-05
"AAPL","elastic_net",1611,6.45722327384471e-05
"AAPL","elastic_net",1616,6.69485089304534e-05
"AAPL","elastic_net",1621,5.48654111897277e-05
"AAPL","elastic_net",1626,2.09994898182081e-05
"AAPL","elastic_net",1631,-2.07988193709648e-05
"AAPL","elastic_net",1636,-1.69360476232238e-05
"AAPL","elastic_net",1641,-1.29739288284968e-05
"AAPL","elastic_net",1646,1.81583166456232e-06
"AAPL","elastic_net",1651,-1.80955878321193e-05
"AAPL","elastic_net",1656,6.58547266660011e-06
"AAPL","elastic_net",1661,1.79398103269453e-05
"AAPL","elastic_net",1666,3.46196229877802e-05
"AAPL","elastic_net",1671,2.28669422290887e-05
"AAPL","elastic_net",1676,2.05747488356365e-05
"AAPL","elastic_net",1681,1.95692332909497e-05
"AAPL","elastic_net",1686,5.48458892084799e-05
"AAPL","elastic_net",1691,5.41308051689806e-05
"AAPL","elastic_net",1696,5.63826616524393e-05
"AAPL","elastic_net",1701,6.24255838826141e-05
"AAPL","elastic_net",1706,6.51780088158541e-05
"AAPL","elastic_net",1711,6.35026389121896e-05
"AAPL","elastic_net",1716,7.08429412559874e-05
"AAPL","elastic_net",1721,4.17527480070237e-05
"AAPL","elastic_net",1726,5.0111823070175e-05
"AAPL","elastic_net",1731,6.95684980903993e-05
"AAPL","elastic_net",1736,6.99425180297312e-05
"AAPL","elastic_net",1741,5.64648278784129e-05
"AAPL","elastic_net",1746,7.07707512559981e-05
"AAPL","elastic_net",1751,7.0169665482854e-05
"AAPL","elastic_net",1756,7.10264076506733e-05
"AAPL","elastic_net",1761,7.00267969875143e-05
"AAPL","elastic_net",1766,8.66163456518354e-05
"AAPL","elastic_net",1771,8.32823187721692e-05
"AAPL","elastic_net",1776,8.37120459335866e-05
"AAPL","elastic_net",1781,7.89508251320171e-05
"AAPL","elastic_net",1786,9.3031918593883e-05
"AAPL","elastic_net",1791,0.000106304264498186
"AAPL","elastic_net",1796,0.000117020532812327
"AAPL","elastic_net",1801,0.000117061485881097
"AAPL","elastic_net",1806,0.000118513718194772
"AAPL","elastic_net",1811,0.000115332445119064
"AAPL","elastic_net",1816,9.56380849593674e-05
"AAPL","elastic_net",1821,0.000129170664096128
"AAPL","elastic_net",1826,0.000141010618408816
"AAPL","elastic_net",1831,0.000122078392382227
"AAPL","elastic_net",1836,0.000115089614466488
"AAPL","elastic_net",1841,0.000104450080422643
"AAPL","elastic_net",1846,9.85849091266825e-05
"AAPL","elastic_net",1851,8.94146855154473e-05
"AAPL","elastic_net",1856,2.9094261144716e-05
"AAPL","elastic_net",1861,2.30238871613317e-05
"AAPL","elastic_net",1866,2.70444484736839e-05
"AAPL","elastic_net",1871,2.20056692252062e-05
"AAPL","elastic_net",1876,1.05279448687083e-05
"AAPL","elastic_net",1881,7.08285053985549e-06
"AAPL","elastic_net",1886,-1.86666161826577e-05
"AAPL","elastic_net",1891,-2.45511751355187e-06
"AAPL","elastic_net",1896,1.11543445938291e-05
"AAPL","elastic_net",1901,9.71916420772378e-06
"AAPL","elastic_net",1906,-3.37016846252643e-06
"AAPL","elastic_net",1911,4.65409231135521e-06
"AAPL","elastic_net",1916,2.72206111594601e-05
"AAPL","elastic_net",1921,2.27723339299628e-05
"AAPL","elastic_net",1926,2.84361381791721e-05
"AAPL","elastic_net",1931,2.82221059557313e-05
"AAPL","elastic_net",1936,5.85884193836082e-05
"AAPL","elastic_net",1941,4.44502758623801e-05
"AAPL","elastic_net",1946,2.82041331290673e-05
"AAPL","elastic_net",1951,2.4139059250329e-05
"AAPL","elastic_net",1956,2.92007036218951e-05
"AAPL","elastic_net",1961,5.88874835754549e-05
"AAPL","elastic_net",1966,5.7345281268553e-05
"AAPL","elastic_net",1971,9.4012562902451e-05
"AAPL","elastic_net",1976,0.000111404672360064
"AAPL","elastic_net",1981,0.000103349389247198
"AAPL","elastic_net",1986,0.000100733653567829
"AAPL","elastic_net",1991,8.93223480251472e-05
"AAPL","elastic_net",1996,8.68086524086674e-05
"AAPL","elastic_net",2001,7.59907341731985e-05
"AAPL","elastic_net",2006,5.74160490067586e-05
"AAPL","elastic_net",2011,5.70010676908519e-05
"AAPL","elastic_net",2016,6.41398478317207e-05
"AAPL","elastic_net",2021,7.28113091497827e-05
"AAPL","elastic_net",2026,6.42888540432256e-05
"AAPL","elastic_net",2031,6.7616518859244e-05
"AAPL","elastic_net",2036,-1.00570546100618e-05
"AAPL","elastic_net",2041,1.39904296589921e-05
"AAPL","elastic_net",2046,6.62944202979401e-06
"AAPL","elastic_net",2051,3.93628149986386e-05
"AAPL","elastic_net",2056,4.47165030239576e-05
"AAPL","elastic_net",2061,6.01882072581696e-05
"AAPL","elastic_net",2066,3.33766292326718e-05
"AAPL","elastic_net",2071,0.000114050239902593
"AAPL","elastic_net",2076,0.000132643498506599
"AAPL","elastic_net",2081,0.000163826039475172
"AAPL","elastic_net",2086,0.000185164556530659
"AAPL","elastic_net",2091,0.000161368062423802
"AAPL","elastic_net",2096,0.000200618462075628
"AAPL","elastic_net",2101,0.000208314284347919
"AAPL","elastic_net",2106,0.000192212979409783
"AAPL","elastic_net",2111,0.000187287457468275
"AAPL","elastic_net",2116,0.000182984820823077
"AAPL","elastic_net",2121,0.000188067064412211
"AAPL","elastic_net",2126,0.000173368052866893
"AAPL","elastic_net",2131,0.000180046175912362
"AAPL","elastic_net",2136,0.000176708772908965
"AAPL","elastic_net",2141,0.000190024170211696
"AAPL","elastic_net",2146,0.000217487279734789
"AAPL","elastic_net",2151,0.000229976466749204
"AAPL","elastic_net",2156,0.000223872815942005
"AAPL","elastic_net",2161,0.000273279961495123
"AAPL","elastic_net",2166,0.000286167671593699
"AAPL","elastic_net",2171,0.00031044305991713
"AAPL","elastic_net",2176,0.000313335839247036
"AAPL","elastic_net",2181,0.000329090758008275
"AAPL","elastic_net",2186,0.000313166496996525
"AAPL","elastic_net",2191,0.000290774023767696
"AAPL","elastic_net",2196,0.000269805392301163
"AAPL","elastic_net",2201,0.000275328426080337
"AAPL","elastic_net",2206,0.000244576567232049
"AAPL","elastic_net",2211,0.000315907442867227
"AAPL","elastic_net",2216,0.000344411711057758
"AAPL","elastic_net",2221,0.000312131981809624
"AAPL","elastic_net",2226,0.000160483193731543
"AAPL","elastic_net",2231,0.000122045169205609
"AAPL","elastic_net",2236,0.000142607540825462
"AAPL","elastic_net",2241,0.000167222916089824
"AAPL","elastic_net",2246,0.000231984556323157
"AAPL","elastic_net",2251,0.000220664330477551
"AAPL","elastic_net",2256,0.000241404148247613
"AAPL","elastic_net",2261,0.000376900251249759
"AAPL","elastic_net",2266,0.000176765269091721
"AAPL","elastic_net",2271,0.000181392537006283
"AAPL","elastic_net",2276,0.000189598850628677
"AAPL","elastic_net",2281,0.000237250335045919
"AAPL","elastic_net",2286,0.000237413958937297
"AAPL","elastic_net",2291,0.000238603954924795
"AAPL","elastic_net",2296,0.000234764479902132
"AAPL","elastic_net",2301,0.000243081155035275
"AAPL","elastic_net",2306,0.000249903828144125
"AAPL","elastic_net",2311,0.000301749676293439
"AAPL","elastic_net",2316,0.000320177330445144
"AAPL","elastic_net",2321,0.000295540712595004
"AAPL","elastic_net",2326,0.000305379771666947
"AAPL","elastic_net",2331,0.000323861856191143
"AAPL","elastic_net",2336,0.000326040284897132
"AAPL","elastic_net",2341,0.000344331413450435
"AAPL","elastic_net",2346,0.000314821622336448
"AAPL","elastic_net",2351,0.000260646833699108
"AAPL","elastic_net",2356,0.000298048277155035
"AAPL","elastic_net",2361,0.000333721026500346
"AAPL","elastic_net",2366,0.000326162839779586
"AAPL","elastic_net",2371,0.000354076317837035
"AAPL","elastic_net",2376,0.000348709044366457
"AAPL","elastic_net",2381,0.000343392052228862
"AAPL","elastic_net",2386,0.000372262688182213
"AAPL","elastic_net",2391,0.000381882889154135
"AAPL","elastic_net",2396,0.000371632690913038
"AAPL","elastic_net",2401,0.000384904125961645
"AAPL","elastic_net",2406,0.000374581505108754
"AAPL","elastic_net",2411,0.000317524784936192
"AAPL","elastic_net",2416,0.000362145452466527
"AAPL","elastic_net",2421,0.000351504517623876
"AAPL","elastic_net",2426,0.000349529611591845
"AAPL","elastic_net",2431,0.00037697400150198
"AAPL","elastic_net",2436,0.000376219420378994
"AAPL","elastic_net",2441,0.000342389099766002
"AAPL","elastic_net",2446,0.000318837788423969
"AAPL","elastic_net",2451,0.000310549263522628
"AAPL","elastic_net",2456,0.000356286307735932
"AAPL","elastic_net",2461,0.000398036238866282
"AAPL","elastic_net",2466,0.00040466558064095
"AAPL","elastic_net",2471,0.000422247631804752
"AAPL","elastic_net",2476,0.000470686102855672
"AAPL","elastic_net",2481,0.000474718929000832
"AAPL","elastic_net",2486,0.000494712316449699
"AAPL","elastic_net",2491,0.000492394108739554
"AAPL","elastic_net",2496,0.000471170450045333
"AAPL","elastic_net",2501,0.000444867034734165
"AAPL","elastic_net",2506,0.000476370820883713
"AAPL","elastic_net",2511,0.000507992056092077
"AAPL","elastic_net",2516,0.000520691852345926
"AAPL","elastic_net",2521,0.000546994419048042
"AAPL","elastic_net",2526,0.000537280301775883
"AAPL","elastic_net",2531,0.0005444699107815
"AAPL","elastic_net",2536,0.000539269066893663
"AAPL","elastic_net",2541,0.000560514673479357
"AAPL","elastic_net",2546,0.000548089182377886
"AAPL","elastic_net",2551,0.000509957166760326
"AAPL","elastic_net",2556,0.000504847510304902
"AAPL","elastic_net",2561,0.000456174907297944
"AAPL","elastic_net",2566,0.000872955411487884
"AAPL","elastic_net",2571,0.000566044221449694
"AAPL","elastic_net",2576,0.000492442093861985
"AAPL","elastic_net",2581,0.000466756530731449
"AAPL","elastic_net",2586,0.000499507520274042
"AAPL","elastic_net",2591,0.0004626230181389
"AAPL","elastic_net",2596,0.000463098224601988
"AAPL","elastic_net",2601,0.000487503952835586
"AAPL","elastic_net",2606,0.000514715731057941
"AAPL","elastic_net",2611,0.000555699709937899
"AAPL","elastic_net",2616,0.000542698750819047
"AAPL","elastic_net",2621,0.000550181577910499
"AAPL","elastic_net",2626,0.000608066174015086
"AAPL","elastic_net",2631,0.000656626166347531
"AAPL","elastic_net",2636,0.000695662089555948
"AAPL","elastic_net",2641,0.000710484831959388
"AAPL","elastic_net",2646,0.000753119587405755
"AAPL","elastic_net",2651,0.000765768424071798
"AAPL","elastic_net",2656,0.000770360694392327
"AAPL","elastic_net",2661,0.000807153941758311
"AAPL","elastic_net",2666,0.000813363955165473
"AAPL","elastic_net",2671,0.000877433459524325
"AAPL","elastic_net",2676,0.000878965609186945
"AAPL","elastic_net",2681,0.000906302756406622
"AAPL","elastic_net",2686,0.000861104384121777
"AAPL","elastic_net",2691,0.000790097897330373
"AAPL","elastic_net",2696,0.000755099348593865
"AAPL","elastic_net",2701,0.000774794267411102
"AAPL","elastic_net",2706,0.00079085827761527
"AAPL","elastic_net",2711,0.000787890262558102
"AAPL","elastic_net",2716,0.000778811671194119
"AAPL","elastic_net",2721,0.00075825023921805
"AAPL","elastic_net",2726,0.000831336313418793
"AAPL","elastic_net",2731,0.000901361617934967
"AAPL","elastic_net",2736,0.000895543834708464
"AAPL","elastic_net",2741,0.000905008842159318
"AAPL","elastic_net",2746,0.000913781144479669
"AAPL","elastic_net",2751,0.000900895966508663
"AAPL","elastic_net",2756,0.000885646046372076
"AAPL","elastic_net",2761,0.000851083795431476
"AAPL","elastic_net",2766,0.000923590240784888
"AAPL","elastic_net",2771,0.000948230492824176
"AAPL","elastic_net",2776,0.00094416990524828
"AAPL","elastic_net",2781,0.00101128679324754
"AAPL","elastic_net",2786,0.00099389307979276
"AAPL","elastic_net",2791,0.000976298979583542
"AAPL","elastic_net",2796,0.000965542115341518
"AAPL","elastic_net",2801,0.000946196710682146
"AAPL","elastic_net",2806,0.000870646497977105
"AAPL","elastic_net",2811,0.000836024985160343
"AAPL","elastic_net",2816,0.000869339119473474
"AAPL","elastic_net",2821,0.000795699445694048
"AAPL","elastic_net",2826,0.000803077466632629
"AAPL","elastic_net",2831,0.000816075313062608
"AAPL","elastic_net",2836,0.000855586809988603
"AAPL","elastic_net",2841,0.000849448392178053
"AAPL","elastic_net",2846,0.00088456984289302
"AAPL","elastic_net",2851,0.000851779089290432
"AAPL","elastic_net",2856,0.00086174723347342
"AAPL","elastic_net",2861,0.000901527845556193
"AAPL","elastic_net",2866,0.000869510348911158
"AAPL","elastic_net",2871,0.000857278432355908
"AAPL","elastic_net",2876,0.000856418241725634
"AAPL","elastic_net",2881,0.000904457331300655
"AAPL","elastic_net",2886,0.000931734818650355
"AAPL","elastic_net",2891,0.000955906120747449
"AAPL","elastic_net",2896,0.000984407607438092
"AAPL","elastic_net",2901,0.000999806866108363
"AAPL","elastic_net",2906,0.00105255211385946
"AAPL","elastic_net",2911,0.00101992468889977
"AAPL","elastic_net",2916,0.00104520742134217
"AAPL","elastic_net",2921,0.00103705018390168
"AAPL","elastic_net",2926,0.0010228838163386
"AAPL","elastic_net",2931,0.00102049630584639
"AAPL","elastic_net",2936,0.00100149428880454
"AAPL","elastic_net",2941,0.000978953114039807
"AAPL","elastic_net",2946,0.00099078377589017
"AAPL","elastic_net",2951,0.0010241810491518
"AAPL","elastic_net",2956,0.00103642933041672
"AAPL","elastic_net",2961,0.00104831837870034
"AAPL","elastic_net",2966,0.00103850665125965
"AAPL","elastic_net",2971,0.00104435717224998
"AAPL","elastic_net",2976,0.00103676228781853
"AAPL","elastic_net",2981,0.0010558703304052
"AAPL","elastic_net",2986,0.00101475943579702
"AAPL","elastic_net",2991,0.00104753486079385
"AAPL","elastic_net",2996,0.00105324871392842
"AAPL","elastic_net",3001,0.00103909005078776
"AAPL","elastic_net",3006,0.00103166153622958
"AAPL","elastic_net",3011,0.000945626267503682
"AAPL","elastic_net",3016,0.000952213158456063
"AAPL","elastic_net",3021,0.000943582356674712
"AAPL","elastic_net",3026,0.000944552717961567
"AAPL","elastic_net",3031,0.000954280749710064
"AAPL","elastic_net",3036,0.000942754384556397
"AAPL","elastic_net",3041,0.00099657723023384
"AAPL","elastic_net",3046,0.00098639889052969
"AAPL","elastic_net",3051,0.000988282920323129
"AAPL","elastic_net",3056,0.000949423084459617
"AAPL","elastic_net",3061,0.000923749144018701
"AAPL","elastic_net",3066,0.00089797283722627
"AAPL","elastic_net",3071,0.000958306584519427
"AAPL","elastic_net",3076,0.000999857113578061
"AAPL","elastic_net",3081,0.00103802613468789
"AAPL","elastic_net",3086,0.000997362170849998
"AAPL","elastic_net",3091,0.00102001209316014
"AAPL","elastic_net",3096,0.0010168366558199
"AAPL","elastic_net",3101,0.00101285529137183
"AAPL","elastic_net",3106,0.00109294776383461
"AAPL","elastic_net",3111,0.000984494865508528
"AAPL","elastic_net",3116,0.000866273588382095
"AAPL","elastic_net",3121,0.000867554693274402
"AAPL","elastic_net",3126,0.000899396594798408
"AAPL","elastic_net",3131,0.000826361858788779
"AAPL","elastic_net",3136,0.000745768339875011
"AAPL","elastic_net",3141,0.000792469578460632
"AAPL","elastic_net",3146,0.000823059880972155
"AAPL","elastic_net",3151,0.000793199411324998
"AAPL","elastic_net",3156,0.00075168690580695
"AAPL","elastic_net",3161,0.000736299460485362
"AAPL","elastic_net",3166,0.000723349675519221
"AAPL","elastic_net",3171,0.000716750191524855
"AAPL","elastic_net",3176,0.000728543496511162
"AAPL","elastic_net",3181,0.000680186490564421
"AAPL","elastic_net",3186,0.000651154914234607
"AAPL","elastic_net",3191,0.000633367384654202
"AAPL","elastic_net",3196,0.000509504428099475
"AAPL","elastic_net",3201,0.000538808828512003
"AAPL","elastic_net",3206,0.000550599332384976
"AAPL","elastic_net",3211,0.000598890974736723
"AAPL","elastic_net",3216,0.000577883643578384
"AAPL","elastic_net",3221,0.000595163312614863
"AAPL","elastic_net",3226,0.000630830047673842
"AAPL","elastic_net",3231,0.000596117362595916
"AAPL","elastic_net",3236,0.00060316245948437
"AAPL","elastic_net",3241,0.000624785460678514
"AAPL","elastic_net",3246,0.000651670850031309
"AAPL","elastic_net",3251,0.000739067257605555
"AAPL","elastic_net",3256,0.000712383305504181
"AAPL","elastic_net",3261,0.000682393584542485
"AAPL","elastic_net",3266,0.000725297234193312
"AAPL","elastic_net",3271,0.000776385867710264
"AAPL","elastic_net",3276,0.000839556741238007
"AAPL","elastic_net",3281,0.000856594069758536
"AAPL","elastic_net",3286,0.000896924317517649
"AAPL","elastic_net",3291,0.000860242338667929
"AAPL","elastic_net",3296,0.000827438609123893
"AAPL","elastic_net",3301,0.000861476671980251
"AAPL","elastic_net",3306,0.000809923262755147
"AAPL","elastic_net",3311,0.000802573078439485
"AAPL","elastic_net",3316,0.000774330864432775
"AAPL","elastic_net",3321,0.000799670717348354
"AAPL","elastic_net",3326,0.00082116355054182
"AAPL","elastic_net",3331,0.000812757395970354
"AAPL","elastic_net",3336,0.000805733308843303
"AAPL","elastic_net",3341,0.000796621387609604
"AAPL","elastic_net",3346,0.000808822111554358
"AAPL","elastic_net",3351,0.00080780881885392
"AAPL","elastic_net",3356,0.000794617521755328
"AAPL","elastic_net",3361,0.000813363251809939
"AAPL","elastic_net",3366,0.000819280715197446
"AAPL","elastic_net",3371,0.000821472788383595
"AAPL","elastic_net",3376,0.000851206802309688
"AAPL","elastic_net",3381,0.0008798818119048
"AAPL","elastic_net",3386,0.000900434836093436
"AAPL","elastic_net",3391,0.000896200308955929
"AAPL","elastic_net",3396,0.000939329999888377
"AAPL","elastic_net",3401,0.000916994316716528
"AAPL","elastic_net",3406,0.000949637184200322
"AAPL","elastic_net",3411,0.000956925629830295
"AAPL","elastic_net",3416,0.000962157386983171
"AAPL","elastic_net",3421,0.000927113770012023
"AAPL","elastic_net",3426,0.00094400028588956
"AAPL","elastic_net",3431,0.000957761260739485
"AAPL","elastic_net",3436,0.000973615633628705
"AAPL","elastic_net",3441,0.000975119596927196
"AAPL","elastic_net",3446,0.000941467170897745
"AAPL","elastic_net",3451,0.000952217410258313
"AAPL","elastic_net",3456,0.000906586265053361
"AAPL","elastic_net",3461,0.000890954791884221
"AAPL","elastic_net",3466,0.000883717421949296
"AAPL","elastic_net",3471,0.000866152291475988
"AAPL","elastic_net",3476,0.000870010747160585
"AAPL","elastic_net",3481,0.000874379700570262
"AAPL","elastic_net",3486,0.000900189109353675
"AAPL","elastic_net",3491,0.000925695652800047
"AAPL","elastic_net",3496,0.000916949209897726
"AAPL","elastic_net",3501,0.000905726857607054
"AAPL","elastic_net",3506,0.000893974022864726
"AAPL","elastic_net",3511,0.000924556621525439
"AAPL","elastic_net",3516,0.000903162747368504
"AAPL","elastic_net",3521,0.000906488125867078
"AAPL","elastic_net",3526,0.000898134176671787
"AAPL","elastic_net",3531,0.000900575135179069
"AAPL","elastic_net",3536,0.000922220363961861
"AAPL","elastic_net",3541,0.000914664073850134
"AAPL","elastic_net",3546,0.000932042029798665
"AAPL","elastic_net",3551,0.000914249329181086
"AAPL","elastic_net",3556,0.000905661141790866
"AAPL","elastic_net",3561,0.000919905938219576
"AAPL","elastic_net",3566,0.000865049493996948
"AAPL","elastic_net",3571,0.000869365311424401
"AAPL","elastic_net",3576,0.000892969600576846
"AAPL","elastic_net",3581,0.000880033056958583
"AAPL","elastic_net",3586,0.00088787669141572
"AAPL","elastic_net",3591,0.000866782487035591
"AAPL","elastic_net",3596,0.000851156225449063
"AAPL","elastic_net",3601,0.000872768064339751
"AAPL","elastic_net",3606,0.000861217229285469
"AAPL","elastic_net",3611,0.000863734875832638
"AAPL","elastic_net",3616,0.000884497611962635
"AAPL","elastic_net",3621,0.000870282351888493
"AAPL","elastic_net",3626,0.000879065294274449
"AAPL","elastic_net",3631,0.000865142848343773
"AAPL","elastic_net",3636,0.000874357035677982
"AAPL","elastic_net",3641,0.000854231587805846
"AAPL","elastic_net",3646,0.000823292085952681
"AAPL","elastic_net",3651,0.000834887004802389
"AAPL","elastic_net",3656,0.000865853712555731
"AAPL","elastic_net",3661,0.000861932731910407
"AAPL","elastic_net",3666,0.000863476234642495
"AAPL","elastic_net",3671,0.000767748918480832
"AAPL","elastic_net",3676,0.000780233987071807
"AAPL","elastic_net",3681,0.000778016216947849
"AAPL","elastic_net",3686,0.000779949484430728
"AAPL","elastic_net",3691,0.00072715775433135
"AAPL","elastic_net",3696,0.000719444670638883
"AAPL","elastic_net",3701,0.000722628691565613
"AAPL","elastic_net",3706,0.000729170546036894
"AAPL","elastic_net",3711,0.000672998362806776
"AAPL","elastic_net",3716,0.000706223222150287
"AAPL","elastic_net",3721,0.000725850377230193
"AAPL","elastic_net",3726,0.000719939702445271
"AAPL","elastic_net",3731,0.000721235177500651
"AAPL","elastic_net",3736,0.000732648097833526
"AAPL","elastic_net",3741,0.000731740172871533
"AAPL","elastic_net",3746,0.000733003783414645
"AAPL","elastic_net",3751,0.000749760160482618
"AAPL","elastic_net",3756,0.000751666419229422
"AAPL","elastic_net",3761,0.000741014846290549
"AAPL","elastic_net",3766,0.000699307233799431
"AAPL","elastic_net",3771,0.000704395682963661
"AAPL","elastic_net",3776,0.000699679749015149
"AAPL","elastic_net",3781,0.000679053274723941
"AAPL","elastic_net",3786,0.000616616496126694
"AAPL","elastic_net",3791,0.000683809632246187
"AAPL","elastic_net",3796,0.000722352337628638
"AAPL","elastic_net",3801,0.000761414760240617
"AAPL","elastic_net",3806,0.000763582242027725
"AAPL","elastic_net",3811,0.000712063395861514
"AAPL","elastic_net",3816,0.000709720315536163
"AAPL","elastic_net",3821,0.000676275542131333
"AAPL","elastic_net",3826,0.000696915873803887
"AAPL","elastic_net",3831,0.000678159509937307
"AAPL","elastic_net",3836,0.000682985714039594
"AAPL","elastic_net",3841,0.000938861474389227
"AAPL","elastic_net",3846,0.000866578059273684
"AAPL","elastic_net",3851,0.000898067719507441
"AAPL","elastic_net",3856,0.000904093895866108
"AAPL","elastic_net",3861,0.000914445384411524
"AAPL","elastic_net",3866,0.000906324184762004
"AAPL","elastic_net",3871,0.000899147078236606
"AAPL","elastic_net",3876,0.00090622107370591
"AAPL","elastic_net",3881,0.00093383473503457
"AAPL","elastic_net",3886,0.000908823156246015
"AAPL","elastic_net",3891,0.00091239641015928
"AAPL","elastic_net",3896,0.000946762371957053
"AAPL","elastic_net",3901,0.000946491962296015
"AAPL","elastic_net",3906,0.000949844657913706
"AAPL","elastic_net",3911,0.000964890705960195
"AAPL","elastic_net",3916,0.000941128540702365
"AAPL","elastic_net",3921,0.000936632604119439
"AAPL","elastic_net",3926,0.00095517450488559
"AAPL","elastic_net",3931,0.000951816437800095
"AAPL","elastic_net",3936,0.000967865585239736
"AAPL","elastic_net",3941,0.00103392813444371
"AAPL","elastic_net",3946,0.000974477486081247
"AAPL","elastic_net",3951,0.000980008895560156
"AAPL","elastic_net",3956,0.000964125103698398
"AAPL","elastic_net",3961,0.000969105426200763
"AAPL","elastic_net",3966,0.000979356999194159
"AAPL","elastic_net",3971,0.000989924208177405
"AAPL","elastic_net",3976,0.000958573828636828
"AAPL","elastic_net",3981,0.000962509765253977
"AAPL","elastic_net",3986,0.000962344790879705
"AAPL","elastic_net",3991,0.000949559658920596
"AAPL","elastic_net",3996,0.000956403673712364
"AAPL","elastic_net",4001,0.000959424549433072
"AAPL","elastic_net",4006,0.00093589477200501
"AAPL","elastic_net",4011,0.00093003476895864
"AAPL","elastic_net",4016,0.000931561447015398
"AAPL","elastic_net",4021,0.000927919805729677
"AAPL","elastic_net",4026,0.000901539093361193
"AAPL","elastic_net",4031,0.000906907586597152
"AAPL","elastic_net",4036,0.00084160623667598
"AAPL","elastic_net",4041,0.000861177602748632
"AAPL","elastic_net",4046,0.00085673604428333
"AAPL","elastic_net",4051,0.000849629902606797
"AAPL","elastic_net",4056,0.000852048129828297
"AAPL","elastic_net",4061,0.00086520212113762
"AAPL","elastic_net",4066,0.000855818127650611
"AAPL","elastic_net",4071,0.000854841761072274
"AAPL","elastic_net",4076,0.000823778972232696
"AAPL","elastic_net",4081,0.000829901842652324
"AAPL","elastic_net",4086,0.000841960573681453
"AAPL","elastic_net",4091,0.000852060143654385
"AAPL","elastic_net",4096,0.000830923908138036
"AAPL","elastic_net",4101,0.000831826178233208
"AAPL","elastic_net",4106,0.000838872497241152
"AAPL","elastic_net",4111,0.000837620299163066
"AAPL","elastic_net",4116,0.000832820544232393
"AAPL","elastic_net",4121,0.000848281706658374
"AAPL","elastic_net",4126,0.00084473899645894
"AAPL","elastic_net",4131,0.000820493751739284
"AAPL","elastic_net",4136,0.000791115758420939
"AAPL","elastic_net",4141,0.000784003548641441
"AAPL","elastic_net",4146,0.000769727888664759
"AAPL","elastic_net",4151,0.000757016186972162
"AAPL","elastic_net",4156,0.000741839928644621
"AAPL","elastic_net",4161,0.000747481560361009
"AAPL","elastic_net",4166,0.00076393275622041
"AAPL","elastic_net",4171,0.000799023441612496
"AAPL","elastic_net",4176,0.000778188554641601
"AAPL","elastic_net",4181,0.000803750135268138
"AAPL","elastic_net",4186,0.00080031621678614
"AAPL","elastic_net",4191,0.000846689628503474
"AAPL","elastic_net",4196,0.000840752199665442
"AAPL","elastic_net",4201,0.000845870327417174
"AAPL","elastic_net",4206,0.000830053595592987
"AAPL","random_forest",1001,-1.71408807627842e-05
"AAPL","random_forest",1006,-0.000128458934342333
"AAPL","random_forest",1011,-0.000160251956049509
"AAPL","random_forest",1016,-0.000167250140195507
"AAPL","random_forest",1021,-0.000168261435195322
"AAPL","random_forest",1026,-0.00032313735384536
"AAPL","random_forest",1031,-0.000332974345135449
"AAPL","random_forest",1036,-0.000427118717940157
"AAPL","random_forest",1041,-0.00035076202634052
"AAPL","random_forest",1046,-0.000346462110477286
"AAPL","random_forest",1051,-0.000346445088673453
"AAPL","random_forest",1056,-0.000319789262939947
"AAPL","random_forest",1061,-0.000311566985889032
"AAPL","random_forest",1066,-0.000312056503317693
"AAPL","random_forest",1071,-0.000388445066084351
"AAPL","random_forest",1076,-0.000362143059584002
"AAPL","random_forest",1081,-0.0003635552184198
"AAPL","random_forest",1086,-0.000154808090053831
"AAPL","random_forest",1091,-0.000141346997570986
"AAPL","random_forest",1096,-0.000124517745527767
"AAPL","random_forest",1101,-9.14091315345627e-05
"AAPL","random_forest",1106,6.27981017186694e-06
"AAPL","random_forest",1111,9.08812377073545e-06
"AAPL","random_forest",1116,4.19895257423178e-05
"AAPL","random_forest",1121,4.35936277609608e-05
"AAPL","random_forest",1126,1.0058012417851e-05
"AAPL","random_forest",1131,1.87401065603532e-05
"AAPL","random_forest",1136,9.80311053461314e-06
"AAPL","random_forest",1141,4.01125882945104e-05
"AAPL","random_forest",1146,-5.53364591342645e-06
"AAPL","random_forest",1151,-3.49968210400384e-05
"AAPL","random_forest",1156,-5.12125727589619e-05
"AAPL","random_forest",1161,-9.02891813105231e-05
"AAPL","random_forest",1166,-0.000119709193093561
"AAPL","random_forest",1171,-0.000102088549380932
"AAPL","random_forest",1176,-0.000146854576341803
"AAPL","random_forest",1181,-0.000148000430497779
"AAPL","random_forest",1186,-0.000151183364946556
"AAPL","random_forest",1191,-9.9261434931941e-05
"AAPL","random_forest",1196,-0.000110812960263091
"AAPL","random_forest",1201,-0.000107570683882038
"AAPL","random_forest",1206,-0.000103315942857915
"AAPL","random_forest",1211,2.25267991860898e-05
"AAPL","random_forest",1216,-6.47477492539679e-05
"AAPL","random_forest",1221,-7.67185165505815e-05
"AAPL","random_forest",1226,-1.02992427102925e-05
"AAPL","random_forest",1231,8.96615896896663e-05
"AAPL","random_forest",1236,6.43885544474781e-05
"AAPL","random_forest",1241,4.78918287720675e-05
"AAPL","random_forest",1246,5.76857615984586e-05
"AAPL","random_forest",1251,-3.00328010184391e-06
"AAPL","random_forest",1256,-2.51107362342906e-06
"AAPL","random_forest",1261,-2.23742776182805e-05
"AAPL","random_forest",1266,-2.31776793493447e-05
"AAPL","random_forest",1271,-0.000119844643327745
"AAPL","random_forest",1276,-0.000179396245114594
"AAPL","random_forest",1281,-0.000356852314240502
"AAPL","random_forest",1286,-0.00028669980148656
"AAPL","random_forest",1291,-0.000294455239079987
"AAPL","random_forest",1296,-0.000279918359928985
"AAPL","random_forest",1301,-0.00030377170396595
"AAPL","random_forest",1306,-0.000117767589089789
"AAPL","random_forest",1311,-0.00014495626679593
"AAPL","random_forest",1316,-0.000185969012797044
"AAPL","random_forest",1321,-0.000198448793373681
"AAPL","random_forest",1326,-0.000200829845519779
"AAPL","random_forest",1331,-0.000173006074467041
"AAPL","random_forest",1336,-0.0001517670043679
"AAPL","random_forest",1341,-0.00044707855657297
"AAPL","random_forest",1346,-0.000556230167229535
"AAPL","random_forest",1351,-0.000556792504853119
"AAPL","random_forest",1356,-0.00052635356338461
"AAPL","random_forest",1361,-0.000534011396559188
"AAPL","random_forest",1366,-0.000566243849013364
"AAPL","random_forest",1371,-0.000566516057983692
"AAPL","random_forest",1376,-0.000529651091179878
"AAPL","random_forest",1381,-0.000587505408426989
"AAPL","random_forest",1386,-0.000588910493129192
"AAPL","random_forest",1391,-0.000599010837789314
"AAPL","random_forest",1396,-0.00062951777325884
"AAPL","random_forest",1401,-0.000605836998380058
"AAPL","random_forest",1406,-0.000936717947123581
"AAPL","random_forest",1411,-0.00144618500664806
"AAPL","random_forest",1416,-0.00144253915998024
"AAPL","random_forest",1421,-0.00153151359842417
"AAPL","random_forest",1426,-0.00167107868771601
"AAPL","random_forest",1431,-0.00161124973843811
"AAPL","random_forest",1436,-0.00164125896213625
"AAPL","random_forest",1441,-0.00174160990877946
"AAPL","random_forest",1446,-0.00193647905801229
"AAPL","random_forest",1451,-0.00192663254001747
"AAPL","random_forest",1456,-0.00192569888261866
"AAPL","random_forest",1461,-0.00192572755806264
"AAPL","random_forest",1466,-0.00198474498459548
"AAPL","random_forest",1471,-0.00198479947555501
"AAPL","random_forest",1476,-0.00202136507828114
"AAPL","random_forest",1481,-0.00212213222533169
"AAPL","random_forest",1486,-0.0021396756058605
"AAPL","random_forest",1491,-0.00209758043265535
"AAPL","random_forest",1496,-0.00208416710596818
"AAPL","random_forest",1501,-0.0020620273820059
"AAPL","random_forest",1506,-0.00207535205601547
"AAPL","random_forest",1511,-0.00208832392351901
"AAPL","random_forest",1516,-0.00183633737628092
"AAPL","random_forest",1521,-0.00184976751788834
"AAPL","random_forest",1526,-0.00185529573071823
"AAPL","random_forest",1531,-0.00187290491956098
"AAPL","random_forest",1536,-0.00187379848102027
"AAPL","random_forest",1541,-0.0019930173149916
"AAPL","random_forest",1546,-0.00212761319258377
"AAPL","random_forest",1551,-0.00213563384151146
"AAPL","random_forest",1556,-0.00213812230837836
"AAPL","random_forest",1561,-0.00200382430195131
"AAPL","random_forest",1566,-0.00203046199476862
"AAPL","random_forest",1571,-0.00210116160200909
"AAPL","random_forest",1576,-0.00212335812991459
"AAPL","random_forest",1581,-0.0021312874160898
"AAPL","random_forest",1586,-0.00209844241531721
"AAPL","random_forest",1591,-0.00320302268157361
"AAPL","random_forest",1596,-0.00349209294744385
"AAPL","random_forest",1601,-0.00341816380032504
"AAPL","random_forest",1606,-0.003434685585736
"AAPL","random_forest",1611,-0.00340012950147698
"AAPL","random_forest",1616,-0.00343124023784182
"AAPL","random_forest",1621,-0.00344351460563476
"AAPL","random_forest",1626,-0.00351723318626087
"AAPL","random_forest",1631,-0.00350896247231413
"AAPL","random_forest",1636,-0.00351615857347402
"AAPL","random_forest",1641,-0.00351826350491414
"AAPL","random_forest",1646,-0.00345596332078838
"AAPL","random_forest",1651,-0.00343185429653896
"AAPL","random_forest",1656,-0.00332841238984589
"AAPL","random_forest",1661,-0.00326452437878615
"AAPL","random_forest",1666,-0.0031960779831344
"AAPL","random_forest",1671,-0.00326875358287076
"AAPL","random_forest",1676,-0.00327006410253159
"AAPL","random_forest",1681,-0.00327304593411354
"AAPL","random_forest",1686,-0.00325817469797373
"AAPL","random_forest",1691,-0.00326481280318067
"AAPL","random_forest",1696,-0.00326839643648742
"AAPL","random_forest",1701,-0.00327183027995391
"AAPL","random_forest",1706,-0.00327294517954653
"AAPL","random_forest",1711,-0.0032795592415589
"AAPL","random_forest",1716,-0.00326952543129029
"AAPL","random_forest",1721,-0.00333859269667412
"AAPL","random_forest",1726,-0.00334755646638908
"AAPL","random_forest",1731,-0.00337089382185505
"AAPL","random_forest",1736,-0.00337779264228101
"AAPL","random_forest",1741,-0.00334555609462023
"AAPL","random_forest",1746,-0.00336871923365671
"AAPL","random_forest",1751,-0.00337051954600452
"AAPL","random_forest",1756,-0.00337593360596478
"AAPL","random_forest",1761,-0.00338107580733286
"AAPL","random_forest",1766,-0.00342419431646646
"AAPL","random_forest",1771,-0.0034336111757686
"AAPL","random_forest",1776,-0.00343817107624846
"AAPL","random_forest",1781,-0.00344047360501991
"AAPL","random_forest",1786,-0.00338855269101613
"AAPL","random_forest",1791,-0.00339880960204191
"AAPL","random_forest",1796,-0.00340138506892131
"AAPL","random_forest",1801,-0.00340427317962044
"AAPL","random_forest",1806,-0.00342622703212735
"AAPL","random_forest",1811,-0.00354934020091272
"AAPL","random_forest",1816,-0.00392632970970728
"AAPL","random_forest",1821,-0.00390798003267402
"AAPL","random_forest",1826,-0.00388288422942592
"AAPL","random_forest",1831,-0.00393264386939365
"AAPL","random_forest",1836,-0.00394202883082089
"AAPL","random_forest",1841,-0.00394702910975659
"AAPL","random_forest",1846,-0.00423294547334237
"AAPL","random_forest",1851,-0.00427933173431746
"AAPL","random_forest",1856,-0.00439125722746339
"AAPL","random_forest",1861,-0.00439874955616449
"AAPL","random_forest",1866,-0.00440201328727872
"AAPL","random_forest",1871,-0.0044049381160981
"AAPL","random_forest",1876,-0.00451424549877387
"AAPL","random_forest",1881,-0.00451386084823519
"AAPL","random_forest",1886,-0.00451467461129992
"AAPL","random_forest",1891,-0.0045482896261864
"AAPL","random_forest",1896,-0.00449780016912023
"AAPL","random_forest",1901,-0.00449966165746528
"AAPL","random_forest",1906,-0.00451970352845246
"AAPL","random_forest",1911,-0.00449418413600413
"AAPL","random_forest",1916,-0.00442068459620003
"AAPL","random_forest",1921,-0.00441564336198321
"AAPL","random_forest",1926,-0.00441704237052287
"AAPL","random_forest",1931,-0.00442912865225095
"AAPL","random_forest",1936,-0.00449527413106912
"AAPL","random_forest",1941,-0.00446583889413965
"AAPL","random_forest",1946,-0.00452751279099597
"AAPL","random_forest",1951,-0.0045449035831511
"AAPL","random_forest",1956,-0.00453539364212962
"AAPL","random_forest",1961,-0.00453014934086872
"AAPL","random_forest",1966,-0.00454701727701111
"AAPL","random_forest",1971,-0.00434113218568971
"AAPL","random_forest",1976,-0.00430516876834227
"AAPL","random_forest",1981,-0.00431412463220103
"AAPL","random_forest",1986,-0.00431312617183561
"AAPL","random_forest",1991,-0.00432543380878322
"AAPL","random_forest",1996,-0.00432502184311655
"AAPL","random_forest",2001,-0.00432413465940719
"AAPL","random_forest",2006,-0.00435271961223166
"AAPL","random_forest",2011,-0.00435412423105495
"AAPL","random_forest",2016,-0.00433775047864975
"AAPL","random_forest",2021,-0.00432414066986184
"AAPL","random_forest",2026,-0.00437179022748367
"AAPL","random_forest",2031,-0.00436856458779
"AAPL","random_forest",2036,-0.00451260484618622
"AAPL","random_forest",2041,-0.00437025772791848
"AAPL","random_forest",2046,-0.00436571087822523
"AAPL","random_forest",2051,-0.00454158132755989
"AAPL","random_forest",2056,-0.00455106055766282
"AAPL","random_forest",2061,-0.00451875747900005
"AAPL","random_forest",2066,-0.00456032248673133
"AAPL","random_forest",2071,-0.00444389898472428
"AAPL","random_forest",2076,-0.00445687629664039
"AAPL","random_forest",2081,-0.00446488371856279
"AAPL","random_forest",2086,-0.00445141483857346
"AAPL","random_forest",2091,-0.00446352000530667
"AAPL","random_forest",2096,-0.00470529009272891
"AAPL","random_forest",2101,-0.00469731261261647
"AAPL","random_forest",2106,-0.00472683905148723
"AAPL","random_forest",2111,-0.00472886089755357
"AAPL","random_forest",2116,-0.00472829381985625
"AAPL","random_forest",2121,-0.00471715181473017
"AAPL","random_forest",2126,-0.00471561600556208
"AAPL","random_forest",2131,-0.00473087042913984
"AAPL","random_forest",2136,-0.0047306086246018
"AAPL","random_forest",2141,-0.00474471657509985
"AAPL","random_forest",2146,-0.00472770956910885
"AAPL","random_forest",2151,-0.00472832374685247
"AAPL","random_forest",2156,-0.00473648957658108
"AAPL","random_forest",2161,-0.00454152387632976
"AAPL","random_forest",2166,-0.00450864356531213
"AAPL","random_forest",2171,-0.00446341542412325
"AAPL","random_forest",2176,-0.00445924416536797
"AAPL","random_forest",2181,-0.00441635123558041
"AAPL","random_forest",2186,-0.00448101106751663
"AAPL","random_forest",2191,-0.00456047249851582
"AAPL","random_forest",2196,-0.00452190404451145
"AAPL","random_forest",2201,-0.00451249395726094
"AAPL","random_forest",2206,-0.00452385417558163
"AAPL","random_forest",2211,-0.00440765008182674
"AAPL","random_forest",2216,-0.00450046647493152
"AAPL","random_forest",2221,-0.00446651474777163
"AAPL","random_forest",2226,-0.00514200949885889
"AAPL","random_forest",2231,-0.00522871832038449
"AAPL","random_forest",2236,-0.00511357353145308
"AAPL","random_forest",2241,-0.00493873887874194
"AAPL","random_forest",2246,-0.00461252380799721
"AAPL","random_forest",2251,-0.00470390095852617
"AAPL","random_forest",2256,-0.00461456222076066
"AAPL","random_forest",2261,-0.00299034996757848
"AAPL","random_forest",2266,-0.00275151280707628
"AAPL","random_forest",2271,-0.00275731407744186
"AAPL","random_forest",2276,-0.00280913494766297
"AAPL","random_forest",2281,-0.00335992659700909
"AAPL","random_forest",2286,-0.00340400160915302
"AAPL","random_forest",2291,-0.00340304896213878
"AAPL","random_forest",2296,-0.00340520954708232
"AAPL","random_forest",2301,-0.00337939448528825
"AAPL","random_forest",2306,-0.0033801050709233
"AAPL","random_forest",2311,-0.00331144558031116
"AAPL","random_forest",2316,-0.00325785907358142
"AAPL","random_forest",2321,-0.00328749436725275
"AAPL","random_forest",2326,-0.00330714846344399
"AAPL","random_forest",2331,-0.00317987130961978
"AAPL","random_forest",2336,-0.0031797761443797
"AAPL","random_forest",2341,-0.00322210609654961
"AAPL","random_forest",2346,-0.00316028406356898
"AAPL","random_forest",2351,-0.00329046576670893
"AAPL","random_forest",2356,-0.00304556000059572
"AAPL","random_forest",2361,-0.00310527856445212
"AAPL","random_forest",2366,-0.00310400185209121
"AAPL","random_forest",2371,-0.00323087963024514
"AAPL","random_forest",2376,-0.00323192401986465
"AAPL","random_forest",2381,-0.00324112226154426
"AAPL","random_forest",2386,-0.00331590193552688
"AAPL","random_forest",2391,-0.00328778049164567
"AAPL","random_forest",2396,-0.00328764426280651
"AAPL","random_forest",2401,-0.00329102484523429
"AAPL","random_forest",2406,-0.00331401427868088
"AAPL","random_forest",2411,-0.00349582728770007
"AAPL","random_forest",2416,-0.00356643978342879
"AAPL","random_forest",2421,-0.00356292822055456
"AAPL","random_forest",2426,-0.00356231656729605
"AAPL","random_forest",2431,-0.00361857498135896
"AAPL","random_forest",2436,-0.00362956827119842
"AAPL","random_forest",2441,-0.00376964559701619
"AAPL","random_forest",2446,-0.00375921454497709
"AAPL","random_forest",2451,-0.00377876435930521
"AAPL","random_forest",2456,-0.0038190105749556
"AAPL","random_forest",2461,-0.00369551653115551
"AAPL","random_forest",2466,-0.00368645110816502
"AAPL","random_forest",2471,-0.00363145459568404
"AAPL","random_forest",2476,-0.0035941087666233
"AAPL","random_forest",2481,-0.00359089754437962
"AAPL","random_forest",2486,-0.00360468891755993
"AAPL","random_forest",2491,-0.00360403958431253
"AAPL","random_forest",2496,-0.0035512670748312
"AAPL","random_forest",2501,-0.00361386453931913
"AAPL","random_forest",2506,-0.00364356555685075
"AAPL","random_forest",2511,-0.0034190203343211
"AAPL","random_forest",2516,-0.00337987438362554
"AAPL","random_forest",2521,-0.00340319822941784
"AAPL","random_forest",2526,-0.00344697206411508
"AAPL","random_forest",2531,-0.00344396413132987
"AAPL","random_forest",2536,-0.0035307976836056
"AAPL","random_forest",2541,-0.00352328790649859
"AAPL","random_forest",2546,-0.00354017675627531
"AAPL","random_forest",2551,-0.0036108178560442
"AAPL","random_forest",2556,-0.00404753204780705
"AAPL","random_forest",2561,-0.00407892300931012
"AAPL","random_forest",2566,0.00076642125651566
"AAPL","random_forest",2571,0.000786305334782051
"AAPL","random_forest",2576,0.00160202143530468
"AAPL","random_forest",2581,0.00177647497405009
"AAPL","random_forest",2586,0.000775702706009087
"AAPL","random_forest",2591,0.00104406058905766
"AAPL","random_forest",2596,0.00101451181523692
"AAPL","random_forest",2601,0.000908701365285945
"AAPL","random_forest",2606,0.000923767790682653
"AAPL","random_forest",2611,0.000875684260478412
"AAPL","random_forest",2616,0.000852361532363732
"AAPL","random_forest",2621,0.000858689081601167
"AAPL","random_forest",2626,0.000959729974878842
"AAPL","random_forest",2631,0.00100831881513323
"AAPL","random_forest",2636,0.00116930700386398
"AAPL","random_forest",2641,0.00113566060557843
"AAPL","random_forest",2646,0.00118686649435958
"AAPL","random_forest",2651,0.00122757699571584
"AAPL","random_forest",2656,0.00123447892040669
"AAPL","random_forest",2661,0.00118262456146854
"AAPL","random_forest",2666,0.00116722037455935
"AAPL","random_forest",2671,0.0012923732561948
"AAPL","random_forest",2676,0.00129067796435678
"AAPL","random_forest",2681,0.00135965950132027
"AAPL","random_forest",2686,0.00124276382203442
"AAPL","random_forest",2691,-0.000370414754064908
"AAPL","random_forest",2696,-0.000792012062341019
"AAPL","random_forest",2701,-0.00107758234098705
"AAPL","random_forest",2706,-0.00113921521909338
"AAPL","random_forest",2711,-0.00113901806933886
"AAPL","random_forest",2716,-0.00113931995026206
"AAPL","random_forest",2721,-0.00111018635288213
"AAPL","random_forest",2726,-0.00128606247627763
"AAPL","random_forest",2731,-0.0012589687107283
"AAPL","random_forest",2736,-0.00125346625669497
"AAPL","random_forest",2741,-0.00129545129337206
"AAPL","random_forest",2746,-0.00131666106052528
"AAPL","random_forest",2751,-0.00134838841129307
"AAPL","random_forest",2756,-0.00137256076816476
"AAPL","random_forest",2761,-0.00160562974486507
"AAPL","random_forest",2766,-0.00140270153708031
"AAPL","random_forest",2771,-0.00150316559584481
"AAPL","random_forest",2776,-0.00150121623137694
"AAPL","random_forest",2781,-0.00165370961815704
"AAPL","random_forest",2786,-0.00163686356829164
"AAPL","random_forest",2791,-0.00168268096794858
"AAPL","random_forest",2796,-0.0017306460598787
"AAPL","random_forest",2801,-0.00171903137206583
"AAPL","random_forest",2806,-0.00218187724851285
"AAPL","random_forest",2811,-0.00208834397462577
"AAPL","random_forest",2816,-0.00215832070280195
"AAPL","random_forest",2821,-0.00252103920205699
"AAPL","random_forest",2826,-0.00254735725809428
"AAPL","random_forest",2831,-0.00257727160329383
"AAPL","random_forest",2836,-0.00248375271612161
"AAPL","random_forest",2841,-0.0024924964884384
"AAPL","random_forest",2846,-0.00242899673671982
"AAPL","random_forest",2851,-0.00267799418110155
"AAPL","random_forest",2856,-0.0026774845219419
"AAPL","random_forest",2861,-0.00275911340170873
"AAPL","random_forest",2866,-0.00274025157682865
"AAPL","random_forest",2871,-0.00276042831770561
"AAPL","random_forest",2876,-0.00276042265904195
"AAPL","random_forest",2881,-0.00273568294554628
"AAPL","random_forest",2886,-0.00272297047544272
"AAPL","random_forest",2891,-0.00269112381052955
"AAPL","random_forest",2896,-0.00266610636378986
"AAPL","random_forest",2901,-0.00264155405292913
"AAPL","random_forest",2906,-0.00249364152443908
"AAPL","random_forest",2911,-0.00251533188321366
"AAPL","random_forest",2916,-0.00252328227130993
"AAPL","random_forest",2921,-0.00252122350038996
"AAPL","random_forest",2926,-0.00255133236117656
"AAPL","random_forest",2931,-0.00255097294462821
"AAPL","random_forest",2936,-0.00259961905460829
"AAPL","random_forest",2941,-0.0025979823759939
"AAPL","random_forest",2946,-0.00260646088248983
"AAPL","random_forest",2951,-0.00266896297547458
"AAPL","random_forest",2956,-0.00270040754113081
"AAPL","random_forest",2961,-0.00273141432900559
"AAPL","random_forest",2966,-0.00273579100926598
"AAPL","random_forest",2971,-0.00272567864627597
"AAPL","random_forest",2976,-0.00273704879558255
"AAPL","random_forest",2981,-0.00267479807869929
"AAPL","random_forest",2986,-0.00271343296868308
"AAPL","random_forest",2991,-0.0026883268389149
"AAPL","random_forest",2996,-0.00267757926195718
"AAPL","random_forest",3001,-0.00265285824403849
"AAPL","random_forest",3006,-0.00265609273684737
"AAPL","random_forest",3011,-0.0032001819831057
"AAPL","random_forest",3016,-0.0032157825898662
"AAPL","random_forest",3021,-0.00324671401081032
"AAPL","random_forest",3026,-0.0032459312861888
"AAPL","random_forest",3031,-0.00327631404360754
"AAPL","random_forest",3036,-0.00328776376652599
"AAPL","random_forest",3041,-0.00335944910365429
"AAPL","random_forest",3046,-0.00335857891634169
"AAPL","random_forest",3051,-0.00336350771796821
"AAPL","random_forest",3056,-0.00348175040877123
"AAPL","random_forest",3061,-0.00350510088244956
"AAPL","random_forest",3066,-0.00354946231287114
"AAPL","random_forest",3071,-0.00322501956252386
"AAPL","random_forest",3076,-0.00316364027923438
"AAPL","random_forest",3081,-0.00321740519537726
"AAPL","random_forest",3086,-0.00318329840341076
"AAPL","random_forest",3091,-0.00311909883993797
"AAPL","random_forest",3096,-0.00312821698487121
"AAPL","random_forest",3101,-0.00313700678520172
"AAPL","random_forest",3106,-0.002913553076751
"AAPL","random_forest",3111,-0.00296038152964955
"AAPL","random_forest",3116,-0.00268112588465627
"AAPL","random_forest",3121,-0.00269657725433095
"AAPL","random_forest",3126,-0.00266571258698187
"AAPL","random_forest",3131,-0.00246074732322279
"AAPL","random_forest",3136,-0.00280228617362048
"AAPL","random_forest",3141,-0.00281289545956608
"AAPL","random_forest",3146,-0.00297340927075468
"AAPL","random_forest",3151,-0.00294796696143687
"AAPL","random_forest",3156,-0.00307611705717815
"AAPL","random_forest",3161,-0.00318724736862777
"AAPL","random_forest",3166,-0.00321431920576748
"AAPL","random_forest",3171,-0.00321198852785098
"AAPL","random_forest",3176,-0.00318787560314276
"AAPL","random_forest",3181,-0.00317480425262908
"AAPL","random_forest",3186,-0.00315047382386053
"AAPL","random_forest",3191,-0.00314578005541087
"AAPL","random_forest",3196,-0.00363329584403425
"AAPL","random_forest",3201,-0.00375470099344318
"AAPL","random_forest",3206,-0.00378590013381539
"AAPL","random_forest",3211,-0.00370358460488427
"AAPL","random_forest",3216,-0.00362057427322081
"AAPL","random_forest",3221,-0.00356248860038207
"AAPL","random_forest",3226,-0.0035064588486416
"AAPL","random_forest",3231,-0.00372074924258506
"AAPL","random_forest",3236,-0.0037070934612385
"AAPL","random_forest",3241,-0.00373881859815195
"AAPL","random_forest",3246,-0.00395532135327523
"AAPL","random_forest",3251,-0.0042872391440552
"AAPL","random_forest",3256,-0.0042739607162438
"AAPL","random_forest",3261,-0.00443479531805416
"AAPL","random_forest",3266,-0.0041413139864935
"AAPL","random_forest",3271,-0.00380800617966323
"AAPL","random_forest",3276,-0.00416281376471751
"AAPL","random_forest",3281,-0.00411710201894054
"AAPL","random_forest",3286,-0.00410496957326021
"AAPL","random_forest",3291,-0.00408990030357398
"AAPL","random_forest",3296,-0.0040884948566572
"AAPL","random_forest",3301,-0.00399061822748957
"AAPL","random_forest",3306,-0.00393754911363881
"AAPL","random_forest",3311,-0.00393940338642937
"AAPL","random_forest",3316,-0.00397680849940518
"AAPL","random_forest",3321,-0.00409741630242299
"AAPL","random_forest",3326,-0.0040442995237286
"AAPL","random_forest",3331,-0.00405038306077094
"AAPL","random_forest",3336,-0.00407771427029236
"AAPL","random_forest",3341,-0.00407703941690309
"AAPL","random_forest",3346,-0.00406248647644685
"AAPL","random_forest",3351,-0.00406421996270099
"AAPL","random_forest",3356,-0.00409609228655992
"AAPL","random_forest",3361,-0.00406376604851587
"AAPL","random_forest",3366,-0.00406563233609058
"AAPL","random_forest",3371,-0.00406308715741357
"AAPL","random_forest",3376,-0.00406481799997574
"AAPL","random_forest",3381,-0.00399333727296052
"AAPL","random_forest",3386,-0.00396786063691887
"AAPL","random_forest",3391,-0.00396828508313035
"AAPL","random_forest",3396,-0.00404576954169447
"AAPL","random_forest",3401,-0.00405730901629139
"AAPL","random_forest",3406,-0.00404847552585686
"AAPL","random_forest",3411,-0.00406742986189639
"AAPL","random_forest",3416,-0.00406162321659663
"AAPL","random_forest",3421,-0.00398827644774601
"AAPL","random_forest",3426,-0.00390784488731388
"AAPL","random_forest",3431,-0.00385577790398731
"AAPL","random_forest",3436,-0.00384731290809299
"AAPL","random_forest",3441,-0.00384678719193349
"AAPL","random_forest",3446,-0.00397610155714058
"AAPL","random_forest",3451,-0.00399597803378462
"AAPL","random_forest",3456,-0.00394707884542398
"AAPL","random_forest",3461,-0.00392357401945224
"AAPL","random_forest",3466,-0.00393742869638141
"AAPL","random_forest",3471,-0.00392377974804318
"AAPL","random_forest",3476,-0.00393297107428714
"AAPL","random_forest",3481,-0.0039252985140783
"AAPL","random_forest",3486,-0.0039009696292987
"AAPL","random_forest",3491,-0.00387468224420302
"AAPL","random_forest",3496,-0.00389251218795193
"AAPL","random_forest",3501,-0.0038952741615715
"AAPL","random_forest",3506,-0.00391612134339114
"AAPL","random_forest",3511,-0.0039448526125082
"AAPL","random_forest",3516,-0.00395551927793642
"AAPL","random_forest",3521,-0.00395172838458161
"AAPL","random_forest",3526,-0.00395009081400871
"AAPL","random_forest",3531,-0.00394794361469123
"AAPL","random_forest",3536,-0.00391849072067964
"AAPL","random_forest",3541,-0.00391458435947693
"AAPL","random_forest",3546,-0.00390336400560161
"AAPL","random_forest",3551,-0.00390948490266579
"AAPL","random_forest",3556,-0.00391962655993458
"AAPL","random_forest",3561,-0.00388408002296542
"AAPL","random_forest",3566,-0.00416563087520066
"AAPL","random_forest",3571,-0.00415793524454772
"AAPL","random_forest",3576,-0.00412933596579236
"AAPL","random_forest",3581,-0.00416409997467712
"AAPL","random_forest",3586,-0.00415228129461542
"AAPL","random_forest",3591,-0.00418413657049059
"AAPL","random_forest",3596,-0.00421378733445877
"AAPL","random_forest",3601,-0.00426377258151027
"AAPL","random_forest",3606,-0.00426745601026741
"AAPL","random_forest",3611,-0.00427023129744254
"AAPL","random_forest",3616,-0.00419182762566057
"AAPL","random_forest",3621,-0.0042600895727363
"AAPL","random_forest",3626,-0.00426223786067451
"AAPL","random_forest",3631,-0.00429208214559731
"AAPL","random_forest",3636,-0.00430401923183108
"AAPL","random_forest",3641,-0.00427391330018126
"AAPL","random_forest",3646,-0.00430269666837499
"AAPL","random_forest",3651,-0.00426525083767857
"AAPL","random_forest",3656,-0.00428261014865706
"AAPL","random_forest",3661,-0.00428133828318852
"AAPL","random_forest",3666,-0.00428092859295346
"AAPL","random_forest",3671,-0.00396791828015047
"AAPL","random_forest",3676,-0.00399553554826989
"AAPL","random_forest",3681,-0.00400754176978059
"AAPL","random_forest",3686,-0.00401106820728196
"AAPL","random_forest",3691,-0.00389601613822697
"AAPL","random_forest",3696,-0.00394033280605848
"AAPL","random_forest",3701,-0.00397893304864602
"AAPL","random_forest",3706,-0.00396887384012544
"AAPL","random_forest",3711,-0.00413192912086964
"AAPL","random_forest",3716,-0.00423999151657906
"AAPL","random_forest",3721,-0.00419206920281392
"AAPL","random_forest",3726,-0.00419254982855512
"AAPL","random_forest",3731,-0.00419134949788143
"AAPL","random_forest",3736,-0.00417981419009402
"AAPL","random_forest",3741,-0.00418022418943073
"AAPL","random_forest",3746,-0.00417899041030468
"AAPL","random_forest",3751,-0.00411265597814392
"AAPL","random_forest",3756,-0.00411051496748188
"AAPL","random_forest",3761,-0.00413537520980545
"AAPL","random_forest",3766,-0.00405104676506919
"AAPL","random_forest",3771,-0.00405267958185975
"AAPL","random_forest",3776,-0.004059271989609
"AAPL","random_forest",3781,-0.00402921536282776
"AAPL","random_forest",3786,-0.00406949939864667
"AAPL","random_forest",3791,-0.00415316051273276
"AAPL","random_forest",3796,-0.00414542527181204
"AAPL","random_forest",3801,-0.0042870598173256
"AAPL","random_forest",3806,-0.00428484169788395
"AAPL","random_forest",3811,-0.0043721170353172
"AAPL","random_forest",3816,-0.00437258103426386
"AAPL","random_forest",3821,-0.00456019760288086
"AAPL","random_forest",3826,-0.00447372252853053
"AAPL","random_forest",3831,-0.00447575526668819
"AAPL","random_forest",3836,-0.00446913157191904
"AAPL","random_forest",3841,0.00178175315897383
"AAPL","random_forest",3846,0.00299127148240919
"AAPL","random_forest",3851,0.0031426116766518
"AAPL","random_forest",3856,0.0031517815936594
"AAPL","random_forest",3861,0.00318221962763873
"AAPL","random_forest",3866,0.00315025298662761
"AAPL","random_forest",3871,0.00316020214420761
"AAPL","random_forest",3876,0.00313057754166812
"AAPL","random_forest",3881,0.00307707501754358
"AAPL","random_forest",3886,0.00311703475354512
"AAPL","random_forest",3891,0.00310520386946157
"AAPL","random_forest",3896,0.00316839327666762
"AAPL","random_forest",3901,0.00315369070775253
"AAPL","random_forest",3906,0.00315917529244895
"AAPL","random_forest",3911,0.00318417566502656
"AAPL","random_forest",3916,0.00315482214036526
"AAPL","random_forest",3921,0.00315485524541574
"AAPL","random_forest",3926,0.00316225381874378
"AAPL","random_forest",3931,0.0031569840994813
"AAPL","random_forest",3936,0.00309822775136323
"AAPL","random_forest",3941,0.00322267957162979
"AAPL","random_forest",3946,0.00318553133127138
"AAPL","random_forest",3951,0.00317806578780755
"AAPL","random_forest",3956,0.00316581992031173
"AAPL","random_forest",3961,0.00317567636312498
"AAPL","random_forest",3966,0.00319374871231545
"AAPL","random_forest",3971,0.00315133837709913
"AAPL","random_forest",3976,0.00308871190964264
"AAPL","random_forest",3981,0.00309535696331968
"AAPL","random_forest",3986,0.003095050680643
"AAPL","random_forest",3991,0.00309002338067176
"AAPL","random_forest",3996,0.00308952085187323
"AAPL","random_forest",4001,0.003093886438618
"AAPL","random_forest",4006,0.00307280810344028
"AAPL","random_forest",4011,0.00307287895131495
"AAPL","random_forest",4016,0.00307212098842991
"AAPL","random_forest",4021,0.00307387183084506
"AAPL","random_forest",4026,0.00307586357221699
"AAPL","random_forest",4031,0.00308051535500977
"AAPL","random_forest",4036,0.00309731164005573
"AAPL","random_forest",4041,0.00310676728371704
"AAPL","random_forest",4046,0.00310278431745792
"AAPL","random_forest",4051,0.00308317892068161
"AAPL","random_forest",4056,0.00308595047798253
"AAPL","random_forest",4061,0.00312275839765136
"AAPL","random_forest",4066,0.0031421027699389
"AAPL","random_forest",4071,0.0031362303530837
"AAPL","random_forest",4076,0.00311345858798707
"AAPL","random_forest",4081,0.00312631752470077
"AAPL","random_forest",4086,0.00313912550720487
"AAPL","random_forest",4091,0.00317034657449282
"AAPL","random_forest",4096,0.00311365410458108
"AAPL","random_forest",4101,0.00310224602744932
"AAPL","random_forest",4106,0.00310446607874564
"AAPL","random_forest",4111,0.00310223616987538
"AAPL","random_forest",4116,0.00308508948645936
"AAPL","random_forest",4121,0.00309770445289942
"AAPL","random_forest",4126,0.00308451642921531
"AAPL","random_forest",4131,0.00309806105579792
"AAPL","random_forest",4136,0.00304865271174325
"AAPL","random_forest",4141,0.00303889994294459
"AAPL","random_forest",4146,0.00308594920588066
"AAPL","random_forest",4151,0.0030658296164182
"AAPL","random_forest",4156,0.00306913332397525
"AAPL","random_forest",4161,0.00307799300623547
"AAPL","random_forest",4166,0.00310305917001982
"AAPL","random_forest",4171,0.00296164283176492
"AAPL","random_forest",4176,0.00300270523928818
"AAPL","random_forest",4181,0.00291665436569897
"AAPL","random_forest",4186,0.00290047319563461
"AAPL","random_forest",4191,0.00303166419016618
"AAPL","random_forest",4196,0.00303699336392986
"AAPL","random_forest",4201,0.00304036665828975
"AAPL","random_forest",4206,0.00303154618860712
"AAPL","arma_garch",1001,0.000110138853432523
"AAPL","arma_garch",1006,0.000142685545604573
"AAPL","arma_garch",1011,0.000159294779451341
"AAPL","arma_garch",1016,0.000216381690901433
"AAPL","arma_garch",1021,0.000239315695560639
"AAPL","arma_garch",1026,0.000231927243691103
"AAPL","arma_garch",1031,0.000246239781109733
"AAPL","arma_garch",1036,0.000288391142236954
"AAPL","arma_garch",1041,0.000255155036080974
"AAPL","arma_garch",1046,0.000245596605302515
"AAPL","arma_garch",1051,0.000242021566433
"AAPL","arma_garch",1056,0.00020857099638412
"AAPL","arma_garch",1061,0.000228539094097862
"AAPL","arma_garch",1066,0.000223479829909639
"AAPL","arma_garch",1071,0.000185217087905437
"AAPL","arma_garch",1076,0.000163593182747907
"AAPL","arma_garch",1081,0.000193346751083088
"AAPL","arma_garch",1086,0.000293137933349191
"AAPL","arma_garch",1091,0.000328892415242007
"AAPL","arma_garch",1096,0.000360184015529752
"AAPL","arma_garch",1101,0.000390187277932152
"AAPL","arma_garch",1106,0.000438491773595811
"AAPL","arma_garch",1111,0.000474611417174354
"AAPL","arma_garch",1116,0.000488599889335098
"AAPL","arma_garch",1121,0.000483255579998823
"AAPL","arma_garch",1126,0.00046428681535066
"AAPL","arma_garch",1131,0.000480049090084455
"AAPL","arma_garch",1136,0.000479262674170716
"AAPL","arma_garch",1141,0.000461392503328577
"AAPL","arma_garch",1146,0.000531519995440007
"AAPL","arma_garch",1151,0.000522531243099541
"AAPL","arma_garch",1156,0.000515465997060707
"AAPL","arma_garch",1161,0.000551792774365404
"AAPL","arma_garch",1166,0.000550816513305205
"AAPL","arma_garch",1171,0.000584420059723902
"AAPL","arma_garch",1176,0.000557191457177608
"AAPL","arma_garch",1181,0.000567690098445003
"AAPL","arma_garch",1186,0.000571636372002034
"AAPL","arma_garch",1191,0.000452702387146473
"AAPL","arma_garch",1196,0.000472159535772646
"AAPL","arma_garch",1201,0.000476401220664625
"AAPL","arma_garch",1206,0.000435544513255527
"AAPL","arma_garch",1211,0.000485290827521426
"AAPL","arma_garch",1216,0.000473299912092614
"AAPL","arma_garch",1221,0.000479521220087006
"AAPL","arma_garch",1226,0.000520608859259839
"AAPL","arma_garch",1231,0.000562276126519332
"AAPL","arma_garch",1236,0.000558041605581411
"AAPL","arma_garch",1241,0.000542437245909033
"AAPL","arma_garch",1246,0.000487023352299797
"AAPL","arma_garch",1251,0.00046037558378764
"AAPL","arma_garch",1256,0.000455746940943326
"AAPL","arma_garch",1261,0.000453603155946872
"AAPL","arma_garch",1266,0.000478768076774599
"AAPL","arma_garch",1271,0.00050007802826835
"AAPL","arma_garch",1276,0.000663931265083928
"AAPL","arma_garch",1281,0.000684730858782008
"AAPL","arma_garch",1286,0.000752441793870663
"AAPL","arma_garch",1291,0.000743815914399377
"AAPL","arma_garch",1296,0.000779529394191365
"AAPL","arma_garch",1301,0.000723985038551313
"AAPL","arma_garch",1306,0.000778327604927635
"AAPL","arma_garch",1311,0.000751756843193128
"AAPL","arma_garch",1316,0.000771282217518002
"AAPL","arma_garch",1321,0.000795975992436661
"AAPL","arma_garch",1326,0.000806742950724385
"AAPL","arma_garch",1331,0.000769393748127458
"AAPL","arma_garch",1336,0.00078150633603022
"AAPL","arma_garch",1341,0.000871520931782383
"AAPL","arma_garch",1346,0.00092679484091452
"AAPL","arma_garch",1351,0.000920177178190987
"AAPL","arma_garch",1356,0.000944508222377578
"AAPL","arma_garch",1361,0.000948267370615674
"AAPL","arma_garch",1366,0.000925635531314481
"AAPL","arma_garch",1371,0.00091727101727834
"AAPL","arma_garch",1376,0.00093834635777649
"AAPL","arma_garch",1381,0.000884605519496599
"AAPL","arma_garch",1386,0.000875278018907052
"AAPL","arma_garch",1391,0.000871983207470807
"AAPL","arma_garch",1396,0.000840511851182489
"AAPL","arma_garch",1401,0.000852611456743632
"AAPL","arma_garch",1406,0.0007575969449871
"AAPL","arma_garch",1411,0.000603185630826796
"AAPL","arma_garch",1416,0.000585044565290204
"AAPL","arma_garch",1421,0.000600103468922486
"AAPL","arma_garch",1426,0.000471570951922913
"AAPL","arma_garch",1431,0.00041588061524117
"AAPL","arma_garch",1436,0.000417058304628596
"AAPL","arma_garch",1441,0.0004375160411059
"AAPL","arma_garch",1446,0.000466905219495632
"AAPL","arma_garch",1451,0.000451880592563486
"AAPL","arma_garch",1456,0.000410822684062269
"AAPL","arma_garch",1461,0.000408688692894108
"AAPL","arma_garch",1466,0.000517892115600086
"AAPL","arma_garch",1471,0.000503174648230111
"AAPL","arma_garch",1476,0.000485670293515349
"AAPL","arma_garch",1481,0.000569621072096845
"AAPL","arma_garch",1486,0.000547964567223441
"AAPL","arma_garch",1491,0.000520371579265491
"AAPL","arma_garch",1496,0.000531543679520429
"AAPL","arma_garch",1501,0.000474017930088416
"AAPL","arma_garch",1506,0.000458366895505
"AAPL","arma_garch",1511,0.000458896594625525
"AAPL","arma_garch",1516,0.000499054816480526
"AAPL","arma_garch",1521,0.000484717524953817
"AAPL","arma_garch",1526,0.000496891676556116
"AAPL","arma_garch",1531,0.000444526382160317
"AAPL","arma_garch",1536,0.000442455580336013
"AAPL","arma_garch",1541,0.000478716500687757
"AAPL","arma_garch",1546,0.000513938051378473
"AAPL","arma_garch",1551,0.000517844607336298
"AAPL","arma_garch",1556,0.000518506609728288
"AAPL","arma_garch",1561,0.000550000827901093
"AAPL","arma_garch",1566,0.00053455167550249
"AAPL","arma_garch",1571,0.000519922743797139
"AAPL","arma_garch",1576,0.000459942575525475
"AAPL","arma_garch",1581,0.000459612461825102
"AAPL","arma_garch",1586,0.000429116906770833
"AAPL","arma_garch",1591,0.000345388162914648
"AAPL","arma_garch",1596,0.000332902913900359
"AAPL","arma_garch",1601,0.000274296943495979
"AAPL","arma_garch",1606,0.000263662856034437
"AAPL","arma_garch",1611,0.000281233896751845
"AAPL","arma_garch",1616,0.000284707730924872
"AAPL","arma_garch",1621,0.000263361819576649
"AAPL","arma_garch",1626,0.000205780495959888
"AAPL","arma_garch",1631,0.000134852989855799
"AAPL","arma_garch",1636,0.000140749906959629
"AAPL","arma_garch",1641,0.000146813974718361
"AAPL","arma_garch",1646,0.000171095467713382
"AAPL","arma_garch",1651,0.000136687253286461
"AAPL","arma_garch",1656,0.000177964235842996
"AAPL","arma_garch",1661,0.000196622255667019
"AAPL","arma_garch",1666,0.000224319010822293
"AAPL","arma_garch",1671,0.000203758327382324
"AAPL","arma_garch",1676,0.000199556582955543
"AAPL","arma_garch",1681,0.000197405114760636
"AAPL","arma_garch",1686,0.000253068020117811
"AAPL","arma_garch",1691,0.000251379344386957
"AAPL","arma_garch",1696,0.000254418384798444
"AAPL","arma_garch",1701,0.00026333766899596
"AAPL","arma_garch",1706,0.000267105810936399
"AAPL","arma_garch",1711,0.000263942416688892
"AAPL","arma_garch",1716,0.000274892697700476
"AAPL","arma_garch",1721,0.000228812491111012
"AAPL","arma_garch",1726,0.000241452538160081
"AAPL","arma_garch",1731,0.000271570667567047
"AAPL","arma_garch",1736,0.000271634711550019
"AAPL","arma_garch",1741,0.00024988310794265
"AAPL","arma_garch",1746,0.000271889099431206
"AAPL","arma_garch",1751,0.000270393201552466
"AAPL","arma_garch",1756,0.000271197098107014
"AAPL","arma_garch",1761,0.000269072507844331
"AAPL","arma_garch",1766,0.000294695671326049
"AAPL","arma_garch",1771,0.000288888426019621
"AAPL","arma_garch",1776,0.000288978975621761
"AAPL","arma_garch",1781,0.0002807579583998
"AAPL","arma_garch",1786,0.000302706604838106
"AAPL","arma_garch",1791,0.000323360312583818
"AAPL","arma_garch",1796,0.000339921317060359
"AAPL","arma_garch",1801,0.000339340532284026
"AAPL","arma_garch",1806,0.0003410054922811
"AAPL","arma_garch",1811,0.000335296024784932
"AAPL","arma_garch",1816,0.000303234806800423
"AAPL","arma_garch",1821,0.00035552062677332
"AAPL","arma_garch",1826,0.00037343014594805
"AAPL","arma_garch",1831,0.000343002498766812
"AAPL","arma_garch",1836,0.000331464852744069
"AAPL","arma_garch",1841,0.00031406896641132
"AAPL","arma_garch",1846,0.00030421260643528
"AAPL","arma_garch",1851,0.000289832189466237
"AAPL","arma_garch",1856,0.000197376366214039
"AAPL","arma_garch",1861,0.000187660296961422
"AAPL","arma_garch",1866,0.000193187495600317
"AAPL","arma_garch",1871,0.000184922829306796
"AAPL","arma_garch",1876,0.000167622853826152
"AAPL","arma_garch",1881,0.000161659597727936
"AAPL","arma_garch",1886,0.000121398646235877
"AAPL","arma_garch",1891,0.000145963301095503
"AAPL","arma_garch",1896,0.00016650261946074
"AAPL","arma_garch",1901,0.000163566188645408
"AAPL","arma_garch",1906,0.000143333457916909
"AAPL","arma_garch",1911,0.000155393570631391
"AAPL","arma_garch",1916,0.000189870442813695
"AAPL","arma_garch",1921,0.00018217101771957
"AAPL","arma_garch",1926,0.000190197922310939
"AAPL","arma_garch",1931,0.000189256638572116
"AAPL","arma_garch",1936,0.000234899948822491
"AAPL","arma_garch",1941,0.000213075589994164
"AAPL","arma_garch",1946,0.000187910091154546
"AAPL","arma_garch",1951,0.000181143946114429
"AAPL","arma_garch",1956,0.000188372820726014
"AAPL","arma_garch",1961,0.000233292155558488
"AAPL","arma_garch",1966,0.000230357651859529
"AAPL","arma_garch",1971,0.00028552765280496
"AAPL","arma_garch",1976,0.000310262254633042
"AAPL","arma_garch",1981,0.000298023168584521
"AAPL","arma_garch",1986,0.000293687451356169
"AAPL","arma_garch",1991,0.000276572245859135
"AAPL","arma_garch",1996,0.000272384787334527
"AAPL","arma_garch",2001,0.000256256598963638
"AAPL","arma_garch",2006,0.00022707156862311
"AAPL","arma_garch",2011,0.000225872660347606
"AAPL","arma_garch",2016,0.000236130410439251
"AAPL","arma_garch",2021,0.000249035795903024
"AAPL","arma_garch",2026,0.000235784109607385
"AAPL","arma_garch",2031,0.000240152228283128
"AAPL","arma_garch",2036,0.000123665168997791
"AAPL","arma_garch",2041,0.000153456152061846
"AAPL","arma_garch",2046,0.000143389525301611
"AAPL","arma_garch",2051,0.000191648537021378
"AAPL","arma_garch",2056,0.000198830598343901
"AAPL","arma_garch",2061,0.000221719783667494
"AAPL","arma_garch",2066,0.000180871230193187
"AAPL","arma_garch",2071,0.000297407009796315
"AAPL","arma_garch",2076,0.000321170048256045
"AAPL","arma_garch",2081,0.000365844423495798
"AAPL","arma_garch",2086,0.00039819281573572
"AAPL","arma_garch",2091,0.000361912809771386
"AAPL","arma_garch",2096,0.000417312808626529
"AAPL","arma_garch",2101,0.000427871169787167
"AAPL","arma_garch",2106,0.000403093445490732
"AAPL","arma_garch",2111,0.000395119480094714
"AAPL","arma_garch",2116,0.000388101791901424
"AAPL","arma_garch",2121,0.000395271321436445
"AAPL","arma_garch",2126,0.000372375084245307
"AAPL","arma_garch",2131,0.000381922375139087
"AAPL","arma_garch",2136,0.000376494685293642
"AAPL","arma_garch",2141,0.000395468355350709
"AAPL","arma_garch",2146,0.000436611736945739
"AAPL","arma_garch",2151,0.000454414559104036
"AAPL","arma_garch",2156,0.000445006529968282
"AAPL","arma_garch",2161,0.000515505956593242
"AAPL","arma_garch",2166,0.000533536029575566
"AAPL","arma_garch",2171,0.000568347612205971
"AAPL","arma_garch",2176,0.000571931278342544
"AAPL","arma_garch",2181,0.000593615512643784
"AAPL","arma_garch",2186,0.000571364715765845
"AAPL","arma_garch",2191,0.000540671597497516
"AAPL","arma_garch",2196,0.000511472149835484
"AAPL","arma_garch",2201,0.000518870097401442
"AAPL","arma_garch",2206,0.000474850415477038
"AAPL","arma_garch",2211,0.000564007303938642
"AAPL","arma_garch",2216,0.000601452138652843
"AAPL","arma_garch",2221,0.000558234038922225
"AAPL","arma_garch",2226,0.00037754565237788
"AAPL","arma_garch",2231,0.000325070383741514
"AAPL","arma_garch",2236,0.000352095019805682
"AAPL","arma_garch",2241,0.00038542636004684
"AAPL","arma_garch",2246,0.000473296905154256
"AAPL","arma_garch",2251,0.00045703320585948
"AAPL","arma_garch",2256,0.000488345481043207
"AAPL","arma_garch",2261,0.000660370104421674
"AAPL","arma_garch",2266,0.000391002316955844
"AAPL","arma_garch",2271,0.000397516691899848
"AAPL","arma_garch",2276,0.000410865897252221
"AAPL","arma_garch",2281,0.000491551118719076
"AAPL","arma_garch",2286,0.000491170818673992
"AAPL","arma_garch",2291,0.000492542616708626
"AAPL","arma_garch",2296,0.000485328711242346
"AAPL","arma_garch",2301,0.000502225778915903
"AAPL","arma_garch",2306,0.000513401309389497
"AAPL","arma_garch",2311,0.000598693116268122
"AAPL","arma_garch",2316,0.00062298807200838
"AAPL","arma_garch",2321,0.000590311776160541
"AAPL","arma_garch",2326,0.0006062279881845
"AAPL","arma_garch",2331,0.00064515369873549
"AAPL","arma_garch",2336,0.000648166556742748
"AAPL","arma_garch",2341,0.00068372734580555
"AAPL","arma_garch",2346,0.000631453359021493
"AAPL","arma_garch",2351,0.000556965778949404
"AAPL","arma_garch",2356,0.000596990141144755
"AAPL","arma_garch",2361,0.00064575096399598
"AAPL","arma_garch",2366,0.000631259363698725
"AAPL","arma_garch",2371,0.000672104055793341
"AAPL","arma_garch",2376,0.000661993110639808
"AAPL","arma_garch",2381,0.000652568199062178
"AAPL","arma_garch",2386,0.000707108189093052
"AAPL","arma_garch",2391,0.000727080306263018
"AAPL","arma_garch",2396,0.000706132109460104
"AAPL","arma_garch",2401,0.000734225278139428
"AAPL","arma_garch",2406,0.000711510774623719
"AAPL","arma_garch",2411,0.000651979461258163
"AAPL","arma_garch",2416,0.000707862598567987
"AAPL","arma_garch",2421,0.000692926802351886
"AAPL","arma_garch",2426,0.00068886424410925
"AAPL","arma_garch",2431,0.000732047418801858
"AAPL","arma_garch",2436,0.00073000216011734
"AAPL","arma_garch",2441,0.000675580983167294
"AAPL","arma_garch",2446,0.000634339409243963
"AAPL","arma_garch",2451,0.000619439106462993
"AAPL","arma_garch",2456,0.000691870687010401
"AAPL","arma_garch",2461,0.000760555980538091
"AAPL","arma_garch",2466,0.000771619399524465
"AAPL","arma_garch",2471,0.000802686609408389
"AAPL","arma_garch",2476,0.000878318297225114
"AAPL","arma_garch",2481,0.000883971993833794
"AAPL","arma_garch",2486,0.000914777628241296
"AAPL","arma_garch",2491,0.000910422854255039
"AAPL","arma_garch",2496,0.000876275348161063
"AAPL","arma_garch",2501,0.000834479316077682
"AAPL","arma_garch",2506,0.000880403448898091
"AAPL","arma_garch",2511,0.000924106075207993
"AAPL","arma_garch",2516,0.000942665151388204
"AAPL","arma_garch",2521,0.000985724358717682
"AAPL","arma_garch",2526,0.000970971243557167
"AAPL","arma_garch",2531,0.000982914716697539
"AAPL","arma_garch",2536,0.000976508084939071
"AAPL","arma_garch",2541,0.0010084778084359
"AAPL","arma_garch",2546,0.00098535657723271
"AAPL","arma_garch",2551,0.000915841742857033
"AAPL","arma_garch",2556,0.000911956292524454
"AAPL","arma_garch",2561,0.000870464836597217
"AAPL","arma_garch",2566,0.00120118472896504
"AAPL","arma_garch",2571,0.00100606929628894
"AAPL","arma_garch",2576,0.000878882048314586
"AAPL","arma_garch",2581,0.000833903096732163
"AAPL","arma_garch",2586,0.000889181112582564
"AAPL","arma_garch",2591,0.000824988644601471
"AAPL","arma_garch",2596,0.000824892549813092
"AAPL","arma_garch",2601,0.000864322010229883
"AAPL","arma_garch",2606,0.000908384363889155
"AAPL","arma_garch",2611,0.000975185134759925
"AAPL","arma_garch",2616,0.000952854758483476
"AAPL","arma_garch",2621,0.000964343877616711
"AAPL","arma_garch",2626,0.00105656808340187
"AAPL","arma_garch",2631,0.00113379508675382
"AAPL","arma_garch",2636,0.00119570407808815
"AAPL","arma_garch",2641,0.00121866986250904
"AAPL","arma_garch",2646,0.00128636702639362
"AAPL","arma_garch",2651,0.00130524328347283
"AAPL","arma_garch",2656,0.0013115444878085
"AAPL","arma_garch",2661,0.00136810643194006
"AAPL","arma_garch",2666,0.00137693268277414
"AAPL","arma_garch",2671,0.00147606864114722
"AAPL","arma_garch",2676,0.00147754797991217
"AAPL","arma_garch",2681,0.00151724212857731
"AAPL","arma_garch",2686,0.00144951789509582
"AAPL","arma_garch",2691,0.00134357423580078
"AAPL","arma_garch",2696,0.00129095499572428
"AAPL","arma_garch",2701,0.00132033740711539
"AAPL","arma_garch",2706,0.00134414731642938
"AAPL","arma_garch",2711,0.00133874800799592
"AAPL","arma_garch",2716,0.00132397055133822
"AAPL","arma_garch",2721,0.0012915699154764
"AAPL","arma_garch",2726,0.0014019039416424
"AAPL","arma_garch",2731,0.00150758286022772
"AAPL","arma_garch",2736,0.00149791244871706
"AAPL","arma_garch",2741,0.00151148554850187
"AAPL","arma_garch",2746,0.00152400511690847
"AAPL","arma_garch",2751,0.00150391534062376
"AAPL","arma_garch",2756,0.00148028794931467
"AAPL","arma_garch",2761,0.00142776963171256
"AAPL","arma_garch",2766,0.00153542430639777
"AAPL","arma_garch",2771,0.00157147195047646
"AAPL","arma_garch",2776,0.00156467924172517
"AAPL","arma_garch",2781,0.00166313698879769
"AAPL","arma_garch",2786,0.00163662852636212
"AAPL","arma_garch",2791,0.00160982375112429
"AAPL","arma_garch",2796,0.00159312922770849
"AAPL","arma_garch",2801,0.00156390913021232
"AAPL","arma_garch",2806,0.00145201940725039
"AAPL","arma_garch",2811,0.00140033023310655
"AAPL","arma_garch",2816,0.00144856515263524
"AAPL","arma_garch",2821,0.00133948557248689
"AAPL","arma_garch",2826,0.00134982489346932
"AAPL","arma_garch",2831,0.00136863473484406
"AAPL","arma_garch",2836,0.00142740745719174
"AAPL","arma_garch",2841,0.00141737403346326
"AAPL","arma_garch",2846,0.00146952982864644
"AAPL","arma_garch",2851,0.00142018176511446
"AAPL","arma_garch",2856,0.00143417784724901
"AAPL","arma_garch",2861,0.00149233889637575
"AAPL","arma_garch",2866,0.0014441363558552
"AAPL","arma_garch",2871,0.00142524468937984
"AAPL","arma_garch",2876,0.00142319301456106
"AAPL","arma_garch",2881,0.00149442157597652
"AAPL","arma_garch",2886,0.00153453689586193
"AAPL","arma_garch",2891,0.00156999730082543
"AAPL","arma_garch",2896,0.00161194690048916
"AAPL","arma_garch",2901,0.00163410300299917
"AAPL","arma_garch",2906,0.00171195009383649
"AAPL","arma_garch",2911,0.00166248797058075
"AAPL","arma_garch",2916,0.00169938248104363
"AAPL","arma_garch",2921,0.001686410726929
"AAPL","arma_garch",2926,0.00166462073298136
"AAPL","arma_garch",2931,0.00166028513676318
"AAPL","arma_garch",2936,0.00163132947735455
"AAPL","arma_garch",2941,0.00159712934760803
"AAPL","arma_garch",2946,0.00161386282740969
"AAPL","arma_garch",2951,0.0016628153757671
"AAPL","arma_garch",2956,0.00168027974530289
"AAPL","arma_garch",2961,0.00169720926228611
"AAPL","arma_garch",2966,0.00168182906414526
"AAPL","arma_garch",2971,0.00168976797641029
"AAPL","arma_garch",2976,0.00167765786562559
"AAPL","arma_garch",2981,0.00170536833370464
"AAPL","arma_garch",2986,0.0016432776748873
"AAPL","arma_garch",2991,0.00169136954455412
"AAPL","arma_garch",2996,0.00169910600839642
"AAPL","arma_garch",3001,0.00167746894261073
"AAPL","arma_garch",3006,0.00166574482070589
"AAPL","arma_garch",3011,0.00153823954877593
"AAPL","arma_garch",3016,0.0015471589426257
"AAPL","arma_garch",3021,0.00153366395257049
"AAPL","arma_garch",3026,0.00153431728456835
"AAPL","arma_garch",3031,0.00154776384332694
"AAPL","arma_garch",3036,0.00153016192630388
"AAPL","arma_garch",3041,0.00160802229876283
"AAPL","arma_garch",3046,0.00159238958066435
"AAPL","arma_garch",3051,0.00159440185330416
"AAPL","arma_garch",3056,0.00153739792235798
"AAPL","arma_garch",3061,0.00149949334480345
"AAPL","arma_garch",3066,0.00146144049281927
"AAPL","arma_garch",3071,0.00154811533666795
"AAPL","arma_garch",3076,0.00160823338758017
"AAPL","arma_garch",3081,0.00166339954115501
"AAPL","arma_garch",3086,0.00160312227298703
"AAPL","arma_garch",3091,0.0016355621798139
"AAPL","arma_garch",3096,0.00163018329939383
"AAPL","arma_garch",3101,0.00162351769713549
"AAPL","arma_garch",3106,0.00174198083640835
"AAPL","arma_garch",3111,0.00157982819989162
"AAPL","arma_garch",3116,0.00140313709348937
"AAPL","arma_garch",3121,0.00140430372763301
"AAPL","arma_garch",3126,0.00145230927769764
"AAPL","arma_garch",3131,0.00133959828598063
"AAPL","arma_garch",3136,0.00121530395714488
"AAPL","arma_garch",3141,0.0012860804628949
"AAPL","arma_garch",3146,0.0013321680198801
"AAPL","arma_garch",3151,0.00128477484819498
"AAPL","arma_garch",3156,0.00121921005914395
"AAPL","arma_garch",3161,0.00119438790106418
"AAPL","arma_garch",3166,0.00117336733025534
"AAPL","arma_garch",3171,0.00116225019955741
"AAPL","arma_garch",3176,0.00117928568082322
"AAPL","arma_garch",3181,0.00110535830796863
"AAPL","arma_garch",3186,0.00106065599160651
"AAPL","arma_garch",3191,0.00103295758708332
"AAPL","arma_garch",3196,0.000844845654517638
"AAPL","arma_garch",3201,0.000889486193708957
"AAPL","arma_garch",3206,0.000906963565683578
"AAPL","arma_garch",3211,0.000981052356245694
"AAPL","arma_garch",3216,0.000947661945868787
"AAPL","arma_garch",3221,0.000973652735224836
"AAPL","arma_garch",3226,0.00102901466115802
"AAPL","arma_garch",3231,0.00097350266348114
"AAPL","arma_garch",3236,0.000983774798706464
"AAPL","arma_garch",3241,0.00101701258845466
"AAPL","arma_garch",3246,0.00105854060880682
"AAPL","arma_garch",3251,0.00119705816292981
"AAPL","arma_garch",3256,0.00115369602642254
"AAPL","arma_garch",3261,0.0011050634628293
"AAPL","arma_garch",3266,0.00117264567743014
"AAPL","arma_garch",3271,0.00125327731033241
"AAPL","arma_garch",3276,0.00135649055756872
"AAPL","arma_garch",3281,0.00138371781816404
"AAPL","arma_garch",3286,0.00144931055554672
"AAPL","arma_garch",3291,0.00138805741491641
"AAPL","arma_garch",3296,0.00133319209035109
"AAPL","arma_garch",3301,0.00138659388868094
"AAPL","arma_garch",3306,0.00130362586590554
"AAPL","arma_garch",3311,0.00129108525519098
"AAPL","arma_garch",3316,0.00124525812325873
"AAPL","arma_garch",3321,0.00128480137581627
"AAPL","arma_garch",3326,0.00131803406849148
"AAPL","arma_garch",3331,0.0013038918348215
"AAPL","arma_garch",3336,0.00129193948610342
"AAPL","arma_garch",3341,0.00127667896562376
"AAPL","arma_garch",3346,0.00129518831733807
"AAPL","arma_garch",3351,0.00129279766942844
"AAPL","arma_garch",3356,0.00127130188490766
"AAPL","arma_garch",3361,0.0012999096515737
"AAPL","arma_garch",3366,0.00130839213505322
"AAPL","arma_garch",3371,0.0013110301397167
"AAPL","arma_garch",3376,0.00135620180258465
"AAPL","arma_garch",3381,0.00139973669409393
"AAPL","arma_garch",3386,0.00143071844233453
"AAPL","arma_garch",3391,0.00142338915361757
"AAPL","arma_garch",3396,0.00148926484933288
"AAPL","arma_garch",3401,0.00145417779655975
"AAPL","arma_garch",3406,0.00150351522351869
"AAPL","arma_garch",3411,0.0015139186689814
"AAPL","arma_garch",3416,0.00152116388541516
"AAPL","arma_garch",3421,0.00146656266417668
"AAPL","arma_garch",3426,0.00149194875347281
"AAPL","arma_garch",3431,0.00151249362920386
"AAPL","arma_garch",3436,0.00153628101139873
"AAPL","arma_garch",3441,0.00153784075461484
"AAPL","arma_garch",3446,0.00148494605701257
"AAPL","arma_garch",3451,0.00150094715195994
"AAPL","arma_garch",3456,0.00142892638349988
"AAPL","arma_garch",3461,0.00140374070173648
"AAPL","arma_garch",3466,0.00139165978166
"AAPL","arma_garch",3471,0.00136345529997858
"AAPL","arma_garch",3476,0.00136871770829735
"AAPL","arma_garch",3481,0.00137477600731535
"AAPL","arma_garch",3486,0.00141426101556431
"AAPL","arma_garch",3491,0.00145327384207176
"AAPL","arma_garch",3496,0.00143888460248444
"AAPL","arma_garch",3501,0.00142063225552424
"AAPL","arma_garch",3506,0.00140155416167532
"AAPL","arma_garch",3511,0.00144837523622617
"AAPL","arma_garch",3516,0.00141428993850896
"AAPL","arma_garch",3521,0.00141868253182817
"AAPL","arma_garch",3526,0.001404950310996
"AAPL","arma_garch",3531,0.00140799756346764
"AAPL","arma_garch",3536,0.00144089570019748
"AAPL","arma_garch",3541,0.001428403350948
"AAPL","arma_garch",3546,0.00145466849065966
"AAPL","arma_garch",3551,0.00142654447372288
"AAPL","arma_garch",3556,0.00141259332283682
"AAPL","arma_garch",3561,0.00143379979660843
"AAPL","arma_garch",3566,0.00134860600743302
"AAPL","arma_garch",3571,0.00135452410191402
"AAPL","arma_garch",3576,0.00139007922836331
"AAPL","arma_garch",3581,0.00136955227059124
"AAPL","arma_garch",3586,0.00138091828319213
"AAPL","arma_garch",3591,0.00134787112313658
"AAPL","arma_garch",3596,0.00132321604407691
"AAPL","arma_garch",3601,0.00135586025054612
"AAPL","arma_garch",3606,0.0013374062811793
"AAPL","arma_garch",3611,0.00134062950671569
"AAPL","arma_garch",3616,0.0013719653867743
"AAPL","arma_garch",3621,0.00134940598072307
"AAPL","arma_garch",3626,0.00136201859838897
"AAPL","arma_garch",3631,0.00134034697450991
"AAPL","arma_garch",3636,0.00135361075505243
"AAPL","arma_garch",3641,0.00132257284270039
"AAPL","arma_garch",3646,0.00127520613501591
"AAPL","arma_garch",3651,0.00129158868219582
"AAPL","arma_garch",3656,0.00133639850765193
"AAPL","arma_garch",3661,0.0013300121306584
"AAPL","arma_garch",3666,0.00133164465116463
"AAPL","arma_garch",3671,0.00119053637211943
"AAPL","arma_garch",3676,0.00120846455367309
"AAPL","arma_garch",3681,0.0012045240697942
"AAPL","arma_garch",3686,0.00120675774414298
"AAPL","arma_garch",3691,0.0011275947109493
"AAPL","arma_garch",3696,0.00111548062357746
"AAPL","arma_garch",3701,0.00111958377788562
"AAPL","arma_garch",3706,0.00112868339653707
"AAPL","arma_garch",3711,0.00104446437713184
"AAPL","arma_garch",3716,0.00109326837083551
"AAPL","arma_garch",3721,0.00112183894808115
"AAPL","arma_garch",3726,0.0011124549095799
"AAPL","arma_garch",3731,0.00111372777243793
"AAPL","arma_garch",3736,0.00112996294092652
"AAPL","arma_garch",3741,0.00112797727916869
"AAPL","arma_garch",3746,0.00112920301880952
"AAPL","arma_garch",3751,0.00115335725197953
"AAPL","arma_garch",3756,0.00115554728825044
"AAPL","arma_garch",3761,0.00113916355414426
"AAPL","arma_garch",3766,0.00107684611413221
"AAPL","arma_garch",3771,0.00108374279686796
"AAPL","arma_garch",3776,0.00107600824182923
"AAPL","arma_garch",3781,0.00104444255609243
"AAPL","arma_garch",3786,0.00095025254679519
"AAPL","arma_garch",3791,0.00105022485841562
"AAPL","arma_garch",3796,0.00110728397257426
"AAPL","arma_garch",3801,0.00116594672227242
"AAPL","arma_garch",3806,0.00116856586329759
"AAPL","arma_garch",3811,0.0010896351905099
"AAPL","arma_garch",3816,0.00108540276402272
"AAPL","arma_garch",3821,0.00103392670258063
"AAPL","arma_garch",3826,0.00106531600193264
"AAPL","arma_garch",3831,0.00103545906239337
"AAPL","arma_garch",3836,0.00104226366443076
"AAPL","arma_garch",3841,0.00143935077328907
"AAPL","arma_garch",3846,0.0013262804950909
"AAPL","arma_garch",3851,0.0013757959778165
"AAPL","arma_garch",3856,0.0013846710096419
"AAPL","arma_garch",3861,0.00140044936382553
"AAPL","arma_garch",3866,0.00138674477760464
"AAPL","arma_garch",3871,0.00137454699109915
"AAPL","arma_garch",3876,0.0013851665911249
"AAPL","arma_garch",3881,0.00142876984977221
"AAPL","arma_garch",3886,0.00138786477382489
"AAPL","arma_garch",3891,0.00139286270185278
"AAPL","arma_garch",3896,0.00144730915410941
"AAPL","arma_garch",3901,0.00144613585644514
"AAPL","arma_garch",3906,0.00145075666150347
"AAPL","arma_garch",3911,0.00147407758149963
"AAPL","arma_garch",3916,0.00143533605586769
"AAPL","arma_garch",3921,0.00142740525734185
"AAPL","arma_garch",3926,0.00145574746987489
"AAPL","arma_garch",3931,0.00144977548945508
"AAPL","arma_garch",3936,0.00147421190544955
"AAPL","arma_garch",3941,0.00157701234142777
"AAPL","arma_garch",3946,0.00148315111522458
"AAPL","arma_garch",3951,0.00149106539602827
"AAPL","arma_garch",3956,0.001465605786064
"AAPL","arma_garch",3961,0.00147266124157504
"AAPL","arma_garch",3966,0.00148793152240103
"AAPL","arma_garch",3971,0.00150369369685342
"AAPL","arma_garch",3976,0.00145496491410953
"AAPL","arma_garch",3981,0.00146030547149436
"AAPL","arma_garch",3986,0.00145936218926721
"AAPL","arma_garch",3991,0.00143908099741292
"AAPL","arma_garch",3996,0.00144887761269967
"AAPL","arma_garch",4001,0.0014527943636686
"AAPL","arma_garch",4006,0.00141623851595565
"AAPL","arma_garch",4011,0.0014066176623968
"AAPL","arma_garch",4016,0.00140825672693499
"AAPL","arma_garch",4021,0.00140201744236304
"AAPL","arma_garch",4026,0.00136169873993293
"AAPL","arma_garch",4031,0.00136913693551272
"AAPL","arma_garch",4036,0.00127027412520031
"AAPL","arma_garch",4041,0.00129907616710622
"AAPL","arma_garch",4046,0.00129175816234494
"AAPL","arma_garch",4051,0.00128062457461365
"AAPL","arma_garch",4056,0.00128361168762857
"AAPL","arma_garch",4061,0.00130251549954385
"AAPL","arma_garch",4066,0.00128800479947008
"AAPL","arma_garch",4071,0.00128595913354546
"AAPL","arma_garch",4076,0.00123860470411122
"AAPL","arma_garch",4081,0.00124721896518813
"AAPL","arma_garch",4086,0.00126476737862346
"AAPL","arma_garch",4091,0.00127936702952506
"AAPL","arma_garch",4096,0.00124695320358847
"AAPL","arma_garch",4101,0.00124770554693249
"AAPL","arma_garch",4106,0.00125759905553957
"AAPL","arma_garch",4111,0.00125514596385121
"AAPL","arma_garch",4116,0.0012474147886173
"AAPL","arma_garch",4121,0.00126982796876981
"AAPL","arma_garch",4126,0.00126396349271108
"AAPL","arma_garch",4131,0.0012274295255249
"AAPL","arma_garch",4136,0.00118329171700938
"AAPL","arma_garch",4141,0.00117213925384003
"AAPL","arma_garch",4146,0.00115037459378967
"AAPL","arma_garch",4151,0.00113100031160422
"AAPL","arma_garch",4156,0.00110798627311187
"AAPL","arma_garch",4161,0.00111571693145839
"AAPL","arma_garch",4166,0.00113941158864611
"AAPL","arma_garch",4171,0.00119063379323198
"AAPL","arma_garch",4176,0.00115910290365742
"AAPL","arma_garch",4181,0.00119644604198051
"AAPL","arma_garch",4186,0.00119074631695816
"AAPL","arma_garch",4191,0.00125898393301577
"AAPL","arma_garch",4196,0.00124956782933288
"AAPL","arma_garch",4201,0.0012565074554922
"AAPL","arma_garch",4206,0.00123261416032414
"SPY","hist_mean",1001,5.59649671967896e-06
"SPY","hist_mean",1006,1.06007812654213e-05
"SPY","hist_mean",1011,1.05322378452548e-05
"SPY","hist_mean",1016,1.62123695384733e-05
"SPY","hist_mean",1021,6.72316125285767e-06
"SPY","hist_mean",1026,1.73697729068949e-05
"SPY","hist_mean",1031,3.02960878905841e-05
"SPY","hist_mean",1036,3.55465934712671e-05
"SPY","hist_mean",1041,3.40017243426313e-05
"SPY","hist_mean",1046,3.64874719023936e-05
"SPY","hist_mean",1051,3.66495430040269e-05
"SPY","hist_mean",1056,3.32954978682805e-05
"SPY","hist_mean",1061,2.86805576024848e-05
"SPY","hist_mean",1066,3.36986187205184e-05
"SPY","hist_mean",1071,2.01270252280646e-05
"SPY","hist_mean",1076,1.03004723660306e-05
"SPY","hist_mean",1081,1.37764141080808e-05
"SPY","hist_mean",1086,1.68906028422514e-05
"SPY","hist_mean",1091,1.86767025535106e-05
"SPY","hist_mean",1096,2.88777381968276e-05
"SPY","hist_mean",1101,3.25391266770325e-05
"SPY","hist_mean",1106,3.8955637815489e-05
"SPY","hist_mean",1111,3.80663878463158e-05
"SPY","hist_mean",1116,3.78601744000189e-05
"SPY","hist_mean",1121,4.0650918425581e-05
"SPY","hist_mean",1126,3.34635061745612e-05
"SPY","hist_mean",1131,4.06802809818301e-05
"SPY","hist_mean",1136,4.54139650508446e-05
"SPY","hist_mean",1141,4.92798014614364e-05
"SPY","hist_mean",1146,5.14774399350182e-05
"SPY","hist_mean",1151,5.13339974256306e-05
"SPY","hist_mean",1156,5.13818159584953e-05
"SPY","hist_mean",1161,5.83825281726879e-05
"SPY","hist_mean",1166,6.10547331037629e-05
"SPY","hist_mean",1171,6.02832774325242e-05
"SPY","hist_mean",1176,5.83337064132046e-05
"SPY","hist_mean",1181,5.93063261390515e-05
"SPY","hist_mean",1186,6.49473407556707e-05
"SPY","hist_mean",1191,4.6529110811658e-05
"SPY","hist_mean",1196,4.64102259760472e-05
"SPY","hist_mean",1201,2.44975158856792e-05
"SPY","hist_mean",1206,2.34077856194258e-05
"SPY","hist_mean",1211,3.51228690512631e-05
"SPY","hist_mean",1216,4.17223283432981e-05
"SPY","hist_mean",1221,4.58436753684607e-05
"SPY","hist_mean",1226,4.67907762201739e-05
"SPY","hist_mean",1231,4.84427958969988e-05
"SPY","hist_mean",1236,4.57078459554175e-05
"SPY","hist_mean",1241,4.72400017644602e-05
"SPY","hist_mean",1246,2.90001900512893e-05
"SPY","hist_mean",1251,3.34294426623047e-05
"SPY","hist_mean",1256,3.46299244244156e-05
"SPY","hist_mean",1261,2.41462667281459e-05
"SPY","hist_mean",1266,2.08120005207318e-05
"SPY","hist_mean",1271,2.59196512337361e-05
"SPY","hist_mean",1276,1.17907792830631e-05
"SPY","hist_mean",1281,7.35972293831354e-06
"SPY","hist_mean",1286,7.69485949453996e-06
"SPY","hist_mean",1291,6.58726492204955e-06
"SPY","hist_mean",1296,4.9463005425573e-06
"SPY","hist_mean",1301,5.85080382448115e-06
"SPY","hist_mean",1306,1.89732304496424e-05
"SPY","hist_mean",1311,1.36372544813819e-05
"SPY","hist_mean",1316,1.08029447339048e-05
"SPY","hist_mean",1321,1.43423397760245e-05
"SPY","hist_mean",1326,1.99466437013197e-05
"SPY","hist_mean",1331,7.03448988034453e-06
"SPY","hist_mean",1336,9.26694864443261e-06
"SPY","hist_mean",1341,2.05035021893674e-05
"SPY","hist_mean",1346,3.41810166829874e-05
"SPY","hist_mean",1351,3.50632892872748e-05
"SPY","hist_mean",1356,3.21539532360633e-05
"SPY","hist_mean",1361,3.40473635349667e-05
"SPY","hist_mean",1366,2.7240171819087e-05
"SPY","hist_mean",1371,2.24266379160813e-05
"SPY","hist_mean",1376,2.75836524523234e-05
"SPY","hist_mean",1381,4.96809608120945e-06
"SPY","hist_mean",1386,1.11522940819248e-05
"SPY","hist_mean",1391,1.54069344477963e-05
"SPY","hist_mean",1396,1.09231170469592e-05
"SPY","hist_mean",1401,2.30935203684464e-05
"SPY","hist_mean",1406,2.08010043627307e-05
"SPY","hist_mean",1411,1.11361824124207e-05
"SPY","hist_mean",1416,7.87251769622943e-06
"SPY","hist_mean",1421,-2.74711429121132e-06
"SPY","hist_mean",1426,-3.13568981602621e-05
"SPY","hist_mean",1431,-4.41198590222277e-05
"SPY","hist_mean",1436,-3.62624739126856e-05
"SPY","hist_mean",1441,-3.79208086150724e-05
"SPY","hist_mean",1446,-2.2161488430516e-05
"SPY","hist_mean",1451,-1.48011794503935e-05
"SPY","hist_mean",1456,-1.95525428722234e-05
"SPY","hist_mean",1461,-2.57482603836652e-05
"SPY","hist_mean",1466,-1.49180063365439e-05
"SPY","hist_mean",1471,-1.82201787950445e-05
"SPY","hist_mean",1476,-2.23423788115867e-05
"SPY","hist_mean",1481,-7.43931873419384e-06
"SPY","hist_mean",1486,-7.82213000909151e-06
"SPY","hist_mean",1491,-2.18061020297639e-05
"SPY","hist_mean",1496,-1.95809717654665e-05
"SPY","hist_mean",1501,-3.46330188666414e-05
"SPY","hist_mean",1506,-3.64422496465158e-05
"SPY","hist_mean",1511,-4.98934795925948e-05
"SPY","hist_mean",1516,-4.92291870091963e-05
"SPY","hist_mean",1521,-4.83013087974457e-05
"SPY","hist_mean",1526,-3.7335427139701e-05
"SPY","hist_mean",1531,-5.31649050179942e-05
"SPY","hist_mean",1536,-5.32820535311007e-05
"SPY","hist_mean",1541,-4.00310803729928e-05
"SPY","hist_mean",1546,-3.63603372447922e-05
"SPY","hist_mean",1551,-3.2615227666002e-05
"SPY","hist_mean",1556,-2.84837797460683e-05
"SPY","hist_mean",1561,-2.34984721066213e-05
"SPY","hist_mean",1566,-2.97850504569768e-05
"SPY","hist_mean",1571,-3.22432117890628e-05
"SPY","hist_mean",1576,-4.35716390639953e-05
"SPY","hist_mean",1581,-4.37430966748722e-05
"SPY","hist_mean",1586,-4.90324697616647e-05
"SPY","hist_mean",1591,-5.77504677423477e-05
"SPY","hist_mean",1596,-5.81302237063552e-05
"SPY","hist_mean",1601,-5.80728478610273e-05
"SPY","hist_mean",1606,-6.13870143655144e-05
"SPY","hist_mean",1611,-6.13348620600021e-05
"SPY","hist_mean",1616,-6.43232325534201e-05
"SPY","hist_mean",1621,-7.3406311919377e-05
"SPY","hist_mean",1626,-7.69939050782086e-05
"SPY","hist_mean",1631,-0.000111011157268712
"SPY","hist_mean",1636,-0.000109302489503896
"SPY","hist_mean",1641,-0.000106246409488096
"SPY","hist_mean",1646,-0.000103934792398985
"SPY","hist_mean",1651,-0.000106742718906914
"SPY","hist_mean",1656,-0.000107750985392235
"SPY","hist_mean",1661,-0.00010854165635147
"SPY","hist_mean",1666,-0.000106037004758991
"SPY","hist_mean",1671,-0.000106303699846111
"SPY","hist_mean",1676,-0.000101926403739604
"SPY","hist_mean",1681,-9.93135075467997e-05
"SPY","hist_mean",1686,-0.000112920097997674
"SPY","hist_mean",1691,-0.000113085658330287
"SPY","hist_mean",1696,-0.000107638456053893
"SPY","hist_mean",1701,-0.000112550120207462
"SPY","hist_mean",1706,-0.000124441579949042
"SPY","hist_mean",1711,-0.000119050759076805
"SPY","hist_mean",1716,-0.000122299307105563
"SPY","hist_mean",1721,-0.000128979968794872
"SPY","hist_mean",1726,-0.000125170212098086
"SPY","hist_mean",1731,-0.000118318898750605
"SPY","hist_mean",1736,-0.000116728738732035
"SPY","hist_mean",1741,-0.000119166305791752
"SPY","hist_mean",1746,-0.000107334427759032
"SPY","hist_mean",1751,-0.000115478956376615
"SPY","hist_mean",1756,-0.000118359162021998
"SPY","hist_mean",1761,-0.000118789112155161
"SPY","hist_mean",1766,-0.000115631369735098
"SPY","hist_mean",1771,-0.000113688391834996
"SPY","hist_mean",1776,-0.000116368529547256
"SPY","hist_mean",1781,-0.000122514876671032
"SPY","hist_mean",1786,-0.000124442112761781
"SPY","hist_mean",1791,-0.000119468734517271
"SPY","hist_mean",1796,-0.000113927957411555
"SPY","hist_mean",1801,-0.000116816455248863
"SPY","hist_mean",1806,-0.00011998749510755
"SPY","hist_mean",1811,-0.0001239746617982
"SPY","hist_mean",1816,-0.000136811202209254
"SPY","hist_mean",1821,-0.000130098037797412
"SPY","hist_mean",1826,-0.000129716149726504
"SPY","hist_mean",1831,-0.000131090184202504
"SPY","hist_mean",1836,-0.000133066132238363
"SPY","hist_mean",1841,-0.000133911137420899
"SPY","hist_mean",1846,-0.000135322425911643
"SPY","hist_mean",1851,-0.000133819476085049
"SPY","hist_mean",1856,-0.000151400078176466
"SPY","hist_mean",1861,-0.00014938258678599
"SPY","hist_mean",1866,-0.000141936166481115
"SPY","hist_mean",1871,-0.000141694043528353
"SPY","hist_mean",1876,-0.00014381443536608
"SPY","hist_mean",1881,-0.000144492608562349
"SPY","hist_mean",1886,-0.000153324191019022
"SPY","hist_mean",1891,-0.000147359769217
"SPY","hist_mean",1896,-0.000143070878734552
"SPY","hist_mean",1901,-0.000144185555862429
"SPY","hist_mean",1906,-0.000145574963048265
"SPY","hist_mean",1911,-0.000144036394626869
"SPY","hist_mean",1916,-0.000142850448796785
"SPY","hist_mean",1921,-0.000144570715748789
"SPY","hist_mean",1926,-0.000142569330064406
"SPY","hist_mean",1931,-0.000141435696097352
"SPY","hist_mean",1936,-0.000131466120919654
"SPY","hist_mean",1941,-0.00012963239954466
"SPY","hist_mean",1946,-0.000131861848513564
"SPY","hist_mean",1951,-0.000127865508437128
"SPY","hist_mean",1956,-0.000129743492562787
"SPY","hist_mean",1961,-0.00012867080613642
"SPY","hist_mean",1966,-0.000132793331307839
"SPY","hist_mean",1971,-0.000136750876514738
"SPY","hist_mean",1976,-0.000135459868948398
"SPY","hist_mean",1981,-0.000134784670085794
"SPY","hist_mean",1986,-0.000133345022637657
"SPY","hist_mean",1991,-0.000123558671271941
"SPY","hist_mean",1996,-0.000127438627605424
"SPY","hist_mean",2001,-0.000125910115166459
"SPY","hist_mean",2006,-0.000130102753369681
"SPY","hist_mean",2011,-0.000129866327725939
"SPY","hist_mean",2016,-0.000125817656565371
"SPY","hist_mean",2021,-0.000118555629411871
"SPY","hist_mean",2026,-0.000114060002436057
"SPY","hist_mean",2031,-0.000102103208141598
"SPY","hist_mean",2036,-0.000125593107603006
"SPY","hist_mean",2041,-0.000111440898049251
"SPY","hist_mean",2046,-0.000111401775403121
"SPY","hist_mean",2051,-9.98549643720083e-05
"SPY","hist_mean",2056,-8.86123195625439e-05
"SPY","hist_mean",2061,-9.01756905795774e-05
"SPY","hist_mean",2066,-0.000104294117291293
"SPY","hist_mean",2071,-7.87116913330957e-05
"SPY","hist_mean",2076,-6.68165142371744e-05
"SPY","hist_mean",2081,-5.18630911459299e-05
"SPY","hist_mean",2086,-4.16409818358667e-05
"SPY","hist_mean",2091,-5.51436698188912e-05
"SPY","hist_mean",2096,-5.36587314548426e-05
"SPY","hist_mean",2101,-5.38962882792872e-05
"SPY","hist_mean",2106,-6.10116047781962e-05
"SPY","hist_mean",2111,-6.40222387047048e-05
"SPY","hist_mean",2116,-5.13312580359614e-05
"SPY","hist_mean",2121,-4.33018238682691e-05
"SPY","hist_mean",2126,-4.67652155169115e-05
"SPY","hist_mean",2131,-4.53162713674341e-05
"SPY","hist_mean",2136,-5.37024939340708e-05
"SPY","hist_mean",2141,-4.60217602747573e-05
"SPY","hist_mean",2146,-3.73094888378172e-05
"SPY","hist_mean",2151,-4.13567386368025e-05
"SPY","hist_mean",2156,-4.40020917687929e-05
"SPY","hist_mean",2161,-3.88245528792491e-05
"SPY","hist_mean",2166,-4.04639057417752e-05
"SPY","hist_mean",2171,-3.26747232324547e-05
"SPY","hist_mean",2176,-3.42702732723154e-05
"SPY","hist_mean",2181,-3.86864445892096e-05
"SPY","hist_mean",2186,-4.0908935458347e-05
"SPY","hist_mean",2191,-4.09926239671785e-05
"SPY","hist_mean",2196,-4.2190042448527e-05
"SPY","hist_mean",2201,-4.23432503635659e-05
"SPY","hist_mean",2206,-4.82673512758641e-05
"SPY","hist_mean",2211,-3.53627728031993e-05
"SPY","hist_mean",2216,-3.61184243211157e-05
"SPY","hist_mean",2221,-5.30329355186427e-05
"SPY","hist_mean",2226,-5.89024768164015e-05
"SPY","hist_mean",2231,-6.86652642113483e-05
"SPY","hist_mean",2236,-6.64358436624176e-05
"SPY","hist_mean",2241,-5.20762523535248e-05
"SPY","hist_mean",2246,-3.98238431436319e-05
"SPY","hist_mean",2251,-3.98234634551599e-05
"SPY","hist_mean",2256,-4.09770743551471e-05
"SPY","hist_mean",2261,-1.52781641682974e-06
"SPY","hist_mean",2266,-2.24743574216311e-05
"SPY","hist_mean",2271,-1.95544913495549e-05
"SPY","hist_mean",2276,-1.30044189096064e-05
"SPY","hist_mean",2281,-5.62628861833752e-06
"SPY","hist_mean",2286,-5.39475256811783e-06
"SPY","hist_mean",2291,-4.48546125227465e-06
"SPY","hist_mean",2296,5.36671144067999e-06
"SPY","hist_mean",2301,6.42637817135173e-06
"SPY","hist_mean",2306,2.76431781699283e-06
"SPY","hist_mean",2311,1.58410498405819e-05
"SPY","hist_mean",2316,1.9041927477511e-05
"SPY","hist_mean",2321,1.81164144271031e-05
"SPY","hist_mean",2326,2.90422296840776e-05
"SPY","hist_mean",2331,2.95439596508607e-05
"SPY","hist_mean",2336,2.86792543641266e-05
"SPY","hist_mean",2341,3.70665581223457e-05
"SPY","hist_mean",2346,3.73265306879573e-05
"SPY","hist_mean",2351,2.08205441641537e-05
"SPY","hist_mean",2356,2.89662509973294e-05
"SPY","hist_mean",2361,3.71485683827153e-05
"SPY","hist_mean",2366,3.0723043019583e-05
"SPY","hist_mean",2371,3.84619723459281e-05
"SPY","hist_mean",2376,3.65694643032213e-05
"SPY","hist_mean",2381,3.8490288417408e-05
"SPY","hist_mean",2386,3.73164206108489e-05
"SPY","hist_mean",2391,4.47635566509453e-05
"SPY","hist_mean",2396,4.67967875064258e-05
"SPY","hist_mean",2401,5.00870182229794e-05
"SPY","hist_mean",2406,4.5194679206498e-05
"SPY","hist_mean",2411,3.6575049661913e-05
"SPY","hist_mean",2416,5.44366226602255e-05
"SPY","hist_mean",2421,5.66450800328463e-05
"SPY","hist_mean",2426,5.6134743080294e-05
"SPY","hist_mean",2431,6.76894077234146e-05
"SPY","hist_mean",2436,6.81969736579133e-05
"SPY","hist_mean",2441,6.7331485159393e-05
"SPY","hist_mean",2446,6.25784367394447e-05
"SPY","hist_mean",2451,5.72439383721111e-05
"SPY","hist_mean",2456,6.947509734084e-05
"SPY","hist_mean",2461,7.88692886410059e-05
"SPY","hist_mean",2466,7.44928809728737e-05
"SPY","hist_mean",2471,7.81408645591437e-05
"SPY","hist_mean",2476,8.67070633102239e-05
"SPY","hist_mean",2481,8.88499271315276e-05
"SPY","hist_mean",2486,9.55823401911193e-05
"SPY","hist_mean",2491,9.74948861286524e-05
"SPY","hist_mean",2496,8.89445557985756e-05
"SPY","hist_mean",2501,8.5640432280379e-05
"SPY","hist_mean",2506,9.20983255966764e-05
"SPY","hist_mean",2511,9.33633163525087e-05
"SPY","hist_mean",2516,9.55156921750394e-05
"SPY","hist_mean",2521,0.000100531540226684
"SPY","hist_mean",2526,0.00010253800774294
"SPY","hist_mean",2531,0.000103438759066796
"SPY","hist_mean",2536,0.000106410381441226
"SPY","hist_mean",2541,0.000109537187805998
"SPY","hist_mean",2546,0.000108196230089714
"SPY","hist_mean",2551,9.74660212890459e-05
"SPY","hist_mean",2556,9.34161022906727e-05
"SPY","hist_mean",2561,7.78089496933351e-05
"SPY","hist_mean",2566,0.000140593782997722
"SPY","hist_mean",2571,0.000107793668936852
"SPY","hist_mean",2576,8.31756711557064e-05
"SPY","hist_mean",2581,7.1684574182722e-05
"SPY","hist_mean",2586,6.36654962742521e-05
"SPY","hist_mean",2591,4.79056857834469e-05
"SPY","hist_mean",2596,6.00905991306235e-05
"SPY","hist_mean",2601,6.22793463102555e-05
"SPY","hist_mean",2606,6.22643938500931e-05
"SPY","hist_mean",2611,8.81246996119532e-05
"SPY","hist_mean",2616,9.88318896467176e-05
"SPY","hist_mean",2621,0.000106164743301572
"SPY","hist_mean",2626,9.87836924036438e-05
"SPY","hist_mean",2631,0.000116015410197473
"SPY","hist_mean",2636,0.000120051164539254
"SPY","hist_mean",2641,0.000131405972494071
"SPY","hist_mean",2646,0.00013827149500276
"SPY","hist_mean",2651,0.000146646038357498
"SPY","hist_mean",2656,0.000151824877586357
"SPY","hist_mean",2661,0.000163113235900957
"SPY","hist_mean",2666,0.000168828780556711
"SPY","hist_mean",2671,0.000181954062612966
"SPY","hist_mean",2676,0.000177644038486183
"SPY","hist_mean",2681,0.000187238399702041
"SPY","hist_mean",2686,0.000201382412106926
"SPY","hist_mean",2691,0.000184101514920032
"SPY","hist_mean",2696,0.0001753051428441
"SPY","hist_mean",2701,0.000177573268304325
"SPY","hist_mean",2706,0.000183485467503664
"SPY","hist_mean",2711,0.000191816556593023
"SPY","hist_mean",2716,0.000190356965922045
"SPY","hist_mean",2721,0.00019543610824883
"SPY","hist_mean",2726,0.000204668026283725
"SPY","hist_mean",2731,0.000223163703041591
"SPY","hist_mean",2736,0.000213212258472551
"SPY","hist_mean",2741,0.000217136812431171
"SPY","hist_mean",2746,0.000219677019354733
"SPY","hist_mean",2751,0.000228089649753913
"SPY","hist_mean",2756,0.000226652433961387
"SPY","hist_mean",2761,0.000222323352015496
"SPY","hist_mean",2766,0.000230726711501675
"SPY","hist_mean",2771,0.000237404501535565
"SPY","hist_mean",2776,0.000237357470402278
"SPY","hist_mean",2781,0.000251187476870442
"SPY","hist_mean",2786,0.000225353567951066
"SPY","hist_mean",2791,0.00022589717670273
"SPY","hist_mean",2796,0.000225172178535301
"SPY","hist_mean",2801,0.000220449026369648
"SPY","hist_mean",2806,0.000194798600608164
"SPY","hist_mean",2811,0.00018184215173658
"SPY","hist_mean",2816,0.000191995136584211
"SPY","hist_mean",2821,0.00017640800830833
"SPY","hist_mean",2826,0.000181909568055151
"SPY","hist_mean",2831,0.000192828904424187
"SPY","hist_mean",2836,0.000200235991336661
"SPY","hist_mean",2841,0.00020352606620314
"SPY","hist_mean",2846,0.000214717998061607
"SPY","hist_mean",2851,0.000207339986296524
"SPY","hist_mean",2856,0.000214825017107513
"SPY","hist_mean",2861,0.000230625183986365
"SPY","hist_mean",2866,0.000229473670406059
"SPY","hist_mean",2871,0.000231095414266348
"SPY","hist_mean",2876,0.000229770346496006
"SPY","hist_mean",2881,0.000231879132122275
"SPY","hist_mean",2886,0.000246611037734144
"SPY","hist_mean",2891,0.000248484725341003
"SPY","hist_mean",2896,0.000246216687656195
"SPY","hist_mean",2901,0.000242211319563727
"SPY","hist_mean",2906,0.000257084511843337
"SPY","hist_mean",2911,0.00025181408925903
"SPY","hist_mean",2916,0.000260285631035925
"SPY","hist_mean",2921,0.000261341482315388
"SPY","hist_mean",2926,0.000253857946149503
"SPY","hist_mean",2931,0.000255290839144253
"SPY","hist_mean",2936,0.00025336387455508
"SPY","hist_mean",2941,0.000251731786236506
"SPY","hist_mean",2946,0.000260429666337312
"SPY","hist_mean",2951,0.000270483383110641
"SPY","hist_mean",2956,0.00027198873869418
"SPY","hist_mean",2961,0.000276105548256399
"SPY","hist_mean",2966,0.00027962940611533
"SPY","hist_mean",2971,0.00028358358721815
"SPY","hist_mean",2976,0.000278448762949312
"SPY","hist_mean",2981,0.000284822353748681
"SPY","hist_mean",2986,0.000275612384664328
"SPY","hist_mean",2991,0.000272624277856073
"SPY","hist_mean",2996,0.000275254756567583
"SPY","hist_mean",3001,0.000291269904218554
"SPY","hist_mean",3006,0.000283528124633815
"SPY","hist_mean",3011,0.00027350130720875
"SPY","hist_mean",3016,0.000279990017501877
"SPY","hist_mean",3021,0.000276898202205995
"SPY","hist_mean",3026,0.000272278231748004
"SPY","hist_mean",3031,0.000272427793815937
"SPY","hist_mean",3036,0.000276579288263561
"SPY","hist_mean",3041,0.000295014210769169
"SPY","hist_mean",3046,0.000291339813003971
"SPY","hist_mean",3051,0.000287654176858469
"SPY","hist_mean",3056,0.000276259389753778
"SPY","hist_mean",3061,0.000260133549605329
"SPY","hist_mean",3066,0.000252228897591293
"SPY","hist_mean",3071,0.000273731007929991
"SPY","hist_mean",3076,0.00028557943474344
"SPY","hist_mean",3081,0.000298292539322031
"SPY","hist_mean",3086,0.000284586619097268
"SPY","hist_mean",3091,0.000280497043326975
"SPY","hist_mean",3096,0.000279460380446254
"SPY","hist_mean",3101,0.000281997240272703
"SPY","hist_mean",3106,0.000311443865465811
"SPY","hist_mean",3111,0.000295825551336089
"SPY","hist_mean",3116,0.000255510274918521
"SPY","hist_mean",3121,0.000263636020357527
"SPY","hist_mean",3126,0.000281752707056543
"SPY","hist_mean",3131,0.000258073687038414
"SPY","hist_mean",3136,0.000226877940766833
"SPY","hist_mean",3141,0.000255460135044171
"SPY","hist_mean",3146,0.000264898984919078
"SPY","hist_mean",3151,0.000253942340548029
"SPY","hist_mean",3156,0.000246038690183457
"SPY","hist_mean",3161,0.000246960511194206
"SPY","hist_mean",3166,0.000243858741872982
"SPY","hist_mean",3171,0.000242500508495031
"SPY","hist_mean",3176,0.000246314624552614
"SPY","hist_mean",3181,0.000225500573200658
"SPY","hist_mean",3186,0.000218967731730171
"SPY","hist_mean",3191,0.000215241667927356
"SPY","hist_mean",3196,0.000172495603582706
"SPY","hist_mean",3201,0.000161633956914194
"SPY","hist_mean",3206,0.000159188836413555
"SPY","hist_mean",3211,0.000185948514781279
"SPY","hist_mean",3216,0.000180227900711108
"SPY","hist_mean",3221,0.000190323592215245
"SPY","hist_mean",3226,0.000204372872935664
"SPY","hist_mean",3231,0.000200174786198707
"SPY","hist_mean",3236,0.000204807956273773
"SPY","hist_mean",3241,0.000212420743666967
"SPY","hist_mean",3246,0.0002244953104389
"SPY","hist_mean",3251,0.000252776964608387
"SPY","hist_mean",3256,0.000251009715371732
"SPY","hist_mean",3261,0.00024485444880483
"SPY","hist_mean",3266,0.000257924047174729
"SPY","hist_mean",3271,0.000273541498887028
"SPY","hist_mean",3276,0.000293510670718486
"SPY","hist_mean",3281,0.000296846732013716
"SPY","hist_mean",3286,0.000307524476319835
"SPY","hist_mean",3291,0.000295616214357562
"SPY","hist_mean",3296,0.000289668401383941
"SPY","hist_mean",3301,0.000300270984129624
"SPY","hist_mean",3306,0.0002813261829615
"SPY","hist_mean",3311,0.000277755407750695
"SPY","hist_mean",3316,0.000263373833247483
"SPY","hist_mean",3321,0.000277716665587203
"SPY","hist_mean",3326,0.000289264115184796
"SPY","hist_mean",3331,0.000287029568839633
"SPY","hist_mean",3336,0.000281677347104463
"SPY","hist_mean",3341,0.000277705828052001
"SPY","hist_mean",3346,0.000277334970885389
"SPY","hist_mean",3351,0.000273253544897884
"SPY","hist_mean",3356,0.000266719844654451
"SPY","hist_mean",3361,0.000270783360909123
"SPY","hist_mean",3366,0.000281607756734588
"SPY","hist_mean",3371,0.000274717290290733
"SPY","hist_mean",3376,0.000283228903277765
"SPY","hist_mean",3381,0.000288640262098158
"SPY","hist_mean",3386,0.000300079956781832
"SPY","hist_mean",3391,0.00029267340677982
"SPY","hist_mean",3396,0.000303561999279419
"SPY","hist_mean",3401,0.000305730687314476
"SPY","hist_mean",3406,0.000308825594145782
"SPY","hist_mean",3411,0.000312880669179919
"SPY","hist_mean",3416,0.000314485314266362
"SPY","hist_mean",3421,0.000322531068137037
"SPY","hist_mean",3426,0.000327529693309352
"SPY","hist_mean",3431,0.000333377441830296
"SPY","hist_mean",3436,0.000339090987610551
"SPY","hist_mean",3441,0.00033474118817864
"SPY","hist_mean",3446,0.000329307494416872
"SPY","hist_mean",3451,0.000327131378439041
"SPY","hist_mean",3456,0.000313226980821814
"SPY","hist_mean",3461,0.00030065785230966
"SPY","hist_mean",3466,0.000305233890214893
"SPY","hist_mean",3471,0.000304976940754992
"SPY","hist_mean",3476,0.00031156119549349
"SPY","hist_mean",3481,0.00031696891405844
"SPY","hist_mean",3486,0.000319375933217934
"SPY","hist_mean",3491,0.000336958302313698
"SPY","hist_mean",3496,0.000334678805437713
"SPY","hist_mean",3501,0.000333793445068157
"SPY","hist_mean",3506,0.000329762644922725
"SPY","hist_mean",3511,0.000342562305337645
"SPY","hist_mean",3516,0.000328863165618618
"SPY","hist_mean",3521,0.000328994788402577
"SPY","hist_mean",3526,0.000330072338051931
"SPY","hist_mean",3531,0.000330507358868547
"SPY","hist_mean",3536,0.00033231859433542
"SPY","hist_mean",3541,0.000339757041947153
"SPY","hist_mean",3546,0.00033594374201297
"SPY","hist_mean",3551,0.000335267794624029
"SPY","hist_mean",3556,0.000329601408532676
"SPY","hist_mean",3561,0.000331191810096734
"SPY","hist_mean",3566,0.000320959502945514
"SPY","hist_mean",3571,0.000331323887677661
"SPY","hist_mean",3576,0.000336583730256291
"SPY","hist_mean",3581,0.000334485417250779
"SPY","hist_mean",3586,0.0003353317212832
"SPY","hist_mean",3591,0.000325055041044492
"SPY","hist_mean",3596,0.000319011211130037
"SPY","hist_mean",3601,0.000318306895672769
"SPY","hist_mean",3606,0.000314903521869592
"SPY","hist_mean",3611,0.000314754544088233
"SPY","hist_mean",3616,0.000326738637797303
"SPY","hist_mean",3621,0.000323602201069184
"SPY","hist_mean",3626,0.000316738903094974
"SPY","hist_mean",3631,0.000316469282946215
"SPY","hist_mean",3636,0.000318241167608978
"SPY","hist_mean",3641,0.000316628614074668
"SPY","hist_mean",3646,0.000312386541118614
"SPY","hist_mean",3651,0.000313301431889561
"SPY","hist_mean",3656,0.000315846708399194
"SPY","hist_mean",3661,0.000325947146004909
"SPY","hist_mean",3666,0.00032628528632021
"SPY","hist_mean",3671,0.000296761836176126
"SPY","hist_mean",3676,0.000297036468804598
"SPY","hist_mean",3681,0.000306386398864879
"SPY","hist_mean",3686,0.00030370476309329
"SPY","hist_mean",3691,0.000282327245347426
"SPY","hist_mean",3696,0.000286413594737532
"SPY","hist_mean",3701,0.000286571001789614
"SPY","hist_mean",3706,0.00028922267621269
"SPY","hist_mean",3711,0.000279770548078038
"SPY","hist_mean",3716,0.00028906197007754
"SPY","hist_mean",3721,0.000280775380807384
"SPY","hist_mean",3726,0.000279966459293013
"SPY","hist_mean",3731,0.000281358575438888
"SPY","hist_mean",3736,0.00029325323403451
"SPY","hist_mean",3741,0.000289761547038831
"SPY","hist_mean",3746,0.000293239254798433
"SPY","hist_mean",3751,0.000298348325356563
"SPY","hist_mean",3756,0.000304495710029605
"SPY","hist_mean",3761,0.000312191728684055
"SPY","hist_mean",3766,0.000280638353547734
"SPY","hist_mean",3771,0.000280440968836295
"SPY","hist_mean",3776,0.000292802301833016
"SPY","hist_mean",3781,0.000294112599986553
"SPY","hist_mean",3786,0.000303184548168539
"SPY","hist_mean",3791,0.000311688841733483
"SPY","hist_mean",3796,0.000318260186247522
"SPY","hist_mean",3801,0.000318777260449624
"SPY","hist_mean",3806,0.000320936907232736
"SPY","hist_mean",3811,0.000321191801047849
"SPY","hist_mean",3816,0.000331610769477837
"SPY","hist_mean",3821,0.000336543813452861
"SPY","hist_mean",3826,0.000346926384724886
"SPY","hist_mean",3831,0.000334737969545613
"SPY","hist_mean",3836,0.000340678331066166
"SPY","hist_mean",3841,0.000431820460120365
"SPY","hist_mean",3846,0.000410125573104653
"SPY","hist_mean",3851,0.000429721931194355
"SPY","hist_mean",3856,0.000436327639333277
"SPY","hist_mean",3861,0.000442850148497345
"SPY","hist_mean",3866,0.000447455381383712
"SPY","hist_mean",3871,0.000447600686592284
"SPY","hist_mean",3876,0.000446238669595522
"SPY","hist_mean",3881,0.000456175881402157
"SPY","hist_mean",3886,0.000444625438033733
"SPY","hist_mean",3891,0.000454176256113318
"SPY","hist_mean",3896,0.000458752425771814
"SPY","hist_mean",3901,0.00045793697448851
"SPY","hist_mean",3906,0.000453314467400912
"SPY","hist_mean",3911,0.000453199899435377
"SPY","hist_mean",3916,0.000450226818502458
"SPY","hist_mean",3921,0.00044478166441361
"SPY","hist_mean",3926,0.000455349515913178
"SPY","hist_mean",3931,0.000449497856928127
"SPY","hist_mean",3936,0.000453518811424775
"SPY","hist_mean",3941,0.000458782438403237
"SPY","hist_mean",3946,0.000461487630795971
"SPY","hist_mean",3951,0.000459933441184883
"SPY","hist_mean",3956,0.000456358159145215
"SPY","hist_mean",3961,0.000459621107787894
"SPY","hist_mean",3966,0.00046553041590757
"SPY","hist_mean",3971,0.000469838860798124
"SPY","hist_mean",3976,0.000464156697203867
"SPY","hist_mean",3981,0.000464385422536309
"SPY","hist_mean",3986,0.000467709058525155
"SPY","hist_mean",3991,0.000468017283127285
"SPY","hist_mean",3996,0.000471705987072746
"SPY","hist_mean",4001,0.000478556568546022
"SPY","hist_mean",4006,0.000479046265417781
"SPY","hist_mean",4011,0.000481195506135699
"SPY","hist_mean",4016,0.000488665591160534
"SPY","hist_mean",4021,0.00048828837957066
"SPY","hist_mean",4026,0.000494895091505094
"SPY","hist_mean",4031,0.00049625891777816
"SPY","hist_mean",4036,0.00047461531875695
"SPY","hist_mean",4041,0.000478475864887123
"SPY","hist_mean",4046,0.000469380496041292
"SPY","hist_mean",4051,0.000466373311410075
"SPY","hist_mean",4056,0.000471273840215227
"SPY","hist_mean",4061,0.00047966150021667
"SPY","hist_mean",4066,0.000486594991353736
"SPY","hist_mean",4071,0.000485054023233597
"SPY","hist_mean",4076,0.000470548649726853
"SPY","hist_mean",4081,0.000475861107327434
"SPY","hist_mean",4086,0.000483101064578091
"SPY","hist_mean",4091,0.00048868424414422
"SPY","hist_mean",4096,0.000490949157463355
"SPY","hist_mean",4101,0.000486645207647014
"SPY","hist_mean",4106,0.000496640047433571
"SPY","hist_mean",4111,0.000493138683874185
"SPY","hist_mean",4116,0.000501153945503642
"SPY","hist_mean",4121,0.000502962509234913
"SPY","hist_mean",4126,0.000505319427033204
"SPY","hist_mean",4131,0.000477310249685378
"SPY","hist_mean",4136,0.000482681488558373
"SPY","hist_mean",4141,0.000479087383273225
"SPY","hist_mean",4146,0.000495804311218535
"SPY","hist_mean",4151,0.000490512334182658
"SPY","hist_mean",4156,0.000493958909870889
"SPY","hist_mean",4161,0.000502361620025409
"SPY","hist_mean",4166,0.000504581011328661
"SPY","hist_mean",4171,0.000523099136483817
"SPY","hist_mean",4176,0.000519425154817839
"SPY","hist_mean",4181,0.000511968302402636
"SPY","hist_mean",4186,0.000515047642209449
"SPY","hist_mean",4191,0.000507513182071503
"SPY","hist_mean",4196,0.000502342122360316
"SPY","hist_mean",4201,0.000497454787487951
"SPY","hist_mean",4206,0.000489558280982611
"SPY","arima",1001,-9.33541128586018e-06
"SPY","arima",1006,-3.33214414653341e-06
"SPY","arima",1011,-3.62686823779271e-06
"SPY","arima",1016,-1.09838061886508e-05
"SPY","arima",1021,-2.81756879647274e-05
"SPY","arima",1026,-6.38902565175006e-06
"SPY","arima",1031,2.50526714268002e-05
"SPY","arima",1036,3.30523792908253e-05
"SPY","arima",1041,3.35340186957022e-05
"SPY","arima",1046,3.61695763103104e-05
"SPY","arima",1051,3.58466512576659e-05
"SPY","arima",1056,2.36011100916782e-05
"SPY","arima",1061,2.56010703023541e-05
"SPY","arima",1066,2.9186990843312e-05
"SPY","arima",1071,1.05914607725112e-05
"SPY","arima",1076,-3.04943253542635e-05
"SPY","arima",1081,-2.56523058258704e-05
"SPY","arima",1086,-2.01811940072013e-05
"SPY","arima",1091,-1.94269014143376e-05
"SPY","arima",1096,-2.27296826650518e-05
"SPY","arima",1101,-2.05084118144183e-05
"SPY","arima",1106,-2.38104132283985e-05
"SPY","arima",1111,-2.363553635328e-05
"SPY","arima",1116,-2.36563744311706e-05
"SPY","arima",1121,-1.92845229890249e-05
"SPY","arima",1126,-2.24777607474743e-05
"SPY","arima",1131,-8.88708321373338e-06
"SPY","arima",1136,-8.82817895835056e-06
"SPY","arima",1141,-2.65199782456161e-06
"SPY","arima",1146,-5.65175834417791e-06
"SPY","arima",1151,-6.92820565570607e-06
"SPY","arima",1156,-1.03129000531989e-05
"SPY","arima",1161,-1.34106150581244e-05
"SPY","arima",1166,-1.3698396493588e-05
"SPY","arima",1171,-1.47692554099519e-05
"SPY","arima",1176,-1.50299719644378e-05
"SPY","arima",1181,-1.41761323198089e-05
"SPY","arima",1186,-5.78208062970607e-06
"SPY","arima",1191,-1.82330694468104e-05
"SPY","arima",1196,-2.3844574588896e-05
"SPY","arima",1201,2.51877252273286e-05
"SPY","arima",1206,1.6578644342817e-05
"SPY","arima",1211,4.83173863676844e-05
"SPY","arima",1216,5.96579306114318e-05
"SPY","arima",1221,6.01875663065614e-05
"SPY","arima",1226,6.12268374847764e-05
"SPY","arima",1231,6.35411624093236e-05
"SPY","arima",1236,6.20697737259882e-05
"SPY","arima",1241,6.35015454780906e-05
"SPY","arima",1246,8.38646275341666e-05
"SPY","arima",1251,9.59526001854545e-05
"SPY","arima",1256,9.5967818868794e-05
"SPY","arima",1261,5.66105361199267e-05
"SPY","arima",1266,5.55447309570912e-05
"SPY","arima",1271,7.26206019508173e-05
"SPY","arima",1276,2.37873907247485e-05
"SPY","arima",1281,5.25166564314217e-06
"SPY","arima",1286,5.52498109231664e-06
"SPY","arima",1291,5.04308656901805e-06
"SPY","arima",1296,4.14267911447984e-06
"SPY","arima",1301,3.82725077394121e-06
"SPY","arima",1306,1.10322489176296e-06
"SPY","arima",1311,7.69593024978263e-06
"SPY","arima",1316,-4.68320699561347e-06
"SPY","arima",1321,-5.11099326603396e-06
"SPY","arima",1326,5.4347873905812e-06
"SPY","arima",1331,-2.67985565648506e-06
"SPY","arima",1336,1.48540483293296e-06
"SPY","arima",1341,1.16061727538281e-05
"SPY","arima",1346,3.44314929942129e-05
"SPY","arima",1351,3.4346262668201e-05
"SPY","arima",1356,3.15658084968221e-05
"SPY","arima",1361,3.22894233516454e-05
"SPY","arima",1366,2.6620284444562e-05
"SPY","arima",1371,1.68558249560005e-05
"SPY","arima",1376,2.94358927697633e-05
"SPY","arima",1381,-2.72938577492457e-06
"SPY","arima",1386,1.35887655141457e-05
"SPY","arima",1391,1.64486575744683e-05
"SPY","arima",1396,1.60546738603367e-05
"SPY","arima",1401,4.66706405406467e-05
"SPY","arima",1406,4.26668263922978e-05
"SPY","arima",1411,3.38861689817901e-05
"SPY","arima",1416,2.7310016973399e-05
"SPY","arima",1421,-0.000104935096969113
"SPY","arima",1426,-0.000154726604013248
"SPY","arima",1431,-0.000146487702594818
"SPY","arima",1436,-0.000141448658284327
"SPY","arima",1441,-0.000148827124869089
"SPY","arima",1446,-0.000180942429439924
"SPY","arima",1451,-0.000184171610082172
"SPY","arima",1456,-0.000180078415841504
"SPY","arima",1461,-0.000175357101062169
"SPY","arima",1466,-0.000198891734386014
"SPY","arima",1471,-0.000201844892130855
"SPY","arima",1476,-0.00020519396526953
"SPY","arima",1481,-0.000129745316010397
"SPY","arima",1486,-0.000131126699765656
"SPY","arima",1491,-0.000186644990691095
"SPY","arima",1496,-0.000181375716579494
"SPY","arima",1501,-0.000180496676797114
"SPY","arima",1506,-0.000183131321334676
"SPY","arima",1511,-0.000189570482394614
"SPY","arima",1516,-0.000191595577286658
"SPY","arima",1521,-0.000203439001137923
"SPY","arima",1526,-0.000164907652029481
"SPY","arima",1531,-0.0001759020582672
"SPY","arima",1536,-0.000177118535248193
"SPY","arima",1541,-0.000122889180342604
"SPY","arima",1546,-0.000120115972645483
"SPY","arima",1551,-0.000129652272116265
"SPY","arima",1556,-0.000128435192508353
"SPY","arima",1561,-0.000144529909583809
"SPY","arima",1566,-0.000138972700188296
"SPY","arima",1571,-0.000139339279378169
"SPY","arima",1576,-0.000130366370185786
"SPY","arima",1581,-0.000130458687203941
"SPY","arima",1586,-0.00012737804530802
"SPY","arima",1591,-0.000131850401210328
"SPY","arima",1596,-0.000132075239192121
"SPY","arima",1601,-0.000132972911030377
"SPY","arima",1606,-0.000130851653093607
"SPY","arima",1611,-0.000131179640776766
"SPY","arima",1616,-0.000131229199921853
"SPY","arima",1621,-0.000139915125417199
"SPY","arima",1626,-0.000142493246051764
"SPY","arima",1631,-0.0001369220799565
"SPY","arima",1636,-0.000135755627511487
"SPY","arima",1641,-0.000141295807602793
"SPY","arima",1646,-0.000138747618557391
"SPY","arima",1651,-0.000135631799116625
"SPY","arima",1656,-0.000136807396232799
"SPY","arima",1661,-0.000136731905596883
"SPY","arima",1666,-0.000132847844938399
"SPY","arima",1671,-0.000132902643465794
"SPY","arima",1676,-0.000124079581266128
"SPY","arima",1681,-0.000121547959901275
"SPY","arima",1686,-0.000120932755333539
"SPY","arima",1691,-0.00012202009252436
"SPY","arima",1696,-0.000115317501861412
"SPY","arima",1701,-0.00012759627306721
"SPY","arima",1706,-0.000135380991003963
"SPY","arima",1711,-0.000118512148226295
"SPY","arima",1716,-0.000121375045822836
"SPY","arima",1721,-0.000138517820311879
"SPY","arima",1726,-0.00013734327309492
"SPY","arima",1731,-0.000125863260873453
"SPY","arima",1736,-0.000127890571213731
"SPY","arima",1741,-0.000128834823752733
"SPY","arima",1746,-0.000122221815463466
"SPY","arima",1751,-0.000110741484753455
"SPY","arima",1756,-0.000112916285733206
"SPY","arima",1761,-0.000113245368074838
"SPY","arima",1766,-0.000113241054449373
"SPY","arima",1771,-0.000112033442726276
"SPY","arima",1776,-0.000111134579985774
"SPY","arima",1781,-0.00011463954181214
"SPY","arima",1786,-0.000114571055949326
"SPY","arima",1791,-0.000112903160594318
"SPY","arima",1796,-0.000117846217246429
"SPY","arima",1801,-0.000117435942193774
"SPY","arima",1806,-0.000123946562719687
"SPY","arima",1811,-0.000126728599144676
"SPY","arima",1816,-0.000148720406911773
"SPY","arima",1821,-0.000132546794512027
"SPY","arima",1826,-0.000132400050193565
"SPY","arima",1831,-0.000133303607691816
"SPY","arima",1836,-0.000138488986020478
"SPY","arima",1841,-0.000139226119237623
"SPY","arima",1846,-0.000140234744428597
"SPY","arima",1851,-0.000139332752751088
"SPY","arima",1856,-0.000158118218518693
"SPY","arima",1861,-0.000155740656445895
"SPY","arima",1866,-0.000150900414069851
"SPY","arima",1871,-0.000150868112693924
"SPY","arima",1876,-0.000152986582094846
"SPY","arima",1881,-0.000152931174548456
"SPY","arima",1886,-0.000152849725866685
"SPY","arima",1891,-0.000137320486657709
"SPY","arima",1896,-0.00013507305520472
"SPY","arima",1901,-0.000135789314962664
"SPY","arima",1906,-0.000136456256185731
"SPY","arima",1911,-0.000135001192321355
"SPY","arima",1916,-0.000132855773127397
"SPY","arima",1921,-0.000139355414933006
"SPY","arima",1926,-0.000137859448112641
"SPY","arima",1931,-0.000136692304655905
"SPY","arima",1936,-0.000128079290510439
"SPY","arima",1941,-0.000127084857639416
"SPY","arima",1946,-0.000128511293525269
"SPY","arima",1951,-0.000126799833835261
"SPY","arima",1956,-0.000128004571603177
"SPY","arima",1961,-0.000127833601083467
"SPY","arima",1966,-0.000127264385097339
"SPY","arima",1971,-0.000128339372329202
"SPY","arima",1976,-0.000127984254115037
"SPY","arima",1981,-0.000127725596521008
"SPY","arima",1986,-0.000125548893650734
"SPY","arima",1991,-0.000119250313129872
"SPY","arima",1996,-0.000116923684711867
"SPY","arima",2001,-0.000116341705095176
"SPY","arima",2006,-0.000115429874406578
"SPY","arima",2011,-0.000115342592899545
"SPY","arima",2016,-0.000115300319551873
"SPY","arima",2021,-0.000117035868757628
"SPY","arima",2026,-0.000114309510347255
"SPY","arima",2031,-0.000121299783653782
"SPY","arima",2036,-0.000147152103400652
"SPY","arima",2041,-8.85324082342094e-05
"SPY","arima",2046,-8.85900399489604e-05
"SPY","arima",2051,-8.97307824516627e-05
"SPY","arima",2056,-8.18099104800716e-05
"SPY","arima",2061,-8.13425628994138e-05
"SPY","arima",2066,-9.70739237408098e-05
"SPY","arima",2071,1.30940588086489e-05
"SPY","arima",2076,5.90426212831943e-05
"SPY","arima",2081,7.27450455470145e-05
"SPY","arima",2086,8.20318590048157e-05
"SPY","arima",2091,5.74627635892225e-05
"SPY","arima",2096,6.04569741316156e-05
"SPY","arima",2101,5.96610076198392e-05
"SPY","arima",2106,5.40220878174677e-05
"SPY","arima",2111,5.228437054075e-05
"SPY","arima",2116,8.40454332147222e-05
"SPY","arima",2121,8.19909337834984e-05
"SPY","arima",2126,8.06808052374626e-05
"SPY","arima",2131,8.23947605530315e-05
"SPY","arima",2136,7.79301056775273e-05
"SPY","arima",2141,9.88879502677139e-05
"SPY","arima",2146,0.000106402764385142
"SPY","arima",2151,0.000105235411709163
"SPY","arima",2156,0.0001056100196232
"SPY","arima",2161,0.000111905074067777
"SPY","arima",2166,0.000111772828075134
"SPY","arima",2171,0.000124944549883449
"SPY","arima",2176,0.000124702527652664
"SPY","arima",2181,0.000126475935406495
"SPY","arima",2186,0.000124544739178211
"SPY","arima",2191,0.000124520519984851
"SPY","arima",2196,0.00012493530074783
"SPY","arima",2201,0.000124932791882278
"SPY","arima",2206,0.000115387554111602
"SPY","arima",2211,0.000163310406225298
"SPY","arima",2216,0.000160057395157295
"SPY","arima",2221,0.000128066122270718
"SPY","arima",2226,0.000106665058880452
"SPY","arima",2231,7.74638753433264e-05
"SPY","arima",2236,8.06127066233518e-05
"SPY","arima",2241,0.000159281602795791
"SPY","arima",2246,0.00016393200296957
"SPY","arima",2251,0.000163496713105535
"SPY","arima",2256,0.000155465742423195
"SPY","arima",2261,0.000561016464374478
"SPY","arima",2266,0.000504807899015363
"SPY","arima",2271,0.000501645081683469
"SPY","arima",2276,0.000513137160103902
"SPY","arima",2281,0.000527450740568701
"SPY","arima",2286,0.00052734627535309
"SPY","arima",2291,0.000528279166420669
"SPY","arima",2296,0.000523369234880734
"SPY","arima",2301,0.000523564714056192
"SPY","arima",2306,0.000521875500464073
"SPY","arima",2311,0.000544542911030177
"SPY","arima",2316,0.000544042655831837
"SPY","arima",2321,0.000539998044378321
"SPY","arima",2326,0.000544190823953228
"SPY","arima",2331,0.000543964774273539
"SPY","arima",2336,0.000544244712642753
"SPY","arima",2341,0.000548295132322853
"SPY","arima",2346,0.000548088430289819
"SPY","arima",2351,0.000532967476248362
"SPY","arima",2356,0.000562588959902507
"SPY","arima",2361,0.000568511700903141
"SPY","arima",2366,0.000546255262909779
"SPY","arima",2371,0.000554713197341899
"SPY","arima",2376,0.00055258539136255
"SPY","arima",2381,0.000552965908021858
"SPY","arima",2386,0.000550764832957619
"SPY","arima",2391,0.000551575247546727
"SPY","arima",2396,0.000551222446578598
"SPY","arima",2401,0.000553622110473139
"SPY","arima",2406,0.000555084321229471
"SPY","arima",2411,0.00054080697932487
"SPY","arima",2416,0.00059815269311697
"SPY","arima",2421,0.000604725408280537
"SPY","arima",2426,0.000604723806200269
"SPY","arima",2431,0.000612046976385136
"SPY","arima",2436,0.000612494571901288
"SPY","arima",2441,0.000612027340334854
"SPY","arima",2446,0.000609795084890078
"SPY","arima",2451,0.000599631943861739
"SPY","arima",2456,0.000613996704803324
"SPY","arima",2461,0.000632952387806763
"SPY","arima",2466,0.000632492904801734
"SPY","arima",2471,0.000637762669922775
"SPY","arima",2476,0.000645255763350088
"SPY","arima",2481,0.000645016072580884
"SPY","arima",2486,0.000644968194886753
"SPY","arima",2491,0.000645163135457719
"SPY","arima",2496,0.000641854400508361
"SPY","arima",2501,0.000644011240384903
"SPY","arima",2506,0.000646148092833032
"SPY","arima",2511,0.00064474953741694
"SPY","arima",2516,0.000644263067746141
"SPY","arima",2521,0.000645865596671988
"SPY","arima",2526,0.000645142345745896
"SPY","arima",2531,0.000643812590624189
"SPY","arima",2536,0.000645727881446759
"SPY","arima",2541,0.000639577797800008
"SPY","arima",2546,0.00064057410599593
"SPY","arima",2551,0.000639843311468077
"SPY","arima",2556,0.000602392313774395
"SPY","arima",2561,0.000450166574332257
"SPY","arima",2566,0.00117443637601245
"SPY","arima",2571,0.0010429889099378
"SPY","arima",2576,0.00125752465534947
"SPY","arima",2581,0.00140895920033176
"SPY","arima",2586,0.00146280594860958
"SPY","arima",2591,0.00155232642188085
"SPY","arima",2596,0.00156393363255809
"SPY","arima",2601,0.00157148812786122
"SPY","arima",2606,0.00157002304669891
"SPY","arima",2611,0.00167377797816066
"SPY","arima",2616,0.00169238200638223
"SPY","arima",2621,0.0016593315147734
"SPY","arima",2626,0.00166073139174022
"SPY","arima",2631,0.00175190741317644
"SPY","arima",2636,0.00176483893638869
"SPY","arima",2641,0.00175223563051258
"SPY","arima",2646,0.0017131921717509
"SPY","arima",2651,0.00173207553091073
"SPY","arima",2656,0.00168782697815614
"SPY","arima",2661,0.00177132454759783
"SPY","arima",2666,0.0017668427665127
"SPY","arima",2671,0.00183451552064405
"SPY","arima",2676,0.00183287179212194
"SPY","arima",2681,0.00185571961052668
"SPY","arima",2686,0.00181498517057023
"SPY","arima",2691,0.00187045657217538
"SPY","arima",2696,0.00193069316058821
"SPY","arima",2701,0.00192832192852902
"SPY","arima",2706,0.00190706756346138
"SPY","arima",2711,0.0018643830908836
"SPY","arima",2716,0.00186554410878183
"SPY","arima",2721,0.00187712465171619
"SPY","arima",2726,0.00193820184550122
"SPY","arima",2731,0.00210399367872554
"SPY","arima",2736,0.00214594064442311
"SPY","arima",2741,0.00213789871146183
"SPY","arima",2746,0.00214071691032382
"SPY","arima",2751,0.00216865792579699
"SPY","arima",2756,0.0021694702335918
"SPY","arima",2761,0.00217799599182071
"SPY","arima",2766,0.00215645134303178
"SPY","arima",2771,0.00217880334327981
"SPY","arima",2776,0.00217307527436449
"SPY","arima",2781,0.00214077985422551
"SPY","arima",2786,0.00211360453686786
"SPY","arima",2791,0.00211234104725694
"SPY","arima",2796,0.00211140361007622
"SPY","arima",2801,0.00207707096962562
"SPY","arima",2806,0.00211815310506124
"SPY","arima",2811,0.00212071170381004
"SPY","arima",2816,0.00210307584766127
"SPY","arima",2821,0.00204843642940932
"SPY","arima",2826,0.00205393509516644
"SPY","arima",2831,0.00203692995190435
"SPY","arima",2836,0.00200451141069278
"SPY","arima",2841,0.0019998958425779
"SPY","arima",2846,0.00203049663715395
"SPY","arima",2851,0.0020354567524029
"SPY","arima",2856,0.00198171306001072
"SPY","arima",2861,0.00191314728461797
"SPY","arima",2866,0.00190684654704403
"SPY","arima",2871,0.00190845545047289
"SPY","arima",2876,0.00190734583818745
"SPY","arima",2881,0.00190801016332806
"SPY","arima",2886,0.00192968934655972
"SPY","arima",2891,0.00193062844767945
"SPY","arima",2896,0.00193376537042898
"SPY","arima",2901,0.00193312768597139
"SPY","arima",2906,0.00195360700870266
"SPY","arima",2911,0.00194764062133061
"SPY","arima",2916,0.00194076460806023
"SPY","arima",2921,0.00194205244526036
"SPY","arima",2926,0.00194981536106765
"SPY","arima",2931,0.00195068058966775
"SPY","arima",2936,0.00195209901820944
"SPY","arima",2941,0.00194915751127904
"SPY","arima",2946,0.00195474749556392
"SPY","arima",2951,0.00194807657400455
"SPY","arima",2956,0.00195088360613308
"SPY","arima",2961,0.00195533087674712
"SPY","arima",2966,0.00194212215035016
"SPY","arima",2971,0.00194958674259649
"SPY","arima",2976,0.00193946167110481
"SPY","arima",2981,0.00194725936472855
"SPY","arima",2986,0.00192035945848364
"SPY","arima",2991,0.00192024957994837
"SPY","arima",2996,0.00191831432752914
"SPY","arima",3001,0.00199240358137331
"SPY","arima",3006,0.00196498067451326
"SPY","arima",3011,0.00200081111708711
"SPY","arima",3016,0.00201321697136011
"SPY","arima",3021,0.00201176006195694
"SPY","arima",3026,0.00200665892585918
"SPY","arima",3031,0.00200659732265351
"SPY","arima",3036,0.00202019257518614
"SPY","arima",3041,0.00193850524583454
"SPY","arima",3046,0.0019486890491053
"SPY","arima",3051,0.00195766203796716
"SPY","arima",3056,0.00198218240176099
"SPY","arima",3061,0.00191493717952475
"SPY","arima",3066,0.00187030223852035
"SPY","arima",3071,0.00195119438085385
"SPY","arima",3076,0.00200917469971785
"SPY","arima",3081,0.00203829340342953
"SPY","arima",3086,0.00205938692959325
"SPY","arima",3091,0.00205410982201532
"SPY","arima",3096,0.00205464700917389
"SPY","arima",3101,0.00205888849063271
"SPY","arima",3106,0.00228052308224529
"SPY","arima",3111,0.00216358617771552
"SPY","arima",3116,0.00256904515433809
"SPY","arima",3121,0.00249584313677563
"SPY","arima",3126,0.00248053937785735
"SPY","arima",3131,0.00231875884170632
"SPY","arima",3136,0.00225023473481264
"SPY","arima",3141,0.00216239517642139
"SPY","arima",3146,0.00220185318048412
"SPY","arima",3151,0.00213334751092299
"SPY","arima",3156,0.00213086101609356
"SPY","arima",3161,0.00212237480327491
"SPY","arima",3166,0.00209744060755799
"SPY","arima",3171,0.00209853888123357
"SPY","arima",3176,0.00207787481533804
"SPY","arima",3181,0.00210673895356915
"SPY","arima",3186,0.00200668271619182
"SPY","arima",3191,0.00193288201493541
"SPY","arima",3196,0.00190814624516033
"SPY","arima",3201,0.00191831564712407
"SPY","arima",3206,0.00191955174371167
"SPY","arima",3211,0.00183471386988981
"SPY","arima",3216,0.00184657141652462
"SPY","arima",3221,0.0017454508204238
"SPY","arima",3226,0.00165585233621772
"SPY","arima",3231,0.00161722466245874
"SPY","arima",3236,0.00164584118092659
"SPY","arima",3241,0.0016414776038537
"SPY","arima",3246,0.00164920119365196
"SPY","arima",3251,0.00157846079558179
"SPY","arima",3256,0.0015722118884379
"SPY","arima",3261,0.00157455993443183
"SPY","arima",3266,0.00159670683603679
"SPY","arima",3271,0.00166015932790375
"SPY","arima",3276,0.00174253744965519
"SPY","arima",3281,0.00175250238739533
"SPY","arima",3286,0.00170488340332383
"SPY","arima",3291,0.00170532486663889
"SPY","arima",3296,0.001683948832374
"SPY","arima",3301,0.00166935204993849
"SPY","arima",3306,0.00167152245007442
"SPY","arima",3311,0.00167488506503425
"SPY","arima",3316,0.00163078581441741
"SPY","arima",3321,0.0016357265778129
"SPY","arima",3326,0.00160208495273058
"SPY","arima",3331,0.00159343404213286
"SPY","arima",3336,0.00159244166379529
"SPY","arima",3341,0.00158741406065255
"SPY","arima",3346,0.00158739174080918
"SPY","arima",3351,0.00154228492946288
"SPY","arima",3356,0.00153443067851256
"SPY","arima",3361,0.00154918727221126
"SPY","arima",3366,0.00154833452919653
"SPY","arima",3371,0.00152015239079346
"SPY","arima",3376,0.00153614754205916
"SPY","arima",3381,0.00154439408731791
"SPY","arima",3386,0.00157525191818452
"SPY","arima",3391,0.00156809853086753
"SPY","arima",3396,0.00154036585378647
"SPY","arima",3401,0.00154197211797227
"SPY","arima",3406,0.00154537945807746
"SPY","arima",3411,0.00154321289420378
"SPY","arima",3416,0.00153866928827586
"SPY","arima",3421,0.00155933557939567
"SPY","arima",3426,0.0015711868581321
"SPY","arima",3431,0.0015904017098838
"SPY","arima",3436,0.00155538199811451
"SPY","arima",3441,0.00156832367832238
"SPY","arima",3446,0.00156789704948817
"SPY","arima",3451,0.0015698524403675
"SPY","arima",3456,0.00155423421740798
"SPY","arima",3461,0.00156882061945855
"SPY","arima",3466,0.00157464718698803
"SPY","arima",3471,0.00157454583237064
"SPY","arima",3476,0.00158650297503423
"SPY","arima",3481,0.00158684728028726
"SPY","arima",3486,0.00158589844061406
"SPY","arima",3491,0.00164388781521313
"SPY","arima",3496,0.00164518759292277
"SPY","arima",3501,0.00164498146054271
"SPY","arima",3506,0.00164545331774258
"SPY","arima",3511,0.00164107008793894
"SPY","arima",3516,0.00163762899171939
"SPY","arima",3521,0.00163769088418764
"SPY","arima",3526,0.00163948489673463
"SPY","arima",3531,0.00163984841555196
"SPY","arima",3536,0.00164416430122241
"SPY","arima",3541,0.00164563837328653
"SPY","arima",3546,0.001625181731818
"SPY","arima",3551,0.00162464588878437
"SPY","arima",3556,0.00161232739651256
"SPY","arima",3561,0.00161248144983633
"SPY","arima",3566,0.00160666495327414
"SPY","arima",3571,0.00160332101920787
"SPY","arima",3576,0.00160401694892355
"SPY","arima",3581,0.00160595120017463
"SPY","arima",3586,0.00160713846240009
"SPY","arima",3591,0.00157792980511542
"SPY","arima",3596,0.00158777972302079
"SPY","arima",3601,0.00158761407982047
"SPY","arima",3606,0.0015678630036496
"SPY","arima",3611,0.00156783380489924
"SPY","arima",3616,0.00156336718363925
"SPY","arima",3621,0.00156073223843601
"SPY","arima",3626,0.00154300106872003
"SPY","arima",3631,0.00154090436618321
"SPY","arima",3636,0.00154098275194811
"SPY","arima",3641,0.00154041230347442
"SPY","arima",3646,0.00153118666612691
"SPY","arima",3651,0.00153119320948364
"SPY","arima",3656,0.00152660263435795
"SPY","arima",3661,0.00154354169897618
"SPY","arima",3666,0.00154322906860629
"SPY","arima",3671,0.00145012592819354
"SPY","arima",3676,0.00145013192240934
"SPY","arima",3681,0.00145796500340873
"SPY","arima",3686,0.00146135621562918
"SPY","arima",3691,0.00147278700720266
"SPY","arima",3696,0.00146064156737371
"SPY","arima",3701,0.0014586480584784
"SPY","arima",3706,0.00146453999966729
"SPY","arima",3711,0.00147781814339403
"SPY","arima",3716,0.00149337691811324
"SPY","arima",3721,0.00147244306675627
"SPY","arima",3726,0.00147111002005851
"SPY","arima",3731,0.0014726859301101
"SPY","arima",3736,0.00150742037387785
"SPY","arima",3741,0.00151030550087251
"SPY","arima",3746,0.001507405800691
"SPY","arima",3751,0.0014946826763165
"SPY","arima",3756,0.00150763803255306
"SPY","arima",3761,0.00150282474886637
"SPY","arima",3766,0.00141115709020143
"SPY","arima",3771,0.00140993617940963
"SPY","arima",3776,0.00142884640566523
"SPY","arima",3781,0.00143073672197735
"SPY","arima",3786,0.00145191499800822
"SPY","arima",3791,0.00144098659421354
"SPY","arima",3796,0.00145596729872527
"SPY","arima",3801,0.00145257609380458
"SPY","arima",3806,0.00144734194244468
"SPY","arima",3811,0.00144756868844552
"SPY","arima",3816,0.00147014249702863
"SPY","arima",3821,0.00146688269287081
"SPY","arima",3826,0.00150934942593325
"SPY","arima",3831,0.00147418512740264
"SPY","arima",3836,0.00148769231354426
"SPY","arima",3841,0.00257071834382515
"SPY","arima",3846,0.00242381887349698
"SPY","arima",3851,0.00223810014736123
"SPY","arima",3856,0.00224007053266101
"SPY","arima",3861,0.00224983187105138
"SPY","arima",3866,0.00225789361310265
"SPY","arima",3871,0.00225799340372032
"SPY","arima",3876,0.00225877799203765
"SPY","arima",3881,0.00226936376962825
"SPY","arima",3886,0.00227403583076202
"SPY","arima",3891,0.00228452326596778
"SPY","arima",3896,0.0022836784175459
"SPY","arima",3901,0.00227933897251445
"SPY","arima",3906,0.00228112116719051
"SPY","arima",3911,0.00228111420069356
"SPY","arima",3916,0.0022789805381075
"SPY","arima",3921,0.00229285736495399
"SPY","arima",3926,0.00230978428961691
"SPY","arima",3931,0.00230662360235356
"SPY","arima",3936,0.00231987379251142
"SPY","arima",3941,0.00232721958143017
"SPY","arima",3946,0.00232804868201154
"SPY","arima",3951,0.00232621468742927
"SPY","arima",3956,0.00231904505331256
"SPY","arima",3961,0.00232178496956742
"SPY","arima",3966,0.00233350095613084
"SPY","arima",3971,0.00234973476207856
"SPY","arima",3976,0.00231179017531535
"SPY","arima",3981,0.0023119691248999
"SPY","arima",3986,0.00232033424571906
"SPY","arima",3991,0.00231996709193194
"SPY","arima",3996,0.00232628009866199
"SPY","arima",4001,0.00233864757729948
"SPY","arima",4006,0.00233891488484274
"SPY","arima",4011,0.00233840635910886
"SPY","arima",4016,0.00236579377977414
"SPY","arima",4021,0.00236579777642407
"SPY","arima",4026,0.00236868230944794
"SPY","arima",4031,0.00236777283109519
"SPY","arima",4036,0.00232218881886548
"SPY","arima",4041,0.00231650435471311
"SPY","arima",4046,0.00231636296339043
"SPY","arima",4051,0.00230717140860433
"SPY","arima",4056,0.00232461239629676
"SPY","arima",4061,0.00232481167786317
"SPY","arima",4066,0.0023365158793729
"SPY","arima",4071,0.0023299826263875
"SPY","arima",4076,0.00227920318584581
"SPY","arima",4081,0.00229161396048226
"SPY","arima",4086,0.00228774450129789
"SPY","arima",4091,0.00225230218363413
"SPY","arima",4096,0.00224575677921705
"SPY","arima",4101,0.00225128958657674
"SPY","arima",4106,0.00225351466517186
"SPY","arima",4111,0.00224993553889608
"SPY","arima",4116,0.00224776260813416
"SPY","arima",4121,0.00224657251673325
"SPY","arima",4126,0.00224026741856248
"SPY","arima",4131,0.00227721363995532
"SPY","arima",4136,0.00223932617153769
"SPY","arima",4141,0.00224643289332099
"SPY","arima",4146,0.00229760140461814
"SPY","arima",4151,0.00228783374819919
"SPY","arima",4156,0.00229233437472522
"SPY","arima",4161,0.00229637679976674
"SPY","arima",4166,0.00229977817552302
"SPY","arima",4171,0.00230421775714612
"SPY","arima",4176,0.00230338985492054
"SPY","arima",4181,0.00230133956023909
"SPY","arima",4186,0.00230566348363827
"SPY","arima",4191,0.00228113829161078
"SPY","arima",4196,0.00227723754735245
"SPY","arima",4201,0.00227604085449552
"SPY","arima",4206,0.00226939054897448
"SPY","ets",1001,-3.52251100878191e-06
"SPY","ets",1006,-3.42437126953059e-06
"SPY","ets",1011,-3.67827919931857e-06
"SPY","ets",1016,-1.00378940972294e-05
"SPY","ets",1021,-9.31781220703586e-06
"SPY","ets",1026,1.1257791415997e-06
"SPY","ets",1031,2.39411807348788e-06
"SPY","ets",1036,1.78821253145116e-06
"SPY","ets",1041,2.38266298749015e-06
"SPY","ets",1046,8.69507945043189e-07
"SPY","ets",1051,7.53865263068079e-07
"SPY","ets",1056,-2.82171299117352e-06
"SPY","ets",1061,-6.94372019369552e-07
"SPY","ets",1066,5.27373611331471e-07
"SPY","ets",1071,-8.88300147029616e-07
"SPY","ets",1076,-2.11902904781824e-05
"SPY","ets",1081,-2.18926040657806e-05
"SPY","ets",1086,-1.94257864757527e-05
"SPY","ets",1091,-1.91496102069691e-05
"SPY","ets",1096,-2.05899875800322e-05
"SPY","ets",1101,-2.17641941841633e-05
"SPY","ets",1106,-2.44754036783747e-05
"SPY","ets",1111,-2.44138638704252e-05
"SPY","ets",1116,-2.44314663139e-05
"SPY","ets",1121,-2.47079999276611e-05
"SPY","ets",1126,-2.48561083466659e-05
"SPY","ets",1131,-2.45501985984496e-05
"SPY","ets",1136,-2.15256401478731e-05
"SPY","ets",1141,-2.08971385313077e-05
"SPY","ets",1146,-2.19478543261687e-05
"SPY","ets",1151,-2.19260541281151e-05
"SPY","ets",1156,-2.18384247960766e-05
"SPY","ets",1161,-2.11114619767345e-05
"SPY","ets",1166,-2.24694884782582e-05
"SPY","ets",1171,-2.24419224494652e-05
"SPY","ets",1176,-2.25339041902349e-05
"SPY","ets",1181,-2.29766150953583e-05
"SPY","ets",1186,-2.39457272039492e-05
"SPY","ets",1191,-1.13266873933539e-05
"SPY","ets",1196,-1.16267603509176e-05
"SPY","ets",1201,2.40325688619496e-05
"SPY","ets",1206,2.32608209512862e-05
"SPY","ets",1211,3.08581456154711e-05
"SPY","ets",1216,3.15088754737059e-05
"SPY","ets",1221,2.87187180405731e-05
"SPY","ets",1226,2.88303989581614e-05
"SPY","ets",1231,2.90535120615139e-05
"SPY","ets",1236,2.95285751110343e-05
"SPY","ets",1241,2.96726017564883e-05
"SPY","ets",1246,3.61708064166903e-05
"SPY","ets",1251,2.31712067602145e-05
"SPY","ets",1256,2.26976502433675e-05
"SPY","ets",1261,3.7706888289057e-06
"SPY","ets",1266,1.17122873714916e-06
"SPY","ets",1271,-3.18748006484436e-07
"SPY","ets",1276,-1.61497793504938e-05
"SPY","ets",1281,-1.1445653927427e-05
"SPY","ets",1286,-1.22145706770788e-05
"SPY","ets",1291,-1.22051005532894e-05
"SPY","ets",1296,-1.2285872991756e-05
"SPY","ets",1301,-1.18746602902937e-05
"SPY","ets",1306,-8.25066845915224e-06
"SPY","ets",1311,-3.47163240836062e-06
"SPY","ets",1316,-7.34174436754862e-06
"SPY","ets",1321,-6.05228598873876e-06
"SPY","ets",1326,-8.53695452965244e-06
"SPY","ets",1331,-8.62182667508762e-06
"SPY","ets",1336,-9.26247870055248e-06
"SPY","ets",1341,1.3305215342704e-06
"SPY","ets",1346,-3.5301874858858e-06
"SPY","ets",1351,-4.93672233788213e-06
"SPY","ets",1356,-4.26872133381393e-06
"SPY","ets",1361,-3.08245055770686e-06
"SPY","ets",1366,-4.41135710329048e-06
"SPY","ets",1371,-7.80302823880268e-06
"SPY","ets",1376,-5.81191979755559e-06
"SPY","ets",1381,-6.57723064067854e-06
"SPY","ets",1386,-4.7834163839946e-06
"SPY","ets",1391,-1.01980612936763e-05
"SPY","ets",1396,-9.97533485194859e-06
"SPY","ets",1401,-1.99301268149647e-06
"SPY","ets",1406,-2.72919991071063e-06
"SPY","ets",1411,8.55029868080219e-06
"SPY","ets",1416,1.01967980594541e-05
"SPY","ets",1421,-5.00553430498522e-05
"SPY","ets",1426,-6.37378107497226e-05
"SPY","ets",1431,-4.57599693163554e-05
"SPY","ets",1436,-5.18395741752559e-05
"SPY","ets",1441,-5.31268379851906e-05
"SPY","ets",1446,-5.31168571629918e-05
"SPY","ets",1451,-5.16032137868835e-05
"SPY","ets",1456,-5.3601069762625e-05
"SPY","ets",1461,-5.41286538596751e-05
"SPY","ets",1466,-5.26304609923022e-05
"SPY","ets",1471,-5.20201925224797e-05
"SPY","ets",1476,-5.15152585318559e-05
"SPY","ets",1481,-5.12736717188479e-05
"SPY","ets",1486,-5.12634458709213e-05
"SPY","ets",1491,-6.05355467807949e-05
"SPY","ets",1496,-5.92575413359139e-05
"SPY","ets",1501,-4.44382623606782e-05
"SPY","ets",1506,-4.32381888540081e-05
"SPY","ets",1511,-5.28935573533285e-05
"SPY","ets",1516,-5.22782657870288e-05
"SPY","ets",1521,-5.09121621390131e-05
"SPY","ets",1526,-3.71951107450507e-05
"SPY","ets",1531,-3.65522616341072e-05
"SPY","ets",1536,-3.67544197004812e-05
"SPY","ets",1541,-5.73991985360823e-05
"SPY","ets",1546,-5.359287202467e-05
"SPY","ets",1551,-6.1829233159644e-05
"SPY","ets",1556,-5.80210509898832e-05
"SPY","ets",1561,-5.73052626022771e-05
"SPY","ets",1566,-5.7561016370415e-05
"SPY","ets",1571,-5.67560572701844e-05
"SPY","ets",1576,-4.77624255363651e-05
"SPY","ets",1581,-4.79390594837699e-05
"SPY","ets",1586,-4.75332280963357e-05
"SPY","ets",1591,-4.61539954420369e-05
"SPY","ets",1596,-4.62820323735748e-05
"SPY","ets",1601,-4.61994127172279e-05
"SPY","ets",1606,-4.62061793415584e-05
"SPY","ets",1611,-4.64311853237933e-05
"SPY","ets",1616,-4.57593960966868e-05
"SPY","ets",1621,-4.66594300856519e-05
"SPY","ets",1626,-4.58513051400192e-05
"SPY","ets",1631,-1.09128166972207e-05
"SPY","ets",1636,-1.34191849585124e-05
"SPY","ets",1641,-1.75986650099655e-05
"SPY","ets",1646,-1.73630459968832e-05
"SPY","ets",1651,-1.65937897223539e-05
"SPY","ets",1656,-1.65061012435304e-05
"SPY","ets",1661,-1.62535752761785e-05
"SPY","ets",1666,-1.61094752030121e-05
"SPY","ets",1671,-1.61160694964589e-05
"SPY","ets",1676,-1.54746492109047e-05
"SPY","ets",1681,-1.64308499702619e-05
"SPY","ets",1686,-3.26166019816038e-06
"SPY","ets",1691,-3.26195694556677e-06
"SPY","ets",1696,1.94147973007684e-07
"SPY","ets",1701,-6.37331583802874e-07
"SPY","ets",1706,4.17206178223323e-06
"SPY","ets",1711,5.77372050908165e-06
"SPY","ets",1716,6.82311846617749e-06
"SPY","ets",1721,6.79328068797127e-06
"SPY","ets",1726,-1.70198678046044e-06
"SPY","ets",1731,-2.11247883967657e-06
"SPY","ets",1736,-3.34226799243829e-06
"SPY","ets",1741,-3.0164954478612e-06
"SPY","ets",1746,-6.50744192123728e-06
"SPY","ets",1751,-2.54283378516513e-06
"SPY","ets",1756,-1.76033277231937e-06
"SPY","ets",1761,-1.9875656730913e-06
"SPY","ets",1766,-1.83427750078191e-06
"SPY","ets",1771,-1.43247958842398e-06
"SPY","ets",1776,-7.54418787037305e-07
"SPY","ets",1781,-1.52032179466776e-06
"SPY","ets",1786,-6.55739464900394e-07
"SPY","ets",1791,-2.38083815413955e-06
"SPY","ets",1796,-3.06465342231784e-06
"SPY","ets",1801,-2.75160734706647e-06
"SPY","ets",1806,-3.42533995079294e-06
"SPY","ets",1811,-3.24790846323526e-06
"SPY","ets",1816,-4.36925359185344e-06
"SPY","ets",1821,-3.81298758653272e-06
"SPY","ets",1826,-3.72960568475353e-06
"SPY","ets",1831,-3.67947460270579e-06
"SPY","ets",1836,-4.06020451641859e-06
"SPY","ets",1841,-3.82055792080199e-06
"SPY","ets",1846,-3.77944068995115e-06
"SPY","ets",1851,-3.65427696499644e-06
"SPY","ets",1856,-4.63260676744634e-06
"SPY","ets",1861,-5.06244779755382e-06
"SPY","ets",1866,-4.88519467098601e-06
"SPY","ets",1871,-4.95285681949078e-06
"SPY","ets",1876,-5.11528391320377e-06
"SPY","ets",1881,-5.13273640695144e-06
"SPY","ets",1886,5.31452965579511e-07
"SPY","ets",1891,4.87555261490321e-06
"SPY","ets",1896,4.18256136696158e-06
"SPY","ets",1901,4.22645566624649e-06
"SPY","ets",1906,4.13795574906726e-06
"SPY","ets",1911,4.40935061681124e-06
"SPY","ets",1916,5.75151782778789e-06
"SPY","ets",1921,3.43681653307593e-06
"SPY","ets",1926,3.8820547311392e-06
"SPY","ets",1931,3.1289574262643e-06
"SPY","ets",1936,4.12312759525671e-06
"SPY","ets",1941,3.89913546450356e-06
"SPY","ets",1946,3.91263743744416e-06
"SPY","ets",1951,2.68663159400223e-06
"SPY","ets",1956,2.56375652553579e-06
"SPY","ets",1961,2.44189439751428e-06
"SPY","ets",1966,3.97559028319845e-06
"SPY","ets",1971,6.2698297780571e-06
"SPY","ets",1976,5.84620733099902e-06
"SPY","ets",1981,5.87921189149876e-06
"SPY","ets",1986,6.22062434796654e-06
"SPY","ets",1991,6.55757095154429e-06
"SPY","ets",1996,6.18391508440912e-06
"SPY","ets",2001,5.72030531926777e-06
"SPY","ets",2006,7.6681849585277e-06
"SPY","ets",2011,7.71288916642959e-06
"SPY","ets",2016,5.45886776820894e-06
"SPY","ets",2021,6.30499012048639e-06
"SPY","ets",2026,6.78710510413686e-06
"SPY","ets",2031,6.45354982786644e-06
"SPY","ets",2036,4.48422002101822e-06
"SPY","ets",2041,4.70457402015032e-05
"SPY","ets",2046,4.64738797919315e-05
"SPY","ets",2051,3.309081195896e-05
"SPY","ets",2056,2.92580800563481e-05
"SPY","ets",2061,3.04330146711396e-05
"SPY","ets",2066,3.14396754916371e-05
"SPY","ets",2071,7.39326775489857e-05
"SPY","ets",2076,9.42341879177655e-05
"SPY","ets",2081,8.92331482165747e-05
"SPY","ets",2086,8.2495432985748e-05
"SPY","ets",2091,8.1985115669634e-05
"SPY","ets",2096,8.29500262529159e-05
"SPY","ets",2101,8.29257564866145e-05
"SPY","ets",2106,8.32416503329038e-05
"SPY","ets",2111,8.48020373877648e-05
"SPY","ets",2116,9.69990455636591e-05
"SPY","ets",2121,9.63900130785518e-05
"SPY","ets",2126,9.67329431816155e-05
"SPY","ets",2131,9.72525656639004e-05
"SPY","ets",2136,9.83875222065848e-05
"SPY","ets",2141,0.000100645047979035
"SPY","ets",2146,0.000105855570722629
"SPY","ets",2151,0.000106541262951381
"SPY","ets",2156,0.000108092942990997
"SPY","ets",2161,0.00010874810783906
"SPY","ets",2166,0.000108714426502817
"SPY","ets",2171,0.000113404492201804
"SPY","ets",2176,0.000113349168077324
"SPY","ets",2181,0.000115073283082602
"SPY","ets",2186,0.000114562980282164
"SPY","ets",2191,0.00011442284813622
"SPY","ets",2196,0.000114916670641834
"SPY","ets",2201,0.000114878266987779
"SPY","ets",2206,0.000110844268399911
"SPY","ets",2211,0.000138779492003775
"SPY","ets",2216,0.000137662535779059
"SPY","ets",2221,0.000163152012821183
"SPY","ets",2226,0.000169239935047479
"SPY","ets",2231,0.000168484509746373
"SPY","ets",2236,0.000165732939612656
"SPY","ets",2241,0.000175581920086492
"SPY","ets",2246,0.00016787654998209
"SPY","ets",2251,0.000167856644494086
"SPY","ets",2256,0.000165448329430354
"SPY","ets",2261,0.000270516773529209
"SPY","ets",2266,0.000273125695182283
"SPY","ets",2271,0.000271708566085875
"SPY","ets",2276,0.000270160491679827
"SPY","ets",2281,0.000269810224573478
"SPY","ets",2286,0.000269369436403922
"SPY","ets",2291,0.000270104821388625
"SPY","ets",2296,0.000271771446665449
"SPY","ets",2301,0.000271134769510754
"SPY","ets",2306,0.00027269519467971
"SPY","ets",2311,0.000275054433615906
"SPY","ets",2316,0.00027375137037907
"SPY","ets",2321,0.000272252773398308
"SPY","ets",2326,0.000266645057006182
"SPY","ets",2331,0.000266338406255207
"SPY","ets",2336,0.000266600977211847
"SPY","ets",2341,0.000265994010904018
"SPY","ets",2346,0.000265925627674912
"SPY","ets",2351,0.00026124775105059
"SPY","ets",2356,0.000277023283936514
"SPY","ets",2361,0.000281458069960199
"SPY","ets",2366,0.000276783897565384
"SPY","ets",2371,0.000262670215531663
"SPY","ets",2376,0.000262655834086157
"SPY","ets",2381,0.000260834466114837
"SPY","ets",2386,0.000259993134537094
"SPY","ets",2391,0.000258339138165208
"SPY","ets",2396,0.000257510099301825
"SPY","ets",2401,0.000259526376436028
"SPY","ets",2406,0.000261427809930232
"SPY","ets",2411,0.000253237078464194
"SPY","ets",2416,0.000251363358525568
"SPY","ets",2421,0.000256268500720095
"SPY","ets",2426,0.000256363548726404
"SPY","ets",2431,0.000249615847929822
"SPY","ets",2436,0.000248592894507632
"SPY","ets",2441,0.000248758270825696
"SPY","ets",2446,0.000248722380515857
"SPY","ets",2451,0.000247932817415359
"SPY","ets",2456,0.00024003718886533
"SPY","ets",2461,0.000234293021192874
"SPY","ets",2466,0.000235254059978175
"SPY","ets",2471,0.000234707299658519
"SPY","ets",2476,0.000236536385103826
"SPY","ets",2481,0.000235870515264364
"SPY","ets",2486,0.000235095417033909
"SPY","ets",2491,0.000235398410123334
"SPY","ets",2496,0.00023301840688226
"SPY","ets",2501,0.000235094785627002
"SPY","ets",2506,0.000234646169963486
"SPY","ets",2511,0.000234098349903758
"SPY","ets",2516,0.000235097289701266
"SPY","ets",2521,0.000236210908104447
"SPY","ets",2526,0.000236444172890767
"SPY","ets",2531,0.000236448959658651
"SPY","ets",2536,0.000236573161801929
"SPY","ets",2541,0.000233280670727741
"SPY","ets",2546,0.000233743242272406
"SPY","ets",2551,0.000230564458013317
"SPY","ets",2556,0.000212904581934229
"SPY","ets",2561,0.00017085844425071
"SPY","ets",2566,0.00078833777685683
"SPY","ets",2571,0.0007910928342024
"SPY","ets",2576,0.00112882123681311
"SPY","ets",2581,0.00118575941545973
"SPY","ets",2586,0.00120504560744568
"SPY","ets",2591,0.00128711569541998
"SPY","ets",2596,0.00124512440914233
"SPY","ets",2601,0.00125237281761308
"SPY","ets",2606,0.00124738616961674
"SPY","ets",2611,0.00120713369894325
"SPY","ets",2616,0.00120484192453067
"SPY","ets",2621,0.00119719336591867
"SPY","ets",2626,0.00121012752590115
"SPY","ets",2631,0.0011397507469047
"SPY","ets",2636,0.00113288284312826
"SPY","ets",2641,0.00108102630222562
"SPY","ets",2646,0.00110205083530402
"SPY","ets",2651,0.00107587461183964
"SPY","ets",2656,0.00107397247409179
"SPY","ets",2661,0.00109028560030216
"SPY","ets",2666,0.00108519507998112
"SPY","ets",2671,0.00111497460978128
"SPY","ets",2676,0.00111614075958181
"SPY","ets",2681,0.00110936937040119
"SPY","ets",2686,0.00108513056170691
"SPY","ets",2691,0.00116274491723214
"SPY","ets",2696,0.00115594707754418
"SPY","ets",2701,0.00116295789090207
"SPY","ets",2706,0.0011532396718405
"SPY","ets",2711,0.00111932825994422
"SPY","ets",2716,0.00111524531373642
"SPY","ets",2721,0.00111648819182272
"SPY","ets",2726,0.00117885006353996
"SPY","ets",2731,0.00106614947061862
"SPY","ets",2736,0.00107344882872038
"SPY","ets",2741,0.00108511045997391
"SPY","ets",2746,0.00108620871318509
"SPY","ets",2751,0.00108943603246237
"SPY","ets",2756,0.00108896361644233
"SPY","ets",2761,0.00109303515181214
"SPY","ets",2766,0.00108526943441873
"SPY","ets",2771,0.00110472846320143
"SPY","ets",2776,0.00110423108924549
"SPY","ets",2781,0.00108152501088674
"SPY","ets",2786,0.00106844902291305
"SPY","ets",2791,0.00106210661103862
"SPY","ets",2796,0.00106181647006469
"SPY","ets",2801,0.00106070229210186
"SPY","ets",2806,0.0011287194936599
"SPY","ets",2811,0.00108274344666524
"SPY","ets",2816,0.0010639527993408
"SPY","ets",2821,0.00106954715995851
"SPY","ets",2826,0.00107618649006401
"SPY","ets",2831,0.00106905213157383
"SPY","ets",2836,0.00106453122032996
"SPY","ets",2841,0.00105674032648167
"SPY","ets",2846,0.00107762271049944
"SPY","ets",2851,0.00108547745996692
"SPY","ets",2856,0.00107119800129136
"SPY","ets",2861,0.001026097369267
"SPY","ets",2866,0.00102657289047103
"SPY","ets",2871,0.00102669713323019
"SPY","ets",2876,0.00102763892234502
"SPY","ets",2881,0.00102687933662845
"SPY","ets",2886,0.00106739792499764
"SPY","ets",2891,0.00106580907617302
"SPY","ets",2896,0.00106804715345781
"SPY","ets",2901,0.00107060516424565
"SPY","ets",2906,0.00111685268652486
"SPY","ets",2911,0.00111886895839123
"SPY","ets",2916,0.00112417566474262
"SPY","ets",2921,0.00112453491549876
"SPY","ets",2926,0.00112705938832042
"SPY","ets",2931,0.00112251565336839
"SPY","ets",2936,0.00112372567266718
"SPY","ets",2941,0.00112232593880366
"SPY","ets",2946,0.00113039220264558
"SPY","ets",2951,0.00113166650671083
"SPY","ets",2956,0.00113407602914007
"SPY","ets",2961,0.00112283969202073
"SPY","ets",2966,0.00112526678134484
"SPY","ets",2971,0.00111954535785029
"SPY","ets",2976,0.00111936342754041
"SPY","ets",2981,0.0011152194682619
"SPY","ets",2986,0.00110643183551098
"SPY","ets",2991,0.00110818115078328
"SPY","ets",2996,0.00110763048103135
"SPY","ets",3001,0.00114265122303133
"SPY","ets",3006,0.0011471724146544
"SPY","ets",3011,0.0011732997355274
"SPY","ets",3016,0.00115555379606397
"SPY","ets",3021,0.00115269444275331
"SPY","ets",3026,0.00115058458918218
"SPY","ets",3031,0.00114954381347076
"SPY","ets",3036,0.00116257401863868
"SPY","ets",3041,0.00104811460125115
"SPY","ets",3046,0.00104943133701108
"SPY","ets",3051,0.00102868194511587
"SPY","ets",3056,0.00101124105081858
"SPY","ets",3061,0.00101033004098765
"SPY","ets",3066,0.000950337620826144
"SPY","ets",3071,0.000984028309810026
"SPY","ets",3076,0.000981498529865218
"SPY","ets",3081,0.000960626488992459
"SPY","ets",3086,0.000983089964769631
"SPY","ets",3091,0.0009658332633957
"SPY","ets",3096,0.000965475588496378
"SPY","ets",3101,0.000973269025682343
"SPY","ets",3106,0.000941637925468213
"SPY","ets",3111,0.000937588099142074
"SPY","ets",3116,0.00111142557158082
"SPY","ets",3121,0.00112158664832553
"SPY","ets",3126,0.00115530905105383
"SPY","ets",3131,0.00110237293917021
"SPY","ets",3136,0.00119907077233021
"SPY","ets",3141,0.00112981622354979
"SPY","ets",3146,0.00114830724786441
"SPY","ets",3151,0.00114770051722252
"SPY","ets",3156,0.00117583145599978
"SPY","ets",3161,0.00117725516611023
"SPY","ets",3166,0.00118364810578045
"SPY","ets",3171,0.00118289240224164
"SPY","ets",3176,0.00116772900569127
"SPY","ets",3181,0.00110539366856434
"SPY","ets",3186,0.00105070493980623
"SPY","ets",3191,0.0010437332558786
"SPY","ets",3196,0.00114235776414864
"SPY","ets",3201,0.00116020599866668
"SPY","ets",3206,0.00115415005832414
"SPY","ets",3211,0.00098820586081472
"SPY","ets",3216,0.000974688029406854
"SPY","ets",3221,0.000912578310303324
"SPY","ets",3226,0.000867470209769576
"SPY","ets",3231,0.000862284043994435
"SPY","ets",3236,0.000849792940548525
"SPY","ets",3241,0.000862421826771685
"SPY","ets",3246,0.000871614291245968
"SPY","ets",3251,0.000891679508242177
"SPY","ets",3256,0.000883739093837104
"SPY","ets",3261,0.000894049825078754
"SPY","ets",3266,0.000891921705201348
"SPY","ets",3271,0.000934515245843138
"SPY","ets",3276,0.000980487168962421
"SPY","ets",3281,0.000976620690597491
"SPY","ets",3286,0.0009332970414416
"SPY","ets",3291,0.000941281397464056
"SPY","ets",3296,0.000929601528070516
"SPY","ets",3301,0.000926442061286094
"SPY","ets",3306,0.000911472998915854
"SPY","ets",3311,0.000913151712924538
"SPY","ets",3316,0.000919897857799727
"SPY","ets",3321,0.000929168709747233
"SPY","ets",3326,0.000906924977929045
"SPY","ets",3331,0.000907947889273006
"SPY","ets",3336,0.000913244340173346
"SPY","ets",3341,0.000913545630329391
"SPY","ets",3346,0.000913568495860018
"SPY","ets",3351,0.000898273227238975
"SPY","ets",3356,0.000882126226114542
"SPY","ets",3361,0.000885733361372963
"SPY","ets",3366,0.000900164568935786
"SPY","ets",3371,0.00088326899452171
"SPY","ets",3376,0.000892770072881139
"SPY","ets",3381,0.000896446001190337
"SPY","ets",3386,0.000891995982752528
"SPY","ets",3391,0.000896336480651286
"SPY","ets",3396,0.000887070364952377
"SPY","ets",3401,0.000888550518118193
"SPY","ets",3406,0.000888428057826597
"SPY","ets",3411,0.000888946140300153
"SPY","ets",3416,0.00088491252169728
"SPY","ets",3421,0.000892812573264844
"SPY","ets",3426,0.000893435119884158
"SPY","ets",3431,0.000893792674659721
"SPY","ets",3436,0.000886558993772446
"SPY","ets",3441,0.000887969008631513
"SPY","ets",3446,0.000894487263797917
"SPY","ets",3451,0.000894301609242314
"SPY","ets",3456,0.00090509275168838
"SPY","ets",3461,0.000903748104103136
"SPY","ets",3466,0.000895919264542857
"SPY","ets",3471,0.000895127642874683
"SPY","ets",3476,0.000899182067523859
"SPY","ets",3481,0.000884793568408116
"SPY","ets",3486,0.000882957267266349
"SPY","ets",3491,0.000881526341148518
"SPY","ets",3496,0.000884160696905364
"SPY","ets",3501,0.000884260512891552
"SPY","ets",3506,0.000883786162810609
"SPY","ets",3511,0.000871183387682761
"SPY","ets",3516,0.00088755414880647
"SPY","ets",3521,0.000887361355283106
"SPY","ets",3526,0.000888211953983994
"SPY","ets",3531,0.000888218627849432
"SPY","ets",3536,0.000881745156168574
"SPY","ets",3541,0.000883147238447744
"SPY","ets",3546,0.00088967149764691
"SPY","ets",3551,0.000889856221474
"SPY","ets",3556,0.000885321240188411
"SPY","ets",3561,0.000886405035176431
"SPY","ets",3566,0.000885930253848304
"SPY","ets",3571,0.00088856045956921
"SPY","ets",3576,0.000882991477890503
"SPY","ets",3581,0.000881935615885252
"SPY","ets",3586,0.000882889845369812
"SPY","ets",3591,0.000885232026869778
"SPY","ets",3596,0.000881834184142633
"SPY","ets",3601,0.000881608238087802
"SPY","ets",3606,0.000870371997343247
"SPY","ets",3611,0.000870299260733322
"SPY","ets",3616,0.000859925215883027
"SPY","ets",3621,0.000861190131868909
"SPY","ets",3626,0.000852387356161719
"SPY","ets",3631,0.000851281527761555
"SPY","ets",3636,0.000847739337383901
"SPY","ets",3641,0.000847019317883135
"SPY","ets",3646,0.000848144157912904
"SPY","ets",3651,0.00084656474567909
"SPY","ets",3656,0.000843585694976302
"SPY","ets",3661,0.000856889175867513
"SPY","ets",3666,0.000854856431364276
"SPY","ets",3671,0.000745697894676945
"SPY","ets",3676,0.000744741694462108
"SPY","ets",3681,0.000739469726953515
"SPY","ets",3686,0.00074282165652048
"SPY","ets",3691,0.000776949077082808
"SPY","ets",3696,0.000768226294910248
"SPY","ets",3701,0.000768093793098612
"SPY","ets",3706,0.000767044940005528
"SPY","ets",3711,0.000772771748363615
"SPY","ets",3716,0.000786283941303685
"SPY","ets",3721,0.000797240305092377
"SPY","ets",3726,0.000797068342816094
"SPY","ets",3731,0.00079605853746311
"SPY","ets",3736,0.000799506755248699
"SPY","ets",3741,0.000799884281800373
"SPY","ets",3746,0.000797758102195579
"SPY","ets",3751,0.000794342637320863
"SPY","ets",3756,0.000793726106979973
"SPY","ets",3761,0.000798471685434851
"SPY","ets",3766,0.000778261475972359
"SPY","ets",3771,0.000777077654790849
"SPY","ets",3776,0.000782427324699402
"SPY","ets",3781,0.00078476947243263
"SPY","ets",3786,0.000768752418037444
"SPY","ets",3791,0.000788894496107884
"SPY","ets",3796,0.000796755876183771
"SPY","ets",3801,0.000795694397916922
"SPY","ets",3806,0.000794405595358638
"SPY","ets",3811,0.000794659698241281
"SPY","ets",3816,0.000818000261270946
"SPY","ets",3821,0.000826895659629427
"SPY","ets",3826,0.000845070982838254
"SPY","ets",3831,0.00085269202854392
"SPY","ets",3836,0.000848755727534917
"SPY","ets",3841,0.00110520528754515
"SPY","ets",3846,0.0010971615914951
"SPY","ets",3851,0.00102758485644083
"SPY","ets",3856,0.00102634074914835
"SPY","ets",3861,0.00102194886757437
"SPY","ets",3866,0.00102002597769583
"SPY","ets",3871,0.00101875796114447
"SPY","ets",3876,0.00101937153092181
"SPY","ets",3881,0.00102803914876956
"SPY","ets",3886,0.00103547089256695
"SPY","ets",3891,0.00103970339226892
"SPY","ets",3896,0.00103461783670779
"SPY","ets",3901,0.00103358525190791
"SPY","ets",3906,0.00103479694355116
"SPY","ets",3911,0.00103472097111787
"SPY","ets",3916,0.00103477727226142
"SPY","ets",3921,0.00104567439268155
"SPY","ets",3926,0.00104812295388066
"SPY","ets",3931,0.00104769418781626
"SPY","ets",3936,0.00104993607434259
"SPY","ets",3941,0.00105716123186981
"SPY","ets",3946,0.00105580801535629
"SPY","ets",3951,0.00105559704172708
"SPY","ets",3956,0.00105252320422046
"SPY","ets",3961,0.00104991445563836
"SPY","ets",3966,0.00105346004980941
"SPY","ets",3971,0.00105351648577891
"SPY","ets",3976,0.0010544112053367
"SPY","ets",3981,0.00105396747026261
"SPY","ets",3986,0.00106019728787309
"SPY","ets",3991,0.0010597145999614
"SPY","ets",3996,0.00106549120041658
"SPY","ets",4001,0.00105126761012125
"SPY","ets",4006,0.00105069396108894
"SPY","ets",4011,0.00104763466909316
"SPY","ets",4016,0.00106191699702139
"SPY","ets",4021,0.0010618622007676
"SPY","ets",4026,0.00106048065518735
"SPY","ets",4031,0.00105830208004778
"SPY","ets",4036,0.00105595044465891
"SPY","ets",4041,0.0010520881868055
"SPY","ets",4046,0.00105899965415243
"SPY","ets",4051,0.00106170452595219
"SPY","ets",4056,0.00106027913289821
"SPY","ets",4061,0.00105033325600029
"SPY","ets",4066,0.00106085351194161
"SPY","ets",4071,0.00106063774770124
"SPY","ets",4076,0.00106934934070696
"SPY","ets",4081,0.00107181936775886
"SPY","ets",4086,0.00102733555072752
"SPY","ets",4091,0.000996157209851781
"SPY","ets",4096,0.000991544700642221
"SPY","ets",4101,0.000997337783571262
"SPY","ets",4106,0.000998360379192602
"SPY","ets",4111,0.00100456774920942
"SPY","ets",4116,0.000996784231662122
"SPY","ets",4121,0.000992716731030205
"SPY","ets",4126,0.000990056780536942
"SPY","ets",4131,0.00100451417662332
"SPY","ets",4136,0.000987961984588176
"SPY","ets",4141,0.000992418061925017
"SPY","ets",4146,0.00101257628477461
"SPY","ets",4151,0.00101921110865693
"SPY","ets",4156,0.00102334471831532
"SPY","ets",4161,0.00102700681284877
"SPY","ets",4166,0.00102691381775034
"SPY","ets",4171,0.000978167660065065
"SPY","ets",4176,0.000978279381472681
"SPY","ets",4181,0.000972283763154141
"SPY","ets",4186,0.000973714767444514
"SPY","ets",4191,0.000969822717112565
"SPY","ets",4196,0.000964839755781822
"SPY","ets",4201,0.000960821065275439
"SPY","ets",4206,0.000962339184691095
"SPY","stlf",1001,-8.17066584737963e-05
"SPY","stlf",1006,-0.000372374074741311
"SPY","stlf",1011,-0.00040205029680896
"SPY","stlf",1016,-0.000403158255167077
"SPY","stlf",1021,-0.000337350029394273
"SPY","stlf",1026,-0.000308537946825348
"SPY","stlf",1031,-0.000218394117422741
"SPY","stlf",1036,-0.000203749285706388
"SPY","stlf",1041,-0.000208147470203957
"SPY","stlf",1046,-0.000203597844771864
"SPY","stlf",1051,-0.000203536591163903
"SPY","stlf",1056,-0.000271712010117823
"SPY","stlf",1061,-0.000266262650598701
"SPY","stlf",1066,-0.000263179715629975
"SPY","stlf",1071,-0.00041592730257978
"SPY","stlf",1076,-0.00048455376774505
"SPY","stlf",1081,-0.000496815443707775
"SPY","stlf",1086,-0.000486968648012093
"SPY","stlf",1091,-0.000542376184569245
"SPY","stlf",1096,-0.000448506214173388
"SPY","stlf",1101,-0.000471304728994408
"SPY","stlf",1106,-0.000795742482898233
"SPY","stlf",1111,-0.000960271677193486
"SPY","stlf",1116,-0.00103245004186835
"SPY","stlf",1121,-0.0010594593799789
"SPY","stlf",1126,-0.00114159718189988
"SPY","stlf",1131,-0.00158517559735859
"SPY","stlf",1136,-0.00161093040363741
"SPY","stlf",1141,-0.0018101324237836
"SPY","stlf",1146,-0.00200800870731403
"SPY","stlf",1151,-0.0021100284221885
"SPY","stlf",1156,-0.00212254213262961
"SPY","stlf",1161,-0.00304237444823774
"SPY","stlf",1166,-0.00319353053317066
"SPY","stlf",1171,-0.00352921838447177
"SPY","stlf",1176,-0.00355070601368767
"SPY","stlf",1181,-0.00366503072587222
"SPY","stlf",1186,-0.00366317558968902
"SPY","stlf",1191,-0.0034145645894655
"SPY","stlf",1196,-0.00343018242390353
"SPY","stlf",1201,-0.0033228118260592
"SPY","stlf",1206,-0.00340717005214789
"SPY","stlf",1211,-0.0034454343733138
"SPY","stlf",1216,-0.00341178844246815
"SPY","stlf",1221,-0.00339623184081348
"SPY","stlf",1226,-0.00347644058502184
"SPY","stlf",1231,-0.0036866918468588
"SPY","stlf",1236,-0.00389124452435687
"SPY","stlf",1241,-0.00405323584962924
"SPY","stlf",1246,-0.00396562130740671
"SPY","stlf",1251,-0.0041989905035933
"SPY","stlf",1256,-0.00429617329366829
"SPY","stlf",1261,-0.00437126659841183
"SPY","stlf",1266,-0.00436408738933931
"SPY","stlf",1271,-0.004339200996066
"SPY","stlf",1276,-0.00435255217399846
"SPY","stlf",1281,-0.00436731512281645
"SPY","stlf",1286,-0.00436883723622034
"SPY","stlf",1291,-0.00438091515468357
"SPY","stlf",1296,-0.00438352133071186
"SPY","stlf",1301,-0.0043823940309688
"SPY","stlf",1306,-0.00427122760883807
"SPY","stlf",1311,-0.00425032499335146
"SPY","stlf",1316,-0.00425863192643646
"SPY","stlf",1321,-0.00424632311040674
"SPY","stlf",1326,-0.0042171343416606
"SPY","stlf",1331,-0.0041458637176907
"SPY","stlf",1336,-0.00414057626847692
"SPY","stlf",1341,-0.00406472079317315
"SPY","stlf",1346,-0.00445503345944206
"SPY","stlf",1351,-0.00449469365776637
"SPY","stlf",1356,-0.00467034553931355
"SPY","stlf",1361,-0.00466695847956466
"SPY","stlf",1366,-0.00465764046336167
"SPY","stlf",1371,-0.00464011679766762
"SPY","stlf",1376,-0.00478958513013251
"SPY","stlf",1381,-0.00449195522458808
"SPY","stlf",1386,-0.00447403405962889
"SPY","stlf",1391,-0.00458293187790729
"SPY","stlf",1396,-0.00456775139226298
"SPY","stlf",1401,-0.00455996509747347
"SPY","stlf",1406,-0.00456444106474491
"SPY","stlf",1411,-0.00455447785812492
"SPY","stlf",1416,-0.00454606818093627
"SPY","stlf",1421,-0.00490214741581743
"SPY","stlf",1426,-0.00514549160197085
"SPY","stlf",1431,-0.00510233118359477
"SPY","stlf",1436,-0.00503239906104376
"SPY","stlf",1441,-0.0050650871321315
"SPY","stlf",1446,-0.00482328680918686
"SPY","stlf",1451,-0.00480710471455061
"SPY","stlf",1456,-0.00478835499130872
"SPY","stlf",1461,-0.00481431826107027
"SPY","stlf",1466,-0.00504870747645216
"SPY","stlf",1471,-0.0051749014169667
"SPY","stlf",1476,-0.00516064499294624
"SPY","stlf",1481,-0.00540691437698007
"SPY","stlf",1486,-0.00558379064480766
"SPY","stlf",1491,-0.00565863736052271
"SPY","stlf",1496,-0.0057320783319856
"SPY","stlf",1501,-0.00555895682267958
"SPY","stlf",1506,-0.0055699510224282
"SPY","stlf",1511,-0.00557497470752272
"SPY","stlf",1516,-0.0055895144939312
"SPY","stlf",1521,-0.0056586836296586
"SPY","stlf",1526,-0.00563718307922978
"SPY","stlf",1531,-0.00551372739488981
"SPY","stlf",1536,-0.00560092498262254
"SPY","stlf",1541,-0.00540885427669137
"SPY","stlf",1546,-0.00539551959398756
"SPY","stlf",1551,-0.00539365976342861
"SPY","stlf",1556,-0.00549484514416367
"SPY","stlf",1561,-0.00550670887542483
"SPY","stlf",1566,-0.00547488349836051
"SPY","stlf",1571,-0.00548643555632593
"SPY","stlf",1576,-0.00537221384788575
"SPY","stlf",1581,-0.00545756833372203
"SPY","stlf",1586,-0.00543132374914113
"SPY","stlf",1591,-0.00535602639205511
"SPY","stlf",1596,-0.00544587807549653
"SPY","stlf",1601,-0.00547107277162065
"SPY","stlf",1606,-0.00549250779367598
"SPY","stlf",1611,-0.00558275899103333
"SPY","stlf",1616,-0.00565920341956526
"SPY","stlf",1621,-0.00559455338021803
"SPY","stlf",1626,-0.00558154771764686
"SPY","stlf",1631,-0.00474160585656389
"SPY","stlf",1636,-0.00491877060733767
"SPY","stlf",1641,-0.00501534893294301
"SPY","stlf",1646,-0.00517289868569436
"SPY","stlf",1651,-0.0052018676127804
"SPY","stlf",1656,-0.00532598846981826
"SPY","stlf",1661,-0.00564267471016934
"SPY","stlf",1666,-0.00572631759670393
"SPY","stlf",1671,-0.00647241050700352
"SPY","stlf",1676,-0.00681490439128405
"SPY","stlf",1681,-0.00703086414087621
"SPY","stlf",1686,-0.00682133994345386
"SPY","stlf",1691,-0.00683330306818431
"SPY","stlf",1696,-0.00694108825413219
"SPY","stlf",1701,-0.00691999254160625
"SPY","stlf",1706,-0.00680450692667536
"SPY","stlf",1711,-0.0067683853940576
"SPY","stlf",1716,-0.00678687275447644
"SPY","stlf",1721,-0.00686295334527822
"SPY","stlf",1726,-0.00697959826710658
"SPY","stlf",1731,-0.00700118504421421
"SPY","stlf",1736,-0.00702322317609569
"SPY","stlf",1741,-0.00702161446006012
"SPY","stlf",1746,-0.00711943819831649
"SPY","stlf",1751,-0.0070682838390902
"SPY","stlf",1756,-0.00707077565509217
"SPY","stlf",1761,-0.00713919081231707
"SPY","stlf",1766,-0.00724168529317682
"SPY","stlf",1771,-0.00727839021469026
"SPY","stlf",1776,-0.00727364866272749
"SPY","stlf",1781,-0.00725105896110051
"SPY","stlf",1786,-0.00727232608067528
"SPY","stlf",1791,-0.00729701783290903
"SPY","stlf",1796,-0.00730171214892668
"SPY","stlf",1801,-0.00729926525385756
"SPY","stlf",1806,-0.00729033234169924
"SPY","stlf",1811,-0.00728652733916265
"SPY","stlf",1816,-0.00735817405166679
"SPY","stlf",1821,-0.00733096212803994
"SPY","stlf",1826,-0.00733072478615428
"SPY","stlf",1831,-0.0073307020610867
"SPY","stlf",1836,-0.00732913431631982
"SPY","stlf",1841,-0.00732924444128371
"SPY","stlf",1846,-0.00732920272746532
"SPY","stlf",1851,-0.00734646106218296
"SPY","stlf",1856,-0.00712870367064144
"SPY","stlf",1861,-0.00712828668291743
"SPY","stlf",1866,-0.00720448581458462
"SPY","stlf",1871,-0.00723935909663361
"SPY","stlf",1876,-0.00723882156830623
"SPY","stlf",1881,-0.00724013670617704
"SPY","stlf",1886,-0.00720554789560372
"SPY","stlf",1891,-0.00724180957276708
"SPY","stlf",1896,-0.00724054193658407
"SPY","stlf",1901,-0.00724741011643343
"SPY","stlf",1906,-0.00724897423519735
"SPY","stlf",1911,-0.00733918448777659
"SPY","stlf",1916,-0.00734127693923287
"SPY","stlf",1921,-0.00733883491586519
"SPY","stlf",1926,-0.00733340262862641
"SPY","stlf",1931,-0.00734506197206298
"SPY","stlf",1936,-0.0073034114562606
"SPY","stlf",1941,-0.00730250938402297
"SPY","stlf",1946,-0.00735348964366871
"SPY","stlf",1951,-0.00746948530723473
"SPY","stlf",1956,-0.00746681688435137
"SPY","stlf",1961,-0.00749468284691272
"SPY","stlf",1966,-0.0074795515529756
"SPY","stlf",1971,-0.00746564459595456
"SPY","stlf",1976,-0.00747845657935868
"SPY","stlf",1981,-0.00762429977689138
"SPY","stlf",1986,-0.00765780588246061
"SPY","stlf",1991,-0.00785710815526874
"SPY","stlf",1996,-0.00785079063841917
"SPY","stlf",2001,-0.00803844475887872
"SPY","stlf",2006,-0.00802562262760202
"SPY","stlf",2011,-0.00805030892728618
"SPY","stlf",2016,-0.0082461593374205
"SPY","stlf",2021,-0.00836294656299535
"SPY","stlf",2026,-0.00857432694710643
"SPY","stlf",2031,-0.00899683266549648
"SPY","stlf",2036,-0.00878422814125237
"SPY","stlf",2041,-0.00863965033886716
"SPY","stlf",2046,-0.00864166725922876
"SPY","stlf",2051,-0.00887961275416919
"SPY","stlf",2056,-0.0088539881487562
"SPY","stlf",2061,-0.00885241174816035
"SPY","stlf",2066,-0.00889603493788535
"SPY","stlf",2071,-0.00861728309344416
"SPY","stlf",2076,-0.00846378298425307
"SPY","stlf",2081,-0.00832948373749538
"SPY","stlf",2086,-0.00822524821339488
"SPY","stlf",2091,-0.00840615559914518
"SPY","stlf",2096,-0.00842236416646007
"SPY","stlf",2101,-0.00842775449400477
"SPY","stlf",2106,-0.00846572723163164
"SPY","stlf",2111,-0.0084664477270291
"SPY","stlf",2116,-0.00845520576188001
"SPY","stlf",2121,-0.00858280570895688
"SPY","stlf",2126,-0.0085745525595299
"SPY","stlf",2131,-0.00858592898099046
"SPY","stlf",2136,-0.00852560505819522
"SPY","stlf",2141,-0.00849290308834749
"SPY","stlf",2146,-0.00844225218555499
"SPY","stlf",2151,-0.00842815989228362
"SPY","stlf",2156,-0.00842877594753271
"SPY","stlf",2161,-0.00848214078595521
"SPY","stlf",2166,-0.00848156926401067
"SPY","stlf",2171,-0.00858310531822977
"SPY","stlf",2176,-0.00875547265324552
"SPY","stlf",2181,-0.00874110722205357
"SPY","stlf",2186,-0.00874836837323067
"SPY","stlf",2191,-0.00876225956064564
"SPY","stlf",2196,-0.00881705574567623
"SPY","stlf",2201,-0.00885429566403501
"SPY","stlf",2206,-0.00883100116474967
"SPY","stlf",2211,-0.00875668276480968
"SPY","stlf",2216,-0.00876806422703844
"SPY","stlf",2221,-0.00889106159951909
"SPY","stlf",2226,-0.00889323569076965
"SPY","stlf",2231,-0.00891658033217034
"SPY","stlf",2236,-0.00891358017075922
"SPY","stlf",2241,-0.00875777754509154
"SPY","stlf",2246,-0.00882745495717188
"SPY","stlf",2251,-0.00885364096054905
"SPY","stlf",2256,-0.00894986556818192
"SPY","stlf",2261,-0.0072882266318747
"SPY","stlf",2266,-0.00760984620268173
"SPY","stlf",2271,-0.00759744776757553
"SPY","stlf",2276,-0.00758242319502577
"SPY","stlf",2281,-0.00765679825014967
"SPY","stlf",2286,-0.00768282939264254
"SPY","stlf",2291,-0.00772744228502304
"SPY","stlf",2296,-0.00770180459222321
"SPY","stlf",2301,-0.00775132890415215
"SPY","stlf",2306,-0.00774802682820381
"SPY","stlf",2311,-0.00779992006554399
"SPY","stlf",2316,-0.00781758030183148
"SPY","stlf",2321,-0.00785319562030665
"SPY","stlf",2326,-0.00783306509497424
"SPY","stlf",2331,-0.00790695178794635
"SPY","stlf",2336,-0.00798763524985951
"SPY","stlf",2341,-0.00804770466161588
"SPY","stlf",2346,-0.00808886703156667
"SPY","stlf",2351,-0.00799468007774296
"SPY","stlf",2356,-0.00794378697672181
"SPY","stlf",2361,-0.00800912444790007
"SPY","stlf",2366,-0.00798762643097364
"SPY","stlf",2371,-0.00805069579370275
"SPY","stlf",2376,-0.0080481454050914
"SPY","stlf",2381,-0.00806250435576663
"SPY","stlf",2386,-0.0081178128366645
"SPY","stlf",2391,-0.00822725126184136
"SPY","stlf",2396,-0.00823283680548762
"SPY","stlf",2401,-0.00828234616796266
"SPY","stlf",2406,-0.00826376620190027
"SPY","stlf",2411,-0.00820363139580169
"SPY","stlf",2416,-0.00825323798057678
"SPY","stlf",2421,-0.00830728731412931
"SPY","stlf",2426,-0.00832339019761397
"SPY","stlf",2431,-0.00837156015398777
"SPY","stlf",2436,-0.00838610786607432
"SPY","stlf",2441,-0.0083925371913598
"SPY","stlf",2446,-0.0083775684127118
"SPY","stlf",2451,-0.00839490141774342
"SPY","stlf",2456,-0.00841948727621463
"SPY","stlf",2461,-0.00857439368282368
"SPY","stlf",2466,-0.00855527196963123
"SPY","stlf",2471,-0.0086424954567204
"SPY","stlf",2476,-0.00863748556051583
"SPY","stlf",2481,-0.00863814210052174
"SPY","stlf",2486,-0.00879335720105401
"SPY","stlf",2491,-0.00882724643102932
"SPY","stlf",2496,-0.00875542671716292
"SPY","stlf",2501,-0.00877885634116118
"SPY","stlf",2506,-0.00893501435443779
"SPY","stlf",2511,-0.00905984342738272
"SPY","stlf",2516,-0.00910322700002037
"SPY","stlf",2521,-0.00917225222406097
"SPY","stlf",2526,-0.00928398349240666
"SPY","stlf",2531,-0.00929185295389105
"SPY","stlf",2536,-0.00933896990839601
"SPY","stlf",2541,-0.00944961832394242
"SPY","stlf",2546,-0.00945316575310199
"SPY","stlf",2551,-0.00936823577500678
"SPY","stlf",2556,-0.00950655636108098
"SPY","stlf",2561,-0.00984849688460792
"SPY","stlf",2566,-0.00580434336140467
"SPY","stlf",2571,-0.00855152860442535
"SPY","stlf",2576,-0.0090045786004466
"SPY","stlf",2581,-0.00975663679899133
"SPY","stlf",2586,-0.0099807401600986
"SPY","stlf",2591,-0.00998597264621493
"SPY","stlf",2596,-0.00983641659365311
"SPY","stlf",2601,-0.00988911818518609
"SPY","stlf",2606,-0.00990723827622293
"SPY","stlf",2611,-0.00983172946653971
"SPY","stlf",2616,-0.0100319142728223
"SPY","stlf",2621,-0.0100831728547273
"SPY","stlf",2626,-0.0100755244386173
"SPY","stlf",2631,-0.0103778686187988
"SPY","stlf",2636,-0.0105153370474378
"SPY","stlf",2641,-0.0107131113231183
"SPY","stlf",2646,-0.0107599576862606
"SPY","stlf",2651,-0.0110121561913334
"SPY","stlf",2656,-0.0111531205675108
"SPY","stlf",2661,-0.0113422047421664
"SPY","stlf",2666,-0.0114686244859643
"SPY","stlf",2671,-0.0121991711068948
"SPY","stlf",2676,-0.012229239448431
"SPY","stlf",2681,-0.0128162371910402
"SPY","stlf",2686,-0.0135069442299104
"SPY","stlf",2691,-0.0132147395780252
"SPY","stlf",2696,-0.0131610984308064
"SPY","stlf",2701,-0.013176076038679
"SPY","stlf",2706,-0.0133519721017773
"SPY","stlf",2711,-0.0135301007644678
"SPY","stlf",2716,-0.0136049277952292
"SPY","stlf",2721,-0.0136711001007132
"SPY","stlf",2726,-0.0136417082851549
"SPY","stlf",2731,-0.0142021993145619
"SPY","stlf",2736,-0.0141074219729399
"SPY","stlf",2741,-0.0142270303035065
"SPY","stlf",2746,-0.0143796483796052
"SPY","stlf",2751,-0.014583322462021
"SPY","stlf",2756,-0.0146111814564112
"SPY","stlf",2761,-0.0146433481893856
"SPY","stlf",2766,-0.014787680071688
"SPY","stlf",2771,-0.0147943989171324
"SPY","stlf",2776,-0.0148419917916697
"SPY","stlf",2781,-0.015006743988735
"SPY","stlf",2786,-0.0146662962788268
"SPY","stlf",2791,-0.0147651779784937
"SPY","stlf",2796,-0.0148368484218723
"SPY","stlf",2801,-0.0148469539703231
"SPY","stlf",2806,-0.0147488789823105
"SPY","stlf",2811,-0.0149032379320879
"SPY","stlf",2816,-0.0151276947671195
"SPY","stlf",2821,-0.0149791219190151
"SPY","stlf",2826,-0.0149823314910428
"SPY","stlf",2831,-0.0152422326541508
"SPY","stlf",2836,-0.0152827838326782
"SPY","stlf",2841,-0.0153514621471138
"SPY","stlf",2846,-0.0153860778712227
"SPY","stlf",2851,-0.0153431849239499
"SPY","stlf",2856,-0.0154430485437424
"SPY","stlf",2861,-0.0154243620976776
"SPY","stlf",2866,-0.0154336094964924
"SPY","stlf",2871,-0.0154423800469984
"SPY","stlf",2876,-0.0154417653293872
"SPY","stlf",2881,-0.015464904253045
"SPY","stlf",2886,-0.015354545417145
"SPY","stlf",2891,-0.0154679811478722
"SPY","stlf",2896,-0.0154646903914774
"SPY","stlf",2901,-0.0154614743231696
"SPY","stlf",2906,-0.0153626244542098
"SPY","stlf",2911,-0.0153784429870026
"SPY","stlf",2916,-0.0154011976269689
"SPY","stlf",2921,-0.0154411358386645
"SPY","stlf",2926,-0.0154631630153212
"SPY","stlf",2931,-0.0156514561941957
"SPY","stlf",2936,-0.0156548143381603
"SPY","stlf",2941,-0.0156644158548461
"SPY","stlf",2946,-0.0157402740313263
"SPY","stlf",2951,-0.0156762933516659
"SPY","stlf",2956,-0.0156800240264398
"SPY","stlf",2961,-0.0157000180424702
"SPY","stlf",2966,-0.0157139758581742
"SPY","stlf",2971,-0.0157037528566617
"SPY","stlf",2976,-0.0157116884841487
"SPY","stlf",2981,-0.0156964184579909
"SPY","stlf",2986,-0.0156383700948725
"SPY","stlf",2991,-0.0156328532349836
"SPY","stlf",2996,-0.0156332608928167
"SPY","stlf",3001,-0.015496296930237
"SPY","stlf",3006,-0.0154748298127529
"SPY","stlf",3011,-0.0153964026140588
"SPY","stlf",3016,-0.0154924443262642
"SPY","stlf",3021,-0.0154891059373998
"SPY","stlf",3026,-0.0154884183207925
"SPY","stlf",3031,-0.0154892220095777
"SPY","stlf",3036,-0.0154857091180457
"SPY","stlf",3041,-0.0154221799339331
"SPY","stlf",3046,-0.0154346328426106
"SPY","stlf",3051,-0.0155608163869783
"SPY","stlf",3056,-0.0157315931044257
"SPY","stlf",3061,-0.0159628493190782
"SPY","stlf",3066,-0.0160307133456203
"SPY","stlf",3071,-0.0162514378688312
"SPY","stlf",3076,-0.0163355166206874
"SPY","stlf",3081,-0.0162889609605913
"SPY","stlf",3086,-0.0164459290193788
"SPY","stlf",3091,-0.0165169327199452
"SPY","stlf",3096,-0.0165251025448904
"SPY","stlf",3101,-0.0165619716908909
"SPY","stlf",3106,-0.0163237084602359
"SPY","stlf",3111,-0.0164176381962265
"SPY","stlf",3116,-0.0161800753032151
"SPY","stlf",3121,-0.01610397062173
"SPY","stlf",3126,-0.0158684694542786
"SPY","stlf",3131,-0.0160563191721121
"SPY","stlf",3136,-0.0166422870248631
"SPY","stlf",3141,-0.0163549516159244
"SPY","stlf",3146,-0.0162454937914344
"SPY","stlf",3151,-0.0163952082341978
"SPY","stlf",3156,-0.0164510321258257
"SPY","stlf",3161,-0.016471403993445
"SPY","stlf",3166,-0.0164693490676245
"SPY","stlf",3171,-0.0164781500296597
"SPY","stlf",3176,-0.016588984606374
"SPY","stlf",3181,-0.0164761022714991
"SPY","stlf",3186,-0.0165882945522403
"SPY","stlf",3191,-0.0165938233598552
"SPY","stlf",3196,-0.0165315702460099
"SPY","stlf",3201,-0.0165243132709781
"SPY","stlf",3206,-0.0165359360948625
"SPY","stlf",3211,-0.0166733684884753
"SPY","stlf",3216,-0.0168063758852839
"SPY","stlf",3221,-0.0167632825334848
"SPY","stlf",3226,-0.0168394557933896
"SPY","stlf",3231,-0.0168219923493234
"SPY","stlf",3236,-0.0168333909350141
"SPY","stlf",3241,-0.017052522450013
"SPY","stlf",3246,-0.0173583998238578
"SPY","stlf",3251,-0.0178393052067444
"SPY","stlf",3256,-0.0178401588751375
"SPY","stlf",3261,-0.0178340528167482
"SPY","stlf",3266,-0.0178751115725316
"SPY","stlf",3271,-0.0179401130418212
"SPY","stlf",3276,-0.0181754967416992
"SPY","stlf",3281,-0.0182501221171067
"SPY","stlf",3286,-0.0186025101914674
"SPY","stlf",3291,-0.0184543140048029
"SPY","stlf",3296,-0.0184183810967142
"SPY","stlf",3301,-0.0185574931120511
"SPY","stlf",3306,-0.018333576480465
"SPY","stlf",3311,-0.0183551514056257
"SPY","stlf",3316,-0.0181874664334124
"SPY","stlf",3321,-0.0185932367928116
"SPY","stlf",3326,-0.0187436029854478
"SPY","stlf",3331,-0.0187547148559702
"SPY","stlf",3336,-0.0187346349393716
"SPY","stlf",3341,-0.0187195306354988
"SPY","stlf",3346,-0.0187195223667708
"SPY","stlf",3351,-0.0187148008002919
"SPY","stlf",3356,-0.0186748629797425
"SPY","stlf",3361,-0.0187723349407118
"SPY","stlf",3366,-0.0188122363527512
"SPY","stlf",3371,-0.0187911006073354
"SPY","stlf",3376,-0.0188969840874341
"SPY","stlf",3381,-0.0189614398960434
"SPY","stlf",3386,-0.019160299396748
"SPY","stlf",3391,-0.0191064016995795
"SPY","stlf",3396,-0.0193994731810967
"SPY","stlf",3401,-0.019417152976432
"SPY","stlf",3406,-0.0194287202141011
"SPY","stlf",3411,-0.0194809012188211
"SPY","stlf",3416,-0.0195429971104791
"SPY","stlf",3421,-0.019670881969595
"SPY","stlf",3426,-0.019708141363908
"SPY","stlf",3431,-0.0197187360221496
"SPY","stlf",3436,-0.019820328753647
"SPY","stlf",3441,-0.0198095368476443
"SPY","stlf",3446,-0.0198018119028102
"SPY","stlf",3451,-0.0197995139251034
"SPY","stlf",3456,-0.0196947061011756
"SPY","stlf",3461,-0.0196482327578553
"SPY","stlf",3466,-0.0197266173819234
"SPY","stlf",3471,-0.0197271064683739
"SPY","stlf",3476,-0.0196766086371539
"SPY","stlf",3481,-0.019667844388421
"SPY","stlf",3486,-0.0196621170305884
"SPY","stlf",3491,-0.0195977587039622
"SPY","stlf",3496,-0.019594875797707
"SPY","stlf",3501,-0.0196036874318208
"SPY","stlf",3506,-0.0195873817572947
"SPY","stlf",3511,-0.0196343332355823
"SPY","stlf",3516,-0.0194870461802394
"SPY","stlf",3521,-0.0194912144937632
"SPY","stlf",3526,-0.0195537680894081
"SPY","stlf",3531,-0.0195676766947935
"SPY","stlf",3536,-0.0196343095207752
"SPY","stlf",3541,-0.0198269250717883
"SPY","stlf",3546,-0.0198138158219113
"SPY","stlf",3551,-0.0198631481152903
"SPY","stlf",3556,-0.0198627170536075
"SPY","stlf",3561,-0.019976316321405
"SPY","stlf",3566,-0.0199208423940842
"SPY","stlf",3571,-0.019920044182119
"SPY","stlf",3576,-0.0199162763890709
"SPY","stlf",3581,-0.0199142640130016
"SPY","stlf",3586,-0.0199130625310406
"SPY","stlf",3591,-0.0198462386215594
"SPY","stlf",3596,-0.0198268063549977
"SPY","stlf",3601,-0.01982804144973
"SPY","stlf",3606,-0.019903493129388
"SPY","stlf",3611,-0.0199154045821444
"SPY","stlf",3616,-0.0199224312868324
"SPY","stlf",3621,-0.0199150265553616
"SPY","stlf",3626,-0.0199091856522592
"SPY","stlf",3631,-0.0199188754940522
"SPY","stlf",3636,-0.019990278856942
"SPY","stlf",3641,-0.0199885661939559
"SPY","stlf",3646,-0.0199731855957189
"SPY","stlf",3651,-0.0199762545580193
"SPY","stlf",3656,-0.0199698106894578
"SPY","stlf",3661,-0.0199497109455103
"SPY","stlf",3666,-0.0199609619237528
"SPY","stlf",3671,-0.020076505840409
"SPY","stlf",3676,-0.0200794615650191
"SPY","stlf",3681,-0.0201993120646445
"SPY","stlf",3686,-0.0201942125255735
"SPY","stlf",3691,-0.0201672811473261
"SPY","stlf",3696,-0.0201544393697549
"SPY","stlf",3701,-0.0201544252068181
"SPY","stlf",3706,-0.0201893294780209
"SPY","stlf",3711,-0.020108909298449
"SPY","stlf",3716,-0.0200632388259291
"SPY","stlf",3721,-0.0200089274041708
"SPY","stlf",3726,-0.0200267886342848
"SPY","stlf",3731,-0.0200765663287437
"SPY","stlf",3736,-0.0200137570358008
"SPY","stlf",3741,-0.0200537896902232
"SPY","stlf",3746,-0.0200671978740424
"SPY","stlf",3751,-0.0200763157037898
"SPY","stlf",3756,-0.0201571874910686
"SPY","stlf",3761,-0.0202044346387109
"SPY","stlf",3766,-0.0201057982473029
"SPY","stlf",3771,-0.0201229810404725
"SPY","stlf",3776,-0.0201037690655811
"SPY","stlf",3781,-0.0201056019488208
"SPY","stlf",3786,-0.0201866101453817
"SPY","stlf",3791,-0.0201540460669104
"SPY","stlf",3796,-0.0201304203924186
"SPY","stlf",3801,-0.0201314582026378
"SPY","stlf",3806,-0.0201298127038256
"SPY","stlf",3811,-0.0201330134721586
"SPY","stlf",3816,-0.0200625428164582
"SPY","stlf",3821,-0.0200434724839176
"SPY","stlf",3826,-0.019926963073459
"SPY","stlf",3831,-0.019867692631371
"SPY","stlf",3836,-0.019857860137442
"SPY","stlf",3841,-0.0176260105086121
"SPY","stlf",3846,-0.0179215590936399
"SPY","stlf",3851,-0.0178306843429083
"SPY","stlf",3856,-0.017783630596356
"SPY","stlf",3861,-0.0177470048349125
"SPY","stlf",3866,-0.0178067858049487
"SPY","stlf",3871,-0.0178179464374246
"SPY","stlf",3876,-0.0178283172917151
"SPY","stlf",3881,-0.0178012705083004
"SPY","stlf",3886,-0.0177020902230119
"SPY","stlf",3891,-0.0177175297669079
"SPY","stlf",3896,-0.0177894984503431
"SPY","stlf",3901,-0.0177971485744915
"SPY","stlf",3906,-0.0177822398661117
"SPY","stlf",3911,-0.0177948181929571
"SPY","stlf",3916,-0.0177897402604129
"SPY","stlf",3921,-0.0177659853621321
"SPY","stlf",3926,-0.017765542135409
"SPY","stlf",3931,-0.0177380588834273
"SPY","stlf",3936,-0.0178159999256716
"SPY","stlf",3941,-0.0179214251718154
"SPY","stlf",3946,-0.0180054168010998
"SPY","stlf",3951,-0.0180423948676463
"SPY","stlf",3956,-0.0180327569065665
"SPY","stlf",3961,-0.0181388298065016
"SPY","stlf",3966,-0.0181745830624032
"SPY","stlf",3971,-0.0182016866655093
"SPY","stlf",3976,-0.0181746632818589
"SPY","stlf",3981,-0.0181994737297153
"SPY","stlf",3986,-0.0182225720790925
"SPY","stlf",3991,-0.0182435985386852
"SPY","stlf",3996,-0.018275010058428
"SPY","stlf",4001,-0.0183474721654241
"SPY","stlf",4006,-0.0183650790386685
"SPY","stlf",4011,-0.0183897355122246
"SPY","stlf",4016,-0.0183798960655365
"SPY","stlf",4021,-0.0184034557552026
"SPY","stlf",4026,-0.0184416869653908
"SPY","stlf",4031,-0.0184414398701879
"SPY","stlf",4036,-0.0183677108931856
"SPY","stlf",4041,-0.0183686364741551
"SPY","stlf",4046,-0.0183041805394343
"SPY","stlf",4051,-0.0182989045929515
"SPY","stlf",4056,-0.0183235746914527
"SPY","stlf",4061,-0.0182866862121135
"SPY","stlf",4066,-0.0182686404009124
"SPY","stlf",4071,-0.018275825129635
"SPY","stlf",4076,-0.0182272990631883
"SPY","stlf",4081,-0.0182027516208212
"SPY","stlf",4086,-0.0181700846769225
"SPY","stlf",4091,-0.0183073623577033
"SPY","stlf",4096,-0.0183038041070882
"SPY","stlf",4101,-0.0182910288764516
"SPY","stlf",4106,-0.0183776996565212
"SPY","stlf",4111,-0.0184068246856505
"SPY","stlf",4116,-0.0185042544428529
"SPY","stlf",4121,-0.0185100402032077
"SPY","stlf",4126,-0.0186032854868915
"SPY","stlf",4131,-0.0184859847523398
"SPY","stlf",4136,-0.0185153968251496
"SPY","stlf",4141,-0.0185181667619769
"SPY","stlf",4146,-0.0184066968347637
"SPY","stlf",4151,-0.0183966356112274
"SPY","stlf",4156,-0.0184035568729345
"SPY","stlf",4161,-0.0183989792951238
"SPY","stlf",4166,-0.0183934393163334
"SPY","stlf",4171,-0.0184020071172495
"SPY","stlf",4176,-0.0183945182405742
"SPY","stlf",4181,-0.0183651161363458
"SPY","stlf",4186,-0.0183577892931935
"SPY","stlf",4191,-0.018310699406185
"SPY","stlf",4196,-0.0182946896873394
"SPY","stlf",4201,-0.0182891018891941
"SPY","stlf",4206,-0.0182412433913259
"SPY","elastic_net",1001,1.13125555483233e-07
"SPY","elastic_net",1006,1.9545780479452e-06
"SPY","elastic_net",1011,1.99152941139956e-06
"SPY","elastic_net",1016,7.47987039022086e-06
"SPY","elastic_net",1021,2.38369821485295e-06
"SPY","elastic_net",1026,1.60271743748427e-05
"SPY","elastic_net",1031,2.3801325212889e-05
"SPY","elastic_net",1036,2.63138520142889e-05
"SPY","elastic_net",1041,2.52222746960334e-05
"SPY","elastic_net",1046,2.76163200537486e-05
"SPY","elastic_net",1051,2.77872209661049e-05
"SPY","elastic_net",1056,2.44267704543475e-05
"SPY","elastic_net",1061,1.9615126664644e-05
"SPY","elastic_net",1066,2.50429437006802e-05
"SPY","elastic_net",1071,1.28785461244233e-05
"SPY","elastic_net",1076,-1.14639554980628e-06
"SPY","elastic_net",1081,3.18316434721923e-06
"SPY","elastic_net",1086,5.83722779622953e-06
"SPY","elastic_net",1091,7.37947030100261e-06
"SPY","elastic_net",1096,1.64849497273322e-05
"SPY","elastic_net",1101,1.89297165746625e-05
"SPY","elastic_net",1106,2.43857782515279e-05
"SPY","elastic_net",1111,2.37798071920313e-05
"SPY","elastic_net",1116,2.35979814556968e-05
"SPY","elastic_net",1121,2.6254456492581e-05
"SPY","elastic_net",1126,2.26410340098034e-05
"SPY","elastic_net",1131,3.52675453225499e-05
"SPY","elastic_net",1136,3.55150110617433e-05
"SPY","elastic_net",1141,3.71036187087116e-05
"SPY","elastic_net",1146,3.75613369083754e-05
"SPY","elastic_net",1151,3.73875121833904e-05
"SPY","elastic_net",1156,3.72031543524506e-05
"SPY","elastic_net",1161,4.19967691701411e-05
"SPY","elastic_net",1166,4.21368823634677e-05
"SPY","elastic_net",1171,4.16602483518747e-05
"SPY","elastic_net",1176,3.97387381835152e-05
"SPY","elastic_net",1181,4.07196037384344e-05
"SPY","elastic_net",1186,4.61911291799963e-05
"SPY","elastic_net",1191,2.9566391127974e-05
"SPY","elastic_net",1196,2.9286573092546e-05
"SPY","elastic_net",1201,1.12988988657437e-05
"SPY","elastic_net",1206,-2.03242375831028e-06
"SPY","elastic_net",1211,6.31777772487312e-06
"SPY","elastic_net",1216,1.7741245762748e-06
"SPY","elastic_net",1221,8.157334296194e-07
"SPY","elastic_net",1226,1.63195049494054e-06
"SPY","elastic_net",1231,3.20333565214785e-06
"SPY","elastic_net",1236,7.71183191897468e-07
"SPY","elastic_net",1241,2.40006868035626e-06
"SPY","elastic_net",1246,-1.46343302107312e-05
"SPY","elastic_net",1251,-8.14211767354549e-06
"SPY","elastic_net",1256,-7.09133014954696e-06
"SPY","elastic_net",1261,-1.73744032196303e-05
"SPY","elastic_net",1266,-2.19859212254315e-05
"SPY","elastic_net",1271,-1.62657210388262e-05
"SPY","elastic_net",1276,-2.5768602198159e-05
"SPY","elastic_net",1281,-4.47206575499545e-05
"SPY","elastic_net",1286,-4.44396524679346e-05
"SPY","elastic_net",1291,-4.50417595006072e-05
"SPY","elastic_net",1296,-4.6956592051234e-05
"SPY","elastic_net",1301,-4.59749609373832e-05
"SPY","elastic_net",1306,-3.01554299805541e-05
"SPY","elastic_net",1311,-2.40474138792115e-05
"SPY","elastic_net",1316,-3.06652613898332e-05
"SPY","elastic_net",1321,-2.66264295902049e-05
"SPY","elastic_net",1326,-2.19426356171243e-05
"SPY","elastic_net",1331,-3.14027040785289e-05
"SPY","elastic_net",1336,-2.82320881187055e-05
"SPY","elastic_net",1341,-1.80856705681326e-05
"SPY","elastic_net",1346,-1.1195077573461e-05
"SPY","elastic_net",1351,-1.07830943055884e-05
"SPY","elastic_net",1356,-1.35092732454798e-05
"SPY","elastic_net",1361,-1.14197599519705e-05
"SPY","elastic_net",1366,-1.77122629018153e-05
"SPY","elastic_net",1371,-2.41990776937054e-05
"SPY","elastic_net",1376,-1.84236800253141e-05
"SPY","elastic_net",1381,-3.71867741253523e-05
"SPY","elastic_net",1386,-2.67990797994283e-05
"SPY","elastic_net",1391,-2.33538701230974e-05
"SPY","elastic_net",1396,-2.71334742375252e-05
"SPY","elastic_net",1401,-1.268458669815e-05
"SPY","elastic_net",1406,-1.34943411113565e-05
"SPY","elastic_net",1411,-2.38846744488185e-05
"SPY","elastic_net",1416,-2.86983928296244e-05
"SPY","elastic_net",1421,-4.2767495287693e-05
"SPY","elastic_net",1426,-8.34585652181591e-05
"SPY","elastic_net",1431,-0.000139578663356564
"SPY","elastic_net",1436,-0.00012225208541641
"SPY","elastic_net",1441,-0.000123285309584125
"SPY","elastic_net",1446,-9.90575277979427e-05
"SPY","elastic_net",1451,-9.71668735155148e-05
"SPY","elastic_net",1456,-0.000100315142005862
"SPY","elastic_net",1461,-0.000106974097868648
"SPY","elastic_net",1466,-9.5214592770947e-05
"SPY","elastic_net",1471,-9.68557002096935e-05
"SPY","elastic_net",1476,-0.000102309902487857
"SPY","elastic_net",1481,-8.13516612877477e-05
"SPY","elastic_net",1486,-8.13557190231549e-05
"SPY","elastic_net",1491,-9.65011019453877e-05
"SPY","elastic_net",1496,-9.25625696249968e-05
"SPY","elastic_net",1501,-0.000101064857994623
"SPY","elastic_net",1506,-0.000106134203537773
"SPY","elastic_net",1511,-0.000125768278041995
"SPY","elastic_net",1516,-0.000125262090735954
"SPY","elastic_net",1521,-0.000123896970184199
"SPY","elastic_net",1526,-0.000113423993452866
"SPY","elastic_net",1531,-0.000127839404546864
"SPY","elastic_net",1536,-0.000127950866528489
"SPY","elastic_net",1541,-0.000115398438978517
"SPY","elastic_net",1546,-0.000111972020712282
"SPY","elastic_net",1551,-0.000110875156002648
"SPY","elastic_net",1556,-0.00010741449714511
"SPY","elastic_net",1561,-0.000105990058282327
"SPY","elastic_net",1566,-0.00010695011415829
"SPY","elastic_net",1571,-0.000110642601894652
"SPY","elastic_net",1576,-0.000124302229387995
"SPY","elastic_net",1581,-0.000124859015143888
"SPY","elastic_net",1586,-0.000127093999757751
"SPY","elastic_net",1591,-0.000137787367650694
"SPY","elastic_net",1596,-0.000139038444472708
"SPY","elastic_net",1601,-0.00013895426340199
"SPY","elastic_net",1606,-0.000142428613089412
"SPY","elastic_net",1611,-0.000142352272231715
"SPY","elastic_net",1616,-0.000144617522278336
"SPY","elastic_net",1621,-0.000154044884958998
"SPY","elastic_net",1626,-0.000162162107870265
"SPY","elastic_net",1631,-0.000196215518082745
"SPY","elastic_net",1636,-0.000191863080777561
"SPY","elastic_net",1641,-0.00019009446865086
"SPY","elastic_net",1646,-0.000189004246497906
"SPY","elastic_net",1651,-0.000190777150824611
"SPY","elastic_net",1656,-0.00019197296487527
"SPY","elastic_net",1661,-0.000192630226508966
"SPY","elastic_net",1666,-0.000190309226210708
"SPY","elastic_net",1671,-0.000190448743864916
"SPY","elastic_net",1676,-0.000185411392952197
"SPY","elastic_net",1681,-0.000183841857326655
"SPY","elastic_net",1686,-0.000197601258474279
"SPY","elastic_net",1691,-0.000198522798546841
"SPY","elastic_net",1696,-0.000194253772274232
"SPY","elastic_net",1701,-0.000196377287743365
"SPY","elastic_net",1706,-0.000212993347679334
"SPY","elastic_net",1711,-0.000200167183564603
"SPY","elastic_net",1716,-0.000201639350347044
"SPY","elastic_net",1721,-0.000213359478738227
"SPY","elastic_net",1726,-0.000207419994089537
"SPY","elastic_net",1731,-0.000204402673840428
"SPY","elastic_net",1736,-0.000204165984163415
"SPY","elastic_net",1741,-0.000206081901441168
"SPY","elastic_net",1746,-0.000193356591689995
"SPY","elastic_net",1751,-0.000188996460119551
"SPY","elastic_net",1756,-0.000193425117619485
"SPY","elastic_net",1761,-0.000194130952326953
"SPY","elastic_net",1766,-0.0001917219319652
"SPY","elastic_net",1771,-0.000190379856536521
"SPY","elastic_net",1776,-0.000191359636512827
"SPY","elastic_net",1781,-0.000193334183837104
"SPY","elastic_net",1786,-0.000195204973064543
"SPY","elastic_net",1791,-0.000192391573989873
"SPY","elastic_net",1796,-0.000195263509654662
"SPY","elastic_net",1801,-0.000196163999559696
"SPY","elastic_net",1806,-0.000199310537430513
"SPY","elastic_net",1811,-0.000203792295979376
"SPY","elastic_net",1816,-0.000219480481491653
"SPY","elastic_net",1821,-0.00020557050226404
"SPY","elastic_net",1826,-0.000205442130629134
"SPY","elastic_net",1831,-0.000206689768879085
"SPY","elastic_net",1836,-0.000209369360043301
"SPY","elastic_net",1841,-0.000209864250884836
"SPY","elastic_net",1846,-0.000211227096910196
"SPY","elastic_net",1851,-0.000209858577920552
"SPY","elastic_net",1856,-0.000224729354537616
"SPY","elastic_net",1861,-0.000220747773058467
"SPY","elastic_net",1866,-0.000214605364566819
"SPY","elastic_net",1871,-0.000214512973725547
"SPY","elastic_net",1876,-0.00021659248529155
"SPY","elastic_net",1881,-0.000217345580237771
"SPY","elastic_net",1886,-0.000226040553701463
"SPY","elastic_net",1891,-0.000214771955500797
"SPY","elastic_net",1896,-0.00021407222260403
"SPY","elastic_net",1901,-0.000214583967365295
"SPY","elastic_net",1906,-0.000215836498987852
"SPY","elastic_net",1911,-0.000213531830766939
"SPY","elastic_net",1916,-0.000211793404022346
"SPY","elastic_net",1921,-0.000213098189293348
"SPY","elastic_net",1926,-0.000211033496720527
"SPY","elastic_net",1931,-0.000210322529177834
"SPY","elastic_net",1936,-0.000199661711072002
"SPY","elastic_net",1941,-0.000199746111157431
"SPY","elastic_net",1946,-0.000201626046431703
"SPY","elastic_net",1951,-0.000197998563333437
"SPY","elastic_net",1956,-0.000198580677480199
"SPY","elastic_net",1961,-0.000197500224621778
"SPY","elastic_net",1966,-0.000200157108428327
"SPY","elastic_net",1971,-0.000204821814660053
"SPY","elastic_net",1976,-0.00020340811582649
"SPY","elastic_net",1981,-0.000202782294101868
"SPY","elastic_net",1986,-0.00020146922452905
"SPY","elastic_net",1991,-0.000196032650379872
"SPY","elastic_net",1996,-0.000195337554864572
"SPY","elastic_net",2001,-0.000193958686563459
"SPY","elastic_net",2006,-0.000195877428703565
"SPY","elastic_net",2011,-0.000195651622674828
"SPY","elastic_net",2016,-0.000193329118223703
"SPY","elastic_net",2021,-0.000191528360324109
"SPY","elastic_net",2026,-0.000191546586837165
"SPY","elastic_net",2031,-0.000189639585104513
"SPY","elastic_net",2036,-0.00019824546989404
"SPY","elastic_net",2041,-0.000132645227437805
"SPY","elastic_net",2046,-0.000133471329804207
"SPY","elastic_net",2051,-0.000124026032778186
"SPY","elastic_net",2056,-0.000116637265982801
"SPY","elastic_net",2061,-0.000116049484854372
"SPY","elastic_net",2066,-0.000135113070474958
"SPY","elastic_net",2071,-4.51814366911476e-05
"SPY","elastic_net",2076,-4.93837024684298e-05
"SPY","elastic_net",2081,-4.5290078062333e-05
"SPY","elastic_net",2086,-4.62947134420549e-05
"SPY","elastic_net",2091,-5.54711507294754e-05
"SPY","elastic_net",2096,-5.27967439310734e-05
"SPY","elastic_net",2101,-5.29631452170245e-05
"SPY","elastic_net",2106,-5.7290357180746e-05
"SPY","elastic_net",2111,-6.17390132399746e-05
"SPY","elastic_net",2116,-4.13246367689216e-05
"SPY","elastic_net",2121,-4.16771421125419e-05
"SPY","elastic_net",2126,-4.30670683258659e-05
"SPY","elastic_net",2131,-4.11828956577385e-05
"SPY","elastic_net",2136,-5.11313570346367e-05
"SPY","elastic_net",2141,-3.91773185422772e-05
"SPY","elastic_net",2146,-3.76979452894288e-05
"SPY","elastic_net",2151,-3.79802053613656e-05
"SPY","elastic_net",2156,-4.01070506301218e-05
"SPY","elastic_net",2161,-3.39002226001181e-05
"SPY","elastic_net",2166,-3.41728599436611e-05
"SPY","elastic_net",2171,-2.38913821678707e-05
"SPY","elastic_net",2176,-2.38092502055874e-05
"SPY","elastic_net",2181,-2.54215537387394e-05
"SPY","elastic_net",2186,-2.89674568142459e-05
"SPY","elastic_net",2191,-2.9002706181556e-05
"SPY","elastic_net",2196,-2.95880817993657e-05
"SPY","elastic_net",2201,-2.97158887283673e-05
"SPY","elastic_net",2206,-3.55524424568876e-05
"SPY","elastic_net",2211,8.697626791111e-06
"SPY","elastic_net",2216,8.68794717234638e-06
"SPY","elastic_net",2221,-3.26861590672158e-05
"SPY","elastic_net",2226,-4.9265904045964e-05
"SPY","elastic_net",2231,-6.0116075892596e-05
"SPY","elastic_net",2236,-5.50923718002575e-05
"SPY","elastic_net",2241,-2.28895860363802e-05
"SPY","elastic_net",2246,-2.97575612673619e-05
"SPY","elastic_net",2251,-3.02449644724409e-05
"SPY","elastic_net",2256,-3.47239881481867e-05
"SPY","elastic_net",2261,0.000185224977759478
"SPY","elastic_net",2266,0.000243750094387152
"SPY","elastic_net",2271,0.00025115656280111
"SPY","elastic_net",2276,0.000256377244222692
"SPY","elastic_net",2281,0.000260810617142286
"SPY","elastic_net",2286,0.000260786607550853
"SPY","elastic_net",2291,0.000261744308471129
"SPY","elastic_net",2296,0.000267877467575868
"SPY","elastic_net",2301,0.000267642869220457
"SPY","elastic_net",2306,0.000265102748933489
"SPY","elastic_net",2311,0.000288901367442955
"SPY","elastic_net",2316,0.000285957993618051
"SPY","elastic_net",2321,0.000285553307640287
"SPY","elastic_net",2326,0.000283737650102684
"SPY","elastic_net",2331,0.000281941343582344
"SPY","elastic_net",2336,0.000282040602576276
"SPY","elastic_net",2341,0.000287542552765674
"SPY","elastic_net",2346,0.000287073886257289
"SPY","elastic_net",2351,0.000271984415650726
"SPY","elastic_net",2356,0.000297019085671746
"SPY","elastic_net",2361,0.000299118087490312
"SPY","elastic_net",2366,0.000293493182156528
"SPY","elastic_net",2371,0.000305702927363843
"SPY","elastic_net",2376,0.000306885545062829
"SPY","elastic_net",2381,0.000308261334562442
"SPY","elastic_net",2386,0.000307512738392369
"SPY","elastic_net",2391,0.000311286507169948
"SPY","elastic_net",2396,0.000311486523445328
"SPY","elastic_net",2401,0.000314568495199693
"SPY","elastic_net",2406,0.00031310636182379
"SPY","elastic_net",2411,0.000300939274879927
"SPY","elastic_net",2416,0.00035204243663785
"SPY","elastic_net",2421,0.000352102753393366
"SPY","elastic_net",2426,0.000352109427478197
"SPY","elastic_net",2431,0.000369718419910089
"SPY","elastic_net",2436,0.000367734368361854
"SPY","elastic_net",2441,0.000367299414326411
"SPY","elastic_net",2446,0.000360694277517517
"SPY","elastic_net",2451,0.000349483208576049
"SPY","elastic_net",2456,0.000378540506661768
"SPY","elastic_net",2461,0.000379196115977888
"SPY","elastic_net",2466,0.00038029674717465
"SPY","elastic_net",2471,0.000386261434757335
"SPY","elastic_net",2476,0.000388760343402078
"SPY","elastic_net",2481,0.000387498631778598
"SPY","elastic_net",2486,0.000390183664774016
"SPY","elastic_net",2491,0.000390004387417099
"SPY","elastic_net",2496,0.000388830776394442
"SPY","elastic_net",2501,0.000383163837350626
"SPY","elastic_net",2506,0.000388165066677888
"SPY","elastic_net",2511,0.000387384604374195
"SPY","elastic_net",2516,0.00038822158102569
"SPY","elastic_net",2521,0.000389379823391234
"SPY","elastic_net",2526,0.000388438622795633
"SPY","elastic_net",2531,0.000388289616144906
"SPY","elastic_net",2536,0.000392230538036324
"SPY","elastic_net",2541,0.000391701742470153
"SPY","elastic_net",2546,0.000391721713735849
"SPY","elastic_net",2551,0.000382143537837973
"SPY","elastic_net",2556,0.00034829055305124
"SPY","elastic_net",2561,0.000315888632274425
"SPY","elastic_net",2566,0.00111783274356102
"SPY","elastic_net",2571,0.00103816281480915
"SPY","elastic_net",2576,0.00101422298186401
"SPY","elastic_net",2581,0.00100261581914678
"SPY","elastic_net",2586,0.00099524650552423
"SPY","elastic_net",2591,0.000981110148879004
"SPY","elastic_net",2596,0.000992215889271717
"SPY","elastic_net",2601,0.000994356685341744
"SPY","elastic_net",2606,0.000994351892535386
"SPY","elastic_net",2611,0.00101942275767879
"SPY","elastic_net",2616,0.0010295496463107
"SPY","elastic_net",2621,0.00103631161468975
"SPY","elastic_net",2626,0.00102907451447698
"SPY","elastic_net",2631,0.00104672894756865
"SPY","elastic_net",2636,0.00105081567965107
"SPY","elastic_net",2641,0.00106252971455347
"SPY","elastic_net",2646,0.00106945384292943
"SPY","elastic_net",2651,0.00107766956183023
"SPY","elastic_net",2656,0.00108268810490212
"SPY","elastic_net",2661,0.00109374070566202
"SPY","elastic_net",2666,0.00109923437432548
"SPY","elastic_net",2671,0.00111178217510419
"SPY","elastic_net",2676,0.00110755247422111
"SPY","elastic_net",2681,0.00111688667787871
"SPY","elastic_net",2686,0.00113042432358485
"SPY","elastic_net",2691,0.00111340134786965
"SPY","elastic_net",2696,0.00110470187820185
"SPY","elastic_net",2701,0.00110693021500076
"SPY","elastic_net",2706,0.00111258190747981
"SPY","elastic_net",2711,0.00112045378970931
"SPY","elastic_net",2716,0.00111911151151857
"SPY","elastic_net",2721,0.00112391246099109
"SPY","elastic_net",2726,0.00113297157029422
"SPY","elastic_net",2731,0.00115046626324806
"SPY","elastic_net",2736,0.00114132051145144
"SPY","elastic_net",2741,0.0011449614217393
"SPY","elastic_net",2746,0.00114730074956683
"SPY","elastic_net",2751,0.00115558435802635
"SPY","elastic_net",2756,0.00115417093395173
"SPY","elastic_net",2761,0.00114994632467242
"SPY","elastic_net",2766,0.00115820385809496
"SPY","elastic_net",2771,0.00116478067226186
"SPY","elastic_net",2776,0.00116473824864499
"SPY","elastic_net",2781,0.00117838961680299
"SPY","elastic_net",2786,0.00115309473535064
"SPY","elastic_net",2791,0.00115363411964985
"SPY","elastic_net",2796,0.00115293720777876
"SPY","elastic_net",2801,0.00114828536412457
"SPY","elastic_net",2806,0.00112293181984076
"SPY","elastic_net",2811,0.00110985874980281
"SPY","elastic_net",2816,0.00111997117287888
"SPY","elastic_net",2821,0.00110463071476954
"SPY","elastic_net",2826,0.00111005510144078
"SPY","elastic_net",2831,0.00112067570293207
"SPY","elastic_net",2836,0.00112775492681114
"SPY","elastic_net",2841,0.00113087763044404
"SPY","elastic_net",2846,0.00114154151066848
"SPY","elastic_net",2851,0.00113426270453182
"SPY","elastic_net",2856,0.00114167797708681
"SPY","elastic_net",2861,0.0011575711086941
"SPY","elastic_net",2866,0.00115641999571714
"SPY","elastic_net",2871,0.0011580352812263
"SPY","elastic_net",2876,0.00115673111356842
"SPY","elastic_net",2881,0.00115881456899443
"SPY","elastic_net",2886,0.0011735499164906
"SPY","elastic_net",2891,0.00117539818964784
"SPY","elastic_net",2896,0.00117319317388054
"SPY","elastic_net",2901,0.00116924091479265
"SPY","elastic_net",2906,0.00118422082228539
"SPY","elastic_net",2911,0.00117903143779668
"SPY","elastic_net",2916,0.00118743765527367
"SPY","elastic_net",2921,0.00118848376354384
"SPY","elastic_net",2926,0.00118109405992145
"SPY","elastic_net",2931,0.00118251468488987
"SPY","elastic_net",2936,0.00118062304895566
"SPY","elastic_net",2941,0.00117901634310165
"SPY","elastic_net",2946,0.00118770264964172
"SPY","elastic_net",2951,0.00119763090937647
"SPY","elastic_net",2956,0.00119912242016205
"SPY","elastic_net",2961,0.00120320577448588
"SPY","elastic_net",2966,0.00120670431702007
"SPY","elastic_net",2971,0.00121054873090819
"SPY","elastic_net",2976,0.00120547873453371
"SPY","elastic_net",2981,0.00121174215187761
"SPY","elastic_net",2986,0.00120275586319972
"SPY","elastic_net",2991,0.00119984758024589
"SPY","elastic_net",2996,0.00120242836810506
"SPY","elastic_net",3001,0.00121824887889146
"SPY","elastic_net",3006,0.00121079245936887
"SPY","elastic_net",3011,0.00120112947601917
"SPY","elastic_net",3016,0.00120741931957885
"SPY","elastic_net",3021,0.00120446596517541
"SPY","elastic_net",3026,0.00119990347647355
"SPY","elastic_net",3031,0.00120005384605797
"SPY","elastic_net",3036,0.00120433305859952
"SPY","elastic_net",3041,0.0012232915196663
"SPY","elastic_net",3046,0.0012195346975234
"SPY","elastic_net",3051,0.00121590095487222
"SPY","elastic_net",3056,0.00120453609009751
"SPY","elastic_net",3061,0.00118848265444787
"SPY","elastic_net",3066,0.00118038837916109
"SPY","elastic_net",3071,0.0012025019062021
"SPY","elastic_net",3076,0.00121419934105894
"SPY","elastic_net",3081,0.00122657671241053
"SPY","elastic_net",3086,0.00121324219667301
"SPY","elastic_net",3091,0.00120916098487586
"SPY","elastic_net",3096,0.00120813412401399
"SPY","elastic_net",3101,0.00121063734068567
"SPY","elastic_net",3106,0.00123968964091234
"SPY","elastic_net",3111,0.00122381542602968
"SPY","elastic_net",3116,0.00118340151709201
"SPY","elastic_net",3121,0.00119175177291718
"SPY","elastic_net",3126,0.00120959679845687
"SPY","elastic_net",3131,0.00118630481121407
"SPY","elastic_net",3136,0.0011538285591644
"SPY","elastic_net",3141,0.0011835872445211
"SPY","elastic_net",3146,0.00119343812065885
"SPY","elastic_net",3151,0.00118266603713862
"SPY","elastic_net",3156,0.00117483378239192
"SPY","elastic_net",3161,0.00117573849138784
"SPY","elastic_net",3166,0.00117280117070082
"SPY","elastic_net",3171,0.00117152228056385
"SPY","elastic_net",3176,0.00117528473003102
"SPY","elastic_net",3181,0.00115458612129726
"SPY","elastic_net",3186,0.00114789867737304
"SPY","elastic_net",3191,0.00114398631916218
"SPY","elastic_net",3196,0.00110052024385729
"SPY","elastic_net",3201,0.00108984391830572
"SPY","elastic_net",3206,0.00108732009278563
"SPY","elastic_net",3211,0.00111479117536808
"SPY","elastic_net",3216,0.00110882367344458
"SPY","elastic_net",3221,0.00111921197852476
"SPY","elastic_net",3226,0.0011330184121127
"SPY","elastic_net",3231,0.00112894728497404
"SPY","elastic_net",3236,0.00113350765249016
"SPY","elastic_net",3241,0.00114081856704219
"SPY","elastic_net",3246,0.00115243730312234
"SPY","elastic_net",3251,0.0011722690061833
"SPY","elastic_net",3256,0.0011713532178674
"SPY","elastic_net",3261,0.00115766616943644
"SPY","elastic_net",3266,0.00116351682122505
"SPY","elastic_net",3271,0.00117688068090825
"SPY","elastic_net",3276,0.0012189297313131
"SPY","elastic_net",3281,0.00122397728351612
"SPY","elastic_net",3286,0.0012277591894649
"SPY","elastic_net",3291,0.00122748314154014
"SPY","elastic_net",3296,0.00122041378593901
"SPY","elastic_net",3301,0.0012345142789026
"SPY","elastic_net",3306,0.00122808066051942
"SPY","elastic_net",3311,0.00122431717858615
"SPY","elastic_net",3316,0.00120505029307194
"SPY","elastic_net",3321,0.00121918243720019
"SPY","elastic_net",3326,0.00122238539945668
"SPY","elastic_net",3331,0.00122108974891972
"SPY","elastic_net",3336,0.00121579231003939
"SPY","elastic_net",3341,0.00121265455383939
"SPY","elastic_net",3346,0.00121229724633157
"SPY","elastic_net",3351,0.00120828593656185
"SPY","elastic_net",3356,0.00120190284825609
"SPY","elastic_net",3361,0.00120588523925182
"SPY","elastic_net",3366,0.00121651300987636
"SPY","elastic_net",3371,0.00120978558937662
"SPY","elastic_net",3376,0.00121816564335321
"SPY","elastic_net",3381,0.00122343523008706
"SPY","elastic_net",3386,0.0012344169645092
"SPY","elastic_net",3391,0.00122732048219883
"SPY","elastic_net",3396,0.001237766600062
"SPY","elastic_net",3401,0.00123990634854502
"SPY","elastic_net",3406,0.00124292082055441
"SPY","elastic_net",3411,0.00124685941057102
"SPY","elastic_net",3416,0.00124841560718526
"SPY","elastic_net",3421,0.00125630157710632
"SPY","elastic_net",3426,0.00126123018467621
"SPY","elastic_net",3431,0.00126707537228517
"SPY","elastic_net",3436,0.00127276740773841
"SPY","elastic_net",3441,0.00126849904455903
"SPY","elastic_net",3446,0.00126313721954508
"SPY","elastic_net",3451,0.00126099657137702
"SPY","elastic_net",3456,0.0012470541455361
"SPY","elastic_net",3461,0.00123433939733437
"SPY","elastic_net",3466,0.00123893946675737
"SPY","elastic_net",3471,0.00123868178816754
"SPY","elastic_net",3476,0.00124516335872028
"SPY","elastic_net",3481,0.00125053303634915
"SPY","elastic_net",3486,0.00125286271057184
"SPY","elastic_net",3491,0.00126975205032735
"SPY","elastic_net",3496,0.00126761411581837
"SPY","elastic_net",3501,0.00126674483720485
"SPY","elastic_net",3506,0.00126277924995947
"SPY","elastic_net",3511,0.00127528245623692
"SPY","elastic_net",3516,0.00126210826481909
"SPY","elastic_net",3521,0.00126224343535893
"SPY","elastic_net",3526,0.00126330895843278
"SPY","elastic_net",3531,0.00126373899575987
"SPY","elastic_net",3536,0.001265503157074
"SPY","elastic_net",3541,0.00127269540601398
"SPY","elastic_net",3546,0.00126904651569342
"SPY","elastic_net",3551,0.00126838240311401
"SPY","elastic_net",3556,0.00126277282661491
"SPY","elastic_net",3561,0.00126434231406624
"SPY","elastic_net",3566,0.00125433004286836
"SPY","elastic_net",3571,0.00126450684784861
"SPY","elastic_net",3576,0.0012697035297325
"SPY","elastic_net",3581,0.00126764882331431
"SPY","elastic_net",3586,0.00126848534966138
"SPY","elastic_net",3591,0.00125837057049399
"SPY","elastic_net",3596,0.00125230595760691
"SPY","elastic_net",3601,0.00125161383464977
"SPY","elastic_net",3606,0.00124823769375507
"SPY","elastic_net",3611,0.00124809751246308
"SPY","elastic_net",3616,0.00125975532768059
"SPY","elastic_net",3621,0.00125673595827837
"SPY","elastic_net",3626,0.00124996081866855
"SPY","elastic_net",3631,0.00124970142182696
"SPY","elastic_net",3636,0.00125143495319798
"SPY","elastic_net",3641,0.00124987694057227
"SPY","elastic_net",3646,0.001245765392262
"SPY","elastic_net",3651,0.00124667263017327
"SPY","elastic_net",3656,0.00124918278054152
"SPY","elastic_net",3661,0.00125924961523637
"SPY","elastic_net",3666,0.00125958796689918
"SPY","elastic_net",3671,0.0012295980207463
"SPY","elastic_net",3676,0.00122987224556454
"SPY","elastic_net",3681,0.0012389315895313
"SPY","elastic_net",3686,0.00123636088629534
"SPY","elastic_net",3691,0.00121580459912543
"SPY","elastic_net",3696,0.00121981255764019
"SPY","elastic_net",3701,0.00121997107702822
"SPY","elastic_net",3706,0.00122257908585323
"SPY","elastic_net",3711,0.00121332698711096
"SPY","elastic_net",3716,0.00122249324603053
"SPY","elastic_net",3721,0.00121444015883461
"SPY","elastic_net",3726,0.00121364315105458
"SPY","elastic_net",3731,0.00121502698168682
"SPY","elastic_net",3736,0.00122696941232623
"SPY","elastic_net",3741,0.00122355385727178
"SPY","elastic_net",3746,0.00122699994660889
"SPY","elastic_net",3751,0.00123205615449926
"SPY","elastic_net",3756,0.00123811531283363
"SPY","elastic_net",3761,0.00124571656046393
"SPY","elastic_net",3766,0.00121456702888524
"SPY","elastic_net",3771,0.00121437451286682
"SPY","elastic_net",3776,0.00122659915436115
"SPY","elastic_net",3781,0.00122790280930507
"SPY","elastic_net",3786,0.00123679962540906
"SPY","elastic_net",3791,0.00124513827686548
"SPY","elastic_net",3796,0.00125159949792961
"SPY","elastic_net",3801,0.00125211377521269
"SPY","elastic_net",3806,0.00125424472572887
"SPY","elastic_net",3811,0.00125449961741413
"SPY","elastic_net",3816,0.00126509873003232
"SPY","elastic_net",3821,0.00127021564986338
"SPY","elastic_net",3826,0.00128047514337408
"SPY","elastic_net",3831,0.00126860500254265
"SPY","elastic_net",3836,0.00127448214267766
"SPY","elastic_net",3841,0.00137099530586291
"SPY","elastic_net",3846,0.00134898315075635
"SPY","elastic_net",3851,0.00142302565372152
"SPY","elastic_net",3856,0.00142238858383785
"SPY","elastic_net",3861,0.00142477681885185
"SPY","elastic_net",3866,0.00142482640116592
"SPY","elastic_net",3871,0.00142493970468006
"SPY","elastic_net",3876,0.00142322084221422
"SPY","elastic_net",3881,0.00142954206884896
"SPY","elastic_net",3886,0.00142702979214176
"SPY","elastic_net",3891,0.00143756474400361
"SPY","elastic_net",3896,0.00143976192729279
"SPY","elastic_net",3901,0.00143935849914593
"SPY","elastic_net",3906,0.00143816656494938
"SPY","elastic_net",3911,0.00143816609623669
"SPY","elastic_net",3916,0.00143723142751995
"SPY","elastic_net",3921,0.00143890362325862
"SPY","elastic_net",3926,0.00144193869911631
"SPY","elastic_net",3931,0.00143963218235435
"SPY","elastic_net",3936,0.00144709203653216
"SPY","elastic_net",3941,0.00145091416271928
"SPY","elastic_net",3946,0.0014534360755985
"SPY","elastic_net",3951,0.0014524692889938
"SPY","elastic_net",3956,0.00144879270737941
"SPY","elastic_net",3961,0.00145273258007667
"SPY","elastic_net",3966,0.00145778407043815
"SPY","elastic_net",3971,0.00146798283780738
"SPY","elastic_net",3976,0.00145992595903687
"SPY","elastic_net",3981,0.00146015222103147
"SPY","elastic_net",3986,0.00146483445176363
"SPY","elastic_net",3991,0.00146466680150342
"SPY","elastic_net",3996,0.00146927346382054
"SPY","elastic_net",4001,0.00148226271878653
"SPY","elastic_net",4006,0.00148234891825366
"SPY","elastic_net",4011,0.0014835597291528
"SPY","elastic_net",4016,0.00149359677539107
"SPY","elastic_net",4021,0.00149326016396399
"SPY","elastic_net",4026,0.00149773150931583
"SPY","elastic_net",4031,0.00149842104286303
"SPY","elastic_net",4036,0.00147762873377804
"SPY","elastic_net",4041,0.00148175551890405
"SPY","elastic_net",4046,0.00147747938465189
"SPY","elastic_net",4051,0.00147001568965126
"SPY","elastic_net",4056,0.00147677580713562
"SPY","elastic_net",4061,0.00147624646880492
"SPY","elastic_net",4066,0.00148435131992276
"SPY","elastic_net",4071,0.00147951449436138
"SPY","elastic_net",4076,0.00144418192121681
"SPY","elastic_net",4081,0.0014576343570155
"SPY","elastic_net",4086,0.00146819718907669
"SPY","elastic_net",4091,0.00145931890311424
"SPY","elastic_net",4096,0.00145834761158015
"SPY","elastic_net",4101,0.00145961117753456
"SPY","elastic_net",4106,0.00146177603067063
"SPY","elastic_net",4111,0.00145983332993373
"SPY","elastic_net",4116,0.00145767307126927
"SPY","elastic_net",4121,0.00145785667233563
"SPY","elastic_net",4126,0.00145722409941157
"SPY","elastic_net",4131,0.00146171825449041
"SPY","elastic_net",4136,0.00146242294087108
"SPY","elastic_net",4141,0.00146687685686824
"SPY","elastic_net",4146,0.00148283593726002
"SPY","elastic_net",4151,0.00148280642984884
"SPY","elastic_net",4156,0.001485339540877
"SPY","elastic_net",4161,0.00149331483670361
"SPY","elastic_net",4166,0.00149612308619361
"SPY","elastic_net",4171,0.00151027547956001
"SPY","elastic_net",4176,0.00150974346455296
"SPY","elastic_net",4181,0.00150314871774265
"SPY","elastic_net",4186,0.00150861236348058
"SPY","elastic_net",4191,0.00150102206873045
"SPY","elastic_net",4196,0.00149604575044399
"SPY","elastic_net",4201,0.00148875480089408
"SPY","elastic_net",4206,0.00147604017928704
"SPY","random_forest",1001,3.44637783026423e-06
"SPY","random_forest",1006,8.50859091522706e-06
"SPY","random_forest",1011,8.54019938773604e-06
"SPY","random_forest",1016,1.24704734489499e-05
"SPY","random_forest",1021,8.83767167166731e-07
"SPY","random_forest",1026,-1.12635328083931e-05
"SPY","random_forest",1031,-6.67080316347239e-05
"SPY","random_forest",1036,-5.73500196747934e-05
"SPY","random_forest",1041,-6.34126907693166e-05
"SPY","random_forest",1046,-5.99239140181135e-05
"SPY","random_forest",1051,-5.97977938209309e-05
"SPY","random_forest",1056,-9.86814087832653e-05
"SPY","random_forest",1061,-9.32138016703518e-05
"SPY","random_forest",1066,-8.17092906715831e-05
"SPY","random_forest",1071,-9.43061788648288e-05
"SPY","random_forest",1076,-0.000118927476461325
"SPY","random_forest",1081,-0.000111746045854289
"SPY","random_forest",1086,-0.000111870305957045
"SPY","random_forest",1091,-0.000111655608784743
"SPY","random_forest",1096,-0.000102293340923351
"SPY","random_forest",1101,-0.0001071922488853
"SPY","random_forest",1106,-0.000111637610185289
"SPY","random_forest",1111,-0.000111752178681429
"SPY","random_forest",1116,-0.000117151093630012
"SPY","random_forest",1121,-0.000134339552734767
"SPY","random_forest",1126,-0.00012843833464255
"SPY","random_forest",1131,-0.000117548982212434
"SPY","random_forest",1136,-0.000111863430164326
"SPY","random_forest",1141,-0.000105920005199881
"SPY","random_forest",1146,-0.00011009459642719
"SPY","random_forest",1151,-0.000110095242046681
"SPY","random_forest",1156,-0.000111398083760862
"SPY","random_forest",1161,-0.000117420571449295
"SPY","random_forest",1166,-0.00011286115005988
"SPY","random_forest",1171,-0.000116800254650443
"SPY","random_forest",1176,-0.000119929433721904
"SPY","random_forest",1181,-0.000120217570223353
"SPY","random_forest",1186,-9.81622369513104e-05
"SPY","random_forest",1191,-8.88917100169568e-05
"SPY","random_forest",1196,-9.3783708137437e-05
"SPY","random_forest",1201,-0.000275985285961259
"SPY","random_forest",1206,-0.000277460871776548
"SPY","random_forest",1211,-0.000238509277742947
"SPY","random_forest",1216,-0.000228926774068056
"SPY","random_forest",1221,-0.000237746762591306
"SPY","random_forest",1226,-0.000237098178620119
"SPY","random_forest",1231,-0.000237969093539591
"SPY","random_forest",1236,-0.000233469644913825
"SPY","random_forest",1241,-0.000230990030261421
"SPY","random_forest",1246,-0.000388748886222019
"SPY","random_forest",1251,-0.000431237481545086
"SPY","random_forest",1256,-0.00043116295889011
"SPY","random_forest",1261,-0.000455433215913827
"SPY","random_forest",1266,-0.000506061557203358
"SPY","random_forest",1271,-0.000484938890423838
"SPY","random_forest",1276,-0.00051050658702825
"SPY","random_forest",1281,-0.000538919183982888
"SPY","random_forest",1286,-0.000538966679515026
"SPY","random_forest",1291,-0.000543028227889214
"SPY","random_forest",1296,-0.000547830606777495
"SPY","random_forest",1301,-0.000546856794654234
"SPY","random_forest",1306,-0.000524257420206131
"SPY","random_forest",1311,-0.000539142692415259
"SPY","random_forest",1316,-0.00054149941909108
"SPY","random_forest",1321,-0.000530947627500036
"SPY","random_forest",1326,-0.000522525615967008
"SPY","random_forest",1331,-0.000558412763545604
"SPY","random_forest",1336,-0.000553250211534904
"SPY","random_forest",1341,-0.000496679442363428
"SPY","random_forest",1346,-0.000523617547368535
"SPY","random_forest",1351,-0.00052251715514662
"SPY","random_forest",1356,-0.000523592729031031
"SPY","random_forest",1361,-0.000519775955200221
"SPY","random_forest",1366,-0.000520730472006321
"SPY","random_forest",1371,-0.000514522725342207
"SPY","random_forest",1376,-0.000523683029227504
"SPY","random_forest",1381,-0.000545225451277411
"SPY","random_forest",1386,-0.000529622133307244
"SPY","random_forest",1391,-0.000526557404045389
"SPY","random_forest",1396,-0.000533866373886744
"SPY","random_forest",1401,-0.000469478842105772
"SPY","random_forest",1406,-0.000470373418957265
"SPY","random_forest",1411,-0.000455324555295175
"SPY","random_forest",1416,-0.000459061663291197
"SPY","random_forest",1421,-0.000427647626521581
"SPY","random_forest",1426,-0.000160966182077422
"SPY","random_forest",1431,-0.000218547967995172
"SPY","random_forest",1436,-0.000230739526610288
"SPY","random_forest",1441,-0.000233260200845691
"SPY","random_forest",1446,-0.000188300320623091
"SPY","random_forest",1451,-0.00017700397423337
"SPY","random_forest",1456,-0.000178926747324944
"SPY","random_forest",1461,-0.000186568347786427
"SPY","random_forest",1466,-0.00019734953370428
"SPY","random_forest",1471,-0.000196050391152776
"SPY","random_forest",1476,-0.00019619267389955
"SPY","random_forest",1481,-0.000186211311989276
"SPY","random_forest",1486,-0.000187976825937765
"SPY","random_forest",1491,-0.000196567459375488
"SPY","random_forest",1496,-0.000193652214239258
"SPY","random_forest",1501,-0.000256806086037203
"SPY","random_forest",1506,-0.000255792449534733
"SPY","random_forest",1511,-0.000307471617522756
"SPY","random_forest",1516,-0.000316420251312503
"SPY","random_forest",1521,-0.000317341726575937
"SPY","random_forest",1526,-0.000197424430540636
"SPY","random_forest",1531,-0.000414345378426806
"SPY","random_forest",1536,-0.000420290369741111
"SPY","random_forest",1541,-0.000342194152564426
"SPY","random_forest",1546,-0.00032991301005226
"SPY","random_forest",1551,-0.000320120088616821
"SPY","random_forest",1556,-0.000303858532905252
"SPY","random_forest",1561,-0.000299551559696304
"SPY","random_forest",1566,-0.000309929342272092
"SPY","random_forest",1571,-0.000306882985590428
"SPY","random_forest",1576,-0.000319031446956238
"SPY","random_forest",1581,-0.000321588536890278
"SPY","random_forest",1586,-0.000315467316961041
"SPY","random_forest",1591,-0.000301749474541855
"SPY","random_forest",1596,-0.000317678639954764
"SPY","random_forest",1601,-0.000318926307990311
"SPY","random_forest",1606,-0.000333330003192717
"SPY","random_forest",1611,-0.000333286916188867
"SPY","random_forest",1616,-0.000334584554975599
"SPY","random_forest",1621,-0.000332679448413145
"SPY","random_forest",1626,-0.000375308589220097
"SPY","random_forest",1631,-0.000353191215469957
"SPY","random_forest",1636,-0.000369130222521022
"SPY","random_forest",1641,-0.000357751835911862
"SPY","random_forest",1646,-0.000353879353705643
"SPY","random_forest",1651,-0.000355002754997043
"SPY","random_forest",1656,-0.000354512974762361
"SPY","random_forest",1661,-0.000354753390435613
"SPY","random_forest",1666,-0.000361914211645016
"SPY","random_forest",1671,-0.000362035229496121
"SPY","random_forest",1676,-0.000355276107336093
"SPY","random_forest",1681,-0.000365295927515259
"SPY","random_forest",1686,-0.000325734709420426
"SPY","random_forest",1691,-0.000331393206487593
"SPY","random_forest",1696,-0.000324379494978273
"SPY","random_forest",1701,-0.00032211872153921
"SPY","random_forest",1706,-0.00030686654496688
"SPY","random_forest",1711,-0.000273445736785606
"SPY","random_forest",1716,-0.000262191155048703
"SPY","random_forest",1721,-0.000279845889199682
"SPY","random_forest",1726,-0.000268154839655307
"SPY","random_forest",1731,-0.000272636786890004
"SPY","random_forest",1736,-0.000269886146632138
"SPY","random_forest",1741,-0.000270864668980259
"SPY","random_forest",1746,-0.000291072596595937
"SPY","random_forest",1751,-0.000272367677537555
"SPY","random_forest",1756,-0.000273113715426977
"SPY","random_forest",1761,-0.000273997654447492
"SPY","random_forest",1766,-0.000287783675035492
"SPY","random_forest",1771,-0.000293897621712833
"SPY","random_forest",1776,-0.000295069239280493
"SPY","random_forest",1781,-0.00027358510092362
"SPY","random_forest",1786,-0.000271298453775447
"SPY","random_forest",1791,-0.00028941514962842
"SPY","random_forest",1796,-0.000360858868300459
"SPY","random_forest",1801,-0.000353891393467489
"SPY","random_forest",1806,-0.000351273182534479
"SPY","random_forest",1811,-0.000340952396798508
"SPY","random_forest",1816,-0.000301270790868158
"SPY","random_forest",1821,-0.000262563142436456
"SPY","random_forest",1826,-0.000265710484933725
"SPY","random_forest",1831,-0.0002644793468374
"SPY","random_forest",1836,-0.000263205857220736
"SPY","random_forest",1841,-0.000262862121601699
"SPY","random_forest",1846,-0.000261913588086986
"SPY","random_forest",1851,-0.000261214293568902
"SPY","random_forest",1856,-0.000227208175077671
"SPY","random_forest",1861,-0.000224608957988452
"SPY","random_forest",1866,-0.000224017737686805
"SPY","random_forest",1871,-0.000225137234443407
"SPY","random_forest",1876,-0.000222703446025647
"SPY","random_forest",1881,-0.000222501066717706
"SPY","random_forest",1886,-0.000213540471702161
"SPY","random_forest",1891,-0.000180510279401254
"SPY","random_forest",1896,-0.000186786775030571
"SPY","random_forest",1901,-0.000187822690204903
"SPY","random_forest",1906,-0.000195662675319919
"SPY","random_forest",1911,-0.000199563092838601
"SPY","random_forest",1916,-0.000206042204337624
"SPY","random_forest",1921,-0.000220748448461218
"SPY","random_forest",1926,-0.000215363056068301
"SPY","random_forest",1931,-0.000214526796807278
"SPY","random_forest",1936,-0.000232415974840908
"SPY","random_forest",1941,-0.000231014947108725
"SPY","random_forest",1946,-0.000227091831089417
"SPY","random_forest",1951,-0.000225136203148521
"SPY","random_forest",1956,-0.000222766439799663
"SPY","random_forest",1961,-0.000262673052196802
"SPY","random_forest",1966,-0.000249531328675061
"SPY","random_forest",1971,-0.000243698134827298
"SPY","random_forest",1976,-0.000245986040619753
"SPY","random_forest",1981,-0.000247518222060144
"SPY","random_forest",1986,-0.00024880690914135
"SPY","random_forest",1991,-0.000270909962789996
"SPY","random_forest",1996,-0.000276825112008195
"SPY","random_forest",2001,-0.000276776066363865
"SPY","random_forest",2006,-0.000268977686494276
"SPY","random_forest",2011,-0.000268772760217354
"SPY","random_forest",2016,-0.00026422114921058
"SPY","random_forest",2021,-0.000282320130726161
"SPY","random_forest",2026,-0.000293029045986067
"SPY","random_forest",2031,-0.000338876938741113
"SPY","random_forest",2036,-0.000258073664066677
"SPY","random_forest",2041,-7.51278080373013e-05
"SPY","random_forest",2046,-0.00019701225242373
"SPY","random_forest",2051,-0.000205842607885373
"SPY","random_forest",2056,-0.000306203909921829
"SPY","random_forest",2061,-0.000307017091139044
"SPY","random_forest",2066,-0.000338955182025237
"SPY","random_forest",2071,-0.000353645322681452
"SPY","random_forest",2076,-0.000442259382172435
"SPY","random_forest",2081,-0.000460464902287005
"SPY","random_forest",2086,-0.000454929305159788
"SPY","random_forest",2091,-0.000540830538129401
"SPY","random_forest",2096,-0.000544460887400902
"SPY","random_forest",2101,-0.000544797988380887
"SPY","random_forest",2106,-0.00054801144681081
"SPY","random_forest",2111,-0.000549552710138623
"SPY","random_forest",2116,-0.000509629627816219
"SPY","random_forest",2121,-0.000501993420794905
"SPY","random_forest",2126,-0.000504478185778627
"SPY","random_forest",2131,-0.000505033123474851
"SPY","random_forest",2136,-0.000506225862789815
"SPY","random_forest",2141,-0.000495195915645167
"SPY","random_forest",2146,-0.000508895279894119
"SPY","random_forest",2151,-0.000511351010255571
"SPY","random_forest",2156,-0.000513409689941287
"SPY","random_forest",2161,-0.000508107408291711
"SPY","random_forest",2166,-0.000507737251479447
"SPY","random_forest",2171,-0.000492105562858624
"SPY","random_forest",2176,-0.000492132238472061
"SPY","random_forest",2181,-0.000497259737134896
"SPY","random_forest",2186,-0.00049720350212144
"SPY","random_forest",2191,-0.000497615700237392
"SPY","random_forest",2196,-0.000505144245810579
"SPY","random_forest",2201,-0.00050514421310833
"SPY","random_forest",2206,-0.000544825972990535
"SPY","random_forest",2211,-0.000504303044098314
"SPY","random_forest",2216,-0.000513089538963365
"SPY","random_forest",2221,-0.000741963032301536
"SPY","random_forest",2226,-0.000741316233681075
"SPY","random_forest",2231,-0.000727475276417324
"SPY","random_forest",2236,-0.000723838462247222
"SPY","random_forest",2241,-0.000823179624383022
"SPY","random_forest",2246,-0.000780434810538244
"SPY","random_forest",2251,-0.0008038628184506
"SPY","random_forest",2256,-0.000810484458601835
"SPY","random_forest",2261,0.000139396142103536
"SPY","random_forest",2266,0.000277137332527572
"SPY","random_forest",2271,0.000279630527146314
"SPY","random_forest",2276,0.000255243510253659
"SPY","random_forest",2281,0.000221070850642959
"SPY","random_forest",2286,0.000221302811895626
"SPY","random_forest",2291,0.000222332646581282
"SPY","random_forest",2296,0.000219315479033372
"SPY","random_forest",2301,0.000220586944548082
"SPY","random_forest",2306,0.000222525661271373
"SPY","random_forest",2311,0.000225326808269339
"SPY","random_forest",2316,0.000219222647718155
"SPY","random_forest",2321,0.000217517886731601
"SPY","random_forest",2326,0.000238092853644295
"SPY","random_forest",2331,0.00023301696026161
"SPY","random_forest",2336,0.000233400537037469
"SPY","random_forest",2341,0.000222650455831656
"SPY","random_forest",2346,0.00021498933010256
"SPY","random_forest",2351,0.000150977298171255
"SPY","random_forest",2356,0.000195506259901402
"SPY","random_forest",2361,9.69913292669969e-05
"SPY","random_forest",2366,0.000133881442453212
"SPY","random_forest",2371,9.55188565932718e-05
"SPY","random_forest",2376,8.51344959960542e-05
"SPY","random_forest",2381,8.82200426894265e-05
"SPY","random_forest",2386,7.78498216237607e-05
"SPY","random_forest",2391,9.37729434891767e-05
"SPY","random_forest",2396,9.2300600284057e-05
"SPY","random_forest",2401,8.80244407208445e-05
"SPY","random_forest",2406,7.91828222736171e-05
"SPY","random_forest",2411,9.72779890663844e-05
"SPY","random_forest",2416,9.2057422227574e-05
"SPY","random_forest",2421,7.10684646615401e-05
"SPY","random_forest",2426,6.51158954884914e-05
"SPY","random_forest",2431,0.000126134346934277
"SPY","random_forest",2436,0.000125669701076554
"SPY","random_forest",2441,0.000122632842278299
"SPY","random_forest",2446,9.12705927104073e-05
"SPY","random_forest",2451,9.78345431001488e-05
"SPY","random_forest",2456,9.92368642845925e-05
"SPY","random_forest",2461,7.09276943347543e-05
"SPY","random_forest",2466,7.14936541052604e-05
"SPY","random_forest",2471,6.92722415058417e-05
"SPY","random_forest",2476,9.23071730074683e-05
"SPY","random_forest",2481,9.58561265704074e-05
"SPY","random_forest",2486,9.69026555919056e-05
"SPY","random_forest",2491,9.85561978617482e-05
"SPY","random_forest",2496,0.000107050839485529
"SPY","random_forest",2501,0.00010147685011822
"SPY","random_forest",2506,0.000106057887924762
"SPY","random_forest",2511,0.000105342711349641
"SPY","random_forest",2516,0.000107369843641392
"SPY","random_forest",2521,9.47615219280392e-05
"SPY","random_forest",2526,9.59472210317966e-05
"SPY","random_forest",2531,9.64848928533484e-05
"SPY","random_forest",2536,7.37264067659299e-05
"SPY","random_forest",2541,7.29932468576004e-05
"SPY","random_forest",2546,6.86913985712486e-05
"SPY","random_forest",2551,2.42463866284707e-05
"SPY","random_forest",2556,-0.000458133810021636
"SPY","random_forest",2561,-0.000302273183251425
"SPY","random_forest",2566,0.000311623915188397
"SPY","random_forest",2571,0.000989079242623679
"SPY","random_forest",2576,0.00016054035569286
"SPY","random_forest",2581,-0.000314737010588264
"SPY","random_forest",2586,-0.000285271772339594
"SPY","random_forest",2591,-5.73469145245475e-05
"SPY","random_forest",2596,-5.0024157091878e-05
"SPY","random_forest",2601,-6.30834281302366e-05
"SPY","random_forest",2606,-6.31793766334193e-05
"SPY","random_forest",2611,-0.000102873419193212
"SPY","random_forest",2616,-0.000125954524240322
"SPY","random_forest",2621,-0.00016995332683412
"SPY","random_forest",2626,-0.00015654224121326
"SPY","random_forest",2631,-0.000446737703547447
"SPY","random_forest",2636,-0.000485568507353397
"SPY","random_forest",2641,-0.000568353614225579
"SPY","random_forest",2646,-0.000612431851282084
"SPY","random_forest",2651,-0.000616085626202236
"SPY","random_forest",2656,-0.000626463229172673
"SPY","random_forest",2661,-0.000678712795742247
"SPY","random_forest",2666,-0.000681109984490757
"SPY","random_forest",2671,-0.000713962818609418
"SPY","random_forest",2676,-0.000706815155498744
"SPY","random_forest",2681,-0.000750718452213751
"SPY","random_forest",2686,-0.000823720753096057
"SPY","random_forest",2691,-0.000968463172585073
"SPY","random_forest",2696,-0.000964464137975577
"SPY","random_forest",2701,-0.000964646581808426
"SPY","random_forest",2706,-0.000950548495647168
"SPY","random_forest",2711,-0.000939989019479587
"SPY","random_forest",2716,-0.000943724563786217
"SPY","random_forest",2721,-0.000957260959320916
"SPY","random_forest",2726,-0.0010620902883765
"SPY","random_forest",2731,-0.00119913963357562
"SPY","random_forest",2736,-0.00117854533826428
"SPY","random_forest",2741,-0.00117536498220623
"SPY","random_forest",2746,-0.00116823792652244
"SPY","random_forest",2751,-0.00115542918006588
"SPY","random_forest",2756,-0.00115410648700894
"SPY","random_forest",2761,-0.00114979078334513
"SPY","random_forest",2766,-0.00116724794482895
"SPY","random_forest",2771,-0.00115573778826715
"SPY","random_forest",2776,-0.00115843938796651
"SPY","random_forest",2781,-0.00118089470418405
"SPY","random_forest",2786,-0.00118766625207065
"SPY","random_forest",2791,-0.00118710626945039
"SPY","random_forest",2796,-0.0011898386009228
"SPY","random_forest",2801,-0.00119383634062989
"SPY","random_forest",2806,-0.0012380487037804
"SPY","random_forest",2811,-0.00128505940501875
"SPY","random_forest",2816,-0.00124783161493246
"SPY","random_forest",2821,-0.00128335189789489
"SPY","random_forest",2826,-0.00128010275793801
"SPY","random_forest",2831,-0.00123782740084531
"SPY","random_forest",2836,-0.00122866442548829
"SPY","random_forest",2841,-0.00123082585802107
"SPY","random_forest",2846,-0.00120957784961182
"SPY","random_forest",2851,-0.0012272026964655
"SPY","random_forest",2856,-0.00122727073290181
"SPY","random_forest",2861,-0.00121835708479824
"SPY","random_forest",2866,-0.00121876208095767
"SPY","random_forest",2871,-0.00121599546138991
"SPY","random_forest",2876,-0.00121508598757311
"SPY","random_forest",2881,-0.00121546385130104
"SPY","random_forest",2886,-0.00117753051320155
"SPY","random_forest",2891,-0.00117360493061452
"SPY","random_forest",2896,-0.00117332002885453
"SPY","random_forest",2901,-0.00117692276914521
"SPY","random_forest",2906,-0.00114922866506264
"SPY","random_forest",2911,-0.00116756496531118
"SPY","random_forest",2916,-0.00117314939574082
"SPY","random_forest",2921,-0.00117331895697904
"SPY","random_forest",2926,-0.001180834998643
"SPY","random_forest",2931,-0.00118033153689174
"SPY","random_forest",2936,-0.00118351657642755
"SPY","random_forest",2941,-0.00118501212572947
"SPY","random_forest",2946,-0.00117411467506477
"SPY","random_forest",2951,-0.00114016728280288
"SPY","random_forest",2956,-0.00114119215780991
"SPY","random_forest",2961,-0.00112438672416884
"SPY","random_forest",2966,-0.00112964498965939
"SPY","random_forest",2971,-0.00112302710558673
"SPY","random_forest",2976,-0.00113680385912806
"SPY","random_forest",2981,-0.00113016813835876
"SPY","random_forest",2986,-0.00113483486746361
"SPY","random_forest",2991,-0.00113399880388617
"SPY","random_forest",2996,-0.00112898630174064
"SPY","random_forest",3001,-0.00119890991040979
"SPY","random_forest",3006,-0.00123439494174597
"SPY","random_forest",3011,-0.00126540691185406
"SPY","random_forest",3016,-0.00124757809042442
"SPY","random_forest",3021,-0.00126200739189253
"SPY","random_forest",3026,-0.00125293481577222
"SPY","random_forest",3031,-0.00125426534185751
"SPY","random_forest",3036,-0.00125501198270564
"SPY","random_forest",3041,-0.00111182939917085
"SPY","random_forest",3046,-0.00110512339712404
"SPY","random_forest",3051,-0.00109590143920416
"SPY","random_forest",3056,-0.00113580504411707
"SPY","random_forest",3061,-0.00118001264073971
"SPY","random_forest",3066,-0.00119962286745471
"SPY","random_forest",3071,-0.00120059148309193
"SPY","random_forest",3076,-0.00123943241874794
"SPY","random_forest",3081,-0.0013138342288774
"SPY","random_forest",3086,-0.00137413344350458
"SPY","random_forest",3091,-0.00137553537590608
"SPY","random_forest",3096,-0.00137703792403632
"SPY","random_forest",3101,-0.00137195212205152
"SPY","random_forest",3106,-0.00126585759233424
"SPY","random_forest",3111,-0.0013730889625932
"SPY","random_forest",3116,-0.00134146464775707
"SPY","random_forest",3121,-0.0013504472368379
"SPY","random_forest",3126,-0.00140408327926906
"SPY","random_forest",3131,-0.00134883952900155
"SPY","random_forest",3136,-0.0017549955147236
"SPY","random_forest",3141,-0.00162647912950222
"SPY","random_forest",3146,-0.00153173334722933
"SPY","random_forest",3151,-0.00153265138142529
"SPY","random_forest",3156,-0.00155416631132052
"SPY","random_forest",3161,-0.00156746966345294
"SPY","random_forest",3166,-0.00156534270424426
"SPY","random_forest",3171,-0.00156799525300359
"SPY","random_forest",3176,-0.00155706752422611
"SPY","random_forest",3181,-0.00159782611053657
"SPY","random_forest",3186,-0.00159775313929016
"SPY","random_forest",3191,-0.00163667036636575
"SPY","random_forest",3196,-0.00164546013808022
"SPY","random_forest",3201,-0.00163514088327252
"SPY","random_forest",3206,-0.00165002615411862
"SPY","random_forest",3211,-0.00152684230543357
"SPY","random_forest",3216,-0.0015498870111704
"SPY","random_forest",3221,-0.00156073813397234
"SPY","random_forest",3226,-0.00157347198133388
"SPY","random_forest",3231,-0.00155438080334597
"SPY","random_forest",3236,-0.00154865313085135
"SPY","random_forest",3241,-0.00182748259556826
"SPY","random_forest",3246,-0.00183205410168023
"SPY","random_forest",3251,-0.00192132060733099
"SPY","random_forest",3256,-0.00192171858481218
"SPY","random_forest",3261,-0.00191877783004215
"SPY","random_forest",3266,-0.00186646975618352
"SPY","random_forest",3271,-0.00190056940027874
"SPY","random_forest",3276,-0.00188022174815206
"SPY","random_forest",3281,-0.00187666420886202
"SPY","random_forest",3286,-0.0018915839976655
"SPY","random_forest",3291,-0.0019207876881124
"SPY","random_forest",3296,-0.00193875684285181
"SPY","random_forest",3301,-0.00191015993232144
"SPY","random_forest",3306,-0.00188381520222669
"SPY","random_forest",3311,-0.00189029945800605
"SPY","random_forest",3316,-0.00183753577009774
"SPY","random_forest",3321,-0.0017888712673163
"SPY","random_forest",3326,-0.00173851271013224
"SPY","random_forest",3331,-0.00173902539977166
"SPY","random_forest",3336,-0.00173680774304524
"SPY","random_forest",3341,-0.00174908806186253
"SPY","random_forest",3346,-0.00175027472397686
"SPY","random_forest",3351,-0.0017813054689426
"SPY","random_forest",3356,-0.00180060300669508
"SPY","random_forest",3361,-0.00178564722473692
"SPY","random_forest",3366,-0.00180929850599975
"SPY","random_forest",3371,-0.00181123827150874
"SPY","random_forest",3376,-0.00179719137343912
"SPY","random_forest",3381,-0.00178403290078656
"SPY","random_forest",3386,-0.00176840482374277
"SPY","random_forest",3391,-0.00175510742235808
"SPY","random_forest",3396,-0.0017631183087435
"SPY","random_forest",3401,-0.00176280354495548
"SPY","random_forest",3406,-0.00176545009643613
"SPY","random_forest",3411,-0.00176575283579619
"SPY","random_forest",3416,-0.00177027960326859
"SPY","random_forest",3421,-0.00172925173169904
"SPY","random_forest",3426,-0.00174405399506848
"SPY","random_forest",3431,-0.00171911433218615
"SPY","random_forest",3436,-0.00172409460484748
"SPY","random_forest",3441,-0.00173969025404202
"SPY","random_forest",3446,-0.00175295490973384
"SPY","random_forest",3451,-0.00175356746172498
"SPY","random_forest",3456,-0.00176579752597612
"SPY","random_forest",3461,-0.00182337561187981
"SPY","random_forest",3466,-0.00182641751074291
"SPY","random_forest",3471,-0.00182728797729919
"SPY","random_forest",3476,-0.00182522376885532
"SPY","random_forest",3481,-0.00183337383707404
"SPY","random_forest",3486,-0.00183307645692548
"SPY","random_forest",3491,-0.00179417967477818
"SPY","random_forest",3496,-0.00178992600167523
"SPY","random_forest",3501,-0.00179156264566378
"SPY","random_forest",3506,-0.0017864126576278
"SPY","random_forest",3511,-0.00181716569088869
"SPY","random_forest",3516,-0.00178451652464348
"SPY","random_forest",3521,-0.00178441047507486
"SPY","random_forest",3526,-0.0017845385576246
"SPY","random_forest",3531,-0.00178406282109793
"SPY","random_forest",3536,-0.00178339301675606
"SPY","random_forest",3541,-0.00180571210312029
"SPY","random_forest",3546,-0.00180966888705195
"SPY","random_forest",3551,-0.00180992417901163
"SPY","random_forest",3556,-0.00181217731367455
"SPY","random_forest",3561,-0.00181580374565788
"SPY","random_forest",3566,-0.00179884231547866
"SPY","random_forest",3571,-0.00182457922003313
"SPY","random_forest",3576,-0.00181460975940408
"SPY","random_forest",3581,-0.00181694174025147
"SPY","random_forest",3586,-0.00181878093703115
"SPY","random_forest",3591,-0.00182349113303633
"SPY","random_forest",3596,-0.00188047348444525
"SPY","random_forest",3601,-0.00188105297760424
"SPY","random_forest",3606,-0.00189472191612856
"SPY","random_forest",3611,-0.00189980681910325
"SPY","random_forest",3616,-0.00187796890599589
"SPY","random_forest",3621,-0.00188179167544434
"SPY","random_forest",3626,-0.00191668754944512
"SPY","random_forest",3631,-0.0019166872911559
"SPY","random_forest",3636,-0.00191332028173935
"SPY","random_forest",3641,-0.00191600771000766
"SPY","random_forest",3646,-0.00191678668044038
"SPY","random_forest",3651,-0.00191628275700929
"SPY","random_forest",3656,-0.00191275651651814
"SPY","random_forest",3661,-0.0018742967095926
"SPY","random_forest",3666,-0.00187418160328172
"SPY","random_forest",3671,-0.00197386398136604
"SPY","random_forest",3676,-0.00197388727963374
"SPY","random_forest",3681,-0.00195651584183947
"SPY","random_forest",3686,-0.00197145096689616
"SPY","random_forest",3691,-0.00196057785397312
"SPY","random_forest",3696,-0.00195574175832078
"SPY","random_forest",3701,-0.00195650421410512
"SPY","random_forest",3706,-0.00195219026614495
"SPY","random_forest",3711,-0.00197803343828966
"SPY","random_forest",3716,-0.00197866564689217
"SPY","random_forest",3721,-0.00198808829196315
"SPY","random_forest",3726,-0.00198903003203037
"SPY","random_forest",3731,-0.0019874656834372
"SPY","random_forest",3736,-0.00203865582235244
"SPY","random_forest",3741,-0.00204256674464491
"SPY","random_forest",3746,-0.00204754243913465
"SPY","random_forest",3751,-0.00204619614278513
"SPY","random_forest",3756,-0.00204145083006069
"SPY","random_forest",3761,-0.00204692329706452
"SPY","random_forest",3766,-0.00211010436988913
"SPY","random_forest",3771,-0.00211866771902051
"SPY","random_forest",3776,-0.00214334460534083
"SPY","random_forest",3781,-0.00215322810456992
"SPY","random_forest",3786,-0.00212892748098615
"SPY","random_forest",3791,-0.00212202940277048
"SPY","random_forest",3796,-0.0020990606257897
"SPY","random_forest",3801,-0.00209874762070095
"SPY","random_forest",3806,-0.0021004988049062
"SPY","random_forest",3811,-0.00210065965227049
"SPY","random_forest",3816,-0.00208835406961483
"SPY","random_forest",3821,-0.00208202860147704
"SPY","random_forest",3826,-0.00203196661792597
"SPY","random_forest",3831,-0.0021235581928818
"SPY","random_forest",3836,-0.00209985190235696
"SPY","random_forest",3841,0.00109724109278858
"SPY","random_forest",3846,0.00149493266941664
"SPY","random_forest",3851,0.00151085094964738
"SPY","random_forest",3856,0.00145608404426311
"SPY","random_forest",3861,0.00137999001513563
"SPY","random_forest",3866,0.00130428300527225
"SPY","random_forest",3871,0.00129794555167374
"SPY","random_forest",3876,0.00128041114736193
"SPY","random_forest",3881,0.0013100540492915
"SPY","random_forest",3886,0.0013127965556425
"SPY","random_forest",3891,0.00134721466895769
"SPY","random_forest",3896,0.00135287392054757
"SPY","random_forest",3901,0.00135305444438968
"SPY","random_forest",3906,0.00136600492057437
"SPY","random_forest",3911,0.00135032439004265
"SPY","random_forest",3916,0.00135501892298281
"SPY","random_forest",3921,0.0013518013956203
"SPY","random_forest",3926,0.00135221280493496
"SPY","random_forest",3931,0.00135839333600013
"SPY","random_forest",3936,0.00135991334830672
"SPY","random_forest",3941,0.00136375412042564
"SPY","random_forest",3946,0.00136633378775042
"SPY","random_forest",3951,0.00136439885368004
"SPY","random_forest",3956,0.0013573790960559
"SPY","random_forest",3961,0.00136067058896501
"SPY","random_forest",3966,0.00135562648595456
"SPY","random_forest",3971,0.0013498843523587
"SPY","random_forest",3976,0.00134614487344819
"SPY","random_forest",3981,0.00134593691359841
"SPY","random_forest",3986,0.00135179723589077
"SPY","random_forest",3991,0.00135162467158187
"SPY","random_forest",3996,0.00133426264785282
"SPY","random_forest",4001,0.00131304577084774
"SPY","random_forest",4006,0.00131253700681854
"SPY","random_forest",4011,0.00131345766946707
"SPY","random_forest",4016,0.00134546216927805
"SPY","random_forest",4021,0.0013454723690668
"SPY","random_forest",4026,0.00134854809304737
"SPY","random_forest",4031,0.00134908124469484
"SPY","random_forest",4036,0.00136587520003949
"SPY","random_forest",4041,0.00136915373560987
"SPY","random_forest",4046,0.0013707608868922
"SPY","random_forest",4051,0.00136265710365722
"SPY","random_forest",4056,0.00136083460983549
"SPY","random_forest",4061,0.00136501090253781
"SPY","random_forest",4066,0.00136116988493954
"SPY","random_forest",4071,0.00136143489421753
"SPY","random_forest",4076,0.00140025470841359
"SPY","random_forest",4081,0.00141561227742064
"SPY","random_forest",4086,0.00139655077319564
"SPY","random_forest",4091,0.0014088059093353
"SPY","random_forest",4096,0.00140298138315426
"SPY","random_forest",4101,0.00138895841367636
"SPY","random_forest",4106,0.00140672798880704
"SPY","random_forest",4111,0.00140996823125633
"SPY","random_forest",4116,0.0014242867781191
"SPY","random_forest",4121,0.00142505676586374
"SPY","random_forest",4126,0.00142213623557886
"SPY","random_forest",4131,0.00141971662485625
"SPY","random_forest",4136,0.00143947478242373
"SPY","random_forest",4141,0.0014489574886001
"SPY","random_forest",4146,0.00135092445714838
"SPY","random_forest",4151,0.00132906777647425
"SPY","random_forest",4156,0.00132858564390788
"SPY","random_forest",4161,0.00132040278797625
"SPY","random_forest",4166,0.00131144384228044
"SPY","random_forest",4171,0.00134796885621296
"SPY","random_forest",4176,0.00134126080871659
"SPY","random_forest",4181,0.00133851657887737
"SPY","random_forest",4186,0.00133984248811481
"SPY","random_forest",4191,0.00133432763920759
"SPY","random_forest",4196,0.00133391473616398
"SPY","random_forest",4201,0.00133207894985455
"SPY","random_forest",4206,0.001314680864474
"SPY","arma_garch",1001,1.05913380303865e-05
"SPY","arma_garch",1006,1.98372743177261e-05
"SPY","arma_garch",1011,1.90905606427661e-05
"SPY","arma_garch",1016,2.9787606266096e-05
"SPY","arma_garch",1021,1.0303114518401e-05
"SPY","arma_garch",1026,3.19000885324984e-05
"SPY","arma_garch",1031,5.90146264512625e-05
"SPY","arma_garch",1036,6.89649532589212e-05
"SPY","arma_garch",1041,6.53356380037618e-05
"SPY","arma_garch",1046,6.9624452478376e-05
"SPY","arma_garch",1051,6.93110188787336e-05
"SPY","arma_garch",1056,6.16939480589436e-05
"SPY","arma_garch",1061,5.16534084906316e-05
"SPY","arma_garch",1066,6.14772355995689e-05
"SPY","arma_garch",1071,3.33741307232247e-05
"SPY","arma_garch",1076,1.24986537298757e-05
"SPY","arma_garch",1081,1.8890280146193e-05
"SPY","arma_garch",1086,2.45863366309751e-05
"SPY","arma_garch",1091,2.7563766986267e-05
"SPY","arma_garch",1096,4.74633633858647e-05
"SPY","arma_garch",1101,5.42304851495939e-05
"SPY","arma_garch",1106,6.63417986406088e-05
"SPY","arma_garch",1111,6.40419390960112e-05
"SPY","arma_garch",1116,6.30878073438852e-05
"SPY","arma_garch",1121,6.79306148512797e-05
"SPY","arma_garch",1126,5.29487800063247e-05
"SPY","arma_garch",1131,6.67864055760583e-05
"SPY","arma_garch",1136,7.56434926339158e-05
"SPY","arma_garch",1141,8.2734215190999e-05
"SPY","arma_garch",1146,8.64759122941991e-05
"SPY","arma_garch",1151,8.56146603668776e-05
"SPY","arma_garch",1156,8.51038502731517e-05
"SPY","arma_garch",1161,9.86533912441276e-05
"SPY","arma_garch",1166,0.000103289665830538
"SPY","arma_garch",1171,0.000101222633480325
"SPY","arma_garch",1176,9.67403668845639e-05
"SPY","arma_garch",1181,9.80593687975881e-05
"SPY","arma_garch",1186,0.000108690713436177
"SPY","arma_garch",1191,7.10929806285204e-05
"SPY","arma_garch",1196,7.01895925952086e-05
"SPY","arma_garch",1201,2.59089885612424e-05
"SPY","arma_garch",1206,2.29029016634509e-05
"SPY","arma_garch",1211,4.66248293762845e-05
"SPY","arma_garch",1216,5.92217391591168e-05
"SPY","arma_garch",1221,6.66631935353854e-05
"SPY","arma_garch",1226,6.79332746018104e-05
"SPY","arma_garch",1231,7.05879703775487e-05
"SPY","arma_garch",1236,6.46641309301497e-05
"SPY","arma_garch",1241,6.70611489916953e-05
"SPY","arma_garch",1246,2.97520710940466e-05
"SPY","arma_garch",1251,3.7965868716599e-05
"SPY","arma_garch",1256,3.97152355341163e-05
"SPY","arma_garch",1261,1.74058689556003e-05
"SPY","arma_garch",1266,9.89518254090915e-06
"SPY","arma_garch",1271,1.98672079402787e-05
"SPY","arma_garch",1276,-9.47794109493582e-06
"SPY","arma_garch",1281,-1.89905897598271e-05
"SPY","arma_garch",1286,-1.89154004910853e-05
"SPY","arma_garch",1291,-2.16627232875769e-05
"SPY","arma_garch",1296,-2.54303511280286e-05
"SPY","arma_garch",1301,-2.42345249139899e-05
"SPY","arma_garch",1306,2.24302860686942e-06
"SPY","arma_garch",1311,-8.97334405078602e-06
"SPY","arma_garch",1316,-1.539614693953e-05
"SPY","arma_garch",1321,-8.72896253637001e-06
"SPY","arma_garch",1326,1.90599582881126e-06
"SPY","arma_garch",1331,-2.43884802532656e-05
"SPY","arma_garch",1336,-2.05354286058433e-05
"SPY","arma_garch",1341,1.69410364613689e-06
"SPY","arma_garch",1346,2.89093721466439e-05
"SPY","arma_garch",1351,3.00830498848848e-05
"SPY","arma_garch",1356,2.37804759303327e-05
"SPY","arma_garch",1361,2.70012436500094e-05
"SPY","arma_garch",1366,1.25710287848447e-05
"SPY","arma_garch",1371,2.17327461753577e-06
"SPY","arma_garch",1376,1.17477091877734e-05
"SPY","arma_garch",1381,-3.35665661835649e-05
"SPY","arma_garch",1386,-2.15734067238274e-05
"SPY","arma_garch",1391,-1.36288945427262e-05
"SPY","arma_garch",1396,-2.29785646302625e-05
"SPY","arma_garch",1401,7.63271194802223e-07
"SPY","arma_garch",1406,-4.23520742198328e-06
"SPY","arma_garch",1411,-2.36563626605252e-05
"SPY","arma_garch",1416,-3.05716507892307e-05
"SPY","arma_garch",1421,-5.56203843333215e-05
"SPY","arma_garch",1426,-0.000117826070585616
"SPY","arma_garch",1431,-0.000146028390143153
"SPY","arma_garch",1436,-0.0001296235699042
"SPY","arma_garch",1441,-0.000133873879335642
"SPY","arma_garch",1446,-9.75646362164045e-05
"SPY","arma_garch",1451,-8.21724534082839e-05
"SPY","arma_garch",1456,-9.28462218074365e-05
"SPY","arma_garch",1461,-0.000106369796038345
"SPY","arma_garch",1466,-8.46378598602972e-05
"SPY","arma_garch",1471,-9.17569538986665e-05
"SPY","arma_garch",1476,-0.000100764896640684
"SPY","arma_garch",1481,-6.98949528233926e-05
"SPY","arma_garch",1486,-7.12120108801834e-05
"SPY","arma_garch",1491,-0.000100811842189441
"SPY","arma_garch",1496,-9.66151533694271e-05
"SPY","arma_garch",1501,-0.000128394800604338
"SPY","arma_garch",1506,-0.000132709193574465
"SPY","arma_garch",1511,-0.000161929185134056
"SPY","arma_garch",1516,-0.000160950340065824
"SPY","arma_garch",1521,-0.000159288334887845
"SPY","arma_garch",1526,-0.000133851110216488
"SPY","arma_garch",1531,-0.00017020910748463
"SPY","arma_garch",1536,-0.000171051919268929
"SPY","arma_garch",1541,-0.000140451639209979
"SPY","arma_garch",1546,-0.000132510270329537
"SPY","arma_garch",1551,-0.000124718993071015
"SPY","arma_garch",1556,-0.000116060669597689
"SPY","arma_garch",1561,-0.00010575734604747
"SPY","arma_garch",1566,-0.000119621483694722
"SPY","arma_garch",1571,-0.000125311480347184
"SPY","arma_garch",1576,-0.000150254943037088
"SPY","arma_garch",1581,-0.000151148918142596
"SPY","arma_garch",1586,-0.000162870005068328
"SPY","arma_garch",1591,-0.000182001614624216
"SPY","arma_garch",1596,-0.000183378833562506
"SPY","arma_garch",1601,-0.000183761466824811
"SPY","arma_garch",1606,-0.000191469693309263
"SPY","arma_garch",1611,-0.000191859503623059
"SPY","arma_garch",1616,-0.000198634140630688
"SPY","arma_garch",1621,-0.000218128801809293
"SPY","arma_garch",1626,-0.00022623548586922
"SPY","arma_garch",1631,-0.000297542098107243
"SPY","arma_garch",1636,-0.000294429727331027
"SPY","arma_garch",1641,-0.000288579673293272
"SPY","arma_garch",1646,-0.000284341210961838
"SPY","arma_garch",1651,-0.000290743389386224
"SPY","arma_garch",1656,-0.000293383703766324
"SPY","arma_garch",1661,-0.000295559504840372
"SPY","arma_garch",1666,-0.000290818949090004
"SPY","arma_garch",1671,-0.00029190010007339
"SPY","arma_garch",1676,-0.000283413638619159
"SPY","arma_garch",1681,-0.000278552899238049
"SPY","arma_garch",1686,-0.000307185243206654
"SPY","arma_garch",1691,-0.000308012278077776
"SPY","arma_garch",1696,-0.000297081857317256
"SPY","arma_garch",1701,-0.000307717548180522
"SPY","arma_garch",1706,-0.00033281899420617
"SPY","arma_garch",1711,-0.00032184088149957
"SPY","arma_garch",1716,-0.000329135426943699
"SPY","arma_garch",1721,-0.000343884701198759
"SPY","arma_garch",1726,-0.000336541436782865
"SPY","arma_garch",1731,-0.000323237490902673
"SPY","arma_garch",1736,-0.000320515701464079
"SPY","arma_garch",1741,-0.000325709540154458
"SPY","arma_garch",1746,-0.000302908858917909
"SPY","arma_garch",1751,-0.000319477049051451
"SPY","arma_garch",1756,-0.000325640611230217
"SPY","arma_garch",1761,-0.00032695596772805
"SPY","arma_garch",1766,-0.000321095762084427
"SPY","arma_garch",1771,-0.000317654304755266
"SPY","arma_garch",1776,-0.000323275453996372
"SPY","arma_garch",1781,-0.000335529077357435
"SPY","arma_garch",1786,-0.000339652970616677
"SPY","arma_garch",1791,-0.000330537272195318
"SPY","arma_garch",1796,-0.000320486446021284
"SPY","arma_garch",1801,-0.00032656293751236
"SPY","arma_garch",1806,-0.000333189746348501
"SPY","arma_garch",1811,-0.000341426605053932
"SPY","arma_garch",1816,-0.000367027858604714
"SPY","arma_garch",1821,-0.000354088811065886
"SPY","arma_garch",1826,-0.00035376348007927
"SPY","arma_garch",1831,-0.000356807845820626
"SPY","arma_garch",1836,-0.000361049632925706
"SPY","arma_garch",1841,-0.000363058242296953
"SPY","arma_garch",1846,-0.000366148431776125
"SPY","arma_garch",1851,-0.000363714730988489
"SPY","arma_garch",1856,-0.000397064411201952
"SPY","arma_garch",1861,-0.000393657088253646
"SPY","arma_garch",1866,-0.00038009173965385
"SPY","arma_garch",1871,-0.000380022899270333
"SPY","arma_garch",1876,-0.000384353920632544
"SPY","arma_garch",1881,-0.000386004924686962
"SPY","arma_garch",1886,-0.000402888998917159
"SPY","arma_garch",1891,-0.000391957792713686
"SPY","arma_garch",1896,-0.000384320760071685
"SPY","arma_garch",1901,-0.000386766021352617
"SPY","arma_garch",1906,-0.000389726862242036
"SPY","arma_garch",1911,-0.00038724276075206
"SPY","arma_garch",1916,-0.00038538583671625
"SPY","arma_garch",1921,-0.000389056487994674
"SPY","arma_garch",1926,-0.000385723049096471
"SPY","arma_garch",1931,-0.000384009676048109
"SPY","arma_garch",1936,-0.000366105401009304
"SPY","arma_garch",1941,-0.000363139802443266
"SPY","arma_garch",1946,-0.000367518398763744
"SPY","arma_garch",1951,-0.000360606720078335
"SPY","arma_garch",1956,-0.000364338529849818
"SPY","arma_garch",1961,-0.000362759245910828
"SPY","arma_garch",1966,-0.000370484448454565
"SPY","arma_garch",1971,-0.000377915657154245
"SPY","arma_garch",1976,-0.000375940158907531
"SPY","arma_garch",1981,-0.000375077519356483
"SPY","arma_garch",1986,-0.000372816626334277
"SPY","arma_garch",1991,-0.000355435910104859
"SPY","arma_garch",1996,-0.000362742710219655
"SPY","arma_garch",2001,-0.000360376152968611
"SPY","arma_garch",2006,-0.000368127791094453
"SPY","arma_garch",2011,-0.000368063110305758
"SPY","arma_garch",2016,-0.000361291679956466
"SPY","arma_garch",2021,-0.00034899505454445
"SPY","arma_garch",2026,-0.000341459041063659
"SPY","arma_garch",2031,-0.000321036217364333
"SPY","arma_garch",2036,-0.000362570564009819
"SPY","arma_garch",2041,-0.000335868116007912
"SPY","arma_garch",2046,-0.000336180213732749
"SPY","arma_garch",2051,-0.000315564372005303
"SPY","arma_garch",2056,-0.000295049155533743
"SPY","arma_garch",2061,-0.000298251869381375
"SPY","arma_garch",2066,-0.000324463109802734
"SPY","arma_garch",2071,-0.000275108796355081
"SPY","arma_garch",2076,-0.000252512425235614
"SPY","arma_garch",2081,-0.000224321177807639
"SPY","arma_garch",2086,-0.000205579358523361
"SPY","arma_garch",2091,-0.000231385430463357
"SPY","arma_garch",2096,-0.00022896441165421
"SPY","arma_garch",2101,-0.000229811225204888
"SPY","arma_garch",2106,-0.00024337759107863
"SPY","arma_garch",2111,-0.000249348604515616
"SPY","arma_garch",2116,-0.000225797871875863
"SPY","arma_garch",2121,-0.000211321611312747
"SPY","arma_garch",2126,-0.000218153975515293
"SPY","arma_garch",2131,-0.000215843271748073
"SPY","arma_garch",2136,-0.000232232677123011
"SPY","arma_garch",2141,-0.000217945588422064
"SPY","arma_garch",2146,-0.000201978383600515
"SPY","arma_garch",2151,-0.000209834541302305
"SPY","arma_garch",2156,-0.000215066515873925
"SPY","arma_garch",2161,-0.000205862746972182
"SPY","arma_garch",2166,-0.000209252929580392
"SPY","arma_garch",2171,-0.000195185084271295
"SPY","arma_garch",2176,-0.000198495585949932
"SPY","arma_garch",2181,-0.000206850770738295
"SPY","arma_garch",2186,-0.000211301876968066
"SPY","arma_garch",2191,-0.000211838349219499
"SPY","arma_garch",2196,-0.000214382866674842
"SPY","arma_garch",2201,-0.000215030994997203
"SPY","arma_garch",2206,-0.00022613919620374
"SPY","arma_garch",2211,-0.000201736645798068
"SPY","arma_garch",2216,-0.000203567575525307
"SPY","arma_garch",2221,-0.000236874458389983
"SPY","arma_garch",2226,-0.000248403321818399
"SPY","arma_garch",2231,-0.000266922906273009
"SPY","arma_garch",2236,-0.000263051469968091
"SPY","arma_garch",2241,-0.000234977065143028
"SPY","arma_garch",2246,-0.000212062996411396
"SPY","arma_garch",2251,-0.000212457405999498
"SPY","arma_garch",2256,-0.000215223936578099
"SPY","arma_garch",2261,-0.000127754359648932
"SPY","arma_garch",2266,-0.000171808879557212
"SPY","arma_garch",2271,-0.000166304432300919
"SPY","arma_garch",2276,-0.00015356170436664
"SPY","arma_garch",2281,-0.000139263422892939
"SPY","arma_garch",2286,-0.000139203127846815
"SPY","arma_garch",2291,-0.000137818573414844
"SPY","arma_garch",2296,-0.000119196128781957
"SPY","arma_garch",2301,-0.000117544468022499
"SPY","arma_garch",2306,-0.000125041033268873
"SPY","arma_garch",2311,-9.9561213011512e-05
"SPY","arma_garch",2316,-9.37808217543003e-05
"SPY","arma_garch",2321,-9.59913406150201e-05
"SPY","arma_garch",2326,-7.53091297480101e-05
"SPY","arma_garch",2331,-7.47510375637751e-05
"SPY","arma_garch",2336,-7.67793781857901e-05
"SPY","arma_garch",2341,-6.1276879407047e-05
"SPY","arma_garch",2346,-6.11778862072316e-05
"SPY","arma_garch",2351,-9.29434995778855e-05
"SPY","arma_garch",2356,-7.72560764000822e-05
"SPY","arma_garch",2361,-6.16192062946105e-05
"SPY","arma_garch",2366,-7.48252953732681e-05
"SPY","arma_garch",2371,-5.98311467290885e-05
"SPY","arma_garch",2376,-6.38892474873756e-05
"SPY","arma_garch",2381,-6.06079662922742e-05
"SPY","arma_garch",2386,-6.32620406813907e-05
"SPY","arma_garch",2391,-4.95604301983062e-05
"SPY","arma_garch",2396,-4.61195889149617e-05
"SPY","arma_garch",2401,-4.02427251535569e-05
"SPY","arma_garch",2406,-4.99000892279856e-05
"SPY","arma_garch",2411,-6.6840382055914e-05
"SPY","arma_garch",2416,-3.19354615183922e-05
"SPY","arma_garch",2421,-2.79274677851935e-05
"SPY","arma_garch",2426,-2.93401719848808e-05
"SPY","arma_garch",2431,-6.845033746203e-06
"SPY","arma_garch",2436,-6.27144240164997e-06
"SPY","arma_garch",2441,-8.33789884983419e-06
"SPY","arma_garch",2446,-1.78924229435712e-05
"SPY","arma_garch",2451,-2.8651497738137e-05
"SPY","arma_garch",2456,-4.81897986058488e-06
"SPY","arma_garch",2461,1.32721218589963e-05
"SPY","arma_garch",2466,4.37629615395225e-06
"SPY","arma_garch",2471,1.10359935193765e-05
"SPY","arma_garch",2476,2.73057568598573e-05
"SPY","arma_garch",2481,3.10187060587527e-05
"SPY","arma_garch",2486,4.35516779242969e-05
"SPY","arma_garch",2491,4.68157385408759e-05
"SPY","arma_garch",2496,3.01032617103872e-05
"SPY","arma_garch",2501,2.32922513946634e-05
"SPY","arma_garch",2506,3.52903906597166e-05
"SPY","arma_garch",2511,3.72779445925501e-05
"SPY","arma_garch",2516,4.0958527751597e-05
"SPY","arma_garch",2521,5.00759346194383e-05
"SPY","arma_garch",2526,5.34918567738837e-05
"SPY","arma_garch",2531,5.47719036876063e-05
"SPY","arma_garch",2536,6.00755686170781e-05
"SPY","arma_garch",2541,6.56078535690989e-05
"SPY","arma_garch",2546,6.26328386310226e-05
"SPY","arma_garch",2551,4.17348084826305e-05
"SPY","arma_garch",2556,3.26822551138886e-05
"SPY","arma_garch",2561,-4.0208144935958e-07
"SPY","arma_garch",2566,0.000156897986430489
"SPY","arma_garch",2571,7.09959049354514e-05
"SPY","arma_garch",2576,1.18787741822201e-05
"SPY","arma_garch",2581,-1.70660078848986e-05
"SPY","arma_garch",2586,-3.5642730302206e-05
"SPY","arma_garch",2591,-7.07752819017843e-05
"SPY","arma_garch",2596,-4.41520791250783e-05
"SPY","arma_garch",2601,-3.9772131117656e-05
"SPY","arma_garch",2606,-4.03062216050871e-05
"SPY","arma_garch",2611,1.6590423965578e-05
"SPY","arma_garch",2616,3.92609059632072e-05
"SPY","arma_garch",2621,5.42247169220993e-05
"SPY","arma_garch",2626,3.86701574137953e-05
"SPY","arma_garch",2631,7.49142563778316e-05
"SPY","arma_garch",2636,8.29243087591447e-05
"SPY","arma_garch",2641,0.000106806587612218
"SPY","arma_garch",2646,0.00012072119074023
"SPY","arma_garch",2651,0.00013755608434153
"SPY","arma_garch",2656,0.000147646201216852
"SPY","arma_garch",2661,0.000170465793740423
"SPY","arma_garch",2666,0.000181558237732989
"SPY","arma_garch",2671,0.000207532111042852
"SPY","arma_garch",2676,0.000198313862275515
"SPY","arma_garch",2681,0.000217046328953976
"SPY","arma_garch",2686,0.000244440697685705
"SPY","arma_garch",2691,0.000208859746100804
"SPY","arma_garch",2696,0.000190430784073483
"SPY","arma_garch",2701,0.000194722530814177
"SPY","arma_garch",2706,0.000206417769337528
"SPY","arma_garch",2711,0.000222914482819702
"SPY","arma_garch",2716,0.000219484268652783
"SPY","arma_garch",2721,0.000229339654865569
"SPY","arma_garch",2726,0.000248399471764175
"SPY","arma_garch",2731,0.000285698766031266
"SPY","arma_garch",2736,0.000265395906229112
"SPY","arma_garch",2741,0.000272740455707124
"SPY","arma_garch",2746,0.000277270714578652
"SPY","arma_garch",2751,0.000293462524643193
"SPY","arma_garch",2756,0.000290107470081685
"SPY","arma_garch",2761,0.000281085748275197
"SPY","arma_garch",2766,0.00029722499739222
"SPY","arma_garch",2771,0.000309976324312557
"SPY","arma_garch",2776,0.000309391748550227
"SPY","arma_garch",2781,0.000335986864409734
"SPY","arma_garch",2786,0.000285280742479191
"SPY","arma_garch",2791,0.000285850949847943
"SPY","arma_garch",2796,0.000283967333672829
"SPY","arma_garch",2801,0.000274318454736102
"SPY","arma_garch",2806,0.000223966271074662
"SPY","arma_garch",2811,0.000197759731016912
"SPY","arma_garch",2816,0.000217140082987866
"SPY","arma_garch",2821,0.000186475446020575
"SPY","arma_garch",2826,0.000196724525943747
"SPY","arma_garch",2831,0.000217269057845073
"SPY","arma_garch",2836,0.000230796927732644
"SPY","arma_garch",2841,0.000236485598201845
"SPY","arma_garch",2846,0.000257115879852604
"SPY","arma_garch",2851,0.000242626713806507
"SPY","arma_garch",2856,0.00025637987880441
"SPY","arma_garch",2861,0.000286427668795438
"SPY","arma_garch",2866,0.000283716059027872
"SPY","arma_garch",2871,0.000286321525851802
"SPY","arma_garch",2876,0.000283309248495776
"SPY","arma_garch",2881,0.000286826334026096
"SPY","arma_garch",2886,0.000314728893524124
"SPY","arma_garch",2891,0.000317792684712285
"SPY","arma_garch",2896,0.000313044097245557
"SPY","arma_garch",2901,0.000304982000455627
"SPY","arma_garch",2906,0.00033313185975644
"SPY","arma_garch",2911,0.000322703487004248
"SPY","arma_garch",2916,0.000338279710150384
"SPY","arma_garch",2921,0.00033977809649506
"SPY","arma_garch",2926,0.000325186897319466
"SPY","arma_garch",2931,0.000327391971896202
"SPY","arma_garch",2936,0.000323282453289923
"SPY","arma_garch",2941,0.000319716133904635
"SPY","arma_garch",2946,0.000335772720989319
"SPY","arma_garch",2951,0.000354422660066731
"SPY","arma_garch",2956,0.000356804239898604
"SPY","arma_garch",2961,0.000364183602886365
"SPY","arma_garch",2966,0.000370435288810104
"SPY","arma_garch",2971,0.000377353909292664
"SPY","arma_garch",2976,0.000367198695547211
"SPY","arma_garch",2981,0.00037862836743766
"SPY","arma_garch",2986,0.000361014437052505
"SPY","arma_garch",2991,0.000354976282661077
"SPY","arma_garch",2996,0.000359392256980568
"SPY","arma_garch",3001,0.000389602449912708
"SPY","arma_garch",3006,0.000374608966416108
"SPY","arma_garch",3011,0.00035533034755433
"SPY","arma_garch",3016,0.000367032034779425
"SPY","arma_garch",3021,0.000360783480097821
"SPY","arma_garch",3026,0.000351576463418453
"SPY","arma_garch",3031,0.000351359955372507
"SPY","arma_garch",3036,0.000359019856078377
"SPY","arma_garch",3041,0.000394682701617654
"SPY","arma_garch",3046,0.00038701261894181
"SPY","arma_garch",3051,0.000379271762499928
"SPY","arma_garch",3056,0.000356166219292551
"SPY","arma_garch",3061,0.000323742698472075
"SPY","arma_garch",3066,0.000307137063326902
"SPY","arma_garch",3071,0.000350565846630224
"SPY","arma_garch",3076,0.00037323017135192
"SPY","arma_garch",3081,0.0003972417828082
"SPY","arma_garch",3086,0.000370305570955418
"SPY","arma_garch",3091,0.000361704679748102
"SPY","arma_garch",3096,0.000359155951543655
"SPY","arma_garch",3101,0.000363812904254289
"SPY","arma_garch",3106,0.000423474853486591
"SPY","arma_garch",3111,0.000390057024571322
"SPY","arma_garch",3116,0.000305797298106441
"SPY","arma_garch",3121,0.000322568279824274
"SPY","arma_garch",3126,0.000359698110925949
"SPY","arma_garch",3131,0.000309994348533712
"SPY","arma_garch",3136,0.000240904085692418
"SPY","arma_garch",3141,0.000303181729520419
"SPY","arma_garch",3146,0.000323437201679978
"SPY","arma_garch",3151,0.000299208533950861
"SPY","arma_garch",3156,0.000281440440871702
"SPY","arma_garch",3161,0.000282872719930311
"SPY","arma_garch",3166,0.000275861745491495
"SPY","arma_garch",3171,0.000272495341942945
"SPY","arma_garch",3176,0.000279795289540582
"SPY","arma_garch",3181,0.000236174914850504
"SPY","arma_garch",3186,0.000221721431546229
"SPY","arma_garch",3191,0.000213044814383201
"SPY","arma_garch",3196,0.000122029648921865
"SPY","arma_garch",3201,9.77924274907654e-05
"SPY","arma_garch",3206,9.16385950637534e-05
"SPY","arma_garch",3211,0.000152017677603494
"SPY","arma_garch",3216,0.000138225287707416
"SPY","arma_garch",3221,0.000160712372743153
"SPY","arma_garch",3226,0.000191448735511877
"SPY","arma_garch",3231,0.000181659287743928
"SPY","arma_garch",3236,0.000191436173570197
"SPY","arma_garch",3241,0.000207448146484384
"SPY","arma_garch",3246,0.000233225319570103
"SPY","arma_garch",3251,0.000294272240842622
"SPY","arma_garch",3256,0.000289865742775623
"SPY","arma_garch",3261,0.000276033666839879
"SPY","arma_garch",3266,0.000304725327640513
"SPY","arma_garch",3271,0.000339415454184182
"SPY","arma_garch",3276,0.000383451961019115
"SPY","arma_garch",3281,0.000390154804800997
"SPY","arma_garch",3286,0.000412853501590514
"SPY","arma_garch",3291,0.000386796081500983
"SPY","arma_garch",3296,0.00037363805369446
"SPY","arma_garch",3301,0.000395936684508206
"SPY","arma_garch",3306,0.000354492269503067
"SPY","arma_garch",3311,0.000346105591299071
"SPY","arma_garch",3316,0.000314276745895351
"SPY","arma_garch",3321,0.000346004539658213
"SPY","arma_garch",3326,0.000370907767316646
"SPY","arma_garch",3331,0.000365463870224657
"SPY","arma_garch",3336,0.00035343893948293
"SPY","arma_garch",3341,0.000344349259296157
"SPY","arma_garch",3346,0.000343028918661949
"SPY","arma_garch",3351,0.000333632768485551
"SPY","arma_garch",3356,0.000318998700840021
"SPY","arma_garch",3361,0.00032725611495979
"SPY","arma_garch",3366,0.000350189414503853
"SPY","arma_garch",3371,0.000334794911772756
"SPY","arma_garch",3376,0.000352558503048296
"SPY","arma_garch",3381,0.000363531047277475
"SPY","arma_garch",3386,0.000386974857287533
"SPY","arma_garch",3391,0.000370948706431956
"SPY","arma_garch",3396,0.000393223111022541
"SPY","arma_garch",3401,0.000397267770224381
"SPY","arma_garch",3406,0.000403181778837757
"SPY","arma_garch",3411,0.000411070696551995
"SPY","arma_garch",3416,0.000413868261889757
"SPY","arma_garch",3421,0.000430193024849929
"SPY","arma_garch",3426,0.000440181958177806
"SPY","arma_garch",3431,0.000452126917527005
"SPY","arma_garch",3436,0.000463745042787493
"SPY","arma_garch",3441,0.00045410719685309
"SPY","arma_garch",3446,0.000442135850612581
"SPY","arma_garch",3451,0.000437039805762811
"SPY","arma_garch",3456,0.000406727885183257
"SPY","arma_garch",3461,0.000379039041198103
"SPY","arma_garch",3466,0.000388345326388541
"SPY","arma_garch",3471,0.00038727246585927
"SPY","arma_garch",3476,0.000400990316027679
"SPY","arma_garch",3481,0.000412265769012081
"SPY","arma_garch",3486,0.00041686351445888
"SPY","arma_garch",3491,0.000453443193898072
"SPY","arma_garch",3496,0.000448227337017421
"SPY","arma_garch",3501,0.00044584692479522
"SPY","arma_garch",3506,0.000436851855018119
"SPY","arma_garch",3511,0.000463039140247673
"SPY","arma_garch",3516,0.000434371689451149
"SPY","arma_garch",3521,0.000434137086310299
"SPY","arma_garch",3526,0.000435869671221964
"SPY","arma_garch",3531,0.000436258790589595
"SPY","arma_garch",3536,0.000439468350253839
"SPY","arma_garch",3541,0.000454153302926666
"SPY","arma_garch",3546,0.000445919256819307
"SPY","arma_garch",3551,0.000444016217458235
"SPY","arma_garch",3556,0.000431862542548834
"SPY","arma_garch",3561,0.00043458916387229
"SPY","arma_garch",3566,0.000413309870108805
"SPY","arma_garch",3571,0.000433877178670177
"SPY","arma_garch",3576,0.000444016825977586
"SPY","arma_garch",3581,0.00043928380083445
"SPY","arma_garch",3586,0.000440480724013597
"SPY","arma_garch",3591,0.000419216406249968
"SPY","arma_garch",3596,0.000406259021441505
"SPY","arma_garch",3601,0.000404305730017934
"SPY","arma_garch",3606,0.000396789654118994
"SPY","arma_garch",3611,0.000395980294143584
"SPY","arma_garch",3616,0.000419622973368342
"SPY","arma_garch",3621,0.000412846327296543
"SPY","arma_garch",3626,0.000398467291962894
"SPY","arma_garch",3631,0.000397420737732172
"SPY","arma_garch",3636,0.000400452103499107
"SPY","arma_garch",3641,0.000396748327978718
"SPY","arma_garch",3646,0.000387819520183249
"SPY","arma_garch",3651,0.000389132292073127
"SPY","arma_garch",3656,0.000393701681462256
"SPY","arma_garch",3661,0.00041362389333837
"SPY","arma_garch",3666,0.000413780866043004
"SPY","arma_garch",3671,0.000352320209563674
"SPY","arma_garch",3676,0.000352352284551509
"SPY","arma_garch",3681,0.000370696412352387
"SPY","arma_garch",3686,0.000364798405812905
"SPY","arma_garch",3691,0.000321410530632528
"SPY","arma_garch",3696,0.000329225349085149
"SPY","arma_garch",3701,0.000329013912022583
"SPY","arma_garch",3706,0.000333815542751804
"SPY","arma_garch",3711,0.000314344554724264
"SPY","arma_garch",3716,0.000332568146709193
"SPY","arma_garch",3721,0.00031555102766929
"SPY","arma_garch",3726,0.00031340251706625
"SPY","arma_garch",3731,0.000315670152923845
"SPY","arma_garch",3736,0.000339318705308169
"SPY","arma_garch",3741,0.000331867698099734
"SPY","arma_garch",3746,0.000338311359301156
"SPY","arma_garch",3751,0.000347936892359006
"SPY","arma_garch",3756,0.000359576363782298
"SPY","arma_garch",3761,0.000374312371843689
"SPY","arma_garch",3766,0.00031123627921049
"SPY","arma_garch",3771,0.000310322302053433
"SPY","arma_garch",3776,0.000334646756827691
"SPY","arma_garch",3781,0.000336767819082594
"SPY","arma_garch",3786,0.000354326491934452
"SPY","arma_garch",3791,0.000370750363575515
"SPY","arma_garch",3796,0.000383357242700807
"SPY","arma_garch",3801,0.00038386869009204
"SPY","arma_garch",3806,0.000387622349671637
"SPY","arma_garch",3811,0.000387613603414888
"SPY","arma_garch",3816,0.000408350026003035
"SPY","arma_garch",3821,0.000418091999057801
"SPY","arma_garch",3826,0.000439005180237234
"SPY","arma_garch",3831,0.000413654898350773
"SPY","arma_garch",3836,0.000425406480183228
"SPY","arma_garch",3841,0.000626638658034432
"SPY","arma_garch",3846,0.000580085825053946
"SPY","arma_garch",3851,0.000621315583496178
"SPY","arma_garch",3856,0.000634613371054043
"SPY","arma_garch",3861,0.000647670809058605
"SPY","arma_garch",3866,0.000656526702248721
"SPY","arma_garch",3871,0.00065629778179493
"SPY","arma_garch",3876,0.000652980372647308
"SPY","arma_garch",3881,0.000672756555867519
"SPY","arma_garch",3886,0.00064881435962042
"SPY","arma_garch",3891,0.000667800590390181
"SPY","arma_garch",3896,0.000676480012855209
"SPY","arma_garch",3901,0.000674290062814795
"SPY","arma_garch",3906,0.000664405837167279
"SPY","arma_garch",3911,0.00066363914585722
"SPY","arma_garch",3916,0.000657136482963712
"SPY","arma_garch",3921,0.000645603023787889
"SPY","arma_garch",3926,0.000666395159044611
"SPY","arma_garch",3931,0.000654102133493166
"SPY","arma_garch",3936,0.000661661114679754
"SPY","arma_garch",3941,0.000671751816336046
"SPY","arma_garch",3946,0.000676644867559736
"SPY","arma_garch",3951,0.000672996537353916
"SPY","arma_garch",3956,0.000665321154657547
"SPY","arma_garch",3961,0.000671295874979883
"SPY","arma_garch",3966,0.000682540532948616
"SPY","arma_garch",3971,0.000690644953489331
"SPY","arma_garch",3976,0.000678697488612494
"SPY","arma_garch",3981,0.000678612737076633
"SPY","arma_garch",3986,0.000684735925318804
"SPY","arma_garch",3991,0.000684809504710656
"SPY","arma_garch",3996,0.000691758677184435
"SPY","arma_garch",4001,0.000705030002063534
"SPY","arma_garch",4006,0.000705466345896632
"SPY","arma_garch",4011,0.000709228896891471
"SPY","arma_garch",4016,0.000723842569915752
"SPY","arma_garch",4021,0.000722541622178407
"SPY","arma_garch",4026,0.000735219765931997
"SPY","arma_garch",4031,0.000737397414932656
"SPY","arma_garch",4036,0.000693719927457681
"SPY","arma_garch",4041,0.000700884264860221
"SPY","arma_garch",4046,0.00068222144234079
"SPY","arma_garch",4051,0.000675677064212346
"SPY","arma_garch",4056,0.000685015366356059
"SPY","arma_garch",4061,0.000701352167495128
"SPY","arma_garch",4066,0.000714845928412229
"SPY","arma_garch",4071,0.000711170475603207
"SPY","arma_garch",4076,0.000681359792850919
"SPY","arma_garch",4081,0.000691687600627869
"SPY","arma_garch",4086,0.00070600493254932
"SPY","arma_garch",4091,0.000716732255645293
"SPY","arma_garch",4096,0.000720708551552091
"SPY","arma_garch",4101,0.00071164032945881
"SPY","arma_garch",4106,0.000730969963454799
"SPY","arma_garch",4111,0.000723585308208639
"SPY","arma_garch",4116,0.000738719225217679
"SPY","arma_garch",4121,0.000741739041437989
"SPY","arma_garch",4126,0.00074583061096716
"SPY","arma_garch",4131,0.000690407984475698
"SPY","arma_garch",4136,0.000700537557454597
"SPY","arma_garch",4141,0.000692907331106623
"SPY","arma_garch",4146,0.000725787459392755
"SPY","arma_garch",4151,0.000714795951395531
"SPY","arma_garch",4156,0.000721087641210602
"SPY","arma_garch",4161,0.000737287067888845
"SPY","arma_garch",4166,0.000741181191000837
"SPY","arma_garch",4171,0.000777272786431367
"SPY","arma_garch",4176,0.000769550030741984
"SPY","arma_garch",4181,0.000754397384893062
"SPY","arma_garch",4186,0.000759944872074723
"SPY","arma_garch",4191,0.000744552500752118
"SPY","arma_garch",4196,0.000733801945686918
"SPY","arma_garch",4201,0.000723701048826578
"SPY","arma_garch",4206,0.00070784769038831
