"Date","Open","High","Low","Close","Volume","Adjusted"
"2010-01-04",7.62249994277954,7.6607141494751,7.58500003814697,7.64321422576904,493729600,6.40096044540405
"2010-01-05",7.6642861366272,7.6996431350708,7.61607122421265,7.65642881393433,601904800,6.41202640533447
"2010-01-06",7.65642881393433,7.68678617477417,7.5267858505249,7.53464317321777,552160000,6.31003522872925
"2010-01-07",7.5625,7.57142877578735,7.46607112884521,7.52071380615234,477131200,6.29836940765381
"2010-01-08",7.51071405410767,7.57142877578735,7.46642923355103,7.57071399688721,447610800,6.34024143218994
"2010-01-11",7.59999990463257,7.60714292526245,7.44464302062988,7.50392913818359,462229600,6.28431177139282
"2010-01-12",7.47107076644897,7.49178600311279,7.37214279174805,7.41857099533081,594459600,6.21282863616943
"2010-01-13",7.42392921447754,7.53321409225464,7.2892861366272,7.5232138633728,605892000,6.30046463012695
"2010-01-14",7.50392913818359,7.51642894744873,7.46500015258789,7.47964286804199,432894000,6.26397371292114
"2010-01-15",7.53321409225464,7.55714321136475,7.35249996185303,7.35464286804199,594067600,6.1592903137207
"2010-01-19",7.44035720825195,7.68535709381104,7.40142917633057,7.67999982833862,730007600,6.4317684173584
"2010-01-20",7.6753568649292,7.69821405410767,7.48214292526245,7.56178617477417,612152800,6.33276748657227
"2010-01-21",7.57428598403931,7.61821413040161,7.40035676956177,7.43107080459595,608154400,6.22329711914062
"2010-01-22",7.38500022888184,7.4107141494751,7.04142904281616,7.0625,881767600,5.9146294593811
"2010-01-25",7.23250007629395,7.31071376800537,7.14964294433594,7.25250005722046,1065699600,6.07374858856201
"2010-01-26",7.35535717010498,7.63250017166138,7.2350001335144,7.35500001907349,1867110000,6.15958976745605
"2010-01-27",7.38749980926514,7.52071380615234,7.12607097625732,7.42428588867188,1722568400,6.21761274337769
"2010-01-28",7.31892919540405,7.3392858505249,7.09642887115479,7.11749982833862,1173502400,5.96068906784058
"2010-01-29",7.18142890930176,7.22142887115479,6.79464292526245,6.85928583145142,1245952400,5.74444437026978
"2010-02-01",6.87035703659058,7,6.83214282989502,6.95464277267456,749876400,5.824303150177
"2010-02-02",6.99678611755371,7.01142883300781,6.90642881393433,6.99499988555908,698342400,5.85809898376465
"2010-02-03",6.97035694122314,7.15000009536743,6.94357109069824,7.11535692214966,615328000,5.95889472961426
"2010-02-04",7.02607107162476,7.08464288711548,6.84178590774536,6.85892915725708,757652000,5.74414539337158
"2010-02-05",6.87964296340942,7,6.81607103347778,6.98071384429932,850306800,5.84613561630249
"2010-02-08",6.98892879486084,7.06714296340942,6.92857122421265,6.93285703659058,478270800,5.80605840682983
"2010-02-09",7.0149998664856,7.05357122421265,6.95535707473755,7.00678586959839,632886800,5.86797046661377
"2010-02-10",6.99607086181641,7.02142906188965,6.93785715103149,6.96857118606567,370361600,5.8359694480896
"2010-02-11",6.96000003814697,7.13392877578735,6.93071413040161,7.09535694122314,550345600,5.94214582443237
"2010-02-12",7.07535696029663,7.20142889022827,6.98214292526245,7.15642881393433,655468800,5.99329280853271
"2010-02-16",7.21214294433594,7.27464294433594,7.19714307785034,7.26428604125977,543737600,6.08361911773682
"2010-02-17",7.29250001907349,7.29678583145142,7.17357110977173,7.23392915725708,436396800,6.05819797515869
"2010-02-18",7.20107078552246,7.28178596496582,7.17571401596069,7.24749994277954,422825200,6.06956100463867
"2010-02-19",7.20928621292114,7.25714302062988,7.18249988555908,7.2024998664856,415469600,6.03187465667725
"2010-02-22",7.2264289855957,7.23214292526245,7.11392879486084,7.15785694122314,390563600,5.99448871612549
"2010-02-23",7.14285707473755,7.19035720825195,6.98964309692383,7.03785705566406,575094800,5.89399242401123
"2010-02-24",7.07964277267456,7.19428586959839,7.06571388244629,7.16642904281616,460566400,6.00166749954224
"2010-02-25",7.04928588867188,7.24499988555908,7.03178596496582,7.2142858505249,665126000,6.04174518585205
"2010-02-26",7.22785711288452,7.3274998664856,7.2142858505249,7.30785703659058,507460800,6.12010765075684
"2010-03-01",7.3482141494751,7.48214292526245,7.33750009536743,7.46392917633057,550093600,6.2508134841919
"2010-03-02",7.49749994277954,7.52964305877686,7.41928577423096,7.45892906188965,566546400,6.24662590026855
"2010-03-03",7.46214294433594,7.49535703659058,7.42642879486084,7.47607088088989,372052800,6.26098442077637
"2010-03-04",7.47428607940674,7.53285694122314,7.45107078552246,7.52535676956177,366041200,6.30225610733032
"2010-03-05",7.67642879486084,7.84642887115479,7.66535711288452,7.81964302062988,899620400,6.5487117767334
"2010-03-08",7.85750007629395,7.86035680770874,7.79464292526245,7.82428598403931,429889600,6.55260372161865
"2010-03-09",7.79678583145142,8.0357141494751,7.78178596496582,7.96500015258789,920259200,6.67044544219971
"2010-03-10",7.99392890930176,8.05285739898682,7.97142887115479,8.02999973297119,596218000,6.72488307952881
"2010-03-11",7.99678611755371,8.05357074737549,7.97571420669556,8.05357074737549,405700400,6.74461936950684
"2010-03-12",8.12035655975342,8.13321399688721,8.0625,8.09285736083984,416323600,6.77752208709717
"2010-03-15",8.04928588867188,8.05357074737549,7.86607122421265,7.99428606033325,493502800,6.69497108459473
"2010-03-16",8.0064287185669,8.03499984741211,7.94678592681885,8.01607131958008,446908000,6.71321487426758
"2010-03-17",8.03214263916016,8.08749961853027,7.97392892837524,8.00428581237793,450956800,6.70334577560425
"2010-03-18",8.00357055664062,8.0357141494751,7.95035696029663,8.02321434020996,342109600,6.71919870376587
"2010-03-19",8.02821445465088,8.04428577423096,7.90107107162476,7.9375,559445600,6.64741706848145
"2010-03-22",7.87392902374268,8.07142925262451,7.86250019073486,8.0267858505249,456419600,6.72219038009644
"2010-03-23",8.05857086181641,8.17071437835693,8.00357055664062,8.15571403503418,602431200,6.83016347885132
"2010-03-24",8.13000011444092,8.22142887115479,8.12535667419434,8.19178581237793,597780400,6.86037158966064
"2010-03-25",8.24714279174805,8.24892902374268,8.08035659790039,8.09464263916016,542284400,6.77901697158813
"2010-03-26",8.17678642272949,8.28392887115479,8.16250038146973,8.24642944335938,640875200,6.90613412857056
"2010-03-29",8.32142925262451,8.35249996185303,8.27214336395264,8.29964256286621,540744400,6.9506983757019
"2010-03-30",8.44999980926514,8.48142910003662,8.36607074737549,8.42321395874023,527310000,7.05418729782104
"2010-03-31",8.41035747528076,8.45035743713379,8.37357139587402,8.39285659790039,430659600,7.02876424789429
"2010-04-01",8.478928565979,8.5260705947876,8.3125,8.42749977111816,603145200,7.05777502059937
"2010-04-05",8.39214324951172,8.51821422576904,8.38464260101318,8.51749992370605,684507600,7.13314867019653
"2010-04-06",8.50714302062988,8.57999992370605,8.4642858505249,8.55500030517578,447017200,7.16455411911011
"2010-04-07",8.55535697937012,8.64000034332275,8.5235710144043,8.59285736083984,628502000,7.19625806808472
"2010-04-08",8.58714294433594,8.62642860412598,8.50142860412598,8.56964302062988,572989200,7.17681503295898
"2010-04-09",8.6225004196167,8.63892936706543,8.58785724639893,8.63535690307617,334182800,7.231849193573
"2010-04-12",8.64999961853027,8.6810712814331,8.63607120513916,8.65321445465088,333026400,7.24680233001709
"2010-04-13",8.63785743713379,8.67142868041992,8.61107063293457,8.65821361541748,306210800,7.2509913444519
"2010-04-14",8.76000022888184,8.77892875671387,8.71678638458252,8.77464294433594,404076400,7.34849786758423
"2010-04-15",8.77785682678223,8.89392852783203,8.76821422576904,8.89000034332275,376784800,7.44510412216187
"2010-04-16",8.8774995803833,8.96928596496582,8.73392868041992,8.83571434020996,750545600,7.39964389801025
"2010-04-19",8.82250022888184,8.85321426391602,8.63464260101318,8.82392883300781,566924400,7.38977336883545
"2010-04-20",8.87642860412598,8.9017858505249,8.67714309692383,8.7353572845459,738326400,7.31559705734253
"2010-04-21",9.24285697937012,9.29464340209961,9.13321399688721,9.25785732269287,982391200,7.75317525863647
"2010-04-22",9.22285747528076,9.5267858505249,9.14999961853027,9.51678562164307,793424800,7.97001838684082
"2010-04-23",9.57107067108154,9.72071361541748,9.5357141494751,9.67249965667725,796955600,8.10042476654053
"2010-04-26",9.71000003814697,9.73071384429932,9.57821369171143,9.625,479068800,8.06064605712891
"2010-04-27",9.54535675048828,9.56571388244629,9.30428600311279,9.35857105255127,709343600,7.83751678466797
"2010-04-28",9.4017858505249,9.42857074737549,9.15750026702881,9.34285736083984,758402400,7.82435846328735
"2010-04-29",9.39357089996338,9.64285659790039,9.35750007629395,9.59428596496582,558840800,8.03492259979248
"2010-04-30",9.61821365356445,9.6632137298584,9.32142925262451,9.3246431350708,542463600,7.80910682678223
"2010-05-03",9.4228572845459,9.56714344024658,9.38857078552246,9.51249980926514,454342000,7.96642780303955
"2010-05-04",9.38892936706543,9.40321445465088,9.16964340209961,9.23857116699219,723819600,7.7370228767395
"2010-05-05",9.03678607940674,9.21928596496582,8.88321399688721,9.14249992370605,883103200,7.6565637588501
"2010-05-06",9.06535720825195,9.2232141494751,7.11607122421265,8.79464340209961,1285860800,7.36524963378906
"2010-05-07",8.70392894744873,8.8060712814331,8.04321384429932,8.42357063293457,1676018400,7.05448532104492
"2010-05-10",8.9375,9.09464263916016,8.87607097625732,9.07107067108154,984306400,7.59674739837646
"2010-05-11",8.99428558349609,9.28178596496582,8.94642925262451,9.1614294052124,848906800,7.67242240905762
"2010-05-12",9.25857067108154,9.39750003814697,9.23928642272949,9.3603572845459,654379600,7.83901214599609
"2010-05-13",9.40071392059326,9.4642858505249,9.15714263916016,9.22714328765869,599712400,7.72744989395142
"2010-05-14",9.1128568649292,9.15999984741211,8.9107141494751,9.0649995803833,759362800,7.59166193008423
"2010-05-17",9.09642887115479,9.1492862701416,8.84678554534912,9.07928562164307,762834800,7.60362672805786
"2010-05-18",9.17785739898682,9.23392868041992,8.93785667419434,9.01285743713379,782678400,7.54799509048462
"2010-05-19",8.9107141494751,9.03285694122314,8.74464321136475,8.86928558349609,1025726800,7.42775774002075
"2010-05-20",8.63857078552246,8.70892906188965,8.43607139587402,8.49142932891846,1282915200,7.11131286621094
"2010-05-21",8.3149995803833,8.73214340209961,8.26249980926514,8.65428638458252,1223891200,7.24770498275757
"2010-05-24",8.83142852783203,8.96071434020996,8.79500007629395,8.81285667419434,754238800,7.38050127029419
"2010-05-25",8.54821395874023,8.81285667419434,8.47000026702881,8.75785732269287,1048006400,7.33443880081177
"2010-05-26",8.93142890930176,9.00464344024658,8.70535659790039,8.71821403503418,850654000,7.30123805999756
"2010-05-27",8.94999980926514,9.06750011444092,8.89678573608398,9.04821395874023,666282400,7.57760381698608
"2010-05-28",9.26392936706543,9.26428604125977,9.04821395874023,9.17428588867188,815614800,7.683189868927
"2010-06-01",9.27464294433594,9.49785709381104,9.24857139587402,9.31535720825195,876472800,7.80133104324341
"2010-06-02",9.44785690307617,9.45714282989502,9.29749965667725,9.42678642272949,688548000,7.89464426040649
"2010-06-03",9.47071361541748,9.48392868041992,9.3003568649292,9.39714336395264,650106800,7.8698239326477
"2010-06-04",9.22178554534912,9.35357093811035,9.09392929077148,9.14142894744873,758304400,7.65567064285278
"2010-06-07",9.22464275360107,9.25535678863525,8.94821357727051,8.96214294433594,886942000,7.50552272796631
"2010-06-08",9.04428577423096,9.06428623199463,8.77321434020996,8.90464305877686,1000770400,7.45736837387085
"2010-06-09",8.98107147216797,8.99642944335938,8.66035747528076,8.68571376800537,854630000,7.27402019500732
"2010-06-10",8.74428558349609,8.9635705947876,8.64999961853027,8.94678592681885,776356000,7.49265956878662
"2010-06-11",8.86535739898682,9.06642913818359,8.83464336395264,9.05392932891846,545759200,7.58239221572876
"2010-06-14",9.14142894744873,9.25535678863525,9.07178592681885,9.08142852783203,602960400,7.60541868209839
"2010-06-15",9.13000011444092,9.28035736083984,9.125,9.27464294433594,585074000,7.7672324180603
"2010-06-16",9.32499980926514,9.5625,9.30821418762207,9.54464340209961,783678000,7.99334764480591
"2010-06-17",9.66428565979004,9.74642944335938,9.625,9.70964336395264,872855200,8.13153171539307
"2010-06-18",9.7232141494751,9.82142925262451,9.69357109069824,9.7882137298584,784621600,8.19733715057373
"2010-06-21",9.91749954223633,9.96464252471924,9.59749984741211,9.64892864227295,776490400,8.0806827545166
"2010-06-22",9.72000026702881,9.85607147216797,9.69642925262451,9.78035736083984,717262000,8.19075679779053
"2010-06-23",9.80642890930176,9.80928611755371,9.56785678863525,9.67749977111816,768457200,8.1046142578125
"2010-06-24",9.67857074737549,9.75714302062988,9.57499980926514,9.60714340209961,714277200,8.04569149017334
"2010-06-25",9.64500045776367,9.65250015258789,9.49321365356445,9.52499961853027,549942400,7.97689819335938
"2010-06-28",9.53321361541748,9.63392925262451,9.44714260101318,9.58214282989502,584948000,8.02475452423096
"2010-06-29",9.43285655975342,9.44250011444092,9.08214282989502,9.14892864227295,1133344800,7.66194915771484
"2010-06-30",9.16821384429932,9.21321392059326,8.92892932891846,8.98321437835693,739452000,7.52317094802856
"2010-07-01",9.08214282989502,9.10000038146973,8.68642902374268,8.87428569793701,1022896000,7.43194723129272
"2010-07-02",8.94607067108154,8.9617862701416,8.68571376800537,8.81928634643555,693842800,7.38588666915894
"2010-07-06",8.9642858505249,9.02857112884521,8.791428565979,8.87964344024658,615235600,7.43643093109131
"2010-07-07",8.94607067108154,9.24178600311279,8.91964340209961,9.23821353912354,654556000,7.73672246932983
"2010-07-08",9.37428569793701,9.38928604125977,9.10321426391602,9.21749973297119,738144400,7.71937608718872
"2010-07-09",9.17464256286621,9.28214263916016,9.1128568649292,9.27214336395264,433322400,7.76514196395874
"2010-07-12",9.23321437835693,9.35178565979004,9.10214328765869,9.18892860412598,562878400,7.69544887542725
"2010-07-13",9.15428638458252,9.15714263916016,8.80107116699219,8.99285697937012,1190924000,7.53124475479126
"2010-07-14",8.90642929077148,9.13571357727051,8.89285659790039,9.0260705947876,812047600,7.55906009674072
"2010-07-15",8.86535739898682,9.17749977111816,8.83214282989502,8.98035717010498,824866000,7.52077722549438
"2010-07-16",9.04214286804199,9.10607147216797,8.87178611755371,8.92500019073486,1039858400,7.47441625595093
"2010-07-19",8.92428588867188,8.92428588867188,8.55714321136475,8.77071380615234,1024478000,7.34520578384399
"2010-07-20",8.67500019073486,9.03214263916016,8.57178592681885,8.99607086181641,1074950800,7.53393459320068
"2010-07-21",9.46749973297119,9.46964263916016,9.07142925262451,9.07999992370605,1185671200,7.60422372817993
"2010-07-22",9.20285701751709,9.2857141494751,9.11821365356445,9.25071430206299,645318800,7.74719190597534
"2010-07-23",9.18178558349609,9.29928588867188,9.15285682678223,9.28357124328613,533388800,7.77470922470093
"2010-07-26",9.2857141494751,9.28928565979004,9.20392894744873,9.26000022888184,420551600,7.75496625900269
"2010-07-27",9.31678581237793,9.45714282989502,9.29642868041992,9.43142890930176,584771600,7.89853429794312
"2010-07-28",9.41678619384766,9.49964332580566,9.29464340209961,9.31999969482422,519985200,7.80521774291992
"2010-07-29",9.31107139587402,9.38035678863525,9.14642906188965,9.21821403503418,643806800,7.71997499465942
"2010-07-30",9.13892936706543,9.27499961853027,9.10357093811035,9.1875,448210000,7.694251537323
"2010-08-02",9.30142879486084,9.37821388244629,9.27214336395264,9.35178565979004,428055600,7.83183860778809
"2010-08-03",9.32178592681885,9.40214252471924,9.26500034332275,9.35464286804199,417653600,7.83422899246216
"2010-08-04",9.3871431350708,9.43857097625732,9.29678630828857,9.39214324951172,420375200,7.8656325340271
"2010-08-05",9.34749984741211,9.3992862701416,9.30535697937012,9.34642887115479,289097200,7.82734727859497
"2010-08-06",9.27785682678223,9.33892917633057,9.20107078552246,9.2889289855957,444897600,7.7791953086853
"2010-08-09",9.3385705947876,9.36250019073486,9.27035713195801,9.3482141494751,303128000,7.8288459777832
"2010-08-10",9.28035736083984,9.30178642272949,9.19821357727051,9.2646427154541,451920000,7.75886058807373
"2010-08-11",9.12142944335938,9.13178634643555,8.92178630828857,8.93535709381104,620054400,7.4830904006958
"2010-08-12",8.81035709381104,9.03928565979004,8.78999996185303,8.99250030517578,534920400,7.53094816207886
"2010-08-13",8.98750019073486,8.99571418762207,8.896071434021,8.89642906188965,354869200,7.45049047470093
"2010-08-16",8.84214305877686,8.92892932891846,8.80785655975342,8.84428596496582,318430000,7.40681886672974
"2010-08-17",8.93142890930176,9.09392929077148,8.89999961853027,8.99892902374268,422640400,7.53633308410645
"2010-08-18",9.01285743713379,9.09535694122314,8.98499965667725,9.0382137298584,339696000,7.56923055648804
"2010-08-19",9.02999973297119,9.05285739898682,8.8814287185669,8.92428588867188,426706000,7.47381830215454
"2010-08-20",8.90678596496582,9.06857109069824,8.89285659790039,8.91571426391602,384230000,7.46663808822632
"2010-08-23",8.99250030517578,9,8.75892925262451,8.77857112884521,414041600,7.35178804397583
"2010-08-24",8.66678619384766,8.67857074737549,8.52321434020996,8.5689287185669,602565600,7.1762170791626
"2010-08-25",8.50142860412598,8.71392917633057,8.47142887115479,8.67464256286621,596867600,7.26474905014038
"2010-08-26",8.76607131958008,8.7767858505249,8.58142852783203,8.58142852783203,466505200,7.18668699264526
"2010-08-27",8.63392925262451,8.66464328765869,8.41285705566406,8.62928581237793,548391200,7.2267656326294
"2010-08-30",8.59857082366943,8.7767858505249,8.59571361541748,8.6607141494751,383289200,7.25308322906494
"2010-08-31",8.63749980926514,8.73428630828857,8.58392906188965,8.68214321136475,420786800,7.27102899551392
"2010-09-01",8.83821392059326,8.98071384429932,8.79571437835693,8.94035720825195,697037600,7.4872784614563
"2010-09-02",8.97357082366943,9.00607109069824,8.8774995803833,9.00607109069824,415427600,7.54230880737305
"2010-09-03",9.1103572845459,9.24214267730713,9.0892858505249,9.24178600311279,520788800,7.7397141456604
"2010-09-07",9.16571426391602,9.26892852783203,9.1517858505249,9.20750045776367,342557600,7.71100330352783
"2010-09-08",9.27785682678223,9.44250011444092,9.25357055664062,9.39000034332275,526551200,7.86383581161499
"2010-09-09",9.46571445465088,9.51857089996338,9.39000034332275,9.39535713195801,438575200,7.86833000183105
"2010-09-10",9.39964294433594,9.44642925262451,9.33571434020996,9.40750026702881,387542400,7.8784966468811
"2010-09-13",9.4935712814331,9.58142852783203,9.49142932891846,9.53714275360107,388780000,7.98706865310669
"2010-09-14",9.50749969482422,9.61321353912354,9.48285675048828,9.57357120513916,408150400,8.01757431030273
"2010-09-15",9.57750034332275,9.65642929077148,9.56571388244629,9.65071392059326,429368800,8.08218288421631
"2010-09-16",9.65142917633057,9.88107109069824,9.625,9.8774995803833,652103200,8.2721061706543
"2010-09-17",9.91749954223633,9.92714309692383,9.7742862701416,9.83464336395264,634477200,8.23621559143066
"2010-09-20",9.85999965667725,10.1350002288818,9.85178565979004,10.1153573989868,658677600,8.47130298614502
"2010-09-21",10.1378574371338,10.2624998092651,10.0996427536011,10.1346426010132,668074400,8.48745632171631
"2010-09-22",10.0967855453491,10.2849998474121,10.0860710144043,10.2767858505249,585289600,8.60649681091309
"2010-09-23",10.226071357727,10.455714225769,10.2142858505249,10.3185710906982,786116800,8.64148902893066
"2010-09-24",10.4321432113647,10.4832143783569,10.3767862319946,10.4399995803833,649488000,8.74318313598633
"2010-09-27",10.499285697937,10.5260705947876,10.393214225769,10.3985710144043,482834800,8.7084903717041
"2010-09-28",10.4203567504883,10.4203567504883,9.82142925262451,10.2449998855591,1035042400,8.57987594604492
"2010-09-29",10.2582139968872,10.3503570556641,10.2142858505249,10.2632141113281,469644000,8.59512901306152
"2010-09-30",10.3214292526245,10.3571434020996,10.0446434020996,10.1339292526245,673391600,8.4868574142456
"2010-10-01",10.2196426391602,10.2349996566772,10.0482139587402,10.0900001525879,448142800,8.45006847381592
"2010-10-04",10.0571432113647,10.1035709381104,9.92035675048828,9.95142936706543,435302000,8.33402252197266
"2010-10-05",10.0714292526245,10.3374996185303,10.0649995803833,10.3192863464355,501967200,8.64209365844727
"2010-10-06",10.3424997329712,10.4282140731812,10.1878566741943,10.3282136917114,670868800,8.64956569671631
"2010-10-07",10.3692855834961,10.374285697937,10.2467861175537,10.3292856216431,408399600,8.65046310424805
"2010-10-08",10.4182138442993,10.5178565979004,10.3571434020996,10.5024995803833,658403200,8.79552459716797
"2010-10-11",10.5264291763306,10.6157140731812,10.5214290618896,10.5485706329346,427753200,8.83410835266113
"2010-10-12",10.5503568649292,10.6964292526245,10.4460706710815,10.6621427536011,558544000,8.92921733856201
"2010-10-13",10.7214288711548,10.7842855453491,10.707142829895,10.7192859649658,630092400,8.97707843780518
"2010-10-14",10.7746429443359,10.8024997711182,10.7285709381104,10.7967863082886,435296400,9.04198265075684
"2010-10-15",10.9799995422363,11.25,10.8896427154541,11.2407140731812,922194000,9.41375732421875
"2010-10-18",11.3739290237427,11.3928565979004,11.2246427536011,11.3571434020996,1093010800,9.51126289367676
"2010-10-19",10.83571434021,11.2060708999634,10.7150001525879,11.0532140731812,1232784000,9.25673294067383
"2010-10-20",11.0357141494751,11.2232141494751,10.9596433639526,11.0903568267822,721624400,9.28783702850342
"2010-10-21",11.1557140350342,11.2407140731812,10.957142829895,11.0542860031128,551460000,9.25762939453125
"2010-10-22",11.0382137298584,11.0728569030762,10.9392862319946,10.981071472168,372778000,9.19631576538086
"2010-10-25",11.0389289855957,11.1285705566406,11.0157136917114,11.0299997329712,392462000,9.23728847503662
"2010-10-26",10.9596433639526,11.0621433258057,10.9160709381104,11.0017862319946,392929600,9.21365928649902
"2010-10-27",10.9875001907349,11.0678567886353,10.91428565979,10.9939289093018,399002800,9.2070779800415
"2010-10-28",10.9982137680054,11,10.7464294433594,10.9014291763306,551051200,9.12961483001709
"2010-10-29",10.8653573989868,10.9242858886719,10.7453565597534,10.749285697937,430511200,9.00220203399658
"2010-11-01",10.793571472168,10.91428565979,10.792857170105,10.8635711669922,423889200,9.09790897369385
"2010-11-02",10.9642858505249,11.0782136917114,10.9642858505249,11.0485706329346,433930000,9.25284385681152
"2010-11-03",11.1203565597534,11.1742858886719,11.018928527832,11.1714286804199,508348400,9.35573387145996
"2010-11-04",11.2660713195801,11.4350004196167,11.2510709762573,11.3667860031128,642488000,9.51933765411377
"2010-11-05",11.356785774231,11.4132137298584,11.3125,11.3260707855225,361253200,9.48523998260498
"2010-11-08",11.3285713195801,11.4203567504883,11.3128566741943,11.3792858123779,281758400,9.52980422973633
"2010-11-09",11.4660711288452,11.4750003814697,11.2321434020996,11.288571357727,383544000,9.45383358001709
"2010-11-10",11.3085708618164,11.3846426010132,11.1982135772705,11.3582143783569,384227200,9.51215934753418
"2010-11-11",11.25,11.3714294433594,11.2232141494751,11.3089294433594,361284000,9.47088718414307
"2010-11-12",11.2857141494751,11.3035707473755,10.8439292907715,11.0010709762573,795846800,9.213059425354
"2010-11-15",11.0164289474487,11.0907144546509,10.938214302063,10.9657144546509,403606000,9.18345546722412
"2010-11-16",10.918571472168,10.9857139587402,10.6899995803833,10.771071434021,657650000,9.02044486999512
"2010-11-17",10.7571430206299,10.856785774231,10.6342859268188,10.7321434020996,479449600,8.98784446716309
"2010-11-18",10.8999996185303,11.059642791748,10.8817863464355,11.0153570175171,494491200,9.2250280380249
"2010-11-19",10.9989290237427,11.0142860412598,10.9014291763306,10.9546432495117,384843200,9.1741771697998
"2010-11-22",10.9528570175171,11.1914291381836,10.9239292144775,11.1914291381836,393075200,9.37247848510742
"2010-11-23",11.0874996185303,11.1339292526245,10.9485712051392,11.0260705947876,519447600,9.23399925231934
"2010-11-24",11.1428565979004,11.2642860412598,11.1339292526245,11.2428569793701,413725200,9.41555213928223
"2010-11-26",11.2049999237061,11.3464288711548,11.1764287948608,11.25,237585600,9.42153358459473
"2010-11-29",11.2678565979004,11.3385705947876,11.1207141876221,11.3167858123779,445785200,9.47746467590332
"2010-11-30",11.1978569030762,11.2271432876587,11.102499961853,11.1125001907349,501858000,9.30638599395752
"2010-12-01",11.2596426010132,11.3482141494751,11.25,11.3000001907349,461750800,9.46340656280518
"2010-12-02",11.3403568267822,11.3928565979004,11.2460708618164,11.3625001907349,462837200,9.51574611663818
"2010-12-03",11.3217859268188,11.3803567886353,11.2978572845459,11.3371429443359,342092800,9.49451541900635
"2010-12-06",11.3800001144409,11.5117864608765,11.372142791748,11.4339294433594,448481600,9.57556819915771
"2010-12-07",11.5642862319946,11.5710706710815,11.3614292144775,11.3646430969238,391454000,9.51754760742188
"2010-12-08",11.4153566360474,11.4650001525879,11.3253574371338,11.4646425247192,321935600,9.60129261016846
"2010-12-09",11.5046434402466,11.5178565979004,11.3935708999634,11.4200000762939,294151200,9.56390380859375
"2010-12-10",11.4160709381104,11.4660711288452,11.3785705566406,11.4485712051392,262511200,9.58783149719238
"2010-12-13",11.5846433639526,11.6092863082886,11.4642858505249,11.4882135391235,439815600,9.62103080749512
"2010-12-14",11.4903573989868,11.5192861557007,11.3928565979004,11.438928604126,351008000,9.57975196838379
"2010-12-15",11.4285707473755,11.5357141494751,11.3996429443359,11.4414291381836,417312000,9.58184623718262
"2010-12-16",11.4674997329712,11.521785736084,11.4321432113647,11.4732141494751,322030800,9.6084680557251
"2010-12-17",11.4867858886719,11.4925003051758,11.436785697937,11.4503574371338,386929200,9.58932781219482
"2010-12-20",11.4857139587402,11.5446434020996,11.3653573989868,11.5074996948242,385610400,9.63718414306641
"2010-12-21",11.5357141494751,11.5853567123413,11.5017862319946,11.5785713195801,256354000,9.69670295715332
"2010-12-22",11.584285736084,11.6328573226929,11.5553569793701,11.6128568649292,265921600,9.72541427612305
"2010-12-23",11.6071434020996,11.6125001907349,11.5417861938477,11.5571432113647,223157200,9.6787576675415
"2010-12-27",11.5303573608398,11.622857093811,11.4828567504883,11.5957136154175,249816000,9.71105766296387
"2010-12-28",11.6396427154541,11.666428565979,11.6092863082886,11.6239290237427,175924000,9.7346887588501
"2010-12-29",11.6507139205933,11.6589288711548,11.6107139587402,11.6175003051758,163139200,9.72930717468262
"2010-12-30",11.624285697937,11.6253566741943,11.5375003814697,11.5592861175537,157494400,9.68054962158203
"2010-12-31",11.5339288711548,11.5528573989868,11.4753570556641,11.5200004577637,193508000,9.64765071868896
"2011-01-03",11.6300001144409,11.7950000762939,11.6014289855957,11.770357131958,445138400,9.85731792449951
"2011-01-04",11.872857093811,11.875,11.7196426391602,11.8317861557007,309080800,9.90876388549805
"2011-01-05",11.769642829895,11.9407138824463,11.7678565979004,11.9285707473755,255519600,9.98981666564941
"2011-01-06",11.9542856216431,11.9732141494751,11.8892860412598,11.9189291000366,300428800,9.98173904418945
"2011-01-07",11.9282140731812,12.0124998092651,11.8535709381104,12.0042858123779,311931200,10.05322265625
"2011-01-10",12.101071357727,12.2582139968872,12.0417861938477,12.230357170105,448560000,10.2425508499146
"2011-01-11",12.3171434402466,12.3199996948242,12.1239290237427,12.2014293670654,444108000,10.2183313369751
"2011-01-12",12.2589292526245,12.3010711669922,12.2142858505249,12.3007135391235,302590400,10.3014755249023
"2011-01-13",12.3271427154541,12.3800001144409,12.2803573608398,12.3457136154175,296780400,10.3391590118408
"2011-01-14",12.353214263916,12.4457139968872,12.3014287948608,12.4457139968872,308840000,10.4229049682617
"2011-01-18",11.7685708999634,12.3128566741943,11.6428565979004,12.1660709381104,1880998000,10.1887149810791
"2011-01-19",12.4410705566406,12.4499998092651,12.0314292907715,12.1014289855957,1135612800,10.1345834732056
"2011-01-20",12.0153570175171,12.082142829895,11.789999961853,11.8814287185669,764789200,9.95033740997314
"2011-01-21",11.9203567504883,11.960000038147,11.6653566360474,11.668571472168,754401200,9.77207565307617
"2011-01-24",11.6739292144775,12.0517864227295,11.668571472168,12.0517864227295,574683200,10.0930070877075
"2011-01-25",12.0117864608765,12.1942863464355,11.9489288330078,12.1928567886353,546868000,10.2111482620239
"2011-01-26",12.248571395874,12.3428573608398,12.1964292526245,12.2803573608398,506875600,10.2844247817993
"2011-01-27",12.2778568267822,12.310357093811,12.2439289093018,12.2574996948242,285026000,10.265284538269
"2011-01-28",12.2917861938477,12.3000001907349,11.9117860794067,12.0035705566406,592057200,10.0526266098022
"2011-01-31",11.9928569793701,12.1442861557007,11.9392862319946,12.1185712814331,377246800,10.1489353179932
"2011-02-01",12.1892862319946,12.3446426391602,12.1778573989868,12.3225002288818,426633200,10.3197231292725
"2011-02-02",12.3017864227295,12.3303565979004,12.269642829895,12.2971429824829,258955200,10.2984828948975
"2011-02-03",12.2785711288452,12.294285774231,12.0910711288452,12.2657136917114,393797600,10.272159576416
"2011-02-04",12.2728567123413,12.3821430206299,12.268214225769,12.375,321840400,10.3636837005615
"2011-02-07",12.4246425628662,12.6160707473755,12.415714263916,12.5671434402466,485021600,10.524600982666
"2011-02-08",12.6314287185669,12.6971426010132,12.5767860412598,12.6857137680054,381040800,10.6239004135132
"2011-02-09",12.685357093811,12.8214292526245,12.6739292144775,12.791428565979,482745200,10.7124319076538
"2011-02-10",12.7639293670654,12.8571434020996,12.4285707473755,12.6621427536011,928550000,10.6041622161865
"2011-02-11",12.6696434020996,12.7785711288452,12.626428604126,12.7446432113647,367572800,10.6732540130615
"2011-02-14",12.7425003051758,12.8385705947876,12.7396430969238,12.8278570175171,310416400,10.7429389953613
"2011-02-15",12.8282136917114,12.856071472168,12.769642829895,12.8535709381104,284174800,10.7644758224487
"2011-02-16",12.8857135772705,13.0321426391602,12.875,12.9689292907715,481157600,10.8610830307007
"2011-02-17",12.7589292526245,12.8667860031128,12.7328567504883,12.7964286804199,530583200,10.7166185379028
"2011-02-18",12.811071395874,12.8392858505249,12.4828567504883,12.5200004577637,816057200,10.4851226806641
"2011-02-22",12.2196426391602,12.33571434021,12.0614290237427,12.0932140350342,872555600,10.1276988983154
"2011-02-23",12.0989294052124,12.3085708618164,12.0932140350342,12.2364292144775,671854400,10.2476367950439
"2011-02-24",12.2864294052124,12.3267860412598,12.0846433639526,12.2457141876221,499900800,10.2554159164429
"2011-02-25",12.330714225769,12.4439287185669,12.3142862319946,12.4342861175537,380018800,10.4133377075195
"2011-02-28",12.544285774231,12.6803569793701,12.539999961853,12.6146430969238,403074000,10.5643815994263
"2011-03-01",12.6953573226929,12.7042856216431,12.417142868042,12.4753570556641,456136800,10.4477310180664
"2011-03-02",12.498571395874,12.6553573608398,12.4428567886353,12.5757141113281,602590800,10.5317792892456
"2011-03-03",12.7567863464355,12.8496427536011,12.711428642273,12.8414287567139,500788400,10.7543077468872
"2011-03-04",12.8596429824829,12.8675003051758,12.7767858505249,12.8571434020996,453266800,10.7674655914307
"2011-03-07",12.9071426391602,12.9167861938477,12.5467863082886,12.6914291381836,546123200,10.6286849975586
"2011-03-08",12.6753568649292,12.7642860412598,12.5803565979004,12.705714225769,356316800,10.6406497955322
"2011-03-09",12.6674995422363,12.6700000762939,12.5214290618896,12.5882139205933,453306000,10.5422458648682
"2011-03-10",12.4685707092285,12.4917860031128,12.3178567886353,12.3810710906982,507539200,10.3687725067139
"2011-03-11",12.3332138061523,12.582857131958,12.3214292526245,12.5710706710815,471080400,10.5278882980347
"2011-03-14",12.6135711669922,12.7314291000366,12.5467863082886,12.627142906189,435957200,10.5748500823975
"2011-03-15",12.2178573608398,12.4228572845459,12.1464290618896,12.3367862701416,721081200,10.3316850662231
"2011-03-16",12.2142858505249,12.25,11.6521425247192,11.7860708236694,1162011200,9.87047576904297
"2011-03-17",12.0296430587769,12.1289291381836,11.8092861175537,11.9514293670654,659422400,10.0089626312256
"2011-03-18",12.0403566360474,12.0785713195801,11.7857141494751,11.809642791748,753214000,9.89021873474121
"2011-03-21",11.9996433258057,12.1335706710815,11.9735708236694,12.1178569793701,409402000,10.1483345031738
"2011-03-22",12.2342863082886,12.2364292144775,12.1121425628662,12.1857137680054,325922800,10.2051668167114
"2011-03-23",12.1171426773071,12.1507139205933,11.9982137680054,12.1139287948608,372996400,10.1450471878052
"2011-03-24",12.2089290618896,12.3571434020996,12.1021432876587,12.3203573226929,404712000,10.3179264068604
"2011-03-25",12.4310712814331,12.5735712051392,12.3935708999634,12.5550003051758,448910000,10.5144309997559
"2011-03-28",12.6125001907349,12.6542863845825,12.5157136917114,12.5157136917114,309355200,10.4815292358398
"2011-03-29",12.416428565979,12.5342855453491,12.3592863082886,12.5342855453491,352900800,10.4970855712891
"2011-03-30",12.5228567123413,12.5314292907715,12.4085712432861,12.4510707855225,329406000,10.4273948669434
"2011-03-31",12.3699998855591,12.4928569793701,12.3592863082886,12.4467859268188,274019200,10.423807144165
"2011-04-01",12.5396432876587,12.5567855834961,12.2607135772705,12.3057136535645,418661600,10.3056640625
"2011-04-04",12.2967863082886,12.3071432113647,12.08571434021,12.185357093811,460084800,10.2048664093018
"2011-04-05",12.0353574752808,12.2232141494751,12,12.103214263916,482731200,10.1360731124878
"2011-04-06",12.1864290237427,12.2821426391602,12.040714263916,12.0728569030762,402539200,10.110650062561
"2011-04-07",12.0749998092651,12.1582136154175,12.0010709762573,12.0742864608765,373447200,10.1118469238281
"2011-04-08",12.1400003433228,12.14821434021,11.9267864227295,11.9664287567139,377535200,10.0215187072754
"2011-04-11",11.9307136535645,11.9882135391235,11.7864294052124,11.8142862319946,398946800,9.8941068649292
"2011-04-12",11.8032140731812,11.9189291000366,11.792857170105,11.8714294433594,425639200,9.94196319580078
"2011-04-13",11.9650001525879,12.0050001144409,11.875714302063,12.0046434402466,346220000,10.0535259246826
"2011-04-14",11.957142829895,12,11.8592863082886,11.872142791748,301800800,9.94256019592285
"2011-04-15",11.9035711288452,11.915714263916,11.6714286804199,11.6949996948242,453605600,9.79420852661133
"2011-04-18",11.6464290618896,11.8653573989868,11.4342861175537,11.85178565979,609898800,9.92551231384277
"2011-04-19",11.8964290618896,12.0707139968872,11.8467855453491,12.0664291381836,419378400,10.1052665710449
"2011-04-20",12.268214225769,12.3482141494751,12.1964292526245,12.228928565979,700666400,10.2413578033447
"2011-04-21",12.6785707473755,12.6832141876221,12.4471426010132,12.5249996185303,753810400,10.4893064498901
"2011-04-25",12.5121431350708,12.6339292526245,12.5107135772705,12.6075000762939,266546000,10.5583972930908
"2011-04-26",12.6292858123779,12.6782140731812,12.47678565979,12.5150003433228,338800000,10.4809341430664
"2011-04-27",12.5799999237061,12.5839290618896,12.3964290618896,12.5053567886353,356213200,10.4728584289551
"2011-04-28",12.3639287948608,12.4910707473755,12.3400001525879,12.3839292526245,360959200,10.3711652755737
"2011-04-29",12.3850002288818,12.6410713195801,12.3810710906982,12.5046434402466,1006345200,10.4722633361816
"2011-05-02",12.4907140731812,12.5167856216431,12.3392858505249,12.3671426773071,442713600,10.3571090698242
"2011-05-03",12.4282140731812,12.4960708618164,12.3435707092285,12.4357137680054,313348000,10.414532661438
"2011-05-04",12.4378566741943,12.565357208252,12.3885707855225,12.4846429824829,389250400,10.4555101394653
"2011-05-05",12.4428567886353,12.5339288711548,12.3589286804199,12.3839292526245,335969200,10.3711652755737
"2011-05-06",12.4889287948608,12.5,12.3646430969238,12.3807144165039,280134400,10.3684711456299
"2011-05-09",12.4235706329346,12.4714288711548,12.3760709762573,12.41428565979,204747200,10.3965883255005
"2011-05-10",12.4603567123413,12.4889287948608,12.3807144165039,12.480357170105,282091600,10.4519166946411
"2011-05-11",12.4650001525879,12.5,12.3299999237061,12.4010705947876,3.36e+08,10.3855209350586
"2011-05-12",12.3614292144775,12.3971433639526,12.2239294052124,12.3774995803833,3.22e+08,10.365779876709
"2011-05-13",12.3450002670288,12.3660707473755,12.1553573608398,12.1607141494751,326116000,10.1842231750488
"2011-05-16",12.1142864227295,12.1864290237427,11.8785705566406,11.9035711288452,449775200,9.96888256072998
"2011-05-17",11.8571434020996,12.0050001144409,11.811785697937,12.0050001144409,452334400,10.0538215637207
"2011-05-18",12.0167856216431,12.1803569793701,12,12.1382141113281,334776400,10.1653823852539
"2011-05-19",12.2171430587769,12.228928565979,12.0953569412231,12.1617860794067,261170000,10.1851301193237
"2011-05-20",12.127142906189,12.1767864227295,11.9650001525879,11.9721431732178,337968400,10.0263061523438
"2011-05-23",11.7846431732178,11.999285697937,11.7650003433228,11.9428567886353,383600000,10.0017795562744
"2011-05-24",11.9821434020996,11.9964294433594,11.833571434021,11.8639287948608,321927200,9.93567752838135
"2011-05-25",11.9082136154175,12.0914287567139,11.8874998092651,12.0278568267822,294224000,10.0729637145996
"2011-05-26",11.9989290237427,12.0317859649658,11.9439287185669,11.9642858505249,222560800,10.0197257995605
"2011-05-27",11.957142829895,12.0582141876221,11.939642906189,12.0503568649292,203599200,10.0918083190918
"2011-05-31",12.1821432113647,12.4224996566772,12.1785707473755,12.4224996566772,417754400,10.4034690856934
"2011-06-01",12.4596433639526,12.5760707855225,12.3089294433594,12.3396425247192,554682800,10.3340740203857
"2011-06-02",12.375,12.4278573989868,12.2964286804199,12.3607139587402,338783200,10.3517265319824
"2011-06-03",12.2564287185669,12.3332138061523,12.2146425247192,12.2657136917114,313250000,10.272159576416
"2011-06-06",12.3464288711548,12.394642829895,12.064642906189,12.0728569030762,461941200,10.110650062561
"2011-06-07",12.0775003433228,12.0792856216431,11.8535709381104,11.8585710525513,529785200,9.93119239807129
"2011-06-08",11.8492860794067,11.957142829895,11.8089294433594,11.8657140731812,333723600,9.93717575073242
"2011-06-09",11.9017858505249,11.9167861938477,11.8125,11.8389291763306,275088800,9.91474628448486
"2011-06-10",11.8053569793701,11.8450002670288,11.6253566741943,11.6392860412598,433955200,9.74754905700684
"2011-06-13",11.6857137680054,11.7253570556641,11.6096429824829,11.66428565979,329473200,9.76848602294922
"2011-06-14",11.7857141494751,11.9017858505249,11.7610712051392,11.872857093811,334569200,9.94315719604492
"2011-06-15",11.7767858505249,11.7964286804199,11.6028566360474,11.6696434020996,399196000,9.77297115325928
"2011-06-16",11.6750001907349,11.7385711669922,11.3689289093018,11.6128568649292,510591200,9.72541427612305
"2011-06-17",11.7496433258057,11.7589292526245,11.4057140350342,11.4378566741943,615020000,9.57886028289795
"2011-06-20",11.334285736084,11.3464288711548,11.0892858505249,11.2614288330078,640645600,9.43110656738281
"2011-06-21",11.3100004196167,11.6357135772705,11.2571430206299,11.6178569793701,493382400,9.72960376739502
"2011-06-22",11.6128568649292,11.7464294433594,11.5135707855225,11.521785736084,390583200,9.64914226531982
"2011-06-23",11.3907136917114,11.8460712432861,11.3614292144775,11.8296432495117,559759200,9.90696716308594
"2011-06-24",11.8346433639526,11.89821434021,11.6103572845459,11.6553573608398,439807200,9.76100730895996
"2011-06-27",11.6996431350708,11.9250001907349,11.6875,11.8585710525513,339813600,9.93119239807129
"2011-06-28",11.9160709381104,12.0249996185303,11.9085712432861,11.9735708236694,294299600,10.0275039672852
"2011-06-29",12.001428604126,12.0132141113281,11.8528566360474,11.9300003051758,352545200,9.99101257324219
"2011-06-30",11.9535713195801,12.0046434402466,11.8871431350708,11.9882135391235,322954800,10.0397672653198
"2011-07-01",11.9982137680054,12.2678565979004,11.9357137680054,12.2592859268188,435313200,10.2667770385742
"2011-07-05",12.25,12.4939289093018,12.2321434020996,12.479642868042,355054000,10.451319694519
"2011-07-06",12.4624996185303,12.6464290618896,12.3824996948242,12.5628566741943,444626000,10.5210132598877
"2011-07-07",12.6667861938477,12.7857141494751,12.6428565979004,12.7571430206299,399663600,10.6837167739868
"2011-07-08",12.6192855834961,12.8571434020996,12.5785713195801,12.8467855453491,489633200,10.7587957382202
"2011-07-11",12.7264289855957,12.8489294052124,12.6007137298584,12.6428565979004,442674400,10.5880060195923
"2011-07-12",12.6260709762573,12.7742862701416,12.4507141113281,12.6339292526245,451609200,10.5805330276489
"2011-07-13",12.7974996566772,12.8571434020996,12.7278566360474,12.7864294052124,391638800,10.7082471847534
"2011-07-14",12.893214225769,12.9146432876587,12.7264289855957,12.7775001525879,430533600,10.7007694244385
"2011-07-15",12.898928642273,13.0357141494751,12.8275003433228,13.0328569412231,484467200,10.9146203994751
"2011-07-18",13.0510711669922,13.3803567886353,13.0457143783569,13.3500003814697,572653200,11.1802206039429
"2011-07-19",13.5,13.52321434021,13.332857131958,13.4589290618896,819145600,11.271445274353
"2011-07-20",14.1471433639526,14.1525001525879,13.7857141494751,13.8178567886353,941340400,11.5720348358154
"2011-07-21",13.8196430206299,13.9307136535645,13.71071434021,13.8317861557007,526534400,11.5836992263794
"2011-07-22",13.8685712814331,14.1089286804199,13.8482141494751,14.0464286804199,516728800,11.7634563446045
"2011-07-25",13.9410705566406,14.2857141494751,13.914999961853,14.2321434020996,589806000,11.9189910888672
"2011-07-26",14.2857141494751,14.4464292526245,14.2742862701416,14.4075002670288,476582400,12.065842628479
"2011-07-27",14.3067855834961,14.3800001144409,14.0053567886353,14.021071434021,659324400,11.7422227859497
"2011-07-28",13.9864292144775,14.1782140731812,13.8617858886719,13.9935712814331,594034000,11.7191905975342
"2011-07-29",13.8442859649658,14.1125001907349,13.7142858505249,13.9457139968872,632584400,11.6791124343872
"2011-08-01",14.206428527832,14.2678565979004,14.0132141113281,14.1696434020996,612836000,11.8666467666626
"2011-08-02",14.2017860412598,14.21071434021,13.8696432113647,13.8896427154541,639539600,11.6321582794189
"2011-08-03",13.9635705947876,14.0553569793701,13.6514291763306,14.020357131958,732508000,11.7416210174561
"2011-08-04",13.9075002670288,13.9757137298584,13.47678565979,13.477499961853,871407600,11.2870016098022
"2011-08-05",13.5871429443359,13.6964292526245,12.9489288330078,13.3435707092285,1204590800,11.1748352050781
"2011-08-08",12.9174995422363,13.1346426010132,12.6078567504883,12.6146430969238,1143833600,10.5643815994263
"2011-08-09",12.9035711288452,13.3789291381836,12.6785707473755,13.3575000762939,1082583600,11.1864995956421
"2011-08-10",13.2553567886353,13.3803567886353,12.9464292526245,12.9889287948608,878656800,10.8778352737427
"2011-08-11",13.2328567504883,13.4089288711548,13.0257139205933,13.3464288711548,741969200,11.177227973938
"2011-08-12",13.5024995803833,13.5585708618164,13.3653573989868,13.4639291763306,528976000,11.2756328582764
"2011-08-15",13.5582141876221,13.7489290237427,13.5032138824463,13.6932144165039,460544000,11.4676513671875
"2011-08-16",13.625714302063,13.6917858123779,13.4307136535645,13.5885705947876,498750000,11.3800191879272
"2011-08-17",13.6539287567139,13.7328567504883,13.5,13.5871429443359,442061200,11.3788213729858
"2011-08-18",13.2442855834961,13.3089294433594,12.9060707092285,13.0732135772705,851435200,10.9484205245972
"2011-08-19",12.934642791748,13.1071434020996,12.7142858505249,12.7153568267822,775888400,10.6487216949463
"2011-08-22",13.018214225769,13.0314292907715,12.6817855834961,12.7299995422363,535315200,10.6609888076782
"2011-08-23",12.8678569793701,13.3442859649658,12.75,13.3428573608398,656835200,11.174241065979
"2011-08-24",13.3382139205933,13.5342855453491,13.2357139587402,13.4350004196167,626267600,11.251407623291
"2011-08-25",13.038571357727,13.4089288711548,13.0357141494751,13.3471431732178,871346000,11.177827835083
"2011-08-26",13.2560710906982,13.707142829895,13.2428569793701,13.6992864608765,641477200,11.4727382659912
"2011-08-29",13.8635711669922,13.9821434020996,13.8571434020996,13.9274997711182,405269200,11.6638603210449
"2011-08-30",13.8660707473755,13.9942855834961,13.7932138442993,13.9282140731812,417922400,11.6644582748413
"2011-08-31",13.9489288330078,14.002857208252,13.6378574371338,13.7439289093018,522586400,11.5101270675659
"2011-09-01",13.7792863845825,13.833571434021,13.5971431732178,13.6082143783569,343725200,11.3964672088623
"2011-09-02",13.3835706710815,13.5,13.2796430587769,13.3589286804199,438939200,11.1876964569092
"2011-09-06",13.1203565597534,13.5832138061523,13.0885705947876,13.5621433258057,509698000,11.3578844070435
"2011-09-07",13.7700004577637,13.7714290618896,13.6428565979004,13.7117862701416,350576800,11.4832010269165
"2011-09-08",13.6571426391602,13.8789291381836,13.6539287567139,13.7192859649658,416158400,11.4894847869873
"2011-09-09",13.7117862701416,13.7857141494751,13.3935708999634,13.4814291000366,564813200,11.2902870178223
"2011-09-12",13.3214292526245,13.6028566360474,13.2821426391602,13.5692863464355,467832400,11.363865852356
"2011-09-13",13.6478567123413,13.7932138442993,13.5803565979004,13.7364292144775,440560400,11.5038433074951
"2011-09-14",13.8221426010132,14.0074996948242,13.7771425247192,13.9035711288452,534724400,11.6438188552856
"2011-09-15",13.979642868042,14.0592861175537,13.9250001907349,14.0342855453491,417818800,11.7532911300659
"2011-09-16",14.126428604126,14.3035707473755,14.1082143783569,14.3035707473755,698513200,11.9788112640381
"2011-09-19",14.1785707473755,14.7582139968872,14.1142864227295,14.7010707855225,823860800,12.3117008209229
"2011-09-20",14.8303565979004,15.1021432876587,14.685357093811,14.7660713195801,775754000,12.3661336898804
"2011-09-21",14.9871425628662,15.0567855834961,14.7142858505249,14.7192859649658,605976000,12.3269557952881
"2011-09-22",14.3225002288818,14.6364288330078,14.167857170105,14.3507137298584,968480800,12.0182847976685
"2011-09-23",14.2957143783569,14.5264291763306,14.2803573608398,14.4392862319946,546277200,12.0924596786499
"2011-09-26",14.2807140350342,14.4278573989868,13.9750003814697,14.398928642273,812876400,12.058666229248
"2011-09-27",14.5974998474121,14.6160707473755,14.2164287567139,14.2592859268188,632497600,11.9417209625244
"2011-09-28",14.2924995422363,14.419285774231,14.1610708236694,14.1789293289185,429637600,11.8744201660156
"2011-09-29",14.3542861938477,14.3646430969238,13.7932138442993,13.9489288330078,651086800,11.6818027496338
"2011-09-30",13.8257141113281,13.8889293670654,13.6135711669922,13.6185712814331,547640800,11.40514087677
"2011-10-03",13.5846433639526,13.665714263916,13.3275003433228,13.3785705566406,669099200,11.2041482925415
"2011-10-04",13.3774995803833,13.6357135772705,12.6514291763306,13.3035707473755,1233677200,11.1413354873657
"2011-10-05",13.1378574371338,13.5649995803833,12.8678569793701,13.5089292526245,786469600,11.3133182525635
"2011-10-06",13.3332138061523,13.7421426773071,13.2785711288452,13.477499961853,812582400,11.2870016098022
"2011-10-07",13.4207143783569,13.4907140731812,13.1603574752808,13.207142829895,535458000,11.0605792999268
"2011-10-10",13.5389289855957,13.8860712051392,13.5074996948242,13.8860712051392,442514800,11.6291646957397
"2011-10-11",14.020357131958,14.3992862701416,13.9821434020996,14.2960710525513,605687600,11.9725217819214
"2011-10-12",14.5478572845459,14.6160707473755,14.290714263916,14.3639287948608,622286000,12.0293569564819
"2011-10-13",14.4635705947876,14.5867862701416,14.3874998092651,14.5867862701416,426185200,12.2159910202026
"2011-10-14",14.8867864608765,15.0714292526245,14.8310708999634,15.0714292526245,573367200,12.6218690872192
"2011-10-17",15.0621433258057,15.2392864227295,14.8549995422363,14.9996433258057,686044800,12.5617456436157
"2011-10-18",15.0628566741943,15.1717863082886,14.856785774231,15.0799999237061,881602400,12.6290426254272
"2011-10-19",14.3339290618896,14.586428642273,14.207142829895,14.2364292144775,1104059600,11.9225807189941
"2011-10-20",14.2857141494751,14.2982139587402,14.0789289474487,14.1182136535645,549270400,11.8235788345337
"2011-10-21",14.2178573608398,14.2550001144409,13.9553565979004,14.0310707092285,621244400,11.7505931854248
"2011-10-24",14.1492862701416,14.5178565979004,14.1214294433594,14.4917860031128,502138000,12.1364316940308
"2011-10-25",14.4653568267822,14.519642829895,14.1921434402466,14.2060708999634,430427200,11.8971529006958
"2011-10-26",14.3485708236694,14.3767862319946,14.0410709381104,14.3071432113647,456304800,11.9817943572998
"2011-10-27",14.5557136535645,14.6071434020996,14.353214263916,14.4532136917114,494664800,12.1041297912598
"2011-10-28",14.3928565979004,14.5124998092651,14.3753566741943,14.4624996185303,322842800,12.1119022369385
"2011-10-31",14.372142791748,14.6189289093018,14.3232135772705,14.456428527832,385501200,12.106819152832
"2011-11-01",14.1932144165039,14.2678565979004,14.043571472168,14.1610708236694,531790000,11.8594646453857
"2011-11-02",14.2889289855957,14.3014287948608,14.1110706329346,14.1932144165039,327350800,11.8863887786865
"2011-11-03",14.2524995803833,14.4071426391602,14.1199998855591,14.395357131958,441386400,12.0556735992432
"2011-11-04",14.3582143783569,14.4085712432861,14.2557144165039,14.294285774231,302229200,11.9710330963135
"2011-11-07",14.2825002670288,14.2857141494751,14.147500038147,14.2760705947876,270275600,11.9557733535767
"2011-11-08",14.3646430969238,14.5714292526245,14.3414287567139,14.5082139968872,400442000,12.1501893997192
"2011-11-09",14.1774997711182,14.3175001144409,14.0796432495117,14.1171426773071,558684000,11.8226776123047
"2011-11-10",14.1796426773071,14.186071395874,13.64821434021,13.7578573226929,744752400,11.5217905044556
"2011-11-11",13.8074998855591,13.8821430206299,13.580714225769,13.7364292144775,653786000,11.5038433074951
"2011-11-14",13.6971426010132,13.7589292526245,13.5071430206299,13.5450000762939,432905200,11.3435277938843
"2011-11-15",13.6000003814697,13.9107141494751,13.5517864227295,13.8867864608765,430810800,11.6297626495361
"2011-11-16",13.9017858505249,13.9692859649658,13.7257137298584,13.7417860031128,349210400,11.5083274841309
"2011-11-17",13.7135705947876,13.7349996566772,13.4107141494751,13.478928565979,479900400,11.2881927490234
"2011-11-18",13.5328569412231,13.5710706710815,13.3885707855225,13.3907136917114,371938000,11.2143182754517
"2011-11-21",13.2285709381104,13.2742862701416,13.0682144165039,13.1789293289185,447980400,11.0369529724121
"2011-11-22",13.250714302063,13.4975004196167,13.247857093811,13.4467859268188,409021200,11.2612743377686
"2011-11-23",13.3753566741943,13.4228572845459,13.1028566360474,13.106785774231,428271200,10.9765338897705
"2011-11-25",13.1578569412231,13.2553567886353,12.9757137298584,12.9846429824829,254760800,10.8742437362671
"2011-11-28",13.2982139587402,13.4542856216431,13.226071357727,13.4328565597534,346413200,11.2496118545532
"2011-11-29",13.4228572845459,13.5296430587769,13.2214288711548,13.3285713195801,375855200,11.1622724533081
"2011-11-30",13.6175003051758,13.6528568267822,13.5107135772705,13.6499996185303,405938400,11.4314641952515
"2011-12-01",13.6621427536011,13.8928565979004,13.5982141494751,13.854642868042,387181200,11.6028413772583
"2011-12-02",13.9224996566772,14.0582141876221,13.877857208252,13.917857170105,379055600,11.655782699585
"2011-12-05",14.0532140731812,14.1575002670288,13.9425001144409,14.0360708236694,357210000,11.7547836303711
"2011-12-06",14.018214225769,14.0939292907715,13.9064292907715,13.9624996185303,283598000,11.6931686401367
"2011-12-07",13.9260711669922,13.9621429443359,13.8128566741943,13.896071434021,304746400,11.6375398635864
"2011-12-08",13.980357170105,14.125,13.936785697937,13.9521427154541,376356400,11.684497833252
"2011-12-09",14.0303573608398,14.0728569030762,13.9653568267822,14.0578565597534,296993200,11.7730255126953
"2011-12-12",13.9885711669922,14.0678567886353,13.9089288711548,13.9942855834961,301067200,11.7197904586792
"2011-12-13",14.0357141494751,14.1214294433594,13.8249998092651,13.8860712051392,338928800,11.6291646957397
"2011-12-14",13.8107137680054,13.835000038147,13.4885711669922,13.5782136917114,406887600,11.3713436126709
"2011-12-15",13.690357208252,13.7049999237061,13.5110712051392,13.5335712432861,256200000,11.3339538574219
"2011-12-16",13.584285736084,13.7196426391602,13.5560712814331,13.6078567504883,421478400,11.3961687088013
"2011-12-19",13.6596431732178,13.7446432113647,13.5885705947876,13.6503572463989,235530400,11.4317617416382
"2011-12-20",13.8485708236694,14.1464290618896,13.830714225769,14.1410713195801,337215200,11.8427228927612
"2011-12-21",14.1674995422363,14.1892862319946,14.0003566741943,14.1589288711548,262948000,11.8576717376709
"2011-12-22",14.1785707473755,14.2546434402466,14.1464290618896,14.2339286804199,202358800,11.9204845428467
"2011-12-23",14.2746429443359,14.4139289855957,14.2674999237061,14.4046430587769,269399200,12.0634527206421
"2011-12-27",14.3964290618896,14.6103572845459,14.3935708999634,14.518928527832,265076000,12.159161567688
"2011-12-28",14.5317859649658,14.5803565979004,14.333571434021,14.3800001144409,228662000,12.0428123474121
"2011-12-29",14.4071426391602,14.4875001907349,14.3039293289185,14.4685707092285,215978000,12.1169881820679
"2011-12-30",14.4110708236694,14.5100002288818,14.4103574752808,14.4642858505249,179662000,12.1134004592896
"2012-01-03",14.6214294433594,14.7321434020996,14.6071434020996,14.686785697937,302220800,12.2997369766235
"2012-01-04",14.6428565979004,14.8100004196167,14.6171426773071,14.7657136917114,260022000,12.3658390045166
"2012-01-05",14.8196430206299,14.9482135772705,14.7382135391235,14.9296426773071,271269600,12.5031223297119
"2012-01-06",14.9917860031128,15.0982141494751,14.9721431732178,15.08571434021,318292800,12.6338262557983
"2012-01-09",15.1964292526245,15.2767858505249,15.0482139587402,15.061785697937,394024400,12.613787651062
"2012-01-10",15.2110710144043,15.2142858505249,15.0535707473755,15.1157140731812,258196400,12.6589479446411
"2012-01-11",15.0957136154175,15.10178565979,14.9753570556641,15.0910711288452,215084800,12.6383142471313
"2012-01-12",15.081428527832,15.1035709381104,14.9553565979004,15.0496425628662,212587200,12.6036186218262
"2012-01-13",14.9892864227295,15.0160713195801,14.9521427154541,14.9932136535645,226021600,12.5563583374023
"2012-01-17",15.1499996185303,15.2139291763306,15.1057138442993,15.167857170105,242897200,12.7026195526123
"2012-01-18",15.248571395874,15.3382139205933,15.2250003814697,15.3253574371338,276791200,12.8345212936401
"2012-01-19",15.3625001907349,15.4060707092285,15.2325000762939,15.2767858505249,261738400,12.7938442230225
"2012-01-20",15.2674999237061,15.2678565979004,14.9910707473755,15.0107135772705,413974400,12.5710144042969
"2012-01-23",15.0953569412231,15.3017864227295,15.082142829895,15.2646427154541,306062400,12.7836742401123
"2012-01-24",15.1821432113647,15.1821432113647,14.9839286804199,15.0146427154541,547638000,12.5743074417114
"2012-01-25",16.2299995422363,16.2303562164307,15.8474998474121,15.9521427154541,958314000,13.3594369888306
"2012-01-26",16.0128574371338,16.0282135009766,15.8264293670654,15.8796434402466,323985200,13.2987203598022
"2012-01-27",15.8692855834961,16.0171432495117,15.8489294052124,15.9742860794067,299709200,13.3779802322388
"2012-01-30",15.9182138442993,16.21071434021,15.9067859649658,16.1789283752441,379341200,13.5493593215942
"2012-01-31",16.2710704803467,16.3657131195068,16.1810703277588,16.3028564453125,391683600,13.6531496047974
"2012-02-01",16.3717861175537,16.3924999237061,16.2696437835693,16.2924995422363,270046000,13.6444730758667
"2012-02-02",16.2821426391602,16.3274993896484,16.2135715484619,16.2542858123779,186796400,13.6124725341797
"2012-02-03",16.3321437835693,16.4285717010498,16.2700004577637,16.417142868042,286599600,13.748854637146
"2012-02-06",16.3707141876221,16.6064281463623,16.3642864227295,16.5703563690186,249412800,13.8771686553955
"2012-02-07",16.6160717010498,16.7767868041992,16.5921421051025,16.7439289093018,316223600,14.0225315093994
"2012-02-08",16.8035717010498,17.0282135009766,16.7749996185303,17.0242862701416,407890000,14.2573194503784
"2012-02-09",17.1700000762939,17.7410717010498,17.1628570556641,17.6132144927979,884214800,14.7505331039429
"2012-02-10",17.5342864990234,17.7721424102783,17.4482135772705,17.622142791748,631302000,14.7580080032349
"2012-02-13",17.8403568267822,17.9939289093018,17.7532138824463,17.9500007629395,517216000,15.0325794219971
"2012-02-14",18.0235710144043,18.1985702514648,17.9285717010498,18.1949996948242,460398400,15.2377634048462
"2012-02-15",18.3664283752441,18.796070098877,17.7460708618164,17.7739295959473,1506120000,14.8851251602173
"2012-02-16",17.5535717010498,18.0317859649658,17.3796424865723,17.936071395874,944552000,15.0209169387817
"2012-02-17",17.9682140350342,18.1346435546875,17.8678569793701,17.9328575134277,535805200,15.0182209014893
"2012-02-21",18.1028575897217,18.3875007629395,18.0042858123779,18.3875007629395,605595200,15.3989677429199
"2012-02-22",18.3242855072021,18.4103565216064,18.1810703277588,18.3228569030762,483302400,15.3448448181152
"2012-02-23",18.3957138061523,18.4939289093018,18.1964282989502,18.4424991607666,568027600,15.4450359344482
"2012-02-24",18.559642791748,18.6749992370605,18.5228576660156,18.6574993133545,415072000,15.6250877380371
"2012-02-27",18.6182136535645,18.875,18.4385719299316,18.7771434783936,547582000,15.7252931594849
"2012-02-28",18.8557147979736,19.1217861175537,18.7803573608398,19.1217861175537,600387200,16.0139198303223
"2012-02-29",19.3414287567139,19.5575008392334,19.1321430206299,19.3728561401367,952011200,16.2241859436035
"2012-03-01",19.5774993896484,19.578929901123,19.2417850494385,19.4453563690186,683270000,16.2849006652832
"2012-03-02",19.4371433258057,19.5285701751709,19.3757133483887,19.4707145690918,431712400,16.3061294555664
"2012-03-05",19.4792861938477,19.5528564453125,18.7857131958008,19.0414295196533,809124400,15.9466228485107
"2012-03-06",18.7021427154541,19.0603561401367,18.4364280700684,18.9378566741943,810238800,15.8598785400391
"2012-03-07",19.1714286804199,19.206428527832,18.6892852783203,18.9532146453857,798520800,15.8727464675903
"2012-03-08",19.0960712432861,19.3924999237061,19.0042858123779,19.3567867279053,516457200,16.2107276916504
"2012-03-09",19.436071395874,19.5621433258057,19.396785736084,19.4703578948975,418919200,16.3058300018311
"2012-03-12",19.6064281463623,19.7142868041992,19.5357131958008,19.7142868041992,407282400,16.5101184844971
"2012-03-13",19.9121437072754,20.292142868042,19.8482131958008,20.28928565979,690855200,16.9916687011719
"2012-03-14",20.6446437835693,21.2399997711182,20.5499992370605,21.0564289093018,1418844000,17.6341190338135
"2012-03-15",21.4146423339844,21.4289283752441,20.6625003814697,20.9128570556641,1159718000,17.5138835906982
"2012-03-16",20.8828563690186,21.0428562164307,20.6428565979004,20.9132137298584,825487600,17.5141830444336
"2012-03-19",21.3703575134277,21.4917850494385,21.0375003814697,21.4678573608398,901236000,17.9786758422852
"2012-03-20",21.4110717773438,21.6749992370605,21.1242866516113,21.641429901123,816662000,18.1240406036377
"2012-03-21",21.5264282226562,21.77321434021,21.4789295196533,21.5178565979004,644042000,18.0205554962158
"2012-03-22",21.3492851257324,21.5892868041992,21.268928527832,21.4050006866455,623870800,17.9260349273682
"2012-03-23",21.4460716247559,21.4928569793701,21.2285709381104,21.2875003814697,430488800,17.8276386260986
"2012-03-26",21.421070098877,21.6839294433594,21.2592868804932,21.6778564453125,595742000,18.1545505523682
"2012-03-27",21.6492862701416,22.0100002288818,21.6450004577637,21.9457149505615,607129600,18.3788661956787
"2012-03-28",22.0849990844727,22.1946430206299,21.7967853546143,22.0578575134277,655460400,18.4727878570557
"2012-03-29",21.8850002288818,22.0200004577637,21.6867866516113,21.7807140350342,608238400,18.2406845092773
"2012-03-30",21.7417850494385,21.8057136535645,21.3549995422363,21.4125003814697,731038000,17.9323120117188
"2012-04-02",21.4939289093018,22.0989284515381,21.4421424865723,22.0939292907715,598351600,18.5029907226562
"2012-04-03",22.4035701751709,22.578929901123,22.2325000762939,22.4757137298584,834559600,18.8227310180664
"2012-04-04",22.2982139587402,22.3521423339844,22.0357131958008,22.2967853546143,572980800,18.6728820800781
"2012-04-05",22.3921432495117,22.6664295196533,22.2642860412598,22.6314296722412,641298000,18.9531383514404
"2012-04-09",22.3617858886719,22.8514289855957,22.3321437835693,22.7224998474121,597536800,19.0294055938721
"2012-04-10",22.854642868042,23,22.3571434020996,22.4442863464355,889725200,18.7964134216309
"2012-04-11",22.7214298248291,22.7453575134277,22.2621421813965,22.3642864227295,696614800,18.7294235229492
"2012-04-12",22.3214282989502,22.5475006103516,22.1607131958008,22.2417850494385,614336800,18.6268157958984
"2012-04-13",22.2896423339844,22.3107147216797,21.5539283752441,21.6153564453125,859644800,18.1022071838379
"2012-04-16",21.7878570556641,21.7957134246826,20.6517868041992,20.7189292907715,1050786800,17.351469039917
"2012-04-17",20.6764297485352,21.7857131958008,20.4253578186035,21.7749996185303,1025528000,18.2359008789062
"2012-04-18",21.918571472168,22.1517868041992,21.5253562927246,21.7264289855957,954531200,18.1952266693115
"2012-04-19",21.4364280700684,21.5974998474121,20.8757133483887,20.9799995422363,834719200,17.5701179504395
"2012-04-20",21.1207141876221,21.2364292144775,20.372142791748,20.4635715484619,1030985200,17.1376190185547
"2012-04-23",20.3789291381836,20.5953578948975,19.8792858123779,20.4178562164307,966529200,17.0993309020996
"2012-04-24",20.0932140350342,20.2746429443359,19.8214282989502,20.0100002288818,1076149200,16.7577686309814
"2012-04-25",21.9871425628662,22.0714282989502,21.6428565979004,21.7857131958008,905777600,18.2448692321777
"2012-04-26",21.9382133483887,21.9532146453857,21.5046424865723,21.7035713195801,536068400,18.176082611084
"2012-04-27",21.6096439361572,21.6492862701416,21.4464282989502,21.5357131958008,406722400,18.0355072021484
"2012-04-30",21.3500003814697,21.3714294433594,20.8214282989502,20.8564281463623,506144800,17.4666328430176
"2012-05-01",20.8892860412598,21.3128566741943,20.7582149505615,20.7903575897217,610999200,17.4112987518311
"2012-05-02",20.7228565216064,20.9785709381104,20.6735706329346,20.9278564453125,427389200,17.5264415740967
"2012-05-03",21.0892868041992,21.1214294433594,20.7250003814697,20.7792854309082,390549600,17.4020233154297
"2012-05-04",20.6100006103516,20.6557140350342,20.184642791748,20.1875,529992400,16.9064159393311
"2012-05-07",20.0535717010498,20.4560718536377,20.0439281463623,20.3385715484619,460118400,17.0329341888428
"2012-05-08",20.3421421051025,20.4107131958008,19.9546432495117,20.292142868042,497252000,16.9940509796143
"2012-05-09",20.1321430206299,20.4992866516113,20.0303573608398,20.3278560638428,480704000,17.0239677429199
"2012-05-10",20.5207138061523,20.5671424865723,20.3014297485352,20.3757133483887,333200000,17.0640430450439
"2012-05-11",20.1785717010498,20.5167865753174,20.1553573608398,20.2396430969238,399546000,16.9500885009766
"2012-05-14",20.0917854309082,20.2682132720947,19.91428565979,19.9364280700684,352626400,16.6961479187012
"2012-05-15",20.0517864227295,20.1149997711182,19.7053565979004,19.7560710906982,476336000,16.5451183319092
"2012-05-16",19.7875003814697,19.8889293670654,19.3228569030762,19.502857208252,560896000,16.3330497741699
"2012-05-17",19.4753570556641,19.5535717010498,18.9328575134277,18.9328575134277,717220000,15.85569190979
"2012-05-18",19.0699996948242,19.4074993133545,18.6492862701416,18.9421424865723,732292400,15.8634757995605
"2012-05-21",19.0892868041992,20.0550003051758,19.0732135772705,20.0457134246826,631106000,16.7876815795898
"2012-05-22",20.3410701751709,20.4957141876221,19.7350006103516,19.8917865753174,694870400,16.6587581634521
"2012-05-23",19.9107131958008,20.4571437835693,19.7582149505615,20.3771438598633,584897600,17.065242767334
"2012-05-24",20.5667858123779,20.5892868041992,20.0439281463623,20.1900005340576,496230000,16.9085121154785
"2012-05-25",20.1639289855957,20.2089290618896,19.9453563690186,20.0817852020264,328507200,16.8178863525391
"2012-05-29",20.3892860412598,20.5,20.1896438598633,20.4382133483887,380508800,17.1163787841797
"2012-05-30",20.3285713195801,20.7139282226562,20.2342853546143,20.684642791748,529429600,17.3227596282959
"2012-05-31",20.7407131195068,20.7678565979004,20.4092864990234,20.6332149505615,491674400,17.2796897888184
"2012-06-01",20.3271427154541,20.4517860412598,20.0185718536377,20.0353565216064,520987600,16.7790012359619
"2012-06-04",20.0535717010498,20.2678565979004,19.5892868041992,20.1532135009766,556995600,16.8776988983154
"2012-06-05",20.0453567504883,20.231071472168,19.940357208252,20.1010704040527,388214400,16.834041595459
"2012-06-06",20.2775001525879,20.4946422576904,20.1964282989502,20.4092864990234,401455600,17.0921535491943
"2012-06-07",20.6175003051758,20.6185703277588,20.375,20.418571472168,379766800,17.0999317169189
"2012-06-08",20.41428565979,20.7350006103516,20.3214282989502,20.7257137298584,347516400,17.35715675354
"2012-06-11",20.9899997711182,21.0178565979004,20.3796424865723,20.3989295959473,591264800,17.0834865570068
"2012-06-12",20.516429901123,20.5935707092285,20.2392864227295,20.5771427154541,435380400,17.2327365875244
"2012-06-13",20.5185718536377,20.6599998474121,20.3707141876221,20.4342861175537,293580000,17.1130981445312
"2012-06-14",20.4014282226562,20.4821434020996,20.2592868804932,20.4117851257324,345573200,17.0942440032959
"2012-06-15",20.3928565979004,20.5221424102783,20.3410701751709,20.5046424865723,335255200,17.1720218658447
"2012-06-18",20.391429901123,20.9960708618164,20.3703575134277,20.9207134246826,440412000,17.5204620361328
"2012-06-19",20.83571434021,21.0714282989502,20.8250007629395,20.9789295196533,361404400,17.5692176818848
"2012-06-20",21.0074996948242,21.0446434020996,20.7428569793701,20.9192867279053,358943200,17.5192718505859
"2012-06-21",20.9085712432861,21.0078563690186,20.6228561401367,20.6310710906982,326351200,17.2779006958008
"2012-06-22",20.6800003051758,20.7924995422363,20.5507144927979,20.78928565979,284471600,17.4103946685791
"2012-06-25",20.6178569793701,20.7071437835693,20.3703575134277,20.3846435546875,304382400,17.0715217590332
"2012-06-26",20.4046421051025,20.5174999237061,20.2617855072021,20.4296436309814,276536400,17.1092071533203
"2012-06-27",20.5357131958008,20.5978565216064,20.4257144927979,20.5178565979004,202997200,17.1830787658691
"2012-06-28",20.4167861938477,20.5,20.2003574371338,20.3232135772705,282836400,17.0200729370117
"2012-06-29",20.6428565979004,20.8571434020996,20.5089282989502,20.8571434020996,421500800,17.4672241210938
"2012-07-02",20.8832149505615,21.1953563690186,20.8428573608398,21.1614284515381,400092000,17.7220554351807
"2012-07-03",21.2457141876221,21.4285717010498,21.2142868041992,21.4074993133545,241712800,17.9281330108643
"2012-07-05",21.4485702514648,21.9407138824463,21.4160709381104,21.7835712432861,484383200,18.2430801391602
"2012-07-06",21.6817855834961,21.7299995422363,21.4850006103516,21.6385707855225,418930400,18.1216487884521
"2012-07-09",21.6178569793701,21.9249992370605,21.5753574371338,21.9246425628662,379405600,18.3612232208252
"2012-07-10",22.0703563690186,22.1382141113281,21.6182136535645,21.7217864990234,511957600,18.191333770752
"2012-07-11",21.6471424102783,21.7021427154541,21.3292865753174,21.5867862701416,469322000,18.0782699584961
"2012-07-12",21.4371433258057,21.5524997711182,21.167142868042,21.3892860412598,428041600,17.9128799438477
"2012-07-13",21.5339298248291,21.6853561401367,21.4285717010498,21.606071472168,311427200,18.0944366455078
"2012-07-16",21.6114292144775,21.8435707092285,21.6078567504883,21.6753578186035,301260400,18.1524524688721
"2012-07-17",21.813928604126,21.8392868041992,21.5410709381104,21.6764297485352,293624800,18.1533489227295
"2012-07-18",21.6639289855957,21.7264289855957,21.5557136535645,21.6521434783936,252700000,18.1330089569092
"2012-07-19",21.831428527832,21.97678565979,21.6428565979004,21.9400005340576,436861600,18.374080657959
"2012-07-20",21.893928527832,21.9442863464355,21.5607147216797,21.5821437835693,397471200,18.0743827819824
"2012-07-23",21.2285709381104,21.6392860412598,20.9896430969238,21.565357208252,487975600,18.0603332519531
"2012-07-24",21.6921424865723,21.7742862701416,21.3753566741943,21.4614295959473,565132400,17.9732971191406
"2012-07-25",20.516429901123,20.7428569793701,20.3571434020996,20.5346431732178,877312800,17.1971378326416
"2012-07-26",20.7057132720947,20.7285709381104,20.3700008392334,20.5314292907715,406632800,17.1944465637207
"2012-07-27",20.5360717773438,20.9225006103516,20.4139289855957,20.8985710144043,403936400,17.501916885376
"2012-07-30",21.1042861938477,21.4085712432861,20.9935703277588,21.2510719299316,379142400,17.797119140625
"2012-07-31",21.5439281463623,21.8464298248291,21.5257148742676,21.8128566741943,462327600,18.2676086425781
"2012-08-01",21.9967861175537,22.0142860412598,21.5357131958008,21.6717853546143,384501600,18.1494617462158
"2012-08-02",21.5300006866455,21.8103561401367,21.4375,21.7067852020264,332158400,18.1787738800049
"2012-08-03",21.9153575897217,22.0707149505615,21.8414287567139,21.9892864227295,344920800,18.4153633117676
"2012-08-06",22.046070098877,22.3167858123779,21.9735717773438,22.2339286804199,302103200,18.6202411651611
"2012-08-07",22.2417850494385,22.3214282989502,22.0728569030762,22.1753578186035,290446800,18.5711936950684
"2012-08-08",22.1210708618164,22.2814292907715,22.03928565979,22.1378574371338,244706000,18.5397815704346
"2012-08-09",22.0660705566406,22.2046432495117,22.0642852783203,22.1689281463623,221642400,18.6455173492432
"2012-08-10",22.0967864990234,22.2057132720947,22.0964298248291,22.2035713195801,194938800,18.6746559143066
"2012-08-13",22.2639293670654,22.5,22.2589282989502,22.5,278832400,18.9239730834961
"2012-08-14",22.5667858123779,22.8075008392334,22.5074996948242,22.5603561401367,340169200,18.9747409820557
"2012-08-15",22.5464286804199,22.6428565979004,22.4196434020996,22.5296421051025,257342400,18.9489040374756
"2012-08-16",22.5432147979736,22.7414283752441,22.5178565979004,22.7264289855957,254534000,19.114408493042
"2012-08-17",22.8571434020996,23.1496429443359,22.8146438598633,23.146785736084,442761200,19.4679546356201
"2012-08-20",23.2146434783936,23.7553577423096,23.21071434021,23.7553577423096,613384800,19.9798069000244
"2012-08-21",23.957857131958,24.1028575897217,23.2260704040527,23.4307136535645,812719600,19.70676612854
"2012-08-22",23.372142791748,23.8928565979004,23.146785736084,23.8882141113281,565322800,20.0915431976318
"2012-08-23",23.7896423339844,23.9249992370605,23.6124992370605,23.6653575897217,420128800,19.9041118621826
"2012-08-24",23.5539283752441,23.9099998474121,23.4125003814697,23.6864280700684,437340400,19.9218349456787
"2012-08-27",24.2853565216064,24.3167858123779,24.0550003051758,24.1314296722412,427008400,20.2961082458496
"2012-08-28",24.1064281463623,24.1464290618896,23.9524993896484,24.1000003814697,267416800,20.2696762084961
"2012-08-29",24.1160717010498,24.2024993896484,24.0214290618896,24.0524997711182,202806800,20.2297172546387
"2012-08-30",23.9514293670654,23.9839286804199,23.6732139587402,23.7096424102783,302699600,19.9413585662842
"2012-08-31",23.8303565979004,23.8785705566406,23.4732131958008,23.7585716247559,338321200,19.9825134277344
"2012-09-04",23.7771434783936,24.1121425628662,23.7321434020996,24.106071472168,367892000,20.2747859954834
"2012-09-05",24.1275005340576,24.1553573608398,23.91428565979,23.9367866516113,336375200,20.1324081420898
"2012-09-06",24.0417861938477,24.2246437072754,23.9571437835693,24.1525001525879,391196400,20.313835144043
"2012-09-07",24.2160701751709,24.3742866516113,24.1346435546875,24.3014297485352,329666400,20.4390888214111
"2012-09-10",24.3017864227295,24.4032135009766,23.6464290618896,23.6692867279053,487998000,19.9074153900146
"2012-09-11",23.7539291381836,23.9321422576904,23.4464282989502,23.5925006866455,503983200,19.842830657959
"2012-09-12",23.8160705566406,23.9249992370605,23.4285717010498,23.921070098877,712233200,20.1191806793213
"2012-09-13",24.1917858123779,24.4821434020996,24.0989284515381,24.3921432495117,598360000,20.5153827667236
"2012-09-14",24.641429901123,24.8921432495117,24.5674991607666,24.6885719299316,600474000,20.7646942138672
"2012-09-17",24.97678565979,24.9928569793701,24.8075008392334,24.9921436309814,398031200,21.0200233459473
"2012-09-18",24.9957141876221,25.0832138061523,24.872142791748,25.0682144165039,373503200,21.0840034484863
"2012-09-19",25.0092868804932,25.1424999237061,24.9846439361572,25.0750007629395,326874800,21.089714050293
"2012-09-20",24.9699993133545,25.0021438598633,24.7721424102783,24.9535713195801,336568400,20.9875812530518
"2012-09-21",25.0860710144043,25.1810703277588,24.9771423339844,25.0032138824463,571589200,21.0293369293213
"2012-09-24",24.5307140350342,24.8257141113281,24.3928565979004,24.671070098877,639766400,20.7499847412109
"2012-09-25",24.5807132720947,24.7421436309814,24.0357131958008,24.0550003051758,518789600,20.2318248748779
"2012-09-26",23.8835716247559,24.0246429443359,23.6142864227295,23.7564296722412,576503200,19.9807109832764
"2012-09-27",23.7246437072754,24.3632144927979,23.5839290618896,24.332857131958,594090000,20.4655227661133
"2012-09-28",24.2410717010498,24.3253574371338,23.8125,23.8250007629395,535110800,20.0383815765381
"2012-10-01",23.9699993133545,24.1696434020996,23.4464282989502,23.5496425628662,543594800,19.8067951202393
"2012-10-02",23.6360702514648,23.7982139587402,23.2374992370605,23.6182136535645,627992400,19.8644580841064
"2012-10-03",23.7450008392334,23.9950008392334,23.6653575897217,23.9803562164307,424281200,20.1690483093262
"2012-10-04",23.9732131958008,24.0803565979004,23.7696437835693,23.8142852783203,370725600,20.0293617248535
"2012-10-05",23.7571430206299,23.7857131958008,23.2600002288818,23.3067855834961,594006000,19.6025314331055
"2012-10-08",23.1028575897217,23.1271438598633,22.7182140350342,22.7917861938477,637994000,19.1693859100342
"2012-10-09",22.8089294433594,22.8746433258057,22.2696437835693,22.7089290618896,838597200,19.0996932983398
"2012-10-10",22.8478565216064,23.0349998474121,22.75,22.8896427154541,510356000,19.2516860961914
"2012-10-11",23.0892868041992,23.1142864227295,22.4321422576904,22.4321422576904,546081200,18.8669013977051
"2012-10-12",22.4842853546143,22.6921424865723,22.3321437835693,22.4896430969238,460014800,18.9152603149414
"2012-10-15",22.5839290618896,22.6832141876221,22.2803573608398,22.6700000762939,432502000,19.0669574737549
"2012-10-16",22.6917858123779,23.2250003814697,22.5357131958008,23.2067852020264,549771600,19.518424987793
"2012-10-17",23.1739292144775,23.313928604126,23,23.021785736084,389037600,19.3628253936768
"2012-10-18",22.8425006866455,22.9307136535645,22.5,22.5942859649658,476624400,19.0032730102539
"2012-10-19",22.5375003814697,22.5632133483887,21.7721424102783,21.7800006866455,744086000,18.3184032440186
"2012-10-22",21.872142791748,22.6921424865723,21.8128566741943,22.643928527832,546730800,19.0450210571289
"2012-10-23",22.5357131958008,22.6392860412598,21.8464298248291,21.9057140350342,707145600,18.4241352081299
"2012-10-24",22.1942863464355,22.3767852783203,21.8085708618164,22.0296421051025,558527200,18.5283641815186
"2012-10-25",22.1428565979004,22.2142868041992,21.6267852783203,21.7692852020264,656325600,18.3093948364258
"2012-10-26",21.7653560638428,21.9285717010498,21.1071434020996,21.5714282989502,1018432800,18.1429824829102
"2012-10-31",21.2457141876221,21.498571395874,20.9892864227295,21.2614288330078,510003200,17.8822498321533
"2012-11-01",21.3649997711182,21.5357131958008,21.2203578948975,21.3050003051758,361298000,17.9189033508301
"2012-11-02",21.2817859649658,21.3196430206299,20.5267868041992,20.6000003814697,599373600,17.3259506225586
"2012-11-05",20.8400001525879,20.9917850494385,20.6285705566406,20.8792858123779,529135600,17.5608425140381
"2012-11-06",21.0796432495117,21.0978565216064,20.7175006866455,20.8160705566406,374917200,17.5076732635498
"2012-11-07",20.4942855834961,20.5192852020264,19.8482131958008,19.9285717010498,793648800,16.8377895355225
"2012-11-08",20.0224990844727,20.0796432495117,19.1175003051758,19.2053565979004,1056146000,16.2267360687256
"2012-11-09",19.3007144927979,19.8171424865723,19.0614280700684,19.5378570556641,929913600,16.5076694488525
"2012-11-12",19.7910709381104,19.8035717010498,19.2374992370605,19.3867855072021,515802000,16.3800373077393
"2012-11-13",19.2467861175537,19.6599998474121,19.1557140350342,19.3892860412598,532949200,16.3821449279785
"2012-11-14",19.4821434020996,19.5517864227295,19.1492862701416,19.1742858886719,477170400,16.200475692749
"2012-11-15",19.1975002288818,19.2678565979004,18.6650009155273,18.7721424102783,789910800,15.8607063293457
"2012-11-16",18.7571430206299,18.9285717010498,18.0625,18.8457145690918,1266893600,15.922872543335
"2012-11-19",19.311071395874,20.2678565979004,19.2814292907715,20.2046432495117,823317600,17.0710468292236
"2012-11-20",20.4253578186035,20.4267864227295,19.8064289093018,20.0324993133545,642754000,16.9255962371826
"2012-11-21",20.1517868041992,20.2632141113281,19.8785705566406,20.0607147216797,373002000,16.9494380950928
"2012-11-23",20.2560710906982,20.4285717010498,20.0928573608398,20.4107131958008,272826400,17.2451496124268
"2012-11-26",20.5678577423096,21.0714282989502,20.4896430969238,21.0546436309814,630579600,17.789213180542
"2012-11-27",21.0553569793701,21.0864295959473,20.7178573608398,20.8850002288818,533330000,17.6458797454834
"2012-11-28",20.6167850494385,20.9214286804199,20.4378566741943,20.8192863464355,520864400,17.5903606414795
"2012-11-29",21.0792865753174,21.2232131958008,20.9017868041992,21.0485706329346,514698800,17.7840824127197
"2012-11-30",20.9567852020264,21.0142860412598,20.8099994659424,20.9028568267822,391319600,17.6609668731689
"2012-12-03",21.2017860412598,21.2353572845459,20.9107131958008,20.9353561401367,364280000,17.688419342041
"2012-12-04",20.7785701751709,20.7785701751709,20.4332141876221,20.5660705566406,557068400,17.3764133453369
"2012-12-05",20.3182144165039,20.3303565979004,19.2417850494385,19.2425003051758,1044638000,16.2581253051758
"2012-12-06",18.8907146453857,19.7610702514648,18.5224990844727,19.5442867279053,1177212400,16.5130977630615
"2012-12-07",19.7642860412598,19.8285713195801,18.9285717010498,19.0446434020996,787040800,16.0909481048584
"2012-12-10",18.75,19.2325000762939,18.627857208252,18.9221439361572,630484400,15.9874477386475
"2012-12-11",19.2775001525879,19.6271438598633,19.1917858123779,19.3353576660156,592345600,16.3365783691406
"2012-12-12",19.5632133483887,19.5714282989502,19.1525001525879,19.25,487144000,16.2644577026367
"2012-12-13",18.9696426391602,19.2014293670654,18.7785701751709,18.9174995422363,625259600,15.9835271835327
"2012-12-14",18.3839282989502,18.5046424865723,18.0564289093018,18.2067852020264,1009579200,15.3830404281616
"2012-12-17",18.1760711669922,18.5714282989502,17.9010715484619,18.5296421051025,757607200,15.6558227539062
"2012-12-18",18.75,19.1035709381104,18.5803565979004,19.0678577423096,625685200,16.1105575561523
"2012-12-19",18.981071472168,19.0607147216797,18.7678565979004,18.7967853546143,449369200,15.8815355300903
"2012-12-20",18.9285717010498,18.9357147216797,18.5314292907715,18.6332149505615,481689600,15.7433309555054
"2012-12-21",18.3024997711182,18.559642791748,18.2228565216064,18.5475006103516,596268400,15.6709098815918
"2012-12-24",18.5839290618896,18.7232131958008,18.5253562927246,18.5774993896484,175753200,15.696249961853
"2012-12-26",18.5357131958008,18.5521430969238,18.2542858123779,18.3214282989502,302436400,15.4799060821533
"2012-12-27",18.3407135009766,18.4375,18.0235710144043,18.3950004577637,455120400,15.5420627593994
"2012-12-28",18.2246437072754,18.3742866516113,18.1471424102783,18.1996421813965,354278400,15.3769989013672
"2012-12-31",18.2332134246826,19.1214294433594,18.1785717010498,19.0060710906982,659492400,16.0583591461182
"2013-01-02",19.7792854309082,19.8214282989502,19.3439292907715,19.6082134246826,560518000,16.5671119689941
"2013-01-03",19.5671424865723,19.6310710906982,19.3214282989502,19.3607139587402,352965200,16.358003616333
"2013-01-04",19.1774997711182,19.2367858886719,18.7796421051025,18.8214282989502,594333600,15.9023494720459
"2013-01-07",18.6428565979004,18.9035701751709,18.3999996185303,18.71071434021,484156400,15.8088102340698
"2013-01-08",18.9003562927246,18.9960708618164,18.6160717010498,18.7610702514648,458707200,15.851357460022
"2013-01-09",18.6607131958008,18.7503566741943,18.4282131195068,18.4678573608398,407604400,15.6036157608032
"2013-01-10",18.8767852783203,18.8828563690186,18.4114284515381,18.6967868804932,601146000,15.797043800354
"2013-01-11",18.6071434020996,18.7614288330078,18.5364284515381,18.5821437835693,350506800,15.7001867294312
"2013-01-14",17.9528560638428,18.125,17.8039283752441,17.9196434020996,734207600,15.1404294967651
"2013-01-15",17.7964286804199,17.8210716247559,17.2635707855225,17.3542861938477,876772400,14.6627559661865
"2013-01-16",17.665714263916,18.1942863464355,17.5892868041992,18.0746421813965,690804800,15.2713851928711
"2013-01-17",18.2253570556641,18.2410717010498,17.9296436309814,17.9528560638428,453678400,15.1684923171997
"2013-01-18",17.8042850494385,17.9364280700684,17.7285709381104,17.8571434020996,472922800,15.0876207351685
"2013-01-22",18.0200004577637,18.1385707855225,17.7367858886719,18.0275001525879,461546400,15.231556892395
"2013-01-23",18.1717853546143,18.3924999237061,18.0275001525879,18.3575000762939,861509600,15.5103788375854
"2013-01-24",16.4285717010498,16.6332149505615,16.0803565979004,16.0892868041992,1460852400,13.5939502716064
"2013-01-25",16.1317863464355,16.2939281463623,15.5357141494751,15.710000038147,1208026400,13.2734832763672
"2013-01-28",15.6367864608765,16.186071395874,15.5664291381836,16.065357208252,785517600,13.57373046875
"2013-01-29",16.375,16.4357147216797,16.1471424102783,16.3667850494385,571158000,13.8284072875977
"2013-01-30",16.3214282989502,16.5214290618896,16.2321434020996,16.315357208252,417155200,13.7849588394165
"2013-01-31",16.3207149505615,16.4028568267822,16.2492866516113,16.2674999237061,319334400,13.7445240020752
"2013-02-01",16.396785736084,16.4099998474121,16.0125007629395,16.2007141113281,539484400,13.6880950927734
"2013-02-04",16.2110710144043,16.2835712432861,15.7857141494751,15.7971429824829,477117200,13.3471126556396
"2013-02-05",15.8589286804199,16.4192867279053,15.793571472168,16.3514289855957,573347600,13.8154354095459
"2013-02-06",16.3024997711182,16.6607131958008,16.1635704040527,16.3339290618896,593706400,13.8006439208984
"2013-02-07",16.5446434020996,16.7857131958008,16.2185707092285,16.7221431732178,704580800,14.2109985351562
"2013-02-08",16.9285717010498,17.1003570556641,16.7232131958008,16.9635715484619,633158400,14.4161710739136
"2013-02-11",17.0178565979004,17.3192863464355,16.9017868041992,17.1403560638428,517490400,14.5664081573486
"2013-02-12",17.1253566741943,17.2278575897217,16.7049999237061,16.71071434021,609053200,14.2012853622437
"2013-02-13",16.686071395874,16.915714263916,16.543571472168,16.6789283752441,475207600,14.1742706298828
"2013-02-14",16.5900001525879,16.8442859649658,16.5721435546875,16.6639289855957,355275200,14.1615219116211
"2013-02-15",16.7446422576904,16.7914295196533,16.4257144927979,16.4342861175537,391745200,13.966362953186
"2013-02-19",16.4678573608398,16.5260715484619,16.2089290618896,16.4282131195068,435783600,13.9612064361572
"2013-02-20",16.3460712432861,16.3460712432861,16.0285701751709,16.0303573608398,476302400,13.6230955123901
"2013-02-21",15.9285707473755,16.0417861938477,15.8149995803833,15.9307136535645,447182400,13.5384140014648
"2013-02-22",16.0446434020996,16.1285705566406,15.9499998092651,16.1003570556641,330654800,13.6825799942017
"2013-02-25",16.2089290618896,16.2542858123779,15.8060712814331,15.8142862319946,372579200,13.439471244812
"2013-02-26",15.8507137298584,16.126428604126,15.6307144165039,16.0346431732178,501499600,13.6267366409302
"2013-02-27",16.0153560638428,16.1585712432861,15.7375001907349,15.8774995803833,587350400,13.4931917190552
"2013-02-28",15.8589286804199,15.9953565597534,15.7642860412598,15.7642860412598,322515200,13.3969812393188
"2013-03-01",15.6428565979004,15.6492862701416,15.3564291000366,15.3739290237427,552448400,13.0652389526367
"2013-03-04",15.2785711288452,15.292857170105,14.9642858505249,15.0017862319946,582755600,12.7489824295044
"2013-03-05",15.0528573989868,15.5424995422363,15.0267858505249,15.3978567123413,638433600,13.0855770111084
"2013-03-06",15.518214225769,15.5446434020996,15.1582136154175,15.2021427154541,460250000,12.9192533493042
"2013-03-07",15.1607141494751,15.4289293289185,15.0378570556641,15.377857208252,468473600,13.0685796737671
"2013-03-08",15.3500003814697,15.5510711669922,15.3074998855591,15.418571472168,391482000,13.1031827926636
"2013-03-11",15.3482141494751,15.6789293289185,15.1835708618164,15.6382141113281,474236000,13.2898406982422
"2013-03-12",15.5571432113647,15.6742858886719,15.270357131958,15.3010711669922,465911600,13.0033254623413
"2013-03-13",15.3017864227295,15.5178565979004,15.1914291381836,15.2982139587402,405549200,13.0008955001831
"2013-03-14",15.4582138061523,15.5228567123413,15.3732137680054,15.4464292526245,303875600,13.1268529891968
"2013-03-15",15.6403570175171,15.8653573989868,15.6160707473755,15.8450002670288,643960800,13.4655723571777
"2013-03-18",15.7660713195801,16.3378562927246,15.7571430206299,16.2757148742676,606197200,13.8316087722778
"2013-03-19",16.4107131958008,16.4632148742676,16.0178565979004,16.2317867279053,526775200,13.7942762374878
"2013-03-20",16.3364295959473,16.3439292907715,16.0567855834961,16.1457138061523,308660800,13.7211275100708
"2013-03-21",16.0792865753174,16.3564281463623,16.0750007629395,16.1689281463623,383255600,13.74085521698
"2013-03-22",16.2350006103516,16.5035705566406,16.1825008392334,16.4967861175537,395105200,14.0194778442383
"2013-03-25",16.5960712432861,16.7839298248291,16.4921436309814,16.5564289093018,501135600,14.0701637268066
"2013-03-26",16.6228561401367,16.6371421813965,16.4475002288818,16.4692859649658,294294000,13.9961071014404
"2013-03-27",16.3021430969238,16.3142852783203,16.0974998474121,16.1457138061523,331237200,13.7211275100708
"2013-03-28",16.0650005340576,16.1364288330078,15.7721433639526,15.8092861175537,442839600,13.4352197647095
"2013-04-01",15.7821426391602,15.8464288711548,15.2764291763306,15.3182144165039,389732000,13.017894744873
"2013-04-02",15.2714290618896,15.6478567123413,15.2285709381104,15.3496427536011,529519200,13.0446014404297
"2013-04-03",15.4060707092285,15.6171426773071,15.3682136535645,15.4282140731812,363216000,13.1113758087158
"2013-04-04",15.4914293289185,15.5357141494751,15.1875,15.2757139205933,358447600,12.9817771911621
"2013-04-05",15.1607141494751,15.1767864227295,14.9885711669922,15.1142864227295,383695200,12.8445863723755
"2013-04-08",15.1732139587402,15.2678565979004,15.0889291763306,15.2217855453491,300829200,12.9359436035156
"2013-04-09",15.2271432876587,15.3035707473755,15.0982141494751,15.249285697937,306614000,12.9593162536621
"2013-04-10",15.28928565979,15.6092863082886,15.2146425247192,15.560357093811,375928000,13.2236700057983
"2013-04-11",15.4899997711182,15.6424999237061,15.3999996185303,15.5117864608765,328364400,13.1823930740356
"2013-04-12",15.5053567886353,15.5053567886353,15.3246431350708,15.3500003814697,238613200,13.0449066162109
"2013-04-15",15.25,15.2817859649658,14.9839286804199,14.9946432113647,317520000,12.7429141998291
"2013-04-16",15.0560712814331,15.2360706329346,15.020357131958,15.2228574752808,305771200,12.9368524551392
"2013-04-17",15.0096426010132,15.0214290618896,14.2182140350342,14.3857135772705,945056000,12.2254266738892
"2013-04-18",14.4639291763306,14.4925003051758,13.919285774231,14.0017862319946,666299200,11.8991546630859
"2013-04-19",13.856071472168,14.2714290618896,13.7535705566406,13.9475002288818,609274400,11.8530158996582
"2013-04-22",14.0228567123413,14.3642864227295,13.9739294052124,14.2382135391235,429920400,12.1000785827637
"2013-04-23",14.4282140731812,14.585000038147,14.2432136535645,14.5046434402466,664238400,12.3264970779419
"2013-04-24",14.0550003051758,14.8303565979004,14.0178565979004,14.4807138442993,969651200,12.3061580657959
"2013-04-25",14.686785697937,14.7835712432861,14.5357141494751,14.585000038147,384837600,12.3947877883911
"2013-04-26",14.6360712051392,14.9560708999634,14.5803565979004,14.8999996185303,764097600,12.6624822616577
"2013-04-29",15.0160713195801,15.4864292144775,15,15.3614292144775,640326400,13.0546159744263
"2013-04-30",15.53928565979,15.9017858505249,15.4310712814331,15.8135709762573,691538400,13.4388608932495
"2013-05-01",15.873571395874,15.8903570175171,15.5139293670654,15.688928604126,506909200,13.3329401016235
"2013-05-02",15.7778568267822,16.0210704803467,15.7367858886719,15.9114294052124,421828400,13.5220241546631
"2013-05-03",16.1182136535645,16.1867866516113,16.0410709381104,16.0707149505615,361300800,13.6573915481567
"2013-05-06",16.2753562927246,16.5071430206299,16.2253570556641,16.453929901123,496641600,13.983057975769
"2013-05-07",16.606071472168,16.6339282989502,16.2035713195801,16.3807144165039,483753200,13.9208374023438
"2013-05-08",16.3942852020264,16.6203575134277,16.2789287567139,16.5657138824463,472598000,14.0780601501465
"2013-05-09",16.4217853546143,16.5357131958008,16.2707138061523,16.3132133483887,398487600,13.9552383422852
"2013-05-10",16.356071472168,16.4182147979736,16.0885715484619,16.1774997711182,334852000,13.8391399383545
"2013-05-13",16.1253566741943,16.3535709381104,16.125,16.2407131195068,316948800,13.893214225769
"2013-05-14",16.2089290618896,16.2571430206299,15.7910709381104,15.8521432876587,447118000,13.5608139038086
"2013-05-15",15.6842861175537,15.75,15.084285736084,15.3160705566406,741613600,13.1022262573242
"2013-05-16",15.1157140731812,15.6374998092651,14.96071434021,15.5207138061523,603204000,13.2772922515869
"2013-05-17",15.6803569793701,15.7174997329712,15.393214225769,15.4735708236694,427904400,13.2369613647461
"2013-05-20",15.4253568649292,15.9214286804199,15.3607139587402,15.8189287185669,451578400,13.5324010848999
"2013-05-21",15.64821434021,15.9099998474121,15.5071430206299,15.7021427154541,456022000,13.4324960708618
"2013-05-22",15.8589286804199,16.0125007629395,15.6507139205933,15.7624998092651,443038400,13.4841260910034
"2013-05-23",15.5696430206299,15.9342861175537,15.563928604126,15.790714263916,353021200,13.5082607269287
"2013-05-24",15.7446432113647,15.916428565979,15.7271432876587,15.89821434021,276166800,13.6002254486084
"2013-05-28",16.0678577423096,16.1110706329346,15.7446432113647,15.7657136917114,386145200,13.4868755340576
"2013-05-29",15.7142858505249,15.9821434020996,15.6928567886353,15.8910713195801,330576400,13.5941123962402
"2013-05-30",15.9160709381104,16.2321434020996,15.8753566741943,16.127857208252,353519600,13.7966756820679
"2013-05-31",16.1607131958008,16.3250007629395,16.0535717010498,16.0617866516113,384302800,13.7401552200317
"2013-06-03",16.0974998474121,16.1557140350342,15.8028573989868,16.0971431732178,372352400,13.7704010009766
"2013-06-04",16.1864280700684,16.229642868042,15.978214263916,16.0467853546143,292728800,13.7273225784302
"2013-06-05",15.9160709381104,16.0971431732178,15.8467855453491,15.896785736084,290589600,13.5990018844604
"2013-06-06",15.9096431732178,15.9642858505249,15.5017862319946,15.6592855453491,416934000,13.3958301544189
"2013-06-07",15.5892858505249,15.8299999237061,15.4560708999634,15.7789287567139,404535600,13.4981832504272
"2013-06-10",15.8832139968872,16.0385704040527,15.6000003814697,15.6746425628662,450153200,13.408971786499
"2013-06-11",15.5621433258057,15.8128566741943,15.4757137298584,15.6285705566406,286112400,13.369556427002
"2013-06-12",15.6964292526245,15.7589292526245,15.4107141494751,15.435357093811,265227200,13.204270362854
"2013-06-13",15.4464292526245,15.6121425628662,15.3125,15.5699996948242,285832400,13.3194513320923
"2013-06-14",15.5500001907349,15.5817861557007,15.3035707473755,15.3589286804199,271866000,13.1388912200928
"2013-06-17",15.4085712432861,15.5607137680054,15.3699998855591,15.4285707473755,259414400,13.1984663009644
"2013-06-18",15.4128570556641,15.5321426391602,15.3646430969238,15.4203567504883,195025600,13.1914386749268
"2013-06-19",15.4071426391602,15.416428565979,15.1071434020996,15.1071434020996,310940000,12.9235019683838
"2013-06-20",14.9750003814697,15.2135705947876,14.8275003433228,14.8871431350708,357310800,12.7352952957153
"2013-06-21",14.9460706710815,15,14.5749998092651,14.7678565979004,481118400,12.6332540512085
"2013-06-24",14.5500001907349,14.5950002670288,14.2160711288452,14.376428604126,480746000,12.2984018325806
"2013-06-25",14.4892864227295,14.563928604126,14.2439289093018,14.3796434402466,314162800,12.301157951355
"2013-06-26",14.4250001907349,14.4567861557007,14.1307144165039,14.2167863845825,367724000,12.1618366241455
"2013-06-27",14.2589292526245,14.3353567123413,14.0550003051758,14.0635709762573,337246000,12.0307674407959
"2013-06-28",13.9771432876587,14.2953567504883,13.8882141113281,14.1617860794067,578516400,12.1147871017456
"2013-07-01",14.3817863464355,14.7239294052124,14.3292856216431,14.6149997711182,391053600,12.5024919509888
"2013-07-02",14.6414289474487,15.0582141876221,14.6239290237427,14.9460706710815,469865200,12.7857103347778
"2013-07-03",15.0307140350342,15.1064291000366,14.9089288711548,15.0285711288452,240928800,12.8562803268433
"2013-07-05",15.0139293670654,15.1175003051758,14.8339290618896,14.9078569412231,274024800,12.7530164718628
"2013-07-08",15.0039291381836,15.0357141494751,14.6660709381104,14.8232135772705,298138400,12.6806106567383
"2013-07-09",14.7714290618896,15.125,14.6564292907715,15.0839290618896,352584400,12.903636932373
"2013-07-10",14.9857139587402,15.1714286804199,14.9375,15.0260705947876,281405600,12.8541431427002
"2013-07-11",15.105357170105,15.2946434020996,15.0417861938477,15.2603569030762,326292400,13.0545654296875
"2013-07-12",15.27321434021,15.3496427536011,15.1217861175537,15.2325000762939,279563200,13.0307350158691
"2013-07-15",15.1789293289185,15.4092855453491,15.1714286804199,15.2657136917114,241917200,13.0591487884521
"2013-07-16",15.2328567504883,15.3824996948242,15.148928642273,15.3642864227295,216538000,13.1434707641602
"2013-07-17",15.3464288711548,15.4364290237427,15.293571472168,15.3682136535645,198990400,13.1468324661255
"2013-07-18",15.4778566360474,15.5310707092285,15.3789291381836,15.4200000762939,218878800,13.1911354064941
"2013-07-19",15.4678573608398,15.499285697937,15.1553573608398,15.1767864227295,268721600,12.9830703735352
"2013-07-22",15.3378572463989,15.3482141494751,15.1953573226929,15.2253570556641,207796400,13.0246229171753
"2013-07-23",15.2142858505249,15.248571395874,14.9539289474487,14.9639291763306,369395600,12.8009824752808
"2013-07-24",15.6760711669922,15.8782138824463,15.5450000762939,15.7325000762939,591936800,13.4584627151489
"2013-07-25",15.7392864227295,15.7642860412598,15.564642906189,15.6607141494751,229493600,13.3970537185669
"2013-07-26",15.5464286804199,15.751428604126,15.5121431350708,15.7496433258057,200152400,13.473126411438
"2013-07-29",15.7428569793701,16.0710716247559,15.7214288711548,15.9925003051758,248057600,13.6808843612671
"2013-07-30",16.0699996948242,16.3267860412598,16.0439281463623,16.1900005340576,309422400,13.8498344421387
"2013-07-31",16.2496433258057,16.3335704803467,16.0510711669922,16.1617851257324,322957600,13.8256969451904
"2013-08-01",16.2767868041992,16.3142852783203,16.1878566741943,16.3099994659424,206250800,13.9524908065796
"2013-08-02",16.3575000762939,16.5303573608398,16.3092861175537,16.5192852020264,274783600,14.1315202713013
"2013-08-05",16.5960712432861,16.809642791748,16.5053577423096,16.7660713195801,318855600,14.342643737793
"2013-08-06",16.7150001525879,16.853214263916,16.5060710906982,16.6160717010498,334857600,14.2143201828003
"2013-08-07",16.5642852783203,16.6785717010498,16.4917850494385,16.6064281463623,298858000,14.2060699462891
"2013-08-08",16.5664291381836,16.5750007629395,16.3553562164307,16.4646434783936,255777200,14.1777801513672
"2013-08-09",16.3799991607666,16.4449996948242,16.2017860412598,16.2303562164307,266865200,13.9760332107544
"2013-08-12",16.3164291381836,16.7374992370605,16.3082141876221,16.6914291381836,364434000,14.3730630874634
"2013-08-13",16.8192863464355,17.6664295196533,16.7160701751709,17.4846439361572,881941200,15.0561017990112
"2013-08-14",17.7814292907715,18.0089282989502,17.6214294433594,17.8035717010498,756372400,15.3307313919067
"2013-08-15",17.7292861938477,17.9428577423096,17.4671421051025,17.7824993133545,490294000,15.3125915527344
"2013-08-16",17.8624992370605,17.9621429443359,17.8164291381836,17.940357208252,362306000,15.4485206604004
"2013-08-19",18.0121421813965,18.3478565216064,18,18.1335716247559,510518400,15.6149044036865
"2013-08-20",18.203929901123,18.2346439361572,17.8864288330078,17.895357131958,358688400,15.4097766876221
"2013-08-21",17.9853572845459,18.1124992370605,17.8999996185303,17.9414291381836,335879600,15.4494457244873
"2013-08-22",18.0349998474121,18.0567855834961,17.7928562164307,17.9628562927246,244207600,15.4678955078125
"2013-08-23",17.9739284515381,17.97678565979,17.8339290618896,17.8935718536377,222731600,15.4082326889038
"2013-08-26",17.8839282989502,18.2214298248291,17.875,17.9632148742676,330965600,15.4682035446167
"2013-08-27",17.7857131958008,17.9467868804932,17.3678569793701,17.4496421813965,424188800,15.0259618759155
"2013-08-28",17.3571434020996,17.7071437835693,17.3571434020996,17.5321426391602,307608000,15.0970067977905
"2013-08-29",17.5589294433594,17.7321434020996,17.5403575897217,17.5607147216797,239657600,15.1216096878052
"2013-08-30",17.5714282989502,17.6053562164307,17.375,17.4007148742676,272297200,14.9838314056396
"2013-09-03",17.6107139587402,17.8785705566406,17.4053573608398,17.4492855072021,331928800,15.0256586074829
"2013-09-04",17.8414287567139,17.9371433258057,17.7242851257324,17.8103561401367,345032800,15.3365774154663
"2013-09-05",17.8660717010498,17.8814296722412,17.6299991607666,17.6882133483887,236367600,15.2313995361328
"2013-09-06",17.8014297485352,17.8349990844727,17.4982147216797,17.793571472168,359525600,15.3221273422241
"2013-09-09",18.0357131958008,18.1399993896484,17.9814281463623,18.0774993896484,340687200,15.5666160583496
"2013-09-10",18.0785713195801,18.1232147216797,17.4821434020996,17.665714263916,743195600,15.2120313644409
"2013-09-11",16.6789283752441,16.9174995422363,16.6003570556641,16.703929901123,898696400,14.383828163147
"2013-09-12",16.7321434020996,16.9785709381104,16.6432132720947,16.8817863464355,404051200,14.536979675293
"2013-09-13",16.7621421813965,16.8510704040527,16.5964298248291,16.6035709381104,298835600,14.2974081039429
"2013-09-16",16.4642868041992,16.4860706329346,15.9721431732178,16.0757141113281,543706800,13.8428716659546
"2013-09-17",15.998571395874,16.4182147979736,15.9821434020996,16.2614288330078,399380800,14.0027866363525
"2013-09-18",16.542142868042,16.6553573608398,16.4521427154541,16.5957145690918,456862000,14.2906427383423
"2013-09-19",16.8107147216797,16.9939289093018,16.7589282989502,16.8678569793701,404541200,14.5249900817871
"2013-09-20",17.0714282989502,17.0910701751709,16.6428565979004,16.6932144165039,699302800,14.3745985031128
"2013-09-23",17.7178573608398,17.7467861175537,17.2357139587402,17.5228576660156,762106800,15.0890111923218
"2013-09-24",17.6742858886719,17.6953563690186,17.4221439361572,17.4678573608398,364344400,15.0416431427002
"2013-09-25",17.4714298248291,17.4871425628662,17.1939296722412,17.1975002288818,316957200,14.8088464736938
"2013-09-26",17.3571434020996,17.4485702514648,17.2821426391602,17.3649997711182,237221600,14.9530849456787
"2013-09-27",17.2778568267822,17.309642791748,17.168571472168,17.2410717010498,228040400,14.8463621139526
"2013-09-30",17.0446434020996,17.2021427154541,16.9432144165039,17.0267868041992,260156400,14.6618404388428
"2013-10-01",17.0874996185303,17.4692859649658,17.0849990844727,17.4271430969238,353883600,15.0065937042236
"2013-10-02",17.3439292907715,17.5642852783203,17.2767868041992,17.4842853546143,289184000,15.0557947158813
"2013-10-03",17.5182132720947,17.5839290618896,17.1692867279053,17.2646427154541,322753200,14.8666610717773
"2013-10-04",17.2807140350342,17.3071422576904,17.0928573608398,17.2510719299316,258868400,14.854977607727
"2013-10-07",17.3771438598633,17.5946426391602,17.3339290618896,17.4196434020996,312292400,15.0001306533813
"2013-10-08",17.4978561401367,17.5228576660156,17.1621437072754,17.1764297485352,290917200,14.7907028198242
"2013-10-09",17.3085708618164,17.421070098877,17.081428527832,17.3782138824463,301725200,14.9644603729248
"2013-10-10",17.5471439361572,17.5849990844727,17.3942852020264,17.4871425628662,278602800,15.0582571029663
"2013-10-11",17.3924999237061,17.6371421813965,17.3271427154541,17.6003570556641,267738800,15.1557445526123
"2013-10-14",17.4939289093018,17.7707138061523,17.47678565979,17.7157135009766,261898000,15.2550821304321
"2013-10-15",17.7682132720947,17.9285717010498,17.6971435546875,17.8099994659424,320073600,15.3362731933594
"2013-10-16",17.8853569030762,17.9475002288818,17.8296432495117,17.896785736084,251101200,15.4110012054443
"2013-10-17",17.8564281463623,18.0278568267822,17.8457145690918,18.0178565979004,253593200,15.5152540206909
"2013-10-18",18.0710716247559,18.1878566741943,18.061071395874,18.1746425628662,290542000,15.6502704620361
"2013-10-21",18.2775001525879,18.7250003814697,18.2685718536377,18.6200008392334,398106800,16.0337657928467
"2013-10-22",18.8003578186035,18.8732147216797,18.143928527832,18.5667858123779,534063600,15.9879417419434
"2013-10-23",18.5357131958008,18.7739295959473,18.5357131958008,18.748571395874,313723200,16.1444835662842
"2013-10-24",18.75,19.0167865753174,18.6589298248291,18.9967861175537,384764800,16.3582172393799
"2013-10-25",18.9757137298584,19.0439281463623,18.7539291381836,18.7842864990234,337792000,16.1752395629883
"2013-10-28",18.8942852020264,18.9642868041992,18.686071395874,18.9242858886719,550440800,16.2957878112793
"2013-10-29",19.1525001525879,19.2589282989502,18.376428604126,18.4528560638428,635807200,15.889838218689
"2013-10-30",18.5575008392334,18.8400001525879,18.4650001525879,18.7464294433594,354163600,16.142635345459
"2013-10-31",18.75,18.8389282226562,18.6167850494385,18.6678562164307,275696400,16.0749740600586
"2013-11-01",18.7150001525879,18.7428569793701,18.4228572845459,18.5725002288818,274890000,15.9928531646729
"2013-11-04",18.6107139587402,18.8150005340576,18.5289287567139,18.8125,244627600,16.1995277404785
"2013-11-05",18.7350006103516,18.8889293670654,18.6785717010498,18.7660713195801,265213200,16.1595478057861
"2013-11-06",18.7196426391602,18.7450008392334,18.5071430206299,18.6042861938477,223375600,16.1137676239014
"2013-11-07",18.5564289093018,18.6853561401367,18.2992858886719,18.3032131195068,262620400,15.8529977798462
"2013-11-08",18.377857208252,18.6117858886719,18.3067855834961,18.5914287567139,279316800,16.1026287078857
"2013-11-11",18.5710716247559,18.6310710906982,18.3717861175537,18.5375003814697,227452400,16.0559234619141
"2013-11-12",18.4882144927979,18.7114295959473,18.4642868041992,18.5717868804932,204276800,16.0856170654297
"2013-11-13",18.5,18.6517868041992,18.4628562927246,18.5939292907715,197220800,16.1047954559326
"2013-11-14",18.6717853546143,18.9028568267822,18.6382141113281,18.8628578186035,282419200,16.3377265930176
"2013-11-15",18.8064289093018,18.8960704803467,18.7317867279053,18.7496433258057,317920400,16.2396640777588
"2013-11-18",18.7496433258057,18.8282146453857,18.5071430206299,18.5224990844727,244944000,16.0429267883301
"2013-11-19",18.5367851257324,18.6921424865723,18.4989280700684,18.5553569793701,208938800,16.0713920593262
"2013-11-20",18.5439281463623,18.5864295959473,18.3689289093018,18.3928565979004,193916800,15.9306364059448
"2013-11-21",18.4857139587402,18.6146430969238,18.3453578948975,18.6121425628662,262026800,16.120569229126
"2013-11-22",18.5542850494385,18.6485710144043,18.518928527832,18.5642852783203,223725600,16.0791244506836
"2013-11-25",18.6078567504883,18.7810707092285,18.6071434020996,18.7049999237061,229311600,16.2010021209717
"2013-11-26",18.7185707092285,19.1478576660156,18.7142868041992,19.0499992370605,401382800,16.4998168945312
"2013-11-27",19.1539287567139,19.5,19.0499992370605,19.498571395874,363448400,16.888334274292
"2013-11-29",19.6242866516113,19.940357208252,19.5646438598633,19.8596439361572,318127600,17.2010707855225
"2013-12-02",19.9285717010498,20.1546421051025,19.6721439361572,19.6867866516113,472544800,17.0513534545898
"2013-12-03",19.9392852783203,20.2278575897217,19.917142868042,20.2257137298584,450968000,17.5181407928467
"2013-12-04",20.1964282989502,20.3282146453857,20.0292854309082,20.1785717010498,377809600,17.4773082733154
"2013-12-05",20.4517860412598,20.540714263916,20.2289295196533,20.2821426391602,447580000,17.5670166015625
"2013-12-06",20.2067852020264,20.2410717010498,19.9846439361572,20.0007133483887,344352400,17.323263168335
"2013-12-09",20.0321426391602,20.3421421051025,20.0321426391602,20.229642868042,320493600,17.521541595459
"2013-12-10",20.127857208252,20.2814292907715,20.0428562164307,20.1982135772705,278269600,17.4943141937256
"2013-12-11",20.25,20.3917865753174,19.9889297485352,20.0485706329346,359718800,17.3647136688232
"2013-12-12",20.0764293670654,20.1907138824463,20.0010719299316,20.0192852020264,262290000,17.3393383026123
"2013-12-13",20.10178565979,20.1028575897217,19.7739295959473,19.8010711669922,332822000,17.1503353118896
"2013-12-16",19.8221435546875,20.0942859649658,19.8217868804932,19.9107131958008,282592800,17.2453079223633
"2013-12-17",19.8503570556641,19.9799995422363,19.7635707855225,19.8210716247559,229902400,17.1676635742188
"2013-12-18",19.6321430206299,19.6946430206299,19.2428569793701,19.6703567504883,565863200,17.0371208190918
"2013-12-19",19.625,19.6428565979004,19.4189281463623,19.4449996948242,320308800,16.8419399261475
"2013-12-20",19.479642868042,19.7003574371338,19.457857131958,19.6078567504883,436413600,16.9829978942871
"2013-12-23",20.2857131958008,20.3828563690186,20.0985717773438,20.3603572845459,501306400,17.6347541809082
"2013-12-24",20.353214263916,20.4242858886719,20.2153568267822,20.2739295959473,167554800,17.5599002838135
"2013-12-26",20.28928565979,20.3392868041992,20.1207141876221,20.1392860412598,204008000,17.4432792663574
"2013-12-27",20.1364288330078,20.1574993133545,19.9821434020996,20.0032138824463,225884400,17.3254203796387
"2013-12-30",19.9092864990234,20.0032138824463,19.7257137298584,19.8042850494385,253629600,17.1531200408936
"2013-12-31",19.7917861938477,20.0457134246826,19.7857131958008,20.0364284515381,223084400,17.354190826416
"2014-01-02",19.8457145690918,19.893928527832,19.7150001525879,19.7546424865723,234684800,17.1101341247559
"2014-01-03",19.7450008392334,19.7749996185303,19.3010711669922,19.3207149505615,392467600,16.7342872619629
"2014-01-06",19.1946430206299,19.5285701751709,19.0571422576904,19.4260711669922,412610800,16.8255500793457
"2014-01-07",19.4400005340576,19.498571395874,19.2114295959473,19.2871437072754,317209200,16.7052135467529
"2014-01-08",19.2432136535645,19.4842853546143,19.2389297485352,19.4092864990234,258529600,16.810998916626
"2014-01-09",19.5285701751709,19.5307140350342,19.1196422576904,19.1614284515381,279148800,16.5963268280029
"2014-01-10",19.2796421051025,19.3142852783203,18.9682140350342,19.0335712432861,304976000,16.4855842590332
"2014-01-13",18.9253578186035,19.375,18.9242858886719,19.1332149505615,378492800,16.5718879699707
"2014-01-14",19.2221431732178,19.5260715484619,19.2021427154541,19.5139293670654,332561600,16.9016342163086
"2014-01-15",19.7685718536377,20.0071430206299,19.7021427154541,19.9057140350342,391638800,17.2409763336182
"2014-01-16",19.8178577423096,19.8875007629395,19.7028560638428,19.7946434020996,229278000,17.144775390625
"2014-01-17",19.6957149505615,19.7167854309082,19.2821426391602,19.309642791748,426739600,16.7246971130371
"2014-01-21",19.3210716247559,19.645357131958,19.3007144927979,19.6096439361572,328526800,16.9845352172852
"2014-01-22",19.6753578186035,19.9032135009766,19.5646438598633,19.6967868804932,379985200,17.0600147247314
"2014-01-23",19.6407146453857,19.875,19.4575004577637,19.8635711669922,403239200,17.2044773101807
"2014-01-24",19.7857131958008,19.8435707092285,19.4553565979004,19.5025005340576,429354800,16.8917427062988
"2014-01-27",19.645357131958,19.8142852783203,19.4910717010498,19.6607131958008,554878800,17.0287704467773
"2014-01-28",18.1700000762939,18.3928565979004,17.9310703277588,18.0892868041992,1065523200,15.6677122116089
"2014-01-29",17.9982147216797,18.1203575134277,17.8078575134277,17.8839282989502,502810000,15.4898462295532
"2014-01-30",17.9478569030762,18.0892868041992,17.7392864227295,17.8492851257324,678501600,15.4598426818848
"2014-01-31",17.6849994659424,17.9117851257324,17.6267852783203,17.8785705566406,464797200,15.4851989746094
"2014-02-03",17.9503574371338,18.1332149505615,17.8321437835693,17.9117851257324,401464000,15.5139684677124
"2014-02-04",18.0660705566406,18.1949996948242,17.9557132720947,18.171070098877,376681200,15.73854637146
"2014-02-05",18.0914287567139,18.4028568267822,18.0803565979004,18.3067855834961,328344800,15.8560953140259
"2014-02-06",18.2164287567139,18.3392868041992,18.1360702514648,18.3039283752441,257765200,15.9485158920288
"2014-02-07",18.6207141876221,18.6760711669922,18.4778575897217,18.5599994659424,370280400,16.1716403961182
"2014-02-10",18.5235710144043,18.9996433258057,18.5,18.8924999237061,345559200,16.4613513946533
"2014-02-11",18.9503574371338,19.2053565979004,18.9107131958008,19.141429901123,282256800,16.6782398223877
"2014-02-12",19.1767864227295,19.2700004577637,19.0442867279053,19.1399993896484,308100800,16.6769981384277
"2014-02-13",19.0949993133545,19.4589290618896,19.0785713195801,19.4439296722412,307398000,16.9418182373047
"2014-02-14",19.3739280700684,19.4992866516113,19.328929901123,19.4282131195068,272924400,16.9281196594238
"2014-02-18",19.5,19.6853561401367,19.4860706329346,19.4996433258057,260251600,16.9903583526611
"2014-02-19",19.4553565979004,19.5317859649658,19.0839290618896,19.1917858123779,313768000,16.7221202850342
"2014-02-20",19.0353565216064,19.1785717010498,18.8928565979004,18.9696426391602,305858000,16.5285625457764
"2014-02-21",19.0282135009766,19.0917854309082,18.7357139587402,18.7589282989502,278784800,16.3449573516846
"2014-02-24",18.6839294433594,18.9257144927979,18.6578578948975,18.8410701751709,288909600,16.4165363311768
"2014-02-25",18.9064292907715,18.9132137298584,18.6071434020996,18.6450004577637,231952000,16.2456970214844
"2014-02-26",18.7003574371338,18.75,18.41428565979,18.47678565979,276217200,16.0991268157959
"2014-02-27",18.4692859649658,18.8850002288818,18.4303569793701,18.8453578948975,301882000,16.4202690124512
"2014-02-28",18.8957138061523,19.0267868041992,18.6471424102783,18.7942867279053,371968800,16.3757667541504
"2014-03-03",18.6935710906982,18.9517860412598,18.6717853546143,18.8485717773438,238781200,16.423059463501
"2014-03-04",18.9642868041992,19.0228576660156,18.8489284515381,18.9728565216064,259140000,16.531364440918
"2014-03-05",18.9614295959473,19.0982131958008,18.8974990844727,19.0128574371338,200062800,16.5662231445312
"2014-03-06",19.0282135009766,19.0871429443359,18.8607139587402,18.9553565979004,185488800,16.5161170959473
"2014-03-07",18.9675006866455,18.9992866516113,18.7875003814697,18.9442863464355,220729600,16.5064678192139
"2014-03-10",18.8700008392334,19.0475006103516,18.8692855834961,18.9614295959473,178584000,16.5214080810547
"2014-03-11",19.1232147216797,19.2407131195068,19.0210704803467,19.1460704803467,279224400,16.6822872161865
"2014-03-12",19.0896434783936,19.1910705566406,19,19.1646423339844,199326400,16.6984729766846
"2014-03-13",19.1942863464355,19.2735710144043,18.8985710144043,18.9517860412598,257742800,16.5130043029785
"2014-03-14",18.8853569030762,18.9603576660156,18.6785717010498,18.7389297485352,237199200,16.3275337219238
"2014-03-17",18.8464298248291,18.9274997711182,18.7803573608398,18.8121433258057,199544800,16.3913345336914
"2014-03-18",18.7821426391602,18.9989280700684,18.7571430206299,18.9785709381104,209647200,16.536340713501
"2014-03-19",19.0092868804932,19.1514282226562,18.8928565979004,18.9735717773438,224756000,16.5319843292236
"2014-03-20",18.9246425628662,19.0239295959473,18.8339290618896,18.8821430206299,208398400,16.4523258209229
"2014-03-21",18.9974994659424,19.0625,18.7975006103516,19.0310707092285,374046400,16.582088470459
"2014-03-24",19.2292861938477,19.3035717010498,19.1092853546143,19.2567863464355,355700800,16.7787590026855
"2014-03-25",19.3392868041992,19.4910717010498,19.2710704803467,19.4639282226562,282293200,16.9592437744141
"2014-03-26",19.5185718536377,19.6071434020996,19.2450008392334,19.2778568267822,299768000,16.7971172332764
"2014-03-27",19.2864284515381,19.3392868041992,19.1114292144775,19.1949996948242,222031600,16.7249183654785
"2014-03-28",19.2257137298584,19.2478561401367,19.0803565979004,19.1735706329346,200564000,16.7062549591064
"2014-03-31",19.2582149505615,19.3146438598633,19.1403560638428,19.1692867279053,168669200,16.7025203704834
"2014-04-01",19.2057132720947,19.3525009155273,19.1703567504883,19.3446426391602,200760000,16.8553066253662
"2014-04-02",19.3707141876221,19.4099998474121,19.2950000762939,19.3767852783203,180420800,16.8833084106445
"2014-04-03",19.3353576660156,19.375,19.2014293670654,19.2425003051758,162344000,16.7663097381592
"2014-04-04",19.2789287567139,19.2857131958008,18.9492855072021,18.9935703277588,275251200,16.5494174957275
"2014-04-07",18.8578567504883,18.96071434021,18.6389293670654,18.6953563690186,289850400,16.2895755767822
"2014-04-08",18.7567863464355,18.7900009155273,18.5249996185303,18.6942863464355,243888400,16.288646697998
"2014-04-09",18.665714263916,18.9460716247559,18.6435718536377,18.9400005340576,206169600,16.5027408599854
"2014-04-10",18.9528560638428,19.0085716247559,18.684642791748,18.6957149505615,239652000,16.2898864746094
"2014-04-11",18.5357131958008,18.6725006103516,18.4692859649658,18.5575008392334,271717600,16.1694564819336
"2014-04-14",18.6392860412598,18.6485710144043,18.4717864990234,18.6314296722412,205674000,16.2338714599609
"2014-04-15",18.5810718536377,18.6299991607666,18.2617855072021,18.498571395874,266490000,16.1181163787842
"2014-04-16",18.5017852783203,18.6103572845459,18.3621425628662,18.5360717773438,214765600,16.1507835388184
"2014-04-17",18.5714282989502,18.8485717773438,18.5428562164307,18.7478561401367,284334400,16.3353176116943
"2014-04-21",18.7621421813965,19.0049991607666,18.7128562927246,18.9703578948975,182548800,16.5291843414307
"2014-04-22",18.8682136535645,18.9939289093018,18.8035717010498,18.9892864227295,202563200,16.5456829071045
"2014-04-23",18.8950004577637,18.9689292907715,18.7303562164307,18.7410717010498,394940000,16.3294067382812
"2014-04-24",20.2932147979736,20.3571434020996,20.0260715484619,20.2775001525879,759911600,17.6681289672852
"2014-04-25",20.1617851257324,20.4282131195068,20.141429901123,20.4264297485352,390275200,17.7978858947754
"2014-04-28",20.4571437835693,21.2767868041992,20.4482135772705,21.2175006866455,669485600,18.4871578216553
"2014-04-29",21.2049999237061,21.2849998474121,21.0539283752441,21.1546421051025,337377600,18.4323883056641
"2014-04-30",21.165714263916,21.4082145690918,21.0642852783203,21.0746421813965,456640800,18.3626861572266
"2014-05-01",21.1428565979004,21.2428569793701,20.9414291381836,21.1242866516113,244048000,18.4059467315674
"2014-05-02",21.1550006866455,21.2214298248291,21.061071395874,21.1635704040527,191514400,18.4401683807373
"2014-05-05",21.0764293670654,21.4642868041992,21.0714282989502,21.4628562927246,287067200,18.7009468078613
"2014-05-06",21.4928569793701,21.5860710144043,21.2289295196533,21.2289295196533,374564400,18.4971179962158
"2014-05-07",21.2589282989502,21.3317852020264,20.9903564453125,21.1546421051025,282864400,18.4323883056641
"2014-05-08",21.0089282989502,21.2289295196533,20.9428577423096,20.9996433258057,230297200,18.3995361328125
"2014-05-09",20.876428604126,20.9375,20.7260704040527,20.9121437072754,291597600,18.322868347168
"2014-05-12",20.9817867279053,21.2021427154541,20.9785709381104,21.1725006103516,213208800,18.5509929656982
"2014-05-13",21.1428565979004,21.233570098877,21.0964298248291,21.2057132720947,159737200,18.5800876617432
"2014-05-14",21.1582145690918,21.33571434021,21.1335716247559,21.2096424102783,166404000,18.5835399627686
"2014-05-15",21.2392864227295,21.3071422576904,21.001428604126,21.0292854309082,230846000,18.4255123138428
"2014-05-16",21.0224990844727,21.3403568267822,20.9071426391602,21.3396434783936,276256400,18.697437286377
"2014-05-19",21.35178565979,21.690357208252,21.3332138061523,21.5925006866455,317755200,18.9189834594727
"2014-05-20",21.5896434783936,21.6571426391602,21.4546432495117,21.5967864990234,234836000,18.9227428436279
"2014-05-21",21.565357208252,21.6678562164307,21.5021438598633,21.6539287567139,196859600,18.9728031158447
"2014-05-22",21.66428565979,21.7803573608398,21.5750007629395,21.6882133483887,200760000,19.0028476715088
"2014-05-23",21.6875,21.9546432495117,21.6596431732178,21.9332141876221,232209600,19.2175178527832
"2014-05-27",21.9957141876221,22.3521423339844,21.9867858886719,22.3439292907715,348866000,19.5773773193359
"2014-05-28",22.3578567504883,22.4939289093018,22.2778568267822,22.2860717773438,315481600,19.5266819000244
"2014-05-29",22.4232139587402,22.7453575134277,22.4203567504883,22.6921424865723,376474000,19.8824691772461
"2014-05-30",22.7849998474121,23.0060710906982,22.46071434021,22.6071434020996,564020800,19.8079967498779
"2014-06-02",22.641429901123,22.6725006103516,22.2321434020996,22.4517860412598,369350800,19.6718711853027
"2014-06-03",22.4449996948242,22.8121433258057,22.4375,22.7692852020264,292709200,19.9500713348389
"2014-06-04",22.7657146453857,23.1389293670654,22.7182140350342,23.0292854309082,335482000,20.1778697967529
"2014-06-05",23.0785713195801,23.1917858123779,22.9503574371338,23.1196422576904,303805600,20.2570419311523
"2014-06-06",23.21071434021,23.2592868804932,23.0167865753174,23.0560703277588,349938400,20.2013378143311
"2014-06-09",23.1749992370605,23.4699993133545,22.9375,23.4249992370605,301660000,20.5245895385742
"2014-06-10",23.6825008392334,23.7625007629395,23.3924999237061,23.5625,251108000,20.6450614929199
"2014-06-11",23.5324993133545,23.6900005340576,23.3675003051758,23.4650001525879,182724000,20.5596313476562
"2014-06-12",23.5100002288818,23.5300006866455,22.9750003814697,23.0725002288818,218996000,20.2157306671143
"2014-06-13",23.0499992370605,23.1100006103516,22.7199993133545,22.8199996948242,218100000,19.9945030212402
"2014-06-16",22.8775005340576,23.1875,22.8624992370605,23.0499992370605,142244000,20.1960258483887
"2014-06-17",23.0774993896484,23.1749992370605,22.9500007629395,23.0200004577637,118904000,20.1697406768799
"2014-06-18",23.0674991607666,23.0725002288818,22.8374996185303,23.0450000762939,134056000,20.1916389465332
"2014-06-19",23.0725002288818,23.0750007629395,22.8349990844727,22.9650001525879,142112000,20.1215419769287
"2014-06-20",22.9624996185303,23.1375007629395,22.7250003814697,22.7275009155273,403592000,19.9134521484375
"2014-06-23",22.8299999237061,22.9050006866455,22.6499996185303,22.7075004577637,174776000,19.8959274291992
"2014-06-24",22.6875,22.9349994659424,22.5475006103516,22.5699996948242,156144000,19.7754535675049
"2014-06-25",22.5524997711182,22.6749992370605,22.4125003814697,22.5900001525879,147476000,19.7929744720459
"2014-06-26",22.5925006866455,22.7625007629395,22.4500007629395,22.7250003814697,130516000,19.9112682342529
"2014-06-27",22.7049999237061,23,22.6924991607666,22.9950008392334,256116000,20.1478328704834
"2014-06-30",23.0249996185303,23.4325008392334,23.0224990844727,23.2325000762939,197929200,20.3559226989746
"2014-07-01",23.3799991607666,23.5174999237061,23.2824993133545,23.3799991607666,152892000,20.4851589202881
"2014-07-02",23.4675006866455,23.5149993896484,23.2724990844727,23.3700008392334,113860000,20.4764041900635
"2014-07-03",23.4174995422363,23.5249996185303,23.2999992370605,23.5074996948242,91567200,20.5968685150146
"2014-07-07",23.5349998474121,23.9974994659424,23.5249996185303,23.9925003051758,225872000,21.0218200683594
"2014-07-08",24.0674991607666,24.2000007629395,23.4799995422363,23.8374996185303,260888000,20.8860168457031
"2014-07-09",23.8600006103516,23.9874992370605,23.6900005340576,23.8474998474121,145744000,20.894775390625
"2014-07-10",23.4400005340576,23.8875007629395,23.3799991607666,23.7600002288818,158744000,20.8181190490723
"2014-07-11",23.8400001525879,23.9724998474121,23.7150001525879,23.8050003051758,136072000,20.8575382232666
"2014-07-14",23.9650001525879,24.2224998474121,23.9125003814697,24.1124992370605,171240000,21.1269664764404
"2014-07-15",24.2000007629395,24.2124996185303,23.7574996948242,23.8299999237061,181911600,20.8794422149658
"2014-07-16",24.2425003051758,24.2749996185303,23.6849994659424,23.6949996948242,213585200,20.7611560821533
"2014-07-17",23.7574996948242,23.8199996948242,23.1424999237061,23.2724990844727,229192000,20.3909683227539
"2014-07-18",23.4050006866455,23.6849994659424,23.2549991607666,23.6075000762939,199952000,20.6844940185547
"2014-07-21",23.7474994659424,23.75,23.4300003051758,23.4850006103516,156316000,20.5771675109863
"2014-07-22",23.6700000762939,23.7224998474121,23.5300006866455,23.6800003051758,220788000,20.7480163574219
"2014-07-23",23.8549995422363,24.4699993133545,23.7924995422363,24.2975006103516,371672000,21.2890548706055
"2014-07-24",24.2600002288818,24.3299999237061,24.1049995422363,24.2574996948242,182916000,21.2540130615234
"2014-07-25",24.2124996185303,24.4599990844727,24.1599998474121,24.4174995422363,173876000,21.3941974639893
"2014-07-28",24.4549999237061,24.8099994659424,24.3875007629395,24.7549991607666,221272000,21.6899127960205
"2014-07-29",24.8325004577637,24.8600006103516,24.5625,24.5949993133545,172572000,21.5497245788574
"2014-07-30",24.6100006103516,24.6749992370605,24.4174995422363,24.5375003814697,132040000,21.4993457794189
"2014-07-31",24.2900009155273,24.3624992370605,23.8325004577637,23.8999996185303,227372000,20.9407768249512
"2014-08-01",23.7250003814697,24.1550006866455,23.7024993896484,24.0324993133545,194044000,21.0568656921387
"2014-08-04",24.0925006866455,24.1450004577637,23.7924995422363,23.8974990844727,159832000,20.9385776519775
"2014-08-05",23.8400001525879,23.9200000762939,23.5900001525879,23.7800006866455,223732000,20.8356323242188
"2014-08-06",23.6875,23.8700008392334,23.6774997711182,23.7399997711182,154232000,20.8005924224854
"2014-08-07",23.7325000762939,23.9874992370605,23.5249996185303,23.6200008392334,186844000,20.7983818054199
"2014-08-08",23.5650005340576,23.7049999237061,23.3199996948242,23.6849994659424,167460000,20.8556175231934
"2014-08-11",23.8174991607666,24.0200004577637,23.7099990844727,23.9974994659424,146340000,21.1307849884033
"2014-08-12",24.0100002288818,24.2199993133545,23.9025001525879,23.9925003051758,135180000,21.1263790130615
"2014-08-13",24.0375003814697,24.3099994659424,24.0100002288818,24.3099994659424,127664000,21.4059543609619
"2014-08-14",24.3325004577637,24.3924999237061,24.2000007629395,24.375,112464000,21.4631881713867
"2014-08-15",24.4750003814697,24.5475006103516,24.2150001525879,24.4950008392334,195804000,21.5688648223877
"2014-08-18",24.6224994659424,24.8425006866455,24.4950008392334,24.7900009155273,190288000,21.8286228179932
"2014-08-19",24.8525009155273,25.1700000762939,24.8299999237061,25.1324996948242,277596000,22.1302051544189
"2014-08-20",25.1100006103516,25.2724990844727,24.9874992370605,25.1424999237061,210796000,22.1390113830566
"2014-08-21",25.1424999237061,25.2350006103516,25.0275001525879,25.1450004577637,133912000,22.1412105560303
"2014-08-22",25.0725002288818,25.3675003051758,25.0475006103516,25.3299999237061,176736000,22.3041152954102
"2014-08-25",25.4475002288818,25.5424995422363,25.3199996948242,25.3850002288818,161080000,22.3525428771973
"2014-08-26",25.3549995422363,25.375,25.2150001525879,25.2224998474121,132608000,22.2094535827637
"2014-08-27",25.2549991607666,25.6424999237061,25.1749992370605,25.5324993133545,209476000,22.4824275970459
"2014-08-28",25.3974990844727,25.6949996948242,25.3899993896484,25.5625,273840000,22.5088405609131
"2014-08-29",25.7150001525879,25.7250003814697,25.5499992370605,25.625,178380000,22.5638675689697
"2014-09-02",25.7649993896484,25.9349994659424,25.6800003051758,25.8250007629395,214256000,22.7399768829346
"2014-09-03",25.7749996185303,25.7999992370605,24.6450004577637,24.7350006103516,501684000,21.7801895141602
"2014-09-04",24.7124996185303,25.0224990844727,24.4475002288818,24.5300006866455,342872000,21.5996799468994
"2014-09-05",24.7000007629395,24.8474998474121,24.5774993896484,24.7425003051758,233828000,21.7867965698242
"2014-09-08",24.8250007629395,24.8274993896484,24.5125007629395,24.5900001525879,185426800,21.652515411377
"2014-09-09",24.7700004577637,25.7700004577637,24.0349998474121,24.4974994659424,759385200,21.5710563659668
"2014-09-10",24.5025005340576,25.2775001525879,24.4400005340576,25.25,403478400,22.23366355896
"2014-09-11",25.1025009155273,25.3600006103516,24.9050006866455,25.3575000762939,249412400,22.3283233642578
"2014-09-12",25.3024997711182,25.5475006103516,25.2700004577637,25.4150009155273,250504400,22.3789596557617
"2014-09-15",25.7024993896484,25.7625007629395,25.3600006103516,25.4074993133545,245266000,22.3723564147949
"2014-09-16",24.9500007629395,25.3150005340576,24.7224998474121,25.2150001525879,267632400,22.2028503417969
"2014-09-17",25.3174991607666,25.4500007629395,25.1474990844727,25.3950004577637,243706000,22.361349105835
"2014-09-18",25.4825000762939,25.5874996185303,25.3899993896484,25.4475002288818,149197600,22.4075775146484
"2014-09-19",25.5725002288818,25.5874996185303,25.125,25.2399997711182,283609600,22.2248630523682
"2014-09-22",25.4500007629395,25.5349998474121,25.1450004577637,25.2649993896484,211153600,22.2468776702881
"2014-09-23",25.1499996185303,25.7350006103516,25.1350002288818,25.6599998474121,253608800,22.594690322876
"2014-09-24",25.5400009155273,25.7124996185303,25.2999992370605,25.4375,240687200,22.3987674713135
"2014-09-25",25.1275005340576,25.1774997711182,24.4300003051758,24.4675006866455,400368000,21.5446434020996
"2014-09-26",24.6324996948242,25.1875,24.6000003814697,25.1875,249482000,22.1786403656006
"2014-09-29",24.6625003814697,25.1100006103516,24.6574993133545,25.0275001525879,199065200,22.0377388000488
"2014-09-30",25.2024993896484,25.3850002288818,25.1324996948242,25.1875,221056400,22.1786403656006
"2014-10-01",25.1474990844727,25.1725006103516,24.6749992370605,24.7950000762939,205965200,21.8330211639404
"2014-10-02",24.8174991607666,25.0550003051758,24.5100002288818,24.9750003814697,191031200,21.9915218353271
"2014-10-03",24.8600006103516,25.0524997711182,24.7600002288818,24.9050006866455,173878400,21.9298820495605
"2014-10-06",24.9874992370605,25.1625003814697,24.8549995422363,24.9050006866455,148204800,21.9298820495605
"2014-10-07",24.8575000762939,25.0300006866455,24.6825008392334,24.6875,168376800,21.7383613586426
"2014-10-08",24.6900005340576,25.2775001525879,24.5774993896484,25.2000007629395,229618800,22.1896438598633
"2014-10-09",25.3850002288818,25.5949993133545,25.1525001525879,25.2549991607666,309506000,22.2380714416504
"2014-10-10",25.1725006103516,25.5074996948242,25.0750007629395,25.1825008392334,265326400,22.1742362976074
"2014-10-13",25.3325004577637,25.4449996948242,24.9524993896484,24.9524993896484,214333600,21.9717063903809
"2014-10-14",25.0974998474121,25.1299991607666,24.6424999237061,24.6875,254754400,21.7383613586426
"2014-10-15",24.4925003051758,24.7875003814697,23.7950000762939,24.3850002288818,403734400,21.4719924926758
"2014-10-16",23.8875007629395,24.4300003051758,23.8525009155273,24.0650005340576,288618000,21.1902236938477
"2014-10-17",24.375,24.75,24.2024993896484,24.4174995422363,272718800,21.5006122589111
"2014-10-20",24.5799999237061,24.9899997711182,24.5550003051758,24.9400005340576,310069200,21.9607028961182
"2014-10-21",25.7549991607666,25.7549991607666,25.3174991607666,25.6175003051758,378495600,22.5572700500488
"2014-10-22",25.7099990844727,26.0275001525879,25.6499996185303,25.7474994659424,273052400,22.6717357635498
"2014-10-23",26.0200004577637,26.2625007629395,25.9074993133545,26.2075004577637,284298800,23.0767879486084
"2014-10-24",26.2950000762939,26.3724994659424,26.1324996948242,26.3050003051758,188215600,23.1626415252686
"2014-10-27",26.2124996185303,26.3700008392334,26.1749992370605,26.2775001525879,136750800,23.1384239196777
"2014-10-28",26.3500003814697,26.6849994659424,26.3374996185303,26.6849994659424,192243600,23.4972476959229
"2014-10-29",26.6625003814697,26.8425006866455,26.5900001525879,26.8349990844727,210751600,23.629322052002
"2014-10-30",26.7399997711182,26.8374996185303,26.4750003814697,26.7450008392334,162619200,23.5500793457031
"2014-10-31",27.0025005340576,27.0100002288818,26.8024997711182,27,178557200,23.7746181488037
"2014-11-03",27.0550003051758,27.5750007629395,27.0025005340576,27.3500003814697,209130400,24.0828056335449
"2014-11-04",27.3400001525879,27.3724994659424,26.9300003051758,27.1499996185303,166297600,23.9066982269287
"2014-11-05",27.2749996185303,27.3250007629395,27.0324993133545,27.2150001525879,149743600,23.9639339447021
"2014-11-06",27.1499996185303,27.1975002288818,26.9500007629395,27.1749992370605,139874000,24.0324630737305
"2014-11-07",27.1875,27.3299999237061,27.1375007629395,27.2525005340576,134766000,24.1010036468506
"2014-11-10",27.2549991607666,27.3325004577637,27.1674995422363,27.2075004577637,108782000,24.0612049102783
"2014-11-11",27.1749992370605,27.4375,27.1000003814697,27.4249992370605,109769200,24.2535610198975
"2014-11-12",27.3449993133545,27.8575000762939,27.3425006866455,27.8125,187769600,24.5962524414062
"2014-11-13",27.9500007629395,28.3624992370605,27.8999996185303,28.2049999237061,238091600,24.9433631896973
"2014-11-14",28.2875003814697,28.5475006103516,27.8024997711182,28.5450000762939,176254400,25.2440433502197
"2014-11-17",28.5674991607666,29.3199996948242,28.3250007629395,28.4974994659424,186986800,25.2020301818848
"2014-11-18",28.4850006103516,28.9225006103516,28.4724998474121,28.8675003051758,176896000,25.5292491912842
"2014-11-19",28.8600006103516,28.9349994659424,28.4500007629395,28.6674995422363,167476800,25.3523769378662
"2014-11-20",28.7275009155273,29.2150001525879,28.7124996185303,29.0774993896484,173582000,25.7149600982666
"2014-11-21",29.3775005340576,29.3924999237061,29.0074996948242,29.1175003051758,228717200,25.7503452301025
"2014-11-24",29.2124996185303,29.6924991607666,29.1550006866455,29.6574993133545,189803200,26.2278861999512
"2014-11-25",29.7674999237061,29.9375,29.3624992370605,29.3999996185303,275361600,26.0001754760742
"2014-11-26",29.4850006103516,29.7749996185303,29.4575004577637,29.75,163073200,26.3096961975098
"2014-11-28",29.8174991607666,29.8500003814697,29.5125007629395,29.7325000762939,99257600,26.2942218780518
"2014-12-01",29.7024993896484,29.8125,27.8174991607666,28.7674999237061,335256000,25.4408054351807
"2014-12-02",28.375,28.9375,28.1875,28.6574993133545,237395600,25.3435325622559
"2014-12-03",28.9375,29.0874996185303,28.7775001525879,28.9825000762939,172253600,25.630952835083
"2014-12-04",28.9424991607666,29.2999992370605,28.8225002288818,28.8724994659424,168178000,25.5336647033691
"2014-12-05",28.9974994659424,29.0200004577637,28.6599998474121,28.75,153275600,25.4253387451172
"2014-12-08",28.5249996185303,28.6625003814697,27.9050006866455,28.1000003814697,230659600,24.8505039215088
"2014-12-09",27.5475006103516,28.5750007629395,27.3374996185303,28.5300006866455,240832000,25.2307815551758
"2014-12-10",28.6025009155273,28.7124996185303,27.8850002288818,27.9874992370605,178261200,24.7510108947754
"2014-12-11",28.0650005340576,28.4500007629395,27.8349990844727,27.9050006866455,165606800,24.6780490875244
"2014-12-12",27.6149997711182,27.9675006866455,27.3950004577637,27.4325008392334,224112400,24.2601890563965
"2014-12-15",27.6749992370605,27.8999996185303,26.5874996185303,27.0575008392334,268872400,23.9285545349121
"2014-12-16",26.5925006866455,27.5400009155273,26.5650005340576,26.6875,243162800,23.6013450622559
"2014-12-17",26.7800006866455,27.4599990844727,26.7049999237061,27.3525009155273,213647200,24.1894454956055
"2014-12-18",27.9675006866455,28.1625003814697,27.6650009155273,28.1625003814697,236024800,24.9057769775391
"2014-12-19",28.0650005340576,28.3099994659424,27.9150009155273,27.9449996948242,353719200,24.7134227752686
"2014-12-22",28.0400009155273,28.3724994659424,27.9925003051758,28.2350006103516,180670000,24.9698944091797
"2014-12-23",28.3075008392334,28.3325004577637,28.1149997711182,28.1350002288818,104113600,24.881462097168
"2014-12-24",28.1450004577637,28.1774997711182,28.0025005340576,28.0025005340576,57918400,24.764274597168
"2014-12-26",28.0249996185303,28.6299991607666,28.0025005340576,28.4974994659424,134884000,25.2020301818848
"2014-12-29",28.4475002288818,28.6924991607666,28.4249992370605,28.4775009155273,110395600,25.1843528747559
"2014-12-30",28.4099998474121,28.4799995422363,28.0275001525879,28.1299991607666,119526000,24.877025604248
"2014-12-31",28.2049999237061,28.2824993133545,27.5524997711182,27.5949993133545,165613600,24.4039001464844
"2015-01-02",27.8474998474121,27.8600006103516,26.8374996185303,27.3325004577637,212818400,24.1717624664307
"2015-01-05",27.0725002288818,27.1625003814697,26.3525009155273,26.5625,257142000,23.4908027648926
"2015-01-06",26.6350002288818,26.8575000762939,26.1574993133545,26.5650005340576,263188400,23.493013381958
"2015-01-07",26.7999992370605,27.0499992370605,26.6749992370605,26.9375,160423600,23.8224353790283
"2015-01-08",27.3075008392334,28.0375003814697,27.1749992370605,27.9724998474121,237458000,24.7377471923828
"2015-01-09",28.1674995422363,28.3125,27.5524997711182,28.0025005340576,214798000,24.764274597168
"2015-01-12",28.1499996185303,28.1574993133545,27.2000007629395,27.3125,198603200,24.1540699005127
"2015-01-13",27.8575000762939,28.2000007629395,27.2275009155273,27.5550003051758,268367600,24.3685302734375
"2015-01-14",27.2600002288818,27.6224994659424,27.125,27.4500007629395,195826400,24.2756633758545
"2015-01-15",27.5,27.5149993896484,26.6650009155273,26.7049999237061,240056000,23.6168193817139
"2015-01-16",26.7574996948242,26.8950004577637,26.2999992370605,26.4974994659424,314053200,23.4333152770996
"2015-01-20",26.9599990844727,27.2425003051758,26.625,27.1800003051758,199599600,24.0368919372559
"2015-01-21",27.2374992370605,27.7649993896484,27.0674991607666,27.3875007629395,194303600,24.2203922271729
"2015-01-22",27.5650005340576,28.1175003051758,27.4300003051758,28.1000003814697,215185600,24.8505039215088
"2015-01-23",28.0750007629395,28.4375,27.8824996948242,28.2450008392334,185859200,24.9787349700928
"2015-01-26",28.4349994659424,28.5900001525879,28.2000007629395,28.2749996185303,222460000,25.0052642822266
"2015-01-27",28.1049995422363,28.1200008392334,27.2574996948242,27.2849998474121,382274800,24.1297473907471
"2015-01-28",29.4074993133545,29.5300006866455,28.8274993896484,28.8274993896484,585908400,25.4938716888428
"2015-01-29",29.0799999237061,29.7975006103516,28.8899993896484,29.7250003814697,337745600,26.2875862121582
"2015-01-30",29.6000003814697,30,29.2124996185303,29.2900009155273,334982000,25.9028949737549
"2015-02-02",29.5125007629395,29.7924995422363,29.0200004577637,29.6574993133545,250956400,26.2278861999512
"2015-02-03",29.625,29.7724990844727,29.4025001525879,29.6625003814697,207662800,26.2323112487793
"2015-02-04",29.625,30.1275005340576,29.5774993896484,29.8899993896484,280598800,26.4334983825684
"2015-02-05",30.0049991607666,30.0575008392334,29.8125,29.9850006103516,168984800,26.6221790313721
"2015-02-06",30.0049991607666,30.0625,29.6124992370605,29.7325000762939,174826400,26.3979930877686
"2015-02-09",29.6375007629395,29.9599990844727,29.6075000762939,29.9300003051758,155559200,26.5733432769775
"2015-02-10",30.0424995422363,30.5375003814697,30.0400009155273,30.5049991607666,248034000,27.083854675293
"2015-02-11",30.6924991607666,31.2299995422363,30.625,31.2199993133545,294247200,27.7186698913574
"2015-02-12",31.5149993896484,31.8700008392334,31.3924999237061,31.6149997711182,297898000,28.069372177124
"2015-02-13",31.8199996948242,31.8199996948242,31.4125003814697,31.7700004577637,217088800,28.2069835662842
"2015-02-17",31.8724994659424,32.2200012207031,31.7299995422363,31.9575004577637,252609600,28.3734569549561
"2015-02-18",31.9074993133545,32.1949996948242,31.8624992370605,32.1800003051758,179566800,28.571008682251
"2015-02-19",32.1199989318848,32.2574996948242,32.0825004577637,32.1124992370605,149449600,28.5110721588135
"2015-02-20",32.1549987792969,32.375,32.0125007629395,32.375,195793600,28.7441329956055
"2015-02-23",32.5050010681152,33.25,32.4150009155273,33.25,283896400,29.5210075378418
"2015-02-24",33.2350006103516,33.4000015258789,32.7924995422363,33.0424995422363,276912400,29.3367805480957
"2015-02-25",32.8899993896484,32.9000015258789,32.0374984741211,32.1974983215332,298846800,28.586540222168
"2015-02-26",32.1974983215332,32.7174987792969,31.6525001525879,32.6049995422363,365150000,28.9483394622803
"2015-02-27",32.5,32.6425018310547,32.060001373291,32.1150016784668,248059200,28.5132904052734
"2015-03-02",32.3125,32.5699996948242,32.0750007629395,32.2724990844727,192386800,28.6531314849854
"2015-03-03",32.2400016784668,32.3800010681152,32.0224990844727,32.3400001525879,151265200,28.7130603790283
"2015-03-04",32.2750015258789,32.3899993896484,32.0800018310547,32.1349983215332,126665200,28.5310478210449
"2015-03-05",32.1450004577637,32.1875,31.4400005340576,31.6025009155273,226068400,28.0582714080811
"2015-03-06",32.0999984741211,32.3424987792969,31.5650005340576,31.6499996185303,291368400,28.1004486083984
"2015-03-09",31.9899997711182,32.3925018310547,31.2649993896484,31.7849998474121,354114000,28.2203044891357
"2015-03-10",31.6025009155273,31.8050003051758,30.9500007629395,31.1275005340576,275426400,27.636547088623
"2015-03-11",31.1875,31.1924991607666,30.5275001525879,30.5599994659424,275756000,27.1326885223389
"2015-03-12",30.5774993896484,31.2250003814697,30.4074993133545,31.1124992370605,193450800,27.623218536377
"2015-03-13",31.1000003814697,31.3500003814697,30.6450004577637,30.8974990844727,207309200,27.4323387145996
"2015-03-16",30.9699993133545,31.2374992370605,30.7175006866455,31.2374992370605,143497200,27.7342052459717
"2015-03-17",31.4750003814697,31.8299999237061,31.4125003814697,31.7600002288818,204092400,28.1981048583984
"2015-03-18",31.75,32.2900009155273,31.5925006866455,32.1175003051758,261083600,28.5155239105225
"2015-03-19",32.1875,32.3125,31.8500003814697,31.875,183238000,28.3002090454102
"2015-03-20",32.0625,32.0999984741211,31.2900009155273,31.4750003814697,274780400,27.9450740814209
"2015-03-23",31.7800006866455,31.9624996185303,31.6299991607666,31.8024997711182,150838800,28.23583984375
"2015-03-24",31.8075008392334,32.0099983215332,31.6399993896484,31.6725006103516,131369200,28.1204242706299
"2015-03-25",31.6350002288818,31.7049999237061,30.8449993133545,30.8449993133545,206620800,27.3857250213623
"2015-03-26",30.6900005340576,31.2199993133545,30.6499996185303,31.0599994659424,190291600,27.5766105651855
"2015-03-27",31.1424999237061,31.1749992370605,30.7275009155273,30.8125,158184800,27.3568706512451
"2015-03-30",31.0125007629395,31.6000003814697,31,31.5925006866455,188398800,28.0493907928467
"2015-03-31",31.5224990844727,31.6224994659424,31.0900001525879,31.1075000762939,168362400,27.6187896728516
"2015-04-01",31.2049999237061,31.2800006866455,30.7749996185303,31.0625,162485600,27.57883644104
"2015-04-02",31.2574996948242,31.3899993896484,31.0475006103516,31.3299999237061,128880400,27.816333770752
"2015-04-06",31.1175003051758,31.8775005340576,31.0825004577637,31.8374996185303,148776000,28.266918182373
"2015-04-07",31.9099998474121,32.0299987792969,31.4950008392334,31.5025005340576,140049200,27.9694862365723
"2015-04-08",31.4624996185303,31.6000003814697,31.2425003051758,31.3999996185303,149316800,27.8784809112549
"2015-04-09",31.4624996185303,31.6450004577637,31.1650009155273,31.6399993896484,129936000,28.0915660858154
"2015-04-10",31.4874992370605,31.8024997711182,31.3150005340576,31.7749996185303,160752000,28.2114276885986
"2015-04-13",32.0924987792969,32.1425018310547,31.6525001525879,31.7124996185303,145460400,28.155933380127
"2015-04-14",31.75,31.8225002288818,31.4775009155273,31.5750007629395,102098400,28.0338554382324
"2015-04-15",31.6025009155273,31.7824993133545,31.5025005340576,31.6949996948242,115881600,28.1403942108154
"2015-04-16",31.5699996948242,31.7749996185303,31.5275001525879,31.5424995422363,113476000,28.0050029754639
"2015-04-17",31.3875007629395,31.5349998474121,31.1149997711182,31.1875,207828000,27.6898193359375
"2015-04-20",31.3924999237061,32.0299987792969,31.2924995422363,31.8999996185303,188217200,28.3224010467529
"2015-04-21",32.0250015258789,32.0499992370605,31.6674995422363,31.7275009155273,129740400,28.1692543029785
"2015-04-22",31.7474994659424,32.2174987792969,31.5799999237061,32.1549987792969,150618000,28.5488052368164
"2015-04-23",32.0750007629395,32.6049995422363,32.0349998474121,32.4174995422363,183083600,28.781867980957
"2015-04-24",32.622501373291,32.6575012207031,32.3074989318848,32.5699996948242,178103600,28.9172687530518
"2015-04-27",33.0774993896484,33.2825012207031,32.7874984741211,33.1624984741211,387816800,29.4433174133301
"2015-04-28",33.6150016784668,33.6349983215332,32.3925018310547,32.6399993896484,475696000,28.9794158935547
"2015-04-29",32.5400009155273,32.8974990844727,32.0750007629395,32.1599998474121,253544400,28.553243637085
"2015-04-30",32.1599998474121,32.1599998474121,31.1450004577637,31.2875003814697,332781600,27.7785968780518
"2015-05-01",31.5249996185303,32.5325012207031,31.3250007629395,32.2374992370605,234050400,28.6220531463623
"2015-05-04",32.375,32.6425018310547,32.064998626709,32.1749992370605,203953200,28.5665664672852
"2015-05-05",32.0374984741211,32.1124992370605,31.4449996948242,31.4500007629395,197085600,27.9228687286377
"2015-05-06",31.6399993896484,31.6875,30.8400001525879,31.2525005340576,288564000,27.747522354126
"2015-05-07",31.1924991607666,31.5200004577637,31.0049991607666,31.3150005340576,175763600,27.9191551208496
"2015-05-08",31.6700000762939,31.9050006866455,31.5275001525879,31.9050006866455,222201600,28.4451732635498
"2015-05-11",31.8474998474121,31.8899993896484,31.4074993133545,31.5799999237061,168143200,28.1554107666016
"2015-05-12",31.3999996185303,31.7199993133545,31.2049999237061,31.4675006866455,192640000,28.0551147460938
"2015-05-13",31.5375003814697,31.7975006103516,31.4675006866455,31.5025005340576,138776800,28.0863208770752
"2015-05-14",31.8525009155273,32.2374992370605,31.7900009155273,32.2374992370605,180814000,28.7416076660156
"2015-05-15",32.2675018310547,32.372501373291,32.0525016784668,32.1925010681152,152832000,28.7014846801758
"2015-05-18",32.0950012207031,32.6800003051758,32.0900001525879,32.5475006103516,203531600,29.0179901123047
"2015-05-19",32.6725006103516,32.7200012207031,32.4099998474121,32.5175018310547,178532800,28.9912509918213
"2015-05-20",32.5,32.7449989318848,32.3349990844727,32.5149993896484,145819600,28.9890213012695
"2015-05-21",32.5175018310547,32.9075012207031,32.4575004577637,32.8474998474121,158921600,29.2854557037354
"2015-05-22",32.9000015258789,33.2425003051758,32.8499984741211,33.1349983215332,182384000,29.541784286499
"2015-05-26",33.1500015258789,33.2275009155273,32.2799987792969,32.4049987792969,282790400,28.890941619873
"2015-05-27",32.5849990844727,33.064998626709,32.5125007629395,33.0099983215332,183332800,29.4303340911865
"2015-05-28",32.9650001525879,32.9874992370605,32.7750015258789,32.9449996948242,122933200,29.3723850250244
"2015-05-29",32.8074989318848,32.8624992370605,32.4749984741211,32.5699996948242,203538000,29.0380592346191
"2015-06-01",32.5699996948242,32.8474998474121,32.5125007629395,32.6349983215332,128451200,29.0960006713867
"2015-06-02",32.4650001525879,32.6650009155273,32.3300018310547,32.4900016784668,134670400,28.9667320251465
"2015-06-03",32.6650009155273,32.7350006103516,32.4749984741211,32.5299987792969,123934000,29.0023937225342
"2015-06-04",32.3950004577637,32.6450004577637,32.2275009155273,32.3400001525879,153800400,28.8329963684082
"2015-06-05",32.375,32.4225006103516,32.0900001525879,32.1624984741211,142507200,28.6747455596924
"2015-06-08",32.2249984741211,32.3025016784668,31.7075004577637,31.9500007629395,210699200,28.4852848052979
"2015-06-09",31.6749992370605,32.0200004577637,31.4050006866455,31.8549995422363,224301600,28.4005870819092
"2015-06-10",31.9799995422363,32.3349990844727,31.9624996185303,32.2200012207031,156349200,28.7260093688965
"2015-06-11",32.2949981689453,32.5449981689453,32.1199989318848,32.1474990844727,141563600,28.6613731384277
"2015-06-12",32.0475006103516,32.0825004577637,31.7775001525879,31.7924995422363,147544800,28.3448657989502
"2015-06-15",31.5249996185303,31.8099994659424,31.4274997711182,31.7299995422363,175955600,28.2891464233398
"2015-06-16",31.7574996948242,31.9624996185303,31.5925006866455,31.8999996185303,125976400,28.4407081604004
"2015-06-17",31.9300003051758,31.9699993133545,31.6849994659424,31.8250007629395,131672400,28.3738384246826
"2015-06-18",31.8075008392334,32.0774993896484,31.8050003051758,31.9699993133545,141628800,28.503116607666
"2015-06-19",31.9274997711182,31.9549999237061,31.6000003814697,31.6499996185303,218867600,28.2178249359131
"2015-06-22",31.8724994659424,32.0149993896484,31.7700004577637,31.9025001525879,136157200,28.4429378509521
"2015-06-23",31.8700008392334,31.9025001525879,31.7199993133545,31.7574996948242,121075600,28.3136672973633
"2015-06-24",31.8024997711182,32.4500007629395,31.7800006866455,32.0275001525879,221123600,28.5543804168701
"2015-06-25",32.2150001525879,32.2999992370605,31.875,31.875,127752400,28.418420791626
"2015-06-26",31.9174995422363,31.9974994659424,31.6275005340576,31.6875,176267200,28.2512512207031
"2015-06-29",31.3649997711182,31.6175003051758,31.1200008392334,31.1324996948242,196645600,27.756441116333
"2015-06-30",31.3924999237061,31.5300006866455,31.2150001525879,31.3575000762939,177482800,27.9570369720459
"2015-07-01",31.7250003814697,31.7350006103516,31.4974994659424,31.6499996185303,120955200,28.2178249359131
"2015-07-02",31.6075000762939,31.6725006103516,31.4424991607666,31.6100006103516,108844000,28.1821556091309
"2015-07-06",31.2350006103516,31.5575008392334,31.2124996185303,31.5,112241600,28.0840892791748
"2015-07-07",31.4724998474121,31.5375003814697,30.9424991607666,31.4225006103516,187787200,28.0149917602539
"2015-07-08",31.1200008392334,31.1599998474121,30.6350002288818,30.6424999237061,243046400,27.3195762634277
"2015-07-09",30.9624996185303,31.0149993896484,29.8050003051758,30.0174999237061,314380000,26.7623500823975
"2015-07-10",30.4850006103516,30.9624996185303,30.3024997711182,30.8199996948242,245418000,27.4778289794922
"2015-07-13",31.2574996948242,31.4400005340576,31.0799999237061,31.4150009155273,165762000,28.0083103179932
"2015-07-14",31.5100002288818,31.5925006866455,31.2600002288818,31.4025001525879,127072400,27.9971675872803
"2015-07-15",31.4300003051758,31.7875003814697,31.3950004577637,31.7049999237061,134596800,28.2668571472168
"2015-07-16",31.9349994659424,32.1425018310547,31.8374996185303,32.127498626709,144889600,28.6435375213623
"2015-07-17",32.2700004577637,32.4049987792969,32.0774993896484,32.4049987792969,184658800,28.890941619873
"2015-07-20",32.7425003051758,33.2425003051758,32.6749992370605,33.0175018310547,235600800,29.4370346069336
"2015-07-21",33.2125015258789,33.2299995422363,32.5800018310547,32.6875,307025600,29.1428165435791
"2015-07-22",30.4974994659424,31.375,30.4974994659424,31.3050003051758,461802400,27.9102344512939
"2015-07-23",31.5499992370605,31.7724990844727,31.2649993896484,31.2900009155273,203998000,27.896858215332
"2015-07-24",31.3299999237061,31.4349994659424,30.9750003814697,31.125,168649200,27.7497520446777
"2015-07-27",30.7724990844727,30.9025001525879,30.5300006866455,30.6924991607666,177822000,27.3641548156738
"2015-07-28",30.8449993133545,30.9775009155273,30.6375007629395,30.8449993133545,134472400,27.5001163482666
"2015-07-29",30.7875003814697,30.875,30.5674991607666,30.7474994659424,148046800,27.4131870269775
"2015-07-30",30.5799999237061,30.6424999237061,30.4274997711182,30.5925006866455,134513200,27.2750034332275
"2015-07-31",30.6499996185303,30.6599998474121,30.2275009155273,30.3250007629395,171540000,27.0365123748779
"2015-08-03",30.375,30.6424999237061,29.3799991607666,29.6100006103516,279904000,26.3990421295166
"2015-08-04",29.3549995422363,29.4249992370605,28.3125,28.6599998474121,496554400,25.5520610809326
"2015-08-05",28.2374992370605,29.3600006103516,28.0249996185303,28.8500003814697,397250400,25.7214527130127
"2015-08-06",28.9925003051758,29.125,28.5300006866455,28.7824993133545,211612000,25.7774314880371
"2015-08-07",28.6450004577637,29.0625,28.625,28.8799991607666,154681600,25.8647556304932
"2015-08-10",29.1324996948242,29.9974994659424,29.1324996948242,29.9300003051758,219806400,26.8051242828369
"2015-08-11",29.4524993896484,29.5450000762939,28.3325004577637,28.3724994659424,388331200,25.4102401733398
"2015-08-12",28.1324996948242,28.8549995422363,27.4074993133545,28.8099994659424,404870000,25.8020610809326
"2015-08-13",29.0100002288818,29.1000003814697,28.6350002288818,28.7875003814697,194143200,25.7819118499756
"2015-08-14",28.5799999237061,29.0774993896484,28.5025005340576,28.9899997711182,171718000,25.9632682800293
"2015-08-17",29.0100002288818,29.4125003814697,28.875,29.2900009155273,163538800,26.2319507598877
"2015-08-18",29.1075000762939,29.3600006103516,29.0025005340576,29.125,138242800,26.0841732025146
"2015-08-19",29.0249996185303,29.1299991607666,28.6700000762939,28.7525005340576,193146000,25.7505645751953
"2015-08-20",28.5200004577637,28.5874996185303,27.9074993133545,28.1625003814697,274006400,25.2221641540527
"2015-08-21",27.6075000762939,27.9750003814697,26.4125003814697,26.4400005340576,513102000,23.6795063018799
"2015-08-24",23.7175006866455,27.2000007629395,23,25.7800006866455,648825200,23.0884132385254
"2015-08-25",27.7775001525879,27.7775001525879,25.875,25.9349994659424,414406400,23.2272243499756
"2015-08-26",26.7724990844727,27.4724998474121,26.2625007629395,27.4225006103516,387098400,24.5594253540039
"2015-08-27",28.0575008392334,28.3099994659424,27.5049991607666,28.2299995422363,338464400,25.2826137542725
"2015-08-28",28.0424995422363,28.3274993896484,27.8850002288818,28.3225002288818,212657600,25.3654670715332
"2015-08-31",28.0074996948242,28.6324996948242,28,28.1900005340576,224917200,25.2467937469482
"2015-09-01",27.5375003814697,27.9699993133545,26.8400001525879,26.9300003051758,307383600,24.1183452606201
"2015-09-02",27.5575008392334,28.0849990844727,27.2824993133545,28.0849990844727,247555200,25.1527538299561
"2015-09-03",28.1224994659424,28.1949996948242,27.5100002288818,27.5925006866455,212935600,24.7116756439209
"2015-09-04",27.2425003051758,27.6124992370605,27.1275005340576,27.3174991607666,199985200,24.4653797149658
"2015-09-08",27.9375,28.1399993896484,27.5799999237061,28.0774993896484,219374400,25.1460418701172
"2015-09-09",28.4400005340576,28.5049991607666,27.4424991607666,27.5375003814697,340043200,24.6624183654785
"2015-09-10",27.5674991607666,28.3199996948242,27.4750003814697,28.1424999237061,251571200,25.2042541503906
"2015-09-11",27.9475002288818,28.5524997711182,27.9400005340576,28.5524997711182,199662000,25.5714435577393
"2015-09-14",29.1450004577637,29.2224998474121,28.7150001525879,28.8274993896484,233453600,25.8177337646484
"2015-09-15",28.9825000762939,29.1324996948242,28.6049995422363,29.0699996948242,173364800,26.0349159240723
"2015-09-16",29.0625,29.1350002288818,28.8600006103516,29.1025009155273,148694000,26.0640277862549
"2015-09-17",28.9150009155273,29.1224994659424,28.4300003051758,28.4799995422363,256450400,25.5065155029297
"2015-09-18",28.0524997711182,28.5750007629395,27.9675006866455,28.3624992370605,297141200,25.4012813568115
"2015-09-21",28.4174995422363,28.8425006866455,28.4150009155273,28.8024997711182,200888000,25.7953433990479
"2015-09-22",28.3449993133545,28.5450000762939,28.1299991607666,28.3500003814697,201384800,25.3900833129883
"2015-09-23",28.4074993133545,28.6800003051758,28.3250007629395,28.5799999237061,143026800,25.596076965332
"2015-09-24",28.3125,28.875,28.0925006866455,28.75,200878000,25.7483291625977
"2015-09-25",29.1100006103516,29.1725006103516,28.5049991607666,28.6774997711182,224607600,25.6833915710449
"2015-09-28",28.4624996185303,28.6424999237061,28.1100006103516,28.1100006103516,208436000,25.175142288208
"2015-09-29",28.2075004577637,28.3775005340576,26.9650001525879,27.2649993896484,293461600,24.4183712005615
"2015-09-30",27.5424995422363,27.8850002288818,27.1825008392334,27.5750007629395,265892000,24.6960105895996
"2015-10-01",27.2674999237061,27.4050006866455,26.8274993896484,27.3950004577637,255716400,24.5347995758057
"2015-10-02",27.0025005340576,27.7525005340576,26.8875007629395,27.5949993133545,232079200,24.7139129638672
"2015-10-05",27.4699993133545,27.8425006866455,27.2674999237061,27.6949996948242,208258800,24.8034725189209
"2015-10-06",27.6574993133545,27.9349994659424,27.4424991607666,27.8274993896484,192787200,24.92214012146
"2015-10-07",27.9349994659424,27.9424991607666,27.3525009155273,27.6949996948242,187062400,24.8034725189209
"2015-10-08",27.5475006103516,27.5475006103516,27.0524997711182,27.375,247918400,24.5168857574463
"2015-10-09",27.5,28.0699996948242,27.3724994659424,28.0300006866455,211064400,25.1035003662109
"2015-10-12",28.1825008392334,28.1875,27.8600006103516,27.8999996185303,121868800,24.9870738983154
"2015-10-13",27.7049999237061,28.1124992370605,27.6700000762939,27.9475002288818,132197200,25.0296115875244
"2015-10-14",27.8225002288818,27.8799991607666,27.3899993896484,27.5524997711182,177849600,24.6758441925049
"2015-10-15",27.7325000762939,28.0249996185303,27.6224994659424,27.9650001525879,150694000,25.0452842712402
"2015-10-16",27.9449996948242,28,27.6324996948242,27.7600002288818,156930400,24.861686706543
"2015-10-19",27.7000007629395,27.9375,27.5275001525879,27.9325008392334,119036800,25.0161762237549
"2015-10-20",27.8349990844727,28.5424995422363,27.7049999237061,28.4424991607666,195871200,25.4729309082031
"2015-10-21",28.5,28.8950004577637,28.4249992370605,28.4400005340576,167180800,25.4706954956055
"2015-10-22",28.5825004577637,28.875,28.5249996185303,28.875,166616400,25.8602714538574
"2015-10-23",29.1749992370605,29.8075008392334,29.0825004577637,29.7700004577637,237467600,26.6618309020996
"2015-10-26",29.5200004577637,29.5324993133545,28.7299995422363,28.8199996948242,265335200,25.811014175415
"2015-10-27",28.8500003814697,29.1350002288818,28.4974994659424,28.6375007629395,279537600,25.647575378418
"2015-10-28",29.2325000762939,29.8250007629395,29.0149993896484,29.8174991607666,342205600,26.7043704986572
"2015-10-29",29.6749992370605,30.1725006103516,29.5674991607666,30.1324996948242,204909200,26.9864826202393
"2015-10-30",30.2474994659424,30.3050003051758,29.8624992370605,29.875,197461200,26.7558727264404
"2015-11-02",30.2000007629395,30.3400001525879,29.9025001525879,30.2950000762939,128813200,27.1320171356201
"2015-11-03",30.1975002288818,30.8724994659424,30.1749992370605,30.6424999237061,182076000,27.4432392120361
"2015-11-04",30.7824993133545,30.9549999237061,30.4050006866455,30.5,179544400,27.315616607666
"2015-11-05",30.4624996185303,30.6725006103516,30.0450000762939,30.2299995422363,158210800,27.1896934509277
"2015-11-06",30.2775001525879,30.4524993896484,30.1550006866455,30.2649993896484,132169200,27.2211742401123
"2015-11-09",30.2399997711182,30.4524993896484,30.0125007629395,30.1424999237061,135485600,27.1109943389893
"2015-11-10",29.2250003814697,29.5174999237061,29.0149993896484,29.1924991607666,236511600,26.2565307617188
"2015-11-11",29.0925006866455,29.3549995422363,28.8024997711182,29.0275001525879,180872000,26.1081295013428
"2015-11-12",29.0650005340576,29.2049999237061,28.9125003814697,28.9300003051758,130102400,26.0204410552979
"2015-11-13",28.7999992370605,28.8924999237061,28.0674991607666,28.0849990844727,183249600,25.2604236602783
"2015-11-16",27.8449993133545,28.5599994659424,27.75,28.5450000762939,152426800,25.6741619110107
"2015-11-17",28.7299995422363,28.7625007629395,28.3299999237061,28.4225006103516,110467600,25.5639781951904
"2015-11-18",28.9400005340576,29.3724994659424,28.875,29.3225002288818,186698800,26.3734607696533
"2015-11-19",29.4099998474121,29.9375,29.1900005340576,29.6949996948242,173183200,26.7084999084473
"2015-11-20",29.7999992370605,29.9799995422363,29.7124996185303,29.8250007629395,137148400,26.8254261016846
"2015-11-23",29.8174991607666,29.9325008392334,29.3349990844727,29.4375,129930000,26.4769039154053
"2015-11-24",29.3325004577637,29.8374996185303,29.2800006866455,29.7199993133545,171212800,26.7309856414795
"2015-11-25",29.8024997711182,29.8075008392334,29.4799995422363,29.5074996948242,85553200,26.5398559570312
"2015-11-27",29.5725002288818,29.6025009155273,29.3999996185303,29.4524993896484,52185600,26.4903831481934
"2015-11-30",29.4974994659424,29.8525009155273,29.4375,29.5750007629395,156721200,26.6005668640137
"2015-12-01",29.6875,29.7024993896484,29.2150001525879,29.3349990844727,139409600,26.3847007751465
"2015-12-02",29.3349990844727,29.5275001525879,29.0200004577637,29.0699996948242,133546400,26.1463623046875
"2015-12-03",29.1375007629395,29.1975002288818,28.5550003051758,28.7999992370605,166278000,25.9035110473633
"2015-12-04",28.8225002288818,29.8125,28.7775001525879,29.7574996948242,231108000,26.7647132873535
"2015-12-07",29.7450008392334,29.9650001525879,29.4524993896484,29.5699996948242,128336800,26.5960712432861
"2015-12-08",29.3799991607666,29.6499996185303,29.2150001525879,29.5575008392334,137238000,26.5848331451416
"2015-12-09",29.4099998474121,29.4225006103516,28.7700004577637,28.9050006866455,185445600,25.9979610443115
"2015-12-10",29.0100002288818,29.2350006103516,28.8775005340576,29.0424995422363,116850800,26.1216259002686
"2015-12-11",28.7975006103516,28.8474998474121,28.2124996185303,28.2950000762939,187544800,25.4492969512939
"2015-12-14",28.0450000762939,28.1700000762939,27.4475002288818,28.1200008392334,257274800,25.2919082641602
"2015-12-15",27.9850006103516,28.2000007629395,27.5874996185303,27.6224994659424,213292400,24.8444366455078
"2015-12-16",27.7674999237061,27.9974994659424,27.2000007629395,27.8349990844727,224954000,25.0355663299561
"2015-12-17",28.0049991607666,28.0625,27.2450008392334,27.2450008392334,179091200,24.504903793335
"2015-12-18",27.2275009155273,27.3799991607666,26.4524993896484,26.5074996948242,385813200,23.8415775299072
"2015-12-21",26.8199996948242,26.8425006866455,26.3924999237061,26.8325004577637,190362400,24.1338882446289
"2015-12-22",26.8500003814697,26.9300003051758,26.6124992370605,26.8075008392334,131157600,24.1114063262939
"2015-12-23",26.8174991607666,27.2124996185303,26.7999992370605,27.1525001525879,130629600,24.4217071533203
"2015-12-24",27.25,27.25,26.9874992370605,27.0074996948242,54281600,24.2912864685059
"2015-12-28",26.8974990844727,26.9225006103516,26.5450000762939,26.7049999237061,106816800,24.0192165374756
"2015-12-29",26.7399997711182,27.3575000762939,26.7150001525879,27.1849994659424,123724800,24.4509372711182
"2015-12-30",27.1450004577637,27.1749992370605,26.7950000762939,26.8299999237061,100855200,24.1316413879395
"2015-12-31",26.7525005340576,26.7574996948242,26.2049999237061,26.3150005340576,163649200,23.6684379577637
"2016-01-04",25.6525001525879,26.3425006866455,25.5,26.3374996185303,270597600,23.6886768341064
"2016-01-05",26.4375,26.4624996185303,25.6025009155273,25.6774997711182,223164000,23.0950527191162
"2016-01-06",25.1399993896484,25.5925006866455,24.9675006866455,25.1749992370605,273829600,22.6430912017822
"2016-01-07",24.6700000762939,25.0324993133545,24.1075000762939,24.1124992370605,324377600,21.6874465942383
"2016-01-08",24.6375007629395,24.7775001525879,24.1900005340576,24.2399997711182,283192000,21.8021221160889
"2016-01-11",24.7425003051758,24.7649993896484,24.3349990844727,24.6324996948242,198957600,22.1551418304443
"2016-01-12",25.1375007629395,25.1725006103516,24.7099990844727,24.9899997711182,196616800,22.476692199707
"2016-01-13",25.0799999237061,25.2975006103516,24.3250007629395,24.3474998474121,249758400,21.8988056182861
"2016-01-14",24.4899997711182,25.1200008392334,23.9349994659424,24.8799991607666,252680400,22.377758026123
"2016-01-15",24.0499992370605,24.4274997711182,23.8400001525879,24.2824993133545,319335600,21.8403472900391
"2016-01-19",24.6025009155273,24.6625003814697,23.875,24.1650009155273,212350800,21.7346668243408
"2016-01-20",23.7749996185303,24.5475006103516,23.3549995422363,24.1975002288818,289337600,21.7639007568359
"2016-01-21",24.2649993896484,24.4699993133545,23.7350006103516,24.0750007629395,208646000,21.6537208557129
"2016-01-22",24.6574993133545,25.3649997711182,24.5925006866455,25.3549995422363,263202000,22.8049793243408
"2016-01-25",25.3799991607666,25.3824996948242,24.8024997711182,24.8600006103516,207178000,22.3597640991211
"2016-01-26",24.9825000762939,25.2199993133545,24.5174999237061,24.9974994659424,300308000,22.4834384918213
"2016-01-27",24.0100002288818,24.1574993133545,23.3349990844727,23.3549995422363,533478800,21.0061283111572
"2016-01-28",23.4475002288818,23.6299991607666,23.0974998474121,23.5224990844727,222715200,21.1567726135254
"2016-01-29",23.6975002288818,24.3349990844727,23.5874996185303,24.3349990844727,257666000,21.887565612793
"2016-02-01",24.1175003051758,24.1774997711182,23.8500003814697,24.1075000762939,163774000,21.6829471588135
"2016-02-02",23.8549995422363,24.0100002288818,23.5699996948242,23.6200008392334,149428800,21.2444839477539
"2016-02-03",23.75,24.2099990844727,23.5200004577637,24.0874996185303,183857200,21.6649608612061
"2016-02-04",23.9650001525879,24.3325004577637,23.7975006103516,24.1499996185303,185886800,21.8390407562256
"2016-02-05",24.1299991607666,24.2299995422363,23.4225006103516,23.5049991607666,185672400,21.2557601928711
"2016-02-08",23.2824993133545,23.9249992370605,23.2600002288818,23.7525005340576,216085600,21.4795780181885
"2016-02-09",23.5725002288818,23.9850006103516,23.4825000762939,23.7474994659424,177324800,21.4750556945801
"2016-02-10",23.9799995422363,24.0874996185303,23.5249996185303,23.5674991607666,169374400,21.3122806549072
"2016-02-11",23.4475002288818,23.6800003051758,23.1474990844727,23.4249992370605,200298800,21.1834182739258
"2016-02-12",23.5475006103516,23.625,23.2525005340576,23.4974994659424,161405600,21.2489795684814
"2016-02-16",23.7549991607666,24.2124996185303,23.6525001525879,24.1599998474121,196231600,21.8480777740479
"2016-02-17",24.1674995422363,24.5524997711182,24.0375003814697,24.5300006866455,179452800,22.1826763153076
"2016-02-18",24.7099990844727,24.7224998474121,24.0224990844727,24.0650005340576,156084000,21.7621726989746
"2016-02-19",24,24.1900005340576,23.9500007629395,24.0100002288818,141496800,21.7124347686768
"2016-02-22",24.0774993896484,24.2250003814697,23.9799995422363,24.2199993133545,137123200,21.9023380279541
"2016-02-23",24.1000003814697,24.125,23.6375007629395,23.6725006103516,127770400,21.4072322845459
"2016-02-24",23.4950008392334,24.0949993133545,23.3299999237061,24.0249996185303,145022800,21.7259998321533
"2016-02-25",24.0125007629395,24.1900005340576,23.8125,24.1900005340576,110330800,21.875207901001
"2016-02-26",24.2999992370605,24.5049991607666,24.1450004577637,24.2275009155273,115964400,21.909122467041
"2016-02-29",24.2150001525879,24.5575008392334,24.1625003814697,24.1725006103516,140865200,21.8593921661377
"2016-03-01",24.4125003814697,25.1924991607666,24.3549995422363,25.1324996948242,201628400,22.7275218963623
"2016-03-02",25.1275005340576,25.2224998474121,24.9099998474121,25.1875,132678400,22.7772617340088
"2016-03-03",25.1450004577637,25.4274997711182,25.1124992370605,25.375,147822800,22.9468173980713
"2016-03-04",25.5925006866455,25.9375,25.3425006866455,25.7525005340576,184220400,23.2881927490234
"2016-03-07",25.5974998474121,25.7075004577637,25.2399997711182,25.4675006866455,143315600,23.0304698944092
"2016-03-08",25.1949996948242,25.4400005340576,25.1000003814697,25.2574996948242,126247600,22.8405609130859
"2016-03-09",25.3274993896484,25.3950004577637,25.0674991607666,25.2800006866455,108806800,22.8609066009521
"2016-03-10",25.3525009155273,25.5599994659424,25.0375003814697,25.2924995422363,134054400,22.8722133636475
"2016-03-11",25.5599994659424,25.5699996948242,25.375,25.5650005340576,109632800,23.1186408996582
"2016-03-14",25.4775009155273,25.7275009155273,25.4449996948242,25.6299991607666,100304400,23.1774215698242
"2016-03-15",25.9899997711182,26.2950000762939,25.9624996185303,26.1450004577637,160270800,23.6431369781494
"2016-03-16",26.1525001525879,26.5774993896484,26.1474990844727,26.4925003051758,153214000,23.9573841094971
"2016-03-17",26.3799991607666,26.6175003051758,26.2399997711182,26.4500007629395,137682800,23.9189472198486
"2016-03-18",26.5849990844727,26.625,26.2975006103516,26.4799995422363,176820800,23.9460849761963
"2016-03-21",26.4825000762939,26.9125003814697,26.2849998474121,26.4775009155273,142010800,23.9438209533691
"2016-03-22",26.3125,26.8225002288818,26.3024997711182,26.6800003051758,129777600,24.1269454956055
"2016-03-23",26.6200008392334,26.7674999237061,26.4750003814697,26.5324993133545,102814000,23.993558883667
"2016-03-24",26.3675003051758,26.5625,26.2224998474121,26.4174995422363,104532000,23.8895530700684
"2016-03-28",26.5,26.5475006103516,26.2649993896484,26.2975006103516,77645600,23.781042098999
"2016-03-29",26.2224998474121,26.9475002288818,26.2199993133545,26.9200000762939,124760400,24.3439750671387
"2016-03-30",27.1625003814697,27.6049995422363,27.1499996185303,27.3899993896484,182404400,24.7689933776855
"2016-03-31",27.4300003051758,27.4750003814697,27.2199993133545,27.2474994659424,103553600,24.6401271820068
"2016-04-01",27.1949996948242,27.5,27.0499992370605,27.4974994659424,103496000,24.8662147521973
"2016-04-04",27.6049995422363,28.0475006103516,27.5674991607666,27.7800006866455,149424800,25.1216678619385
"2016-04-05",27.3775005340576,27.6825008392334,27.3549995422363,27.4524993896484,106314800,24.8255138397217
"2016-04-06",27.5575008392334,27.7450008392334,27.2999992370605,27.7399997711182,105616400,25.0855083465576
"2016-04-07",27.4874992370605,27.6049995422363,27.0300006866455,27.1350002288818,127207600,24.5383987426758
"2016-04-08",27.2275009155273,27.4424991607666,27.0424995422363,27.1650009155273,94326800,24.5655307769775
"2016-04-11",27.2425003051758,27.6525001525879,27.2075004577637,27.2549991607666,117630000,24.6469135284424
"2016-04-12",27.3349990844727,27.625,27.1650009155273,27.6100006103516,108929200,24.967945098877
"2016-04-13",27.7000007629395,28.0849990844727,27.7000007629395,28.0100002288818,133029200,25.3296699523926
"2016-04-14",27.9050006866455,28.0974998474121,27.8325004577637,28.0249996185303,101895600,25.3432312011719
"2016-04-15",28.0275001525879,28.0750007629395,27.4325008392334,27.4624996185303,187756000,24.8345603942871
"2016-04-18",27.2224998474121,27.2374992370605,26.7350006103516,26.8700008392334,243286000,24.2987651824951
"2016-04-19",26.9699993133545,27,26.5575008392334,26.7275009155273,129539600,24.1698932647705
"2016-04-20",26.6599998474121,27.0224990844727,26.5149993896484,26.7824993133545,122444000,24.2196292877197
"2016-04-21",26.7325000762939,26.7325000762939,26.3799991607666,26.4925003051758,126210000,23.9573841094971
"2016-04-22",26.2525005340576,26.6200008392334,26.1550006866455,26.4200000762939,134732400,23.8918228149414
"2016-04-25",26.25,26.4125003814697,26.1275005340576,26.2700004577637,112126400,23.756175994873
"2016-04-26",25.9775009155273,26.3250007629395,25.9775009155273,26.0874996185303,224064800,23.591136932373
"2016-04-27",24,24.6774997711182,23.9200000762939,24.4549999237061,458408400,22.1148586273193
"2016-04-28",24.4025001525879,24.4699993133545,23.5625,23.7075004577637,328970800,21.4388828277588
"2016-04-29",23.4974994659424,23.6800003051758,23.1275005340576,23.4349994659424,274126000,21.1924629211426
"2016-05-02",23.4925003051758,23.5200004577637,23.1000003814697,23.4099998474121,192640400,21.1698570251465
"2016-05-03",23.5499992370605,23.9349994659424,23.4200000762939,23.7950000762939,227325200,21.5180072784424
"2016-05-04",23.7999992370605,23.9750003814697,23.4549999237061,23.5475006103516,164102000,21.2941951751709
"2016-05-05",23.5,23.5174999237061,23.1700000762939,23.3099994659424,143562000,21.2077617645264
"2016-05-06",23.3425006866455,23.3624992370605,22.9624996185303,23.1800003051758,174799600,21.089485168457
"2016-05-09",23.25,23.4424991607666,23.1474990844727,23.1975002288818,131745600,21.1054077148438
"2016-05-10",23.3325004577637,23.3924999237061,23.0275001525879,23.3549995422363,134747200,21.2486972808838
"2016-05-11",23.3700008392334,23.3924999237061,23.1149997711182,23.1275005340576,114876400,21.0417213439941
"2016-05-12",23.1800003051758,23.1949996948242,22.3675003051758,22.5849990844727,305258800,20.5481452941895
"2016-05-13",22.5,22.9174995422363,22.5,22.6299991607666,177571200,20.5890884399414
"2016-05-16",23.0974998474121,23.5974998474121,22.9125003814697,23.4699993133545,245039200,21.353328704834
"2016-05-17",23.6375007629395,23.6749992370605,23.2525005340576,23.3724994659424,187667600,21.2646217346191
"2016-05-18",23.5400009155273,23.8024997711182,23.4724998474121,23.6399993896484,168249600,21.507999420166
"2016-05-19",23.6599998474121,23.6599998474121,23.3924999237061,23.5499992370605,121768400,21.426118850708
"2016-05-20",23.6599998474121,23.8575000762939,23.6299991607666,23.8050003051758,128104000,21.6581211090088
"2016-05-23",23.9675006866455,24.2975006103516,23.9174995422363,24.1075000762939,152074400,21.9333362579346
"2016-05-24",24.3050003051758,24.5224990844727,24.2099990844727,24.4750003814697,140560800,22.2677021026611
"2016-05-25",24.6674995422363,24.9349994659424,24.5275001525879,24.9050006866455,152675200,22.65891456604
"2016-05-26",24.9200000762939,25.1825008392334,24.6599998474121,25.1025009155273,225324800,22.8386077880859
"2016-05-27",24.8600006103516,25.1175003051758,24.8125,25.0874996185303,145364800,22.8249588012695
"2016-05-31",24.8999996185303,25.1000003814697,24.7049999237061,24.9650001525879,169228800,22.713508605957
"2016-06-01",24.7549991607666,24.8850002288818,24.5825004577637,24.6149997711182,116693200,22.3950691223145
"2016-06-02",24.3999996185303,24.4599990844727,24.1574993133545,24.4300003051758,160766400,22.2267551422119
"2016-06-03",24.4475002288818,24.5674991607666,24.3624992370605,24.4799995422363,114019600,22.2722473144531
"2016-06-06",24.4974994659424,25.4724998474121,24.3875007629395,24.6574993133545,93170000,22.4337291717529
"2016-06-07",24.8125,24.9675006866455,24.7399997711182,24.7574996948242,89638000,22.5247173309326
"2016-06-08",24.7549991607666,24.8899993896484,24.6700000762939,24.7350006103516,83392400,22.5042514801025
"2016-06-09",24.625,24.9974994659424,24.6149997711182,24.9125003814697,106405600,22.6657390594482
"2016-06-10",24.6324996948242,24.8374996185303,24.6200008392334,24.7075004577637,126851600,22.4792289733887
"2016-06-13",24.6725006103516,24.7800006866455,24.2749996185303,24.3349990844727,152082000,22.1403179168701
"2016-06-14",24.3299999237061,24.6200008392334,24.1875,24.3649997711182,127727600,22.167610168457
"2016-06-15",24.4549999237061,24.6025009155273,24.2574996948242,24.2849998474121,117780800,22.0948238372803
"2016-06-16",24.1124992370605,24.4375,24.0174999237061,24.3875007629395,125307200,22.1880912780762
"2016-06-17",24.1550006866455,24.1625003814697,23.8250007629395,23.8325004577637,244032800,21.6831359863281
"2016-06-20",24,24.1424999237061,23.7574996948242,23.7749996185303,137647600,21.6308193206787
"2016-06-21",23.7350006103516,24.0874996185303,23.6700000762939,23.9775009155273,142185600,21.8150691986084
"2016-06-22",24.0625,24.2224998474121,23.8374996185303,23.8875007629395,116876400,21.73317527771
"2016-06-23",23.9850006103516,24.0725002288818,23.8125,24.0249996185303,128960800,21.8582782745361
"2016-06-24",23.2275009155273,23.6650009155273,23.1625003814697,23.3500003814697,301245600,21.2441558837891
"2016-06-27",23.25,23.2625007629395,22.875,23.0100002288818,181958400,20.9348201751709
"2016-06-28",23.2250003814697,23.4150009155273,23.0349998474121,23.3974990844727,161779600,21.28737449646
"2016-06-29",23.4925003051758,23.6375007629395,23.4074993133545,23.6000003814697,146124000,21.4716053009033
"2016-06-30",23.6100006103516,23.9424991607666,23.5750007629395,23.8999996185303,143345600,21.7445526123047
"2016-07-01",23.8724994659424,24.1175003051758,23.8325004577637,23.9724998474121,104106000,21.8105201721191
"2016-07-05",23.8474998474121,23.8500003814697,23.6149997711182,23.7474994659424,110820800,21.605806350708
"2016-07-06",23.6499996185303,23.9150009155273,23.5925006866455,23.8824996948242,123796400,21.728630065918
"2016-07-07",23.9249992370605,24.125,23.9050006866455,23.9850006103516,100558400,21.8218879699707
"2016-07-08",24.1224994659424,24.2224998474121,24.0125007629395,24.1700000762939,115648400,21.9902076721191
"2016-07-11",24.1875,24.4125003814697,24.1825008392334,24.2450008392334,95179600,22.0584335327148
"2016-07-12",24.2924995422363,24.4249992370605,24.2800006866455,24.3549995422363,96670000,22.1585159301758
"2016-07-13",24.3525009155273,24.4174995422363,24.2099990844727,24.2175006866455,103568800,22.0334148406982
"2016-07-14",24.3474998474121,24.7474994659424,24.3299999237061,24.6975002288818,155676000,22.4701271057129
"2016-07-15",24.7299995422363,24.8250007629395,24.625,24.6949996948242,120548000,22.4678516387939
"2016-07-18",24.6749992370605,25.0324993133545,24.6499996185303,24.9575004577637,145975600,22.7066822052002
"2016-07-19",24.8899993896484,25,24.8349990844727,24.9675006866455,95119600,22.7157764434814
"2016-07-20",25,25.1149997711182,24.9349994659424,24.9899997711182,105104000,22.7362480163574
"2016-07-21",24.9575004577637,25.25,24.7824993133545,24.8575000762939,130808000,22.6156978607178
"2016-07-22",24.8150005340576,24.8250007629395,24.5774993896484,24.6650009155273,113254800,22.4405612945557
"2016-07-25",24.5625,24.7099990844727,24.2299995422363,24.3349990844727,161531600,22.1403179168701
"2016-07-26",24.2049999237061,24.4925003051758,24.1049995422363,24.1674995422363,224959200,21.9879264831543
"2016-07-27",26.0674991607666,26.0874996185303,25.6875,25.7374992370605,369379200,23.4163360595703
"2016-07-28",25.7075004577637,26.1124992370605,25.7049999237061,26.0849990844727,159479200,23.7324905395508
"2016-07-29",26.0475006103516,26.1375007629395,25.9200000762939,26.0524997711182,110934800,23.7029266357422
"2016-08-01",26.1025009155273,26.5375003814697,26.1025009155273,26.5125007629395,152671600,24.1214389801025
"2016-08-02",26.5125007629395,26.5174999237061,26,26.1200008392334,135266400,23.7643432617188
"2016-08-03",26.2024993896484,26.4599990844727,26.1924991607666,26.4475002288818,120810400,24.0623035430908
"2016-08-04",26.3950004577637,26.5,26.3199996948242,26.4675006866455,109634800,24.2109489440918
"2016-08-05",26.5674991607666,26.9125003814697,26.5450000762939,26.8700008392334,162213600,24.579137802124
"2016-08-08",26.8799991607666,27.0925006866455,26.7900009155273,27.0925006866455,112148800,24.7826614379883
"2016-08-09",27.0575008392334,27.2350006103516,27.0025005340576,27.2024993896484,105260800,24.8832912445068
"2016-08-10",27.1774997711182,27.2250003814697,26.9400005340576,27,96034000,24.6980495452881
"2016-08-11",27.1299991607666,27.2325000762939,26.9624996185303,26.9825000762939,109938000,24.6820430755615
"2016-08-12",26.9449996948242,27.1100006103516,26.9449996948242,27.0450000762939,74641600,24.7392139434814
"2016-08-15",27.0349998474121,27.3850002288818,27.0200004577637,27.3700008392334,103472800,25.0364990234375
"2016-08-16",27.4074993133545,27.5575008392334,27.3024997711182,27.3449993133545,135177600,25.0136432647705
"2016-08-17",27.2749996185303,27.3425006866455,27.0849990844727,27.3050003051758,101424000,24.9770450592041
"2016-08-18",27.3075008392334,27.3999996185303,27.2549991607666,27.2700004577637,87938800,24.9450244903564
"2016-08-19",27.1924991607666,27.4225006103516,27.0900001525879,27.3400001525879,101472400,25.0090618133545
"2016-08-22",27.2150001525879,27.2749996185303,26.9624996185303,27.1275005340576,103280800,24.8146743774414
"2016-08-23",27.1474990844727,27.3299999237061,27.1324996948242,27.2124996185303,85030800,24.8924293518066
"2016-08-24",27.1424999237061,27.1875,26.9200000762939,27.0074996948242,94700400,24.7049083709717
"2016-08-25",26.8474998474121,26.9699993133545,26.6700000762939,26.8924999237061,100344800,24.5997123718262
"2016-08-26",26.8525009155273,26.9874992370605,26.5774993896484,26.7350006103516,111065200,24.4556407928467
"2016-08-29",26.6550006866455,26.8600006103516,26.5725002288818,26.7049999237061,99881200,24.4281959533691
"2016-08-30",26.4500007629395,26.625,26.375,26.5,99455600,24.2406806945801
"2016-08-31",26.4150009155273,26.6424999237061,26.4099998474121,26.5249996185303,118649600,24.2635440826416
"2016-09-01",26.5349998474121,26.7000007629395,26.4050006866455,26.6825008392334,106806000,24.4076251983643
"2016-09-02",26.9249992370605,27,26.7049999237061,26.9325008392334,107210000,24.636302947998
"2016-09-06",26.9750003814697,27.0750007629395,26.8775005340576,26.9249992370605,107521600,24.6294384002686
"2016-09-07",26.9575004577637,27.1900005340576,26.7674999237061,27.0900001525879,169457200,24.7803726196289
"2016-09-08",26.8125,26.8174991607666,26.3099994659424,26.3799991607666,212008000,24.1309127807617
"2016-09-09",26.1599998474121,26.4300003051758,25.7824993133545,25.7824993133545,186228000,23.5843524932861
"2016-09-12",25.6625003814697,26.4300003051758,25.6324996948242,26.3600006103516,181171200,24.1126155853271
"2016-09-13",26.8775005340576,27.1975002288818,26.8099994659424,26.9874992370605,248704800,24.6866130828857
"2016-09-14",27.1825008392334,28.2574996948242,27.1499996185303,27.9424991607666,443554800,25.5601902008057
"2016-09-15",28.4650001525879,28.9325008392334,28.3724994659424,28.8924999237061,359934400,26.42919921875
"2016-09-16",28.7800006866455,29.0324993133545,28.5100002288818,28.7299995422363,319547600,26.2805500030518
"2016-09-19",28.7975006103516,29.0450000762939,28.3125,28.3950004577637,188092000,25.9741134643555
"2016-09-20",28.2625007629395,28.5300006866455,28.1275005340576,28.3924999237061,138057200,25.9718246459961
"2016-09-21",28.4624996185303,28.4974994659424,28.1100006103516,28.3875007629395,144012800,25.9672565460205
"2016-09-22",28.5874996185303,28.7350006103516,28.5,28.6550006866455,124296000,26.2119483947754
"2016-09-23",28.6049995422363,28.6975002288818,27.8875007629395,28.1774997711182,209924800,25.7751560211182
"2016-09-26",27.9099998474121,28.3474998474121,27.8875007629395,28.2199993133545,119477600,25.814037322998
"2016-09-27",28.25,28.2950000762939,28.0849990844727,28.2724990844727,98429600,25.8620567321777
"2016-09-28",28.4225006103516,28.6599998474121,28.3575000762939,28.4874992370605,118564400,26.058723449707
"2016-09-29",28.2900009155273,28.4500007629395,27.9500007629395,28.0450000762939,143548000,25.6539573669434
"2016-09-30",28.1149997711182,28.3425006866455,27.9500007629395,28.2625007629395,145516400,25.8529090881348
"2016-10-03",28.1774997711182,28.2625007629395,28.0699996948242,28.1299991607666,86807200,25.7317047119141
"2016-10-04",28.2649993896484,28.5774993896484,28.1574993133545,28.25,118947200,25.8414745330811
"2016-10-05",28.3500003814697,28.4150009155273,28.1725006103516,28.2625007629395,85812400,25.8529090881348
"2016-10-06",28.4249992370605,28.5849990844727,28.2824993133545,28.4724998474121,115117200,26.0450038909912
"2016-10-07",28.5774993896484,28.6399993896484,28.3775005340576,28.5149993896484,97433600,26.0838813781738
"2016-10-10",28.7549991607666,29.1875,28.6800003051758,29.0125007629395,144944000,26.538969039917
"2016-10-11",29.4249992370605,29.6725006103516,29.0499992370605,29.0750007629395,256164000,26.596134185791
"2016-10-12",29.3374996185303,29.4950008392334,29.1875,29.3349990844727,150347200,26.8339710235596
"2016-10-13",29.1975002288818,29.3600006103516,28.9300003051758,29.2450008392334,140769600,26.7516460418701
"2016-10-14",29.4699993133545,29.5424995422363,29.2824993133545,29.4074993133545,142608800,26.9002876281738
"2016-10-17",29.3325004577637,29.4599990844727,29.1949996948242,29.3875007629395,94499600,26.8819999694824
"2016-10-18",29.5450000762939,29.5524997711182,29.3624992370605,29.3675003051758,98214000,26.863697052002
"2016-10-19",29.3125,29.4400005340576,28.4500007629395,29.2800006866455,80138400,26.7836666107178
"2016-10-20",29.2150001525879,29.3449993133545,29.0825004577637,29.2649993896484,96503200,26.7699413299561
"2016-10-21",29.2024993896484,29.2275009155273,29.0699996948242,29.1499996185303,92770800,26.6647453308105
"2016-10-24",29.2749996185303,29.4349994659424,29.25,29.4125003814697,94154800,26.9048652648926
"2016-10-25",29.4874992370605,29.5900001525879,29.3274993896484,29.5625,192516000,27.0420761108398
"2016-10-26",28.5774993896484,28.9249992370605,28.3274993896484,28.8974990844727,264536800,26.4337692260742
"2016-10-27",28.8474998474121,28.9650001525879,28.5249996185303,28.6200008392334,138248000,26.1799335479736
"2016-10-28",28.4675006866455,28.8024997711182,28.3624992370605,28.4300003051758,151446800,26.0061340332031
"2016-10-31",28.4125003814697,28.5575008392334,28.2999992370605,28.3850002288818,105677600,25.9649658203125
"2016-11-01",28.3649997711182,28.4424991607666,27.6324996948242,27.8724994659424,175303200,25.4961585998535
"2016-11-02",27.8500003814697,28.0874996185303,27.8075008392334,27.8974990844727,113326800,25.5190315246582
"2016-11-03",27.7450008392334,27.8649997711182,27.3875007629395,27.4575004577637,107730400,25.2454967498779
"2016-11-04",27.1324996948242,27.5625,27.0275001525879,27.2099990844727,123348000,25.0179252624512
"2016-11-07",27.5200004577637,27.6275005340576,27.3649997711182,27.6025009155273,130240000,25.3788223266602
"2016-11-08",27.5774993896484,27.9300003051758,27.4249992370605,27.7649993896484,97016800,25.5282249450684
"2016-11-09",27.4699993133545,27.8299999237061,27.0125007629395,27.7199993133545,236705600,25.4868450164795
"2016-11-10",27.7724990844727,27.7724990844727,26.4575004577637,26.9475002288818,228538000,24.7765789031982
"2016-11-11",26.7800006866455,27.2175006866455,26.6375007629395,27.1075000762939,136575600,24.9236946105957
"2016-11-14",26.9274997711182,26.9524993896484,26.0200004577637,26.4274997711182,204702000,24.2984752655029
"2016-11-15",26.6424999237061,26.9200000762939,26.5400009155273,26.7775001525879,129058000,24.6202774047852
"2016-11-16",26.6749992370605,27.5575008392334,26.6499996185303,27.4974994659424,235362000,25.2822780609131
"2016-11-17",27.4524993896484,27.5874996185303,27.2075004577637,27.4874992370605,110528000,25.2730808258057
"2016-11-18",27.4300003051758,27.6350002288818,27.4150009155273,27.5149993896484,113715600,25.2983646392822
"2016-11-21",27.5300006866455,27.9974994659424,27.5025005340576,27.9325008392334,117058400,25.6822338104248
"2016-11-22",27.9874992370605,28.1049995422363,27.8500003814697,27.9500007629395,103862000,25.6983242034912
"2016-11-23",27.8400001525879,27.8775005340576,27.5825004577637,27.8075008392334,109705600,25.5673007965088
"2016-11-25",27.7824993133545,27.9675006866455,27.7374992370605,27.9475002288818,45903600,25.69602394104
"2016-11-28",27.8575000762939,28.1175003051758,27.8474998474121,27.8924999237061,108776000,25.6454524993896
"2016-11-29",27.6949996948242,28.0074996948242,27.5174999237061,27.8649997711182,114115200,25.6201686859131
"2016-11-30",27.8999996185303,28.0499992370605,27.5674991607666,27.6299991607666,144649200,25.4041004180908
"2016-12-01",27.5925006866455,27.7350006103516,27.2574996948242,27.3724994659424,148347600,25.1673431396484
"2016-12-02",27.2924995422363,27.5224990844727,27.2124996185303,27.4750003814697,106112000,25.2615928649902
"2016-12-05",27.5,27.5074996948242,27.0625,27.2775001525879,137298000,25.0800018310547
"2016-12-06",27.375,27.5900001525879,27.2975006103516,27.4874992370605,104782000,25.2730808258057
"2016-12-07",27.3150005340576,27.7975006103516,27.2900009155273,27.7574996948242,119994800,25.5213260650635
"2016-12-08",27.7150001525879,28.1075000762939,27.6499996185303,28.0300006866455,108273200,25.7718811035156
"2016-12-09",28.0774993896484,28.6749992370605,28.0774993896484,28.4874992370605,137610400,26.1925258636475
"2016-12-12",28.3225002288818,28.75,28.1224994659424,28.3250007629395,105497600,26.0431118011475
"2016-12-13",28.4599990844727,28.9799995422363,28.4375,28.7975006103516,174935200,26.4775428771973
"2016-12-14",28.7600002288818,29.0499992370605,28.7450008392334,28.7975006103516,136127200,26.4775428771973
"2016-12-15",28.8449993133545,29.1825008392334,28.8075008392334,28.9549999237061,186098000,26.6223602294922
"2016-12-16",29.1175003051758,29.125,28.9125003814697,28.9925003051758,177404400,26.6568355560303
"2016-12-19",28.9500007629395,29.3449993133545,28.9375,29.1599998474121,111117600,26.8108425140381
"2016-12-20",29.1849994659424,29.375,29.1700000762939,29.2374992370605,85700000,26.8820953369141
"2016-12-21",29.2000007629395,29.3500003814697,29.1949996948242,29.2649993896484,95132800,26.9073810577393
"2016-12-22",29.0874996185303,29.1275005340576,28.9099998474121,29.0725002288818,104343600,26.7303924560547
"2016-12-23",28.8974990844727,29.1299991607666,28.8974990844727,29.1299991607666,56998000,26.7832565307617
"2016-12-27",29.1299991607666,29.4500007629395,29.1224994659424,29.3150005340576,73187600,26.9533576965332
"2016-12-28",29.3799991607666,29.5049991607666,29.0499992370605,29.1900005340576,83623600,26.8384284973145
"2016-12-29",29.1124992370605,29.2775001525879,29.1000003814697,29.1825008392334,60158000,26.8315315246582
"2016-12-30",29.1625003814697,29.2999992370605,28.8575000762939,28.9549999237061,122345200,26.6223602294922
"2017-01-03",28.9500007629395,29.0825004577637,28.6900005340576,29.0375003814697,115127600,26.6982078552246
"2017-01-04",28.9624996185303,29.1275005340576,28.9375,29.0049991607666,84472400,26.6683254241943
"2017-01-05",28.9799995422363,29.2150001525879,28.9524993896484,29.1525001525879,88774400,26.8039474487305
"2017-01-06",29.1949996948242,29.5400009155273,29.1175003051758,29.4775009155273,127007600,27.10276222229
"2017-01-09",29.4874992370605,29.8575000762939,29.4850006103516,29.7474994659424,134247600,27.3510093688965
"2017-01-10",29.6924991607666,29.8449993133545,29.5750007629395,29.7775001525879,97848400,27.3785934448242
"2017-01-11",29.6849994659424,29.9825000762939,29.6499996185303,29.9375,110354400,27.5257015228271
"2017-01-12",29.7250003814697,29.8250007629395,29.5524997711182,29.8125,108344800,27.4107780456543
"2017-01-13",29.7775001525879,29.9050006866455,29.7024993896484,29.7600002288818,104447600,27.3625087738037
"2017-01-17",29.5849990844727,30.0599994659424,29.5550003051758,30,137759200,27.5831661224365
"2017-01-18",30,30.125,29.9274997711182,29.9974994659424,94852000,27.5808715820312
"2017-01-19",29.8500003814697,30.0224990844727,29.8425006866455,29.9449996948242,102389200,27.5326042175293
"2017-01-20",30.1124992370605,30.1124992370605,29.9325008392334,30,130391600,27.5831661224365
"2017-01-23",30,30.2024993896484,29.9424991607666,30.0200004577637,88200800,27.6015605926514
"2017-01-24",29.8875007629395,30.0249996185303,29.875,29.9925003051758,92844000,27.5762729644775
"2017-01-25",30.1049995422363,30.5249996185303,30.0699996948242,30.4699993133545,129510400,28.0153141021729
"2017-01-26",30.4174995422363,30.6100006103516,30.3999996185303,30.4850006103516,105350400,28.0290966033936
"2017-01-27",30.5349998474121,30.5874996185303,30.3999996185303,30.4874992370605,82251600,28.031400680542
"2017-01-30",30.2325000762939,30.4074993133545,30.1650009155273,30.4074993133545,121510000,27.9578418731689
"2017-01-31",30.2875003814697,30.3474998474121,30.1550006866455,30.3374996185303,196804000,27.8934803009033
"2017-02-01",31.7574996948242,32.622501373291,31.7525005340576,32.1875,447940000,29.594446182251
"2017-02-02",31.9950008392334,32.3474998474121,31.9449996948242,32.1324996948242,134841600,29.5438747406006
"2017-02-03",32.0774993896484,32.2975006103516,32.0400009155273,32.2700004577637,98029200,29.6703052520752
"2017-02-06",32.2825012207031,32.625,32.2249984741211,32.5724983215332,107383600,29.9484252929688
"2017-02-07",32.6349983215332,33.0224990844727,32.6124992370605,32.8824996948242,152735200,30.233455657959
"2017-02-08",32.8375015258789,33.0550003051758,32.8050003051758,33.0099983215332,92016400,30.3506889343262
"2017-02-09",32.9124984741211,33.1124992370605,32.7799987792969,33.1049995422363,113399600,30.5700035095215
"2017-02-10",33.1150016784668,33.2350006103516,33.0125007629395,33.0299987792969,80262000,30.5007400512695
"2017-02-13",33.2700004577637,33.4550018310547,33.1875,33.3224983215332,92141600,30.7708473205566
"2017-02-14",33.3675003051758,33.7724990844727,33.3125,33.7550010681152,132904800,31.1702213287354
"2017-02-15",33.8800010681152,34.0675010681152,33.6549987792969,33.877498626709,142492400,31.2833423614502
"2017-02-16",33.9174995422363,33.9749984741211,33.7099990844727,33.8375015258789,90338400,31.2464084625244
"2017-02-17",33.7750015258789,33.9575004577637,33.7750015258789,33.9300003051758,88792800,31.3318252563477
"2017-02-21",34.0574989318848,34.1875,33.9949989318848,34.1749992370605,98028800,31.5580596923828
"2017-02-22",34.1074981689453,34.2799987792969,34.0275001525879,34.2775001525879,83347600,31.6527137756348
"2017-02-23",34.3450012207031,34.3699989318848,34.0750007629395,34.1324996948242,83152800,31.51881980896
"2017-02-24",33.9775009155273,34.1650009155273,33.8199996948242,34.1650009155273,87106400,31.5488147735596
"2017-02-27",34.2849998474121,34.3600006103516,34.0699996948242,34.2324981689453,81029600,31.6111583709717
"2017-02-28",34.2700004577637,34.3600006103516,34.1749992370605,34.247501373291,93931600,31.6249980926514
"2017-03-01",34.4724998474121,35.0374984741211,34.4000015258789,34.9474983215332,145658400,32.2714004516602
"2017-03-02",35,35.0699996948242,34.689998626709,34.7400016784668,104844000,32.0798110961914
"2017-03-03",34.6949996948242,34.9575004577637,34.6474990844727,34.9449996948242,84432400,32.2690887451172
"2017-03-06",34.8424987792969,34.9425010681152,34.6500015258789,34.8349990844727,8.7e+07,32.167537689209
"2017-03-07",34.7649993896484,34.9949989318848,34.6974983215332,34.8800010681152,69785200,32.2090797424316
"2017-03-08",34.7374992370605,34.9500007629395,34.7050018310547,34.75,74828800,32.0890197753906
"2017-03-09",34.685001373291,34.6974983215332,34.2625007629395,34.6699981689453,88623600,32.0151557922363
"2017-03-10",34.8125,34.8400001525879,34.6599998474121,34.7849998474121,78451200,32.1213493347168
"2017-03-13",34.7125015258789,34.8574981689453,34.7050018310547,34.7999992370605,69686800,32.1352081298828
"2017-03-14",34.8250007629395,34.9124984741211,34.7099990844727,34.747501373291,61236400,32.0867195129395
"2017-03-15",34.8525009155273,35.1875,34.7574996948242,35.1150016784668,102767200,32.4260787963867
"2017-03-16",35.1800003051758,35.2550010681152,35.064998626709,35.1725006103516,76928000,32.4791793823242
"2017-03-17",35.25,35.25,34.9724998474121,34.997501373291,175540000,32.3175773620605
"2017-03-20",35.0999984741211,35.375,35.0574989318848,35.3650016784668,86168000,32.656925201416
"2017-03-21",35.5275001525879,35.7000007629395,34.9324989318848,34.9599990844727,158119600,32.2829475402832
"2017-03-22",34.9625015258789,35.4000015258789,34.939998626709,35.3549995422363,103440800,32.6477088928223
"2017-03-23",35.314998626709,35.3950004577637,35.1525001525879,35.2299995422363,81385200,32.5322685241699
"2017-03-24",35.375,35.435001373291,35.0875015258789,35.1599998474121,89582400,32.4676399230957
"2017-03-27",34.8474998474121,35.3050003051758,34.6549987792969,35.2200012207031,94300400,32.5230407714844
"2017-03-28",35.2275009155273,36.0099983215332,35.1549987792969,35.9500007629395,133499200,33.1971473693848
"2017-03-29",35.9199981689453,36.122501373291,35.7975006103516,36.0299987792969,116760000,33.2710113525391
"2017-03-30",36.0475006103516,36.125,35.875,35.9824981689453,84829200,33.2271575927734
"2017-03-31",35.9300003051758,36.0675010681152,35.752498626709,35.9150009155273,78646800,33.1648178100586
"2017-04-03",35.9275016784668,36.0299987792969,35.7625007629395,35.9249992370605,79942800,33.1740570068359
"2017-04-04",35.8125,36.2224998474121,35.7924995422363,36.1925010681152,79565600,33.4210624694824
"2017-04-05",36.0550003051758,36.3650016784668,35.9524993896484,36.0050010681152,110871600,33.2479209899902
"2017-04-06",36.0724983215332,36.1300010681152,35.8624992370605,35.9150009155273,84596000,33.1648178100586
"2017-04-07",35.9324989318848,36.0449981689453,35.8175010681152,35.8349990844727,66688800,33.090950012207
"2017-04-10",35.9000015258789,35.9700012207031,35.7249984741211,35.7924995422363,75733600,33.0516967773438
"2017-04-11",35.7350006103516,35.8375015258789,35.0149993896484,35.4075012207031,121517600,32.6961898803711
"2017-04-12",35.4000015258789,35.5374984741211,35.252498626709,35.4500007629395,81400000,32.735424041748
"2017-04-13",35.4775009155273,35.5950012207031,35.2625007629395,35.2625007629395,71291600,32.5622901916504
"2017-04-17",35.3699989318848,35.4700012207031,35.2174987792969,35.4575004577637,66328400,32.742359161377
"2017-04-18",35.3525009155273,35.5099983215332,35.2775001525879,35.2999992370605,58790000,32.5969085693359
"2017-04-19",35.4700012207031,35.5,35.1124992370605,35.1699981689453,69313600,32.4768753051758
"2017-04-20",35.3050003051758,35.7299995422363,35.2900009155273,35.6100006103516,93278400,32.883186340332
"2017-04-21",35.6100006103516,35.6699981689453,35.4625015258789,35.5675010681152,69283600,32.8439178466797
"2017-04-24",35.875,35.9874992370605,35.7949981689453,35.9099998474121,68537200,33.1602020263672
"2017-04-25",35.9775009155273,36.2249984741211,35.9674987792969,36.1324996948242,75486000,33.365665435791
"2017-04-26",36.1175003051758,36.1500015258789,35.8450012207031,35.9199981689453,80164800,33.1694259643555
"2017-04-27",35.9799995422363,36.0400009155273,35.8274993896484,35.9474983215332,56985200,33.1948356628418
"2017-04-28",36.0224990844727,36.0750007629395,35.8175010681152,35.9124984741211,83441600,33.1625061035156
"2017-05-01",36.2750015258789,36.7999992370605,36.2400016784668,36.6450004577637,134411600,33.8389091491699
"2017-05-02",36.8849983215332,37.0224990844727,36.7099990844727,36.877498626709,181408800,34.0536079406738
"2017-05-03",36.3974990844727,36.872501373291,36.0675010681152,36.7649993896484,182788000,33.9497337341309
"2017-05-04",36.6300010681152,36.7849998474121,36.4524993896484,36.6324996948242,93487600,33.8273849487305
"2017-05-05",36.689998626709,37.2449989318848,36.689998626709,37.2400016784668,109310800,34.3883666992188
"2017-05-08",37.2574996948242,38.4249992370605,37.2574996948242,38.252498626709,195009600,35.3233375549316
"2017-05-09",38.4674987792969,38.7200012207031,38.3624992370605,38.497501373291,156521600,35.5495529174805
"2017-05-10",38.4075012207031,38.4850006103516,38.0275001525879,38.314998626709,103222800,35.3810424804688
"2017-05-11",38.1124992370605,38.5175018310547,38.0774993896484,38.4874992370605,109020400,35.6870231628418
"2017-05-12",38.6749992370605,39.1049995422363,38.6674995422363,39.0250015258789,130108000,36.185417175293
"2017-05-15",39.002498626709,39.1624984741211,38.7625007629395,38.9249992370605,104038800,36.0926971435547
"2017-05-16",38.9850006103516,39.0149993896484,38.6800003051758,38.8675003051758,80194000,36.0393829345703
"2017-05-17",38.4000015258789,38.6425018310547,37.4275016784668,37.5625,203070800,34.8293228149414
"2017-05-18",37.8175010681152,38.3349990844727,37.7825012207031,38.1349983215332,134272800,35.3601837158203
"2017-05-19",38.3450012207031,38.4949989318848,38.1575012207031,38.2649993896484,107843200,35.4807090759277
"2017-05-22",38.5,38.6450004577637,38.2275009155273,38.497501373291,91865600,35.6962890625
"2017-05-23",38.7249984741211,38.7249984741211,38.3274993896484,38.4500007629395,79675600,35.6522521972656
"2017-05-24",38.4599990844727,38.5424995422363,38.1674995422363,38.3349990844727,76712000,35.5456352233887
"2017-05-25",38.4324989318848,38.5875015258789,38.2574996948242,38.4674987792969,76942400,35.6684989929199
"2017-05-26",38.5,38.560001373291,38.3274993896484,38.4025001525879,87710400,35.6082077026367
"2017-05-30",38.3549995422363,38.6074981689453,38.3325004577637,38.4174995422363,80507600,35.6221160888672
"2017-05-31",38.4925003051758,38.5424995422363,38.0950012207031,38.189998626709,97804800,35.4111747741699
"2017-06-01",38.2924995422363,38.3325004577637,38.0550003051758,38.2949981689453,65616400,35.5085220336914
"2017-06-02",38.3950004577637,38.8624992370605,38.2224998474121,38.8624992370605,111082800,36.0347442626953
"2017-06-05",38.5849990844727,38.6124992370605,38.3650016784668,38.4824981689453,101326800,35.6823997497559
"2017-06-06",38.4749984741211,38.9524993896484,38.4449996948242,38.6124992370605,106499600,35.8029327392578
"2017-06-07",38.7550010681152,38.9949989318848,38.6199989318848,38.8424987792969,84278400,36.016185760498
"2017-06-08",38.8125,38.8849983215332,38.5999984741211,38.747501373291,85003200,35.9281120300293
"2017-06-09",38.7975006103516,38.7975006103516,36.5050010681152,37.2449989318848,259530800,34.5349502563477
"2017-06-12",36.435001373291,36.5224990844727,35.627498626709,36.3549995422363,289229200,33.7096977233887
"2017-06-13",36.7900009155273,36.8624992370605,36.2874984741211,36.6474990844727,136661600,33.9809074401855
"2017-06-14",36.875,36.875,35.9599990844727,36.2900009155273,126124800,33.6494331359863
"2017-06-15",35.8300018310547,36.1199989318848,35.5525016784668,36.0724983215332,128661600,33.4477386474609
"2017-06-16",35.9449996948242,36.125,35.5499992370605,35.5675010681152,201444400,32.9794998168945
"2017-06-19",35.9150009155273,36.685001373291,35.9150009155273,36.5849990844727,130165600,33.9229583740234
"2017-06-20",36.7174987792969,36.7174987792969,36.2350006103516,36.252498626709,99600400,33.6146583557129
"2017-06-21",36.3800010681152,36.5175018310547,36.1525001525879,36.4674987792969,85063200,33.8140182495117
"2017-06-22",36.4425010681152,36.6749992370605,36.2799987792969,36.4075012207031,76425200,33.7583770751953
"2017-06-23",36.2825012207031,36.7900009155273,36.2775001525879,36.5699996948242,141757600,33.9090538024902
"2017-06-26",36.7924995422363,37.0699996948242,36.3450012207031,36.4550018310547,102769600,33.8024215698242
"2017-06-27",36.252498626709,36.5400009155273,35.9049987792969,35.9324989318848,99047600,33.3179359436035
"2017-06-28",36.122501373291,36.5275001525879,35.7900009155273,36.4575004577637,88329600,33.8047370910645
"2017-06-29",36.1775016784668,36.2825012207031,35.5699996948242,35.9199981689453,125997600,33.3063430786133
"2017-06-30",36.1124992370605,36.2400016784668,35.9449996948242,36.0050010681152,92096400,33.3851737976074
"2017-07-03",36.2200012207031,36.3250007629395,35.7750015258789,35.875,57111200,33.2646255493164
"2017-07-05",35.9225006103516,36.1974983215332,35.6800003051758,36.0224990844727,86278400,33.4013900756836
"2017-07-06",35.7550010681152,35.875,35.6025009155273,35.6824989318848,96515200,33.0861358642578
"2017-07-07",35.7249984741211,36.1875,35.7249984741211,36.0449981689453,76806800,33.4222602844238
"2017-07-10",36.0275001525879,36.4874992370605,35.8424987792969,36.2649993896484,84362400,33.6262397766113
"2017-07-11",36.1824989318848,36.4625015258789,36.0950012207031,36.3824996948242,79127200,33.7351989746094
"2017-07-12",36.4674987792969,36.5449981689453,36.2050018310547,36.435001373291,99538000,33.7838821411133
"2017-07-13",36.375,37.122501373291,36.3600006103516,36.9425010681152,100797600,34.2544441223145
"2017-07-14",36.9925003051758,37.3325004577637,36.8325004577637,37.2599983215332,80528400,34.5488471984863
"2017-07-17",37.2050018310547,37.7249984741211,37.1425018310547,37.3899993896484,95174000,34.6693878173828
"2017-07-18",37.2999992370605,37.5325012207031,37.1674995422363,37.5200004577637,71475200,34.7899284362793
"2017-07-19",37.6199989318848,37.8549995422363,37.4874992370605,37.7550010681152,83692000,35.0078315734863
"2017-07-20",37.875,37.935001373291,37.5475006103516,37.5849990844727,68974800,34.8501930236816
"2017-07-21",37.497501373291,37.6100006103516,37.2200012207031,37.5675010681152,105010400,34.8339805603027
"2017-07-24",37.6450004577637,38.1100006103516,37.4749984741211,38.0224990844727,85972800,35.255859375
"2017-07-25",37.9500007629395,38.4599990844727,37.9500007629395,38.185001373291,75415600,35.406551361084
"2017-07-26",38.3375015258789,38.4824981689453,38.2649993896484,38.3650016784668,63124000,35.5734329223633
"2017-07-27",38.4375,38.497501373291,36.8250007629395,37.6399993896484,129905200,34.901195526123
"2017-07-28",37.4724998474121,37.5574989318848,37.2975006103516,37.375,68854800,34.6554794311523
"2017-07-31",37.4749984741211,37.5825004577637,37.0325012207031,37.1824989318848,79383600,34.476978302002
"2017-08-01",37.2750015258789,37.5550003051758,37.1025009155273,37.5125007629395,141474400,34.7829742431641
"2017-08-02",39.8199996948242,39.9375,39.0400009155273,39.2849998474121,279747200,36.4265022277832
"2017-08-03",39.2625007629395,39.3025016784668,38.7550010681152,38.8925018310547,108389200,36.0625610351562
"2017-08-04",39.0175018310547,39.3499984741211,38.9225006103516,39.0974998474121,82239600,36.2526435852051
"2017-08-07",39.2649993896484,39.7299995422363,39.1674995422363,39.7024993896484,87481200,36.8136215209961
"2017-08-08",39.6500015258789,40.4575004577637,39.5675010681152,40.0200004577637,144823600,37.108024597168
"2017-08-09",39.814998626709,40.3175010681152,39.7775001525879,40.2649993896484,104526000,37.3351936340332
"2017-08-10",39.9749984741211,40,38.6575012207031,38.8300018310547,163217200,36.14599609375
"2017-08-11",39.1500015258789,39.6425018310547,39.0175018310547,39.3699989318848,105028400,36.6486663818359
"2017-08-14",39.8300018310547,40.0525016784668,39.6875,39.9625015258789,88490800,37.2002182006836
"2017-08-15",40.1650009155273,40.5499992370605,40.0349998474121,40.4000015258789,117862000,37.6074829101562
"2017-08-16",40.4850006103516,40.627498626709,40.0374984741211,40.2374992370605,110686400,37.4562034606934
"2017-08-17",40.1300010681152,40.1775016784668,39.4599990844727,39.4650001525879,111762400,36.7371063232422
"2017-08-18",39.4650001525879,39.875,39.1800003051758,39.375,109712400,36.6533393859863
"2017-08-21",39.375,39.4724998474121,38.7775001525879,39.3025016784668,105474000,36.5858306884766
"2017-08-22",39.5574989318848,40,39.5050010681152,39.9449996948242,86418400,37.1839179992676
"2017-08-23",39.7675018310547,40.1175003051758,39.7200012207031,39.9949989318848,77596400,37.2304763793945
"2017-08-24",40.1074981689453,40.185001373291,39.6375007629395,39.8175010681152,79275600,37.0652389526367
"2017-08-25",39.9124984741211,40.1399993896484,39.8175010681152,39.9650001525879,101920400,37.2025527954102
"2017-08-28",40.0349998474121,40.5,39.9824981689453,40.3675003051758,103864000,37.577220916748
"2017-08-29",40.0250015258789,40.7799987792969,40,40.7275009155273,118067600,37.9123268127441
"2017-08-30",40.9500007629395,40.9724998474121,40.6525001525879,40.8375015258789,109078400,38.0147323608398
"2017-08-31",40.9099998474121,41.1300010681152,40.8699989318848,41,107140400,38.1660041809082
"2017-09-01",41.2000007629395,41.2350006103516,40.9075012207031,41.0125007629395,66364400,38.1776313781738
"2017-09-05",40.9375,41.0625,40.1399993896484,40.5200004577637,117874000,37.7191696166992
"2017-09-06",40.6775016784668,40.747501373291,40.1300010681152,40.4775009155273,86606800,37.6796226501465
"2017-09-07",40.5224990844727,40.560001373291,40.0900001525879,40.314998626709,87714000,37.5283546447754
"2017-09-08",40.2150001525879,40.2874984741211,39.6324996948242,39.6575012207031,114446000,36.9163017272949
"2017-09-11",40.125,40.5125007629395,39.9724998474121,40.375,126323200,37.5841941833496
"2017-09-12",40.6525001525879,40.9900016784668,39.6925010681152,40.2150001525879,286856000,37.4352645874023
"2017-09-13",39.9674987792969,39.9900016784668,39.4775009155273,39.9124984741211,179629600,37.1536636352539
"2017-09-14",39.747501373291,39.8499984741211,39.5224990844727,39.5699996948242,95042800,36.8348388671875
"2017-09-15",39.6175003051758,40.2425003051758,39.5,39.9700012207031,196458400,37.2071952819824
"2017-09-18",40.0275001525879,40.125,39.5,39.6674995422363,113077600,36.9256134033203
"2017-09-19",39.877498626709,39.9425010681152,39.6100006103516,39.6824989318848,83242400,36.9395751953125
"2017-09-20",39.4749984741211,39.564998626709,38.4575004577637,39.0175018310547,211805600,36.3205413818359
"2017-09-21",38.9500007629395,38.9500007629395,38.1875,38.3474998474121,150046800,35.696849822998
"2017-09-22",37.8849983215332,38.0675010681152,37.6399993896484,37.9724998474121,186581600,35.3477592468262
"2017-09-25",37.497501373291,37.9575004577637,37.2900009155273,37.6375007629395,177549200,35.0359306335449
"2017-09-26",37.9449996948242,38.4799995422363,37.9225006103516,38.2849998474121,146640000,35.6386604309082
"2017-09-27",38.4500007629395,38.6800003051758,38.3849983215332,38.5574989318848,102016800,35.8923301696777
"2017-09-28",38.4724998474121,38.5699996948242,38.1749992370605,38.3199996948242,88022000,35.6712608337402
"2017-09-29",38.3025016784668,38.5325012207031,38,38.5299987792969,105199200,35.8667297363281
"2017-10-02",38.564998626709,38.6124992370605,38.1800003051758,38.4524993896484,74795200,35.7945785522461
"2017-10-03",38.502498626709,38.7724990844727,38.4775009155273,38.6199989318848,64921200,35.9505157470703
"2017-10-04",38.4075012207031,38.4650001525879,38.1150016784668,38.3699989318848,80655200,35.7177886962891
"2017-10-05",38.5449981689453,38.8600006103516,38.5125007629395,38.8474998474121,85135200,36.162281036377
"2017-10-06",38.7425003051758,38.872501373291,38.6399993896484,38.8250007629395,69630400,36.1413421630859
"2017-10-09",38.9524993896484,39.1824989318848,38.872501373291,38.9599990844727,65051600,36.2670021057129
"2017-10-10",39.0149993896484,39.5,38.7750015258789,38.9749984741211,62468000,36.2809677124023
"2017-10-11",38.9925003051758,39.2449989318848,38.9375,39.1375007629395,67622400,36.4322395324707
"2017-10-12",39.0875015258789,39.3424987792969,38.9324989318848,39,64500400,36.3042488098145
"2017-10-13",39.1824989318848,39.3199996948242,39.1025009155273,39.247501373291,65576800,36.5346336364746
"2017-10-16",39.4749984741211,40,39.4124984741211,39.9700012207031,96486000,37.2071952819824
"2017-10-17",39.9449996948242,40.2174987792969,39.8074989318848,40.1175003051758,75989200,37.3445053100586
"2017-10-18",40.1049995422363,40.1775016784668,39.9000015258789,39.939998626709,65496800,37.1792755126953
"2017-10-19",39.1875,39.2700004577637,38.7550010681152,38.9949989318848,170336800,36.2995910644531
"2017-10-20",39.1525001525879,39.4375,38.9900016784668,39.0625,95896400,36.362419128418
"2017-10-23",39.2224998474121,39.4225006103516,38.875,39.0424995422363,87937200,36.3438034057617
"2017-10-24",39.0724983215332,39.3549995422363,39.0499992370605,39.2750015258789,71028800,36.5602378845215
"2017-10-25",39.2275009155273,39.3875007629395,38.8175010681152,39.1025009155273,84828400,36.3996658325195
"2017-10-26",39.3074989318848,39.4575004577637,39.1949996948242,39.3525009155273,68002000,36.6323738098145
"2017-10-27",39.8224983215332,40.9000015258789,39.6749992370605,40.7625007629395,177816800,37.9449195861816
"2017-10-30",40.9724998474121,42.0175018310547,40.9300003051758,41.6800003051758,178803200,38.7989921569824
"2017-10-31",41.9749984741211,42.4124984741211,41.7350006103516,42.2599983215332,144187200,39.3389091491699
"2017-11-01",42.4674987792969,42.4850006103516,41.4025001525879,41.7224998474121,134551200,38.8385581970215
"2017-11-02",41.6500015258789,42.125,41.3199996948242,42.0275001525879,165573600,39.1224784851074
"2017-11-03",43.5,43.564998626709,42.7799987792969,43.125,237594400,40.1441268920898
"2017-11-06",43.0924987792969,43.747501373291,42.9300003051758,43.5625,140105200,40.5513916015625
"2017-11-07",43.4775009155273,43.8125,43.4000015258789,43.7024993896484,97446000,40.6816902160645
"2017-11-08",43.6650009155273,44.060001373291,43.5825004577637,44.060001373291,97638000,41.0144958496094
"2017-11-09",43.7775001525879,44.0250015258789,43.2849998474121,43.9700012207031,117930400,40.9307136535645
"2017-11-10",43.7775001525879,43.8450012207031,43.5675010681152,43.6674995422363,100582000,40.7952499389648
"2017-11-13",43.375,43.625,43.3499984741211,43.4925003051758,67928400,40.6317710876465
"2017-11-14",43.2599983215332,43.3699989318848,42.7949981689453,42.8349990844727,99130000,40.0175094604492
"2017-11-15",42.4925003051758,42.5800018310547,42.0950012207031,42.2700004577637,116632400,39.4896697998047
"2017-11-16",42.7949981689453,42.9674987792969,42.5750007629395,42.7750015258789,94550000,39.9614601135254
"2017-11-17",42.7599983215332,42.8474998474121,42.4099998474121,42.5374984741211,87598000,39.7395668029785
"2017-11-20",42.5724983215332,42.6399993896484,42.3899993896484,42.4949989318848,65049600,39.6998710632324
"2017-11-21",42.6949996948242,43.4249992370605,42.6949996948242,43.2849998474121,100525200,40.437915802002
"2017-11-22",43.3400001525879,43.75,43.2625007629395,43.7400016784668,102355600,40.8629760742188
"2017-11-24",43.7750015258789,43.875,43.6624984741211,43.7425003051758,56106800,40.8653182983398
"2017-11-27",43.7625007629395,43.7700004577637,43.3349990844727,43.5224990844727,82867200,40.6597747802734
"2017-11-28",43.5750007629395,43.7174987792969,42.9650001525879,43.2675018310547,105715200,40.4215545654297
"2017-11-29",43.1575012207031,43.2299995422363,41.7900009155273,42.3699989318848,166665600,39.5830955505371
"2017-11-30",42.6074981689453,43.0349998474121,42.1100006103516,42.9625015258789,166108800,40.1366119384766
"2017-12-01",42.4874992370605,42.9174995422363,42.125,42.7625007629395,159037200,39.9497604370117
"2017-12-04",43.1199989318848,43.1549987792969,42.4075012207031,42.4500007629395,130169600,39.6578330993652
"2017-12-05",42.2649993896484,42.8800010681152,42.0999984741211,42.4099998474121,109400800,39.6204605102539
"2017-12-06",41.875,42.5499992370605,41.6150016784668,42.252498626709,114240000,39.473316192627
"2017-12-07",42.2574996948242,42.6100006103516,42.2275009155273,42.3300018310547,102693200,39.5457229614258
"2017-12-08",42.622501373291,42.75,42.2050018310547,42.3424987792969,93420800,39.5573959350586
"2017-12-11",42.2999992370605,43.2224998474121,42.1974983215332,43.1674995422363,141095200,40.3281326293945
"2017-12-12",43.0374984741211,43.0974998474121,42.8650016784668,42.9249992370605,77636800,40.1015968322754
"2017-12-13",43.125,43.3849983215332,43,43.0675010681152,95273600,40.2347106933594
"2017-12-14",43.0999984741211,43.2825012207031,42.9124984741211,43.0550003051758,81906000,40.2230262756348
"2017-12-15",43.4075012207031,43.5424995422363,43.1150016784668,43.4925003051758,160677200,40.6317710876465
"2017-12-18",43.7200012207031,44.2999992370605,43.7150001525879,44.1049995422363,117684400,41.2039756774902
"2017-12-19",43.7574996948242,43.8474998474121,43.5224990844727,43.6349983215332,109745600,40.7648849487305
"2017-12-20",43.7174987792969,43.8549995422363,43.3125,43.5875015258789,93902400,40.720516204834
"2017-12-21",43.5424995422363,44.0050010681152,43.5250015258789,43.752498626709,83799600,40.8746490478516
"2017-12-22",43.6699981689453,43.8549995422363,43.625,43.752498626709,65397600,40.8746490478516
"2017-12-26",42.7000007629395,42.8675003051758,42.4199981689453,42.6425018310547,132742000,39.8376655578613
"2017-12-27",42.5250015258789,42.6949996948242,42.4275016784668,42.6500015258789,85992800,39.8446769714355
"2017-12-28",42.75,42.9625015258789,42.6199989318848,42.7700004577637,65920800,39.9567832946777
"2017-12-29",42.6300010681152,42.6474990844727,42.3050003051758,42.3074989318848,103999600,39.5247116088867
"2018-01-02",42.5400009155273,43.0750007629395,42.314998626709,43.064998626709,102223600,40.2323722839355
"2018-01-03",43.1324996948242,43.6375007629395,42.9900016784668,43.0574989318848,118071600,40.2253875732422
"2018-01-04",43.1349983215332,43.3675003051758,43.0200004577637,43.2574996948242,89738400,40.4122200012207
"2018-01-05",43.3600006103516,43.8424987792969,43.2625007629395,43.75,94640000,40.8723182678223
"2018-01-08",43.5875015258789,43.9025001525879,43.4824981689453,43.5875015258789,82271200,40.720516204834
"2018-01-09",43.6375007629395,43.7649993896484,43.3525009155273,43.5825004577637,86336000,40.7158355712891
"2018-01-10",43.2900009155273,43.5750007629395,43.25,43.5724983215332,95839600,40.7065010070801
"2018-01-11",43.6474990844727,43.872501373291,43.622501373291,43.8199996948242,74670800,40.9377212524414
"2018-01-12",44.0449981689453,44.3400001525879,43.9124984741211,44.2724990844727,101672400,41.3604545593262
"2018-01-16",44.4749984741211,44.8474998474121,44.0349998474121,44.0475006103516,118263600,41.1502494812012
"2018-01-17",44.0374984741211,44.8125,43.7675018310547,44.7750015258789,137547200,41.8299026489258
"2018-01-18",44.8424987792969,45.0250015258789,44.5625,44.814998626709,124773600,41.8672790527344
"2018-01-19",44.6525001525879,44.8950004577637,44.3525009155273,44.6150016784668,129700400,41.6804275512695
"2018-01-22",44.3250007629395,44.4449996948242,44.1500015258789,44.25,108434400,41.339427947998
"2018-01-23",44.3250007629395,44.8600006103516,44.2050018310547,44.2599983215332,130756400,41.3487777709961
"2018-01-24",44.3125,44.3250007629395,43.2999992370605,43.5550003051758,204420400,40.6901626586914
"2018-01-25",43.627498626709,43.7374992370605,42.6324996948242,42.7775001525879,166116000,39.963794708252
"2018-01-26",43,43,42.5149993896484,42.877498626709,156572000,40.0572090148926
"2018-01-29",42.5400009155273,42.5400009155273,41.7675018310547,41.9900016784668,202561600,39.2280921936035
"2018-01-30",41.3824996948242,41.8424987792969,41.1749992370605,41.7425003051758,184192800,38.9968719482422
"2018-01-31",41.7174987792969,42.1100006103516,41.625,41.8574981689453,129915600,39.1043014526367
"2018-02-01",41.7924995422363,42.1549987792969,41.689998626709,41.9449996948242,188923200,39.1860427856445
"2018-02-02",41.5,41.7000007629395,40.0250015258789,40.125,346375200,37.4857597351074
"2018-02-05",39.7750015258789,40.9700012207031,39,39.122501373291,290954000,36.549201965332
"2018-02-06",38.7075004577637,40.9300003051758,38.5,40.7574996948242,272975200,38.07666015625
"2018-02-07",40.7724990844727,40.8499984741211,39.7675018310547,39.8849983215332,206434400,37.261531829834
"2018-02-08",40.0724983215332,40.25,38.7574996948242,38.7874984741211,217562000,36.2362327575684
"2018-02-09",39.2675018310547,39.4724998474121,37.560001373291,39.1025009155273,282690400,36.6794548034668
"2018-02-12",39.625,40.9724998474121,39.377498626709,40.6775016784668,243278000,38.1568603515625
"2018-02-13",40.4874992370605,41.1875,40.4124984741211,41.0849990844727,130196800,38.5390968322754
"2018-02-14",40.7599983215332,41.8849983215332,40.7200012207031,41.8424987792969,162579600,39.2496643066406
"2018-02-15",42.4474983215332,43.2724990844727,42.25,43.247501373291,204588800,40.5676002502441
"2018-02-16",43.0900001525879,43.7050018310547,42.9425010681152,43.1074981689453,160704400,40.436279296875
"2018-02-20",43.0125007629395,43.564998626709,42.8549995422363,42.9625015258789,135722000,40.3002586364746
"2018-02-21",43.2075004577637,43.5299987792969,42.752498626709,42.7675018310547,149886400,40.1173553466797
"2018-02-22",42.9500007629395,43.4874992370605,42.9275016784668,43.125,123967600,40.4526977539062
"2018-02-23",43.4174995422363,43.9124984741211,43.3849983215332,43.875,135249600,41.1562080383301
"2018-02-26",44.0875015258789,44.8474998474121,44.0525016784668,44.7425003051758,152648800,41.9699668884277
"2018-02-27",44.7750015258789,45.1199989318848,44.5400009155273,44.5974998474121,155712400,41.8339385986328
"2018-02-28",44.814998626709,45.1549987792969,44.5125007629395,44.5299987792969,151128400,41.7706260681152
"2018-03-01",44.6349983215332,44.9449996948242,43.1650009155273,43.75,195208000,41.0389595031738
"2018-03-02",43.2000007629395,44.0750007629395,43.1124992370605,44.0525016784668,153816000,41.3227195739746
"2018-03-05",43.8025016784668,44.435001373291,43.6300010681152,44.2050018310547,113605600,41.4657783508301
"2018-03-06",44.4775009155273,44.5625,44.0325012207031,44.1674995422363,95154000,41.4305877685547
"2018-03-07",43.7350006103516,43.9625015258789,43.5675010681152,43.7574996948242,126814000,41.0460014343262
"2018-03-08",43.8699989318848,44.2799987792969,43.7675018310547,44.2350006103516,95096400,41.4939155578613
"2018-03-09",44.4900016784668,45,44.3474998474121,44.9949989318848,128740800,42.2068061828613
"2018-03-12",45.0724983215332,45.5974998474121,45.0525016784668,45.4300003051758,128828400,42.6148529052734
"2018-03-13",45.6474990844727,45.875,44.810001373291,44.9925003051758,126774000,42.204475402832
"2018-03-14",45.0800018310547,45.1300010681152,44.4524993896484,44.6100006103516,117473600,41.8456764221191
"2018-03-15",44.625,45.060001373291,44.5175018310547,44.6624984741211,90975200,41.8949241638184
"2018-03-16",44.6624984741211,44.7799987792969,44.4049987792969,44.5050010681152,157618800,41.7471733093262
"2018-03-19",44.3300018310547,44.3675003051758,43.4150009155273,43.8250007629395,133787200,41.109317779541
"2018-03-20",43.810001373291,44.2000007629395,43.7350006103516,43.810001373291,78597600,41.0952377319336
"2018-03-21",43.7599983215332,43.7724990844727,42.814998626709,42.8175010681152,148219600,40.1642532348633
"2018-03-22",42.5,43.1699981689453,42.1500015258789,42.2125015258789,165963200,39.5967445373535
"2018-03-23",42.0974998474121,42.4799995422363,41.2350006103516,41.2350006103516,164115200,38.6798095703125
"2018-03-26",42.0175018310547,43.2750015258789,41.6100006103516,43.1925010681152,150164800,40.5160102844238
"2018-03-27",43.4199981689453,43.7874984741211,41.7299995422363,42.0849990844727,163690400,39.4771347045898
"2018-03-28",41.8125,42.5050010681152,41.2975006103516,41.6199989318848,166674000,39.0409507751465
"2018-03-29",41.9524993896484,42.9375,41.7249984741211,41.9449996948242,153594000,39.3458099365234
"2018-04-02",41.6599998474121,42.2350006103516,41.1175003051758,41.6699981689453,150347200,39.0878562927246
"2018-04-03",41.9099998474121,42.1875,41.2200012207031,42.0974998474121,121112000,39.4888534545898
"2018-04-04",41.2200012207031,43.002498626709,41.1925010681152,42.9025001525879,138422000,40.2439651489258
"2018-04-05",43.1450004577637,43.5574989318848,43.0200004577637,43.2000007629395,107732800,40.5230484008789
"2018-04-06",42.7425003051758,43.1199989318848,42.0499992370605,42.0950012207031,140021200,39.4865188598633
"2018-04-09",42.4700012207031,43.2724990844727,42.4625015258789,42.5125007629395,116070800,39.8781433105469
"2018-04-10",43.25,43.5,42.8824996948242,43.3125,113634400,40.6285667419434
"2018-04-11",43.0574989318848,43.4799995422363,42.9249992370605,43.1100006103516,89726400,40.4386177062988
"2018-04-12",43.3525009155273,43.75,43.2599983215332,43.5349998474121,91557200,40.8372840881348
"2018-04-13",43.6949996948242,43.9599990844727,43.4625015258789,43.6824989318848,100497200,40.9756393432617
"2018-04-16",43.7574996948242,44.0475006103516,43.7075004577637,43.9550018310547,86313600,41.231258392334
"2018-04-17",44.122501373291,44.7350006103516,44.1025009155273,44.560001373291,106421600,41.798770904541
"2018-04-18",44.4524993896484,44.7050018310547,44.2200012207031,44.4599990844727,83018000,41.704963684082
"2018-04-19",43.439998626709,43.8474998474121,43.1650009155273,43.2000007629395,139235200,40.5230484008789
"2018-04-20",42.6500015258789,42.8050003051758,41.3574981689453,41.4300003051758,261964400,38.8627319335938
"2018-04-23",41.7075004577637,41.7299995422363,41.0224990844727,41.310001373291,146062000,38.7501602172852
"2018-04-24",41.4174995422363,41.5825004577637,40.3050003051758,40.7350006103516,134768000,38.2107849121094
"2018-04-25",40.6549987792969,41.3549995422363,40.6025009155273,40.9124984741211,113528400,38.3773002624512
"2018-04-26",41.0299987792969,41.4324989318848,40.8424987792969,41.0550003051758,111852000,38.5109748840332
"2018-04-27",41,41.0825004577637,40.1575012207031,40.5800018310547,142623200,38.0653953552246
"2018-04-30",40.5325012207031,41.814998626709,40.4599990844727,41.314998626709,169709600,38.7548599243164
"2018-05-01",41.6025009155273,42.2999992370605,41.3175010681152,42.2750015258789,214277600,39.6553688049316
"2018-05-02",43.8074989318848,44.4375,43.4500007629395,44.1425018310547,266157600,41.4071426391602
"2018-05-03",43.9700012207031,44.375,43.6100006103516,44.2224998474121,136272800,41.4821929931641
"2018-05-04",44.5625,46.0625,44.5424995422363,45.9575004577637,224805200,43.1096801757812
"2018-05-07",46.2949981689453,46.9174995422363,46.1875,46.2900009155273,169805600,43.4215660095215
"2018-05-08",46.247501373291,46.5550003051758,45.9174995422363,46.5125007629395,113611200,43.6302833557129
"2018-05-09",46.6375007629395,46.8499984741211,46.3050003051758,46.8400001525879,92844800,43.9374847412109
"2018-05-10",46.935001373291,47.5924987792969,46.9124984741211,47.5099983215332,111957200,44.5659713745117
"2018-05-11",47.372501373291,47.5149993896484,46.8624992370605,47.1474990844727,104848800,44.3964691162109
"2018-05-14",47.252498626709,47.3824996948242,46.9650001525879,47.0374984741211,83115200,44.2928886413574
"2018-05-15",46.6949996948242,46.7675018310547,46.2750015258789,46.6100006103516,94780800,43.8903312683105
"2018-05-16",46.5175018310547,47.1150016784668,46.5,47.0449981689453,76732400,44.2999458312988
"2018-05-17",47,47.2275009155273,46.5900001525879,46.747501373291,69176000,44.0198020935059
"2018-05-18",46.7975006103516,46.9524993896484,46.5325012207031,46.5774993896484,73190800,43.8597297668457
"2018-05-21",47,47.3175010681152,46.7275009155273,46.9075012207031,73603200,44.1704788208008
"2018-05-22",47.0950012207031,47.2200012207031,46.6949996948242,46.7900009155273,60962800,44.0598373413086
"2018-05-23",46.5875015258789,47.125,46.439998626709,47.0900001525879,80233600,44.3423156738281
"2018-05-24",47.1925010681152,47.2099990844727,46.5525016784668,47.0374984741211,92936000,44.2928886413574
"2018-05-25",47.0574989318848,47.4124984741211,46.9124984741211,47.1450004577637,69844000,44.3941192626953
"2018-05-29",46.9000015258789,47.1875,46.7174987792969,46.9749984741211,90056400,44.2340393066406
"2018-05-30",46.9300003051758,47,46.6949996948242,46.875,74762000,44.1398696899414
"2018-05-31",46.8050003051758,47.0574989318848,46.5349998474121,46.7174987792969,109931200,43.9915542602539
"2018-06-01",46.997501373291,47.564998626709,46.9375,47.560001373291,93770000,44.7849159240723
"2018-06-04",47.9099998474121,48.3549995422363,47.8375015258789,47.9575004577637,105064800,45.1592025756836
"2018-06-05",48.2675018310547,48.4850006103516,48.0900001525879,48.3274993896484,86264000,45.5076217651367
"2018-06-06",48.4075012207031,48.5200004577637,47.9799995422363,48.4949989318848,83734400,45.665340423584
"2018-06-07",48.5349998474121,48.5499992370605,48.0849990844727,48.3650016784668,85388800,45.5429306030273
"2018-06-08",47.7924995422363,48,47.4425010681152,47.9249992370605,106627200,45.1285972595215
"2018-06-11",47.8375015258789,47.9925003051758,47.5525016784668,47.8074989318848,73234000,45.0179672241211
"2018-06-12",47.8474998474121,48.1525001525879,47.7874984741211,48.0699996948242,67644400,45.26513671875
"2018-06-13",48.1049995422363,48.2200012207031,47.6100006103516,47.6749992370605,86553600,44.893180847168
"2018-06-14",47.8875007629395,47.8925018310547,47.5550003051758,47.7000007629395,86440400,44.9167366027832
"2018-06-15",47.5074996948242,47.5400009155273,47.064998626709,47.2099990844727,246876800,44.4553298950195
"2018-06-18",46.9700012207031,47.3050003051758,46.7999992370605,47.185001373291,73939600,44.4317817687988
"2018-06-19",46.2849998474121,46.5825004577637,45.8624992370605,46.4225006103516,134314000,43.7137718200684
"2018-06-20",46.5875015258789,46.7999992370605,46.4324989318848,46.625,82514800,43.9044494628906
"2018-06-21",46.8125,47.0875015258789,46.2350006103516,46.3650016784668,102847600,43.6596298217773
"2018-06-22",46.5299987792969,46.5374984741211,46.1749992370605,46.2299995422363,108801600,43.5325088500977
"2018-06-25",45.8499984741211,46.2299995422363,45.1824989318848,45.5424995422363,126652400,42.8851165771484
"2018-06-26",45.747501373291,46.6324996948242,45.6349983215332,46.1074981689453,98276800,43.4171485900879
"2018-06-27",46.3074989318848,46.8199996948242,46.0074996948242,46.0400009155273,101141200,43.353588104248
"2018-06-28",46.0250015258789,46.5525016784668,45.9500007629395,46.375,69460800,43.6690483093262
"2018-06-29",46.5724983215332,46.7975006103516,45.7275009155273,46.2775001525879,90950800,43.5772399902344
"2018-07-02",45.9550018310547,46.8250007629395,45.8549995422363,46.7949981689453,70925200,44.0645446777344
"2018-07-03",46.9474983215332,46.9874992370605,45.8849983215332,45.9799995422363,55819200,43.2971038818359
"2018-07-05",46.314998626709,46.6025009155273,46.0699996948242,46.3499984741211,66416800,43.6455001831055
"2018-07-06",46.3549995422363,47.1074981689453,46.2999992370605,46.9925003051758,69940800,44.2505264282227
"2018-07-09",47.375,47.6699981689453,47.3250007629395,47.6450004577637,79026400,44.8649406433105
"2018-07-10",47.6775016784668,47.8199996948242,47.5449981689453,47.5875015258789,63756400,44.810791015625
"2018-07-11",47.125,47.4449996948242,46.9025001525879,46.9700012207031,75326000,44.2293319702148
"2018-07-12",47.3824996948242,47.8525009155273,47.3274993896484,47.7574996948242,72164400,44.9708786010742
"2018-07-13",47.7700004577637,47.9599990844727,47.7249984741211,47.8325004577637,50055600,45.04150390625
"2018-07-16",47.8800010681152,48.1624984741211,47.6049995422363,47.7275009155273,60172400,44.9426307678223
"2018-07-17",47.4375,47.9674987792969,47.2999992370605,47.8624992370605,62138000,45.0697402954102
"2018-07-18",47.9449996948242,47.9500007629395,47.4824981689453,47.5999984741211,65573600,44.8225746154785
"2018-07-19",47.4225006103516,48.1375007629395,47.4225006103516,47.9700012207031,81147200,45.1709861755371
"2018-07-20",47.9449996948242,48.1074981689453,47.5424995422363,47.8600006103516,82704800,45.0673866271973
"2018-07-23",47.6699981689453,47.9900016784668,47.3899993896484,47.9025001525879,63957600,45.1074180603027
"2018-07-24",48.1124992370605,48.4150009155273,48.0125007629395,48.25,74791600,45.4346504211426
"2018-07-25",48.2649993896484,48.7125015258789,48.1074981689453,48.7050018310547,66839600,45.8631019592285
"2018-07-26",48.6525001525879,48.9900016784668,48.4025001525879,48.5525016784668,76304000,45.7194938659668
"2018-07-27",48.747501373291,48.7975006103516,47.5250015258789,47.7449989318848,96096000,44.9591064453125
"2018-07-30",47.9749984741211,48.0499992370605,47.2675018310547,47.4775009155273,84118000,44.7072067260742
"2018-07-31",47.5750007629395,48.0349998474121,47.3349990844727,47.5724983215332,157492000,44.7966575622559
"2018-08-01",49.7825012207031,50.439998626709,49.3274993896484,50.375,271742800,47.4356498718262
"2018-08-02",50.1450004577637,52.0950012207031,50.0875015258789,51.8474998474121,249616000,48.8222351074219
"2018-08-03",51.7574996948242,52.185001373291,51.3699989318848,51.997501373291,133789600,48.9634742736816
"2018-08-06",52,52.3125,51.7675018310547,52.2675018310547,101701600,49.2177238464355
"2018-08-07",52.3300018310547,52.375,51.689998626709,51.7775001525879,102349600,48.7563133239746
"2018-08-08",51.5125007629395,51.9524993896484,51.1300010681152,51.8125,90102000,48.7892761230469
"2018-08-09",52.3824996948242,52.4449996948242,51.7999992370605,52.2200012207031,93970400,49.1729888916016
"2018-08-10",51.8400001525879,52.2750015258789,51.6674995422363,51.8824996948242,98444800,49.0265121459961
"2018-08-13",52.3274993896484,52.7374992370605,51.9249992370605,52.2174987792969,103563600,49.3430786132812
"2018-08-14",52.5400009155273,52.6399993896484,52.064998626709,52.4375,82992000,49.5509796142578
"2018-08-15",52.3050003051758,52.685001373291,52.0825004577637,52.560001373291,115230400,49.6667442321777
"2018-08-16",52.9375,53.4524993896484,52.8675003051758,53.3300018310547,114001600,50.394344329834
"2018-08-17",53.3600006103516,54.4874992370605,53.2900009155273,54.3950004577637,141708000,51.4007186889648
"2018-08-20",54.5250015258789,54.7949981689453,53.7775001525879,53.8650016784668,121150800,50.89990234375
"2018-08-21",54.2000007629395,54.2975006103516,53.5074996948242,53.7599983215332,104639200,50.8006820678711
"2018-08-22",53.5250015258789,54.0900001525879,53.4599990844727,53.7625007629395,76072400,50.8030471801758
"2018-08-23",53.6624984741211,54.2625007629395,53.6500015258789,53.872501373291,75532800,50.9069900512695
"2018-08-24",54.1500015258789,54.2249984741211,53.7775001525879,54.0400009155273,73905600,51.0652656555176
"2018-08-27",54.2874984741211,54.685001373291,54.0825004577637,54.4850006103516,82100400,51.485767364502
"2018-08-28",54.752498626709,55.1349983215332,54.7299995422363,54.9249992370605,91107200,51.9015502929688
"2018-08-29",55.0374984741211,55.872501373291,54.8525009155273,55.7449989318848,109019200,52.6764030456543
"2018-08-30",55.8125,57.064998626709,55.5999984741211,56.2574996948242,195175200,53.160701751709
"2018-08-31",56.627498626709,57.2174987792969,56.5,56.9075012207031,173360400,53.7749176025391
"2018-09-04",57.1025009155273,57.2949981689453,56.6575012207031,57.0900001525879,109560400,53.9473838806152
"2018-09-05",57.247501373291,57.4174995422363,56.2750015258789,56.7174987792969,133332000,53.5953750610352
"2018-09-06",56.5574989318848,56.8375015258789,55.3250007629395,55.7750015258789,137160000,52.704761505127
"2018-09-07",55.4625015258789,56.3424987792969,55.1775016784668,55.3250007629395,150479200,52.2795219421387
"2018-09-10",55.2374992370605,55.4625015258789,54.1175003051758,54.5825004577637,158066000,51.5779075622559
"2018-09-11",54.502498626709,56.0750007629395,54.1399993896484,55.9625015258789,142996000,52.8819389343262
"2018-09-12",56.2350006103516,56.25,54.9599990844727,55.2675018310547,197114800,52.2252006530762
"2018-09-13",55.8800010681152,57.0875015258789,55.6425018310547,56.6025009155273,166825600,53.4867172241211
"2018-09-14",56.4375,56.7099990844727,55.6300010681152,55.9599990844727,127997200,52.8795700073242
"2018-09-17",55.5374984741211,55.7374992370605,54.3175010681152,54.4700012207031,148780400,51.4716033935547
"2018-09-18",54.4474983215332,55.4625015258789,54.2799987792969,54.560001373291,126286800,51.5566444396973
"2018-09-19",54.625,54.9049987792969,53.8250007629395,54.5924987792969,108495200,51.5873603820801
"2018-09-20",55.060001373291,55.5699996948242,54.7874984741211,55.0074996948242,106435200,51.9795074462891
"2018-09-21",55.1949996948242,55.3400001525879,54.3224983215332,54.4150009155273,384986800,51.419620513916
"2018-09-24",54.2050018310547,55.314998626709,54.1575012207031,55.1974983215332,110773600,52.1590576171875
"2018-09-25",54.9375,55.7050018310547,54.9249992370605,55.5475006103516,98217600,52.4897842407227
"2018-09-26",55.25,55.9375,54.939998626709,55.1049995422363,95938800,52.0716400146484
"2018-09-27",55.9550018310547,56.6100006103516,55.8849983215332,56.2374992370605,120724800,53.1418113708496
"2018-09-28",56.1974983215332,56.4599990844727,56.0050010681152,56.435001373291,91717600,53.328426361084
"2018-10-01",56.9874992370605,57.3549995422363,56.5875015258789,56.814998626709,94403200,53.6875190734863
"2018-10-02",56.8125,57.5,56.6575012207031,57.3199996948242,99152800,54.1647148132324
"2018-10-03",57.5125007629395,58.3675003051758,57.4449996948242,58.0175018310547,114619200,54.8238143920898
"2018-10-04",57.6949996948242,58.0875015258789,56.6824989318848,56.997501373291,128168000,53.8599472045898
"2018-10-05",56.9900016784668,57.1025009155273,55.1450004577637,56.0724983215332,134322000,52.9858818054199
"2018-10-08",55.5525016784668,56.2000007629395,55.0499992370605,55.9425010681152,118655600,52.8630447387695
"2018-10-09",55.9099998474121,56.8175010681152,55.5625,56.7174987792969,107564000,53.5953750610352
"2018-10-10",56.3650016784668,56.5875015258789,54.0125007629395,54.0900001525879,167962400,51.1125144958496
"2018-10-11",53.6300010681152,54.875,53.0800018310547,53.6124992370605,212497600,50.6613006591797
"2018-10-12",55.1049995422363,55.7200012207031,54.2099990844727,55.5275001525879,161351600,52.4708824157715
"2018-10-15",55.2900009155273,55.4575004577637,54.3175010681152,54.3400001525879,123164000,51.3487548828125
"2018-10-16",54.7324981689453,55.747501373291,54.189998626709,55.5374984741211,116736000,52.4803352355957
"2018-10-17",55.5750007629395,55.6599998474121,54.8349990844727,55.2975006103516,91541600,52.253547668457
"2018-10-18",54.4650001525879,54.935001373291,53.25,54.0050010681152,130325200,51.0321922302246
"2018-10-19",54.5149993896484,55.314998626709,54.3574981689453,54.8274993896484,132314800,51.8094139099121
"2018-10-22",54.9474983215332,55.8400001525879,54.7350006103516,55.1624984741211,115168400,52.1259689331055
"2018-10-23",53.9575004577637,55.8125,53.6749992370605,55.6824989318848,155071200,52.617359161377
"2018-10-24",55.6500015258789,56.0574989318848,53.6349983215332,53.7724990844727,163702000,50.8124847412109
"2018-10-25",54.4275016784668,55.3450012207031,54.1875,54.9500007629395,119423200,51.925178527832
"2018-10-26",53.9749984741211,55.0475006103516,53.1674995422363,54.0750007629395,189033600,51.0983352661133
"2018-10-29",54.7975006103516,54.9225006103516,51.5224990844727,53.060001373291,183742000,50.1392059326172
"2018-10-30",52.7874984741211,53.7949981689453,52.3175010681152,53.3250007629395,146640000,50.3896255493164
"2018-10-31",54.2200012207031,55.1124992370605,54.1549987792969,54.7150001525879,153435600,51.7031021118164
"2018-11-01",54.7625007629395,55.5900001525879,54.2024993896484,55.5550003051758,233292800,52.4968566894531
"2018-11-02",52.3875007629395,53.4124984741211,51.3574981689453,51.8699989318848,365314800,49.0147171020508
"2018-11-05",51.0750007629395,51.0974998474121,49.5424995422363,50.3974990844727,264654800,47.6232795715332
"2018-11-06",50.4799995422363,51.1800003051758,50.4225006103516,50.9425010681152,127531600,48.1382751464844
"2018-11-07",51.4925003051758,52.5149993896484,51.0325012207031,52.4874992370605,133697600,49.5982284545898
"2018-11-08",52.4949989318848,52.5299987792969,51.6875,52.122501373291,101450400,49.4251670837402
"2018-11-09",51.3875007629395,51.502498626709,50.5625,51.1175003051758,137463200,48.4721870422363
"2018-11-12",49.75,49.9625015258789,48.4474983215332,48.5424995422363,204542000,46.0304336547852
"2018-11-13",47.9075012207031,49.2949981689453,47.8624992370605,48.0574989318848,187531600,45.5705299377441
"2018-11-14",48.4749984741211,48.6199989318848,46.4824981689453,46.7000007629395,243204000,44.2832794189453
"2018-11-15",47.0974998474121,47.9925003051758,46.7249984741211,47.8525009155273,185915200,45.376148223877
"2018-11-16",47.625,48.7425003051758,47.3650016784668,48.3824996948242,147713200,45.8787078857422
"2018-11-19",47.5,47.6749992370605,46.247501373291,46.4650001525879,167701200,44.0604362487793
"2018-11-20",44.5924987792969,45.3675003051758,43.877498626709,44.2449989318848,271300800,41.9553184509277
"2018-11-21",44.9324989318848,45.0675010681152,44.1375007629395,44.1949996948242,124496800,41.9079170227051
"2018-11-23",43.7350006103516,44.1500015258789,43.0250015258789,43.0724983215332,94496000,40.8435096740723
"2018-11-26",43.560001373291,43.7374992370605,42.564998626709,43.6549987792969,179994000,41.3958549499512
"2018-11-27",42.877498626709,43.6925010681152,42.7200012207031,43.560001373291,165549600,41.305778503418
"2018-11-28",44.1824989318848,45.3224983215332,43.7324981689453,45.2350006103516,184250000,42.8940963745117
"2018-11-29",45.6650009155273,45.7000007629395,44.4249992370605,44.8875007629395,167080000,42.5645866394043
"2018-11-30",45.0724983215332,45.0825004577637,44.2574996948242,44.6450004577637,158126000,42.3346328735352
"2018-12-03",46.1150016784668,46.2350006103516,45.3025016784668,46.2050018310547,163210000,43.813907623291
"2018-12-04",45.2374992370605,45.5974998474121,44.0675010681152,44.1725006103516,165377200,41.8865737915039
"2018-12-06",42.939998626709,43.6949996948242,42.6049995422363,43.6800003051758,172393600,41.4195785522461
"2018-12-07",43.372501373291,43.622501373291,42.0750007629395,42.122501373291,169126400,39.9426651000977
"2018-12-10",41.25,42.5224990844727,40.8325004577637,42.4000015258789,248104000,40.205810546875
"2018-12-11",42.9150009155273,42.9474983215332,41.75,42.1575012207031,189126800,39.9758644104004
"2018-12-12",42.5999984741211,42.9799995422363,42.2550010681152,42.2750015258789,142510800,40.0872764587402
"2018-12-13",42.622501373291,43.1425018310547,42.3875007629395,42.7374992370605,127594400,40.5258483886719
"2018-12-14",42.25,42.2700004577637,41.3199996948242,41.3699989318848,162814800,39.2291107177734
"2018-12-17",41.3624992370605,42.0875015258789,40.6824989318848,40.9850006103516,177151600,38.8640289306641
"2018-12-18",41.3450012207031,41.8824996948242,41.0974998474121,41.5175018310547,135366000,39.3689727783203
"2018-12-19",41.5,41.8624992370605,39.7724990844727,40.2224998474121,196189200,38.140998840332
"2018-12-20",40.0999984741211,40.5275001525879,38.8250007629395,39.2075004577637,259092000,37.1785354614258
"2018-12-21",39.2150001525879,39.5400009155273,37.4075012207031,37.6824989318848,382978400,35.7324295043945
"2018-12-24",37.0374984741211,37.8875007629395,36.6474990844727,36.7075004577637,148676800,34.8078918457031
"2018-12-26",37.0750007629395,39.3074989318848,36.6800003051758,39.2924995422363,234330000,37.2591209411621
"2018-12-27",38.9599990844727,39.1925010681152,37.5175018310547,39.0374984741211,212468400,37.0173225402832
"2018-12-28",39.375,39.6300010681152,38.6375007629395,39.0574989318848,169165600,37.0362815856934
"2018-12-31",39.6324996948242,39.8400001525879,39.1199989318848,39.435001373291,140014000,37.3942451477051
"2019-01-02",38.7224998474121,39.7125015258789,38.5574989318848,39.4799995422363,148158800,37.4369201660156
"2019-01-03",35.9949989318848,36.4300003051758,35.5,35.5475006103516,365248800,33.7079200744629
"2019-01-04",36.1324996948242,37.1375007629395,35.9500007629395,37.064998626709,234428400,35.1468849182129
"2019-01-07",37.1749992370605,37.2075004577637,36.4749984741211,36.9824981689453,219111200,35.068660736084
"2019-01-08",37.3899993896484,37.9550018310547,37.1300010681152,37.6875,164101200,35.737174987793
"2019-01-09",37.8224983215332,38.6324996948242,37.4075012207031,38.3274993896484,180396400,36.3440589904785
"2019-01-10",38.125,38.4925003051758,37.7150001525879,38.4500007629395,143122800,36.4602127075195
"2019-01-11",38.2200012207031,38.4249992370605,37.877498626709,38.0724983215332,108092800,36.1022491455078
"2019-01-14",37.7125015258789,37.8175010681152,37.3050003051758,37.5,129756800,35.5593757629395
"2019-01-15",37.5675010681152,38.3474998474121,37.5125007629395,38.2675018310547,114843600,36.287166595459
"2019-01-16",38.2700004577637,38.9700012207031,38.25,38.7350006103516,122278800,36.7304801940918
"2019-01-17",38.5499992370605,39.4150009155273,38.314998626709,38.9650001525879,119284800,36.9485740661621
"2019-01-18",39.375,39.4700012207031,38.9949989318848,39.2050018310547,135004000,37.1761474609375
"2019-01-22",39.1025009155273,39.1824989318848,38.1549987792969,38.3250007629395,121576000,36.3416900634766
"2019-01-23",38.5374984741211,38.7849998474121,37.9249992370605,38.4799995422363,92522400,36.4886627197266
"2019-01-24",38.5275001525879,38.6199989318848,37.935001373291,38.1749992370605,101766000,36.1994590759277
"2019-01-25",38.8699989318848,39.5325012207031,38.5800018310547,39.439998626709,134142000,37.3989944458008
"2019-01-28",38.9474983215332,39.0825004577637,38.4150009155273,39.0750007629395,104768400,37.0528869628906
"2019-01-29",39.0625,39.5325012207031,38.5275001525879,38.6699981689453,166348800,36.6688346862793
"2019-01-30",40.8125,41.5374984741211,40.0574989318848,41.3125,244439200,39.1746025085449
"2019-01-31",41.5275001525879,42.25,41.1399993896484,41.6100006103516,162958400,39.4566955566406
"2019-02-01",41.7400016784668,42.2449989318848,41.4824981689453,41.6300010681152,130672400,39.4756507873535
"2019-02-04",41.8525009155273,42.9150009155273,41.8199996948242,42.8125,125982000,40.5969581604004
"2019-02-05",43.2150001525879,43.7700004577637,43.0875015258789,43.5449981689453,144406400,41.2915534973145
"2019-02-06",43.6624984741211,43.8925018310547,43.2125015258789,43.560001373291,112958400,41.305778503418
"2019-02-07",43.0999984741211,43.4850006103516,42.5849990844727,42.7350006103516,126966800,40.5234718322754
"2019-02-08",42.247501373291,42.6650009155273,42.1049995422363,42.6025009155273,95280000,40.5710945129395
"2019-02-11",42.7625007629395,42.8025016784668,42.3125,42.3574981689453,83973600,40.3377685546875
"2019-02-12",42.5250015258789,42.75,42.4249992370605,42.7224998474121,89134000,40.6853637695312
"2019-02-13",42.8474998474121,43.1199989318848,42.4799995422363,42.5449981689453,89960800,40.5163269042969
"2019-02-14",42.4275016784668,42.814998626709,42.3450012207031,42.7000007629395,87342800,40.6639366149902
"2019-02-15",42.8125,42.9249992370605,42.4375,42.6049995422363,98507200,40.5734672546387
"2019-02-19",42.4275016784668,42.8600006103516,42.372501373291,42.7324981689453,75891200,40.6948852539062
"2019-02-20",42.7975006103516,43.3300018310547,42.747501373291,43.0074996948242,104457600,40.9567909240723
"2019-02-21",42.9500007629395,43.0924987792969,42.5750007629395,42.7649993896484,68998800,40.7258262634277
"2019-02-22",42.8950004577637,43.25,42.8450012207031,43.2425003051758,75652800,41.1805725097656
"2019-02-25",43.5400009155273,43.9674987792969,43.4874992370605,43.5574989318848,87493600,41.4805641174316
"2019-02-26",43.4275016784668,43.8250007629395,43.2924995422363,43.5825004577637,68280800,41.5043640136719
"2019-02-27",43.3025016784668,43.75,43.1824989318848,43.7174987792969,111341600,41.632926940918
"2019-02-28",43.5800018310547,43.7275009155273,43.2299995422363,43.2874984741211,112861600,41.2234191894531
"2019-03-01",43.5699996948242,43.7874984741211,43.2224998474121,43.7425003051758,103544800,41.6567344665527
"2019-03-04",43.9225006103516,44.4375,43.4925003051758,43.9625015258789,109744800,41.8662376403809
"2019-03-05",43.9850006103516,44,43.6349983215332,43.8824996948242,78949600,41.7900466918945
"2019-03-06",43.6674995422363,43.872501373291,43.4850006103516,43.6300010681152,83241600,41.5495986938477
"2019-03-07",43.4674987792969,43.6100006103516,43.0050010681152,43.125,99185600,41.0686798095703
"2019-03-08",42.5800018310547,43.2675018310547,42.375,43.2275009155273,95997600,41.1662940979004
"2019-03-11",43.872501373291,44.7799987792969,43.8375015258789,44.7249984741211,128044000,42.5923805236816
"2019-03-12",45,45.6674995422363,44.8424987792969,45.2275009155273,129870400,43.0709266662598
"2019-03-13",45.5625,45.8250007629395,45.2299995422363,45.4275016784668,124130000,43.2613868713379
"2019-03-14",45.9749984741211,46.0250015258789,45.6399993896484,45.9324989318848,94318000,43.7422943115234
"2019-03-15",46.2125015258789,46.8325004577637,45.935001373291,46.5299987792969,156171600,44.3113098144531
"2019-03-18",46.4500007629395,47.0974998474121,46.4474983215332,47.0050010681152,104879200,44.7636680603027
"2019-03-19",47.0875015258789,47.247501373291,46.4799995422363,46.6324996948242,126585600,44.4089164733887
"2019-03-20",46.5574989318848,47.372501373291,46.1824989318848,47.0400009155273,124140800,44.7969932556152
"2019-03-21",47.5050010681152,49.0825004577637,47.4524993896484,48.7724990844727,204136800,46.4468841552734
"2019-03-22",48.8349990844727,49.4225006103516,47.6949996948242,47.7625007629395,169630800,45.4850425720215
"2019-03-25",47.877498626709,47.9949989318848,46.6500015258789,47.185001373291,175381200,44.9350891113281
"2019-03-26",47.9150009155273,48.2200012207031,46.1450004577637,46.6974983215332,199202000,44.4708290100098
"2019-03-27",47.1875,47.439998626709,46.6375007629395,47.1175003051758,119393600,44.8708076477051
"2019-03-28",47.2374992370605,47.3899993896484,46.8824996948242,47.1800003051758,83121600,44.9303207397461
"2019-03-29",47.4575004577637,47.5200004577637,47.1349983215332,47.4874992370605,94256000,45.22314453125
"2019-04-01",47.9099998474121,47.9199981689453,47.0950012207031,47.810001373291,111448000,45.5302810668945
"2019-04-02",47.7724990844727,48.6150016784668,47.7625007629395,48.5050010681152,91062800,46.1921463012695
"2019-04-03",48.3125,49.125,48.2874984741211,48.8375015258789,93087200,46.5087814331055
"2019-04-04",48.6974983215332,49.0924987792969,48.2849998474121,48.9225006103516,76457200,46.5897331237793
"2019-04-05",49.1124992370605,49.2750015258789,48.9824981689453,49.25,74106400,46.901611328125
"2019-04-08",49.1049995422363,50.0574989318848,49.0849990844727,50.0250015258789,103526800,47.6396598815918
"2019-04-09",50.0800018310547,50.7125015258789,49.8074989318848,49.875,143072800,47.4968070983887
"2019-04-10",49.6699981689453,50.185001373291,49.5449981689453,50.1549987792969,86781200,47.7634620666504
"2019-04-11",50.2125015258789,50.25,49.6100006103516,49.7374992370605,83603200,47.3658561706543
"2019-04-12",49.7999992370605,50.0349998474121,49.0525016784668,49.7174987792969,111042800,47.3468208312988
"2019-04-15",49.6450004577637,49.9625015258789,49.502498626709,49.8074989318848,70146400,47.4325256347656
"2019-04-16",49.8650016784668,50.3424987792969,49.6399993896484,49.8125,102785600,47.4372901916504
"2019-04-17",49.8849983215332,50.8450012207031,49.6525001525879,50.7825012207031,115627200,48.3610382080078
"2019-04-18",50.7799987792969,51.0374984741211,50.6300010681152,50.9650001525879,96783200,48.5348281860352
"2019-04-22",50.7075004577637,51.2350006103516,50.5849990844727,51.1324996948242,77758000,48.6943588256836
"2019-04-23",51.1074981689453,51.9375,50.9749984741211,51.8699989318848,93292000,49.3966827392578
"2019-04-24",51.8400001525879,52.1199989318848,51.7625007629395,51.7900009155273,70162400,49.3204917907715
"2019-04-25",51.7075004577637,51.939998626709,51.2799987792969,51.3199996948242,74172800,48.8729057312012
"2019-04-26",51.2249984741211,51.25,50.5299987792969,51.0750007629395,74596400,48.6396026611328
"2019-04-29",51.0999984741211,51.4925003051758,50.9650001525879,51.1525001525879,88818800,48.7133979797363
"2019-04-30",50.7649993896484,50.8499984741211,49.7775001525879,50.1674995422363,186139600,47.7753639221191
"2019-05-01",52.4700012207031,53.8274993896484,52.3074989318848,52.6300010681152,259309200,50.1204528808594
"2019-05-02",52.4599990844727,53.1624984741211,52.0325012207031,52.2874984741211,127985200,49.7942810058594
"2019-05-03",52.7224998474121,52.9599990844727,52.5574989318848,52.9375,83569600,50.4132766723633
"2019-05-06",51.0724983215332,52.2099990844727,50.875,52.1199989318848,129772400,49.6347541809082
"2019-05-07",51.4700012207031,51.8549995422363,50.2075004577637,50.7150001525879,155054800,48.2967529296875
"2019-05-08",50.4749984741211,51.3349990844727,50.4375,50.7249984741211,105358000,48.3062934875488
"2019-05-09",50.0999984741211,50.4199981689453,49.1650009155273,50.1800003051758,139634400,47.7872657775879
"2019-05-10",49.3549995422363,49.7125015258789,48.1925010681152,49.2949981689453,164834800,47.1252632141113
"2019-05-13",46.9275016784668,47.3699989318848,45.7125015258789,46.4300003051758,229722400,44.3863525390625
"2019-05-14",46.6025009155273,47.4249992370605,46.3525009155273,47.1650009155273,146118800,45.0890007019043
"2019-05-15",46.5675010681152,47.9375,46.5050010681152,47.7299995422363,106178800,45.6291351318359
"2019-05-16",47.4775009155273,48.1175003051758,47.2099990844727,47.5200004577637,132125600,45.4283866882324
"2019-05-17",46.7324981689453,47.7249984741211,46.689998626709,47.25,131516400,45.1702651977539
"2019-05-20",45.8800010681152,46.0875015258789,45.0699996948242,45.7724990844727,154449200,43.7578010559082
"2019-05-21",46.3050003051758,47,46.1749992370605,46.6500015258789,113459200,44.5966758728027
"2019-05-22",46.1650009155273,46.4275016784668,45.6375007629395,45.6949996948242,118994400,43.6837120056152
"2019-05-23",44.9500007629395,45.1349983215332,44.4524993896484,44.9150009155273,146118800,42.9380416870117
"2019-05-24",45.0499992370605,45.5349998474121,44.6549987792969,44.7425003051758,94858800,42.773120880127
"2019-05-28",44.7299995422363,45.1474990844727,44.4775009155273,44.5574989318848,111792800,42.5962791442871
"2019-05-29",44.1049995422363,44.8375015258789,44,44.3450012207031,113924800,42.3931274414062
"2019-05-30",44.4874992370605,44.8074989318848,44.1674995422363,44.5750007629395,84873600,42.6130104064941
"2019-05-31",44.0574989318848,44.497501373291,43.747501373291,43.7675018310547,108174400,41.8410491943359
"2019-06-03",43.9000015258789,44.4799995422363,42.5675010681152,43.3250007629395,161584400,41.4180221557617
"2019-06-04",43.8600006103516,44.9575004577637,43.6300010681152,44.9099998474121,123872000,42.9332656860352
"2019-06-05",46.0699996948242,46.247501373291,45.2849998474121,45.6349983215332,119093600,43.6263580322266
"2019-06-06",45.7700004577637,46.3675003051758,45.5374984741211,46.3050003051758,90105200,44.2668571472168
"2019-06-07",46.627498626709,47.9799995422363,46.4425010681152,47.5374984741211,122737600,45.4451026916504
"2019-06-10",47.9524993896484,48.8424987792969,47.9049987792969,48.1450004577637,104883600,46.0258712768555
"2019-06-11",48.7150001525879,49,48.4000015258789,48.7024993896484,107731600,46.5588302612305
"2019-06-12",48.4874992370605,48.9925003051758,48.3474998474121,48.5475006103516,73012800,46.4106521606445
"2019-06-13",48.6749992370605,49.1974983215332,48.4000015258789,48.5374984741211,86698400,46.4010887145996
"2019-06-14",47.8875007629395,48.3974990844727,47.5750007629395,48.185001373291,75046000,46.0641021728516
"2019-06-17",48.2249984741211,48.7400016784668,48.0424995422363,48.4724998474121,58676400,46.3389549255371
"2019-06-18",49.0125007629395,50.0724983215332,48.8025016784668,49.6124992370605,106204000,47.4287719726562
"2019-06-19",49.9199981689453,49.9700012207031,49.3274993896484,49.4674987792969,84496800,47.2901611328125
"2019-06-20",50.0924987792969,50.1525001525879,49.5074996948242,49.8650016784668,86056000,47.6701698303223
"2019-06-21",49.7000007629395,50.2125015258789,49.5374984741211,49.6949996948242,191202400,47.5076370239258
"2019-06-24",49.6349983215332,50.0400009155273,49.5424995422363,49.6450004577637,72881600,47.4598503112793
"2019-06-25",49.6074981689453,49.814998626709,48.8224983215332,48.8925018310547,84281200,46.7404747009277
"2019-06-26",49.4425010681152,50.247501373291,49.3375015258789,49.9500007629395,104270000,47.7514190673828
"2019-06-27",50.0724983215332,50.3925018310547,49.8925018310547,49.935001373291,83598800,47.7370719909668
"2019-06-28",49.6699981689453,49.875,49.2625007629395,49.4799995422363,124442400,47.3021087646484
"2019-07-01",50.7924995422363,51.122501373291,50.1624984741211,50.3875007629395,109012000,48.1696662902832
"2019-07-02",50.3525009155273,50.7825012207031,50.3400001525879,50.6824989318848,67740800,48.4516830444336
"2019-07-03",50.8199996948242,51.1100006103516,50.6725006103516,51.1025009155273,45448000,48.8531875610352
"2019-07-05",50.8375015258789,51.2700004577637,50.7249984741211,51.0574989318848,69062000,48.810173034668
"2019-07-08",50.2024993896484,50.3499984741211,49.6025009155273,50.0050010681152,101354400,47.8040008544922
"2019-07-09",49.7999992370605,50.377498626709,49.7024993896484,50.310001373291,82312000,48.0955696105957
"2019-07-10",50.4625015258789,50.9324989318848,50.3899993896484,50.8074989318848,71588400,48.5711784362793
"2019-07-11",50.8274993896484,51.0974998474121,50.4275016784668,50.4375,80767200,48.2174682617188
"2019-07-12",50.6124992370605,51,50.5499992370605,50.8250007629395,70380800,48.5879058837891
"2019-07-15",51.0224990844727,51.4674987792969,51,51.3025016784668,67789600,49.0443916320801
"2019-07-16",51.1474990844727,51.5275001525879,50.875,51.125,67467200,48.8747024536133
"2019-07-17",51.0125007629395,51.2724990844727,50.8175010681152,50.8375015258789,56430000,48.599853515625
"2019-07-18",51,51.4700012207031,50.9249992370605,51.4150009155273,74162400,49.1519355773926
"2019-07-19",51.4474983215332,51.625,50.5900001525879,50.6474990844727,83717200,48.4182090759277
"2019-07-22",50.9124984741211,51.8074989318848,50.9025001525879,51.8050003051758,89111600,49.5247802734375
"2019-07-23",52.1150016784668,52.2275009155273,51.8224983215332,52.2099990844727,73420800,49.9119415283203
"2019-07-24",51.9174995422363,52.2874984741211,51.7924995422363,52.1674995422363,59966400,49.8713188171387
"2019-07-25",52.2224998474121,52.310001373291,51.6824989318848,51.7550010681152,55638400,49.4769706726074
"2019-07-26",51.8699989318848,52.4324989318848,51.7849998474121,51.935001373291,70475600,49.6490478515625
"2019-07-29",52.1150016784668,52.6599998474121,52.1100006103516,52.4199981689453,86693600,50.1127128601074
"2019-07-30",52.189998626709,52.5400009155273,51.8274993896484,52.1949996948242,135742800,49.8975982666016
"2019-07-31",54.1049995422363,55.3424987792969,52.8250007629395,53.2599983215332,277125600,50.9157218933105
"2019-08-01",53.4749984741211,54.5074996948242,51.685001373291,52.1074981689453,216071600,49.8139533996582
"2019-08-02",51.3824996948242,51.6074981689453,50.4075012207031,51.0050010681152,163448400,48.7599792480469
"2019-08-05",49.497501373291,49.6624984741211,48.1450004577637,48.3349990844727,209572000,46.2075004577637
"2019-08-06",49.0774993896484,49.5175018310547,48.5099983215332,49.25,143299200,47.0822296142578
"2019-08-07",48.8525009155273,49.8899993896484,48.4550018310547,49.7599983215332,133457600,47.5697860717773
"2019-08-08",50.0499992370605,50.8824996948242,49.8474998474121,50.8574981689453,108038000,48.6189842224121
"2019-08-09",50.3250007629395,50.689998626709,49.8224983215332,50.247501373291,98478800,48.2183303833008
"2019-08-12",49.9049987792969,50.5125007629395,49.7874984741211,50.1199989318848,89927600,48.0959815979004
"2019-08-13",50.2550010681152,53.0349998474121,50.1199989318848,52.2425003051758,188874000,50.1327819824219
"2019-08-14",50.7900009155273,51.6100006103516,50.6474990844727,50.6875,146189600,48.640567779541
"2019-08-15",50.8650016784668,51.2849998474121,49.9174995422363,50.435001373291,108909600,48.398265838623
"2019-08-16",51.0699996948242,51.7900009155273,50.9599990844727,51.625,110481600,49.5402069091797
"2019-08-19",52.6549987792969,53.1824989318848,52.5074996948242,52.5875015258789,97654400,50.4638442993164
"2019-08-20",52.7200012207031,53.3375015258789,52.5800018310547,52.5900001525879,107537200,50.466236114502
"2019-08-21",53.247501373291,53.4124984741211,52.9000015258789,53.1599998474121,86141600,51.0132255554199
"2019-08-22",53.2975006103516,53.6100006103516,52.6875,53.1150016784668,89014800,50.970043182373
"2019-08-23",52.3574981689453,53.0125007629395,50.25,50.6599998474121,187272000,48.6141738891602
"2019-08-26",51.4650001525879,51.7975006103516,51.2649993896484,51.622501373291,104174400,49.5378112792969
"2019-08-27",51.9650001525879,52.1375007629395,50.8824996948242,51.0400009155273,103493200,48.9788284301758
"2019-08-28",51.0250015258789,51.4300003051758,50.8300018310547,51.3824996948242,63755200,49.307502746582
"2019-08-29",52.125,52.3300018310547,51.6650009155273,52.252498626709,83962000,50.1423645019531
"2019-08-30",52.5400009155273,52.6124992370605,51.7999992370605,52.185001373291,84573600,50.0775985717773
"2019-09-03",51.6074981689453,51.7449989318848,51.0550003051758,51.4249992370605,80092000,49.3482856750488
"2019-09-04",52.0974998474121,52.3699989318848,51.8300018310547,52.2975006103516,76752400,50.1855545043945
"2019-09-05",53,53.4925003051758,52.877498626709,53.3199996948242,95654800,51.1667518615723
"2019-09-06",53.5125007629395,53.6049995422363,53.127498626709,53.314998626709,77449200,51.1619529724121
"2019-09-09",53.7099990844727,54.1100006103516,52.7675018310547,53.5424995422363,109237600,51.3802680969238
"2019-09-10",53.4650001525879,54.1949996948242,52.9275016784668,54.1749992370605,127111600,51.9872283935547
"2019-09-11",54.5175018310547,55.9275016784668,54.4324989318848,55.8974990844727,177158400,53.6401710510254
"2019-09-12",56.2000007629395,56.6049995422363,55.7150001525879,55.7724990844727,128906800,53.5202217102051
"2019-09-13",55,55.1974983215332,54.2550010681152,54.6875,159053200,52.4790382385254
"2019-09-16",54.4324989318848,55.0325012207031,54.3899993896484,54.9749984741211,84632400,52.7549247741699
"2019-09-17",54.9900016784668,55.2050018310547,54.7799987792969,55.1749992370605,73274800,52.9468421936035
"2019-09-18",55.2649993896484,55.7125015258789,54.8600006103516,55.6925010681152,101360000,53.4434471130371
"2019-09-19",55.502498626709,55.939998626709,55.0924987792969,55.2400016784668,88242400,53.009220123291
"2019-09-20",55.3450012207031,55.6399993896484,54.3675003051758,54.4324989318848,221652400,52.2343368530273
"2019-09-23",54.7374992370605,54.9599990844727,54.4124984741211,54.6800003051758,76662000,52.4718437194824
"2019-09-24",55.2574996948242,55.622501373291,54.2975006103516,54.4199981689453,124763200,52.2223510742188
"2019-09-25",54.6375007629395,55.375,54.2849998474121,55.2574996948242,87613600,53.0260162353516
"2019-09-26",55,55.2350006103516,54.7075004577637,54.9724998474121,75334000,52.7525215148926
"2019-09-27",55.1349983215332,55.2400016784668,54.3199996948242,54.7050018310547,101408000,52.4958305358887
"2019-09-30",55.2249984741211,56.1450004577637,55.1974983215332,55.9925003051758,103909600,53.7313346862793
"2019-10-01",56.2675018310547,57.0550003051758,56.0499992370605,56.1474990844727,139223200,53.8800659179688
"2019-10-02",55.7649993896484,55.8950004577637,54.4824981689453,54.7400016784668,138449200,52.5294189453125
"2019-10-03",54.6074981689453,55.2400016784668,53.7825012207031,55.2050018310547,114426000,52.9756393432617
"2019-10-04",56.4099998474121,56.872501373291,55.9724998474121,56.752498626709,138478800,54.460636138916
"2019-10-07",56.5675010681152,57.4824981689453,56.4599990844727,56.7649993896484,122306000,54.4726486206055
"2019-10-08",56.4550018310547,57.0149993896484,56.0825004577637,56.0999984741211,111820000,53.8344955444336
"2019-10-09",56.7574996948242,56.9474983215332,56.4099998474121,56.7574996948242,74770400,54.4654426574707
"2019-10-10",56.9824981689453,57.6100006103516,56.8250007629395,57.5224990844727,113013600,55.1995429992676
"2019-10-11",58.2374992370605,59.4099998474121,58.0774993896484,59.0525016784668,166795600,56.6677627563477
"2019-10-14",58.7249984741211,59.5325012207031,58.6674995422363,58.9674987792969,96427600,56.5862007141113
"2019-10-15",59.0974998474121,59.4124984741211,58.7200012207031,58.8300018310547,87360000,56.4542427062988
"2019-10-16",58.3424987792969,58.810001373291,58.2999992370605,58.5924987792969,73903200,56.2263336181641
"2019-10-17",58.7724990844727,59.0374984741211,58.3800010681152,58.8199996948242,67585200,56.4446449279785
"2019-10-18",58.6474990844727,59.3950004577637,58.5724983215332,59.1025009155273,97433600,56.715747833252
"2019-10-21",59.3800010681152,60.247501373291,59.3300018310547,60.127498626709,87247200,57.6993370056152
"2019-10-22",60.2900009155273,60.5499992370605,59.9049987792969,59.9900016784668,82293600,57.5674057006836
"2019-10-23",60.5250015258789,60.810001373291,60.3050003051758,60.7949981689453,75828800,58.339900970459
"2019-10-24",61.127498626709,61.2000007629395,60.4524993896484,60.8950004577637,69275200,58.4358520507812
"2019-10-25",60.7900009155273,61.6824989318848,60.7200012207031,61.6450004577637,73477200,59.155574798584
"2019-10-28",61.8549995422363,62.3125,61.6800003051758,62.2625007629395,96572800,59.7481307983398
"2019-10-29",62.2425003051758,62.4375,60.6425018310547,60.8224983215332,142839600,58.3662872314453
"2019-10-30",61.189998626709,61.3250007629395,60.3025016784668,60.814998626709,124522000,58.3590888977051
"2019-10-31",61.810001373291,62.2924995422363,59.314998626709,62.189998626709,139162000,59.6785583496094
"2019-11-01",62.3849983215332,63.9824981689453,62.2900009155273,63.9550018310547,151125200,61.3722839355469
"2019-11-04",64.3324966430664,64.4625015258789,63.8450012207031,64.375,103272000,61.7753219604492
"2019-11-05",64.2624969482422,64.5475006103516,64.0800018310547,64.2825012207031,79897600,61.6865577697754
"2019-11-06",64.192497253418,64.3724975585938,63.8424987792969,64.3099975585938,75864400,61.7129287719727
"2019-11-07",64.6849975585938,65.0875015258789,64.5274963378906,64.8574981689453,94940400,62.4251899719238
"2019-11-08",64.6725006103516,65.1100006103516,64.2125015258789,65.0350036621094,69986400,62.5960311889648
"2019-11-11",64.5749969482422,65.6175003051758,64.5699996948242,65.5500030517578,81821200,63.0917205810547
"2019-11-12",65.3874969482422,65.6975021362305,65.2300033569336,65.4899978637695,87388800,63.0339736938477
"2019-11-13",65.2825012207031,66.1949996948242,65.2675018310547,66.1175003051758,102734400,63.6379470825195
"2019-11-14",65.9375,66.2200012207031,65.5250015258789,65.6600036621094,89182800,63.1975936889648
"2019-11-15",65.9199981689453,66.4449996948242,65.7525024414062,66.4400024414062,100206400,63.9483451843262
"2019-11-18",66.4499969482422,66.8574981689453,66.057502746582,66.7750015258789,86703200,64.2707824707031
"2019-11-19",66.9749984741211,67,66.3475036621094,66.5725021362305,76167200,64.0758895874023
"2019-11-20",66.3850021362305,66.5199966430664,65.0999984741211,65.7975006103516,106234400,63.3299446105957
"2019-11-21",65.9225006103516,66.0025024414062,65.2949981689453,65.5025024414062,121395200,63.046012878418
"2019-11-22",65.6474990844727,65.7949981689453,65.2099990844727,65.4449996948242,65325200,62.9906387329102
"2019-11-25",65.6774978637695,66.6100006103516,65.629997253418,66.5924987792969,84020400,64.0951156616211
"2019-11-26",66.7350006103516,66.7900009155273,65.625,66.0725021362305,105207600,63.5946273803711
"2019-11-27",66.3949966430664,66.995002746582,66.3274993896484,66.9599990844727,65235600,64.4488296508789
"2019-11-29",66.6500015258789,67,66.4749984741211,66.8125,46617600,64.3068771362305
"2019-12-02",66.817497253418,67.0625,65.8625030517578,66.0400009155273,94487200,63.5633316040039
"2019-12-03",64.5774993896484,64.8824996948242,64.0725021362305,64.8625030517578,114430400,62.4299964904785
"2019-12-04",65.2675018310547,65.8274993896484,65.1699981689453,65.4349975585938,67181600,62.981029510498
"2019-12-05",65.9475021362305,66.4725036621094,65.682502746582,66.3949966430664,74424400,63.9050407409668
"2019-12-06",66.870002746582,67.75,66.8249969482422,67.6774978637695,106075600,65.1394424438477
"2019-12-09",67.5,67.6999969482422,66.2275009155273,66.7300033569336,128042400,64.2274627685547
"2019-12-10",67.1500015258789,67.5175018310547,66.4649963378906,67.120002746582,90420400,64.6028366088867
"2019-12-11",67.2024993896484,67.7750015258789,67.125,67.692497253418,78756800,65.1538696289062
"2019-12-12",66.9449996948242,68.1399993896484,66.8300018310547,67.8649978637695,137310400,65.3199081420898
"2019-12-13",67.8649978637695,68.8249969482422,67.7324981689453,68.7874984741211,133587600,66.2077941894531
"2019-12-16",69.25,70.1975021362305,69.245002746582,69.9649963378906,128186000,67.3411407470703
"2019-12-17",69.8925018310547,70.442497253418,69.6999969482422,70.1025009155273,114158400,67.4734649658203
"2019-12-18",69.9499969482422,70.4749984741211,69.7799987792969,69.9349975585938,116028400,67.3122711181641
"2019-12-19",69.875,70.2949981689453,69.7375030517578,70.004997253418,98369200,67.3796615600586
"2019-12-20",70.557502746582,70.6624984741211,69.6399993896484,69.8600006103516,275978000,67.2401123046875
"2019-12-23",70.1324996948242,71.0625,70.0924987792969,71,98572000,68.3373336791992
"2019-12-24",71.1725006103516,71.2225036621094,70.7300033569336,71.067497253418,48478800,68.4022903442383
"2019-12-26",71.2050018310547,72.495002746582,71.1750030517578,72.4775009155273,93121200,69.7594528198242
"2019-12-27",72.7799987792969,73.4925003051758,72.0299987792969,72.4499969482422,146266000,69.7329559326172
"2019-12-30",72.3649978637695,73.1725006103516,71.3050003051758,72.879997253418,144114400,70.1468276977539
"2019-12-31",72.4824981689453,73.4199981689453,72.379997253418,73.4124984741211,100805600,70.6593475341797
"2020-01-02",74.0599975585938,75.1500015258789,73.7975006103516,75.0875015258789,135480400,72.2715377807617
"2020-01-03",74.2874984741211,75.1449966430664,74.125,74.3574981689453,146322800,71.5689086914062
"2020-01-06",73.4475021362305,74.9899978637695,73.1875,74.9499969482422,118387200,72.1391906738281
"2020-01-07",74.9599990844727,75.2249984741211,74.370002746582,74.5975036621094,108872000,71.799919128418
"2020-01-08",74.2900009155273,76.1100006103516,74.2900009155273,75.7975006103516,132079200,72.9549179077148
"2020-01-09",76.8099975585938,77.6074981689453,76.5500030517578,77.4075012207031,170108400,74.5045318603516
"2020-01-10",77.6500015258789,78.1675033569336,77.0625,77.5824966430664,140644800,74.6729507446289
"2020-01-13",77.9100036621094,79.2675018310547,77.7874984741211,79.2399978637695,121532000,76.2683334350586
"2020-01-14",79.1750030517578,79.3925018310547,78.0425033569336,78.1699981689453,161954400,75.2384262084961
"2020-01-15",77.9625015258789,78.875,77.3874969482422,77.8349990844727,121923600,74.9160079956055
"2020-01-16",78.3974990844727,78.9250030517578,78.0224990844727,78.8099975585938,108829200,75.8544464111328
"2020-01-17",79.067497253418,79.6849975585938,78.75,79.682502746582,137816400,76.6942367553711
"2020-01-21",79.2975006103516,79.754997253418,79,79.1425018310547,110843200,76.1744766235352
"2020-01-22",79.6449966430664,79.9974975585938,79.3274993896484,79.4250030517578,101832400,76.4463882446289
"2020-01-23",79.4800033569336,79.8899993896484,78.9124984741211,79.807502746582,104472000,76.8145217895508
"2020-01-24",80.0625,80.8324966430664,79.379997253418,79.5774993896484,146537600,76.5931625366211
"2020-01-27",77.5149993896484,77.942497253418,76.2200012207031,77.2375030517578,161940000,74.3409271240234
"2020-01-28",78.1500015258789,79.5999984741211,78.0475006103516,79.4225006103516,162234000,76.443977355957
"2020-01-29",81.1125030517578,81.9625015258789,80.3450012207031,81.0849990844727,216229200,78.0441207885742
"2020-01-30",80.1350021362305,81.0224990844727,79.6875,80.9674987792969,126743200,77.9310455322266
"2020-01-31",80.2324981689453,80.6699981689453,77.0725021362305,77.3775024414062,199588400,74.4756698608398
"2020-02-03",76.0749969482422,78.3724975585938,75.5550003051758,77.1650009155273,173788400,74.271110534668
"2020-02-04",78.8274993896484,79.9100036621094,78.4075012207031,79.7125015258789,136616400,76.7230911254883
"2020-02-05",80.879997253418,81.1900024414062,79.7375030517578,80.3625030517578,118826800,77.3487167358398
"2020-02-06",80.6425018310547,81.3050003051758,80.0650024414062,81.3024978637695,105425600,78.2534713745117
"2020-02-07",80.5924987792969,80.8499984741211,79.5,80.0074996948242,117684000,77.1898040771484
"2020-02-10",78.5449981689453,80.3874969482422,78.4625015258789,80.3874969482422,109348800,77.5564041137695
"2020-02-11",80.9000015258789,80.9749984741211,79.6774978637695,79.9024963378906,94323200,77.0884857177734
"2020-02-12",80.3675003051758,81.8050003051758,80.3675003051758,81.8000030517578,113730400,78.9191589355469
"2020-02-13",81.0475006103516,81.5550003051758,80.8375015258789,81.2174987792969,94747600,78.357177734375
"2020-02-14",81.1849975585938,81.495002746582,80.7125015258789,81.2375030517578,80113600,78.3764724731445
"2020-02-18",78.8399963378906,79.9375,78.6524963378906,79.75,152531200,76.9413757324219
"2020-02-19",80,81.1425018310547,80,80.9049987792969,93984000,78.0556869506836
"2020-02-20",80.6575012207031,81.1624984741211,79.5524978637695,80.0749969482422,100566000,77.2548980712891
"2020-02-21",79.6549987792969,80.1125030517578,77.625,78.2624969482422,129554000,75.5062561035156
"2020-02-24",74.3150024414062,76.0449981689453,72.307502746582,74.5449981689453,222195200,71.919677734375
"2020-02-25",75.2375030517578,75.6324996948242,71.5325012207031,72.0199966430664,230673600,69.4835891723633
"2020-02-26",71.6324996948242,74.4700012207031,71.625,73.1624984741211,198054800,70.5858764648438
"2020-02-27",70.2750015258789,71.5,68.2399978637695,68.379997253418,320605600,65.9717864990234
"2020-02-28",64.3150024414062,69.6025009155273,64.0924987792969,68.3399963378906,426510000,65.9331817626953
"2020-03-02",70.5699996948242,75.3600006103516,69.4300003051758,74.7024993896484,341397200,72.0716400146484
"2020-03-03",75.9175033569336,76,71.4499969482422,72.3300018310547,319475600,69.7826766967773
"2020-03-04",74.1100006103516,75.8499984741211,73.2825012207031,75.6849975585938,219178400,73.0195083618164
"2020-03-05",73.879997253418,74.8874969482422,72.8525009155273,73.2300033569336,187572800,70.6509704589844
"2020-03-06",70.5,72.7050018310547,70.307502746582,72.2574996948242,226176800,69.7127380371094
"2020-03-09",65.9375,69.5224990844727,65.75,66.5425033569336,286744800,64.1990127563477
"2020-03-10",69.2850036621094,71.6100006103516,67.3424987792969,71.3349990844727,285290000,68.8227081298828
"2020-03-11",69.3475036621094,70.3050003051758,67.9649963378906,68.8574981689453,255598800,66.4324645996094
"2020-03-12",63.9850006103516,67.5,62,62.0574989318848,418474000,59.871955871582
"2020-03-13",66.2225036621094,69.9800033569336,63.2374992370605,69.4925003051758,370732000,67.0451049804688
"2020-03-16",60.4874992370605,64.7699966430664,60,60.5525016784668,322423600,58.4199638366699
"2020-03-17",61.877498626709,64.4024963378906,59.5999984741211,63.2150001525879,324056000,60.988697052002
"2020-03-18",59.9425010681152,62.5,59.2799987792969,61.6674995422363,300233600,59.4956855773926
"2020-03-19",61.8474998474121,63.2099990844727,60.6525001525879,61.1949996948242,271857200,59.0398254394531
"2020-03-20",61.7949981689453,62.9575004577637,57,57.310001373291,401693200,55.2916488647461
"2020-03-23",57.0200004577637,57.125,53.1525001525879,56.0924987792969,336752800,54.1170387268066
"2020-03-24",59.0900001525879,61.9225006103516,58.5750007629395,61.7200012207031,287531200,59.5463447570801
"2020-03-25",62.6875,64.5625,61.0750007629395,61.3800010681152,303602000,59.218318939209
"2020-03-26",61.6300010681152,64.6699981689453,61.5900001525879,64.6100006103516,252087200,62.3345565795898
"2020-03-27",63.1875,63.9674987792969,61.7625007629395,61.935001373291,204216800,59.7537612915039
"2020-03-30",62.685001373291,63.8800010681152,62.3499984741211,63.7024993896484,167976400,61.4590301513672
"2020-03-31",63.9000015258789,65.6224975585938,63,63.5724983215332,197002000,61.3335990905762
"2020-04-01",61.625,62.1800003051758,59.7825012207031,60.2275009155273,176218400,58.1063995361328
"2020-04-02",60.0849990844727,61.2874984741211,59.2249984741211,61.2324981689453,165934000,59.0760116577148
"2020-04-03",60.7000007629395,61.4249992370605,59.7425003051758,60.3525009155273,129880000,58.2270050048828
"2020-04-06",62.7249984741211,65.7774963378906,62.3450012207031,65.6175003051758,201820400,63.3065795898438
"2020-04-07",67.6999969482422,67.9250030517578,64.75,64.8574981689453,202887200,62.5733375549316
"2020-04-08",65.6849975585938,66.8424987792969,65.307502746582,66.5175018310547,168895200,64.1748809814453
"2020-04-09",67.1750030517578,67.5175018310547,66.1750030517578,66.9974975585938,161834800,64.6379699707031
"2020-04-13",67.0774993896484,68.4250030517578,66.4574966430664,68.3125,131022800,65.9066696166992
"2020-04-14",70,72.0625,69.5124969482422,71.7624969482422,194994800,69.2351455688477
"2020-04-15",70.5999984741211,71.5824966430664,70.1575012207031,71.1074981689453,131154400,68.6032409667969
"2020-04-16",71.8450012207031,72.0500030517578,70.5875015258789,71.6725006103516,157125200,69.148323059082
"2020-04-17",71.1725006103516,71.7375030517578,69.2149963378906,70.6999969482422,215250000,68.2100677490234
"2020-04-20",69.4875030517578,70.4199981689453,69.2125015258789,69.2324981689453,130015200,66.7942657470703
"2020-04-21",69.0699996948242,69.3125,66.3574981689453,67.0924987792969,180991600,64.7296371459961
"2020-04-22",68.4024963378906,69.4749984741211,68.0500030517578,69.0250015258789,116862400,66.5940628051758
"2020-04-23",68.9674987792969,70.4375,68.7174987792969,68.7574996948242,124814400,66.3359832763672
"2020-04-24",69.3000030517578,70.7525024414062,69.25,70.7425003051758,126161200,68.2510757446289
"2020-04-27",70.4499969482422,71.1350021362305,69.9875030517578,70.7925033569336,117087600,68.29931640625
"2020-04-28",71.2699966430664,71.4574966430664,69.5500030517578,69.6449966430664,112004800,67.192253112793
"2020-04-29",71.182502746582,72.4175033569336,70.9725036621094,71.932502746582,137280800,69.3991622924805
"2020-04-30",72.4899978637695,73.6324996948242,72.0875015258789,73.4499969482422,183064000,70.8632354736328
"2020-05-01",71.5625,74.75,71.4625015258789,72.2675018310547,240616800,69.7223968505859
"2020-05-04",72.2925033569336,73.4225006103516,71.5800018310547,73.2900009155273,133568000,70.708854675293
"2020-05-05",73.7649993896484,75.25,73.6149978637695,74.3899993896484,147751200,71.7701263427734
"2020-05-06",75.1149978637695,75.8099975585938,74.7174987792969,75.1575012207031,142333600,72.510612487793
"2020-05-07",75.8050003051758,76.2925033569336,75.4925003051758,75.9349975585938,115215200,73.2607040405273
"2020-05-08",76.4100036621094,77.5875015258789,76.0725021362305,77.5325012207031,133838400,75.0044403076172
"2020-05-11",77.0250015258789,79.2624969482422,76.8099975585938,78.7525024414062,145946400,76.1846694946289
"2020-05-12",79.4574966430664,79.9225006103516,77.7275009155273,77.8525009155273,162301200,75.3140182495117
"2020-05-13",78.0374984741211,78.9875030517578,75.8024978637695,76.9124984741211,200622400,74.4046478271484
"2020-05-14",76.1275024414062,77.4475021362305,75.3824996948242,77.3850021362305,158929200,74.8617630004883
"2020-05-15",75.0875015258789,76.9749984741211,75.0524978637695,76.9274978637695,166348400,74.4191970825195
"2020-05-18",78.2925033569336,79.125,77.5800018310547,78.7399978637695,135178400,76.1725921630859
"2020-05-19",78.7574996948242,79.629997253418,78.2525024414062,78.2850036621094,101729600,75.7323989868164
"2020-05-20",79.1699981689453,79.879997253418,79.129997253418,79.807502746582,111504800,77.2052688598633
"2020-05-21",79.6650009155273,80.2225036621094,78.9674987792969,79.2125015258789,102688800,76.6296539306641
"2020-05-22",78.942497253418,79.807502746582,78.8375015258789,79.7225036621094,81803200,77.1230316162109
"2020-05-26",80.875,81.0599975585938,79.125,79.182502746582,125522000,76.6006469726562
"2020-05-27",79.0350036621094,79.6774978637695,78.2724990844727,79.5274963378906,112945200,76.9343719482422
"2020-05-28",79.192497253418,80.8600006103516,78.9075012207031,79.5625,133560800,76.9682693481445
"2020-05-29",79.8125,80.2874984741211,79.1175003051758,79.4850006103516,153532400,76.8932876586914
"2020-06-01",79.4375,80.5875015258789,79.3024978637695,80.4625015258789,80791200,77.8389129638672
"2020-06-02",80.1875,80.8600006103516,79.7324981689453,80.8349990844727,87642800,78.1992492675781
"2020-06-03",81.1650009155273,81.5500030517578,80.5749969482422,81.2799987792969,104491200,78.6297454833984
"2020-06-04",81.0975036621094,81.4049987792969,80.1949996948242,80.5800018310547,87560400,77.9525604248047
"2020-06-05",80.8375015258789,82.9375,80.807502746582,82.875,137250400,80.172737121582
"2020-06-08",82.5625,83.4000015258789,81.8300018310547,83.3649978637695,95654400,80.6467742919922
"2020-06-09",83.0350036621094,86.4024963378906,83.0025024414062,85.9974975585938,147712400,83.1934204101562
"2020-06-10",86.9749984741211,88.692497253418,86.5224990844727,88.2099990844727,166651600,85.3337936401367
"2020-06-11",87.3274993896484,87.7649993896484,83.870002746582,83.9749984741211,201662400,81.2368774414062
"2020-06-12",86.1800003051758,86.9499969482422,83.5550003051758,84.6999969482422,200146000,81.9382400512695
"2020-06-15",83.3125,86.4199981689453,83.1449966430664,85.7474975585938,138808800,82.9515686035156
"2020-06-16",87.8649978637695,88.3000030517578,86.1800003051758,88.0199966430664,165428800,85.1499938964844
"2020-06-17",88.7874984741211,88.8499984741211,87.7724990844727,87.8974990844727,114406400,85.0314712524414
"2020-06-18",87.8525009155273,88.3625030517578,87.3050003051758,87.932502746582,96820400,85.0653457641602
"2020-06-19",88.6600036621094,89.1399993896484,86.2874984741211,87.4300003051758,264476000,84.579216003418
"2020-06-22",87.8349990844727,89.8649978637695,87.7874984741211,89.7174987792969,135445200,86.7921371459961
"2020-06-23",91,93.0950012207031,90.567497253418,91.6324996948242,212155600,88.6446685791016
"2020-06-24",91.25,92.1975021362305,89.629997253418,90.0149993896484,192623200,87.0799331665039
"2020-06-25",90.1750030517578,91.25,89.3925018310547,91.2099990844727,137522400,88.2359619140625
"2020-06-26",91.1025009155273,91.3300018310547,88.254997253418,88.4075012207031,205256800,85.5248565673828
"2020-06-29",88.3125,90.5425033569336,87.8199996948242,90.4449996948242,130646000,87.4959259033203
"2020-06-30",90.0199966430664,91.495002746582,90,91.1999969482422,140223200,88.2262954711914
"2020-07-01",91.2799987792969,91.8399963378906,90.9775009155273,91.0274963378906,110737200,88.0594177246094
"2020-07-02",91.9625015258789,92.6175003051758,90.9100036621094,91.0274963378906,114041600,88.0594177246094
"2020-07-06",92.5,93.9449996948242,92.4674987792969,93.4625015258789,118655600,90.4150238037109
"2020-07-07",93.8525009155273,94.6549987792969,93.057502746582,93.1725006103516,112424400,90.1344604492188
"2020-07-08",94.1800003051758,95.375,94.0899963378906,95.3424987792969,117092000,92.2337341308594
"2020-07-09",96.2624969482422,96.317497253418,94.6725006103516,95.7525024414062,125642800,92.6303482055664
"2020-07-10",95.3349990844727,95.9800033569336,94.7050018310547,95.9199981689453,90257200,92.7923812866211
"2020-07-13",97.2649993896484,99.9550018310547,95.2574996948242,95.4775009155273,191649200,92.3643264770508
"2020-07-14",94.8399963378906,97.254997253418,93.8775024414062,97.057502746582,170989200,93.8928070068359
"2020-07-15",98.9899978637695,99.2474975585938,96.4899978637695,97.7249984741211,153198000,94.5385437011719
"2020-07-16",96.5625,97.4049987792969,95.9049987792969,96.5224990844727,110577600,93.3752670288086
"2020-07-17",96.9875030517578,97.1474990844727,95.8399963378906,96.3274993896484,92186800,93.1866073608398
"2020-07-20",96.4175033569336,98.5,96.0625,98.3574981689453,90318000,95.1504058837891
"2020-07-21",99.1725006103516,99.25,96.7425003051758,97,103433200,93.8371734619141
"2020-07-22",96.692497253418,97.9749984741211,96.6025009155273,97.2724990844727,89001600,94.1007766723633
"2020-07-23",96.9974975585938,97.0774993896484,92.0100021362305,92.8450012207031,197004400,89.8176422119141
"2020-07-24",90.9875030517578,92.9700012207031,89.1449966430664,92.6149978637695,185438800,89.5951614379883
"2020-07-27",93.7099990844727,94.9049987792969,93.4800033569336,94.8099975585938,121214000,91.7185821533203
"2020-07-28",94.3675003051758,94.5500030517578,93.2474975585938,93.2525024414062,103625600,90.2118759155273
"2020-07-29",93.75,95.2300033569336,93.7125015258789,95.0400009155273,90329200,91.9410934448242
"2020-07-30",94.1875,96.2975006103516,93.7675018310547,96.1900024414062,158130000,93.053596496582
"2020-07-31",102.88500213623,106.415000915527,100.824996948242,106.26000213623,374336800,102.79524230957
"2020-08-03",108.199996948242,111.637496948242,107.892501831055,108.9375,308151200,105.38542175293
"2020-08-04",109.132499694824,110.790000915527,108.387496948242,109.665000915527,173071600,106.089210510254
"2020-08-05",109.377502441406,110.392501831055,108.897499084473,110.0625,121776800,106.473754882812
"2020-08-06",110.404998779297,114.412498474121,109.797500610352,113.902496337891,202428800,110.188545227051
"2020-08-07",113.205001831055,113.675003051758,110.292503356934,111.112503051758,198045600,107.683334350586
"2020-08-10",112.599998474121,113.775001525879,110,112.727500915527,212403600,109.248474121094
"2020-08-11",111.970001220703,112.482498168945,109.107498168945,109.375,187902400,105.999458312988
"2020-08-12",110.497497558594,113.275001525879,110.297500610352,113.01000213623,165598000,109.522277832031
"2020-08-13",114.430000305176,116.042503356934,113.92749786377,115.01000213623,210082000,111.460525512695
"2020-08-14",114.830001831055,115,113.044998168945,114.907501220703,165565200,111.361190795898
"2020-08-17",116.0625,116.087501525879,113.962501525879,114.607498168945,119561600,111.070449829102
"2020-08-18",114.352500915527,116,114.007499694824,115.5625,105633600,111.995986938477
"2020-08-19",115.982498168945,117.162498474121,115.610000610352,115.707496643066,145538000,112.136520385742
"2020-08-20",115.75,118.392501831055,115.732498168945,118.275001525879,126907200,114.624771118164
"2020-08-21",119.262496948242,124.867500305176,119.25,124.370002746582,338054800,120.531669616699
"2020-08-24",128.697494506836,128.785003662109,123.9375,125.857498168945,345937600,121.973251342773
"2020-08-25",124.69750213623,125.180000305176,123.05249786377,124.824996948242,211495600,120.972618103027
"2020-08-26",126.180000305176,126.992500305176,125.082496643066,126.522499084473,163022400,122.617729187012
"2020-08-27",127.142501831055,127.485000610352,123.832496643066,125.01000213623,155552400,121.151924133301
"2020-08-28",126.012496948242,126.442497253418,124.577499389648,124.807502746582,187630000,120.955688476562
"2020-08-31",127.580001831055,131,126,129.039993286133,225702700,125.057556152344
"2020-09-01",132.759994506836,134.800003051758,130.529998779297,134.179992675781,151948100,130.038909912109
"2020-09-02",137.589996337891,137.979995727539,127,131.399993896484,200119000,127.344749450684
"2020-09-03",126.910003662109,128.839996337891,120.5,120.879997253418,257599600,117.149383544922
"2020-09-04",120.069999694824,123.699996948242,110.889999389648,120.959999084473,332607200,117.226913452148
"2020-09-08",113.949996948242,118.98999786377,112.680000305176,112.819999694824,231366600,109.33814239502
"2020-09-09",117.26000213623,119.139999389648,115.26000213623,117.319999694824,176940500,113.699256896973
"2020-09-10",120.360000610352,120.5,112.5,113.48999786377,182274400,109.987449645996
"2020-09-11",114.569999694824,115.230003356934,110,112,180860300,108.543434143066
"2020-09-14",114.720001220703,115.930000305176,112.800003051758,115.360000610352,140150100,111.799736022949
"2020-09-15",118.330001831055,118.830001831055,113.610000610352,115.540000915527,184642000,111.974189758301
"2020-09-16",115.230003356934,116,112.040000915527,112.129997253418,154679000,108.669410705566
"2020-09-17",109.720001220703,112.199996948242,108.709999084473,110.339996337891,178011000,106.93465423584
"2020-09-18",110.400001525879,110.879997253418,106.089996337891,106.839996337891,287104900,103.542686462402
"2020-09-21",104.540000915527,110.190002441406,103.099998474121,110.080001831055,195713800,106.682716369629
"2020-09-22",112.680000305176,112.860000610352,109.160003662109,111.809997558594,183055400,108.359306335449
"2020-09-23",111.620002746582,112.110000610352,106.769996643066,107.120002746582,150718700,103.814025878906
"2020-09-24",105.169998168945,110.25,105,108.220001220703,167743300,104.880088806152
"2020-09-25",108.430000305176,112.440002441406,107.669998168945,112.279998779297,149981400,108.814796447754
"2020-09-28",115.01000213623,115.319999694824,112.779998779297,114.959999084473,137672400,111.412094116211
"2020-09-29",114.550003051758,115.309997558594,113.569999694824,114.089996337891,99382200,110.568923950195
"2020-09-30",113.790000915527,117.26000213623,113.620002746582,115.809997558594,142675200,112.235847473145
"2020-10-01",117.639999389648,117.720001220703,115.830001831055,116.790000915527,116120400,113.185607910156
"2020-10-02",112.889999389648,115.370002746582,112.220001220703,113.019996643066,144712000,109.531936645508
"2020-10-05",113.910003662109,116.650001525879,113.550003051758,116.5,106243800,112.904579162598
"2020-10-06",115.699996948242,116.120002746582,112.25,113.160003662109,161498200,109.66764831543
"2020-10-07",114.620002746582,115.550003051758,114.129997253418,115.080001831055,96849000,111.528366088867
"2020-10-08",116.25,116.400001525879,114.589996337891,114.970001220703,83477200,111.421783447266
"2020-10-09",115.279998779297,117,114.919998168945,116.970001220703,100506900,113.360054016113
"2020-10-12",120.059997558594,125.180000305176,119.279998779297,124.400001525879,240226800,120.560752868652
"2020-10-13",125.269996643066,125.389999389648,119.650001525879,121.099998474121,262330500,117.362594604492
"2020-10-14",121,123.029998779297,119.620002746582,121.190002441406,150712000,117.449806213379
"2020-10-15",118.720001220703,121.199996948242,118.150001525879,120.709999084473,112559200,116.984619140625
"2020-10-16",121.279998779297,121.550003051758,118.809997558594,119.019996643066,115393800,115.346786499023
"2020-10-19",119.959999084473,120.419998168945,115.660003662109,115.980003356934,120639300,112.400611877441
"2020-10-20",116.199996948242,118.980003356934,115.629997253418,117.51000213623,124423700,113.883369445801
"2020-10-21",116.669998168945,118.709999084473,116.449996948242,116.870002746582,89946000,113.263130187988
"2020-10-22",117.449996948242,118.040000915527,114.589996337891,115.75,101988000,112.177688598633
"2020-10-23",116.389999389648,116.550003051758,114.279998779297,115.040000915527,82572600,111.489624023438
"2020-10-26",114.01000213623,116.550003051758,112.879997253418,115.050003051758,111850700,111.499305725098
"2020-10-27",115.48999786377,117.279998779297,114.540000915527,116.599998474121,92276800,113.001487731934
"2020-10-28",115.050003051758,115.430000305176,111.099998474121,111.199996948242,143937800,107.768112182617
"2020-10-29",112.370002746582,116.930000305176,112.199996948242,115.319999694824,146129200,111.760971069336
"2020-10-30",111.059997558594,111.98999786377,107.720001220703,108.860000610352,190272600,105.500343322754
"2020-11-02",109.110000610352,110.680000305176,107.319999694824,108.769996643066,122866900,105.413108825684
"2020-11-03",109.660003662109,111.48999786377,108.730003356934,110.440002441406,107624400,107.031578063965
"2020-11-04",114.139999389648,115.589996337891,112.349998474121,114.949996948242,138235500,111.402397155762
"2020-11-05",117.949996948242,119.620002746582,116.870002746582,119.029998779297,126387100,115.356483459473
"2020-11-06",118.319999694824,119.199996948242,116.129997253418,118.690002441406,114457900,115.22541809082
"2020-11-09",120.5,121.98999786377,116.050003051758,116.319999694824,154515300,112.924598693848
"2020-11-10",115.550003051758,117.589996337891,114.129997253418,115.970001220703,138023400,112.584808349609
"2020-11-11",117.190002441406,119.629997253418,116.440002441406,119.48999786377,112295000,116.002059936523
"2020-11-12",119.620002746582,120.529998779297,118.569999694824,119.209999084473,103162300,115.73023223877
"2020-11-13",119.440002441406,119.669998168945,117.870002746582,119.26000213623,81581900,115.778778076172
"2020-11-16",118.919998168945,120.98999786377,118.150001525879,120.300003051758,91183000,116.788429260254
"2020-11-17",119.550003051758,120.669998168945,118.959999084473,119.389999389648,74271000,115.904975891113
"2020-11-18",118.610000610352,119.819999694824,118,118.029998779297,76322100,114.584671020508
"2020-11-19",117.589996337891,119.059997558594,116.809997558594,118.639999389648,74113000,115.176864624023
"2020-11-20",118.639999389648,118.769996643066,117.290000915527,117.339996337891,73604300,113.914833068848
"2020-11-23",117.180000305176,117.620002746582,113.75,113.849998474121,127959300,110.52668762207
"2020-11-24",113.910003662109,115.849998474121,112.589996337891,115.169998168945,113874200,111.808166503906
"2020-11-25",115.550003051758,116.75,115.169998168945,116.029998779297,76499200,112.643058776855
"2020-11-27",116.569999694824,117.48999786377,116.220001220703,116.589996337891,46691300,113.186729431152
"2020-11-30",116.970001220703,120.970001220703,116.809997558594,119.050003051758,169410200,115.574920654297
"2020-12-01",121.01000213623,123.470001220703,120.01000213623,122.720001220703,127728200,119.137771606445
"2020-12-02",122.019996643066,123.370002746582,120.889999389648,123.080001831055,89004200,119.487289428711
"2020-12-03",123.519996643066,123.779998779297,122.209999084473,122.940002441406,78967600,119.351341247559
"2020-12-04",122.599998474121,122.860000610352,121.519996643066,122.25,78260400,118.681488037109
"2020-12-07",122.309997558594,124.569999694824,122.25,123.75,86712000,120.137733459473
"2020-12-08",124.370002746582,124.980003356934,123.089996337891,124.379997253418,82225500,120.749313354492
"2020-12-09",124.529998779297,125.949996948242,121,121.779998779297,115089200,118.225212097168
"2020-12-10",120.5,123.870002746582,120.150001525879,123.23999786377,81312200,119.642585754395
"2020-12-11",122.430000305176,122.76000213623,120.550003051758,122.410003662109,86939800,118.836853027344
"2020-12-14",122.599998474121,123.349998474121,121.540000915527,121.779998779297,79184500,118.225212097168
"2020-12-15",124.339996337891,127.900001525879,124.129997253418,127.879997253418,157243700,124.147163391113
"2020-12-16",127.410003662109,128.369995117188,126.559997558594,127.809997558594,98208600,124.07918548584
"2020-12-17",128.899993896484,129.580001831055,128.039993286133,128.699996948242,94359800,124.943222045898
"2020-12-18",128.960006713867,129.100006103516,126.120002746582,126.660003662109,192541500,122.962776184082
"2020-12-21",125.019996643066,128.309997558594,123.449996948242,128.229995727539,121251600,124.486930847168
"2020-12-22",131.610000610352,134.410003662109,129.649993896484,131.880004882812,168904800,128.030380249023
"2020-12-23",132.160003662109,132.429992675781,130.779998779297,130.960006713867,88223700,127.137252807617
"2020-12-24",131.320007324219,133.460006713867,131.100006103516,131.970001220703,54930100,128.117767333984
"2020-12-28",133.990005493164,137.339996337891,133.509994506836,136.690002441406,124486200,132.699996948242
"2020-12-29",138.050003051758,138.789993286133,134.339996337891,134.869995117188,121047300,130.933135986328
"2020-12-30",135.580001831055,135.990005493164,133.399993896484,133.720001220703,96452100,129.816711425781
"2020-12-31",134.080001831055,134.740005493164,131.720001220703,132.690002441406,99116600,128.816772460938
"2021-01-04",133.520004272461,133.610000610352,126.76000213623,129.410003662109,143301900,125.632522583008
"2021-01-05",128.889999389648,131.740005493164,128.429992675781,131.009994506836,97664900,127.18579864502
"2021-01-06",127.720001220703,131.050003051758,126.379997253418,126.599998474121,155088000,122.904518127441
"2021-01-07",128.360000610352,131.630004882812,127.860000610352,130.919998168945,109578200,127.09839630127
"2021-01-08",132.429992675781,132.630004882812,130.229995727539,132.050003051758,105158200,128.195419311523
"2021-01-11",129.190002441406,130.169998168945,128.5,128.979995727539,100384500,125.215042114258
"2021-01-12",128.5,129.690002441406,126.860000610352,128.800003051758,91951100,125.040328979492
"2021-01-13",128.759994506836,131.449996948242,128.490005493164,130.889999389648,88636800,127.069290161133
"2021-01-14",130.800003051758,131,128.759994506836,128.910003662109,90221800,125.147102355957
"2021-01-15",128.779998779297,130.220001220703,127,127.139999389648,111598500,123.428771972656
"2021-01-19",127.779998779297,128.710006713867,126.940002441406,127.830001831055,90757300,124.098625183105
"2021-01-20",128.660003662109,132.490005493164,128.550003051758,132.029998779297,104319500,128.176025390625
"2021-01-21",133.800003051758,139.669998168945,133.589996337891,136.869995117188,120150900,132.874725341797
"2021-01-22",136.279998779297,139.850006103516,135.020004272461,139.070007324219,114459400,135.010528564453
"2021-01-25",143.070007324219,145.089996337891,136.539993286133,142.919998168945,157611700,138.748107910156
"2021-01-26",143.600006103516,144.300003051758,141.369995117188,143.160003662109,98390600,138.981170654297
"2021-01-27",143.429992675781,144.300003051758,140.410003662109,142.059997558594,140843800,137.91325378418
"2021-01-28",139.520004272461,141.990005493164,136.699996948242,137.089996337891,142621100,133.088302612305
"2021-01-29",135.830001831055,136.740005493164,130.210006713867,131.960006713867,177523800,128.108093261719
"2021-02-01",133.75,135.380004882812,130.929992675781,134.139999389648,106239800,130.224426269531
"2021-02-02",135.729995727539,136.309997558594,134.610000610352,134.990005493164,83305400,131.049591064453
"2021-02-03",135.759994506836,135.770004272461,133.610000610352,133.940002441406,89880900,130.0302734375
"2021-02-04",136.300003051758,137.399993896484,134.589996337891,137.389999389648,84183100,133.379531860352
"2021-02-05",137.350006103516,137.419998168945,135.860000610352,136.759994506836,75693800,132.96630859375
"2021-02-08",136.029998779297,136.960006713867,134.919998168945,136.910003662109,71297200,133.112197875977
"2021-02-09",136.619995117188,137.880004882812,135.850006103516,136.009994506836,76774200,132.237152099609
"2021-02-10",136.479995727539,136.990005493164,134.399993896484,135.389999389648,73046600,131.634338378906
"2021-02-11",135.899993896484,136.389999389648,133.770004272461,135.130004882812,64280000,131.381576538086
"2021-02-12",134.350006103516,135.529998779297,133.690002441406,135.369995117188,60145100,131.614868164062
"2021-02-16",135.490005493164,136.009994506836,132.789993286133,133.190002441406,80576300,129.495361328125
"2021-02-17",131.25,132.220001220703,129.470001220703,130.839996337891,97918500,127.210563659668
"2021-02-18",129.199996948242,130,127.410003662109,129.710006713867,96856700,126.111923217773
"2021-02-19",130.240005493164,130.710006713867,128.800003051758,129.869995117188,87668800,126.267448425293
"2021-02-22",128.009994506836,129.720001220703,125.599998474121,126,103916400,122.504821777344
"2021-02-23",123.76000213623,126.709999084473,118.389999389648,125.860000610352,158273000,122.368721008301
"2021-02-24",124.940002441406,125.559997558594,122.230003356934,125.349998474121,111039900,121.872840881348
"2021-02-25",124.680000305176,126.459999084473,120.540000915527,120.98999786377,148199500,117.633796691895
"2021-02-26",122.589996337891,124.849998474121,121.199996948242,121.26000213623,164560400,117.896308898926
"2021-03-01",123.75,127.930000305176,122.790000915527,127.790000915527,116307900,124.245162963867
"2021-03-02",128.410003662109,128.720001220703,125.01000213623,125.120002746582,102260900,121.64924621582
"2021-03-03",124.809997558594,125.709999084473,121.839996337891,122.059997558594,112966300,118.674133300781
"2021-03-04",121.75,123.599998474121,118.620002746582,120.129997253418,178155000,116.797653198242
"2021-03-05",120.980003356934,121.940002441406,117.569999694824,121.419998168945,153766600,118.051856994629
"2021-03-08",120.930000305176,121,116.209999084473,116.360000610352,154376600,113.13224029541
"2021-03-09",119.029998779297,122.059997558594,118.790000915527,121.089996337891,129525800,117.731025695801
"2021-03-10",121.690002441406,122.169998168945,119.449996948242,119.980003356934,111943300,116.651809692383
"2021-03-11",122.540000915527,123.209999084473,121.26000213623,121.959999084473,103026500,118.576889038086
"2021-03-12",120.400001525879,121.169998168945,119.160003662109,121.029998779297,88105100,117.672691345215
"2021-03-15",121.410003662109,124,120.419998168945,123.98999786377,92403800,120.550590515137
"2021-03-16",125.699996948242,127.220001220703,124.720001220703,125.569999694824,115227900,122.08674621582
"2021-03-17",124.050003051758,125.860000610352,122.339996337891,124.76000213623,111932600,121.299217224121
"2021-03-18",122.879997253418,123.180000305176,120.319999694824,120.529998779297,121229700,117.186546325684
"2021-03-19",119.900001525879,121.430000305176,119.680000305176,119.98999786377,185549500,116.661544799805
"2021-03-22",120.330001831055,123.870002746582,120.26000213623,123.389999389648,111912300,119.967231750488
"2021-03-23",123.330001831055,124.23999786377,122.139999389648,122.540000915527,95467100,119.140823364258
"2021-03-24",122.819999694824,122.900001525879,120.069999694824,120.089996337891,88530500,116.758766174316
"2021-03-25",119.540000915527,121.660003662109,119,120.589996337891,98844700,117.244888305664
"2021-03-26",120.349998474121,121.480003356934,118.919998168945,121.209999084473,94071200,117.847694396973
"2021-03-29",121.650001525879,122.580001831055,120.730003356934,121.389999389648,80819200,118.022720336914
"2021-03-30",120.110000610352,120.400001525879,118.860000610352,119.900001525879,85671900,116.574028015137
"2021-03-31",121.650001525879,123.519996643066,121.150001525879,122.150001525879,118323800,118.761619567871
"2021-04-01",123.660003662109,124.180000305176,122.48999786377,123,75089100,119.588043212891
"2021-04-05",123.870002746582,126.160003662109,123.069999694824,125.900001525879,88651200,122.407600402832
"2021-04-06",126.5,127.129997253418,125.650001525879,126.209999084473,80171300,122.709014892578
"2021-04-07",125.830001831055,127.919998168945,125.139999389648,127.900001525879,83466700,124.352119445801
"2021-04-08",128.949996948242,130.389999389648,128.520004272461,130.360000610352,88844600,126.743881225586
"2021-04-09",129.800003051758,133.039993286133,129.470001220703,133,106686700,129.310623168945
"2021-04-12",132.520004272461,132.850006103516,130.630004882812,131.240005493164,91420000,127.599479675293
"2021-04-13",132.440002441406,134.660003662109,131.929992675781,134.429992675781,91266500,130.70100402832
"2021-04-14",134.940002441406,135,131.660003662109,132.029998779297,87222800,128.367538452148
"2021-04-15",133.820007324219,135,133.639999389648,134.5,89347100,130.769027709961
"2021-04-16",134.300003051758,134.669998168945,133.279998779297,134.160003662109,84922400,130.438491821289
"2021-04-19",133.509994506836,135.470001220703,133.339996337891,134.839996337891,94264200,131.099594116211
"2021-04-20",135.020004272461,135.529998779297,131.809997558594,133.110000610352,94812300,129.417617797852
"2021-04-21",132.360000610352,133.75,131.300003051758,133.5,68847100,129.796798706055
"2021-04-22",133.039993286133,134.149993896484,131.410003662109,131.940002441406,84566500,128.280090332031
"2021-04-23",132.160003662109,135.119995117188,132.160003662109,134.320007324219,78657500,130.594055175781
"2021-04-26",134.830001831055,135.059997558594,133.559997558594,134.720001220703,66905100,130.982925415039
"2021-04-27",135.009994506836,135.410003662109,134.110000610352,134.389999389648,66015800,130.662063598633
"2021-04-28",134.309997558594,135.020004272461,133.080001831055,133.580001831055,107760100,129.874572753906
"2021-04-29",136.470001220703,137.070007324219,132.449996948242,133.479995727539,151101000,129.777359008789
"2021-04-30",131.779998779297,133.559997558594,131.070007324219,131.460006713867,109839500,127.813385009766
"2021-05-03",132.039993286133,134.070007324219,131.830001831055,132.539993286133,75135100,128.863388061523
"2021-05-04",131.190002441406,131.490005493164,126.699996948242,127.849998474121,137564700,124.303512573242
"2021-05-05",129.199996948242,130.449996948242,127.970001220703,128.100006103516,84000900,124.546592712402
"2021-05-06",127.889999389648,129.75,127.129997253418,129.740005493164,78128300,126.141075134277
"2021-05-07",130.850006103516,131.259994506836,129.479995727539,130.210006713867,78973300,126.813110351562
"2021-05-10",129.410003662109,129.539993286133,126.809997558594,126.849998474121,88071200,123.540725708008
"2021-05-11",123.5,126.269996643066,122.769996643066,125.910003662109,126142800,122.62525177002
"2021-05-12",123.400001525879,124.639999389648,122.25,122.769996643066,112172300,119.567169189453
"2021-05-13",124.580001831055,126.150001525879,124.26000213623,124.970001220703,105861300,121.709785461426
"2021-05-14",126.25,127.889999389648,125.849998474121,127.449996948242,81918000,124.125061035156
"2021-05-17",126.819999694824,126.930000305176,125.169998168945,126.269996643066,74244600,122.975852966309
"2021-05-18",126.559997558594,126.98999786377,124.779998779297,124.849998474121,63342900,121.592910766602
"2021-05-19",123.160003662109,124.919998168945,122.860000610352,124.690002441406,92612000,121.437088012695
"2021-05-20",125.230003356934,127.720001220703,125.099998474121,127.309997558594,76857100,123.988723754883
"2021-05-21",127.819999694824,128,125.209999084473,125.430000305176,79295400,122.157768249512
"2021-05-24",126.01000213623,127.940002441406,125.940002441406,127.099998474121,63092900,123.784210205078
"2021-05-25",127.819999694824,128.320007324219,126.319999694824,126.900001525879,72009500,123.589431762695
"2021-05-26",126.959999084473,127.389999389648,126.419998168945,126.849998474121,56575900,123.540725708008
"2021-05-27",126.440002441406,127.639999389648,125.080001831055,125.279998779297,94625600,122.011688232422
"2021-05-28",125.569999694824,125.800003051758,124.550003051758,124.610000610352,71311100,121.359161376953
"2021-06-01",125.080001831055,125.349998474121,123.940002441406,124.279998779297,67637100,121.037773132324
"2021-06-02",124.279998779297,125.23999786377,124.050003051758,125.059997558594,59278900,121.797454833984
"2021-06-03",124.680000305176,124.849998474121,123.129997253418,123.540000915527,76229200,120.317100524902
"2021-06-04",124.069999694824,126.160003662109,123.849998474121,125.889999389648,75169300,122.605781555176
"2021-06-07",126.169998168945,126.319999694824,124.830001831055,125.900001525879,71057600,122.615516662598
"2021-06-08",126.599998474121,128.460006713867,126.209999084473,126.73999786377,74403800,123.433609008789
"2021-06-09",127.209999084473,127.75,126.519996643066,127.129997253418,56877900,123.813415527344
"2021-06-10",127.019996643066,128.190002441406,125.940002441406,126.110000610352,71186400,122.820037841797
"2021-06-11",126.529998779297,127.440002441406,126.099998474121,127.349998474121,53522400,124.027694702148
"2021-06-14",127.819999694824,130.539993286133,127.069999694824,130.479995727539,96906500,127.076049804688
"2021-06-15",129.940002441406,130.600006103516,129.389999389648,129.639999389648,62746300,126.257942199707
"2021-06-16",130.369995117188,130.889999389648,128.460006713867,130.149993896484,91815000,126.75463104248
"2021-06-17",129.800003051758,132.550003051758,129.649993896484,131.789993286133,96721700,128.351806640625
"2021-06-18",130.710006713867,131.509994506836,130.240005493164,130.460006713867,108953300,127.05655670166
"2021-06-21",130.300003051758,132.410003662109,129.210006713867,132.300003051758,79663300,128.848556518555
"2021-06-22",132.130004882812,134.080001831055,131.619995117188,133.979995727539,74783600,130.484741210938
"2021-06-23",133.770004272461,134.320007324219,133.229995727539,133.699996948242,60214200,130.211990356445
"2021-06-24",134.449996948242,134.639999389648,132.929992675781,133.410003662109,68711000,129.929611206055
"2021-06-25",133.460006713867,133.889999389648,132.809997558594,133.110000610352,70783700,129.637420654297
"2021-06-28",133.410003662109,135.25,133.350006103516,134.779998779297,62111300,131.263870239258
"2021-06-29",134.800003051758,136.490005493164,134.350006103516,136.330001831055,64556100,132.773406982422
"2021-06-30",136.169998168945,137.410003662109,135.869995117188,136.960006713867,63261400,133.386962890625
"2021-07-01",136.600006103516,137.330001831055,135.759994506836,137.270004272461,52485800,133.688919067383
"2021-07-02",137.899993896484,140,137.75,139.960006713867,78852600,136.308731079102
"2021-07-06",140.070007324219,143.149993896484,140.070007324219,142.020004272461,108181800,138.314987182617
"2021-07-07",143.539993286133,144.889999389648,142.660003662109,144.570007324219,104911600,140.798461914062
"2021-07-08",141.580001831055,144.059997558594,140.669998168945,143.240005493164,105575500,139.503143310547
"2021-07-09",142.75,145.649993896484,142.649993896484,145.110000610352,99890800,141.324371337891
"2021-07-12",146.210006713867,146.320007324219,144,144.5,76299700,140.730285644531
"2021-07-13",144.029998779297,147.460006713867,143.630004882812,145.639999389648,100827100,141.840530395508
"2021-07-14",148.100006103516,149.570007324219,147.679992675781,149.149993896484,127050800,145.258941650391
"2021-07-15",149.240005493164,150,147.089996337891,148.479995727539,106820300,144.6064453125
"2021-07-16",148.460006713867,149.759994506836,145.880004882812,146.389999389648,93251400,142.570953369141
"2021-07-19",143.75,144.070007324219,141.669998168945,142.449996948242,121434600,138.733749389648
"2021-07-20",143.460006713867,147.100006103516,142.960006713867,146.149993896484,96350000,142.337249755859
"2021-07-21",145.529998779297,146.130004882812,144.630004882812,145.399993896484,74993500,141.60676574707
"2021-07-22",145.940002441406,148.199996948242,145.809997558594,146.800003051758,77338200,142.970291137695
"2021-07-23",147.550003051758,148.720001220703,146.919998168945,148.559997558594,71447400,144.684341430664
"2021-07-26",148.270004272461,149.830001831055,147.699996948242,148.990005493164,72434100,145.103164672852
"2021-07-27",149.119995117188,149.210006713867,145.550003051758,146.770004272461,104818600,142.94108581543
"2021-07-28",144.809997558594,146.970001220703,142.539993286133,144.979995727539,118931200,141.197769165039
"2021-07-29",144.690002441406,146.550003051758,144.580001831055,145.639999389648,56699500,141.840530395508
"2021-07-30",144.380004882812,146.330001831055,144.110000610352,145.860000610352,70440600,142.054763793945
"2021-08-02",146.360000610352,146.949996948242,145.25,145.520004272461,62880000,141.723663330078
"2021-08-03",145.809997558594,148.039993286133,145.179992675781,147.360000610352,64786600,143.515625
"2021-08-04",147.270004272461,147.789993286133,146.279998779297,146.949996948242,56368300,143.116409301758
"2021-08-05",146.979995727539,147.839996337891,146.169998168945,147.059997558594,46397700,143.223480224609
"2021-08-06",146.350006103516,147.110000610352,145.630004882812,146.139999389648,54126800,142.54069519043
"2021-08-09",146.199996948242,146.699996948242,145.520004272461,146.089996337891,48908700,142.491943359375
"2021-08-10",146.440002441406,147.710006713867,145.300003051758,145.600006103516,69023100,142.014038085938
"2021-08-11",146.050003051758,146.720001220703,145.529998779297,145.860000610352,48493500,142.267623901367
"2021-08-12",146.190002441406,149.050003051758,145.839996337891,148.889999389648,72282600,145.223007202148
"2021-08-13",148.970001220703,149.440002441406,148.270004272461,149.100006103516,59375000,145.427871704102
"2021-08-16",148.539993286133,151.190002441406,146.470001220703,151.119995117188,103296000,147.398071289062
"2021-08-17",150.229995727539,151.679992675781,149.089996337891,150.190002441406,92229700,146.490997314453
"2021-08-18",149.800003051758,150.720001220703,146.149993896484,146.360000610352,86326000,142.755310058594
"2021-08-19",145.029998779297,148,144.5,146.699996948242,86960300,143.086959838867
"2021-08-20",147.440002441406,148.5,146.779998779297,148.190002441406,60549600,144.540252685547
"2021-08-23",148.309997558594,150.190002441406,147.889999389648,149.710006713867,60131800,146.022796630859
"2021-08-24",149.449996948242,150.860000610352,149.149993896484,149.619995117188,48606400,145.935073852539
"2021-08-25",149.809997558594,150.320007324219,147.800003051758,148.360000610352,58991300,144.7060546875
"2021-08-26",148.350006103516,149.119995117188,147.509994506836,147.539993286133,48597200,143.90625
"2021-08-27",147.479995727539,148.75,146.830001831055,148.600006103516,55802400,144.940170288086
"2021-08-30",149,153.490005493164,148.610000610352,153.119995117188,90956700,149.348815917969
"2021-08-31",152.660003662109,152.800003051758,151.289993286133,151.830001831055,86453100,148.090591430664
"2021-09-01",152.830001831055,154.979995727539,152.339996337891,152.509994506836,80313700,148.753845214844
"2021-09-02",153.869995117188,154.720001220703,152.399993896484,153.649993896484,71115500,149.865783691406
"2021-09-03",153.759994506836,154.630004882812,153.089996337891,154.300003051758,57808700,150.499786376953
"2021-09-07",154.970001220703,157.259994506836,154.389999389648,156.690002441406,82278300,152.830871582031
"2021-09-08",156.979995727539,157.039993286133,153.979995727539,155.110000610352,74420200,151.289810180664
"2021-09-09",155.490005493164,156.110000610352,153.949996948242,154.070007324219,57305700,150.275451660156
"2021-09-10",155,155.479995727539,148.699996948242,148.970001220703,140893200,145.301071166992
"2021-09-13",150.630004882812,151.419998168945,148.75,149.550003051758,102404300,145.866775512695
"2021-09-14",150.350006103516,151.070007324219,146.910003662109,148.119995117188,109296300,144.471939086914
"2021-09-15",148.559997558594,149.440002441406,146.369995117188,149.029998779297,83281300,145.35954284668
"2021-09-16",148.440002441406,148.970001220703,147.220001220703,148.789993286133,68034100,145.125473022461
"2021-09-17",148.820007324219,148.820007324219,145.759994506836,146.059997558594,129868800,142.462677001953
"2021-09-20",143.800003051758,144.839996337891,141.270004272461,142.940002441406,123478900,139.419555664062
"2021-09-21",143.929992675781,144.600006103516,142.779998779297,143.429992675781,75834000,139.897491455078
"2021-09-22",144.449996948242,146.429992675781,143.699996948242,145.850006103516,76404300,142.257888793945
"2021-09-23",146.649993896484,147.080001831055,145.639999389648,146.830001831055,64838200,143.213745117188
"2021-09-24",145.660003662109,147.470001220703,145.559997558594,146.919998168945,53477900,143.301513671875
"2021-09-27",145.470001220703,145.960006713867,143.820007324219,145.369995117188,74150700,141.789703369141
"2021-09-28",143.25,144.75,141.690002441406,141.910003662109,108972300,138.414916992188
"2021-09-29",142.470001220703,144.449996948242,142.029998779297,142.830001831055,74602000,139.312286376953
"2021-09-30",143.660003662109,144.380004882812,141.279998779297,141.5,89056700,138.015045166016
"2021-10-01",141.899993896484,142.919998168945,139.110000610352,142.649993896484,94639600,139.136672973633
"2021-10-04",141.759994506836,142.210006713867,138.270004272461,139.139999389648,98322000,135.713104248047
"2021-10-05",139.490005493164,142.240005493164,139.360000610352,141.110000610352,80861100,137.634582519531
"2021-10-06",139.470001220703,142.149993896484,138.369995117188,142,83221100,138.502731323242
"2021-10-07",143.059997558594,144.220001220703,142.720001220703,143.289993286133,61732700,139.760879516602
"2021-10-08",144.029998779297,144.179992675781,142.559997558594,142.899993896484,58773200,139.380508422852
"2021-10-11",142.270004272461,144.809997558594,141.809997558594,142.809997558594,64452200,139.292785644531
"2021-10-12",143.229995727539,143.25,141.039993286133,141.509994506836,73035900,138.024795532227
"2021-10-13",141.240005493164,141.399993896484,139.199996948242,140.910003662109,78762700,137.439514160156
"2021-10-14",142.110000610352,143.880004882812,141.509994506836,143.759994506836,69907100,140.219345092773
"2021-10-15",143.770004272461,144.899993896484,143.509994506836,144.839996337891,67940300,141.272750854492
"2021-10-18",143.449996948242,146.839996337891,143.160003662109,146.550003051758,85589200,142.940673828125
"2021-10-19",147.009994506836,149.169998168945,146.550003051758,148.759994506836,76378900,145.096176147461
"2021-10-20",148.699996948242,149.75,148.119995117188,149.259994506836,58418800,145.583892822266
"2021-10-21",148.809997558594,149.639999389648,147.869995117188,149.479995727539,61421000,145.798461914062
"2021-10-22",149.690002441406,150.179992675781,148.639999389648,148.690002441406,58883400,145.027938842773
"2021-10-25",148.679992675781,149.369995117188,147.619995117188,148.639999389648,50720600,144.97917175293
"2021-10-26",149.330001831055,150.839996337891,149.009994506836,149.320007324219,60893400,145.642456054688
"2021-10-27",149.360000610352,149.729995727539,148.490005493164,148.850006103516,56094900,145.184005737305
"2021-10-28",149.820007324219,153.169998168945,149.720001220703,152.570007324219,100077900,148.812377929688
"2021-10-29",147.220001220703,149.940002441406,146.410003662109,149.800003051758,124953200,146.110610961914
"2021-11-01",148.990005493164,149.699996948242,147.800003051758,148.960006713867,74588300,145.291244506836
"2021-11-02",148.660003662109,151.570007324219,148.649993896484,150.020004272461,69122000,146.3251953125
"2021-11-03",150.389999389648,151.970001220703,149.820007324219,151.490005493164,54511500,147.758987426758
"2021-11-04",151.580001831055,152.429992675781,150.639999389648,150.960006713867,60394600,147.242004394531
"2021-11-05",151.889999389648,152.199996948242,150.059997558594,151.279998779297,65463900,147.769485473633
"2021-11-08",151.410003662109,151.570007324219,150.160003662109,150.440002441406,55020900,146.948989868164
"2021-11-09",150.199996948242,151.429992675781,150.059997558594,150.809997558594,56787900,147.31037902832
"2021-11-10",150.020004272461,150.130004882812,147.850006103516,147.919998168945,65187100,144.487503051758
"2021-11-11",148.960006713867,149.429992675781,147.679992675781,147.869995117188,4.1e+07,144.43864440918
"2021-11-12",148.429992675781,150.399993896484,147.479995727539,149.990005493164,63804000,146.50944519043
"2021-11-15",150.369995117188,151.880004882812,149.429992675781,150,59222800,146.519241333008
"2021-11-16",149.940002441406,151.490005493164,149.339996337891,151,59256200,147.495971679688
"2021-11-17",151,155,150.990005493164,153.490005493164,88807000,149.928176879883
"2021-11-18",153.710006713867,158.669998168945,153.050003051758,157.869995117188,137827700,154.206573486328
"2021-11-19",157.649993896484,161.020004272461,156.529998779297,160.550003051758,117305600,156.824356079102
"2021-11-22",161.679992675781,165.699996948242,161,161.020004272461,117467900,157.283462524414
"2021-11-23",161.119995117188,161.800003051758,159.059997558594,161.410003662109,96041900,157.664413452148
"2021-11-24",160.75,162.139999389648,159.639999389648,161.940002441406,69463600,158.182159423828
"2021-11-26",159.570007324219,160.449996948242,156.360000610352,156.809997558594,76959800,153.171173095703
"2021-11-29",159.369995117188,161.190002441406,158.789993286133,160.240005493164,88748200,156.521530151367
"2021-11-30",159.990005493164,165.520004272461,159.919998168945,165.300003051758,174048100,161.464172363281
"2021-12-01",167.479995727539,170.300003051758,164.529998779297,164.770004272461,152052500,160.946502685547
"2021-12-02",158.740005493164,164.199996948242,157.800003051758,163.759994506836,136739200,159.959854125977
"2021-12-03",164.020004272461,164.960006713867,159.720001220703,161.839996337891,118023100,158.084426879883
"2021-12-06",164.289993286133,167.880004882812,164.279998779297,165.320007324219,107497000,161.483734130859
"2021-12-07",169.080001831055,171.580001831055,168.339996337891,171.179992675781,120405400,167.207717895508
"2021-12-08",172.130004882812,175.960006713867,170.699996948242,175.080001831055,116998900,171.017196655273
"2021-12-09",174.910003662109,176.75,173.919998168945,174.559997558594,108923700,170.509292602539
"2021-12-10",175.210006713867,179.630004882812,174.690002441406,179.449996948242,115402700,175.285766601562
"2021-12-13",181.119995117188,182.130004882812,175.529998779297,175.740005493164,153237000,171.661895751953
"2021-12-14",175.25,177.740005493164,172.210006713867,174.330001831055,139380400,170.284622192383
"2021-12-15",175.110000610352,179.5,172.309997558594,179.300003051758,131063300,175.139312744141
"2021-12-16",179.279998779297,181.139999389648,170.75,172.259994506836,150185800,168.262619018555
"2021-12-17",169.929992675781,173.470001220703,169.690002441406,171.139999389648,195432700,167.168640136719
"2021-12-20",168.279998779297,170.580001831055,167.460006713867,169.75,107499100,165.810897827148
"2021-12-21",171.559997558594,173.199996948242,169.119995117188,172.990005493164,91185900,168.975708007812
"2021-12-22",173.039993286133,175.860000610352,172.149993896484,175.639999389648,92135300,171.564208984375
"2021-12-23",175.850006103516,176.850006103516,175.270004272461,176.279998779297,68356600,172.189361572266
"2021-12-27",177.089996337891,180.419998168945,177.070007324219,180.330001831055,74919600,176.145385742188
"2021-12-28",180.160003662109,181.330001831055,178.529998779297,179.289993286133,79144300,175.129501342773
"2021-12-29",179.330001831055,180.630004882812,178.139999389648,179.380004882812,62348900,175.217407226562
"2021-12-30",179.470001220703,180.570007324219,178.089996337891,178.199996948242,59773000,174.064788818359
"2021-12-31",178.089996337891,179.229995727539,177.259994506836,177.570007324219,64062300,173.449432373047
"2022-01-03",177.830001831055,182.880004882812,177.710006713867,182.009994506836,104487900,177.786376953125
"2022-01-04",182.630004882812,182.940002441406,179.119995117188,179.699996948242,99310400,175.529998779297
"2022-01-05",179.610000610352,180.169998168945,174.639999389648,174.919998168945,94537600,170.860931396484
"2022-01-06",172.699996948242,175.300003051758,171.639999389648,172,96904000,168.008666992188
"2022-01-07",172.889999389648,174.139999389648,171.029998779297,172.169998168945,86709100,168.174758911133
"2022-01-10",169.080001831055,172.5,168.169998168945,172.190002441406,106765600,168.194259643555
"2022-01-11",172.320007324219,175.179992675781,170.820007324219,175.080001831055,76138300,171.017196655273
"2022-01-12",176.119995117188,177.179992675781,174.820007324219,175.529998779297,74805200,171.456771850586
"2022-01-13",175.779998779297,176.619995117188,171.789993286133,172.190002441406,84505800,168.194259643555
"2022-01-14",171.339996337891,173.779998779297,171.089996337891,173.070007324219,80440800,169.05387878418
"2022-01-18",171.509994506836,172.539993286133,169.410003662109,169.800003051758,90956700,165.859771728516
"2022-01-19",170,171.080001831055,165.940002441406,166.229995727539,94815000,162.372589111328
"2022-01-20",166.979995727539,169.679992675781,164.179992675781,164.509994506836,91420500,160.692474365234
"2022-01-21",164.419998168945,166.330001831055,162.300003051758,162.410003662109,122848900,158.641235351562
"2022-01-24",160.020004272461,162.300003051758,154.699996948242,161.619995117188,162294600,157.869537353516
"2022-01-25",158.979995727539,162.759994506836,157.020004272461,159.779998779297,115798400,156.072235107422
"2022-01-26",163.5,164.389999389648,157.820007324219,159.690002441406,108275300,155.984329223633
"2022-01-27",162.449996948242,163.839996337891,158.279998779297,159.220001220703,121954600,155.525253295898
"2022-01-28",165.710006713867,170.350006103516,162.800003051758,170.330001831055,179935700,166.377410888672
"2022-01-31",170.160003662109,175,169.509994506836,174.779998779297,115541600,170.724166870117
"2022-02-01",174.009994506836,174.839996337891,172.309997558594,174.610000610352,86213900,170.55810546875
"2022-02-02",174.75,175.880004882812,173.330001831055,175.839996337891,84914300,171.759582519531
"2022-02-03",174.479995727539,176.240005493164,172.119995117188,172.899993896484,89418100,168.887802124023
"2022-02-04",171.679992675781,174.100006103516,170.679992675781,172.389999389648,82465400,168.604187011719
"2022-02-07",172.860000610352,173.949996948242,170.949996948242,171.660003662109,77251200,167.890197753906
"2022-02-08",171.729995727539,175.350006103516,171.429992675781,174.830001831055,74829200,170.990600585938
"2022-02-09",176.050003051758,176.649993896484,174.899993896484,176.279998779297,71285000,172.408752441406
"2022-02-10",174.139999389648,175.479995727539,171.550003051758,172.119995117188,90865900,168.340072631836
"2022-02-11",172.330001831055,173.080001831055,168.039993286133,168.639999389648,98670700,164.936538696289
"2022-02-14",167.369995117188,169.580001831055,166.559997558594,168.880004882812,86185500,165.171249389648
"2022-02-15",170.970001220703,172.949996948242,170.25,172.789993286133,62527400,168.995391845703
"2022-02-16",171.850006103516,173.339996337891,170.050003051758,172.550003051758,61177400,168.760665893555
"2022-02-17",171.029998779297,171.910003662109,168.470001220703,168.880004882812,69589300,165.171249389648
"2022-02-18",169.820007324219,170.539993286133,166.190002441406,167.300003051758,82772700,163.625961303711
"2022-02-22",164.979995727539,166.690002441406,162.149993896484,164.320007324219,91162800,160.711395263672
"2022-02-23",165.539993286133,166.149993896484,159.75,160.070007324219,90009200,156.554748535156
"2022-02-24",152.580001831055,162.850006103516,152,162.740005493164,141147500,159.166122436523
"2022-02-25",163.839996337891,165.119995117188,160.869995117188,164.850006103516,91974200,161.229751586914
"2022-02-28",163.059997558594,165.419998168945,162.429992675781,165.119995117188,95056600,161.493835449219
"2022-03-01",164.699996948242,166.600006103516,161.970001220703,163.199996948242,83474400,159.615982055664
"2022-03-02",164.389999389648,167.360000610352,162.949996948242,166.559997558594,79724800,162.902206420898
"2022-03-03",168.470001220703,168.910003662109,165.550003051758,166.229995727539,76678400,162.579437255859
"2022-03-04",164.490005493164,165.550003051758,162.100006103516,163.169998168945,83737200,159.586624145508
"2022-03-07",163.360000610352,165.020004272461,159.039993286133,159.300003051758,96418800,155.801651000977
"2022-03-08",158.820007324219,162.880004882812,155.800003051758,157.440002441406,131148300,153.982482910156
"2022-03-09",161.479995727539,163.410003662109,159.410003662109,162.949996948242,91454900,159.371475219727
"2022-03-10",160.199996948242,160.389999389648,155.979995727539,158.520004272461,105342000,155.038757324219
"2022-03-11",158.929992675781,159.279998779297,154.5,154.729995727539,96970100,151.331985473633
"2022-03-14",151.449996948242,154.119995117188,150.100006103516,150.619995117188,108732100,147.312240600586
"2022-03-15",150.899993896484,155.570007324219,150.380004882812,155.089996337891,92964300,151.684051513672
"2022-03-16",157.050003051758,160,154.460006713867,159.589996337891,102300200,156.08528137207
"2022-03-17",158.610000610352,161,157.630004882812,160.619995117188,75615400,157.092651367188
"2022-03-18",160.509994506836,164.479995727539,159.759994506836,163.979995727539,123511700,160.378860473633
"2022-03-21",163.509994506836,166.350006103516,163.009994506836,165.380004882812,95811400,161.748153686523
"2022-03-22",165.509994506836,169.419998168945,164.910003662109,168.820007324219,81532000,165.112579345703
"2022-03-23",167.990005493164,172.639999389648,167.649993896484,170.210006713867,98062700,166.472045898438
"2022-03-24",171.059997558594,174.139999389648,170.210006713867,174.070007324219,90131400,170.247283935547
"2022-03-25",173.880004882812,175.279998779297,172.75,174.720001220703,80546200,170.883026123047
"2022-03-28",172.169998168945,175.729995727539,172,175.600006103516,90371900,171.743667602539
"2022-03-29",176.690002441406,179.009994506836,176.339996337891,178.960006713867,100589400,175.029891967773
"2022-03-30",178.550003051758,179.610000610352,176.699996948242,177.770004272461,92633200,173.866012573242
"2022-03-31",177.839996337891,178.029998779297,174.399993896484,174.610000610352,103049300,170.775405883789
"2022-04-01",174.029998779297,174.880004882812,171.940002441406,174.309997558594,78751300,170.482040405273
"2022-04-04",174.570007324219,178.490005493164,174.440002441406,178.440002441406,76468400,174.521301269531
"2022-04-05",177.5,178.300003051758,174.419998168945,175.059997558594,73401800,171.215530395508
"2022-04-06",172.360000610352,173.630004882812,170.130004882812,171.830001831055,89058800,168.056488037109
"2022-04-07",171.160003662109,173.360000610352,169.850006103516,172.139999389648,77594700,168.359634399414
"2022-04-08",171.779998779297,171.779998779297,169.199996948242,170.089996337891,76575500,166.35466003418
"2022-04-11",168.710006713867,169.029998779297,165.5,165.75,72246700,162.109954833984
"2022-04-12",168.020004272461,169.869995117188,166.639999389648,167.660003662109,79265200,163.978057861328
"2022-04-13",167.389999389648,171.039993286133,166.770004272461,170.399993896484,70618900,166.657867431641
"2022-04-14",170.619995117188,171.270004272461,165.039993286133,165.289993286133,75329400,161.660095214844
"2022-04-18",163.919998168945,166.600006103516,163.570007324219,165.070007324219,69023900,161.444931030273
"2022-04-19",165.020004272461,167.820007324219,163.910003662109,167.399993896484,67723800,163.723739624023
"2022-04-20",168.759994506836,168.880004882812,166.100006103516,167.229995727539,67929800,163.55744934082
"2022-04-21",168.910003662109,171.529998779297,165.910003662109,166.419998168945,87227800,162.76530456543
"2022-04-22",166.460006713867,167.869995117188,161.5,161.789993286133,84882400,158.236938476562
"2022-04-25",161.119995117188,163.169998168945,158.460006713867,162.880004882812,96046400,159.303024291992
"2022-04-26",162.25,162.339996337891,156.720001220703,156.800003051758,95623200,153.356552124023
"2022-04-27",155.910003662109,159.789993286133,155.380004882812,156.570007324219,88063200,153.131561279297
"2022-04-28",159.25,164.520004272461,158.929992675781,163.639999389648,130216800,160.046310424805
"2022-04-29",161.839996337891,166.199996948242,157.25,157.649993896484,131747600,154.187881469727
"2022-05-02",156.710006713867,158.229995727539,153.270004272461,157.960006713867,123055300,154.491073608398
"2022-05-03",158.149993896484,160.710006713867,156.320007324219,159.479995727539,88966500,155.977676391602
"2022-05-04",159.669998168945,166.479995727539,159.259994506836,166.020004272461,108256500,162.374053955078
"2022-05-05",163.850006103516,164.080001831055,154.949996948242,156.770004272461,130525300,153.327178955078
"2022-05-06",156.009994506836,159.440002441406,154.179992675781,157.279998779297,116124600,154.052032470703
"2022-05-09",154.929992675781,155.830001831055,151.490005493164,152.059997558594,131577900,148.939147949219
"2022-05-10",155.520004272461,156.740005493164,152.929992675781,154.509994506836,115366700,151.338836669922
"2022-05-11",153.5,155.449996948242,145.809997558594,146.5,142689800,143.493286132812
"2022-05-12",142.770004272461,146.199996948242,138.800003051758,142.559997558594,182602000,139.634094238281
"2022-05-13",144.589996337891,148.100006103516,143.110000610352,147.110000610352,113990900,144.090698242188
"2022-05-16",145.550003051758,147.520004272461,144.179992675781,145.539993286133,86643800,142.552947998047
"2022-05-17",148.860000610352,149.770004272461,146.679992675781,149.240005493164,78336300,146.177017211914
"2022-05-18",146.850006103516,147.360000610352,139.899993896484,140.820007324219,109742900,137.929840087891
"2022-05-19",139.880004882812,141.660003662109,136.600006103516,137.350006103516,136095600,134.53108215332
"2022-05-20",139.089996337891,140.699996948242,132.610000610352,137.589996337891,137426100,134.76611328125
"2022-05-23",137.789993286133,143.259994506836,137.649993896484,143.110000610352,117726300,140.172866821289
"2022-05-24",140.809997558594,141.970001220703,137.330001831055,140.360000610352,104132700,137.479278564453
"2022-05-25",138.429992675781,141.789993286133,138.339996337891,140.520004272461,92482700,137.636001586914
"2022-05-26",137.389999389648,144.339996337891,137.139999389648,143.779998779297,90601500,140.829071044922
"2022-05-27",145.389999389648,149.679992675781,145.259994506836,149.639999389648,90978500,146.56884765625
"2022-05-31",149.070007324219,150.660003662109,146.839996337891,148.839996337891,103718400,145.785232543945
"2022-06-01",149.899993896484,151.740005493164,147.679992675781,148.710006713867,74286600,145.657928466797
"2022-06-02",147.830001831055,151.270004272461,146.860000610352,151.210006713867,72348100,148.106597900391
"2022-06-03",146.899993896484,147.970001220703,144.460006713867,145.380004882812,88570300,142.396240234375
"2022-06-06",147.029998779297,148.570007324219,144.899993896484,146.139999389648,71598400,143.140655517578
"2022-06-07",144.350006103516,149,144.100006103516,148.710006713867,67808200,145.657928466797
"2022-06-08",148.580001831055,149.869995117188,147.460006713867,147.960006713867,53950200,144.923294067383
"2022-06-09",147.080001831055,147.949996948242,142.529998779297,142.639999389648,69473000,139.712478637695
"2022-06-10",140.279998779297,140.759994506836,137.059997558594,137.130004882812,91437900,134.315567016602
"2022-06-13",132.869995117188,135.199996948242,131.440002441406,131.880004882812,122207100,129.17333984375
"2022-06-14",133.130004882812,133.889999389648,131.479995727539,132.759994506836,84784300,130.035232543945
"2022-06-15",134.289993286133,137.339996337891,132.160003662109,135.429992675781,91533000,132.650436401367
"2022-06-16",132.080001831055,132.389999389648,129.039993286133,130.059997558594,108123900,127.390686035156
"2022-06-17",130.070007324219,133.080001831055,129.809997558594,131.559997558594,134520300,128.859878540039
"2022-06-21",133.419998168945,137.059997558594,133.320007324219,135.869995117188,81000500,133.081420898438
"2022-06-22",134.789993286133,137.759994506836,133.910003662109,135.350006103516,73409200,132.572082519531
"2022-06-23",136.820007324219,138.589996337891,135.630004882812,138.270004272461,72433800,135.432159423828
"2022-06-24",139.899993896484,141.910003662109,139.770004272461,141.660003662109,89116800,138.752593994141
"2022-06-27",142.699996948242,143.490005493164,140.970001220703,141.660003662109,70207900,138.752593994141
"2022-06-28",142.130004882812,143.419998168945,137.320007324219,137.440002441406,67083400,134.619216918945
"2022-06-29",137.460006713867,140.669998168945,136.669998168945,139.229995727539,66242400,136.372436523438
"2022-06-30",137.25,138.369995117188,133.770004272461,136.720001220703,98964500,133.913955688477
"2022-07-01",136.039993286133,139.039993286133,135.660003662109,138.929992675781,71051600,136.078628540039
"2022-07-05",137.770004272461,141.610000610352,136.929992675781,141.559997558594,73353800,138.654647827148
"2022-07-06",141.350006103516,144.119995117188,141.080001831055,142.919998168945,74064300,139.986724853516
"2022-07-07",143.289993286133,146.550003051758,143.279998779297,146.350006103516,66253700,143.346328735352
"2022-07-08",145.259994506836,147.550003051758,145,147.039993286133,64547800,144.022171020508
"2022-07-11",145.669998168945,146.639999389648,143.779998779297,144.869995117188,63141600,141.896713256836
"2022-07-12",145.759994506836,148.449996948242,145.050003051758,145.860000610352,77588800,142.866409301758
"2022-07-13",142.990005493164,146.449996948242,142.119995117188,145.490005493164,71185600,142.503982543945
"2022-07-14",144.080001831055,148.949996948242,143.25,148.470001220703,78140700,145.422836303711
"2022-07-15",149.779998779297,150.860000610352,148.199996948242,150.169998168945,76259900,147.087936401367
"2022-07-18",150.740005493164,151.570007324219,146.699996948242,147.070007324219,81420900,144.051574707031
"2022-07-19",147.919998168945,151.229995727539,146.910003662109,151,82982400,147.90087890625
"2022-07-20",151.119995117188,153.720001220703,150.369995117188,153.039993286133,64823400,149.899047851562
"2022-07-21",154.5,155.570007324219,151.940002441406,155.350006103516,65086600,152.161636352539
"2022-07-22",155.389999389648,156.279998779297,153.410003662109,154.089996337891,66675400,150.927490234375
"2022-07-25",154.009994506836,155.039993286133,152.279998779297,152.949996948242,53623900,149.81086730957
"2022-07-26",152.259994506836,153.089996337891,150.800003051758,151.600006103516,55138700,148.488586425781
"2022-07-27",152.580001831055,157.330001831055,152.160003662109,156.789993286133,78620700,153.572052001953
"2022-07-28",156.979995727539,157.639999389648,154.410003662109,157.350006103516,81378700,154.120559692383
"2022-07-29",161.240005493164,163.630004882812,159.5,162.509994506836,101786900,159.174652099609
"2022-08-01",161.009994506836,163.589996337891,160.889999389648,161.509994506836,67829400,158.195175170898
"2022-08-02",160.100006103516,162.410003662109,159.630004882812,160.009994506836,59907000,156.725952148438
"2022-08-03",160.839996337891,166.589996337891,160.75,166.130004882812,82507500,162.72038269043
"2022-08-04",166.009994506836,167.190002441406,164.429992675781,165.809997558594,55474100,162.406967163086
"2022-08-05",163.210006713867,165.850006103516,163,165.350006103516,56697000,162.181350708008
"2022-08-08",166.369995117188,167.809997558594,164.199996948242,164.869995117188,60276900,161.710540771484
"2022-08-09",164.020004272461,165.820007324219,163.25,164.919998168945,63135500,161.759582519531
"2022-08-10",167.679992675781,169.339996337891,166.899993896484,169.240005493164,70170500,165.996795654297
"2022-08-11",170.059997558594,170.990005493164,168.190002441406,168.490005493164,57149200,165.261169433594
"2022-08-12",169.820007324219,172.169998168945,169.399993896484,172.100006103516,68039400,168.801971435547
"2022-08-15",171.520004272461,173.389999389648,171.350006103516,173.190002441406,54091700,169.871124267578
"2022-08-16",172.779998779297,173.710006713867,171.660003662109,173.029998779297,56377100,169.714172363281
"2022-08-17",172.770004272461,176.149993896484,172.570007324219,174.550003051758,79542000,171.205047607422
"2022-08-18",173.75,174.899993896484,173.119995117188,174.149993896484,62290100,170.812713623047
"2022-08-19",173.029998779297,173.740005493164,171.309997558594,171.520004272461,70346300,168.233139038086
"2022-08-22",169.690002441406,169.860000610352,167.139999389648,167.570007324219,69026800,164.358795166016
"2022-08-23",167.080001831055,168.710006713867,166.649993896484,167.229995727539,54147100,164.025314331055
"2022-08-24",167.320007324219,168.110000610352,166.25,167.529998779297,53841500,164.319534301758
"2022-08-25",168.779998779297,170.139999389648,168.350006103516,170.029998779297,51218200,166.77165222168
"2022-08-26",170.570007324219,171.050003051758,163.559997558594,163.619995117188,78961000,160.484481811523
"2022-08-29",161.149993896484,162.899993896484,159.820007324219,161.380004882812,73314000,158.287414550781
"2022-08-30",162.130004882812,162.559997558594,157.720001220703,158.910003662109,77906200,155.86474609375
"2022-08-31",160.309997558594,160.580001831055,157.139999389648,157.220001220703,87991100,154.207138061523
"2022-09-01",156.639999389648,158.419998168945,154.669998168945,157.960006713867,74229900,154.932952880859
"2022-09-02",159.75,160.360000610352,154.970001220703,155.809997558594,76957800,152.824172973633
"2022-09-06",156.470001220703,157.089996337891,153.690002441406,154.529998779297,73714800,151.56867980957
"2022-09-07",154.820007324219,156.669998168945,153.610000610352,155.960006713867,87449600,152.971298217773
"2022-09-08",154.639999389648,156.360000610352,152.679992675781,154.460006713867,84923800,151.500030517578
"2022-09-09",155.470001220703,157.820007324219,154.75,157.369995117188,68028800,154.354248046875
"2022-09-12",159.589996337891,164.259994506836,159.300003051758,163.429992675781,104956000,160.298126220703
"2022-09-13",159.899993896484,160.539993286133,153.369995117188,153.839996337891,122656600,150.891937255859
"2022-09-14",154.789993286133,157.100006103516,153.610000610352,155.309997558594,87965400,152.333740234375
"2022-09-15",154.649993896484,155.240005493164,151.380004882812,152.369995117188,90481100,149.450088500977
"2022-09-16",151.210006713867,151.350006103516,148.369995117188,150.699996948242,162278800,147.812072753906
"2022-09-19",149.309997558594,154.559997558594,149.100006103516,154.479995727539,81474200,151.519638061523
"2022-09-20",153.399993896484,158.080001831055,153.080001831055,156.899993896484,107689800,153.893280029297
"2022-09-21",157.339996337891,158.740005493164,153.600006103516,153.720001220703,101696800,150.774230957031
"2022-09-22",152.380004882812,154.470001220703,150.910003662109,152.740005493164,86652500,149.81298828125
"2022-09-23",151.190002441406,151.470001220703,148.559997558594,150.429992675781,96029900,147.547256469727
"2022-09-26",149.660003662109,153.770004272461,149.639999389648,150.770004272461,93339400,147.880737304688
"2022-09-27",152.740005493164,154.720001220703,149.949996948242,151.759994506836,84442700,148.851776123047
"2022-09-28",147.639999389648,150.639999389648,144.839996337891,149.839996337891,146691400,146.968566894531
"2022-09-29",146.100006103516,146.720001220703,140.679992675781,142.479995727539,128138200,139.749618530273
"2022-09-30",141.279998779297,143.100006103516,138,138.199996948242,124925300,135.551635742188
"2022-10-03",138.210006713867,143.070007324219,137.690002441406,142.449996948242,114311700,139.720199584961
"2022-10-04",145.029998779297,146.220001220703,144.259994506836,146.100006103516,87830100,143.300277709961
"2022-10-05",144.070007324219,147.380004882812,143.009994506836,146.399993896484,79471000,143.594467163086
"2022-10-06",145.809997558594,147.539993286133,145.220001220703,145.429992675781,68402200,142.64306640625
"2022-10-07",142.539993286133,143.100006103516,139.449996948242,140.089996337891,85925600,137.405410766602
"2022-10-10",140.419998168945,141.889999389648,138.570007324219,140.419998168945,74899000,137.729080200195
"2022-10-11",139.899993896484,141.350006103516,138.220001220703,138.979995727539,77033700,136.316696166992
"2022-10-12",139.130004882812,140.360000610352,138.160003662109,138.339996337891,70433700,135.688934326172
"2022-10-13",134.990005493164,143.589996337891,134.369995117188,142.990005493164,113224000,140.249877929688
"2022-10-14",144.309997558594,144.520004272461,138.190002441406,138.380004882812,88598000,135.728179931641
"2022-10-17",141.070007324219,142.899993896484,140.270004272461,142.410003662109,85250900,139.680969238281
"2022-10-18",145.490005493164,146.699996948242,140.610000610352,143.75,99136600,140.99528503418
"2022-10-19",141.690002441406,144.949996948242,141.5,143.860000610352,61758300,141.103179931641
"2022-10-20",143.020004272461,145.889999389648,142.649993896484,143.389999389648,64522000,140.642181396484
"2022-10-21",142.869995117188,147.850006103516,142.649993896484,147.270004272461,86548600,144.447814941406
"2022-10-24",147.190002441406,150.229995727539,146,149.449996948242,75981900,146.586059570312
"2022-10-25",150.089996337891,152.490005493164,149.360000610352,152.339996337891,74732300,149.420669555664
"2022-10-26",150.960006713867,151.990005493164,148.039993286133,149.350006103516,88194300,146.487991333008
"2022-10-27",148.070007324219,149.050003051758,144.130004882812,144.800003051758,109180200,142.025177001953
"2022-10-28",148.199996948242,157.5,147.820007324219,155.740005493164,164762400,152.755508422852
"2022-10-31",153.160003662109,154.240005493164,151.919998168945,153.339996337891,97943200,150.401519775391
"2022-11-01",155.080001831055,155.449996948242,149.130004882812,150.649993896484,80379300,147.763061523438
"2022-11-02",148.949996948242,152.169998168945,145,145.029998779297,93604600,142.250717163086
"2022-11-03",142.059997558594,142.800003051758,138.75,138.880004882812,97918500,136.218612670898
"2022-11-04",142.089996337891,142.669998168945,134.380004882812,138.380004882812,140814800,135.953338623047
"2022-11-07",137.110000610352,139.149993896484,135.669998168945,138.919998168945,83374600,136.483856201172
"2022-11-08",140.410003662109,141.429992675781,137.490005493164,139.5,89908500,137.053680419922
"2022-11-09",138.5,138.550003051758,134.589996337891,134.869995117188,74917800,132.5048828125
"2022-11-10",141.240005493164,146.869995117188,139.5,146.869995117188,118854000,144.29443359375
"2022-11-11",145.820007324219,150.009994506836,144.369995117188,149.699996948242,93979700,147.074813842773
"2022-11-14",148.970001220703,150.279998779297,147.429992675781,148.279998779297,73374100,145.679718017578
"2022-11-15",152.220001220703,153.589996337891,148.559997558594,150.039993286133,89868300,147.408843994141
"2022-11-16",149.130004882812,149.869995117188,147.289993286133,148.789993286133,64218300,146.180786132812
"2022-11-17",146.429992675781,151.479995727539,146.149993896484,150.720001220703,80389400,148.076934814453
"2022-11-18",152.309997558594,152.699996948242,149.970001220703,151.289993286133,74829600,148.636932373047
"2022-11-21",150.160003662109,150.369995117188,147.720001220703,148.009994506836,58724100,145.414459228516
"2022-11-22",148.130004882812,150.419998168945,146.929992675781,150.179992675781,51804100,147.546432495117
"2022-11-23",149.449996948242,151.830001831055,149.339996337891,151.070007324219,58301400,148.420791625977
"2022-11-25",148.309997558594,148.880004882812,147.119995117188,148.110000610352,35195900,145.512710571289
"2022-11-28",145.139999389648,146.639999389648,143.380004882812,144.220001220703,69246000,141.69091796875
"2022-11-29",144.289993286133,144.809997558594,140.350006103516,141.169998168945,83763800,138.694412231445
"2022-11-30",141.399993896484,148.720001220703,140.550003051758,148.029998779297,111380900,145.434097290039
"2022-12-01",148.210006713867,149.130004882812,146.610000610352,148.309997558594,71250400,145.709182739258
"2022-12-02",145.960006713867,148,145.649993896484,147.809997558594,65447400,145.218002319336
"2022-12-05",147.770004272461,150.919998168945,145.770004272461,146.630004882812,68826400,144.058654785156
"2022-12-06",147.070007324219,147.300003051758,141.919998168945,142.910003662109,64727200,140.403900146484
"2022-12-07",142.190002441406,143.369995117188,140,140.940002441406,69721100,138.468490600586
"2022-12-08",142.360000610352,143.520004272461,141.100006103516,142.649993896484,62128300,140.1484375
"2022-12-09",142.339996337891,145.570007324219,140.899993896484,142.160003662109,76097000,139.667053222656
"2022-12-12",142.699996948242,144.5,141.059997558594,144.490005493164,70462700,141.956207275391
"2022-12-13",149.5,149.970001220703,144.240005493164,145.470001220703,93886200,142.919006347656
"2022-12-14",145.350006103516,146.660003662109,141.160003662109,143.210006713867,82291200,140.698654174805
"2022-12-15",141.110000610352,141.800003051758,136.029998779297,136.5,98931900,134.106307983398
"2022-12-16",136.690002441406,137.649993896484,133.729995727539,134.509994506836,160156900,132.151229858398
"2022-12-19",135.110000610352,135.199996948242,131.320007324219,132.369995117188,79592600,130.048721313477
"2022-12-20",131.389999389648,133.25,129.889999389648,132.300003051758,77432800,129.979949951172
"2022-12-21",132.979995727539,136.809997558594,132.75,135.449996948242,85928000,133.074691772461
"2022-12-22",134.350006103516,134.559997558594,130.300003051758,132.229995727539,77852100,129.911178588867
"2022-12-23",130.919998168945,132.419998168945,129.639999389648,131.860000610352,63814900,129.54768371582
"2022-12-27",131.380004882812,131.410003662109,128.720001220703,130.029998779297,69007800,127.749771118164
"2022-12-28",129.669998168945,131.029998779297,125.870002746582,126.040000915527,85438400,123.829719543457
"2022-12-29",127.98999786377,130.479995727539,127.730003356934,129.610000610352,75703700,127.337120056152
"2022-12-30",128.410003662109,129.949996948242,127.430000305176,129.929992675781,77034200,127.651504516602
"2023-01-03",130.279998779297,130.899993896484,124.169998168945,125.069999694824,112117500,122.876754760742
"2023-01-04",126.889999389648,128.660003662109,125.080001831055,126.360000610352,89113600,124.14412689209
"2023-01-05",127.129997253418,127.769996643066,124.76000213623,125.019996643066,80962700,122.827613830566
"2023-01-06",126.01000213623,130.289993286133,124.889999389648,129.619995117188,87754700,127.346961975098
"2023-01-09",130.470001220703,133.410003662109,129.889999389648,130.149993896484,70790800,127.867637634277
"2023-01-10",130.259994506836,131.259994506836,128.119995117188,130.729995727539,63896200,128.4375
"2023-01-11",131.25,133.509994506836,130.460006713867,133.490005493164,69458900,131.149063110352
"2023-01-12",133.880004882812,134.259994506836,131.440002441406,133.410003662109,71379600,131.07048034668
"2023-01-13",132.029998779297,134.919998168945,131.660003662109,134.759994506836,57809700,132.396820068359
"2023-01-17",134.830001831055,137.289993286133,134.130004882812,135.940002441406,63646600,133.556121826172
"2023-01-18",136.820007324219,138.610000610352,135.029998779297,135.210006713867,69672800,132.838973999023
"2023-01-19",134.080001831055,136.25,133.770004272461,135.270004272461,58280400,132.897872924805
"2023-01-20",135.279998779297,138.020004272461,134.220001220703,137.869995117188,80223600,135.452285766602
"2023-01-23",138.119995117188,143.320007324219,137.899993896484,141.110000610352,81760300,138.635498046875
"2023-01-24",140.309997558594,143.160003662109,140.300003051758,142.529998779297,66435100,140.030563354492
"2023-01-25",140.889999389648,142.429992675781,138.809997558594,141.860000610352,65799300,139.372329711914
"2023-01-26",143.169998168945,144.25,141.899993896484,143.960006713867,54105100,141.435501098633
"2023-01-27",143.160003662109,147.229995727539,143.080001831055,145.929992675781,70555800,143.370910644531
"2023-01-30",144.960006713867,145.550003051758,142.850006103516,143,64015300,140.492279052734
"2023-01-31",142.699996948242,144.339996337891,142.279998779297,144.289993286133,65874500,141.759704589844
"2023-02-01",143.970001220703,146.610000610352,141.320007324219,145.429992675781,77663600,142.879699707031
"2023-02-02",148.899993896484,151.179992675781,148.169998168945,150.820007324219,118339000,148.175186157227
"2023-02-03",148.029998779297,157.380004882812,147.830001831055,154.5,154357300,151.790634155273
"2023-02-06",152.570007324219,153.100006103516,150.779998779297,151.729995727539,69858300,149.069229125977
"2023-02-07",150.639999389648,155.229995727539,150.639999389648,154.649993896484,83322600,151.938018798828
"2023-02-08",153.880004882812,154.580001831055,151.169998168945,151.919998168945,64120100,149.255889892578
"2023-02-09",153.779998779297,154.330001831055,150.419998168945,150.869995117188,56007100,148.22428894043
"2023-02-10",149.460006713867,151.339996337891,149.220001220703,151.009994506836,57450700,148.588348388672
"2023-02-13",150.949996948242,154.259994506836,150.919998168945,153.850006103516,62199000,151.382858276367
"2023-02-14",152.119995117188,153.770004272461,150.860000610352,153.199996948242,61707600,150.743255615234
"2023-02-15",153.110000610352,155.5,152.880004882812,155.330001831055,65573800,152.839111328125
"2023-02-16",153.509994506836,156.330001831055,153.350006103516,153.710006713867,68167900,151.245071411133
"2023-02-17",152.350006103516,153,150.850006103516,152.550003051758,59144100,150.10368347168
"2023-02-21",150.199996948242,151.300003051758,148.410003662109,148.479995727539,58867200,146.098937988281
"2023-02-22",148.869995117188,149.949996948242,147.160003662109,148.910003662109,51011300,146.522018432617
"2023-02-23",150.089996337891,150.339996337891,147.240005493164,149.399993896484,48394200,147.004211425781
"2023-02-24",147.110000610352,147.190002441406,145.720001220703,146.710006713867,55469600,144.357315063477
"2023-02-27",147.710006713867,149.169998168945,147.449996948242,147.919998168945,44998500,145.547943115234
"2023-02-28",147.050003051758,149.080001831055,146.830001831055,147.410003662109,50547000,145.046112060547
"2023-03-01",146.830001831055,147.229995727539,145.009994506836,145.309997558594,55479000,142.979766845703
"2023-03-02",144.380004882812,146.710006713867,143.899993896484,145.910003662109,52238100,143.570190429688
"2023-03-03",148.039993286133,151.110000610352,147.330001831055,151.029998779297,70732300,148.60807800293
"2023-03-06",153.789993286133,156.300003051758,153.460006713867,153.830001831055,87558000,151.363159179688
"2023-03-07",153.699996948242,154.029998779297,151.130004882812,151.600006103516,56182000,149.168930053711
"2023-03-08",152.809997558594,153.470001220703,151.830001831055,152.869995117188,47204800,150.418548583984
"2023-03-09",153.559997558594,154.539993286133,150.229995727539,150.589996337891,53833600,148.175109863281
"2023-03-10",150.210006713867,150.940002441406,147.610000610352,148.5,68572400,146.118591308594
"2023-03-13",147.809997558594,153.139999389648,147.699996948242,150.470001220703,84457100,148.057052612305
"2023-03-14",151.279998779297,153.399993896484,150.100006103516,152.589996337891,73695900,150.143035888672
"2023-03-15",151.190002441406,153.25,149.919998168945,152.990005493164,77167900,150.536605834961
"2023-03-16",152.160003662109,156.460006713867,151.639999389648,155.850006103516,76161100,153.350769042969
"2023-03-17",156.080001831055,156.740005493164,154.279998779297,155,98944600,152.514389038086
"2023-03-20",155.070007324219,157.820007324219,154.149993896484,157.399993896484,73641400,154.875900268555
"2023-03-21",157.320007324219,159.399993896484,156.539993286133,159.279998779297,73938300,156.72575378418
"2023-03-22",159.300003051758,162.139999389648,157.809997558594,157.830001831055,75701800,155.299026489258
"2023-03-23",158.830001831055,161.550003051758,157.679992675781,158.929992675781,67622100,156.38134765625
"2023-03-24",158.860000610352,160.339996337891,157.850006103516,160.25,59196500,157.680191040039
"2023-03-27",159.940002441406,160.770004272461,157.869995117188,158.279998779297,52390300,155.741806030273
"2023-03-28",157.970001220703,158.490005493164,155.979995727539,157.649993896484,45992200,155.12190246582
"2023-03-29",159.369995117188,161.050003051758,159.350006103516,160.770004272461,51305700,158.191848754883
"2023-03-30",161.529998779297,162.470001220703,161.270004272461,162.360000610352,49501700,159.756378173828
"2023-03-31",162.440002441406,165,161.910003662109,164.899993896484,68749800,162.255630493164
"2023-04-03",164.270004272461,166.289993286133,164.220001220703,166.169998168945,56976200,163.505294799805
"2023-04-04",166.600006103516,166.839996337891,165.110000610352,165.630004882812,46278300,162.973937988281
"2023-04-05",164.740005493164,165.050003051758,161.800003051758,163.759994506836,51511700,161.133926391602
"2023-04-06",162.429992675781,164.960006713867,162,164.660003662109,45390100,162.019485473633
"2023-04-10",161.419998168945,162.029998779297,160.080001831055,162.029998779297,47716900,159.431671142578
"2023-04-11",162.350006103516,162.360000610352,160.509994506836,160.800003051758,47644200,158.221374511719
"2023-04-12",161.220001220703,162.059997558594,159.779998779297,160.100006103516,50133100,157.532608032227
"2023-04-13",161.630004882812,165.800003051758,161.419998168945,165.559997558594,68445600,162.905044555664
"2023-04-14",164.589996337891,166.320007324219,163.820007324219,165.210006713867,49386500,162.560684204102
"2023-04-17",165.089996337891,165.389999389648,164.029998779297,165.229995727539,41516200,162.580337524414
"2023-04-18",166.100006103516,167.410003662109,165.649993896484,166.470001220703,49923000,163.80046081543
"2023-04-19",165.800003051758,168.160003662109,165.539993286133,167.630004882812,47720200,164.941818237305
"2023-04-20",166.089996337891,167.869995117188,165.559997558594,166.649993896484,52456400,163.977569580078
"2023-04-21",165.050003051758,166.449996948242,164.490005493164,165.020004272461,58337300,162.37370300293
"2023-04-24",165,165.600006103516,163.889999389648,165.330001831055,41949600,162.678726196289
"2023-04-25",165.190002441406,166.309997558594,163.729995727539,163.770004272461,48714100,161.143768310547
"2023-04-26",163.059997558594,165.279998779297,162.800003051758,163.759994506836,45498800,161.133926391602
"2023-04-27",165.190002441406,168.559997558594,165.190002441406,168.410003662109,64902300,165.709320068359
"2023-04-28",168.490005493164,169.850006103516,167.880004882812,169.679992675781,55275900,166.958999633789
"2023-05-01",169.279998779297,170.449996948242,168.639999389648,169.589996337891,52472900,166.870422363281
"2023-05-02",170.089996337891,170.350006103516,167.539993286133,168.539993286133,48425700,165.83723449707
"2023-05-03",169.5,170.919998168945,167.160003662109,167.449996948242,65136000,164.764739990234
"2023-05-04",164.889999389648,167.039993286133,164.309997558594,165.789993286133,81235400,163.131378173828
"2023-05-05",170.979995727539,174.300003051758,170.759994506836,173.570007324219,113453200,170.786590576172
"2023-05-08",172.479995727539,173.850006103516,172.110000610352,173.5,55962800,170.717697143555
"2023-05-09",173.050003051758,173.539993286133,171.600006103516,171.770004272461,45326900,169.015472412109
"2023-05-10",173.020004272461,174.029998779297,171.899993896484,173.559997558594,53724500,170.776763916016
"2023-05-11",173.850006103516,174.589996337891,172.169998168945,173.75,49514700,170.96369934082
"2023-05-12",173.619995117188,174.059997558594,171,172.570007324219,45533100,170.037536621094
"2023-05-15",173.160003662109,173.210006713867,171.470001220703,172.070007324219,37266700,169.544830322266
"2023-05-16",171.990005493164,173.139999389648,171.800003051758,172.070007324219,42110300,169.544830322266
"2023-05-17",171.710006713867,172.929992675781,170.419998168945,172.690002441406,57951600,170.155731201172
"2023-05-18",173,175.240005493164,172.580001831055,175.050003051758,65496700,172.48112487793
"2023-05-19",176.389999389648,176.389999389648,174.940002441406,175.160003662109,55809500,172.589492797852
"2023-05-22",173.979995727539,174.710006713867,173.449996948242,174.199996948242,43570900,171.643539428711
"2023-05-23",173.130004882812,173.380004882812,171.279998779297,171.559997558594,50747300,169.042358398438
"2023-05-24",171.089996337891,172.419998168945,170.520004272461,171.839996337891,45143500,169.318222045898
"2023-05-25",172.410003662109,173.899993896484,171.690002441406,172.990005493164,56058300,170.451324462891
"2023-05-26",173.320007324219,175.770004272461,173.110000610352,175.429992675781,54835000,172.855529785156
"2023-05-30",176.960006713867,178.990005493164,176.570007324219,177.300003051758,55964400,174.698120117188
"2023-05-31",177.330001831055,179.350006103516,176.759994506836,177.25,99625300,174.648834228516
"2023-06-01",177.699996948242,180.119995117188,176.929992675781,180.089996337891,68901800,177.447174072266
"2023-06-02",181.029998779297,181.779998779297,179.259994506836,180.949996948242,61996900,178.294509887695
"2023-06-05",182.630004882812,184.949996948242,178.039993286133,179.580001831055,121946500,176.944625854492
"2023-06-06",179.970001220703,180.119995117188,177.429992675781,179.210006713867,64848400,176.580078125
"2023-06-07",178.440002441406,181.210006713867,177.320007324219,177.820007324219,61944600,175.210464477539
"2023-06-08",177.899993896484,180.839996337891,177.460006713867,180.570007324219,50214900,177.920104980469
"2023-06-09",181.5,182.229995727539,180.630004882812,180.960006713867,48900000,178.304382324219
"2023-06-12",181.270004272461,183.889999389648,180.970001220703,183.789993286133,54274900,181.092849731445
"2023-06-13",182.800003051758,184.149993896484,182.440002441406,183.309997558594,54929100,180.619888305664
"2023-06-14",183.369995117188,184.389999389648,182.020004272461,183.949996948242,57462900,181.250503540039
"2023-06-15",183.960006713867,186.520004272461,183.779998779297,186.009994506836,65433200,183.2802734375
"2023-06-16",186.729995727539,186.990005493164,184.270004272461,184.919998168945,101256200,182.206268310547
"2023-06-20",184.410003662109,186.100006103516,184.410003662109,185.009994506836,49799100,182.294952392578
"2023-06-21",184.899993896484,185.410003662109,182.589996337891,183.960006713867,49515700,181.260345458984
"2023-06-22",183.740005493164,187.050003051758,183.669998168945,187,51245300,184.255737304688
"2023-06-23",185.550003051758,187.559997558594,185.009994506836,186.679992675781,53117000,183.940414428711
"2023-06-26",186.830001831055,188.050003051758,185.229995727539,185.270004272461,48088700,182.551147460938
"2023-06-27",185.889999389648,188.389999389648,185.669998168945,188.059997558594,50730800,185.300170898438
"2023-06-28",187.929992675781,189.899993896484,187.600006103516,189.25,51216800,186.472747802734
"2023-06-29",189.080001831055,190.070007324219,188.940002441406,189.589996337891,46347300,186.807723999023
"2023-06-30",191.630004882812,194.479995727539,191.259994506836,193.970001220703,85213200,191.123443603516
"2023-07-03",193.779998779297,193.880004882812,191.759994506836,192.460006713867,31458200,189.635620117188
"2023-07-05",191.570007324219,192.979995727539,190.619995117188,191.330001831055,46920300,188.522201538086
"2023-07-06",189.839996337891,192.020004272461,189.199996948242,191.809997558594,45094300,188.995147705078
"2023-07-07",191.410003662109,192.669998168945,190.240005493164,190.679992675781,46815000,187.881744384766
"2023-07-10",189.259994506836,189.990005493164,187.039993286133,188.610000610352,59922200,185.84211730957
"2023-07-11",189.160003662109,189.300003051758,186.600006103516,188.080001831055,46638100,185.319900512695
"2023-07-12",189.679992675781,191.699996948242,188.470001220703,189.770004272461,60750200,186.985076904297
"2023-07-13",190.5,191.190002441406,189.779998779297,190.539993286133,41342300,187.743804931641
"2023-07-14",190.229995727539,191.179992675781,189.630004882812,190.690002441406,41616200,187.891616821289
"2023-07-17",191.899993896484,194.320007324219,191.809997558594,193.990005493164,50520200,191.143173217773
"2023-07-18",193.350006103516,194.330001831055,192.419998168945,193.729995727539,48288200,190.886978149414
"2023-07-19",193.100006103516,198.229995727539,192.649993896484,195.100006103516,80507300,192.236846923828
"2023-07-20",195.089996337891,196.470001220703,192.5,193.130004882812,59581200,190.295806884766
"2023-07-21",194.100006103516,194.970001220703,191.229995727539,191.940002441406,71951700,189.123260498047
"2023-07-24",193.410003662109,194.910003662109,192.25,192.75,45377800,189.921371459961
"2023-07-25",193.330001831055,194.440002441406,192.919998168945,193.619995117188,37283200,190.778549194336
"2023-07-26",193.669998168945,195.639999389648,193.320007324219,194.5,47471900,191.64567565918
"2023-07-27",196.020004272461,197.199996948242,192.550003051758,193.220001220703,47460200,190.38444519043
"2023-07-28",194.669998168945,196.630004882812,194.139999389648,195.830001831055,48291400,192.956161499023
"2023-07-31",196.059997558594,196.490005493164,195.259994506836,196.449996948242,38824100,193.56706237793
"2023-08-01",196.240005493164,196.729995727539,195.279998779297,195.610000610352,35175100,192.739379882812
"2023-08-02",195.039993286133,195.179992675781,191.850006103516,192.580001831055,50389300,189.753860473633
"2023-08-03",191.570007324219,192.369995117188,190.690002441406,191.169998168945,61235200,188.364532470703
"2023-08-04",185.520004272461,187.380004882812,181.919998168945,181.990005493164,115956800,179.319259643555
"2023-08-07",182.130004882812,183.130004882812,177.350006103516,178.850006103516,97576100,176.225372314453
"2023-08-08",179.690002441406,180.270004272461,177.580001831055,179.800003051758,67823000,177.161376953125
"2023-08-09",180.869995117188,180.929992675781,177.009994506836,178.190002441406,60378500,175.575042724609
"2023-08-10",179.479995727539,180.75,177.600006103516,177.970001220703,54686900,175.358261108398
"2023-08-11",177.320007324219,178.619995117188,176.550003051758,177.789993286133,52036700,175.417449951172
"2023-08-14",177.970001220703,179.690002441406,177.309997558594,179.460006713867,43675600,177.065170288086
"2023-08-15",178.880004882812,179.479995727539,177.050003051758,177.449996948242,43622600,175.082015991211
"2023-08-16",177.130004882812,178.539993286133,176.5,176.570007324219,46964900,174.213745117188
"2023-08-17",177.139999389648,177.509994506836,173.479995727539,174,66062900,171.678039550781
"2023-08-18",172.300003051758,175.100006103516,171.960006713867,174.490005493164,61172200,172.161514282227
"2023-08-21",175.070007324219,176.130004882812,173.740005493164,175.839996337891,46311900,173.493469238281
"2023-08-22",177.059997558594,177.679992675781,176.25,177.229995727539,42038900,174.864929199219
"2023-08-23",178.520004272461,181.550003051758,178.330001831055,181.119995117188,52722800,178.703018188477
"2023-08-24",180.669998168945,181.100006103516,176.009994506836,176.380004882812,54945800,174.026275634766
"2023-08-25",177.380004882812,179.149993896484,175.820007324219,178.610000610352,51449600,176.226547241211
"2023-08-28",180.089996337891,180.589996337891,178.550003051758,180.190002441406,43820700,177.785415649414
"2023-08-29",179.699996948242,184.899993896484,179.5,184.119995117188,53003900,181.662994384766
"2023-08-30",184.940002441406,187.850006103516,184.740005493164,187.649993896484,60813900,185.145858764648
"2023-08-31",187.839996337891,189.119995117188,187.479995727539,187.869995117188,60794500,185.36296081543
"2023-09-01",189.490005493164,189.919998168945,188.279998779297,189.460006713867,45766500,186.931716918945
"2023-09-05",188.279998779297,189.979995727539,187.610000610352,189.699996948242,45280000,187.168533325195
"2023-09-06",188.399993896484,188.850006103516,181.470001220703,182.910003662109,81755800,180.469161987305
"2023-09-07",175.179992675781,178.210006713867,173.539993286133,177.559997558594,112488800,175.190521240234
"2023-09-08",178.350006103516,180.240005493164,177.789993286133,178.179992675781,65551300,175.80224609375
"2023-09-11",180.070007324219,180.300003051758,177.339996337891,179.360000610352,58953100,176.966522216797
"2023-09-12",179.490005493164,180.130004882812,174.820007324219,176.300003051758,90370200,173.947341918945
"2023-09-13",176.509994506836,177.300003051758,173.979995727539,174.210006713867,84267900,171.885238647461
"2023-09-14",174,176.100006103516,173.580001831055,175.740005493164,60895800,173.39485168457
"2023-09-15",176.479995727539,176.5,173.820007324219,175.009994506836,109259500,172.674591064453
"2023-09-18",176.479995727539,179.380004882812,176.169998168945,177.970001220703,67257600,175.595077514648
"2023-09-19",177.520004272461,179.630004882812,177.130004882812,179.070007324219,51826900,176.680374145508
"2023-09-20",179.259994506836,179.699996948242,175.399993896484,175.490005493164,58436200,173.148147583008
"2023-09-21",174.550003051758,176.300003051758,173.860000610352,173.929992675781,63149100,171.608963012695
"2023-09-22",174.669998168945,177.080001831055,174.050003051758,174.789993286133,56725400,172.457458496094
"2023-09-25",174.199996948242,176.970001220703,174.149993896484,176.080001831055,46172700,173.730285644531
"2023-09-26",174.820007324219,175.199996948242,171.660003662109,171.960006713867,64588900,169.665252685547
"2023-09-27",172.619995117188,173.039993286133,169.050003051758,170.429992675781,66921800,168.155670166016
"2023-09-28",169.339996337891,172.029998779297,167.619995117188,170.690002441406,56294400,168.412216186523
"2023-09-29",172.020004272461,173.070007324219,170.339996337891,171.210006713867,51861100,168.925277709961
"2023-10-02",171.220001220703,174.300003051758,170.929992675781,173.75,52164500,171.431381225586
"2023-10-03",172.259994506836,173.630004882812,170.820007324219,172.399993896484,49594600,170.099395751953
"2023-10-04",171.089996337891,174.210006713867,170.970001220703,173.660003662109,53020300,171.342590332031
"2023-10-05",173.789993286133,175.449996948242,172.679992675781,174.910003662109,48527900,172.575881958008
"2023-10-06",173.800003051758,177.990005493164,173.179992675781,177.490005493164,57266700,175.121475219727
"2023-10-09",176.809997558594,179.050003051758,175.800003051758,178.990005493164,42390800,176.601455688477
"2023-10-10",178.100006103516,179.720001220703,177.949996948242,178.389999389648,43698000,176.009460449219
"2023-10-11",178.199996948242,179.850006103516,177.600006103516,179.800003051758,47551100,177.400634765625
"2023-10-12",180.070007324219,182.339996337891,179.039993286133,180.710006713867,56743100,178.29850769043
"2023-10-13",181.419998168945,181.929992675781,178.139999389648,178.850006103516,51427100,176.463333129883
"2023-10-16",176.75,179.080001831055,176.509994506836,178.720001220703,52517000,176.335021972656
"2023-10-17",176.649993896484,178.419998168945,174.800003051758,177.149993896484,57549400,174.785980224609
"2023-10-18",175.580001831055,177.580001831055,175.110000610352,175.839996337891,54764400,173.493469238281
"2023-10-19",176.039993286133,177.839996337891,175.190002441406,175.460006713867,59302900,173.118591308594
"2023-10-20",175.309997558594,175.419998168945,172.639999389648,172.880004882812,64244000,170.572967529297
"2023-10-23",170.910003662109,174.009994506836,169.929992675781,173,55980100,170.691390991211
"2023-10-24",173.050003051758,173.669998168945,171.449996948242,173.440002441406,43816600,171.125534057617
"2023-10-25",171.880004882812,173.059997558594,170.649993896484,171.100006103516,57157000,168.816741943359
"2023-10-26",170.369995117188,171.380004882812,165.669998168945,166.889999389648,70625300,164.66291809082
"2023-10-27",166.910003662109,168.960006713867,166.830001831055,168.220001220703,58499100,165.975189208984
"2023-10-30",169.020004272461,171.169998168945,168.869995117188,170.289993286133,51131000,168.017517089844
"2023-10-31",169.350006103516,170.899993896484,167.899993896484,170.770004272461,44846000,168.491119384766
"2023-11-01",171,174.229995727539,170.119995117188,173.970001220703,56934900,171.648422241211
"2023-11-02",175.520004272461,177.779998779297,175.460006713867,177.570007324219,77334800,175.200424194336
"2023-11-03",174.240005493164,176.820007324219,173.350006103516,176.649993896484,79829200,174.292678833008
"2023-11-06",176.380004882812,179.429992675781,176.210006713867,179.229995727539,63841300,176.83821105957
"2023-11-07",179.179992675781,182.440002441406,178.970001220703,181.820007324219,70530000,179.393676757812
"2023-11-08",182.350006103516,183.449996948242,181.589996337891,182.889999389648,49340300,180.44938659668
"2023-11-09",182.960006713867,184.119995117188,181.809997558594,182.410003662109,53763500,179.975784301758
"2023-11-10",183.970001220703,186.570007324219,183.529998779297,186.399993896484,66133400,184.154830932617
"2023-11-13",185.820007324219,186.029998779297,184.210006713867,184.800003051758,43627500,182.574157714844
"2023-11-14",187.699996948242,188.110000610352,186.300003051758,187.440002441406,60108400,185.182342529297
"2023-11-15",187.850006103516,189.5,187.779998779297,188.009994506836,53790500,185.745452880859
"2023-11-16",189.570007324219,190.960006713867,188.649993896484,189.710006713867,54412900,187.424987792969
"2023-11-17",190.25,190.380004882812,188.570007324219,189.690002441406,50922700,187.405227661133
"2023-11-20",189.889999389648,191.910003662109,189.880004882812,191.449996948242,46505100,189.144027709961
"2023-11-21",191.410003662109,191.520004272461,189.740005493164,190.639999389648,38134500,188.343780517578
"2023-11-22",191.490005493164,192.929992675781,190.830001831055,191.309997558594,39617700,189.005722045898
"2023-11-24",190.869995117188,190.899993896484,189.25,189.970001220703,24048300,187.681884765625
"2023-11-27",189.919998168945,190.669998168945,188.899993896484,189.789993286133,40552600,187.504013061523
"2023-11-28",189.779998779297,191.080001831055,189.399993896484,190.399993896484,38415400,188.106658935547
"2023-11-29",190.899993896484,192.089996337891,188.970001220703,189.369995117188,43014200,187.089065551758
"2023-11-30",189.839996337891,190.320007324219,188.190002441406,189.949996948242,48794400,187.662078857422
"2023-12-01",190.330001831055,191.559997558594,189.229995727539,191.240005493164,45704800,188.936553955078
"2023-12-04",189.979995727539,190.050003051758,187.449996948242,189.429992675781,43389500,187.148361206055
"2023-12-05",190.210006713867,194.399993896484,190.179992675781,193.419998168945,66628400,191.090286254883
"2023-12-06",194.449996948242,194.759994506836,192.110000610352,192.320007324219,41089700,190.003555297852
"2023-12-07",193.630004882812,195,193.589996337891,194.270004272461,47477700,191.930038452148
"2023-12-08",194.199996948242,195.990005493164,193.669998168945,195.710006713867,53406400,193.35270690918
"2023-12-11",193.110000610352,193.490005493164,191.419998168945,193.179992675781,60943700,190.853179931641
"2023-12-12",193.080001831055,194.720001220703,191.720001220703,194.710006713867,52696900,192.364791870117
"2023-12-13",195.089996337891,198,194.850006103516,197.960006713867,70404200,195.575622558594
"2023-12-14",198.020004272461,199.619995117188,196.160003662109,198.110000610352,66831600,195.723815917969
"2023-12-15",197.529998779297,198.399993896484,197,197.570007324219,128538400,195.190322875977
"2023-12-18",196.089996337891,196.630004882812,194.389999389648,195.889999389648,55751900,193.530563354492
"2023-12-19",196.160003662109,196.949996948242,195.889999389648,196.940002441406,40714100,194.567901611328
"2023-12-20",196.899993896484,197.679992675781,194.830001831055,194.830001831055,52242800,192.483306884766
"2023-12-21",196.100006103516,197.080001831055,193.5,194.679992675781,46482500,192.335098266602
"2023-12-22",195.179992675781,195.410003662109,192.970001220703,193.600006103516,37149600,191.268127441406
"2023-12-26",193.610000610352,193.889999389648,192.830001831055,193.050003051758,28919300,190.72477722168
"2023-12-27",192.490005493164,193.5,191.089996337891,193.149993896484,48087700,190.82356262207
"2023-12-28",194.139999389648,194.660003662109,193.169998168945,193.580001831055,34049900,191.248382568359
"2023-12-29",193.899993896484,194.399993896484,191.729995727539,192.529998779297,42672100,190.211013793945
"2024-01-02",187.149993896484,188.440002441406,183.889999389648,185.639999389648,82488700,183.404006958008
"2024-01-03",184.220001220703,185.880004882812,183.429992675781,184.25,58414500,182.030776977539
"2024-01-04",182.149993896484,183.089996337891,180.880004882812,181.910003662109,71983600,179.718933105469
"2024-01-05",181.990005493164,182.759994506836,180.169998168945,181.179992675781,62379700,178.997741699219
"2024-01-08",182.089996337891,185.600006103516,181.5,185.559997558594,59144500,183.324935913086
"2024-01-09",183.919998168945,185.149993896484,182.729995727539,185.139999389648,42841800,182.910018920898
"2024-01-10",184.350006103516,186.399993896484,183.919998168945,186.190002441406,46792900,183.947372436523
"2024-01-11",186.539993286133,187.050003051758,183.619995117188,185.589996337891,49128400,183.354614257812
"2024-01-12",186.059997558594,186.740005493164,185.190002441406,185.919998168945,40477800,183.680618286133
"2024-01-16",182.160003662109,184.259994506836,180.929992675781,183.630004882812,65603000,181.418212890625
"2024-01-17",181.270004272461,182.929992675781,180.300003051758,182.679992675781,47317400,180.479644775391
"2024-01-18",186.089996337891,189.139999389648,185.830001831055,188.630004882812,78005800,186.358001708984
"2024-01-19",189.330001831055,191.949996948242,188.820007324219,191.559997558594,68903000,189.252670288086
"2024-01-22",192.300003051758,195.330001831055,192.259994506836,193.889999389648,60133900,191.554626464844
"2024-01-23",195.020004272461,195.75,193.830001831055,195.179992675781,42355600,192.829086303711
"2024-01-24",195.419998168945,196.380004882812,194.339996337891,194.5,53631300,192.157272338867
"2024-01-25",195.220001220703,196.270004272461,193.110000610352,194.169998168945,54822100,191.831268310547
"2024-01-26",194.270004272461,194.759994506836,191.940002441406,192.419998168945,44594000,190.10237121582
"2024-01-29",192.009994506836,192.199996948242,189.580001831055,191.729995727539,47145600,189.420639038086
"2024-01-30",190.940002441406,191.800003051758,187.470001220703,188.039993286133,55859400,185.775100708008
"2024-01-31",187.039993286133,187.100006103516,184.350006103516,184.399993896484,55467800,182.178939819336
"2024-02-01",183.990005493164,186.949996948242,183.820007324219,186.860000610352,64885400,184.609313964844
"2024-02-02",179.860000610352,187.330001831055,179.25,185.850006103516,102551700,183.611511230469
"2024-02-05",188.149993896484,189.25,185.839996337891,187.679992675781,69668800,185.41943359375
"2024-02-06",186.860000610352,189.309997558594,186.770004272461,189.300003051758,43490800,187.019912719727
"2024-02-07",190.639999389648,191.050003051758,188.610000610352,189.410003662109,53439000,187.128616333008
"2024-02-08",189.389999389648,189.539993286133,187.350006103516,188.320007324219,40962000,186.051742553711
"2024-02-09",188.649993896484,189.990005493164,188,188.850006103516,45155200,186.813430786133
"2024-02-12",188.419998168945,188.669998168945,186.789993286133,187.149993896484,41781900,185.131774902344
"2024-02-13",185.770004272461,186.210006713867,183.509994506836,185.039993286133,56529500,183.044494628906
"2024-02-14",185.320007324219,185.529998779297,182.440002441406,184.149993896484,54630500,182.164093017578
"2024-02-15",183.550003051758,184.490005493164,181.350006103516,183.860000610352,65434500,181.877227783203
"2024-02-16",183.419998168945,184.850006103516,181.669998168945,182.309997558594,49752500,180.343994140625
"2024-02-20",181.789993286133,182.429992675781,180,181.559997558594,53665600,179.602020263672
"2024-02-21",181.940002441406,182.889999389648,180.660003662109,182.320007324219,41371400,180.353851318359
"2024-02-22",183.479995727539,184.960006713867,182.460006713867,184.369995117188,52292200,182.381744384766
"2024-02-23",185.009994506836,185.039993286133,182.229995727539,182.520004272461,45119700,180.551696777344
"2024-02-26",182.240005493164,182.759994506836,180.649993896484,181.160003662109,40867400,179.206344604492
"2024-02-27",181.100006103516,183.919998168945,179.559997558594,182.630004882812,54318900,180.660491943359
"2024-02-28",182.509994506836,183.119995117188,180.130004882812,181.419998168945,48953900,179.463562011719
"2024-02-29",181.270004272461,182.570007324219,179.529998779297,180.75,136682600,178.800765991211
"2024-03-01",179.550003051758,180.529998779297,177.380004882812,179.660003662109,73563100,177.722549438477
"2024-03-04",176.149993896484,176.899993896484,173.789993286133,175.100006103516,81510100,173.211700439453
"2024-03-05",170.759994506836,172.039993286133,169.619995117188,170.119995117188,95132400,168.285385131836
"2024-03-06",171.059997558594,171.240005493164,168.679992675781,169.119995117188,68587700,167.296234130859
"2024-03-07",169.149993896484,170.729995727539,168.490005493164,169,71765100,167.177474975586
"2024-03-08",169,173.699996948242,168.940002441406,170.729995727539,76267000,168.88883972168
"2024-03-11",172.940002441406,174.380004882812,172.050003051758,172.75,60139500,170.887069702148
"2024-03-12",173.149993896484,174.029998779297,171.009994506836,173.229995727539,59825400,171.361862182617
"2024-03-13",172.770004272461,173.190002441406,170.759994506836,171.130004882812,52488700,169.284515380859
"2024-03-14",172.910003662109,174.309997558594,172.050003051758,173,72913500,171.134353637695
"2024-03-15",171.169998168945,172.619995117188,170.289993286133,172.619995117188,121752700,170.75846862793
"2024-03-18",175.570007324219,177.710006713867,173.520004272461,173.720001220703,75604200,171.846588134766
"2024-03-19",174.339996337891,176.610000610352,173.029998779297,176.080001831055,55215200,174.181121826172
"2024-03-20",175.720001220703,178.669998168945,175.089996337891,178.669998168945,53423100,176.743194580078
"2024-03-21",177.050003051758,177.490005493164,170.839996337891,171.369995117188,106181300,169.521926879883
"2024-03-22",171.759994506836,173.050003051758,170.059997558594,172.279998779297,71160100,170.422119140625
"2024-03-25",170.570007324219,171.940002441406,169.449996948242,170.850006103516,54288300,169.007522583008
"2024-03-26",170,171.419998168945,169.580001831055,169.710006713867,57388400,167.879837036133
"2024-03-27",170.410003662109,173.600006103516,170.110000610352,173.309997558594,60273300,171.440994262695
"2024-03-28",171.75,172.229995727539,170.509994506836,171.479995727539,65672700,169.630722045898
"2024-04-01",171.190002441406,171.25,169.479995727539,170.029998779297,46240500,168.196380615234
"2024-04-02",169.080001831055,169.339996337891,168.229995727539,168.839996337891,49329500,167.01921081543
"2024-04-03",168.789993286133,170.679992675781,168.580001831055,169.649993896484,47691700,167.82048034668
"2024-04-04",170.289993286133,171.919998168945,168.820007324219,168.820007324219,53704400,166.999435424805
"2024-04-05",169.589996337891,170.389999389648,168.949996948242,169.580001831055,42104800,167.751251220703
"2024-04-08",169.029998779297,169.199996948242,168.240005493164,168.449996948242,37425500,166.633407592773
"2024-04-09",168.699996948242,170.080001831055,168.350006103516,169.669998168945,42373800,167.840240478516
"2024-04-10",168.800003051758,169.089996337891,167.110000610352,167.779998779297,49709300,165.970626831055
"2024-04-11",168.339996337891,175.460006713867,168.160003662109,175.039993286133,91070300,173.15234375
"2024-04-12",174.259994506836,178.360000610352,174.210006713867,176.550003051758,101670900,174.646072387695
"2024-04-15",175.360000610352,176.630004882812,172.5,172.690002441406,73531800,170.827697753906
"2024-04-16",171.75,173.759994506836,168.270004272461,169.380004882812,73711200,167.55339050293
"2024-04-17",169.610000610352,170.649993896484,168,168,50901200,166.188262939453
"2024-04-18",168.029998779297,168.639999389648,166.550003051758,167.039993286133,43122900,165.238632202148
"2024-04-19",166.210006713867,166.399993896484,164.080001831055,165,68149400,163.220611572266
"2024-04-22",165.520004272461,167.259994506836,164.770004272461,165.839996337891,48116400,164.051544189453
"2024-04-23",165.350006103516,167.050003051758,164.919998168945,166.899993896484,49537800,165.100128173828
"2024-04-24",166.539993286133,169.300003051758,166.210006713867,169.020004272461,48251800,167.197296142578
"2024-04-25",169.529998779297,170.610000610352,168.149993896484,169.889999389648,50558300,168.057907104492
"2024-04-26",169.880004882812,171.339996337891,169.179992675781,169.300003051758,44838400,167.474258422852
"2024-04-29",173.369995117188,176.029998779297,173.100006103516,173.5,68169400,171.628967285156
"2024-04-30",173.330001831055,174.990005493164,170,170.330001831055,65934800,168.4931640625
"2024-05-01",169.580001831055,172.710006713867,169.110000610352,169.300003051758,50383100,167.474258422852
"2024-05-02",172.509994506836,173.419998168945,170.889999389648,173.029998779297,94214900,171.164047241211
"2024-05-03",186.649993896484,187,182.660003662109,183.380004882812,163224100,181.402404785156
"2024-05-06",182.350006103516,184.199996948242,180.419998168945,181.710006713867,78569700,179.750442504883
"2024-05-07",183.449996948242,184.899993896484,181.320007324219,182.399993896484,77305800,180.432968139648
"2024-05-08",182.850006103516,183.070007324219,181.449996948242,182.740005493164,45057100,180.769317626953
"2024-05-09",182.559997558594,184.660003662109,182.110000610352,184.570007324219,48983000,182.579605102539
"2024-05-10",184.899993896484,185.089996337891,182.130004882812,183.050003051758,50759500,181.321563720703
"2024-05-13",185.440002441406,187.100006103516,184.619995117188,186.279998779297,72044800,184.521102905273
"2024-05-14",187.509994506836,188.300003051758,186.289993286133,187.429992675781,52393600,185.660186767578
"2024-05-15",187.910003662109,190.649993896484,187.369995117188,189.720001220703,70400000,187.928573608398
"2024-05-16",190.470001220703,191.100006103516,189.660003662109,189.839996337891,52845200,188.047470092773
"2024-05-17",189.509994506836,190.809997558594,189.179992675781,189.869995117188,41282900,188.077178955078
"2024-05-20",189.330001831055,191.919998168945,189.009994506836,191.039993286133,44361300,189.236145019531
"2024-05-21",191.089996337891,192.729995727539,190.919998168945,192.350006103516,42309400,190.533767700195
"2024-05-22",192.270004272461,192.820007324219,190.270004272461,190.899993896484,34648500,189.097442626953
"2024-05-23",190.979995727539,191,186.630004882812,186.880004882812,51005900,185.115417480469
"2024-05-24",188.820007324219,190.580001831055,188.039993286133,189.979995727539,36327000,188.186157226562
"2024-05-28",191.509994506836,193,189.100006103516,189.990005493164,52280100,188.196060180664
"2024-05-29",189.610000610352,192.25,189.509994506836,190.289993286133,53068000,188.493194580078
"2024-05-30",190.759994506836,192.179992675781,190.630004882812,191.289993286133,49889100,189.483779907227
"2024-05-31",191.440002441406,192.570007324219,189.910003662109,192.25,75158300,190.434692382812
"2024-06-03",192.899993896484,194.990005493164,192.520004272461,194.029998779297,50080500,192.19792175293
"2024-06-04",194.639999389648,195.320007324219,193.029998779297,194.350006103516,47471400,192.514877319336
"2024-06-05",195.399993896484,196.899993896484,194.869995117188,195.869995117188,54156800,194.020523071289
"2024-06-06",195.690002441406,196.5,194.169998168945,194.479995727539,41181800,192.643661499023
"2024-06-07",194.649993896484,196.940002441406,194.139999389648,196.889999389648,53103900,195.030883789062
"2024-06-10",196.899993896484,197.300003051758,192.149993896484,193.119995117188,97010200,191.296478271484
"2024-06-11",193.649993896484,207.160003662109,193.630004882812,207.149993896484,172373300,205.194000244141
"2024-06-12",207.369995117188,220.199996948242,206.899993896484,213.070007324219,198134300,211.058090209961
"2024-06-13",214.740005493164,216.75,211.600006103516,214.240005493164,97862700,212.217086791992
"2024-06-14",213.850006103516,215.169998168945,211.300003051758,212.490005493164,70122700,210.483596801758
"2024-06-17",213.369995117188,218.949996948242,212.720001220703,216.669998168945,93728300,214.624114990234
"2024-06-18",217.589996337891,218.630004882812,213,214.289993286133,79943300,212.2666015625
"2024-06-20",213.929992675781,214.240005493164,208.850006103516,209.679992675781,86172500,207.700119018555
"2024-06-21",210.389999389648,211.889999389648,207.110000610352,207.490005493164,241805100,205.530807495117
"2024-06-24",207.720001220703,212.699996948242,206.589996337891,208.139999389648,80727000,206.174652099609
"2024-06-25",209.149993896484,211.380004882812,208.610000610352,209.070007324219,55549700,207.095886230469
"2024-06-26",211.5,214.860000610352,210.639999389648,213.25,66213200,211.236419677734
"2024-06-27",214.690002441406,215.740005493164,212.350006103516,214.100006103516,49772700,212.078399658203
"2024-06-28",215.770004272461,216.070007324219,210.300003051758,210.619995117188,82542700,208.631240844727
"2024-07-01",212.089996337891,217.509994506836,211.919998168945,216.75,60402900,214.703353881836
"2024-07-02",216.149993896484,220.380004882812,215.100006103516,220.270004272461,58046200,218.190124511719
"2024-07-03",220,221.550003051758,219.029998779297,221.550003051758,37369800,219.458038330078
"2024-07-05",221.649993896484,226.449996948242,221.649993896484,226.339996337891,60412400,224.202819824219
"2024-07-08",227.089996337891,227.850006103516,223.25,227.820007324219,59085900,225.668869018555
"2024-07-09",227.929992675781,229.399993896484,226.369995117188,228.679992675781,48076100,226.520736694336
"2024-07-10",229.300003051758,233.080001831055,229.25,232.979995727539,62627700,230.780120849609
"2024-07-11",231.389999389648,232.389999389648,225.770004272461,227.570007324219,64710600,225.421203613281
"2024-07-12",228.919998168945,232.639999389648,228.679992675781,230.539993286133,53046500,228.363159179688
"2024-07-15",236.479995727539,237.229995727539,233.089996337891,234.399993896484,62631300,232.186706542969
"2024-07-16",235,236.270004272461,232.330001831055,234.820007324219,43234300,232.602737426758
"2024-07-17",229.449996948242,231.460006713867,226.639999389648,228.880004882812,57345900,226.718841552734
"2024-07-18",230.279998779297,230.440002441406,222.270004272461,224.179992675781,66034600,222.063217163086
"2024-07-19",224.820007324219,226.800003051758,223.279998779297,224.309997558594,49151500,222.191970825195
"2024-07-22",227.009994506836,227.779998779297,223.089996337891,223.960006713867,48201800,221.845275878906
"2024-07-23",224.369995117188,226.940002441406,222.679992675781,225.009994506836,39960300,222.885345458984
"2024-07-24",224,224.800003051758,217.130004882812,218.539993286133,61777600,216.476455688477
"2024-07-25",218.929992675781,220.850006103516,214.619995117188,217.490005493164,51391200,215.436386108398
"2024-07-26",218.699996948242,219.490005493164,216.009994506836,217.960006713867,41601300,215.901947021484
"2024-07-29",216.960006713867,219.300003051758,215.75,218.240005493164,36311800,216.179306030273
"2024-07-30",219.190002441406,220.330001831055,216.119995117188,218.800003051758,41643800,216.734024047852
"2024-07-31",221.440002441406,223.820007324219,220.630004882812,222.080001831055,50036300,219.983032226562
"2024-08-01",224.369995117188,224.479995727539,217.020004272461,218.360000610352,62501000,216.29817199707
"2024-08-02",219.149993896484,225.600006103516,217.710006713867,219.860000610352,105568600,217.78401184082
"2024-08-05",199.089996337891,213.5,196,209.270004272461,119548600,207.294021606445
"2024-08-06",205.300003051758,209.990005493164,201.070007324219,207.229995727539,69660500,205.273254394531
"2024-08-07",206.899993896484,213.639999389648,206.389999389648,209.820007324219,63516400,207.838821411133
"2024-08-08",213.110000610352,214.199996948242,208.830001831055,213.309997558594,47161100,211.295852661133
"2024-08-09",212.100006103516,216.779998779297,211.970001220703,216.240005493164,42201600,214.198181152344
"2024-08-12",216.070007324219,219.509994506836,215.600006103516,217.529998779297,38028100,215.725433349609
"2024-08-13",219.009994506836,221.889999389648,219.009994506836,221.270004272461,44155300,219.434371948242
"2024-08-14",220.570007324219,223.029998779297,219.699996948242,221.720001220703,41960600,219.880645751953
"2024-08-15",224.600006103516,225.350006103516,222.759994506836,224.720001220703,46414000,222.855758666992
"2024-08-16",223.919998168945,226.830001831055,223.649993896484,226.050003051758,44340200,224.174728393555
"2024-08-19",225.720001220703,225.990005493164,223.039993286133,225.889999389648,40687800,224.016067504883
"2024-08-20",225.770004272461,227.169998168945,225.449996948242,226.509994506836,30299000,224.630920410156
"2024-08-21",226.520004272461,227.979995727539,225.050003051758,226.399993896484,34765500,224.521820068359
"2024-08-22",227.789993286133,228.339996337891,223.899993896484,224.529998779297,43695300,222.667343139648
"2024-08-23",225.660003662109,228.220001220703,224.330001831055,226.839996337891,38677300,224.95817565918
"2024-08-26",226.759994506836,227.279998779297,223.889999389648,227.179992675781,30602200,225.295364379883
"2024-08-27",226,228.850006103516,224.889999389648,228.029998779297,35934600,226.138305664062
"2024-08-28",227.919998168945,229.860000610352,225.679992675781,226.490005493164,38052200,224.611099243164
"2024-08-29",230.100006103516,232.919998168945,228.880004882812,229.789993286133,51906300,227.883697509766
"2024-08-30",230.190002441406,230.399993896484,227.479995727539,229,52990800,227.100250244141
"2024-09-03",228.550003051758,229,221.169998168945,222.770004272461,50190600,220.921966552734
"2024-09-04",221.660003662109,221.779998779297,217.479995727539,220.850006103516,43840200,219.017852783203
"2024-09-05",221.630004882812,225.479995727539,221.520004272461,222.380004882812,36615400,220.535186767578
"2024-09-06",223.949996948242,225.240005493164,219.770004272461,220.820007324219,48423000,218.988128662109
"2024-09-09",220.820007324219,221.270004272461,216.710006713867,220.910003662109,67180000,219.077392578125
"2024-09-10",218.919998168945,221.479995727539,216.729995727539,220.110000610352,51591000,218.283996582031
"2024-09-11",221.460006713867,223.089996337891,217.889999389648,222.660003662109,44587100,220.812866210938
"2024-09-12",222.5,223.550003051758,219.820007324219,222.770004272461,37455600,220.921966552734
"2024-09-13",223.580001831055,224.039993286133,221.910003662109,222.5,36766600,220.654174804688
"2024-09-16",216.539993286133,217.220001220703,213.919998168945,216.320007324219,59357400,214.525466918945
"2024-09-17",215.75,216.899993896484,214.5,216.789993286133,45519300,214.991561889648
"2024-09-18",217.550003051758,222.710006713867,217.539993286133,220.690002441406,59894900,218.859191894531
"2024-09-19",224.990005493164,229.820007324219,224.630004882812,228.869995117188,66781300,226.971343994141
"2024-09-20",229.970001220703,233.089996337891,227.619995117188,228.199996948242,318679900,226.306900024414
"2024-09-23",227.339996337891,229.449996948242,225.809997558594,226.470001220703,54146000,224.591247558594
"2024-09-24",228.649993896484,229.350006103516,225.729995727539,227.369995117188,43556100,225.483779907227
"2024-09-25",224.929992675781,227.289993286133,224.020004272461,226.369995117188,42308700,224.492080688477
"2024-09-26",227.300003051758,228.5,225.410003662109,227.520004272461,36636700,225.632537841797
"2024-09-27",228.460006713867,229.520004272461,227.300003051758,227.789993286133,34026000,225.900283813477
"2024-09-30",230.039993286133,233,229.649993896484,233,54541900,231.06706237793
"2024-10-01",229.520004272461,229.649993896484,223.740005493164,226.210006713867,63285000,224.333435058594
"2024-10-02",225.889999389648,227.369995117188,223.020004272461,226.779998779297,32880600,224.898681640625
"2024-10-03",225.139999389648,226.809997558594,223.320007324219,225.669998168945,34044200,223.797882080078
"2024-10-04",227.899993896484,228,224.130004882812,226.800003051758,37245100,224.918502807617
"2024-10-07",224.5,225.690002441406,221.330001831055,221.690002441406,39505400,219.85090637207
"2024-10-08",224.300003051758,225.979995727539,223.25,225.770004272461,31855700,223.897048950195
"2024-10-09",225.229995727539,229.75,224.830001831055,229.539993286133,33591100,227.635757446289
"2024-10-10",227.779998779297,229.5,227.169998168945,229.039993286133,28183500,227.139923095703
"2024-10-11",229.300003051758,229.410003662109,227.339996337891,227.550003051758,31759200,225.662292480469
"2024-10-14",228.699996948242,231.729995727539,228.600006103516,231.300003051758,39882100,229.38117980957
"2024-10-15",233.610000610352,237.490005493164,232.369995117188,233.850006103516,64751400,231.910049438477
"2024-10-16",231.600006103516,232.119995117188,229.839996337891,231.779998779297,34082200,229.857208251953
"2024-10-17",233.429992675781,233.850006103516,230.520004272461,232.149993896484,32993800,230.22412109375
"2024-10-18",236.179992675781,236.179992675781,234.009994506836,235,46431500,233.050476074219
"2024-10-21",234.449996948242,236.850006103516,234.449996948242,236.479995727539,36254500,234.518203735352
"2024-10-22",233.889999389648,236.220001220703,232.600006103516,235.860000610352,38846600,233.903366088867
"2024-10-23",234.080001831055,235.139999389648,227.759994506836,230.759994506836,52287000,228.845657348633
"2024-10-24",229.979995727539,230.820007324219,228.410003662109,230.570007324219,31109500,228.6572265625
"2024-10-25",229.740005493164,233.220001220703,229.570007324219,231.410003662109,38802300,229.490249633789
"2024-10-28",233.320007324219,234.729995727539,232.550003051758,233.399993896484,36087100,231.463745117188
"2024-10-29",233.100006103516,234.330001831055,232.320007324219,233.669998168945,35417200,231.731521606445
"2024-10-30",232.610000610352,233.470001220703,229.550003051758,230.100006103516,47070900,228.191131591797
"2024-10-31",229.339996337891,229.830001831055,225.369995117188,225.910003662109,64370100,224.035873413086
"2024-11-01",220.970001220703,225.350006103516,220.270004272461,222.910003662109,65276700,221.060775756836
"2024-11-04",220.990005493164,222.789993286133,219.710006713867,222.009994506836,44944500,220.168243408203
"2024-11-05",221.800003051758,223.949996948242,221.139999389648,223.449996948242,28111300,221.596298217773
"2024-11-06",222.610000610352,226.070007324219,221.190002441406,222.720001220703,54561100,220.872375488281
"2024-11-07",224.630004882812,227.880004882812,224.570007324219,227.479995727539,42137700,225.592880249023
"2024-11-08",227.169998168945,228.660003662109,226.410003662109,226.960006713867,38328800,225.324798583984
"2024-11-11",225,225.699996948242,221.5,224.229995727539,42005600,222.614471435547
"2024-11-12",224.550003051758,225.589996337891,223.360000610352,224.229995727539,40398300,222.614471435547
"2024-11-13",224.009994506836,226.649993896484,222.759994506836,225.119995117188,48566200,223.498062133789
"2024-11-14",225.020004272461,228.869995117188,225,228.220001220703,44923900,226.575759887695
"2024-11-15",226.399993896484,226.919998168945,224.270004272461,225,47923700,223.378936767578
"2024-11-18",225.25,229.740005493164,225.169998168945,228.020004272461,44633700,226.377182006836
"2024-11-19",226.979995727539,230.160003662109,226.660003662109,228.279998779297,36211800,226.635284423828
"2024-11-20",228.059997558594,229.929992675781,225.889999389648,229,35169600,227.350112915039
"2024-11-21",228.880004882812,230.160003662109,225.710006713867,228.520004272461,42108300,226.873580932617
"2024-11-22",228.059997558594,230.720001220703,228.059997558594,229.869995117188,38168300,228.213836669922
"2024-11-25",231.460006713867,233.25,229.740005493164,232.869995117188,90152800,231.192230224609
"2024-11-26",233.330001831055,235.570007324219,233.330001831055,235.059997558594,45986200,233.366455078125
"2024-11-27",234.470001220703,235.690002441406,233.809997558594,234.929992675781,33498400,233.237365722656
"2024-11-29",234.809997558594,237.809997558594,233.970001220703,237.330001831055,28481400,235.620086669922
"2024-12-02",237.270004272461,240.789993286133,237.160003662109,239.589996337891,48137100,237.863815307617
"2024-12-03",239.809997558594,242.759994506836,238.899993896484,242.649993896484,38861000,240.901763916016
"2024-12-04",242.869995117188,244.110000610352,241.25,243.009994506836,44383900,241.259170532227
"2024-12-05",243.990005493164,244.539993286133,242.130004882812,243.039993286133,40033900,241.288925170898
"2024-12-06",242.910003662109,244.630004882812,242.080001831055,242.839996337891,36870600,241.090393066406
"2024-12-09",241.830001831055,247.240005493164,241.75,246.75,44649200,244.972244262695
"2024-12-10",246.889999389648,248.210006713867,245.339996337891,247.770004272461,36914800,245.98486328125
"2024-12-11",247.960006713867,250.800003051758,246.259994506836,246.490005493164,45205800,244.714111328125
"2024-12-12",246.889999389648,248.740005493164,245.679992675781,247.960006713867,32777500,246.173522949219
"2024-12-13",247.820007324219,249.289993286133,246.240005493164,248.130004882812,33155300,246.342300415039
"2024-12-16",247.990005493164,251.380004882812,247.649993896484,251.039993286133,51694800,249.231292724609
"2024-12-17",250.080001831055,253.830001831055,249.779998779297,253.479995727539,51356400,251.653732299805
"2024-12-18",252.160003662109,254.279998779297,247.740005493164,248.050003051758,56774100,246.262878417969
"2024-12-19",247.5,252,247.089996337891,249.789993286133,60882300,247.990325927734
"2024-12-20",248.039993286133,255,245.690002441406,254.490005493164,147495300,252.656448364258
"2024-12-23",254.770004272461,255.649993896484,253.449996948242,255.270004272461,40858800,253.430862426758
"2024-12-24",255.490005493164,258.209991455078,255.289993286133,258.200012207031,23234700,256.339752197266
"2024-12-26",258.190002441406,260.100006103516,257.630004882812,259.019989013672,27237100,257.15380859375
"2024-12-27",257.829986572266,258.700012207031,253.059997558594,255.589996337891,42355300,253.74853515625
"2024-12-30",252.229995727539,253.5,250.75,252.199996948242,35557500,250.382965087891
"2024-12-31",252.440002441406,253.279998779297,249.429992675781,250.419998168945,39480700,248.615798950195
"2025-01-02",248.929992675781,249.100006103516,241.820007324219,243.850006103516,55740700,242.093139648438
"2025-01-03",243.360000610352,244.179992675781,241.889999389648,243.360000610352,40244100,241.606658935547
"2025-01-06",244.309997558594,247.330001831055,243.199996948242,245,45045600,243.234817504883
"2025-01-07",242.979995727539,245.550003051758,241.350006103516,242.210006713867,40856000,240.464935302734
"2025-01-08",241.919998168945,243.710006713867,240.050003051758,242.699996948242,37628900,240.951400756836
"2025-01-10",240.009994506836,240.160003662109,233,236.850006103516,61710900,235.1435546875
"2025-01-13",233.529998779297,234.669998168945,229.720001220703,234.399993896484,49630700,232.711196899414
"2025-01-14",234.75,236.119995117188,232.470001220703,233.279998779297,39435300,231.59928894043
"2025-01-15",234.639999389648,238.960006713867,234.429992675781,237.869995117188,39832000,236.156204223633
"2025-01-16",237.350006103516,238.009994506836,228.029998779297,228.259994506836,71759100,226.615432739258
"2025-01-17",232.119995117188,232.289993286133,228.479995727539,229.979995727539,68488300,228.32307434082
"2025-01-21",224,224.419998168945,219.380004882812,222.639999389648,98070400,221.035919189453
"2025-01-22",219.789993286133,224.119995117188,219.789993286133,223.830001831055,64126500,222.217376708984
"2025-01-23",224.740005493164,227.029998779297,222.300003051758,223.660003662109,60234800,222.048583984375
"2025-01-24",224.779998779297,225.630004882812,221.410003662109,222.779998779297,54697900,221.174911499023
"2025-01-27",224.020004272461,232.149993896484,223.979995727539,229.860000610352,94863400,228.203918457031
"2025-01-28",230.850006103516,240.190002441406,230.809997558594,238.259994506836,75707600,236.543395996094
"2025-01-29",234.119995117188,239.860000610352,234.009994506836,239.360000610352,45486100,237.635452270508
"2025-01-30",238.669998168945,240.789993286133,237.210006713867,237.589996337891,55658300,235.878234863281
"2025-01-31",247.190002441406,247.190002441406,233.440002441406,236,100959800,234.299697875977
"2025-02-03",229.990005493164,231.830001831055,225.699996948242,228.009994506836,73063300,226.367233276367
"2025-02-04",227.25,233.130004882812,226.649993896484,232.800003051758,45067300,231.122741699219
"2025-02-05",228.529998779297,232.669998168945,228.270004272461,232.470001220703,39620300,230.795104980469
"2025-02-06",231.289993286133,233.800003051758,230.429992675781,233.220001220703,29925300,231.539703369141
"2025-02-07",232.600006103516,234,227.259994506836,227.630004882812,39707200,225.990005493164
"2025-02-10",229.570007324219,230.589996337891,227.199996948242,227.649993896484,33115600,226.258331298828
"2025-02-11",228.199996948242,235.229995727539,228.130004882812,232.619995117188,53718400,231.197952270508
"2025-02-12",231.199996948242,236.960006713867,230.679992675781,236.869995117188,45243300,235.421966552734
"2025-02-13",236.910003662109,242.339996337891,235.570007324219,241.529998779297,53614100,240.053466796875
"2025-02-14",241.25,245.550003051758,240.990005493164,244.600006103516,40896200,243.104736328125
"2025-02-18",244.149993896484,245.179992675781,241.839996337891,244.470001220703,48822500,242.975524902344
"2025-02-19",244.660003662109,246.009994506836,243.160003662109,244.869995117188,32204200,243.373062133789
"2025-02-20",244.940002441406,246.779998779297,244.289993286133,245.830001831055,32316900,244.327194213867
"2025-02-21",245.949996948242,248.690002441406,245.220001220703,245.550003051758,53197400,244.048904418945
"2025-02-24",244.929992675781,248.860000610352,244.419998168945,247.100006103516,51326400,245.589447021484
"2025-02-25",248,250,244.910003662109,247.039993286133,48013300,245.52978515625
"2025-02-26",244.330001831055,244.979995727539,239.130004882812,240.360000610352,44433600,238.890655517578
"2025-02-27",239.410003662109,242.460006713867,237.059997558594,237.300003051758,41153600,235.849334716797
"2025-02-28",236.949996948242,242.089996337891,230.199996948242,241.839996337891,56833400,240.361587524414
"2025-03-03",241.789993286133,244.029998779297,236.110000610352,238.029998779297,47184000,236.57487487793
"2025-03-04",237.710006713867,240.070007324219,234.679992675781,235.929992675781,53798100,234.487716674805
"2025-03-05",235.419998168945,236.550003051758,229.229995727539,235.740005493164,47227600,234.298873901367
"2025-03-06",234.440002441406,237.860000610352,233.160003662109,235.330001831055,45170400,233.891403198242
"2025-03-07",235.110000610352,241.369995117188,234.759994506836,239.070007324219,46273600,237.608535766602
"2025-03-10",235.539993286133,236.160003662109,224.220001220703,227.479995727539,72071200,226.089385986328
"2025-03-11",223.809997558594,225.839996337891,217.449996948242,220.839996337891,76137400,219.489974975586
"2025-03-12",220.139999389648,221.75,214.910003662109,216.979995727539,62547500,215.653564453125
"2025-03-13",215.949996948242,216.839996337891,208.419998168945,209.679992675781,61368300,208.398193359375
"2025-03-14",211.25,213.949996948242,209.580001831055,213.490005493164,60107600,212.184906005859
"2025-03-17",213.309997558594,215.220001220703,209.970001220703,214,48073400,212.691757202148
"2025-03-18",214.160003662109,215.149993896484,211.490005493164,212.690002441406,42432400,211.389801025391
"2025-03-19",214.220001220703,218.759994506836,213.75,215.240005493164,54385400,213.924209594727
"2025-03-20",213.990005493164,217.490005493164,212.220001220703,214.100006103516,48862900,212.791168212891
"2025-03-21",211.559997558594,218.839996337891,211.279998779297,218.270004272461,94127800,216.935684204102
"2025-03-24",221,221.479995727539,218.580001831055,220.729995727539,44299500,219.380645751953
"2025-03-25",220.770004272461,224.100006103516,220.080001831055,223.75,34493600,222.382186889648
"2025-03-26",223.509994506836,225.020004272461,220.470001220703,221.529998779297,34466100,220.175765991211
"2025-03-27",221.389999389648,224.990005493164,220.559997558594,223.850006103516,37094800,222.481582641602
"2025-03-28",221.669998168945,223.809997558594,217.679992675781,217.899993896484,39818600,216.567932128906
"2025-03-31",217.009994506836,225.619995117188,216.229995727539,222.130004882812,65299300,220.772079467773
"2025-04-01",219.809997558594,223.679992675781,218.899993896484,223.190002441406,36412700,221.825592041016
"2025-04-02",221.320007324219,225.190002441406,221.020004272461,223.889999389648,35905900,222.52131652832
"2025-04-03",205.539993286133,207.490005493164,201.25,203.190002441406,103419000,201.947860717773
"2025-04-04",193.889999389648,199.880004882812,187.339996337891,188.380004882812,125910900,187.228424072266
"2025-04-07",177.199996948242,194.149993896484,174.619995117188,181.460006713867,160466300,180.350723266602
"2025-04-08",186.699996948242,190.339996337891,169.210006713867,172.419998168945,120859500,171.365951538086
"2025-04-09",171.949996948242,200.610000610352,171.889999389648,198.850006103516,184395900,197.634399414062
"2025-04-10",189.070007324219,194.779998779297,183,190.419998168945,121880000,189.255920410156
"2025-04-11",186.100006103516,199.539993286133,186.059997558594,198.149993896484,87435900,196.938659667969
"2025-04-14",211.440002441406,212.940002441406,201.160003662109,202.520004272461,101352900,201.281967163086
"2025-04-15",201.860000610352,203.509994506836,199.800003051758,202.139999389648,51343900,200.904281616211
"2025-04-16",198.360000610352,200.699996948242,192.369995117188,194.270004272461,59732400,193.082397460938
"2025-04-17",197.199996948242,198.830001831055,194.419998168945,196.979995727539,52164700,195.775817871094
"2025-04-21",193.270004272461,193.800003051758,189.809997558594,193.160003662109,46742500,191.979187011719
"2025-04-22",196.119995117188,201.589996337891,195.970001220703,199.740005493164,52976400,198.518951416016
"2025-04-23",206,208,202.800003051758,204.600006103516,52929200,203.349273681641
"2025-04-24",204.889999389648,208.830001831055,202.940002441406,208.369995117188,47311000,207.09619140625
"2025-04-25",206.369995117188,209.75,206.199996948242,209.279998779297,38222300,208.00065612793
"2025-04-28",210,211.5,207.460006713867,210.139999389648,38743100,208.855361938477
"2025-04-29",208.690002441406,212.240005493164,208.369995117188,211.210006713867,36827600,209.918838500977
"2025-04-30",209.300003051758,213.580001831055,206.669998168945,212.5,52286500,211.200958251953
"2025-05-01",209.080001831055,214.559997558594,208.899993896484,213.320007324219,57365700,212.01594543457
"2025-05-02",206.089996337891,206.990005493164,202.160003662109,205.350006103516,101010600,204.094635009766
"2025-05-05",203.100006103516,204.100006103516,198.210006713867,198.889999389648,69018500,197.674163818359
"2025-05-06",198.210006713867,200.649993896484,197.020004272461,198.509994506836,51216500,197.296463012695
"2025-05-07",199.169998168945,199.440002441406,193.25,196.25,68536700,195.05029296875
"2025-05-08",197.720001220703,200.050003051758,194.679992675781,197.490005493164,50478900,196.28271484375
"2025-05-09",199,200.539993286133,197.539993286133,198.529998779297,36453900,197.316360473633
"2025-05-12",210.970001220703,211.270004272461,206.75,210.789993286133,63775800,209.776138305664
"2025-05-13",210.429992675781,213.399993896484,209,212.929992675781,51909300,211.905838012695
"2025-05-14",212.429992675781,213.940002441406,210.580001831055,212.330001831055,49325800,211.308715820312
"2025-05-15",210.949996948242,212.960006713867,209.539993286133,211.449996948242,45029500,210.432968139648
"2025-05-16",212.360000610352,212.570007324219,209.770004272461,211.259994506836,54737900,210.243865966797
"2025-05-19",207.910003662109,209.479995727539,204.259994506836,208.779998779297,46140500,207.775802612305
"2025-05-20",207.669998168945,208.470001220703,205.029998779297,206.860000610352,42496600,205.865036010742
"2025-05-21",205.169998168945,207.039993286133,200.710006713867,202.089996337891,59211800,201.117980957031
"2025-05-22",200.710006713867,202.75,199.699996948242,201.360000610352,46742400,200.391479492188
"2025-05-23",193.669998168945,197.699996948242,193.460006713867,195.270004272461,78432900,194.330795288086
"2025-05-27",198.300003051758,200.740005493164,197.429992675781,200.210006713867,56288500,199.247039794922
"2025-05-28",200.589996337891,202.729995727539,199.899993896484,200.419998168945,45339700,199.456024169922
"2025-05-29",203.580001831055,203.809997558594,198.509994506836,199.949996948242,51396800,198.988250732422
"2025-05-30",199.369995117188,201.960006713867,196.779998779297,200.850006103516,70819900,199.88395690918
"2025-06-02",200.279998779297,202.130004882812,200.119995117188,201.699996948242,35423300,200.729858398438
"2025-06-03",201.350006103516,203.770004272461,200.960006713867,203.270004272461,46381600,202.292297363281
"2025-06-04",202.910003662109,206.240005493164,202.100006103516,202.820007324219,43604000,201.844482421875
"2025-06-05",203.5,204.75,200.149993896484,200.630004882812,55126100,199.665008544922
"2025-06-06",203,205.699996948242,202.050003051758,203.919998168945,46607700,202.939178466797
"2025-06-09",204.389999389648,206,200.020004272461,201.449996948242,72862600,200.481048583984
"2025-06-10",200.600006103516,204.350006103516,200.570007324219,202.669998168945,54672600,201.695175170898
"2025-06-11",203.5,204.5,198.410003662109,198.779998779297,60989900,197.82389831543
"2025-06-12",199.080001831055,199.679992675781,197.360000610352,199.199996948242,43904600,198.241882324219
"2025-06-13",199.729995727539,200.369995117188,195.699996948242,196.449996948242,51447300,195.505096435547
"2025-06-16",197.300003051758,198.690002441406,196.559997558594,198.419998168945,43020700,197.465637207031
"2025-06-17",197.199996948242,198.389999389648,195.210006713867,195.639999389648,38856200,194.698989868164
"2025-06-18",195.940002441406,197.570007324219,195.070007324219,196.580001831055,45394700,195.634475708008
"2025-06-20",198.240005493164,201.699996948242,196.860000610352,201,96813500,200.033218383789
"2025-06-23",201.630004882812,202.300003051758,198.960006713867,201.5,55814300,200.530807495117
"2025-06-24",202.589996337891,203.440002441406,200.199996948242,200.300003051758,54064000,199.33659362793
"2025-06-25",201.449996948242,203.669998168945,200.619995117188,201.559997558594,39525700,200.590545654297
"2025-06-26",201.429992675781,202.639999389648,199.460006713867,201,50799100,200.033218383789
"2025-06-27",201.889999389648,203.220001220703,200,201.080001831055,73188600,200.112838745117
"2025-06-30",202.009994506836,207.389999389648,199.259994506836,205.169998168945,91912800,204.183151245117
"2025-07-01",206.669998168945,210.190002441406,206.139999389648,207.820007324219,78788900,206.820419311523
"2025-07-02",208.910003662109,213.339996337891,208.139999389648,212.440002441406,67941800,211.418182373047
"2025-07-03",212.149993896484,214.649993896484,211.809997558594,213.550003051758,34955800,212.522857666016
"2025-07-07",212.679992675781,216.229995727539,208.800003051758,209.949996948242,50229000,208.940155029297
"2025-07-08",210.100006103516,211.429992675781,208.449996948242,210.009994506836,42848900,208.999893188477
"2025-07-09",209.529998779297,211.330001831055,207.220001220703,211.139999389648,48749400,210.124465942383
"2025-07-10",210.509994506836,213.479995727539,210.029998779297,212.410003662109,44443600,211.388336181641
"2025-07-11",210.570007324219,212.130004882812,209.860000610352,211.160003662109,39765800,210.144332885742
"2025-07-14",209.929992675781,210.910003662109,207.539993286133,208.619995117188,38840100,207.616546630859
"2025-07-15",209.220001220703,211.889999389648,208.919998168945,209.110000610352,42296300,208.104217529297
"2025-07-16",210.300003051758,212.399993896484,208.639999389648,210.160003662109,47490500,209.149185180664
"2025-07-17",210.570007324219,211.800003051758,209.589996337891,210.020004272461,48068100,209.009841918945
"2025-07-18",210.869995117188,211.789993286133,209.699996948242,211.179992675781,48974600,210.164245605469
"2025-07-21",212.100006103516,215.779998779297,211.630004882812,212.479995727539,51377400,211.4580078125
"2025-07-22",213.139999389648,214.949996948242,212.229995727539,214.399993896484,46404100,213.368774414062
"2025-07-23",215,215.149993896484,212.410003662109,214.149993896484,46989300,213.119964599609
"2025-07-24",213.899993896484,215.690002441406,213.529998779297,213.759994506836,46022600,212.731857299805
"2025-07-25",214.699996948242,215.240005493164,213.399993896484,213.880004882812,40268800,212.851257324219
"2025-07-28",214.029998779297,214.850006103516,213.059997558594,214.050003051758,37858000,213.020462036133
"2025-07-29",214.179992675781,214.809997558594,210.820007324219,211.270004272461,51411700,210.253829956055
"2025-07-30",211.899993896484,212.389999389648,207.720001220703,209.050003051758,45512500,208.044509887695
"2025-07-31",208.490005493164,209.839996337891,207.160003662109,207.570007324219,80698400,206.571624755859
"2025-08-01",210.869995117188,213.580001831055,201.5,202.380004882812,104434500,201.406600952148
"2025-08-04",204.509994506836,207.880004882812,201.679992675781,203.350006103516,75109300,202.371932983398
"2025-08-05",203.399993896484,205.339996337891,202.160003662109,202.919998168945,44155100,201.943969726562
"2025-08-06",205.630004882812,215.380004882812,205.589996337891,213.25,108483100,212.224304199219
"2025-08-07",218.880004882812,220.850006103516,216.580001831055,220.029998779297,90224800,218.971694946289
"2025-08-08",220.830001831055,231,219.25,229.350006103516,113854000,228.246856689453
"2025-08-11",227.919998168945,229.559997558594,224.759994506836,227.179992675781,61806100,226.343887329102
"2025-08-12",228.009994506836,230.800003051758,227.070007324219,229.649993896484,55626200,228.804809570312
"2025-08-13",231.070007324219,235,230.429992675781,233.330001831055,69878500,232.471252441406
"2025-08-14",234.059997558594,235.119995117188,230.850006103516,232.779998779297,51916300,231.923278808594
"2025-08-15",234,234.279998779297,229.339996337891,231.589996337891,56038700,230.737655639648
"2025-08-18",231.699996948242,233.119995117188,230.110000610352,230.889999389648,37476200,230.040237426758
"2025-08-19",231.279998779297,232.869995117188,229.350006103516,230.559997558594,39402600,229.711441040039
"2025-08-20",229.979995727539,230.470001220703,225.770004272461,226.009994506836,42263900,225.178192138672
"2025-08-21",226.270004272461,226.520004272461,223.779998779297,224.899993896484,30621200,224.072265625
"2025-08-22",226.169998168945,229.089996337891,225.410003662109,227.759994506836,42477800,226.921752929688
"2025-08-25",226.479995727539,229.300003051758,226.229995727539,227.160003662109,30983100,226.323974609375
"2025-08-26",226.869995117188,229.490005493164,224.690002441406,229.309997558594,54575100,228.466049194336
"2025-08-27",228.610000610352,230.899993896484,228.259994506836,230.490005493164,31259500,229.641723632812
"2025-08-28",230.820007324219,233.410003662109,229.339996337891,232.559997558594,38074700,231.704086303711
"2025-08-29",232.509994506836,233.380004882812,231.369995117188,232.139999389648,39418400,231.285629272461
"2025-09-02",229.25,230.850006103516,226.970001220703,229.720001220703,44075600,228.874542236328
"2025-09-03",237.210006713867,238.850006103516,234.360000610352,238.470001220703,66427800,237.592330932617
"2025-09-04",238.449996948242,239.899993896484,236.740005493164,239.779998779297,47549400,238.897506713867
"2025-09-05",240,241.320007324219,238.490005493164,239.690002441406,54870400,238.807861328125
"2025-09-08",239.300003051758,240.149993896484,236.339996337891,237.880004882812,48999500,237.004516601562
"2025-09-09",237,238.779998779297,233.360000610352,234.350006103516,66313900,233.487518310547
"2025-09-10",232.190002441406,232.419998168945,225.949996948242,226.789993286133,83440800,225.955322265625
"2025-09-11",226.880004882812,230.449996948242,226.649993896484,230.029998779297,50208600,229.183410644531
"2025-09-12",229.220001220703,234.509994506836,229.020004272461,234.070007324219,55824200,233.208541870117
"2025-09-15",237,238.190002441406,235.029998779297,236.699996948242,42699500,235.828842163086
"2025-09-16",237.179992675781,241.220001220703,236.320007324219,238.149993896484,63421100,237.273513793945
"2025-09-17",238.970001220703,240.100006103516,237.729995727539,238.990005493164,46508000,238.110427856445
"2025-09-18",239.970001220703,241.199996948242,236.649993896484,237.880004882812,44249600,237.004516601562
"2025-09-19",241.229995727539,246.300003051758,240.210006713867,245.5,163741300,244.596466064453
"2025-09-22",248.300003051758,256.640014648438,248.119995117188,256.079986572266,105517400,255.137512207031
"2025-09-23",255.880004882812,257.339996337891,253.580001831055,254.429992675781,60275200,253.493606567383
"2025-09-24",255.220001220703,255.740005493164,251.039993286133,252.309997558594,42303700,251.381408691406
"2025-09-25",253.210006713867,257.170013427734,251.710006713867,256.869995117188,55202100,255.924621582031
"2025-09-26",254.100006103516,257.600006103516,253.779998779297,255.460006713867,46076300,254.519821166992
"2025-09-29",254.559997558594,255,253.009994506836,254.429992675781,40127700,253.493606567383
"2025-09-30",254.860000610352,255.919998168945,253.110000610352,254.630004882812,37704300,253.692886352539
"2025-10-01",255.039993286133,258.790008544922,254.929992675781,255.449996948242,48713900,254.509841918945
"2025-10-02",256.579986572266,258.179992675781,254.149993896484,257.130004882812,42630200,256.183654785156
"2025-10-03",254.669998168945,259.239990234375,253.949996948242,258.019989013672,49155600,257.070373535156
"2025-10-06",257.989990234375,259.070007324219,255.050003051758,256.690002441406,44664100,255.745300292969
"2025-10-07",256.809997558594,257.399993896484,255.429992675781,256.480010986328,31955800,255.536071777344
"2025-10-08",256.519989013672,258.519989013672,256.109985351562,258.059997558594,36496900,257.110229492188
"2025-10-09",257.809997558594,258,253.139999389648,254.039993286133,38322000,253.105026245117
"2025-10-10",254.940002441406,256.380004882812,244,245.270004272461,61999100,244.367309570312
"2025-10-13",249.380004882812,249.690002441406,245.559997558594,247.660003662109,38142900,246.748519897461
"2025-10-14",246.600006103516,248.850006103516,244.699996948242,247.770004272461,35478000,246.858108520508
"2025-10-15",249.490005493164,251.820007324219,247.470001220703,249.339996337891,33893600,248.422332763672
"2025-10-16",248.25,249.039993286133,245.130004882812,247.449996948242,39777000,246.539276123047
"2025-10-17",248.020004272461,253.380004882812,247.270004272461,252.289993286133,49147000,251.361465454102
"2025-10-20",255.889999389648,264.380004882812,255.630004882812,262.239990234375,90483000,261.274841308594
"2025-10-21",261.880004882812,265.290008544922,261.829986572266,262.769989013672,46695900,261.802886962891
"2025-10-22",262.649993896484,262.850006103516,255.429992675781,258.450012207031,45015300,257.498840332031
"2025-10-23",259.940002441406,260.619995117188,258.010009765625,259.579986572266,32754900,258.624633789062
"2025-10-24",261.190002441406,264.130004882812,259.179992675781,262.820007324219,38253700,261.852722167969
"2025-10-27",264.880004882812,269.119995117188,264.649993896484,268.809997558594,44888200,267.820648193359
"2025-10-28",268.989990234375,269.890014648438,268.149993896484,269,41534800,268.009948730469
"2025-10-29",269.279998779297,271.410003662109,267.109985351562,269.700012207031,51086700,268.707397460938
"2025-10-30",271.989990234375,274.140014648438,268.480010986328,271.399993896484,69886500,270.401123046875
"2025-10-31",276.989990234375,277.320007324219,269.160003662109,270.369995117188,86167100,269.374938964844
"2025-11-03",270.420013427734,270.850006103516,266.25,269.049987792969,50194600,268.059783935547
"2025-11-04",268.329986572266,271.489990234375,267.619995117188,270.040008544922,49274800,269.046142578125
"2025-11-05",268.609985351562,271.700012207031,266.929992675781,270.140014648438,43683100,269.145812988281
"2025-11-06",267.890014648438,273.399993896484,267.890014648438,269.769989013672,51204000,268.777130126953
"2025-11-07",269.799987792969,272.290008544922,266.769989013672,268.470001220703,48227400,267.48193359375
"2025-11-10",268.959991455078,273.730010986328,267.459991455078,269.429992675781,41312400,268.698577880859
"2025-11-11",269.809997558594,275.910003662109,269.799987792969,275.25,46208300,274.502807617188
"2025-11-12",275,275.730010986328,271.700012207031,273.470001220703,48398000,272.727661132812
"2025-11-13",274.109985351562,276.700012207031,272.089996337891,272.950012207031,49602800,272.209075927734
"2025-11-14",271.049987792969,275.959991455078,269.600006103516,272.410003662109,47431300,271.670532226562
"2025-11-17",268.820007324219,270.489990234375,265.730010986328,267.459991455078,45018300,266.733978271484
"2025-11-18",269.989990234375,270.709991455078,265.320007324219,267.440002441406,45677300,266.713989257812
"2025-11-19",265.529998779297,272.209991455078,265.5,268.559997558594,40424500,267.830993652344
"2025-11-20",270.829986572266,275.429992675781,265.920013427734,266.25,45823600,265.527252197266
"2025-11-21",265.950012207031,273.329986572266,265.670013427734,271.489990234375,59030800,270.752990722656
"2025-11-24",270.899993896484,277,270.899993896484,275.920013427734,65585800,275.171020507812
"2025-11-25",275.269989013672,280.380004882812,275.25,276.970001220703,46914200,276.218170166016
"2025-11-26",276.959991455078,279.529998779297,276.630004882812,277.549987792969,33431400,276.796569824219
"2025-11-28",277.260009765625,279,275.989990234375,278.850006103516,20135600,278.093048095703
"2025-12-01",278.010009765625,283.420013427734,276.140014648438,283.100006103516,46587700,282.331512451172
"2025-12-02",283,287.399993896484,282.630004882812,286.190002441406,53669500,285.413116455078
"2025-12-03",286.200012207031,288.619995117188,283.299987792969,284.149993896484,43538700,283.378631591797
"2025-12-04",284.100006103516,284.730010986328,278.589996337891,280.700012207031,43989100,279.938018798828
"2025-12-05",280.540008544922,281.140014648438,278.049987792969,278.779998779297,47265800,278.023223876953
"2025-12-08",278.130004882812,279.670013427734,276.149993896484,277.890014648438,38211800,277.135681152344
"2025-12-09",278.160003662109,280.029998779297,276.920013427734,277.179992675781,32193300,276.427581787109
"2025-12-10",277.75,279.75,276.440002441406,278.779998779297,33038300,278.023223876953
"2025-12-11",279.100006103516,279.589996337891,273.809997558594,278.029998779297,33248000,277.275268554688
"2025-12-12",277.899993896484,279.220001220703,276.820007324219,278.279998779297,39532900,277.524597167969
"2025-12-15",280.149993896484,280.149993896484,272.839996337891,274.109985351562,50409100,273.365875244141
"2025-12-16",272.820007324219,275.5,271.790008544922,274.609985351562,37648600,273.864532470703
"2025-12-17",275.010009765625,276.160003662109,271.640014648438,271.839996337891,50138700,271.102081298828
"2025-12-18",273.609985351562,273.630004882812,266.950012207031,272.190002441406,51630700,271.451110839844
"2025-12-19",272.149993896484,274.600006103516,269.899993896484,273.670013427734,144632000,272.927154541016
"2025-12-22",272.859985351562,273.880004882812,270.510009765625,270.970001220703,36571800,270.234436035156
"2025-12-23",270.839996337891,272.5,269.559997558594,272.359985351562,29642000,271.620666503906
"2025-12-24",272.339996337891,275.429992675781,272.200012207031,273.809997558594,17910600,273.066711425781
"2025-12-26",274.160003662109,275.369995117188,272.859985351562,273.399993896484,21521800,272.657836914062
"2025-12-29",272.690002441406,274.359985351562,272.350006103516,273.760009765625,23715200,273.016876220703
"2025-12-30",272.809997558594,274.079986572266,272.279998779297,273.079986572266,22139600,272.338684082031
"2025-12-31",273.059997558594,273.679992675781,271.75,271.859985351562,27293600,271.122009277344
"2026-01-02",272.260009765625,277.839996337891,269,271.010009765625,37838100,270.274353027344
"2026-01-05",270.640014648438,271.510009765625,266.140014648438,267.260009765625,45647200,266.534545898438
"2026-01-06",267,267.549987792969,262.119995117188,262.359985351562,52352100,261.647796630859
"2026-01-07",263.200012207031,263.679992675781,259.809997558594,260.329986572266,48309800,259.623321533203
"2026-01-08",257.019989013672,259.290008544922,255.699996948242,259.040008544922,50419300,258.336822509766
"2026-01-09",259.079986572266,260.209991455078,256.220001220703,259.369995117188,39997000,258.665924072266
"2026-01-12",259.160003662109,261.299987792969,256.799987792969,260.25,45263800,259.543518066406
"2026-01-13",258.720001220703,261.809997558594,258.390014648438,261.049987792969,45730800,260.341369628906
"2026-01-14",259.489990234375,261.820007324219,256.709991455078,259.959991455078,40019400,259.254302978516
"2026-01-15",260.649993896484,261.040008544922,257.049987792969,258.209991455078,39388600,257.509063720703
"2026-01-16",257.899993896484,258.899993896484,254.929992675781,255.529998779297,72142800,254.836349487305
"2026-01-20",252.729995727539,254.789993286133,243.419998168945,246.699996948242,80267500,246.030319213867
"2026-01-21",248.699996948242,251.559997558594,245.179992675781,247.649993896484,54641700,246.977737426758
"2026-01-22",249.199996948242,251,248.149993896484,248.350006103516,39708300,247.675842285156
"2026-01-23",247.320007324219,249.410003662109,244.679992675781,248.039993286133,41689000,247.366668701172
"2026-01-26",251.479995727539,256.559997558594,249.800003051758,255.410003662109,55969200,254.716690063477
"2026-01-27",259.170013427734,261.950012207031,258.209991455078,258.269989013672,49648300,257.568908691406
"2026-01-28",257.649993896484,258.859985351562,254.509994506836,256.440002441406,41288000,255.743865966797
"2026-01-29",258,259.649993896484,254.410003662109,258.279998779297,67253000,257.578887939453
"2026-01-30",255.169998168945,261.899993896484,252.179992675781,259.480010986328,92443400,258.775665283203
"2026-02-02",260.029998779297,270.489990234375,259.209991455078,270.010009765625,73913400,269.277069091797
"2026-02-03",269.200012207031,271.880004882812,267.609985351562,269.480010986328,64394700,268.748504638672
"2026-02-04",272.290008544922,278.950012207031,272.290008544922,276.489990234375,90545700,275.739410400391
"2026-02-05",278.130004882812,279.5,273.230010986328,275.910003662109,52977400,275.161010742188
"2026-02-06",277.119995117188,280.910003662109,276.929992675781,278.119995117188,50453400,277.365020751953
"2026-02-09",277.910003662109,278.200012207031,271.700012207031,274.619995117188,44623400,274.130798339844
"2026-02-10",274.890014648438,275.369995117188,272.940002441406,273.679992675781,34376900,273.192443847656
"2026-02-11",274.700012207031,280.179992675781,274.450012207031,275.5,51931300,275.009216308594
"2026-02-12",275.589996337891,275.720001220703,260.179992675781,261.730010986328,81077200,261.263793945312
"2026-02-13",262.010009765625,262.230010986328,255.449996948242,255.779998779297,56290700,255.324356079102
"2026-02-17",258.049987792969,266.290008544922,255.539993286133,263.880004882812,58469100,263.409942626953
"2026-02-18",263.600006103516,266.820007324219,262.450012207031,264.350006103516,34203300,263.879119873047
"2026-02-19",262.600006103516,264.480010986328,260.049987792969,260.579986572266,30845300,260.115783691406
"2026-02-20",258.970001220703,264.75,258.160003662109,264.579986572266,42070500,264.108673095703
"2026-02-23",263.489990234375,269.429992675781,263.380004882812,266.179992675781,37308200,265.705810546875
"2026-02-24",267.859985351562,274.890014648438,267.709991455078,272.140014648438,47014600,271.655242919922
"2026-02-25",271.779998779297,274.940002441406,271.049987792969,274.230010986328,33714300,273.741516113281
"2026-02-26",274.950012207031,276.109985351562,270.799987792969,272.950012207031,32345100,272.463775634766
"2026-02-27",272.809997558594,272.809997558594,262.890014648438,264.179992675781,72366500,263.709381103516
"2026-03-02",262.410003662109,266.529998779297,260.200012207031,264.720001220703,41827900,264.248413085938
"2026-03-03",263.480010986328,265.559997558594,260.130004882812,263.75,38568900,263.280181884766
"2026-03-04",264.649993896484,266.149993896484,261.420013427734,262.519989013672,39803100,262.052337646484
"2026-03-05",260.790008544922,261.559997558594,257.25,260.290008544922,49658600,259.826324462891
"2026-03-06",258.630004882812,258.769989013672,254.369995117188,257.459991455078,41120000,257.001342773438
"2026-03-09",255.690002441406,261.149993896484,253.679992675781,259.880004882812,38218500,259.417053222656
"2026-03-10",257.649993896484,262.480010986328,256.950012207031,260.829986572266,30590800,260.365356445312
"2026-03-11",261.089996337891,262.130004882812,259.549987792969,260.809997558594,26218900,260.345367431641
"2026-03-12",258.660003662109,258.950012207031,254.179992675781,255.759994506836,40794000,255.304382324219
"2026-03-13",255.479995727539,256.329986572266,249.520004272461,250.119995117188,36930000,249.674438476562
"2026-03-16",252.110000610352,253.889999389648,249.880004882812,252.820007324219,32074200,252.369644165039
"2026-03-17",252.960006713867,255.130004882812,252.179992675781,254.229995727539,32361600,253.777114868164
"2026-03-18",252.630004882812,254.940002441406,249,249.940002441406,35757900,249.494766235352
"2026-03-19",249.399993896484,251.830001831055,247.300003051758,248.960006713867,34864100,248.516525268555
"2026-03-20",247.979995727539,249.199996948242,246,247.990005493164,88331100,247.548233032227
"2026-03-23",253.970001220703,254.600006103516,250.279998779297,251.490005493164,40546100,251.042007446289
"2026-03-24",250.350006103516,254.830001831055,249.550003051758,251.639999389648,45152300,251.19172668457
"2026-03-25",254.100006103516,255,251.600006103516,252.619995117188,28476700,252.169982910156
"2026-03-26",252.119995117188,257,250.770004272461,252.889999389648,41796700,252.439514160156
"2026-03-27",253.899993896484,255.490005493164,248.070007324219,248.800003051758,47900000,248.356796264648
"2026-03-30",250.070007324219,250.869995117188,245.509994506836,246.630004882812,39446200,246.190658569336
"2026-03-31",247.910003662109,255.479995727539,247.100006103516,253.789993286133,49598100,253.337890625
"2026-04-01",254.080001831055,256.179992675781,253.330001831055,255.630004882812,40059400,255.174621582031
"2026-04-02",254.199996948242,256.130004882812,250.649993896484,255.919998168945,31289400,255.464111328125
"2026-04-06",256.510009765625,262.160003662109,256.459991455078,258.859985351562,29329900,258.398834228516
"2026-04-07",256.160003662109,256.200012207031,245.699996948242,253.5,62148000,253.048416137695
"2026-04-08",258.450012207031,259.75,256.529998779297,258.899993896484,41032800,258.438781738281
"2026-04-09",259,261.119995117188,256.070007324219,260.489990234375,28121600,260.025939941406
"2026-04-10",259.980010986328,262.190002441406,259.019989013672,260.480010986328,31291500,260.015991210938
"2026-04-13",259.730010986328,260.179992675781,256.660003662109,259.200012207031,36234700,258.73828125
"2026-04-14",259.25,261.929992675781,257.190002441406,258.829986572266,48370700,258.368896484375
"2026-04-15",258.160003662109,266.559997558594,257.809997558594,266.429992675781,49913500,265.955383300781
"2026-04-16",266.799987792969,267.160003662109,261.269989013672,263.399993896484,43323100,262.930755615234
"2026-04-17",266.959991455078,272.299987792969,266.720001220703,270.230010986328,61436200,269.748626708984
"2026-04-20",270.329986572266,274.279998779297,270.290008544922,273.049987792969,36590200,272.563568115234
"2026-04-21",271.5,272.799987792969,265.399993896484,266.170013427734,50209800,265.695861816406
"2026-04-22",267.820007324219,273.739990234375,266.869995117188,273.170013427734,43249200,272.683410644531
"2026-04-23",275.049987792969,275.769989013672,271.649993896484,273.429992675781,33399600,272.942901611328
"2026-04-24",272.760009765625,273.059997558594,269.649993896484,271.059997558594,38157100,270.577117919922
"2026-04-27",266.089996337891,268.359985351562,265.070007324219,267.609985351562,41466800,267.133270263672
"2026-04-28",272.339996337891,273.230010986328,268.660003662109,270.709991455078,40018900,270.227752685547
"2026-04-29",267.549987792969,271.040008544922,267.040008544922,270.170013427734,30047900,269.688720703125
"2026-04-30",270.5,276,268.140014648438,271.350006103516,91848200,270.866638183594
"2026-05-01",278.859985351562,287.220001220703,278.369995117188,280.140014648438,79915400,279.640960693359
"2026-05-04",279.660003662109,280.630004882812,274.859985351562,276.829986572266,46668400,276.336853027344
"2026-05-05",276.929992675781,284.570007324219,276.5,284.179992675781,49311700,283.673767089844
"2026-05-06",281.920013427734,288.029998779297,281.070007324219,287.510009765625,58336100,286.997833251953
"2026-05-07",289.269989013672,292.130004882812,285.779998779297,287.440002441406,45224300,286.927947998047
"2026-05-08",290.010009765625,294.760009765625,290,293.320007324219,52692800,292.797485351562
"2026-05-11",291.980010986328,293.880004882812,290.230010986328,292.679992675781,42247300,292.427795410156
"2026-05-12",292.559997558594,295.269989013672,292.559997558594,294.799987792969,45748100,294.545959472656
"2026-05-13",293.5,300.920013427734,293.5,298.869995117188,52684300,298.612457275391
"2026-05-14",299.820007324219,300.450012207031,295.380004882812,298.209991455078,35324900,297.953033447266
"2026-05-15",297.899993896484,303.200012207031,296.519989013672,300.230010986328,54862800,299.971313476562
"2026-05-18",300.239990234375,300.660003662109,294.910003662109,297.839996337891,34483000,297.583343505859
"2026-05-19",296.970001220703,300.510009765625,296.350006103516,298.970001220703,42243600,298.712371826172
"2026-05-20",298.179992675781,302.799987792969,298.079986572266,302.25,38229800,301.989562988281
"2026-05-21",301.059997558594,305.540008544922,300.399993896484,304.989990234375,42965100,304.727172851562
"2026-05-22",306.119995117188,311.399993896484,305.839996337891,308.820007324219,43670200,308.553894042969
"2026-05-26",309.559997558594,311.820007324219,307.670013427734,308.329986572266,48000500,308.064300537109
"2026-05-27",308.329986572266,313.260009765625,308.299987792969,310.850006103516,50430900,310.582153320312
"2026-05-28",310.679992675781,312.799987792969,309.570007324219,312.510009765625,48220400,312.24072265625
"2026-05-29",311.779998779297,315,309.529998779297,312.059997558594,70026800,311.791107177734
"2026-06-01",309.630004882812,310.940002441406,305.019989013672,306.309997558594,48849900,306.046051025391
"2026-06-02",307.459991455078,315.450012207031,306.690002441406,315.200012207031,44534700,314.928405761719
"2026-06-03",314.179992675781,316.940002441406,308.850006103516,310.260009765625,50836700,309.992645263672
"2026-06-04",313.230010986328,313.540008544922,309.649993896484,311.230010986328,44869100,310.961822509766
"2026-06-05",312.859985351562,315.170013427734,307.149993896484,307.339996337891,65310500,307.075164794922
"2026-06-08",308.739990234375,317.399993896484,301.170013427734,301.540008544922,77949100,301.280181884766
"2026-06-09",300.279998779297,300.75,287.779998779297,290.549987792969,70108800,290.299621582031
"2026-06-10",290.739990234375,294.75,287.380004882812,291.579986572266,52793300,291.328735351562
"2026-06-11",293.720001220703,297,289.589996337891,295.630004882812,42572500,295.375244140625
"2026-06-12",296.029998779297,297.140014648438,289.619995117188,291.130004882812,38742100,290.879150390625
"2026-06-15",294.119995117188,297.779998779297,291.700012207031,296.420013427734,45732600,296.164581298828
"2026-06-16",295.25,300.480010986328,293.970001220703,299.239990234375,39874400,298.982147216797
"2026-06-17",300.850006103516,302.070007324219,294.359985351562,295.950012207031,42745100,295.694976806641
"2026-06-18",298.109985351562,300.570007324219,295.619995117188,298.010009765625,85962200,297.753204345703
"2026-06-22",297.309997558594,302.420013427734,296.760009765625,297.010009765625,44879900,296.754089355469
"2026-06-23",297.540008544922,301.640014648438,294.179992675781,294.299987792969,52010900,294.04638671875
"2026-06-24",295.359985351562,299.700012207031,292.940002441406,293.079986572266,53081900,292.827423095703
"2026-06-25",287.399993896484,288.799987792969,273.75,275.149993896484,107013700,274.912902832031
"2026-06-26",275,285.950012207031,274.209991455078,283.779998779297,261775500,283.535461425781
"2026-06-29",286.730010986328,288.369995117188,279.850006103516,281.739990234375,66427000,281.497222900391
"2026-06-30",281.170013427734,289.940002441406,280.700012207031,289.359985351562,65100200,289.110656738281
"2026-07-01",293.440002441406,296.589996337891,289.200012207031,294.380004882812,50164200,294.126342773438
"2026-07-02",294.119995117188,309.420013427734,293.679992675781,308.630004882812,75352800,308.364044189453
"2026-07-06",307.359985351562,314.200012207031,307,312.660003662109,53590000,312.390594482422
"2026-07-07",315.290008544922,315.480010986328,310.149993896484,310.660003662109,42490000,310.392303466797
"2026-07-08",311.910003662109,314.820007324219,307.049987792969,313.390014648438,41323500,313.119964599609
"2026-07-09",310.510009765625,316.529998779297,308.160003662109,316.220001220703,48124500,315.947509765625
"2026-07-10",314.720001220703,316.910003662109,312.170013427734,315.320007324219,34132300,315.048309326172
"2026-07-13",317.019989013672,323.450012207031,315.779998779297,317.309997558594,43257800,317.036560058594
"2026-07-14",313.760009765625,316.190002441406,311.910003662109,314.859985351562,36336800,314.588684082031
"2026-07-15",317.619995117188,328.730010986328,317.320007324219,327.5,60957600,327.217803955078
"2026-07-16",328.010009765625,334.679992675781,326.790008544922,333.260009765625,62970600,332.972839355469
"2026-07-17",331.980010986328,334.989990234375,329,333.739990234375,63407100,333.452392578125
"2026-07-20",333.510009765625,333.709991455078,323.679992675781,326.589996337891,53468000,326.308563232422
"2026-07-21",323.130004882812,329.600006103516,322.220001220703,327.739990234375,41338900,327.457580566406
"2026-07-22",327.869995117188,329,323.339996337891,325.890014648438,38755900,325.609191894531
"2026-07-23",321.730010986328,323.299987792969,319.350006103516,321.660003662109,40840800,321.382843017578
"2026-07-24",321.790008544922,334.369995117188,321.619995117188,333.019989013672,47489400,332.733032226562
"2026-07-27",334.540008544922,339.570007324219,334.019989013672,336.910003662109,49604300,336.619689941406
"2026-07-28",340.029998779297,342.890014648438,335.600006103516,340.079986572266,51859000,339.786926269531
"2026-07-29",339.730010986328,344.570007324219,337.350006103516,338.190002441406,56090800,337.898590087891
"2026-07-30",333.100006103516,334.75,329.589996337891,333.429992675781,74817800,333.142669677734
"2026-07-31",304.809997558594,310.690002441406,300,308.910003662109,132489100,308.643829345703
"2026-08-03",309.579986572266,311.799987792969,302.559997558594,303.420013427734,75052000,303.158569335938
"2026-08-04",302.730010986328,310.420013427734,301.320007324219,309.380004882812,68001000,309.113403320312
"2026-08-05",309.359985351562,311.709991455078,305.670013427734,311,49438800,310.732025146484
"2026-08-06",314.339996337891,316.290008544922,309.230010986328,312.410003662109,46139900,312.140808105469
"2026-08-07",311.450012207031,314.809997558594,310.739990234375,313.329986572266,34437200,313.059997558594
"2026-08-10",306.829986572266,308.260009765625,304.609985351562,308.260009765625,44812500,308.260009765625
"2026-08-11",307.75,309.970001220703,302.790008544922,304.910003662109,37476700,304.910003662109
"2026-08-12",305.100006103516,305.660003662109,300.570007324219,302.25,41657800,302.25
"2026-08-13",304.209991455078,306,302.049987792969,305.260009765625,40349300,305.260009765625
"2026-08-14",306,307.489990234375,304.299987792969,305.929992675781,28229400,305.929992675781
"2026-08-17",306.209991455078,307.660003662109,302.940002441406,305.589996337891,38169300,305.589996337891
"2026-08-18",307.579986572266,311.489990234375,305.739990234375,310.029998779297,53424500,310.029998779297
"2026-08-19",310.140014648438,319.279998779297,309.600006103516,316.829986572266,50505600,316.829986572266
"2026-08-20",317.459991455078,320.279998779297,310.649993896484,311.299987792969,40959200,311.299987792969
"2026-08-21",312.049987792969,312.380004882812,307.010009765625,309.350006103516,46876800,309.350006103516
"2026-08-24",311.470001220703,313.359985351562,309.970001220703,310.339996337891,34673600,310.339996337891
"2026-08-25",310.790008544922,313.589996337891,308.209991455078,309.899993896484,25869800,309.899993896484
"2026-08-26",310.299987792969,315.429992675781,308.799987792969,313.450012207031,34024500,313.450012207031
"2026-08-27",310.549987792969,315.399993896484,309.399993896484,314.579986572266,32419200,314.579986572266
"2026-08-28",316.850006103516,322.369995117188,315.450012207031,319.700012207031,38649400,319.700012207031
"2026-08-31",319.600006103516,321.239990234375,312.799987792969,316.850006103516,41242700,316.850006103516
"2026-09-01",316.980010986328,327.299987792969,314.730010986328,325.130004882812,53167400,325.130004882812
"2026-09-02",326.869995117188,328.399993896484,323.529998779297,324.959991455078,33776400,324.959991455078
"2026-09-03",324.869995117188,330.809997558594,324.109985351562,328.209991455078,37225800,328.209991455078
"2026-09-04",328.309997558594,328.929992675781,317.859985351562,319.970001220703,39606900,319.970001220703
"2026-09-08",317.100006103516,320.700012207031,314.899993896484,316.220001220703,35477100,316.220001220703
"2026-09-09",315.489990234375,319.149993896484,309.899993896484,315.339996337891,65640000,315.339996337891
"2026-09-10",316.670013427734,326.739990234375,316.510009765625,326.570007324219,70011900,326.570007324219
"2026-09-11",327.450012207031,336.220001220703,326.299987792969,332.269989013672,50716900,332.269989013672
"2026-09-14",334.790008544922,335.5,331.339996337891,333.079986572266,39269100,333.079986572266
"2026-09-15",330.140014648438,331.779998779297,328.350006103516,331.339996337891,31748200,331.339996337891
"2026-09-16",332.529998779297,335.480010986328,330.700012207031,332.410003662109,35981000,332.410003662109
"2026-09-17",334.769989013672,338.339996337891,330.179992675781,337,36700200,337
"2026-09-18",337.910003662109,338.489990234375,332.529998779297,336.130004882812,86588200,336.130004882812
"2026-09-21",335.279998779297,339.640014648438,333.049987792969,338.980010986328,34999200,338.980010986328
"2026-09-22",340.140014648438,345.339996337891,338.75,339.75,40711800,339.75
"2026-09-23",341.079986572266,341.799987792969,335.5,337.019989013672,31658800,337.019989013672
"2026-09-24",336.720001220703,338.910003662109,334.299987792969,335.920013427734,24733100,335.920013427734
"2026-09-25",336.040008544922,341.670013427734,334.529998779297,341.070007324219,29950100,341.070007324219
