"Date","Open","High","Low","Close","Volume","Adjusted"
"2010-01-04",64.7099990844727,64.9899978637695,64.4100036621094,64.6800003051758,9506200,39.7786178588867
"2010-01-05",64.5800018310547,64.620002746582,63.8199996948242,63.9300003051758,10673100,39.3173751831055
"2010-01-06",63.9000015258789,64.5400009155273,63.8300018310547,64.4499969482422,13171500,39.6371726989746
"2010-01-07",64.25,64.3499984741211,63.7400016784668,63.9900016784668,10901600,39.3542633056641
"2010-01-08",63.9199981689453,64.2600021362305,63.6300010681152,64.2099990844727,7898000,39.489574432373
"2010-01-11",64.75,64.75,64.0100021362305,64.2200012207031,7975700,39.495719909668
"2010-01-12",64.129997253418,64.7200012207031,64.0199966430664,64.5599975585938,10820700,39.7047996520996
"2010-01-13",64.5400009155273,65.2300033569336,64.5400009155273,64.9700012207031,13023800,39.956974029541
"2010-01-14",65.1999969482422,65.2699966430664,64.75,65.0999984741211,7899000,40.036937713623
"2010-01-15",65.1399993896484,65.1999969482422,63.9799995422363,64.5599975585938,20995000,39.7047996520996
"2010-01-19",64.1399993896484,65.75,64.1100006103516,65.3499984741211,15181800,40.1906890869141
"2010-01-20",65.4700012207031,65.9499969482422,64.4700012207031,65.1500015258789,13033000,40.0676879882812
"2010-01-21",65.0699996948242,65.4700012207031,63.7999992370605,63.9700012207031,14473900,39.3419761657715
"2010-01-22",63.9099998474121,64.1900024414062,63.0900001525879,63.2000007629395,14017200,38.8684196472168
"2010-01-25",63.6699981689453,63.7000007629395,63.0499992370605,63.2200012207031,10001700,38.8807106018066
"2010-01-26",62.6399993896484,63.0099983215332,62.2200012207031,62.7900009155273,15630300,38.6162490844727
"2010-01-27",62.7799987792969,63.7200012207031,62.7000007629395,63.439998626709,14982400,39.0160255432129
"2010-01-28",63.5699996948242,64.0699996948242,63.0400009155273,63.7999992370605,17096000,39.2374153137207
"2010-01-29",63.9500007629395,64.2699966430664,62.8199996948242,62.8600006103516,17844400,38.6593132019043
"2010-02-01",63.2599983215332,63.2599983215332,62.7700004577637,63.0900001525879,10153400,38.8007583618164
"2010-02-02",63.2000007629395,64.1999969482422,62.6300010681152,63.9900016784668,13609300,39.3542633056641
"2010-02-03",63.8699989318848,63.8699989318848,63.2900009155273,63.6300010681152,9255900,39.1328811645508
"2010-02-04",63.4900016784668,63.6199989318848,62.6199989318848,62.6399993896484,18397000,38.5240058898926
"2010-02-05",62.689998626709,63.5999984741211,61.8899993896484,62.6399993896484,16775200,38.5240058898926
"2010-02-08",62.5,62.9799995422363,62.2599983215332,62.3699989318848,10081200,38.357967376709
"2010-02-09",62.5499992370605,63.4700012207031,62.4700012207031,62.7599983215332,11356400,38.5978050231934
"2010-02-10",62.7900009155273,63.0699996948242,62.2099990844727,62.7299995422363,10115800,38.5793571472168
"2010-02-11",62.6199989318848,63.2099990844727,62.2599983215332,62.9099998474121,8353600,38.690071105957
"2010-02-12",62.6100006103516,63,62.1100006103516,62.7200012207031,12335800,38.5732116699219
"2010-02-16",63.25,63.7099990844727,62.8199996948242,63.6100006103516,10212400,39.1205673217773
"2010-02-17",63.6300010681152,64.3600006103516,63.6100006103516,63.9799995422363,9485500,39.3481216430664
"2010-02-18",63.9799995422363,64.6999969482422,63.9500007629395,64.5299987792969,8260600,39.6863784790039
"2010-02-19",64.1500015258789,64.4599990844727,63.6199989318848,63.810001373291,14222300,39.5438385009766
"2010-02-22",63.810001373291,64.0999984741211,63.3899993896484,63.4900016784668,9839700,39.3455390930176
"2010-02-23",63.560001373291,63.8499984741211,63.2299995422363,63.310001373291,12481400,39.2339973449707
"2010-02-24",63.5499992370605,63.8499984741211,63.25,63.4500007629395,8519300,39.3207397460938
"2010-02-25",62.7900009155273,63.3499984741211,62.5200004577637,63.2799987792969,10528900,39.2153930664062
"2010-02-26",63.4599990844727,63.5900001525879,63,63,9357800,39.0418701171875
"2010-03-01",63.2700004577637,63.4599990844727,63.1699981689453,63.3899993896484,9219400,39.2835693359375
"2010-03-02",63.310001373291,63.6399993896484,63.0200004577637,63.439998626709,9014000,39.3145523071289
"2010-03-03",63.5900001525879,63.75,63.2200012207031,63.4000015258789,9360400,39.2897605895996
"2010-03-04",63.5299987792969,63.7000007629395,63.3699989318848,63.5699996948242,8067200,39.3951110839844
"2010-03-05",63.6599998474121,64.0699996948242,63.5499992370605,64.0400009155273,10633600,39.6863861083984
"2010-03-08",64.0800018310547,64.4100036621094,64.0199966430664,64.1999969482422,33380500,39.7855339050293
"2010-03-09",64.5500030517578,64.5500030517578,64.0899963378906,64.2699966430664,8827100,39.828914642334
"2010-03-10",64.4899978637695,64.5599975585938,64.1500015258789,64.2900009155273,8436600,39.8413124084473
"2010-03-11",64.1500015258789,64.2200012207031,63.5999984741211,64.2200012207031,9957800,39.7979278564453
"2010-03-12",64.2600021362305,64.2600021362305,63.8499984741211,64.1800003051758,8223000,39.7731399536133
"2010-03-15",64.1399993896484,64.5699996948242,64.0699996948242,64.5699996948242,7444700,40.014835357666
"2010-03-16",64.6999969482422,64.7200012207031,64.2300033569336,64.5299987792969,8882000,39.990047454834
"2010-03-17",64.7200012207031,64.7399978637695,64.4800033569336,64.6500015258789,8060700,40.0644111633301
"2010-03-18",64.5800018310547,65.1500015258789,64.370002746582,65.0599975585938,11742100,40.318489074707
"2010-03-19",65.1100006103516,65.4899978637695,64.8099975585938,65.1100006103516,23117600,40.3494834899902
"2010-03-22",65.0699996948242,65.4400024414062,64.9800033569336,65.0999984741211,8803800,40.3432693481445
"2010-03-23",65.1800003051758,65.3899993896484,64.870002746582,65.3600006103516,9453900,40.5044021606445
"2010-03-24",65.3099975585938,65.3099975585938,64.75,64.75,9312500,40.1263847351074
"2010-03-25",65.0400009155273,65.25,64.5299987792969,64.5699996948242,10496600,40.014835357666
"2010-03-26",64.6800003051758,64.7200012207031,64.3300018310547,64.379997253418,9450400,39.8970756530762
"2010-03-29",64.4599990844727,64.9300003051758,64.4000015258789,64.8199996948242,7812900,40.1697425842285
"2010-03-30",64.9499969482422,64.9800033569336,64.5599975585938,64.9000015258789,8311600,40.2193298339844
"2010-03-31",64.8399963378906,65.3099975585938,64.6999969482422,65.1999969482422,11939100,40.4052352905273
"2010-04-01",65.370002746582,65.7699966430664,65.2399978637695,65.7699966430664,10600600,40.758487701416
"2010-04-05",65.7699966430664,65.8899993896484,65.379997253418,65.4000015258789,8617600,40.5291862487793
"2010-04-06",65.129997253418,65.4499969482422,65,65.3099975585938,8260100,40.4733963012695
"2010-04-07",65.2399978637695,65.4899978637695,65.0800018310547,65.2200012207031,9409400,40.4176406860352
"2010-04-08",65.1900024414062,65.1900024414062,64.7699966430664,64.9300003051758,8962600,40.2379035949707
"2010-04-09",64.879997253418,65.1699981689453,64.7799987792969,65.1399993896484,6972700,40.368049621582
"2010-04-12",65.1100006103516,65.2099990844727,64.9300003051758,65.1100006103516,8692200,40.3494834899902
"2010-04-13",65.0599975585938,65.8499984741211,64.9100036621094,65.6800003051758,12481600,40.702709197998
"2010-04-14",65.4300003051758,65.5999984741211,65.1800003051758,65.4899978637695,10501900,40.5849571228027
"2010-04-15",65.2900009155273,65.5400009155273,65.129997253418,65.5100021362305,8656900,40.5973663330078
"2010-04-16",65.3399963378906,65.6500015258789,64.8899993896484,65.0199966430664,15742500,40.2936973571777
"2010-04-19",65.0599975585938,66.0999984741211,65.0599975585938,66.0299987792969,14626300,40.9196014404297
"2010-04-20",66.0299987792969,66.1999969482422,65.7300033569336,65.9899978637695,11916400,40.8948059082031
"2010-04-21",65.9800033569336,65.9800033569336,65.0699996948242,65.3899993896484,13355700,40.5229949951172
"2010-04-22",65.1800003051758,65.2399978637695,64.3300018310547,64.7799987792969,19583000,40.1449661254883
"2010-04-23",64.7099990844727,65.0400009155273,64.3300018310547,65.0400009155273,11674900,40.306095123291
"2010-04-26",64.9899978637695,65.1999969482422,64.7200012207031,64.7600021362305,9281500,40.1325607299805
"2010-04-27",64.5699996948242,64.879997253418,64.2099990844727,64.2799987792969,11862200,39.8351173400879
"2010-04-28",64.4300003051758,64.8600006103516,64.25,64.620002746582,12476600,40.0458145141602
"2010-04-29",64.8499984741211,65.3399963378906,64.8499984741211,65.0100021362305,7930100,40.2875022888184
"2010-04-30",65.129997253418,65.3399963378906,64.3000030517578,64.3000030517578,14255900,39.8475112915039
"2010-05-03",65.1600036621094,65.620002746582,64.5400009155273,65.3300018310547,15310500,40.4858131408691
"2010-05-04",65.0699996948242,65.2799987792969,64.4100036621094,64.6999969482422,14895700,40.095386505127
"2010-05-05",64.5800018310547,65.2900009155273,64.4400024414062,65.1399993896484,13143700,40.368049621582
"2010-05-06",65.0400009155273,65.0999984741211,60.0299987792969,63.4000015258789,24410000,39.2897605895996
"2010-05-07",63.2599983215332,63.5999984741211,62.0900001525879,63.310001373291,20467100,39.2339973449707
"2010-05-10",64.9100036621094,65.3600006103516,64,64.75,18445400,40.1263847351074
"2010-05-11",64.2300033569336,65.0899963378906,64.1800003051758,64.6699981689453,10879000,40.076789855957
"2010-05-12",64.8499984741211,65.0500030517578,64.4899978637695,64.9000015258789,11036800,40.2193298339844
"2010-05-13",64.8399963378906,65.1600036621094,64.5100021362305,64.6699981689453,12337000,40.076789855957
"2010-05-14",64.7099990844727,64.7900009155273,63.4099998474121,63.9700012207031,12505100,39.6430015563965
"2010-05-17",64.0599975585938,64.2399978637695,63.2000007629395,63.8800010681152,10260800,39.5872230529785
"2010-05-18",63.439998626709,63.560001373291,62.8499984741211,62.9700012207031,18480900,39.0232887268066
"2010-05-19",62.689998626709,62.9599990844727,62.0499992370605,62.2200012207031,18863200,38.5585021972656
"2010-05-20",61.8199996948242,61.8400001525879,60.5499992370605,60.5499992370605,24098700,37.5235900878906
"2010-05-21",59.7799987792969,60.9599990844727,59.5099983215332,60.8800010681152,21813000,37.7280883789062
"2010-05-24",60.6199989318848,61.4500007629395,60.2099990844727,60.5699996948242,13993300,37.5359687805176
"2010-05-25",59.7099990844727,60.4099998474121,59.1500015258789,60.3499984741211,21179000,37.3996391296387
"2010-05-26",60.8300018310547,60.8300018310547,59.6500015258789,59.6599998474121,18914100,36.9720420837402
"2010-05-27",59.7400016784668,59.8899993896484,58.7099990844727,59.0299987792969,29926600,36.9157562255859
"2010-05-28",58.7200012207031,59.1199989318848,58.189998626709,58.2999992370605,26815900,36.4592399597168
"2010-06-01",58.2099990844727,59.4099998474121,57.5499992370605,58.7599983215332,19508400,36.746898651123
"2010-06-02",59.0699996948242,59.7299995422363,58.689998626709,59.7299995422363,15581800,37.3535118103027
"2010-06-03",59.8899993896484,60.1500015258789,59.5499992370605,59.7700004577637,14254200,37.3785285949707
"2010-06-04",58.9599990844727,59.0299987792969,57.7599983215332,58.0099983215332,21785400,36.277889251709
"2010-06-07",58.1699981689453,58.5499992370605,58,58,13843300,36.2716293334961
"2010-06-08",58.1500015258789,58.7099990844727,57.8699989318848,58.6399993896484,14941500,36.6718597412109
"2010-06-09",58.7999992370605,58.939998626709,57.939998626709,58.1699981689453,13173000,36.3779220581055
"2010-06-10",58.7200012207031,59.1300010681152,58.3499984741211,58.5,16995200,36.584300994873
"2010-06-11",58.1699981689453,58.4799995422363,57.939998626709,58.4599990844727,14713000,36.5592956542969
"2010-06-14",58.7000007629395,59.0999984741211,58.3800010681152,58.4199981689453,10524000,36.5342750549316
"2010-06-15",58.9300003051758,59.1599998474121,58.5499992370605,59.1399993896484,11103200,36.9845352172852
"2010-06-16",59.25,59.5800018310547,58.7799987792969,59.2400016784668,8636300,37.0470733642578
"2010-06-17",59.2799987792969,59.439998626709,58.6500015258789,59.1800003051758,11723100,37.0095520019531
"2010-06-18",59.1800003051758,59.2900009155273,58.8499984741211,59.1800003051758,16838200,37.0095520019531
"2010-06-21",59.5,59.7999992370605,58.9199981689453,59.1300010681152,12143600,36.9782829284668
"2010-06-22",59.25,60.0900001525879,59.1199989318848,59.1599998474121,13823800,36.9970436096191
"2010-06-23",59.1599998474121,59.4199981689453,58.7099990844727,59.2400016784668,12659500,37.0470733642578
"2010-06-24",59.0299987792969,59.939998626709,59.0299987792969,59.5999984741211,18216100,37.2722015380859
"2010-06-25",59.8600006103516,59.8699989318848,58.6300010681152,58.7000007629395,45006900,36.7093963623047
"2010-06-28",59.0099983215332,59.7900009155273,58.810001373291,59.4500007629395,15834300,37.1784133911133
"2010-06-29",58.9799995422363,59.4199981689453,58.6800003051758,59.2400016784668,20236500,37.0470733642578
"2010-06-30",59.0400009155273,59.6100006103516,58.939998626709,59.060001373291,15802100,36.934513092041
"2010-07-01",59.0699996948242,59.25,58.6500015258789,59.0699996948242,17973500,36.9407615661621
"2010-07-02",59.4199981689453,59.5900001525879,58.8499984741211,59.0800018310547,10534400,36.9470252990723
"2010-07-06",59.5,59.5999984741211,58.6699981689453,59.0800018310547,15461100,36.9470252990723
"2010-07-07",59.3300018310547,60.7000007629395,59.0400009155273,60.6100006103516,17280000,37.9038391113281
"2010-07-08",60.9300003051758,61.7299995422363,60.6399993896484,61.3800010681152,15895900,38.3853797912598
"2010-07-09",60.9700012207031,61.0699996948242,60.3800010681152,60.5400009155273,12174000,37.8600692749023
"2010-07-12",60.4799995422363,60.5400009155273,60.060001373291,60.2099990844727,10797200,37.6536865234375
"2010-07-13",60.5900001525879,60.9599990844727,60.439998626709,60.5,10924500,37.8350486755371
"2010-07-14",60.1599998474121,60.6800003051758,60.0499992370605,60.6199989318848,9668500,37.910083770752
"2010-07-15",60.6199989318848,60.75,59.9000015258789,60.2599983215332,12839300,37.6849632263184
"2010-07-16",60,60.189998626709,59.25,59.439998626709,17569900,37.1721611022949
"2010-07-19",59.7200012207031,59.7900009155273,59.3699989318848,59.5699996948242,10277500,37.2534599304199
"2010-07-20",58.4500007629395,58.7700004577637,58,58.5800018310547,22304800,36.6343307495117
"2010-07-21",58.7999992370605,58.7999992370605,56.8699989318848,57.1199989318848,25707600,35.7212829589844
"2010-07-22",57.4300003051758,57.6199989318848,56.8600006103516,57.0200004577637,17972900,35.6587562561035
"2010-07-23",57.2799987792969,57.6399993896484,57,57.6300010681152,15076600,36.0402336120605
"2010-07-26",57.6500015258789,58.0099983215332,57.4799995422363,57.7400016784668,11775200,36.1090316772461
"2010-07-27",57.9500007629395,58.439998626709,57.6199989318848,58.0999984741211,16964000,36.3341636657715
"2010-07-28",58.1399993896484,58.25,57.6500015258789,57.8300018310547,13502100,36.1653099060059
"2010-07-29",58.0999984741211,58.2700004577637,57.7099990844727,57.8300018310547,13031000,36.1653099060059
"2010-07-30",57.6300010681152,58.3600006103516,57.2700004577637,58.0900001525879,12978000,36.3279075622559
"2010-08-02",58.5,58.8800010681152,58.4099998474121,58.7200012207031,11455600,36.7218856811523
"2010-08-03",58.75,59.5999984741211,58.7099990844727,59.3499984741211,10855100,37.1158828735352
"2010-08-04",59.3699989318848,59.9300003051758,59.2299995422363,59.7400016784668,10508800,37.3597640991211
"2010-08-05",59.5299987792969,59.8899993896484,59.5099983215332,59.7599983215332,9796700,37.3722648620605
"2010-08-06",59.5200004577637,60,59.25,59.9599990844727,8524100,37.4973526000977
"2010-08-09",60,60.25,59.7900009155273,60.0499992370605,6674700,37.5536308288574
"2010-08-10",59.4099998474121,59.810001373291,58.9000015258789,59.4300003051758,13550800,37.165901184082
"2010-08-11",58.9199981689453,58.9500007629395,58.2999992370605,58.5,11470100,36.584300994873
"2010-08-12",58.1500015258789,58.7099990844727,58.0999984741211,58.5200004577637,8240500,36.5968055725098
"2010-08-13",58.4900016784668,58.4900016784668,58.060001373291,58.1500015258789,8546700,36.3654174804688
"2010-08-16",57.9900016784668,58.1100006103516,57.4700012207031,58.0099983215332,8751200,36.277889251709
"2010-08-17",58.9300003051758,59.4799995422363,58.5,59.2200012207031,13479100,37.0345687866211
"2010-08-18",59.4599990844727,59.8199996948242,59.0299987792969,59.3499984741211,10534900,37.1158828735352
"2010-08-19",59.1699981689453,59.1800003051758,58.4000015258789,58.7200012207031,11949700,36.7218856811523
"2010-08-20",58.7000007629395,58.9099998474121,58.4900016784668,58.7400016784668,11286200,36.7344169616699
"2010-08-23",58.9799995422363,59.3499984741211,58.810001373291,58.8699989318848,8842900,36.8156967163086
"2010-08-24",58.5,58.689998626709,57.8600006103516,58.0099983215332,14930400,36.277889251709
"2010-08-25",58,58.2000007629395,57.8400001525879,57.9799995422363,11675000,36.2591133117676
"2010-08-26",58.2000007629395,58.2200012207031,57.7799987792969,57.7999992370605,12834100,36.1465454101562
"2010-08-27",57.4500007629395,57.8800010681152,56.9900016784668,57.5999984741211,11674800,36.3611602783203
"2010-08-30",57.5999984741211,57.7999992370605,57.2599983215332,57.2999992370605,9240100,36.1717872619629
"2010-08-31",57.25,57.439998626709,57,57.0200004577637,14563100,35.995044708252
"2010-09-01",57.6699981689453,58.3600006103516,57.439998626709,58.2900009155273,11603700,36.7967529296875
"2010-09-02",58.5200004577637,58.7900009155273,58.2999992370605,58.6100006103516,8079700,36.9987640380859
"2010-09-03",58.8499984741211,59,58.5,58.9300003051758,7533400,37.2007713317871
"2010-09-07",58.7999992370605,58.9700012207031,58.6300010681152,58.7000007629395,5625100,37.0555839538574
"2010-09-08",58.4199981689453,59.0299987792969,58.4199981689453,58.8499984741211,8412500,37.1502647399902
"2010-09-09",59.3899993896484,60.0299987792969,59.2599983215332,59.8199996948242,14077700,37.7625885009766
"2010-09-10",59.939998626709,60,59.7700004577637,59.9799995422363,8358800,37.8636016845703
"2010-09-13",60.060001373291,60.3800010681152,59.9199981689453,60.3199996948242,10706600,38.0782318115234
"2010-09-14",60.4300003051758,60.9700012207031,60.25,60.5800018310547,9912900,38.2423515319824
"2010-09-15",60.6699981689453,61.1500015258789,60.5,61.0499992370605,9111500,38.5390548706055
"2010-09-16",60.8199996948242,61.3899993896484,60.7599983215332,61.2900009155273,10496300,38.6905708312988
"2010-09-17",61.5900001525879,61.7200012207031,61.1300010681152,61.5699996948242,12240600,38.8673286437988
"2010-09-20",61.6500015258789,62.2299995422363,61.5099983215332,62.0900001525879,10991500,39.1955757141113
"2010-09-21",61.8600006103516,62.2299995422363,61.7999992370605,61.939998626709,9449200,39.1008987426758
"2010-09-22",61.9799995422363,62.5,61.9000015258789,61.9700012207031,9353300,39.1198234558105
"2010-09-23",61.6300010681152,62,61.5699996948242,61.810001373291,8393800,39.0188217163086
"2010-09-24",61.9799995422363,62.4000015258789,61.8300018310547,62.1399993896484,12636900,39.2271347045898
"2010-09-27",62.2200012207031,62.3199996948242,61.9300003051758,62.0299987792969,7687600,39.1576957702637
"2010-09-28",61.9599990844727,62.5999984741211,61.689998626709,62.4300003051758,12132800,39.4102210998535
"2010-09-29",62.310001373291,62.5499992370605,62.1300010681152,62.310001373291,9590000,39.3344535827637
"2010-09-30",62.4900016784668,62.7000007629395,61.5499992370605,61.9599990844727,12845600,39.1135215759277
"2010-10-01",62.0900001525879,62.25,61.5699996948242,61.75,9773200,38.9809417724609
"2010-10-04",61.5400009155273,61.9799995422363,61.2999992370605,61.6699981689453,8703600,38.9304428100586
"2010-10-05",62.0800018310547,62.939998626709,62.0099983215332,62.7999992370605,12439400,39.6437721252441
"2010-10-06",62.8899993896484,63.2599983215332,62.5,63.2099990844727,11339800,39.9026184082031
"2010-10-07",63.2900009155273,63.5,63,63.2200012207031,9826600,39.9089088439941
"2010-10-08",63.3800010681152,63.3899993896484,63.0299987792969,63.2299995422363,7354800,39.9152221679688
"2010-10-11",63.2599983215332,63.310001373291,63.0400009155273,63.2999992370605,6172100,39.9594116210938
"2010-10-12",63.1300010681152,63.439998626709,62.9700012207031,63.2900009155273,8707400,39.9530982971191
"2010-10-13",63.4300003051758,63.7900009155273,63.2900009155273,63.5800018310547,10104700,40.1361846923828
"2010-10-14",63.7900009155273,63.7999992370605,63.3899993896484,63.7400016784668,8632700,40.2371826171875
"2010-10-15",63.9799995422363,64,63.1399993896484,63.5699996948242,13265100,40.1298637390137
"2010-10-18",63.689998626709,63.9799995422363,63.25,63.8600006103516,10814100,40.3129196166992
"2010-10-19",62.8899993896484,63.6699981689453,62.5,63.2900009155273,17235400,39.9530982971191
"2010-10-20",63.3199996948242,64.0299987792969,63.060001373291,63.5999984741211,10206800,40.148811340332
"2010-10-21",63.8600006103516,64.2200012207031,63.5200004577637,63.9900016784668,11111700,40.3949775695801
"2010-10-22",64.0800018310547,64.120002746582,63.6399993896484,63.810001373291,6774800,40.2813568115234
"2010-10-25",64.0400009155273,64.2300033569336,63.8499984741211,63.9799995422363,7794700,40.3886795043945
"2010-10-26",63.8499984741211,63.9500007629395,63.6100006103516,63.8400001525879,7122900,40.3003120422363
"2010-10-27",63.5800018310547,63.689998626709,63.2799987792969,63.5699996948242,11916100,40.1298637390137
"2010-10-28",63.939998626709,64.1100006103516,63.5099983215332,63.560001373291,10116000,40.1235504150391
"2010-10-29",63.6399993896484,63.8400001525879,63.3199996948242,63.7400016784668,9309900,40.2371826171875
"2010-11-01",63.8800010681152,64.0899963378906,63.310001373291,63.689998626709,9356000,40.2056159973145
"2010-11-02",63.939998626709,64.1999969482422,63.7200012207031,63.8800010681152,8632100,40.325553894043
"2010-11-03",63.9900016784668,64.1999969482422,63.5499992370605,64.1900024414062,9322100,40.5212554931641
"2010-11-04",64.3199996948242,64.9199981689453,64.2399978637695,64.7600021362305,11337400,40.8810615539551
"2010-11-05",64.75,64.8399963378906,64.0999984741211,64.6500015258789,9276500,40.811637878418
"2010-11-08",64.5599975585938,64.6100006103516,64.0999984741211,64.3300018310547,8484400,40.6096229553223
"2010-11-09",64.4700012207031,64.5,64.0999984741211,64.3099975585938,9218500,40.5970039367676
"2010-11-10",64.2399978637695,64.3399963378906,63.5499992370605,63.9500007629395,10795400,40.3697471618652
"2010-11-11",63.7000007629395,63.9500007629395,63.5800018310547,63.9199981689453,9109500,40.3507919311523
"2010-11-12",63.689998626709,64.0899963378906,63.5099983215332,63.6699981689453,12944800,40.1929817199707
"2010-11-15",64.1100006103516,64.6900024414062,63.9799995422363,64.1399993896484,12729400,40.489688873291
"2010-11-16",63.6500015258789,63.9500007629395,62.6500015258789,63.1399993896484,15651000,39.8584060668945
"2010-11-17",63.1300010681152,63.2900009155273,62.9199981689453,63.060001373291,7416900,39.8079223632812
"2010-11-18",63.4700012207031,64,63.2999992370605,63.8300018310547,9400100,40.2939987182617
"2010-11-19",63.8899993896484,64.2200012207031,63.6500015258789,63.8300018310547,12889800,40.2939987182617
"2010-11-22",63.5,63.8199996948242,63.0900001525879,63.6199989318848,11179200,40.1614265441895
"2010-11-23",62.9900016784668,63.25,62.6500015258789,62.8699989318848,14766500,39.6879653930664
"2010-11-24",63.0299987792969,63.4900016784668,62.9300003051758,63.2900009155273,9591400,39.9530982971191
"2010-11-26",62.5,62.5699996948242,62.1399993896484,62.2999992370605,4638800,39.6665954589844
"2010-11-29",61.810001373291,62.0099983215332,61.3899993896484,61.9099998474121,12019300,39.418285369873
"2010-11-30",61.4799995422363,61.8199996948242,61.25,61.5499992370605,12633500,39.1890525817871
"2010-12-01",62.1800003051758,62.4799995422363,61.8199996948242,62.4199981689453,15364700,39.7429885864258
"2010-12-02",62.3899993896484,62.8800010681152,62.2700004577637,62.5999984741211,10160400,39.8575973510742
"2010-12-03",62.5099983215332,62.7700004577637,62.2299995422363,62.560001373291,9882800,39.8321342468262
"2010-12-06",62.310001373291,62.4799995422363,62.2000007629395,62.2000007629395,8989000,39.6029281616211
"2010-12-07",62.560001373291,62.7400016784668,62.25,62.310001373291,9528800,39.6729469299316
"2010-12-08",62.2200012207031,62.560001373291,62.1399993896484,62.4500007629395,7871900,39.7620887756348
"2010-12-09",62.4300003051758,62.9599990844727,61.75,62.060001373291,12965600,39.5137825012207
"2010-12-10",62.189998626709,62.3300018310547,61.689998626709,61.9099998474121,11457300,39.418285369873
"2010-12-13",61.8300018310547,61.9700012207031,61.560001373291,61.8600006103516,13672100,39.3864440917969
"2010-12-14",62.0299987792969,62.939998626709,61.8899993896484,62.7700004577637,13491200,39.9658393859863
"2010-12-15",62.9300003051758,63.1599998474121,62.439998626709,62.5699996948242,11534100,39.838493347168
"2010-12-16",62.75,62.7900009155273,62.0400009155273,62.4000015258789,11141100,39.7302703857422
"2010-12-17",62.25,62.5400009155273,61.9799995422363,62.5400009155273,15961000,39.8194007873535
"2010-12-20",62.5400009155273,62.6500015258789,62.2299995422363,62.4900016784668,8907000,39.7875556945801
"2010-12-21",62.7900009155273,62.7999992370605,62.2799987792969,62.3400001525879,7908200,39.692066192627
"2010-12-22",62.3300018310547,62.4000015258789,61.9199981689453,62.0200004577637,8850100,39.4883003234863
"2010-12-23",62.0200004577637,62.4599990844727,62.0200004577637,62.25,7229500,39.6347503662109
"2010-12-27",62.189998626709,62.2400016784668,61.8199996948242,61.9300003051758,5163700,39.4310188293457
"2010-12-28",62.060001373291,62.2999992370605,61.9000015258789,62.0499992370605,6354200,39.5074234008789
"2010-12-29",62.1199989318848,62.439998626709,62.1100006103516,62.1300010681152,4968700,39.5583419799805
"2010-12-30",62.0999984741211,62.189998626709,61.9000015258789,61.939998626709,5770100,39.4373893737793
"2010-12-31",61.9000015258789,62.0900001525879,61.75,61.8499984741211,4981400,39.3800735473633
"2011-01-03",62.6300010681152,63.1800003051758,62.5299987792969,62.8199996948242,14894800,39.9976806640625
"2011-01-04",63.1300010681152,63.3499984741211,62.75,63.3499984741211,12346300,40.3351249694824
"2011-01-05",63.4099998474121,63.5400009155273,62.9500007629395,63.310001373291,11837900,40.3096656799316
"2011-01-06",63.4300003051758,63.5299987792969,62.9000015258789,63.2099990844727,7606000,40.2459907531738
"2011-01-07",63.2000007629395,63.25,62.560001373291,62.5999984741211,11084800,39.8575973510742
"2011-01-10",62.2900009155273,62.4000015258789,62,62.1599998474121,9775000,39.577449798584
"2011-01-11",62.2200012207031,62.3499984741211,62,62.2700004577637,7372800,39.6474914550781
"2011-01-12",62.4500007629395,62.8800010681152,62.3199996948242,62.5,8312700,39.7939186096191
"2011-01-13",62.560001373291,62.9799995422363,62.3499984741211,62.9099998474121,9489700,40.0549850463867
"2011-01-14",62.9500007629395,62.9700012207031,62.25,62.5499992370605,11274700,39.8257713317871
"2011-01-18",62.2200012207031,62.5900001525879,62.0099983215332,62.0999984741211,13944900,39.5392570495605
"2011-01-19",62.0499992370605,62.6100006103516,62.0099983215332,62.560001373291,9596700,39.8321342468262
"2011-01-20",62.7299995422363,63.0999984741211,62.5400009155273,62.8600006103516,11518600,40.0231437683105
"2011-01-21",63.25,63.25,62.4599990844727,62.6599998474121,12932200,39.8958015441895
"2011-01-24",62.560001373291,62.7200012207031,62.1599998474121,62.2200012207031,11373000,39.6156578063965
"2011-01-25",60.8899993896484,61.6300010681152,60.7099990844727,61.0800018310547,28056700,38.8898010253906
"2011-01-26",61.1800003051758,61.25,60.5999984741211,60.5999984741211,20262100,38.5841827392578
"2011-01-27",60.6399993896484,61.0400009155273,60.5999984741211,60.6800003051758,11219500,38.635139465332
"2011-01-28",60.9099998474121,61,60,60.0099983215332,15298800,38.2085342407227
"2011-01-31",60.1599998474121,60.2200012207031,59.689998626709,59.7700004577637,19056200,38.0557327270508
"2011-02-01",59.7000007629395,60.7400016784668,59.7000007629395,60.6300010681152,14780500,38.6032981872559
"2011-02-02",60.4599990844727,60.7599983215332,60.2799987792969,60.6199989318848,9994200,38.5969085693359
"2011-02-03",60.6599998474121,60.9700012207031,60.5900001525879,60.7999992370605,10078900,38.7115440368652
"2011-02-04",60.939998626709,60.9900016784668,60.6500015258789,60.8400001525879,9725500,38.7369918823242
"2011-02-07",60.8800010681152,60.9900016784668,60.6500015258789,60.8699989318848,8217000,38.756103515625
"2011-02-08",60.939998626709,60.9900016784668,60.75,60.939998626709,7867600,38.8006706237793
"2011-02-09",60.9300003051758,60.939998626709,60.6399993896484,60.8800010681152,8541500,38.7624740600586
"2011-02-10",60.6399993896484,61.0699996948242,60.4199981689453,60.9300003051758,8627500,38.794303894043
"2011-02-11",60.7400016784668,61.1699981689453,60.5099983215332,60.7000007629395,9630800,38.6478652954102
"2011-02-14",60.689998626709,60.9799995422363,60.6500015258789,60.7000007629395,8130800,38.6478652954102
"2011-02-15",60.5999984741211,60.7000007629395,60.4799995422363,60.6199989318848,8572800,38.5969085693359
"2011-02-16",60.6100006103516,60.7400016784668,60.5,60.5200004577637,9426400,38.533260345459
"2011-02-17",60.3699989318848,60.9300003051758,60.3300018310547,60.7900009155273,7133700,38.705150604248
"2011-02-18",60.8899993896484,61.2200012207031,60.5499992370605,61.1100006103516,12393000,38.9089088439941
"2011-02-22",60.6800003051758,60.9900016784668,60.4500007629395,60.6500015258789,11050500,38.616039276123
"2011-02-23",60.7599983215332,61.0800018310547,60.3699989318848,60.3899993896484,12100300,38.4504928588867
"2011-02-24",60.4700012207031,60.5,60.0299987792969,60.25,11766700,38.3613624572754
"2011-02-25",59.9199981689453,59.9500007629395,59.3600006103516,59.6399993896484,11863700,38.3163719177246
"2011-02-28",59.9300003051758,61.4500007629395,59.7700004577637,61.439998626709,20031000,39.4728012084961
"2011-03-01",61.25,61.5,60.5999984741211,60.7000007629395,14035300,38.9973983764648
"2011-03-02",60.5,60.9300003051758,60.3600006103516,60.810001373291,10264600,39.0680618286133
"2011-03-03",61.1199989318848,61.2000007629395,60.810001373291,61.0499992370605,7802700,39.2222442626953
"2011-03-04",61.2900009155273,61.2900009155273,60.3400001525879,61.060001373291,11432700,39.2286605834961
"2011-03-07",61.0900001525879,61.0999984741211,60.2999992370605,60.4000015258789,9584000,38.8046417236328
"2011-03-08",60.4799995422363,60.9900016784668,60.3400001525879,60.7099990844727,8881800,39.0038070678711
"2011-03-09",60.7400016784668,61.060001373291,60.3199996948242,60.4000015258789,10082600,38.8046417236328
"2011-03-10",60.1399993896484,60.2999992370605,59.4000015258789,59.6100006103516,14852300,38.2971076965332
"2011-03-11",59.2400016784668,59.8699989318848,59.1100006103516,59.689998626709,10426600,38.348503112793
"2011-03-14",59.4900016784668,59.4900016784668,58.9199981689453,59.1300010681152,11775000,37.9887199401855
"2011-03-15",58.7900009155273,58.8400001525879,58.0200004577637,58.4799995422363,16016800,37.5711250305176
"2011-03-16",58.5699996948242,58.5699996948242,57.5,57.6599998474121,16995600,37.0443077087402
"2011-03-17",58.2099990844727,58.3800010681152,57.9000015258789,58.1300010681152,12456000,37.3462600708008
"2011-03-18",58.560001373291,58.689998626709,58.0999984741211,58.5699996948242,14371900,37.6289443969727
"2011-03-21",58.6699981689453,59.1599998474121,58.6699981689453,58.8300018310547,10692700,37.795970916748
"2011-03-22",58.7999992370605,59.1500015258789,58.7000007629395,58.7900009155273,10151800,37.7702980041504
"2011-03-23",58.7200012207031,58.8899993896484,58.5,58.7200012207031,9899800,37.7253074645996
"2011-03-24",58.9799995422363,59.0800018310547,58.7299995422363,59.0299987792969,8655800,37.9244804382324
"2011-03-25",59.0099983215332,59.0900001525879,58.6500015258789,58.9799995422363,8077400,37.8923492431641
"2011-03-28",58.9799995422363,59.2999992370605,58.9799995422363,59.2400016784668,8382500,38.0593795776367
"2011-03-29",58.9799995422363,59.310001373291,58.9300003051758,59.2200012207031,9280300,38.0465545654297
"2011-03-30",59.3400001525879,59.7299995422363,59.2400016784668,59.3800010681152,10736400,38.1493263244629
"2011-03-31",59.2099990844727,59.7000007629395,59.2099990844727,59.25,9680200,38.0658187866211
"2011-04-01",59.6300010681152,59.6399993896484,59.060001373291,59.4900016784668,9908000,38.2200012207031
"2011-04-04",59.5,60.1800003051758,59.4599990844727,60.1500015258789,9415100,38.6440124511719
"2011-04-05",59.75,59.9599990844727,59.4799995422363,59.7999992370605,10557700,38.4191780090332
"2011-04-06",59.7000007629395,59.9000015258789,59.5999984741211,59.6599998474121,10011200,38.3292121887207
"2011-04-07",59.7200012207031,59.7599983215332,59.25,59.4799995422363,9232900,38.2135963439941
"2011-04-08",59.7299995422363,59.7799987792969,59.310001373291,59.4599990844727,7853200,38.2007293701172
"2011-04-11",59.5400009155273,60.1699981689453,59.5,59.8600006103516,9845800,38.4577255249023
"2011-04-12",59.6599998474121,60.0800018310547,59.6599998474121,59.939998626709,9208000,38.509105682373
"2011-04-13",59.6599998474121,59.9500007629395,59.5099983215332,59.5999984741211,10509000,38.2906723022461
"2011-04-14",59.5499992370605,60.1199989318848,59.4900016784668,60.0200004577637,10436200,38.5605010986328
"2011-04-15",60.2400016784668,60.9500007629395,59.9799995422363,60.560001373291,18608500,38.9074401855469
"2011-04-18",60.4500007629395,61.189998626709,60.0999984741211,60.4599990844727,20034800,38.8431968688965
"2011-04-19",62,62.8699989318848,61.7999992370605,62.689998626709,26083100,40.2758750915527
"2011-04-20",63.2099990844727,64.5400009155273,63.1800003051758,64.3899993896484,26732100,41.3680763244629
"2011-04-21",63.810001373291,64.3000030517578,63.7700004577637,64.0699996948242,11688100,41.1624794006348
"2011-04-25",63.6500015258789,64.1999969482422,63.5099983215332,64.1100006103516,7226900,41.188175201416
"2011-04-26",64.0699996948242,65.3000030517578,64.0699996948242,64.9499969482422,14500000,41.7278518676758
"2011-04-27",63.4500007629395,65.5999984741211,63.4000015258789,65.5699996948242,23777500,42.1261825561523
"2011-04-28",65.3899993896484,65.7399978637695,64.9300003051758,65.379997253418,13091400,42.004093170166
"2011-04-29",65.5899963378906,65.9700012207031,65.4000015258789,65.7200012207031,12100000,42.2225379943848
"2011-05-02",65.9199981689453,66.3099975585938,65.8099975585938,66.2099990844727,15456200,42.5373458862305
"2011-05-03",66.1100006103516,66.4599990844727,66.0100021362305,66.2600021362305,13105500,42.5694732666016
"2011-05-04",66,66.3199996948242,65.370002746582,65.6699981689453,13408900,42.1904067993164
"2011-05-05",65.4499969482422,65.6100006103516,64.8000030517578,65.0100021362305,14925200,41.7663917541504
"2011-05-06",65.25,65.5,65.120002746582,65.2699966430664,11904600,41.9334144592285
"2011-05-09",65.1100006103516,65.7600021362305,65.0699996948242,65.629997253418,9003100,42.1647186279297
"2011-05-10",65.6100006103516,65.8000030517578,65.2799987792969,65.7600021362305,9693100,42.2482414245605
"2011-05-11",66.3199996948242,66.7399978637695,65.8099975585938,66.5699996948242,19986100,42.7686500549316
"2011-05-12",66.0400009155273,67.370002746582,65.8199996948242,67.1900024414062,15622200,43.1669654846191
"2011-05-13",67.0899963378906,67.25,65.9499969482422,66.620002746582,11700900,42.8007621765137
"2011-05-16",66.4100036621094,66.7900009155273,66.1900024414062,66.370002746582,11513200,42.6401557922363
"2011-05-17",66.2300033569336,66.4800033569336,65.8600006103516,66.4000015258789,10784100,42.6594047546387
"2011-05-18",66.1699981689453,66.5100021362305,65.9400024414062,66.5,9028400,42.7236557006836
"2011-05-19",66.5299987792969,66.5299987792969,65.8499984741211,66.3899993896484,9685100,42.6529808044434
"2011-05-20",66.25,66.3300018310547,65.2799987792969,65.6900024414062,12367000,42.2032661437988
"2011-05-23",65.1900024414062,65.6900024414062,65.0800018310547,65.5599975585938,12020200,42.1197509765625
"2011-05-24",65.7399978637695,66.2300033569336,65.5,65.7799987792969,11017700,42.2610931396484
"2011-05-25",66.2900009155273,66.5899963378906,66.0699996948242,66.2900009155273,14767100,42.5887451171875
"2011-05-26",65.5899963378906,65.7799987792969,65.2799987792969,65.5100021362305,12044100,42.4526634216309
"2011-05-27",65.7900009155273,66.9700012207031,65.5999984741211,66.7699966430664,16385700,43.2691764831543
"2011-05-31",67.3099975585938,67.3399963378906,66.9899978637695,67.2900009155273,16473800,43.6061592102051
"2011-06-01",67.0199966430664,67.2900009155273,66.4599990844727,66.4800033569336,11003400,43.0812492370605
"2011-06-02",66.4400024414062,66.7600021362305,66.2799987792969,66.4800033569336,9582900,43.0812492370605
"2011-06-03",65.8399963378906,66.3600006103516,65.8000030517578,66.0899963378906,10364900,42.8285026550293
"2011-06-06",65.870002746582,66.2200012207031,65.8399963378906,66.0500030517578,8397400,42.8026008605957
"2011-06-07",66,66.2799987792969,65.5,65.5,10426800,42.4461631774902
"2011-06-08",65.4899978637695,66.2300033569336,65.1800003051758,66.1399993896484,10020300,42.8609085083008
"2011-06-09",66.3300018310547,67.2799987792969,66.1699981689453,66.7799987792969,14054500,43.2756652832031
"2011-06-10",66.4899978637695,66.6800003051758,66.0899963378906,66.0899963378906,9312900,42.8285026550293
"2011-06-13",66.3199996948242,66.9599990844727,66.2600021362305,66.5899963378906,8146200,43.1525344848633
"2011-06-14",66.9499969482422,67.3600006103516,66.75,67.0999984741211,11389100,43.4830284118652
"2011-06-15",67,67,65.7099990844727,66.1600036621094,12623500,42.8738784790039
"2011-06-16",65.6999969482422,66.3499984741211,65.4700012207031,66.3199996948242,11683900,42.9775733947754
"2011-06-17",66.629997253418,66.9499969482422,66.1900024414062,66.2900009155273,14336400,42.9581184387207
"2011-06-20",66.0800018310547,66.7399978637695,66.0699996948242,66.5100021362305,9309200,43.1006889343262
"2011-06-21",66.5199966430664,66.75,66.1600036621094,66.4899978637695,9811500,43.087718963623
"2011-06-22",66.4700012207031,66.620002746582,66.0500030517578,66.0699996948242,7988100,42.8155517578125
"2011-06-23",65.5400009155273,65.7399978637695,64.6900024414062,65.6699981689453,16234800,42.556324005127
"2011-06-24",65.5699996948242,65.6100006103516,64.8300018310547,65.0599975585938,13186200,42.1610488891602
"2011-06-27",65.2900009155273,65.6100006103516,65,65.25,7199500,42.2841606140137
"2011-06-28",65.5899963378906,66.120002746582,65.379997253418,65.9100036621094,7724600,42.7118682861328
"2011-06-29",66.2300033569336,66.5899963378906,65.9300003051758,66.3099975585938,9227000,42.9710807800293
"2011-06-30",66.4199981689453,66.9100036621094,66.25,66.5199966430664,9747200,43.1071548461914
"2011-07-01",66.4800033569336,67.3600006103516,66.2699966430664,67.3000030517578,9216500,43.6126365661621
"2011-07-05",67.2900009155273,67.6699981689453,67.25,67.620002746582,9773600,43.8199996948242
"2011-07-06",67.629997253418,67.75,67.370002746582,67.5500030517578,7100400,43.7746429443359
"2011-07-07",67.8199996948242,68.0500030517578,67.4000015258789,67.9199981689453,8415200,44.0144233703613
"2011-07-08",67.8099975585938,67.9899978637695,67.1900024414062,67.5699996948242,7866100,43.7876052856445
"2011-07-11",66.879997253418,67.4100036621094,66.8300018310547,67.2699966430664,8918900,43.5932006835938
"2011-07-12",66.9000015258789,67.6800003051758,66.8300018310547,67.0299987792969,10528700,43.4376678466797
"2011-07-13",67.3899993896484,67.9800033569336,67.2099990844727,67.629997253418,9031700,43.8264846801758
"2011-07-14",67.5999984741211,67.9300003051758,67.4700012207031,67.6600036621094,9636500,43.8459167480469
"2011-07-15",67.7300033569336,67.9499969482422,66.9899978637695,67.4499969482422,10245100,43.7098426818848
"2011-07-18",67.1699981689453,67.3499984741211,66.5500030517578,67.0899963378906,10361000,43.4765434265137
"2011-07-19",67.0999984741211,67.2200012207031,66.1500015258789,66.7200012207031,13677400,43.2367782592773
"2011-07-20",66.5699996948242,66.9000015258789,66.0599975585938,66.2399978637695,8912600,42.9257125854492
"2011-07-21",66.4499969482422,66.7900009155273,66.129997253418,66.4700012207031,11394100,43.0747756958008
"2011-07-22",66.6900024414062,66.7900009155273,66.4899978637695,66.7200012207031,7721000,43.2367782592773
"2011-07-25",66.2099990844727,66.4300003051758,66.0100021362305,66.25,10247700,42.9322090148926
"2011-07-26",66.1699981689453,66.3199996948242,65.870002746582,65.9199981689453,10008300,42.7183494567871
"2011-07-27",65.7600021362305,65.870002746582,65.1399993896484,65.2300033569336,12810400,42.2711982727051
"2011-07-28",65.2300033569336,65.620002746582,64.7799987792969,65.0800018310547,9920400,42.1739921569824
"2011-07-29",64.7399978637695,64.9300003051758,64.129997253418,64.7900009155273,16829000,41.9860725402832
"2011-08-01",65.2799987792969,65.3300018310547,63.6599998474121,64.4100036621094,15842200,41.7398109436035
"2011-08-02",64.1100006103516,64.3499984741211,63.4300003051758,63.4300003051758,17118300,41.1047439575195
"2011-08-03",63.3699989318848,63.5299987792969,61.8600006103516,63.4099998474121,17660300,41.0917892456055
"2011-08-04",62.6100006103516,63.1599998474121,61.810001373291,61.8400001525879,23485600,40.0743751525879
"2011-08-05",62.1199989318848,63.4300003051758,61.0499992370605,62.7099990844727,24037800,40.6381607055664
"2011-08-08",61.7999992370605,62.5800018310547,61.0499992370605,61.1199989318848,32423200,39.607780456543
"2011-08-09",61.7099990844727,62.3699989318848,59.0800018310547,62.2000007629395,36288000,40.307674407959
"2011-08-10",61.6199989318848,61.9599990844727,60.0099983215332,60.2000007629395,32688900,39.0115928649902
"2011-08-11",60.1800003051758,64.1900024414062,60.1300010681152,63.439998626709,33514400,41.1112289428711
"2011-08-12",63.6100006103516,63.9900016784668,62.9000015258789,63.3600006103516,42324600,41.0593757629395
"2011-08-15",63.8499984741211,64.620002746582,63.6100006103516,64.5899963378906,39362000,41.8564605712891
"2011-08-16",63.7700004577637,64.7099990844727,63.689998626709,64.3600006103516,13142100,41.7074241638184
"2011-08-17",64.5599975585938,64.8499984741211,63.7999992370605,64.2600021362305,11847600,41.6426200866699
"2011-08-18",63.189998626709,63.5800018310547,62.0200004577637,63.1599998474121,23376400,40.9297866821289
"2011-08-19",62.9099998474121,63.7799987792969,62.7400016784668,63.1399993896484,19394800,40.9168319702148
"2011-08-22",63.9900016784668,64.0999984741211,63.0099983215332,63.2900009155273,13689300,41.0140113830566
"2011-08-23",63.5200004577637,64.9899978637695,63.4199981689453,64.9700012207031,14879000,42.1027030944824
"2011-08-24",65.379997253418,65.6999969482422,64.8399963378906,65.5299987792969,14523000,42.4656105041504
"2011-08-25",65.4899978637695,65.4899978637695,64.1999969482422,64.5500030517578,13134400,41.8305358886719
"2011-08-26",63.5499992370605,64.5699996948242,62.5,64.2799987792969,14150600,42.0266914367676
"2011-08-29",64.6399993896484,65.9199981689453,64.5599975585938,65.8600006103516,12867900,43.0596961975098
"2011-08-30",65.8199996948242,66.0400009155273,65.1900024414062,65.7699966430664,11183000,43.0008583068848
"2011-08-31",66.0299987792969,66.2300033569336,65.3399963378906,65.8000030517578,14555300,43.0204734802246
"2011-09-01",65.6600036621094,66.1399993896484,65.1100006103516,65.3300018310547,11141100,42.7131881713867
"2011-09-02",64.8300018310547,65,63.9099998474121,64.0699996948242,13713600,41.8893737792969
"2011-09-06",63.1699981689453,64.75,62.5,64.6399993896484,15848300,42.2620429992676
"2011-09-07",65.0400009155273,65.4499969482422,64.6900024414062,65.4300003051758,10759700,42.7785606384277
"2011-09-08",64.9599990844727,65.9300003051758,64.8399963378906,64.9499969482422,15551500,42.464729309082
"2011-09-09",64.3899993896484,64.4100036621094,63.2900009155273,63.6399993896484,17008200,41.6082458496094
"2011-09-12",63.0999984741211,63.6100006103516,62.2999992370605,63.5900001525879,13448200,41.5755653381348
"2011-09-13",63.9900016784668,64.0500030517578,63.1800003051758,63.6100006103516,11595300,41.5886421203613
"2011-09-14",63.9500007629395,64.4700012207031,62.9799995422363,63.7299995422363,13429500,41.6670875549316
"2011-09-15",64.2799987792969,64.629997253418,63.9199981689453,64.4000015258789,10625800,42.1051406860352
"2011-09-16",64.5199966430664,64.7399978637695,63.9599990844727,64.5899963378906,15688800,42.2293663024902
"2011-09-19",64.0500030517578,64.3899993896484,63.6300010681152,64.1399993896484,8571800,41.9351425170898
"2011-09-20",64.4199981689453,64.8499984741211,63.7900009155273,64.2200012207031,10874800,41.9874649047852
"2011-09-21",64.1900024414062,64.5999984741211,63.0999984741211,63.1300010681152,10041300,41.2748069763184
"2011-09-22",62.1599998474121,62.5999984741211,61.1399993896484,61.9199981689453,19456900,40.483715057373
"2011-09-23",61.2999992370605,61.9000015258789,61,61.5900001525879,10983700,40.267951965332
"2011-09-26",62.0499992370605,62.8499984741211,62.0099983215332,62.689998626709,10561700,40.987133026123
"2011-09-27",63.3699989318848,64.3499984741211,62.7099990844727,63.8199996948242,13118200,41.7259407043457
"2011-09-28",63.9000015258789,64.4499969482422,63.1399993896484,63.25,8964200,41.3532600402832
"2011-09-29",63.9199981689453,64.2399978637695,63.0200004577637,63.9000015258789,8923300,41.7782402038574
"2011-09-30",63.2200012207031,64.7399978637695,63.1500015258789,63.689998626709,14556100,41.6409301757812
"2011-10-03",63.6500015258789,64.2099990844727,62.0499992370605,62.0800018310547,16891100,40.588321685791
"2011-10-04",61.5499992370605,62.3300018310547,60.8300018310547,62.1699981689453,18192000,40.6471557617188
"2011-10-05",62.2099990844727,62.5099983215332,61.5999984741211,62.3499984741211,15405200,40.7648315429688
"2011-10-06",62.5200004577637,62.8300018310547,62.0999984741211,62.810001373291,9595400,41.0655937194824
"2011-10-07",63.0099983215332,63.7200012207031,63,63.1300010681152,12361600,41.2748069763184
"2011-10-10",63.8899993896484,64.4300003051758,63.6399993896484,64.4300003051758,7104000,42.1247596740723
"2011-10-11",64.2600021362305,64.3600006103516,63.8499984741211,63.9599990844727,7628700,41.8174705505371
"2011-10-12",64.129997253418,64.6900024414062,63.8699989318848,64.3300018310547,9375100,42.0593795776367
"2011-10-13",64.4499969482422,64.4499969482422,63.5699996948242,64.2300033569336,7781100,41.9939956665039
"2011-10-14",64.6900024414062,64.7399978637695,64.1699981689453,64.7200012207031,6678800,42.3143653869629
"2011-10-17",64.4000015258789,64.8399963378906,63.6199989318848,63.7900009155273,10797900,41.7063293457031
"2011-10-18",63.7599983215332,64.7399978637695,63.4000015258789,64.4199981689453,11705300,42.118221282959
"2011-10-19",64.5100021362305,64.5100021362305,62.1599998474121,62.6399993896484,19964600,40.9544525146484
"2011-10-20",62.9599990844727,63.1300010681152,62.310001373291,62.5299987792969,11562600,40.8825149536133
"2011-10-21",63.1100006103516,63.8400001525879,62.8899993896484,63.7799987792969,13175400,41.6997833251953
"2011-10-24",63.9000015258789,64.7900009155273,63.5999984741211,64.7300033569336,12552700,42.3209075927734
"2011-10-25",64.5599975585938,64.8300018310547,63.560001373291,63.689998626709,10324800,41.6409301757812
"2011-10-26",64.1900024414062,64.5999984741211,63.7900009155273,64.4899978637695,9932100,42.1639823913574
"2011-10-27",64.9899978637695,65.6900024414062,64.7099990844727,65.5,16450700,42.8243217468262
"2011-10-28",65.6399993896484,65.8499984741211,65.0299987792969,65.5999984741211,10390800,42.8897094726562
"2011-10-31",65.1699981689453,65.8600006103516,64.379997253418,64.3899993896484,13720400,42.0986022949219
"2011-11-01",63.6800003051758,64.0999984741211,63.1800003051758,63.3800010681152,14749900,41.4382514953613
"2011-11-02",64.3899993896484,64.3899993896484,63.4099998474121,63.6399993896484,10136200,41.6082458496094
"2011-11-03",64.0699996948242,64.5199966430664,63.6699981689453,64.3399963378906,10466000,42.0659065246582
"2011-11-04",64,64.5400009155273,63.4099998474121,64.120002746582,9725200,41.9220695495605
"2011-11-07",63.9599990844727,64.3399963378906,63.25,64,8783900,41.843620300293
"2011-11-08",64.0899963378906,64.9899978637695,63.9500007629395,64.8600006103516,7989500,42.4058952331543
"2011-11-09",64.0699996948242,64.129997253418,63.0999984741211,63.5299987792969,11072500,41.5363273620605
"2011-11-10",64.129997253418,64.4199981689453,63.6599998474121,64.120002746582,7597500,41.9220695495605
"2011-11-11",64.620002746582,65.4899978637695,64.620002746582,65.25,9086800,42.6608772277832
"2011-11-14",64.9700012207031,65.3300018310547,64.6500015258789,64.9100036621094,8276100,42.4385948181152
"2011-11-15",64.9700012207031,65.2900009155273,64.5100021362305,64.9899978637695,10726300,42.490894317627
"2011-11-16",64.5299987792969,65.1600036621094,64.3000030517578,64.4000015258789,8398100,42.1051406860352
"2011-11-17",64.1699981689453,64.5100021362305,63.2999992370605,63.939998626709,13924700,41.804386138916
"2011-11-18",64.1900024414062,64.1999969482422,63.560001373291,63.8499984741211,12659600,41.745548248291
"2011-11-21",63.2700004577637,63.3400001525879,62.8800010681152,62.939998626709,32806700,41.1505737304688
"2011-11-22",62.9500007629395,63.2000007629395,62.7000007629395,62.9000015258789,8680000,41.1244430541992
"2011-11-23",62.5900001525879,62.6500015258789,61.9900016784668,61.9900016784668,10362800,40.5294609069824
"2011-11-25",61.310001373291,61.6399993896484,61.0499992370605,61.2700004577637,5838800,40.4304847717285
"2011-11-28",61.8800010681152,62.7099990844727,61.7799987792969,62.3699989318848,11678000,41.1563491821289
"2011-11-29",62.8199996948242,63.1300010681152,62.4599990844727,62.7799987792969,8923600,41.4268913269043
"2011-11-30",63.9199981689453,64.7399978637695,63.7999992370605,64.7200012207031,15032600,42.7070579528809
"2011-12-01",64.6800003051758,64.9499969482422,64.3499984741211,64.4499969482422,9852700,42.5288772583008
"2011-12-02",64.870002746582,64.8899993896484,63.2999992370605,63.4700012207031,15792800,41.8822174072266
"2011-12-05",64.0999984741211,64.25,62.8499984741211,63.3600006103516,15294500,41.8096160888672
"2011-12-06",63.6100006103516,63.9300003051758,63.2599983215332,63.4900016784668,10417800,41.8954048156738
"2011-12-07",63.5699996948242,64.8099975585938,63.3699989318848,64.4499969482422,11504700,42.5288772583008
"2011-12-08",64.1399993896484,64.4499969482422,63.560001373291,63.7799987792969,9566800,42.0867767333984
"2011-12-09",64.3199996948242,64.6800003051758,63.9799995422363,64.5299987792969,8835700,42.5816650390625
"2011-12-12",63.8699989318848,64.1999969482422,63.3499984741211,63.5099983215332,10808700,41.9085998535156
"2011-12-13",64.0800018310547,64.0800018310547,63.1399993896484,63.3600006103516,14215500,41.8096160888672
"2011-12-14",63.3800010681152,63.7799987792969,62.9300003051758,63.1800003051758,9802400,41.6908416748047
"2011-12-15",63.6500015258789,64.0999984741211,63.5699996948242,64,9656700,42.2319488525391
"2011-12-16",64.3600006103516,64.370002746582,63.5499992370605,64.3000030517578,19214300,42.4299087524414
"2011-12-19",64.1800003051758,64.2799987792969,63.3600006103516,63.5299987792969,9024700,41.921802520752
"2011-12-20",64.0199966430664,64.7300033569336,64.0100021362305,64.5199966430664,12247700,42.575065612793
"2011-12-21",64.8099975585938,65,64.5800018310547,64.9599990844727,8517800,42.8654136657715
"2011-12-22",65.0599975585938,65.2600021362305,64.620002746582,65.1800003051758,7428000,43.0105895996094
"2011-12-23",65.2300033569336,66,65.1800003051758,65.9800033569336,6503300,43.5384902954102
"2011-12-27",65.9899978637695,66.3199996948242,65.9000015258789,66.0199966430664,4995100,43.5648880004883
"2011-12-28",65.9700012207031,66.0299987792969,65.3000030517578,65.4499969482422,5943900,43.1887588500977
"2011-12-29",65.3099975585938,66.0299987792969,65.25,65.879997253418,5702400,43.4725036621094
"2011-12-30",65.5899963378906,65.9300003051758,65.5299987792969,65.5800018310547,4959700,43.274543762207
"2012-01-03",65.5899963378906,66,65.25,65.879997253418,16116200,43.4725036621094
"2012-01-04",65.75,65.879997253418,65.1100006103516,65.4800033569336,9243100,43.2085723876953
"2012-01-05",65.3199996948242,65.5999984741211,64.8300018310547,65.4000015258789,11886900,43.1557655334473
"2012-01-06",65.4400024414062,65.4599990844727,64.6100006103516,64.8300018310547,15359900,42.779655456543
"2012-01-09",64.9599990844727,65.0899963378906,64.4100036621094,64.9300003051758,7934600,42.845630645752
"2012-01-10",65.1100006103516,65.4000015258789,65,65.1999969482422,8476600,43.023796081543
"2012-01-11",65.1100006103516,65.5400009155273,64.8399963378906,65.129997253418,6784600,42.9776000976562
"2012-01-12",65.2799987792969,65.4100036621094,64.9300003051758,65.2300033569336,7402900,43.0435752868652
"2012-01-13",64.9700012207031,65.2799987792969,64.3600006103516,65.2600021362305,8978800,43.0633811950684
"2012-01-17",65.5400009155273,65.6900024414062,64.5,65.120002746582,8359900,42.971004486084
"2012-01-18",65.2600021362305,65.370002746582,65,65.2799987792969,8095600,43.0765838623047
"2012-01-19",65.1600036621094,65.25,64.7900009155273,65.1900024414062,11699800,43.0172004699707
"2012-01-20",65.2799987792969,65.5500030517578,64.5400009155273,65.2699966430664,14715500,43.0699768066406
"2012-01-23",65.2300033569336,65.3300018310547,64.879997253418,65,10125000,42.8918075561523
"2012-01-24",64.3399963378906,65.4499969482422,64.3399963378906,65,12367900,42.8918075561523
"2012-01-25",64.8300018310547,65.3000030517578,64.7600021362305,65.2200012207031,10531400,43.036979675293
"2012-01-26",65.5299987792969,65.879997253418,65.2200012207031,65.6999969482422,12546100,43.3537292480469
"2012-01-27",65.620002746582,65.870002746582,65.4599990844727,65.5599975585938,10466300,43.2613525390625
"2012-01-30",65.3300018310547,65.7099990844727,65.129997253418,65.7099990844727,7482100,43.3603172302246
"2012-01-31",65.8600006103516,65.9499969482422,65.5599975585938,65.9100036621094,13562900,43.4922981262207
"2012-02-01",65.9700012207031,66.3199996948242,65.6500015258789,65.6900024414062,12275900,43.3471183776855
"2012-02-02",65.9400024414062,65.9700012207031,65.3499984741211,65.5899963378906,8282400,43.2811393737793
"2012-02-03",65.9000015258789,66.0199966430664,65.5299987792969,65.6399993896484,9036200,43.314136505127
"2012-02-06",65.4599990844727,65.5800018310547,65.0500030517578,65.1900024414062,9535700,43.0172004699707
"2012-02-07",65.1600036621094,65.3899993896484,65.0199966430664,65.2600021362305,9248100,43.0633811950684
"2012-02-08",65.1999969482422,65.3499984741211,65.0899963378906,65.2399978637695,6889400,43.0501861572266
"2012-02-09",65.1600036621094,65.3499984741211,64.8199996948242,64.8899993896484,10936200,42.8192291259766
"2012-02-10",64.7099990844727,64.7699966430664,64.25,64.5999984741211,13954200,42.6278533935547
"2012-02-13",64.9000015258789,64.9499969482422,64.5999984741211,64.6800003051758,9662500,42.6806488037109
"2012-02-14",64.75,64.8600006103516,64.3300018310547,64.6100006103516,8978500,42.6344604492188
"2012-02-15",64.5100021362305,64.9499969482422,64.4700012207031,64.6500015258789,9023400,42.6608657836914
"2012-02-16",64.5999984741211,65.1600036621094,64.4400024414062,64.9199981689453,8194500,42.8390235900879
"2012-02-17",65.2200012207031,65.2799987792969,64.8099975585938,64.9899978637695,9057500,42.8852157592773
"2012-02-21",65.2300033569336,65.2399978637695,64.75,65.0400009155273,8081700,42.9182052612305
"2012-02-22",65.0800018310547,65.3399963378906,64.870002746582,65,8150600,42.8918075561523
"2012-02-23",65.1900024414062,66.0500030517578,64.9000015258789,65.0999984741211,8991500,42.9577903747559
"2012-02-24",64.7900009155273,64.7900009155273,64.1900024414062,64.4599990844727,10478200,42.911205291748
"2012-02-27",64.2600021362305,64.6399993896484,64.0199966430664,64.4499969482422,8523000,42.9045257568359
"2012-02-28",64.5999984741211,65.4199981689453,64.5,65.1800003051758,11581400,43.3905143737793
"2012-02-29",65.2200012207031,65.2600021362305,64.7099990844727,65.0800018310547,11489100,43.3239479064941
"2012-03-01",65.1100006103516,65.2600021362305,64.6399993896484,64.8300018310547,8813800,43.1575088500977
"2012-03-02",64.7399978637695,64.870002746582,64.5699996948242,64.7699966430664,6063900,43.1175842285156
"2012-03-05",64.6900024414062,64.9599990844727,64.5400009155273,64.9100036621094,7601000,43.2107696533203
"2012-03-06",64.4599990844727,64.7300033569336,64.1900024414062,64.3499984741211,9511100,42.8379821777344
"2012-03-07",64.2699966430664,64.4599990844727,64.120002746582,64.3000030517578,8591800,42.8046989440918
"2012-03-08",64.9499969482422,65.0800018310547,64.7399978637695,64.8499984741211,11311100,43.1708183288574
"2012-03-09",64.8300018310547,65,64.5899963378906,64.7399978637695,8410600,43.0976104736328
"2012-03-12",64.5500030517578,65.1500015258789,64.5400009155273,65.0999984741211,7284700,43.3372421264648
"2012-03-13",65.4199981689453,65.4400024414062,65.0299987792969,65.3300018310547,9884100,43.4903717041016
"2012-03-14",65.2099990844727,65.379997253418,65.0199966430664,65.0800018310547,9612200,43.3239479064941
"2012-03-15",64.9300003051758,65.379997253418,64.8499984741211,65.0699996948242,11372900,43.3172836303711
"2012-03-16",65.1999969482422,65.4599990844727,64.8099975585938,65.120002746582,17707000,43.3505744934082
"2012-03-19",64.9499969482422,65.2699966430664,64.9000015258789,65.2099990844727,7321800,43.4104766845703
"2012-03-20",65,65.129997253418,64.7600021362305,64.9599990844727,7760400,43.2440567016602
"2012-03-21",64.9599990844727,65.0699996948242,64.6399993896484,64.7600021362305,7839600,43.1109237670898
"2012-03-22",64.6800003051758,64.6900024414062,64.4000015258789,64.4599990844727,10621300,42.911205291748
"2012-03-23",64.4899978637695,64.7099990844727,64.370002746582,64.5500030517578,8062500,42.971118927002
"2012-03-26",64.8899993896484,65.2600021362305,64.8300018310547,65.1699981689453,8503800,43.3838577270508
"2012-03-27",65.3300018310547,65.5,65.2200012207031,65.4000015258789,10723800,43.5369567871094
"2012-03-28",65.4000015258789,65.620002746582,65.1800003051758,65.620002746582,10305500,43.683422088623
"2012-03-29",65.2799987792969,65.5400009155273,65.1999969482422,65.5400009155273,9553300,43.6301536560059
"2012-03-30",65.629997253418,66.1800003051758,65.5800018310547,65.9599990844727,11307700,43.9097518920898
"2012-04-02",66.0400009155273,66.3000030517578,65.8199996948242,66.2099990844727,8785900,44.0761871337891
"2012-04-03",66.120002746582,66.1500015258789,65.5,65.879997253418,9128400,43.856502532959
"2012-04-04",65.6100006103516,65.6999969482422,65.3600006103516,65.3899993896484,9432300,43.5302886962891
"2012-04-05",65.2600021362305,65.379997253418,65.0899963378906,65.3399963378906,7922700,43.4970207214355
"2012-04-09",64.9499969482422,65.2300033569336,64.879997253418,64.9199981689453,6363400,43.2174224853516
"2012-04-10",64.8099975585938,64.8600006103516,64.1600036621094,64.1999969482422,12793200,42.7381248474121
"2012-04-11",64.6900024414062,64.6900024414062,63.9599990844727,64.129997253418,10434100,42.6915168762207
"2012-04-12",64.0500030517578,64.1500015258789,63.6800003051758,64.1500015258789,13122300,42.7048301696777
"2012-04-13",63.939998626709,64,63.5200004577637,63.5400009155273,11226600,42.2987442016602
"2012-04-16",63.7200012207031,64.1600036621094,63.6699981689453,63.9799995422363,10502400,42.5916595458984
"2012-04-17",64.2300033569336,64.2799987792969,63.2700004577637,64.2200012207031,18322900,42.7514381408691
"2012-04-18",63.9000015258789,63.9199981689453,63.1199989318848,63.2599983215332,20567700,42.1123542785645
"2012-04-19",63.2200012207031,63.5400009155273,62.7599983215332,63.0299987792969,15189000,41.9592475891113
"2012-04-20",63.2200012207031,63.9700012207031,63.2000007629395,63.7099990844727,14320700,42.4119110107422
"2012-04-23",63.5,63.689998626709,63.2999992370605,63.3699989318848,10120900,42.1855850219727
"2012-04-24",63.5499992370605,63.7900009155273,63.3600006103516,63.7700004577637,9022400,42.4518623352051
"2012-04-25",63.9599990844727,64.5800018310547,63.8400001525879,64.4300003051758,11162800,42.8912391662598
"2012-04-26",64.4100036621094,64.9700012207031,64.2600021362305,64.75,9139200,43.1042518615723
"2012-04-27",64.9499969482422,65.129997253418,64.6800003051758,64.8399963378906,10746700,43.1641616821289
"2012-04-30",64.8499984741211,65.3899993896484,64.8399963378906,65.0999984741211,11362300,43.3372421264648
"2012-05-01",64.9100036621094,65.3600006103516,64.8000030517578,65.2200012207031,10107900,43.4171524047852
"2012-05-02",65.1699981689453,65.3300018310547,64.8399963378906,65.3300018310547,8349700,43.4903717041016
"2012-05-03",65.4000015258789,65.4899978637695,65.0999984741211,65.3399963378906,10431800,43.4970207214355
"2012-05-04",65.1900024414062,65.2900009155273,64.7399978637695,64.7399978637695,10301300,43.0976104736328
"2012-05-07",64.5800018310547,65.0199966430664,64.5100021362305,64.8000030517578,8387800,43.1375503540039
"2012-05-08",64.6800003051758,64.9800033569336,64.5500030517578,64.9800033569336,12491900,43.2573661804199
"2012-05-09",64.5899963378906,64.879997253418,64.25,64.2799987792969,10649400,42.7913818359375
"2012-05-10",64.8099975585938,64.8600006103516,64.3899993896484,64.5699996948242,7702000,42.9844398498535
"2012-05-11",64.4300003051758,64.9899978637695,64.2300033569336,64.3399963378906,37824600,42.8313140869141
"2012-05-14",64.0299987792969,64.0999984741211,63.560001373291,63.9300003051758,39687800,42.5583763122559
"2012-05-15",63.7000007629395,64.1399993896484,63.4099998474121,63.6100006103516,8500000,42.3453521728516
"2012-05-16",63.7900009155273,63.9300003051758,63.4500007629395,63.7099990844727,10018400,42.4119110107422
"2012-05-17",63.7099990844727,64,63.4799995422363,63.5499992370605,7993500,42.3054237365723
"2012-05-18",63.8699989318848,63.9099998474121,63.0900001525879,63.3499984741211,13781300,42.1722755432129
"2012-05-21",63.2599983215332,63.8300018310547,63.25,63.4700012207031,8784900,42.2521591186523
"2012-05-22",63.4000015258789,63.7999992370605,63.3300018310547,63.5200004577637,8409300,42.2854385375977
"2012-05-23",63.4000015258789,63.75,62.8800010681152,63.2700004577637,11269100,42.1190071105957
"2012-05-24",62.8899993896484,63.3400001525879,62.7999992370605,63.0999984741211,9309400,42.4147720336914
"2012-05-25",62.8800010681152,62.9799995422363,62.2900009155273,62.5099983215332,11208500,42.0181922912598
"2012-05-29",62.8400001525879,62.9300003051758,62.2999992370605,62.5900001525879,10089700,42.0719680786133
"2012-05-30",62.3400001525879,62.4000015258789,62,62.2099990844727,9414700,41.8165321350098
"2012-05-31",62.3600006103516,62.8800010681152,62.1399993896484,62.4300003051758,13297100,41.9644203186035
"2012-06-01",62.0400009155273,62.310001373291,61.7099990844727,61.7799987792969,12061100,41.5274963378906
"2012-06-04",62.0400009155273,62.4500007629395,61.8899993896484,62.3400001525879,9200000,41.903923034668
"2012-06-05",62.1599998474121,62.3800010681152,62,62.2099990844727,9523400,41.8165321350098
"2012-06-06",62.0900001525879,62.7999992370605,61.8899993896484,62.7999992370605,11562500,42.2131271362305
"2012-06-07",63.1800003051758,63.2000007629395,62.5099983215332,62.7999992370605,12959300,42.2131271362305
"2012-06-08",62.5400009155273,63.0400009155273,62.3300018310547,62.9799995422363,11249500,42.3341178894043
"2012-06-11",62.9700012207031,63.0299987792969,62.1100006103516,62.1199989318848,12226400,41.7560501098633
"2012-06-12",62.1599998474121,63.2700004577637,61.8300018310547,63.0800018310547,26655400,42.4013328552246
"2012-06-13",64.2399978637695,64.6999969482422,63.1800003051758,64.4499969482422,98440200,43.3222160339355
"2012-06-14",64.3499984741211,65.75,64.2900009155273,65.4499969482422,34314900,43.9944038391113
"2012-06-15",65.9000015258789,66.0999984741211,65.5100021362305,66.0100021362305,25992800,44.3708343505859
"2012-06-18",65.8199996948242,66.3899993896484,65.8199996948242,66.3000030517578,25750000,44.5657615661621
"2012-06-19",66.4000015258789,66.9599990844727,66.3600006103516,66.7200012207031,23615400,44.8480834960938
"2012-06-20",66.7799987792969,67,66.4599990844727,67,21254600,45.0363006591797
"2012-06-21",66.5500030517578,66.9700012207031,66.1600036621094,66.3899993896484,24545300,44.6262626647949
"2012-06-22",66.6600036621094,66.9700012207031,66.5199966430664,66.629997253418,18965700,44.7875671386719
"2012-06-25",66.2600021362305,66.629997253418,66.1399993896484,66.5,13734500,44.7001953125
"2012-06-26",66.5599975585938,66.6900024414062,66.4100036621094,66.4199981689453,11100000,44.6464385986328
"2012-06-27",66.4199981689453,67.1999969482422,66.3600006103516,66.8399963378906,17594200,44.9287414550781
"2012-06-28",66.7099990844727,67,66.4400024414062,66.9400024414062,12110900,44.9959564208984
"2012-06-29",67.3000030517578,67.6999969482422,67.2099990844727,67.5599975585938,18286000,45.4127159118652
"2012-07-02",67.4199981689453,68,67.3399963378906,68,12552700,45.7084732055664
"2012-07-03",67.9599990844727,68.120002746582,67.7200012207031,68.0400009155273,8902400,45.7353744506836
"2012-07-05",67.9199981689453,68.1500015258789,67.7799987792969,67.7799987792969,11857800,45.5605850219727
"2012-07-06",67.5100021362305,67.879997253418,67.3600006103516,67.6399993896484,9758000,45.4664764404297
"2012-07-09",67.7399978637695,67.9599990844727,67.629997253418,67.7799987792969,12485900,45.5605850219727
"2012-07-10",67.9700012207031,68.0999984741211,67.7399978637695,67.879997253418,12851800,45.6278076171875
"2012-07-11",68.0299987792969,68.1100006103516,67.7200012207031,67.9000015258789,12026100,45.6412773132324
"2012-07-12",67.620002746582,68.120002746582,67.4400024414062,67.7099990844727,16484200,45.5135459899902
"2012-07-13",67.7900009155273,68.7399978637695,67.7300033569336,68.6100006103516,13238800,46.1185073852539
"2012-07-16",68.4700012207031,68.7200012207031,68.3600006103516,68.4499969482422,12921500,46.0109634399414
"2012-07-17",67.8399963378906,69.1800003051758,67.6100006103516,69,24201900,46.3806495666504
"2012-07-18",68.7399978637695,69.4599990844727,68.6600036621094,69.370002746582,15616200,46.6293640136719
"2012-07-19",69.25,69.6999969482422,68.9800033569336,69.5299987792969,13499500,46.7369079589844
"2012-07-20",69.3499984741211,69.3600006103516,68.3499984741211,68.629997253418,13964600,46.1319580078125
"2012-07-23",68.1399993896484,68.3099975585938,67.6500015258789,68.1100006103516,11771400,45.782413482666
"2012-07-24",68.0999984741211,68.25,67,67.3499984741211,12145700,45.271556854248
"2012-07-25",67.6699981689453,68.0199966430664,67.3899993896484,67.5299987792969,9882200,45.3925399780273
"2012-07-26",68.3000030517578,68.9800033569336,68.2099990844727,68.7399978637695,16477200,46.2058906555176
"2012-07-27",68.9499969482422,69.6800003051758,68.8899993896484,69.5199966430664,14015900,46.7301864624023
"2012-07-30",69.370002746582,69.6500015258789,69.1600036621094,69.4499969482422,8379500,46.6831474304199
"2012-07-31",69.25,69.5599975585938,69.0999984741211,69.2200012207031,10313900,46.5285568237305
"2012-08-01",69.4800033569336,69.75,69.25,69.379997253418,11681700,46.636100769043
"2012-08-02",68.8099975585938,68.9800033569336,68.0199966430664,68.4499969482422,13536000,46.0109634399414
"2012-08-03",68.9800033569336,69.3199996948242,68.8899993896484,69.120002746582,10898800,46.4613151550293
"2012-08-06",69.1800003051758,69.3399963378906,68.7799987792969,68.8399963378906,8723200,46.2731132507324
"2012-08-07",68.8099975585938,68.9400024414062,68.2099990844727,68.2900009155273,11268400,45.9034156799316
"2012-08-08",68.2900009155273,68.5599975585938,68.2200012207031,68.3499984741211,6573100,45.9437408447266
"2012-08-09",68.3300018310547,68.6500015258789,68.1699981689453,68.3199996948242,7764200,45.9235725402832
"2012-08-10",68.120002746582,68.7099990844727,68.120002746582,68.6399993896484,7645000,46.1386833190918
"2012-08-13",68.3899993896484,68.5500030517578,68.1699981689453,68.4599990844727,7199200,46.0176773071289
"2012-08-14",68.7399978637695,68.75,68.5,68.6399993896484,8217800,46.1386833190918
"2012-08-15",68.5100021362305,68.8399963378906,68.3000030517578,68.3499984741211,9349100,45.9437408447266
"2012-08-16",68.4400024414062,68.4499969482422,68.0199966430664,68.1999969482422,13518500,45.8429260253906
"2012-08-17",68.120002746582,68.1800003051758,67.5100021362305,67.8000030517578,11999500,45.5740432739258
"2012-08-20",67.8000030517578,67.8399963378906,67.6699981689453,67.6999969482422,12645200,45.5068206787109
"2012-08-21",67.6900024414062,68.25,67.620002746582,67.7799987792969,9544900,45.5605850219727
"2012-08-22",67.629997253418,67.9300003051758,67.5299987792969,67.75,8230900,45.5404281616211
"2012-08-23",67.8000030517578,67.9499969482422,67.5599975585938,67.7399978637695,9062700,45.53369140625
"2012-08-24",67.2200012207031,67.8399963378906,67.1500015258789,67.5999984741211,11297500,45.8525123596191
"2012-08-27",67.5400009155273,67.9599990844727,67.4800033569336,67.4899978637695,8761000,45.777889251709
"2012-08-28",67.3099975585938,67.6999969482422,67.2200012207031,67.5100021362305,6750800,45.7914505004883
"2012-08-29",67.2799987792969,67.8300018310547,67.0599975585938,67.370002746582,9609500,45.6964912414551
"2012-08-30",67.2300033569336,67.4100036621094,66.8499984741211,67.2099990844727,9672700,45.5879745483398
"2012-08-31",67.4499969482422,67.9000015258789,67.1600036621094,67.4300003051758,10151800,45.7372055053711
"2012-09-04",67.4899978637695,67.5400009155273,66.9700012207031,67.2600021362305,8402700,45.6218872070312
"2012-09-05",67.4400024414062,67.870002746582,67.1399993896484,67.2699966430664,9266000,45.6286659240723
"2012-09-06",67.7099990844727,68.2200012207031,67.5899963378906,67.8399963378906,13075500,46.0152969360352
"2012-09-07",67.9700012207031,68.0100021362305,67.5199966430664,67.879997253418,8403300,46.0424270629883
"2012-09-10",67.9899978637695,68.4700012207031,67.8300018310547,68.1800003051758,11441300,46.2459259033203
"2012-09-11",68.3600006103516,68.5500030517578,68.1800003051758,68.1999969482422,8821700,46.2594795227051
"2012-09-12",68.370002746582,68.4599990844727,68.0299987792969,68.1500015258789,8230700,46.2255668640137
"2012-09-13",68.0100021362305,69.1699981689453,68,68.9899978637695,13006300,46.7953262329102
"2012-09-14",68.9100036621094,68.9100036621094,68.0800018310547,68.4700012207031,13024000,46.4426078796387
"2012-09-17",68.4899978637695,68.6999969482422,68,68.25,11584100,46.2933883666992
"2012-09-18",68.0800018310547,68.6699981689453,68.0699996948242,68.5500030517578,8063100,46.4968757629395
"2012-09-19",68.75,68.9199981689453,68.5999984741211,68.5999984741211,9911300,46.5307922363281
"2012-09-20",68.4100036621094,68.9899978637695,68.3300018310547,68.9000015258789,8704000,46.7342681884766
"2012-09-21",69.0500030517578,69.3600006103516,68.8399963378906,69.0599975585938,19064400,46.8428153991699
"2012-09-24",68.879997253418,69.1999969482422,68.8099975585938,69,9082100,46.8021125793457
"2012-09-25",69.0100021362305,69.6399993896484,69.0100021362305,69.3199996948242,11625400,47.0191650390625
"2012-09-26",69.5,69.5,68.9599990844727,69,9971900,46.8021125793457
"2012-09-27",69.0899963378906,69.3499984741211,68.8899993896484,69.0100021362305,8253200,46.8089065551758
"2012-09-28",68.7699966430664,69.0400009155273,68.5,68.9100036621094,10293200,46.7410659790039
"2012-10-01",68.9199981689453,69.4499969482422,68.9199981689453,69.129997253418,9647200,46.8902854919434
"2012-10-02",69.120002746582,69.2799987792969,68.6399993896484,68.9599990844727,10062700,46.7749862670898
"2012-10-03",69.1900024414062,69.3199996948242,68.7300033569336,69,8557900,46.8021125793457
"2012-10-04",69.0999984741211,69.5,69.0100021362305,69.2699966430664,9395900,46.9852447509766
"2012-10-05",69.4599990844727,69.7399978637695,69.3199996948242,69.6500015258789,9429900,47.2430076599121
"2012-10-08",69.5999984741211,69.6500015258789,69.1699981689453,69.4400024414062,6444600,47.1005592346191
"2012-10-09",68.620002746582,68.9700012207031,68.0999984741211,68.4100036621094,15365900,46.401927947998
"2012-10-10",68.379997253418,68.4899978637695,67.9800033569336,68.2200012207031,10710100,46.2730484008789
"2012-10-11",68.2099990844727,68.3000030517578,67.8600006103516,67.9700012207031,9505500,46.1034851074219
"2012-10-12",68.1800003051758,68.5100021362305,67.8000030517578,67.9700012207031,8685500,46.1034851074219
"2012-10-15",68.1800003051758,68.9899978637695,68.0699996948242,68.5999984741211,14868000,46.5307922363281
"2012-10-16",69.3000030517578,69.8000030517578,69.0199966430664,69.5500030517578,13688800,47.1752014160156
"2012-10-17",69.7300033569336,71.1800003051758,69.5500030517578,71,26522700,48.1587028503418
"2012-10-18",70.870002746582,72.7399978637695,70.8199996948242,72.5199966430664,33591100,49.1897010803223
"2012-10-19",72.1100006103516,72.2399978637695,71.7300033569336,71.8600006103516,18391000,48.7420272827148
"2012-10-22",71.7900009155273,72.2900009155273,71.3300018310547,71.7799987792969,14033400,48.6877708435059
"2012-10-23",71.1699981689453,71.5299987792969,70.5299987792969,70.8899993896484,11086000,48.0840873718262
"2012-10-24",70.9899978637695,71.1999969482422,70.6699981689453,70.7399978637695,8572000,47.9823417663574
"2012-10-25",71.0100021362305,71.5599975585938,70.9899978637695,71.1399993896484,9672700,48.2536659240723
"2012-10-26",71,71.3199996948242,70.5599975585938,70.9000015258789,8965200,48.0908737182617
"2012-10-31",71.1100006103516,71.25,70.4800033569336,70.8199996948242,9950600,48.0365982055664
"2012-11-01",71.0999984741211,71.9000015258789,70.8300018310547,71.5,11226000,48.4978561401367
"2012-11-02",71.6999969482422,71.6999969482422,70.8300018310547,70.9000015258789,7946700,48.0908737182617
"2012-11-05",70.8600006103516,71,70.4700012207031,70.7900009155273,6874500,48.0162544250488
"2012-11-06",71,71.620002746582,70.8899993896484,71.0100021362305,7927500,48.1654891967773
"2012-11-07",70.6900024414062,70.9899978637695,69.6999969482422,70.3399963378906,12719700,47.7110176086426
"2012-11-08",70.1500015258789,70.4199981689453,69.6500015258789,69.6500015258789,12652100,47.2430076599121
"2012-11-09",69.5599975585938,70.2600021362305,69.4300003051758,69.870002746582,10511700,47.3922271728516
"2012-11-12",69.7900009155273,70.0500030517578,69.3099975585938,69.6800003051758,9761000,47.2633590698242
"2012-11-13",69.5199966430664,70.1100006103516,69.4000015258789,69.5100021362305,8244500,47.1480407714844
"2012-11-14",69.629997253418,69.7600021362305,69.0299987792969,69.2699966430664,10470700,46.9852447509766
"2012-11-15",68.9899978637695,69.1999969482422,68.7200012207031,69.0699996948242,11803600,46.8495941162109
"2012-11-16",68.870002746582,69.2699966430664,68.5100021362305,69.1900024414062,14272300,46.9310073852539
"2012-11-19",69.5400009155273,69.8099975585938,69.0400009155273,69.25,12337400,46.9716949462891
"2012-11-20",69.2600021362305,69.7099990844727,69.1399993896484,69.6699981689453,9859500,47.2565765380859
"2012-11-21",69.629997253418,69.879997253418,69.4499969482422,69.5899963378906,7639900,47.2022895812988
"2012-11-23",69.0800018310547,69.5599975585938,68.9499969482422,69.5599975585938,5450100,47.599193572998
"2012-11-26",69.120002746582,69.5,68.8199996948242,69.0899963378906,9884800,47.2775764465332
"2012-11-27",69.0100021362305,69.1500015258789,68.7300033569336,68.8099975585938,8763200,47.0859718322754
"2012-11-28",68.7099990844727,69.379997253418,68.5999984741211,69.2900009155273,9983200,47.4144248962402
"2012-11-29",69.4700012207031,69.5599975585938,69.0500030517578,69.2200012207031,9853400,47.3665351867676
"2012-11-30",69.3899993896484,69.9199981689453,69.1800003051758,69.7300033569336,13480700,47.7155113220215
"2012-12-03",69.8000030517578,69.9199981689453,69.3600006103516,69.6500015258789,9928900,47.6607856750488
"2012-12-04",69.5800018310547,70.4899978637695,69.4499969482422,69.8600006103516,14278100,47.8044776916504
"2012-12-05",69.9300003051758,70.2900009155273,69.5800018310547,69.9700012207031,11037100,47.8797492980957
"2012-12-06",70.3399963378906,70.3399963378906,69.8000030517578,70.0500030517578,9459200,47.934513092041
"2012-12-07",70.0400009155273,70.5199966430664,69.8600006103516,70.4499969482422,10021300,48.2082099914551
"2012-12-10",70.2600021362305,70.8000030517578,70.2600021362305,70.5999984741211,9700300,48.3108520507812
"2012-12-11",70.9300003051758,71.620002746582,70.75,71.0999984741211,14933700,48.6529922485352
"2012-12-12",71.2099990844727,71.370002746582,70.8499984741211,70.9599990844727,11783300,48.5572090148926
"2012-12-13",70.9000015258789,71,70.620002746582,70.75,8838900,48.4134979248047
"2012-12-14",70.620002746582,70.8600006103516,70.4899978637695,70.6900024414062,10263600,48.3724479675293
"2012-12-17",70.8399963378906,71.1800003051758,70.7799987792969,70.9400024414062,14317200,48.543514251709
"2012-12-18",71.0599975585938,71.0999984741211,70.5,70.9499969482422,16352400,48.5503540039062
"2012-12-19",70.9100036621094,71.3099975585938,70.629997253418,70.629997253418,11865600,48.331371307373
"2012-12-20",70.7399978637695,70.9000015258789,70.4899978637695,70.75,11775800,48.4134979248047
"2012-12-21",70.5599975585938,70.75,70.0599975585938,70.2699966430664,22142300,48.0850372314453
"2012-12-24",70.3199996948242,70.4000015258789,69.9400024414062,70.0199966430664,5006500,47.9139785766602
"2012-12-26",69.9499969482422,70.3600006103516,69.879997253418,70.1699981689453,7737300,48.0166091918945
"2012-12-27",70.129997253418,70.4000015258789,69.8000030517578,70.0899963378906,10700400,47.9618759155273
"2012-12-28",69.8399963378906,70.0699996948242,69.4199981689453,69.4800033569336,9691100,47.5444488525391
"2012-12-31",69.2399978637695,70.1100006103516,69.1800003051758,70.0999984741211,12770000,47.9687194824219
"2013-01-02",71.0199966430664,71.0199966430664,70.3000030517578,70.8399963378906,12874200,48.4750785827637
"2013-01-03",70.9800033569336,71,70.4499969482422,70.7399978637695,9598300,48.4066619873047
"2013-01-04",71.2399978637695,71.7300033569336,71.0100021362305,71.5500030517578,11631800,48.9609298706055
"2013-01-07",71.5,71.5299987792969,71.1900024414062,71.4000015258789,7548800,48.8582878112793
"2013-01-08",71.3099975585938,71.6500015258789,71.25,71.4100036621094,9825300,48.8651275634766
"2013-01-09",71.6399993896484,71.8499984741211,71.5,71.7300033569336,7672800,49.0841026306152
"2013-01-10",71.8099975585938,72.379997253418,71.7399978637695,72.1900024414062,11888500,49.3988838195801
"2013-01-11",72.1900024414062,72.5800018310547,72.1600036621094,72.3499984741211,7766700,49.5083618164062
"2013-01-14",72.5999984741211,72.7900009155273,72.370002746582,72.5599975585938,7386000,49.6520614624023
"2013-01-15",72.25,72.4400024414062,72,72.370002746582,7795100,49.5220489501953
"2013-01-16",72.2600021362305,72.8199996948242,72.25,72.5800018310547,8779900,49.6657447814941
"2013-01-17",72.879997253418,73.0100021362305,72.370002746582,72.9000015258789,10570100,49.8847160339355
"2013-01-18",72.9000015258789,73.2300033569336,72.7900009155273,73.2300033569336,13558600,50.1105461120605
"2013-01-22",72.9199981689453,73.2099990844727,72.4199981689453,72.6900024414062,11469800,49.741024017334
"2013-01-23",72.5199966430664,72.9100036621094,72.4700012207031,72.8499984741211,10155100,49.8505249023438
"2013-01-24",72.9599990844727,73.2300033569336,72.8399963378906,73.0999984741211,9369700,50.0215950012207
"2013-01-25",73.129997253418,73.9300003051758,73.0599975585938,73.9199981689453,10421500,50.5826797485352
"2013-01-28",73.9599990844727,74,73.4300003051758,73.620002746582,9420900,50.3774185180664
"2013-01-29",73.6699981689453,74.620002746582,73.6399993896484,74.4100036621094,12386500,50.9179916381836
"2013-01-30",74.4499969482422,74.8000030517578,74.0100021362305,74.0899963378906,9245500,50.699031829834
"2013-01-31",74.0800018310547,74.3600006103516,73.7799987792969,73.9199981689453,10448700,50.5826797485352
"2013-02-01",74.1399993896484,74.4199981689453,74.0800018310547,74.1800003051758,10016300,50.7606086730957
"2013-02-04",73.5599975585938,74.25,73.5599975585938,74.1100006103516,9200700,50.7127227783203
"2013-02-05",74.4899978637695,74.8199996948242,74.4700012207031,74.6600036621094,10230800,51.0890846252441
"2013-02-06",74.5699996948242,75.3899993896484,74.5199966430664,75.3899993896484,12084000,51.5886001586914
"2013-02-07",74.8199996948242,75.1999969482422,74.6800003051758,75.0599975585938,9798200,51.3627777099609
"2013-02-08",75.1699981689453,75.6100006103516,74.7300033569336,75.4800033569336,8153300,51.650203704834
"2013-02-11",75.2799987792969,75.5,75.0500030517578,75.4100036621094,5697100,51.602294921875
"2013-02-12",75.4199981689453,75.8600006103516,75.4199981689453,75.8000030517578,7598900,51.8691558837891
"2013-02-13",75.7900009155273,75.870002746582,75.370002746582,75.6600036621094,8014800,51.7733688354492
"2013-02-14",75.5,76.0899963378906,75.379997253418,75.8099975585938,9681800,51.8760147094727
"2013-02-15",75.7200012207031,76.1600036621094,75.5100021362305,76.1600036621094,10528400,52.1155052185059
"2013-02-19",76.0299987792969,77,75.9599990844727,76.9599990844727,9747400,52.6629409790039
"2013-02-20",76.7900009155273,76.9700012207031,76.5400009155273,76.6500015258789,7857500,52.4508094787598
"2013-02-21",76.4700012207031,77.0199966430664,76.379997253418,76.870002746582,9465700,52.6013717651367
"2013-02-22",76.3899993896484,76.4899978637695,75.9700012207031,76.25,8571500,52.5944633483887
"2013-02-25",76.4700012207031,76.6600036621094,75.5699996948242,75.5699996948242,10603300,52.1254234313965
"2013-02-26",75.879997253418,76.3399963378906,75.5,75.75,10742100,52.249568939209
"2013-02-27",75.6800003051758,76.4499969482422,75.5999984741211,76.3199996948242,8180300,52.6427268981934
"2013-02-28",76.2300033569336,76.4899978637695,76.1100006103516,76.1100006103516,11806300,52.4978942871094
"2013-03-01",75.7900009155273,76.7699966430664,75.7300033569336,76.6999969482422,9528300,52.9048538208008
"2013-03-04",76.7300033569336,77.2799987792969,76.7300033569336,77.1999969482422,12628000,53.2497329711914
"2013-03-05",77.5599975585938,77.7099990844727,77.4400024414062,77.6600036621094,9399400,53.5670204162598
"2013-03-06",77.6900024414062,77.7399978637695,77.2200012207031,77.3899993896484,8535200,53.3807830810547
"2013-03-07",77.620002746582,77.9599990844727,77.5899963378906,77.75,7996500,53.6291122436523
"2013-03-08",77.8399963378906,78.2200012207031,77.6999969482422,78.1900024414062,8554100,53.9325866699219
"2013-03-11",77.9199981689453,78.5199966430664,77.8399963378906,78.4400024414062,8807600,54.1050453186035
"2013-03-12",78.5,78.6900024414062,78.2099990844727,78.5599975585938,8790500,54.1877899169922
"2013-03-13",78.5199966430664,78.6699981689453,78.1999969482422,78.5500030517578,7983400,54.1808929443359
"2013-03-14",78.6699981689453,79.0999984741211,78.4899978637695,79.0999984741211,10130400,54.5602836608887
"2013-03-15",78.620002746582,79.2399978637695,78.620002746582,79.1900024414062,18296500,54.6223678588867
"2013-03-18",78.7200012207031,79.1900024414062,78.6999969482422,78.8099975585938,8005400,54.3602638244629
"2013-03-19",78.9800033569336,79.0899963378906,78.5,78.8600006103516,7095800,54.3947410583496
"2013-03-20",79.1800003051758,79.6100006103516,79.1699981689453,79.4499969482422,8000800,54.8017082214355
"2013-03-21",79.120002746582,79.5,78.7699966430664,79.0100021362305,8436300,54.4982109069824
"2013-03-22",79.1100006103516,79.7399978637695,79.0199966430664,79.7399978637695,6873100,55.0017318725586
"2013-03-25",79.8300018310547,79.9400024414062,79.4700012207031,79.6800003051758,9616600,54.9603538513184
"2013-03-26",79.9300003051758,80.879997253418,79.8499984741211,80.8499984741211,12682900,55.7673568725586
"2013-03-27",80.5599975585938,81.3499984741211,80.2699966430664,81.2699966430664,10703400,56.0570869445801
"2013-03-28",81.370002746582,81.5899963378906,80.9499969482422,81.5299987792969,11332100,56.2364044189453
"2013-04-01",81.3899993896484,81.9599990844727,81.2799987792969,81.9300003051758,7376800,56.5123176574707
"2013-04-02",82,82.6900024414062,81.9000015258789,82.6900024414062,10342200,57.0365257263184
"2013-04-03",82.7399978637695,82.9499969482422,81.5699996948242,82.0699996948242,12254000,56.6088752746582
"2013-04-04",82.1999969482422,82.7200012207031,81.9300003051758,82.4100036621094,10303000,56.8433837890625
"2013-04-05",81.7900009155273,82.1100006103516,81.620002746582,82.0400009155273,8581400,56.5881805419922
"2013-04-08",81.2699966430664,81.3899993896484,80.3099975585938,81.1100006103516,15828500,55.9467086791992
"2013-04-09",81.2600021362305,81.75,81.2399978637695,81.5199966430664,9111000,56.2295036315918
"2013-04-10",81.8300018310547,82.1999969482422,81.7399978637695,82.0199966430664,7583200,56.574405670166
"2013-04-11",82.1399993896484,82.9599990844727,82.0800018310547,82.3199996948242,9882700,56.7813301086426
"2013-04-12",82.25,82.7399978637695,82.1699981689453,82.7399978637695,6987000,57.0710144042969
"2013-04-15",82.7200012207031,83.0899963378906,81.7099990844727,81.7099990844727,12385800,56.3605613708496
"2013-04-16",82.3300018310547,83.5400009155273,82.0699996948242,83.4400024414062,12620000,57.5538482666016
"2013-04-17",83.3600006103516,84.4300003051758,83.2900009155273,83.9000015258789,13693300,57.8711395263672
"2013-04-18",83.9599990844727,84.3000030517578,83.0299987792969,83.1800003051758,9921500,57.3745155334473
"2013-04-19",83.5100021362305,84.5699996948242,83.4700012207031,84.4899978637695,10787600,58.2780914306641
"2013-04-22",84.5899963378906,84.9300003051758,84.1999969482422,84.8300018310547,6989900,58.5126342773438
"2013-04-23",84.9899978637695,85.6800003051758,84,85.4499969482422,8982100,58.9402809143066
"2013-04-24",85.6800003051758,85.7399978637695,84.2799987792969,84.3899993896484,9480600,58.2091331481934
"2013-04-25",84.5400009155273,85.4400024414062,84.3399963378906,85.2200012207031,8689400,58.7816276550293
"2013-04-26",85.3000030517578,85.4899978637695,84.8099975585938,85.120002746582,6784700,58.7126426696777
"2013-04-29",85.0199966430664,85.8899993896484,84.9100036621094,85.5800018310547,8038000,59.0299644470215
"2013-04-30",85.3899993896484,85.6999969482422,84.8899993896484,85.2300033569336,12099600,58.7885208129883
"2013-05-01",84.5,85.129997253418,83.879997253418,84.2300033569336,12312100,58.0987777709961
"2013-05-02",84.4400024414062,85.2099990844727,84.1699981689453,85.1600036621094,8668900,58.7402458190918
"2013-05-03",85.5800018310547,85.9899978637695,85.4499969482422,85.75,9213800,59.1471939086914
"2013-05-06",85.7799987792969,85.7799987792969,84.5500030517578,84.6800003051758,8815600,58.4091606140137
"2013-05-07",84.870002746582,85.5699996948242,84.629997253418,85.5299987792969,9061800,58.9954566955566
"2013-05-08",85.4800033569336,85.5999984741211,84.9300003051758,85.4599990844727,8044600,58.9471969604492
"2013-05-09",85.4499969482422,85.6900024414062,84.9599990844727,85.1500015258789,8342000,58.733341217041
"2013-05-10",85.2900009155273,85.7600021362305,85.1800003051758,85.7600021362305,7594800,59.1540870666504
"2013-05-13",85.5599975585938,86.0699996948242,85.4400024414062,85.8499984741211,6631500,59.2161750793457
"2013-05-14",85.7600021362305,87.0800018310547,85.7600021362305,86.9700012207031,10360700,59.9887351989746
"2013-05-15",86.9400024414062,87.879997253418,86.9400024414062,87.6399993896484,13444400,60.450855255127
"2013-05-16",87.3300018310547,87.7699966430664,87.0599975585938,87.4499969482422,9441900,60.3198051452637
"2013-05-17",87.4700012207031,88.1999969482422,87.4100036621094,88.0899963378906,11437700,60.7612609863281
"2013-05-20",88.0999984741211,88.1999969482422,87.8099975585938,88.0100021362305,7235800,60.7060661315918
"2013-05-21",87.9400024414062,88.6399993896484,87.7900009155273,88.5899963378906,10099600,61.1061210632324
"2013-05-22",88.6999969482422,89.9899978637695,88.1999969482422,88.4599990844727,13825900,61.0164489746094
"2013-05-23",87.1100006103516,87.9700012207031,87,87.2099990844727,14446900,60.6064453125
"2013-05-24",86.8000030517578,87.0299987792969,86.4899978637695,86.8199996948242,10390100,60.3354187011719
"2013-05-28",87.5400009155273,88.2900009155273,87.2699966430664,87.6100006103516,8380200,60.8844299316406
"2013-05-29",87.0800018310547,87.1600036621094,85.1399993896484,85.6500015258789,11872100,59.5223007202148
"2013-05-30",85.7099990844727,86.3099975585938,85.6800003051758,85.9899978637695,7801200,59.7585983276367
"2013-05-31",85.6800003051758,85.9899978637695,84.1800003051758,84.1800003051758,13302700,58.5007591247559
"2013-06-03",84.2799987792969,84.7099990844727,83.370002746582,84.7099990844727,11768500,58.8691024780273
"2013-06-04",84.7200012207031,85.0299987792969,83.5599975585938,84.0999984741211,9972000,58.4451484680176
"2013-06-05",83.9100036621094,85,83.4800033569336,83.6800003051758,9839100,58.1532669067383
"2013-06-06",83.5899963378906,84.4599990844727,82.6500015258789,84.4599990844727,10671000,58.6953430175781
"2013-06-07",84.9599990844727,85.1800003051758,84.4000015258789,84.9100036621094,8907700,59.008056640625
"2013-06-10",85.0100021362305,85.7099990844727,84.7300033569336,85.1399993896484,8477100,59.167911529541
"2013-06-11",84.7600021362305,85.0199966430664,84.129997253418,84.6900024414062,8967000,58.8551864624023
"2013-06-12",85.1800003051758,85.5,83.6999969482422,83.7399978637695,8413200,58.1949653625488
"2013-06-13",83.5999984741211,84.9599990844727,83.0800018310547,84.9100036621094,8570000,59.008056640625
"2013-06-14",84.7099990844727,85.4800033569336,84.6600036621094,84.9100036621094,6357100,59.008056640625
"2013-06-17",85.370002746582,86.4000015258789,84.9800033569336,85.629997253418,8429100,59.5084266662598
"2013-06-18",85.75,86.4400024414062,85.629997253418,86.3600006103516,7233600,60.0157432556152
"2013-06-19",86.4300003051758,86.5,84.8000030517578,84.8600006103516,8288400,58.9733238220215
"2013-06-20",84.2099990844727,84.4499969482422,82.120002746582,82.620002746582,15172600,57.4166412353516
"2013-06-21",83,84.3199996948242,82.5,83.1999969482422,20715800,57.8196868896484
"2013-06-24",82.9199981689453,85.3099975585938,82.8099975585938,84.6100006103516,14777500,58.7995872497559
"2013-06-25",85.1600036621094,85.5899963378906,84.5400009155273,85.3499984741211,11239400,59.3138427734375
"2013-06-26",85.9499969482422,87.3199996948242,85.9400024414062,86.9899978637695,11966500,60.4535522460938
"2013-06-27",87.5299987792969,87.8199996948242,86.4899978637695,86.7099990844727,8890300,60.2589683532715
"2013-06-28",86.7200012207031,87.379997253418,85.8499984741211,85.8600006103516,11896300,59.6682739257812
"2013-07-01",85.7200012207031,87.6399993896484,85.5,86.629997253418,9905200,60.2033615112305
"2013-07-02",86.6500015258789,87.1999969482422,86.2099990844727,86.5699996948242,8572100,60.1616668701172
"2013-07-03",86.5400009155273,87.0400009155273,86.0999984741211,86.7799987792969,3599900,60.3076210021973
"2013-07-05",87.5800018310547,87.879997253418,86.9199981689453,87.870002746582,5403600,61.0651321411133
"2013-07-08",88.0899963378906,88.9899978637695,87.9700012207031,88.5899963378906,12051400,61.5654563903809
"2013-07-09",88.6500015258789,89.0800018310547,88.3600006103516,88.879997253418,9348600,61.7670097351074
"2013-07-10",88.879997253418,89.4800033569336,88.8099975585938,89.2399978637695,7067100,62.0171966552734
"2013-07-11",89.8099975585938,89.9300003051758,89,89.6699981689453,8941300,62.316032409668
"2013-07-12",89.6900024414062,89.9899978637695,89.379997253418,89.9899978637695,7590600,62.5384101867676
"2013-07-15",89.9100036621094,90.8099975585938,89.7600021362305,90.4000015258789,13343200,62.8233375549316
"2013-07-16",91.0400009155273,91.6600036621094,90.129997253418,90.4000015258789,11409200,62.8233375549316
"2013-07-17",90.5800018310547,90.9700012207031,89.879997253418,90.129997253418,12832200,62.6357040405273
"2013-07-18",90.3300018310547,90.9499969482422,90.0599975585938,90.1699981689453,8329300,62.6634902954102
"2013-07-19",90.2399978637695,92.2699966430664,90.0500030517578,92.2300033569336,12506300,64.095085144043
"2013-07-22",92.0800018310547,92.5599975585938,91.6100006103516,92.2799987792969,9916200,64.1298294067383
"2013-07-23",92.3899993896484,92.8600006103516,92.1100006103516,92.4199981689453,8467700,64.2271041870117
"2013-07-24",92.6500015258789,92.6600036621094,91.75,92.3600006103516,6846300,64.1854248046875
"2013-07-25",92,92.75,91.75,92.5699996948242,7368000,64.3313674926758
"2013-07-26",92.3199996948242,92.9300003051758,91.6500015258789,92.8300018310547,8663700,64.5120391845703
"2013-07-29",92.629997253418,93.3899993896484,92.6100006103516,93.2099990844727,7925000,64.776123046875
"2013-07-30",93.4700012207031,93.9700012207031,93.0199966430664,93.1699981689453,8863000,64.7483520507812
"2013-07-31",93.2300033569336,94.4199981689453,93.1900024414062,93.5,11365700,64.9776840209961
"2013-08-01",94.1600036621094,94.4000015258789,93.6999969482422,93.7699966430664,11098600,65.1653213500977
"2013-08-02",93.5599975585938,94.3899993896484,93.4499969482422,94.3899993896484,8503100,65.5961608886719
"2013-08-05",94.0500030517578,94.3000030517578,93.4300003051758,93.8000030517578,7192400,65.186164855957
"2013-08-06",93.879997253418,93.9400024414062,93.5,93.8099975585938,6415000,65.1930847167969
"2013-08-07",93.5999984741211,94.0299987792969,93.4700012207031,93.6600036621094,9056900,65.0888748168945
"2013-08-08",94.2699966430664,94.370002746582,92.7099990844727,93.3399963378906,11090000,64.866455078125
"2013-08-09",93.3899993896484,93.3899993896484,91.7799987792969,92.3600006103516,12135800,64.1854248046875
"2013-08-12",92.0800018310547,92.7699966430664,91.75,92,11012300,63.9352416992188
"2013-08-13",91.8899993896484,93.3499984741211,91.7600021362305,93.0100021362305,10099800,64.6371688842773
"2013-08-14",92.7900009155273,92.9499969482422,90.5100021362305,90.6999969482422,12716800,63.0318222045898
"2013-08-15",90.3199996948242,90.4100036621094,89.0899963378906,89.5500030517578,12010700,62.232608795166
"2013-08-16",89.129997253418,89.8000030517578,88.7699966430664,89.370002746582,14100700,62.1075439453125
"2013-08-19",89.4700012207031,91.25,89.3499984741211,90.4499969482422,8687000,62.8580932617188
"2013-08-20",90.5500030517578,91.6500015258789,89.7300033569336,89.7300033569336,8559200,62.3577117919922
"2013-08-21",89.4700012207031,89.629997253418,88.6800003051758,88.8000030517578,7940700,61.7114105224609
"2013-08-22",88.7600021362305,89.0299987792969,88.120002746582,88.2600021362305,7191900,61.3361511230469
"2013-08-23",87.9300003051758,88.4400024414062,87.2099990844727,88.4100036621094,7714900,61.9032974243164
"2013-08-26",88.3600006103516,88.4800033569336,87.3899993896484,87.5299987792969,6724500,61.2871551513672
"2013-08-27",86.9700012207031,87.0800018310547,85.9599990844727,86.1699981689453,9941200,60.334888458252
"2013-08-28",86.3600006103516,86.9100036621094,85.879997253418,86.5299987792969,8829200,60.5869598388672
"2013-08-29",86.4100036621094,87.1399993896484,85.9899978637695,86.5699996948242,5768800,60.6149520874023
"2013-08-30",86.7799987792969,86.7799987792969,85.8499984741211,86.4100036621094,7471300,60.5029525756836
"2013-09-03",86.8899993896484,87.3000030517578,86.0299987792969,86.4199981689453,7590500,60.5099220275879
"2013-09-04",86.4599990844727,87.25,86.25,86.9000015258789,8458800,60.8460083007812
"2013-09-05",87,87.1699981689453,86.620002746582,87.0400009155273,5647900,60.944034576416
"2013-09-06",87.2200012207031,87.9199981689453,86,87.1600036621094,10034900,61.0280723571777
"2013-09-09",87.3899993896484,87.5999984741211,87.0100021362305,87.5599975585938,6819700,61.3081436157227
"2013-09-10",88.1399993896484,88.5800018310547,87.8499984741211,88.5299987792969,8658700,61.9873199462891
"2013-09-11",88.629997253418,89.2699966430664,88.1399993896484,89.2300033569336,8098100,62.4774398803711
"2013-09-12",89.3000030517578,89.5699996948242,88.879997253418,89.0100021362305,7938500,62.3233985900879
"2013-09-13",89.129997253418,89.25,88.1999969482422,88.5699996948242,7738600,62.0153312683105
"2013-09-16",89.4300003051758,89.5699996948242,88.8300018310547,89.0299987792969,7563700,62.33740234375
"2013-09-17",89.0500030517578,89.2200012207031,88.5800018310547,89.0599975585938,6291100,62.3584251403809
"2013-09-18",88.9100036621094,89.9100036621094,88.3000030517578,89.9100036621094,10115500,62.9535865783691
"2013-09-19",90.0500030517578,90.1999969482422,89.7900009155273,90.0699996948242,6721000,63.0655937194824
"2013-09-20",90.1999969482422,90.7200012207031,89.6800003051758,89.6800003051758,14708600,62.7925109863281
"2013-09-23",89.4300003051758,89.75,88.8099975585938,89.0899963378906,7376200,62.3794136047363
"2013-09-24",89.0199966430664,89.1999969482422,88.1500015258789,88.2200012207031,7797500,61.7702445983887
"2013-09-25",88.4199981689453,88.4700012207031,87.0699996948242,87.0800018310547,7493200,60.9720497131348
"2013-09-26",87.2799987792969,87.6999969482422,86.7200012207031,87.0699996948242,6400600,60.9650573730469
"2013-09-27",86.8099975585938,86.9400024414062,86.4400024414062,86.7300033569336,5461100,60.726978302002
"2013-09-30",86.3300018310547,86.9499969482422,86.1500015258789,86.6900024414062,7962300,60.698974609375
"2013-10-01",86.5899963378906,87.4899978637695,86.2600021362305,87.4700012207031,6318700,61.2450866699219
"2013-10-02",87.129997253418,87.2900009155273,86.4400024414062,87.2900009155273,6383400,61.1190986633301
"2013-10-03",87.1900024414062,87.4000015258789,86.2799987792969,86.5800018310547,7724600,60.6219482421875
"2013-10-04",86.8199996948242,87.4199981689453,86.5599975585938,87.3099975585938,6050000,61.1330833435059
"2013-10-07",86.6999969482422,86.9800033569336,86.2900009155273,86.5899963378906,5705200,60.6289405822754
"2013-10-08",86.620002746582,86.7399978637695,85.5699996948242,85.6100006103516,8669800,59.9427757263184
"2013-10-09",85.9300003051758,86.2300033569336,85.5,85.9599990844727,8014200,60.1878547668457
"2013-10-10",86.7200012207031,87.7799987792969,86.6999969482422,87.7799987792969,8647900,61.4621658325195
"2013-10-11",88.620002746582,89.4800033569336,88.0199966430664,89.4499969482422,8449800,62.6314735412598
"2013-10-14",88.8300018310547,89.8899993896484,88.629997253418,89.8000030517578,9198600,62.876537322998
"2013-10-15",90.3300018310547,91.4599990844727,89.9300003051758,89.9300003051758,11024000,62.9675674438477
"2013-10-16",90.4199981689453,91.1699981689453,90.1600036621094,91.1100006103516,8116000,63.7937850952148
"2013-10-17",90.870002746582,92,90.7699966430664,91.9700012207031,8569600,64.3959274291992
"2013-10-18",91.75,92.0500030517578,91.1399993896484,91.629997253418,9082600,64.1578826904297
"2013-10-21",91.629997253418,91.629997253418,90.7699966430664,91.1999969482422,6940500,63.856803894043
"2013-10-22",91.5299987792969,92.5599975585938,91.5,92.3600006103516,9635500,64.6690063476562
"2013-10-23",92.0699996948242,92.4300003051758,91.5199966430664,92.0999984741211,6449600,64.4869537353516
"2013-10-24",92.6500015258789,92.9899978637695,92.1399993896484,92.3499984741211,5251000,64.6620254516602
"2013-10-25",92.0400009155273,92.2699966430664,91.7799987792969,92.0899963378906,6076000,64.4799728393555
"2013-10-28",91.9599990844727,92.8000030517578,91.9199981689453,92.3899993896484,6551000,64.6900024414062
"2013-10-29",92.8000030517578,93.1800003051758,92.5800018310547,93.1399993896484,6096700,65.2151565551758
"2013-10-30",93.2699966430664,93.4499969482422,92.6500015258789,92.7900009155273,6295400,64.9701080322266
"2013-10-31",92.8499984741211,93.3499984741211,92.3199996948242,92.6100006103516,7773900,64.8440399169922
"2013-11-01",92.379997253418,93.5800018310547,92.379997253418,93.370002746582,6835900,65.3762130737305
"2013-11-04",93.4599990844727,93.5,92.4300003051758,93.0299987792969,6862500,65.1381301879883
"2013-11-05",92.5400009155273,92.9499969482422,92.2799987792969,92.8099975585938,5350600,64.9841156005859
"2013-11-06",93.0299987792969,93.1999969482422,92.7200012207031,93.0400009155273,5301300,65.1451416015625
"2013-11-07",93.1900024414062,93.3499984741211,92.6900024414062,92.6900024414062,6116900,64.9000930786133
"2013-11-08",92.629997253418,94.0999984741211,92.5599975585938,94.0500030517578,7229500,65.8523254394531
"2013-11-11",93.9700012207031,94.6399993896484,93.9400024414062,94.2900009155273,4723100,66.0203628540039
"2013-11-12",93.9800033569336,94.0899963378906,93,93.5599975585938,7639600,65.5092391967773
"2013-11-13",93.3600006103516,93.4499969482422,92.3199996948242,93.3399963378906,8954300,65.3551635742188
"2013-11-14",93.4000015258789,94.1399993896484,93.4000015258789,93.9199981689453,7045700,65.7613067626953
"2013-11-15",93.629997253418,94.4000015258789,93.5500030517578,94.3899993896484,7063000,66.0903701782227
"2013-11-18",94.3600006103516,94.5999984741211,94.0100021362305,94.3000030517578,8492000,66.0273971557617
"2013-11-19",94.2699966430664,94.9199981689453,94,94.8600006103516,6624200,66.4195098876953
"2013-11-20",94.9400024414062,95.4700012207031,94.6600036621094,95.1500015258789,7076500,66.6225433349609
"2013-11-21",95.4599990844727,95.75,95.0500030517578,95.1999969482422,6896200,66.6575546264648
"2013-11-22",94.3899993896484,95.5800018310547,94.3899993896484,95.25,6462100,67.1581649780273
"2013-11-25",95.4899978637695,95.9899978637695,95.0800018310547,95.629997253418,6374600,67.4260635375977
"2013-11-26",95.5800018310547,95.870002746582,94.9700012207031,95.0599975585938,7267600,67.0241928100586
"2013-11-27",95.3399963378906,95.370002746582,94.6100006103516,94.9800033569336,4603800,66.9677734375
"2013-11-29",95.2300033569336,95.5,94.4300003051758,94.6600036621094,4106800,66.7421569824219
"2013-12-02",94.4100036621094,94.6600036621094,93.9700012207031,94.2799987792969,5827400,66.474235534668
"2013-12-03",94.1999969482422,94.5599975585938,93.5100021362305,93.9700012207031,9061100,66.2556533813477
"2013-12-04",93.7600021362305,94.25,93.129997253418,93.629997253418,6218500,66.0159149169922
"2013-12-05",93.4199981689453,93.629997253418,92.6600036621094,92.9700012207031,8666200,65.5505905151367
"2013-12-06",93.5999984741211,94.4800033569336,93.4199981689453,94.4400024414062,7280400,66.5870513916016
"2013-12-09",94.3000030517578,94.4800033569336,93.6999969482422,94.4400024414062,6974500,66.5870513916016
"2013-12-10",94.5800018310547,94.7900009155273,93.9599990844727,94.1399993896484,7576600,66.3755111694336
"2013-12-11",94.4000015258789,94.4499969482422,93.0299987792969,93.1100006103516,9424300,65.6492919921875
"2013-12-12",92.8399963378906,92.8600006103516,91.0699996948242,91.1600036621094,12285700,64.2743988037109
"2013-12-13",91.4599990844727,91.8600006103516,91.0800018310547,91.3499984741211,7909000,64.4083404541016
"2013-12-16",91.4199981689453,92.3199996948242,91.1600036621094,91.370002746582,6623000,64.4224395751953
"2013-12-17",91.3000030517578,91.3300018310547,90.5,90.6600036621094,8794000,63.9218673706055
"2013-12-18",90.9499969482422,92.6600036621094,89.7699966430664,92.6399993896484,9691100,65.3178939819336
"2013-12-19",92.4000015258789,92.4000015258789,91.4199981689453,91.9800033569336,7341000,64.8525466918945
"2013-12-20",91.9499969482422,92.75,91.9499969482422,92.0899963378906,11265000,64.9301223754883
"2013-12-23",92.5599975585938,92.6800003051758,91.7600021362305,92.0299987792969,5312200,64.8878326416016
"2013-12-24",92.1800003051758,92.3899993896484,91.8499984741211,92.0599975585938,3147300,64.9089660644531
"2013-12-26",91.9899978637695,92.5400009155273,91.7699966430664,92.5400009155273,3459100,65.2474060058594
"2013-12-27",92.7699966430664,92.9599990844727,92.1800003051758,92.3499984741211,3511300,65.1134414672852
"2013-12-30",92.1600036621094,92.3000030517578,91.7300033569336,92.3000030517578,4370100,65.0782012939453
"2013-12-31",92.1699981689453,92.2200012207031,91.1500015258789,91.5899963378906,6348200,64.5775756835938
"2014-01-02",91.1399993896484,91.7300033569336,91.0100021362305,91.0299987792969,5919600,64.182731628418
"2014-01-03",91.2900009155273,92.2200012207031,91.2600021362305,91.8499984741211,5637600,64.7608871459961
"2014-01-06",91.9300003051758,92.75,91.870002746582,92.3300018310547,7443500,65.0993270874023
"2014-01-07",93.0400009155273,94.620002746582,92.9899978637695,94.2900009155273,11063300,66.4812622070312
"2014-01-08",94.1699981689453,94.5999984741211,93.879997253418,94.1600036621094,9096700,66.3896484375
"2014-01-09",94.9400024414062,95.379997253418,94.0899963378906,94.7300033569336,7944700,66.7915344238281
"2014-01-10",94.6399993896484,94.9800033569336,94.1399993896484,94.7399978637695,6697400,66.7985382080078
"2014-01-13",94.370002746582,94.9899978637695,94.0599975585938,94.5,9589200,66.6293487548828
"2014-01-14",94.5999984741211,94.9000015258789,94.3199996948242,94.7200012207031,7567300,66.7844543457031
"2014-01-15",94.6500015258789,95.2699966430664,94.5100021362305,94.8000030517578,7390700,66.8408737182617
"2014-01-16",94.5999984741211,95.0899963378906,94.2300033569336,94.6399993896484,8401100,66.7280502319336
"2014-01-17",94.7200012207031,95.1699981689453,94.379997253418,95.0599975585938,13714400,67.0241928100586
"2014-01-21",94.9300003051758,95.0999984741211,92.620002746582,94.0299987792969,16368400,66.2979736328125
"2014-01-22",93.9899978637695,94.5500030517578,93.5400009155273,94.3199996948242,8875500,66.5024337768555
"2014-01-23",93.7399978637695,93.8000030517578,92.4100036621094,92.7399978637695,9322300,65.3883895874023
"2014-01-24",92.120002746582,92.6100006103516,90.6100006103516,90.6100006103516,10604200,63.8865852355957
"2014-01-27",90.3000030517578,90.7600021362305,89.8499984741211,89.9400024414062,8685200,63.414234161377
"2014-01-28",90.5800018310547,90.5999984741211,89.7900009155273,90.0999984741211,8254400,63.5270500183105
"2014-01-29",89.4700012207031,89.7099990844727,88.5299987792969,88.9000015258789,11160100,62.6809425354004
"2014-01-30",89.620002746582,89.7799987792969,89.0100021362305,89.5,6874900,63.1039772033691
"2014-01-31",89.0100021362305,89.3399963378906,88.1500015258789,88.4700012207031,12193800,62.3777618408203
"2014-02-03",88.75,88.7799987792969,86.6100006103516,86.7799987792969,13944600,61.1861763000488
"2014-02-04",86.9300003051758,87.2799987792969,86.0899963378906,86.620002746582,11436400,61.0733604431152
"2014-02-05",86.4899978637695,87.6699981689453,86.4800033569336,87.2799987792969,10667300,61.5386924743652
"2014-02-06",87.629997253418,88.7600021362305,87.5500030517578,88.75,10037900,62.5751686096191
"2014-02-07",88.9199981689453,90.0400009155273,88.6100006103516,90.0400009155273,9435100,63.4847068786621
"2014-02-10",90.2399978637695,91.0800018310547,89.8000030517578,91.0699996948242,8080200,64.2109603881836
"2014-02-11",91.0899963378906,92.9700012207031,90.9499969482422,92.9700012207031,11556300,65.5505905151367
"2014-02-12",92.9499969482422,92.9899978637695,91.9499969482422,92.4199981689453,7696100,65.1627578735352
"2014-02-13",92,92.620002746582,91.7099990844727,92.5599975585938,5926000,65.2614898681641
"2014-02-14",92.5999984741211,92.9499969482422,92.0299987792969,92.7600021362305,5485100,65.4025192260742
"2014-02-18",92.7699966430664,92.8499984741211,92.0899963378906,92.1699981689453,6926500,64.9865341186523
"2014-02-19",92.1500015258789,92.75,91.5699996948242,91.6399993896484,7693400,64.6128311157227
"2014-02-20",91.6900024414062,92.7300033569336,91.3099975585938,92.379997253418,8160100,65.1345977783203
"2014-02-21",91.8600006103516,92.25,91.4499969482422,91.5199966430664,7381500,64.992546081543
"2014-02-24",91.4499969482422,92.0599975585938,91.0999984741211,91.1100006103516,8406700,64.7014007568359
"2014-02-25",91.5899963378906,91.870002746582,90.6600036621094,91.1100006103516,6383400,64.7014007568359
"2014-02-26",91.1100006103516,91.5400009155273,90.7699966430664,91.1100006103516,6334100,64.7014007568359
"2014-02-27",91.1600036621094,91.4199981689453,90.75,91.3600006103516,7040300,64.8789215087891
"2014-02-28",91.4199981689453,92.6399993896484,91.0599975585938,92.120002746582,9643700,65.4186325073242
"2014-03-03",91.129997253418,91.9800033569336,90.8300018310547,91.5599975585938,7506700,65.0209503173828
"2014-03-04",92.4700012207031,93.4599990844727,92.25,93.3399963378906,8796300,66.2849960327148
"2014-03-05",93.2699966430664,93.3000030517578,92.379997253418,92.5899963378906,6842500,65.7524185180664
"2014-03-06",93.1900024414062,93.6500015258789,92.8199996948242,92.8899993896484,7718300,65.965446472168
"2014-03-07",93.370002746582,93.4800033569336,92.6900024414062,93.3199996948242,6792000,66.2708129882812
"2014-03-10",93.1699981689453,93.4899978637695,92.7900009155273,93.4499969482422,4878200,66.3631286621094
"2014-03-11",93.7099990844727,93.75,93.0899963378906,93.4899978637695,5837200,66.3915481567383
"2014-03-12",92.8199996948242,93.620002746582,92.6500015258789,93.5999984741211,6154900,66.4696502685547
"2014-03-13",93.8499984741211,94.1999969482422,92.9800033569336,93,7659400,66.0435638427734
"2014-03-14",92.879997253418,93.4400024414062,92.4599990844727,92.8099975585938,7337800,65.9086532592773
"2014-03-17",93.2600021362305,94.1800003051758,93.1800003051758,93.9300003051758,5872600,66.7040100097656
"2014-03-18",93.9000015258789,94.2399978637695,93.4800033569336,93.9400024414062,5891900,66.7110900878906
"2014-03-19",93.8899993896484,94.3600006103516,92.9199981689453,93.5899963378906,5937600,66.4625473022461
"2014-03-20",93.5199966430664,94.1900024414062,92.9599990844727,94.120002746582,5727400,66.8389511108398
"2014-03-21",94.7699966430664,95.9300003051758,93.879997253418,95.9300003051758,23988800,68.1243133544922
"2014-03-24",95.3000030517578,95.4300003051758,94.5400009155273,95.1999969482422,13944100,67.6058959960938
"2014-03-25",95.6999969482422,97.6999969482422,95.6999969482422,97.379997253418,14167300,69.1540298461914
"2014-03-26",97.5100021362305,98.4700012207031,97.0500030517578,97.0500030517578,11215100,68.9196701049805
"2014-03-27",97.0800018310547,97.6999969482422,96.2600021362305,97.2799987792969,8694600,69.0830154418945
"2014-03-28",97.5100021362305,98.2200012207031,96.9599990844727,97.4400024414062,8816000,69.1966171264648
"2014-03-31",98,98.5999984741211,97.6100006103516,98.2300033569336,7545700,69.7576217651367
"2014-04-01",98.3099975585938,98.6800003051758,97.370002746582,97.9400024414062,7068500,69.5516967773438
"2014-04-02",98.0100021362305,98.3899993896484,97.370002746582,98.2300033569336,7995600,69.7576217651367
"2014-04-03",97.9700012207031,98.3399963378906,97.5299987792969,98.2600021362305,5471200,69.778923034668
"2014-04-04",98.620002746582,99.379997253418,98.3199996948242,98.4199981689453,10309700,69.8925628662109
"2014-04-07",98.3899993896484,99.3600006103516,97.8300018310547,97.8899993896484,11409200,69.5161895751953
"2014-04-08",98.0299987792969,98.7300033569336,97.5,98.0599975585938,9601800,69.6369094848633
"2014-04-09",98.4199981689453,99,97.7799987792969,98.9499969482422,8921300,70.2689590454102
"2014-04-10",98.8600006103516,98.9300003051758,96.5199966430664,96.5400009155273,9667800,68.557502746582
"2014-04-11",96.1999969482422,97.1999969482422,96.0500030517578,96.870002746582,8710700,68.7918319702148
"2014-04-14",97.2799987792969,97.3600006103516,96.25,97.1399993896484,8617200,68.9835662841797
"2014-04-15",98.4499969482422,99.2099990844727,98.0500030517578,99.1999969482422,13999100,70.4464492797852
"2014-04-16",99.5699996948242,99.7099990844727,98.0699996948242,98.75,11308000,70.1269149780273
"2014-04-17",98.6900024414062,99.6500015258789,98.6900024414062,98.9599990844727,9153500,70.2760314941406
"2014-04-21",99.0100021362305,100.129997253418,98.6699981689453,100,7031400,71.0145645141602
"2014-04-22",100,100.75,99.7399978637695,100.180000305176,7937900,71.1424255371094
"2014-04-23",100.23999786377,100.559997558594,99.9199981689453,100.220001220703,5876000,71.1708297729492
"2014-04-24",100.23999786377,100.370002746582,99.5500030517578,99.9599990844727,6149900,70.9861907958984
"2014-04-25",99.9700012207031,100.26000213623,99.4000015258789,99.7900009155273,5895900,70.865478515625
"2014-04-28",100.559997558594,101.5,100.120002746582,101.339996337891,8792900,71.9662017822266
"2014-04-29",101.629997253418,101.980003356934,100.959999084473,101.029998779297,7811200,71.7460174560547
"2014-04-30",100.839996337891,101.669998168945,100.699996948242,101.290000915527,8513600,71.9306716918945
"2014-05-01",100.769996643066,101.029998779297,99.9300003051758,100.529998779297,6590500,71.3909378051758
"2014-05-02",100.169998168945,100.379997253418,98.879997253418,99.3099975585938,8744200,70.5245819091797
"2014-05-05",99.2900009155273,100.169998168945,99.0400009155273,100,5438200,71.0145645141602
"2014-05-06",100.019996643066,100.019996643066,99.5100021362305,99.5100021362305,5795900,70.6666259765625
"2014-05-07",99.8499984741211,101.050003051758,99.3499984741211,100.910003662109,8720800,71.6608428955078
"2014-05-08",100.669998168945,101.089996337891,100.360000610352,100.5,5667900,71.3696670532227
"2014-05-09",100.860000610352,101.25,100.410003662109,100.910003662109,5691700,71.6608428955078
"2014-05-12",101.23999786377,101.23999786377,100.419998168945,100.519996643066,7437300,71.3838577270508
"2014-05-13",100.900001525879,101.48999786377,100.629997253418,101.019996643066,6183200,71.7389373779297
"2014-05-14",100.949996948242,101.099998474121,100.769996643066,100.870002746582,4187200,71.6324157714844
"2014-05-15",100.639999389648,100.839996337891,100.410003662109,100.690002441406,7007600,71.5045776367188
"2014-05-16",100.569999694824,100.889999389648,100.139999389648,100.580001831055,6516900,71.4264831542969
"2014-05-19",100.220001220703,100.930000305176,100.129997253418,100.639999389648,6997200,71.4690933227539
"2014-05-20",100.809997558594,100.980003356934,99.9599990844727,100.25,5438400,71.1921157836914
"2014-05-21",100.599998474121,101.199996948242,100.529998779297,101.139999389648,5302500,71.8241653442383
"2014-05-22",100.580001831055,101.01000213623,100.080001831055,100.959999084473,5124900,72.1960296630859
"2014-05-23",101.040000915527,101.160003662109,100.669998168945,100.980003356934,5275700,72.2103271484375
"2014-05-27",101.099998474121,101.360000610352,100.269996643066,100.809997558594,4524400,72.0887222290039
"2014-05-28",100.669998168945,100.930000305176,100.120002746582,100.300003051758,4352700,71.7240600585938
"2014-05-29",100.559997558594,100.800003051758,100.150001525879,100.76000213623,3685200,72.0529861450195
"2014-05-30",100.699996948242,101.540000915527,100.550003051758,101.459999084473,5973900,72.5535583496094
"2014-06-02",101.540000915527,102.26000213623,101.01000213623,102.169998168945,5845400,73.0612716674805
"2014-06-03",101.910003662109,102.599998474121,101.839996337891,102.459999084473,6681300,73.268669128418
"2014-06-04",102.230003356934,102.709999084473,101.940002441406,102.680000305176,5608600,73.4259872436523
"2014-06-05",102.779998779297,103.360000610352,102.419998168945,103.220001220703,4730900,73.812126159668
"2014-06-06",103.25,103.330001831055,102.839996337891,103.180000305176,4624000,73.7835159301758
"2014-06-09",103.069999694824,103.230003356934,102.680000305176,103.220001220703,3748800,73.812126159668
"2014-06-10",103.470001220703,104.120002746582,102.769996643066,104.099998474121,5792100,74.4413909912109
"2014-06-11",103.809997558594,104.150001525879,103.129997253418,103.319999694824,5960500,73.8836212158203
"2014-06-12",103.180000305176,103.209999084473,102.51000213623,102.529998779297,5930700,73.3187255859375
"2014-06-13",102.51000213623,102.650001525879,102.169998168945,102.529998779297,4301600,73.3187255859375
"2014-06-16",102.519996643066,102.889999389648,101.839996337891,102.449996948242,5645500,73.2614974975586
"2014-06-17",102.129997253418,102.199996948242,101.379997253418,101.930000305176,4834600,72.8896789550781
"2014-06-18",101.910003662109,102.830001831055,101.860000610352,102.809997558594,5445000,73.5189208984375
"2014-06-19",102.930000305176,103.870002746582,102.809997558594,103.809997558594,5481500,74.2340240478516
"2014-06-20",104.370002746582,105.480003356934,104.069999694824,105.269996643066,12459700,75.2780914306641
"2014-06-23",104.910003662109,105.120002746582,104.440002441406,104.75,6063200,74.9062118530273
"2014-06-24",104.629997253418,105.230003356934,104.550003051758,104.589996337891,5915000,74.7917861938477
"2014-06-25",104.230003356934,105.870002746582,104.230003356934,105.76000213623,6411100,75.6284561157227
"2014-06-26",105.839996337891,105.970001220703,105.029998779297,105.650001525879,5106900,75.5497970581055
"2014-06-27",105.470001220703,105.589996337891,104.449996948242,104.98999786377,6463000,75.0778350830078
"2014-06-30",105.620002746582,106,104.519996643066,104.620002746582,6877800,74.8132553100586
"2014-07-01",105.150001525879,106,104.98999786377,105.870002746582,5129200,75.7071380615234
"2014-07-02",105.699996948242,105.970001220703,105.300003051758,105.860000610352,3764900,75.6999816894531
"2014-07-03",105.870002746582,106.25,105.110000610352,105.419998168945,4199100,75.3853302001953
"2014-07-07",105.419998168945,106.73999786377,105.269996643066,106.470001220703,7014900,76.1361923217773
"2014-07-08",106.209999084473,106.25,105.519996643066,105.720001220703,6268400,75.5998764038086
"2014-07-09",106,106.209999084473,105.720001220703,106.040000915527,5720900,75.8286895751953
"2014-07-10",105.080001831055,106,104.519996643066,105.800003051758,4955100,75.6570663452148
"2014-07-11",105.839996337891,106.01000213623,104.860000610352,105.099998474121,5461000,75.1565093994141
"2014-07-14",105.379997253418,105.48999786377,105.110000610352,105.379997253418,7784800,75.3567428588867
"2014-07-15",105.230003356934,105.470001220703,102.769996643066,103.279998779297,14219700,73.8550109863281
"2014-07-16",103.529998779297,103.669998168945,101.949996948242,102.220001220703,11946800,73.097038269043
"2014-07-17",101.900001525879,102.099998474121,100.26000213623,100.370002746582,11218900,71.7741165161133
"2014-07-18",100.669998168945,101.959999084473,100.370002746582,101.800003051758,8408400,72.7966842651367
"2014-07-21",101.440002441406,101.580001831055,101.019996643066,101.269996643066,6379900,72.4176864624023
"2014-07-22",101.910003662109,102.540000915527,101.779998779297,102.470001220703,6554100,73.2757949829102
"2014-07-23",102.800003051758,102.930000305176,101.879997253418,102.190002441406,4815300,73.0755920410156
"2014-07-24",102.339996337891,102.730003356934,102.019996643066,102.199996948242,5177200,73.0827255249023
"2014-07-25",102.269996643066,102.400001525879,101.800003051758,102.110000610352,3951500,73.0183639526367
"2014-07-28",101.889999389648,102.400001525879,101.660003662109,102.110000610352,4634800,73.0183639526367
"2014-07-29",102.449996948242,102.51000213623,101.690002441406,101.959999084473,6053900,72.9111022949219
"2014-07-30",102.269996643066,102.849998474121,101.809997558594,102.300003051758,5994800,73.1542282104492
"2014-07-31",101.769996643066,101.839996337891,100.050003051758,100.089996337891,9141500,71.5738983154297
"2014-08-01",99.7600021362305,100.410003662109,98.8000030517578,99.9000015258789,8610700,71.4380264282227
"2014-08-04",99.9899978637695,100.379997253418,99.3199996948242,100.160003662109,6790800,71.6239242553711
"2014-08-05",99.8300018310547,100.23999786377,99.5500030517578,99.8199996948242,6230900,71.3807983398438
"2014-08-06",99.6699981689453,100.830001831055,99.5999984741211,100.709999084473,7412100,72.0172271728516
"2014-08-07",101.089996337891,101.190002441406,99.5800018310547,99.9300003051758,7417800,71.4594573974609
"2014-08-08",100.209999084473,101.150001525879,99.7699966430664,101.080001831055,5618400,72.2817993164062
"2014-08-11",101.620002746582,101.779998779297,101.01000213623,101.160003662109,5703000,72.3390350341797
"2014-08-12",101,101.220001220703,100.309997558594,100.629997253418,4577700,71.9600524902344
"2014-08-13",101.150001525879,101.949996948242,101.150001525879,101.73999786377,4563700,72.7537841796875
"2014-08-14",101.889999389648,102.050003051758,101.5,102.019996643066,5239400,72.9540176391602
"2014-08-15",102.209999084473,102.440002441406,100.800003051758,101.169998168945,6986000,72.3461761474609
"2014-08-18",101.919998168945,102.720001220703,101.75,102.699996948242,5979500,73.4402770996094
"2014-08-19",102.730003356934,102.959999084473,102.019996643066,102.959999084473,5670000,73.6261978149414
"2014-08-20",102.870002746582,103.300003051758,102.699996948242,103.209999084473,5183000,73.8049697875977
"2014-08-21",103.330001831055,104.419998168945,103.330001831055,104.190002441406,8357600,74.5057754516602
"2014-08-22",103.629997253418,104.029998779297,102.970001220703,103.099998474121,5076300,74.224983215332
"2014-08-25",103.650001525879,103.809997558594,103.089996337891,103.230003356934,3678200,74.3185806274414
"2014-08-26",103.470001220703,103.720001220703,103.169998168945,103.440002441406,3512400,74.4697723388672
"2014-08-27",103.599998474121,103.720001220703,102.910003662109,103.220001220703,4786100,74.3113861083984
"2014-08-28",102.900001525879,103.190002441406,102.709999084473,102.949996948242,3482200,74.1170120239258
"2014-08-29",103.099998474121,103.76000213623,103.01000213623,103.730003356934,5287800,74.6785659790039
"2014-09-02",103.300003051758,103.709999084473,103.019996643066,103.360000610352,4644800,74.4121627807617
"2014-09-03",103.819999694824,104.099998474121,103.540000915527,103.76000213623,4725800,74.7001571655273
"2014-09-04",103.98999786377,104.099998474121,103.76000213623,103.839996337891,6147700,74.7577362060547
"2014-09-05",103.919998168945,104.419998168945,103.339996337891,104.419998168945,5744400,75.1753082275391
"2014-09-08",104.419998168945,104.580001831055,103.830001831055,104.050003051758,4900300,74.9089126586914
"2014-09-09",104.400001525879,104.400001525879,103.550003051758,103.800003051758,5999400,74.7289581298828
"2014-09-10",104.190002441406,105.339996337891,103.959999084473,104.98999786377,7402200,75.5856552124023
"2014-09-11",104.779998779297,104.889999389648,104.099998474121,104.550003051758,4834100,75.2689056396484
"2014-09-12",104.540000915527,104.809997558594,103.959999084473,104.580001831055,5929200,75.2905044555664
"2014-09-15",104.589996337891,104.910003662109,104.349998474121,104.720001220703,4525500,75.3913040161133
"2014-09-16",104.48999786377,105.940002441406,104.300003051758,105.879997253418,6081400,76.2264022827148
"2014-09-17",105.879997253418,106.629997253418,105.800003051758,106.190002441406,6627800,76.4496002197266
"2014-09-18",106.180000305176,107.410003662109,106.029998779297,107.349998474121,6628700,77.2847213745117
"2014-09-19",107.889999389648,108.370002746582,107.620002746582,107.98999786377,13033400,77.7454452514648
"2014-09-22",108,108.25,107.779998779297,107.879997253418,5788300,77.6662826538086
"2014-09-23",107.769996643066,108.099998474121,107.190002441406,107.459999084473,8108100,77.3638916015625
"2014-09-24",107.699996948242,108.769996643066,107.339996337891,108.639999389648,5890900,78.2134246826172
"2014-09-25",108.529998779297,108.550003051758,107.069999694824,107.099998474121,5688200,77.1047286987305
"2014-09-26",107.410003662109,107.48999786377,106.199996948242,107.099998474121,4467500,77.1047286987305
"2014-09-29",106.379997253418,106.650001525879,106.040000915527,106.540000915527,6581600,76.7015686035156
"2014-09-30",106.5,107.209999084473,106.449996948242,106.589996337891,6822500,76.7375793457031
"2014-10-01",105.980003356934,106.279998779297,103.949996948242,104.300003051758,12263700,75.0889358520508
"2014-10-02",104.059997558594,104.540000915527,103.25,103.849998474121,7566100,74.7649383544922
"2014-10-03",104.230003356934,105.190002441406,104.129997253418,105.129997253418,6856100,75.6864624023438
"2014-10-06",105.680000305176,106,104.370002746582,104.860000610352,5015100,75.4920883178711
"2014-10-07",104.459999084473,104.459999084473,102.339996337891,102.389999389648,8407800,73.7138366699219
"2014-10-08",102.430000305176,105.029998779297,102.040000915527,104.910003662109,8337000,75.5280685424805
"2014-10-09",104.629997253418,104.860000610352,101.790000915527,102.080001831055,10675900,73.4906768798828
"2014-10-10",102.349998474121,102.529998779297,101.230003356934,101.230003356934,9984100,72.8787078857422
"2014-10-13",101.459999084473,101.459999084473,99.0199966430664,99.120002746582,10334600,71.3596572875977
"2014-10-14",100.529998779297,100.900001525879,95.3399963378906,97.0100021362305,20807400,69.8405838012695
"2014-10-15",96.0500030517578,98.7200012207031,95.0999984741211,98.2099990844727,21905900,70.7045364379883
"2014-10-16",96.9700012207031,98,96.5,96.7799987792969,14575300,69.6750183105469
"2014-10-17",97.5400009155273,99.1500015258789,97.3099975585938,98.6999969482422,12272900,71.0573043823242
"2014-10-20",98.8300018310547,99.1999969482422,98.3199996948242,99.1999969482422,7988900,71.417236328125
"2014-10-21",99.8300018310547,100.379997253418,99.3399963378906,100.360000610352,7287300,72.2523956298828
"2014-10-22",101.099998474121,101.790000915527,100.519996643066,101.220001220703,9360100,72.8715209960938
"2014-10-23",102.26000213623,102.980003356934,101.940002441406,102.629997253418,7570400,73.8866271972656
"2014-10-24",102.949996948242,103.290000915527,102.209999084473,103.129997253418,5973100,74.2466049194336
"2014-10-27",103.069999694824,104.23999786377,103.040000915527,104.069999694824,7043900,74.9233322143555
"2014-10-28",104.550003051758,104.800003051758,103.559997558594,104.790000915527,10347800,75.4416732788086
"2014-10-29",105,105.559997558594,104.860000610352,105.559997558594,8188300,75.9960098266602
"2014-10-30",105.169998168945,107.050003051758,104.910003662109,107.040000915527,9068300,77.0614929199219
"2014-10-31",107.940002441406,108.180000305176,107.26000213623,107.779998779297,10800100,77.5942764282227
"2014-11-03",107.830001831055,108.120002746582,106.75,107.459999084473,7082600,77.3638916015625
"2014-11-04",107.889999389648,108.730003356934,107.339996337891,108.620002746582,9349000,78.1990203857422
"2014-11-05",109.050003051758,109.26000213623,107.949996948242,108.819999694824,6966800,78.343017578125
"2014-11-06",108.930000305176,109.319999694824,108.550003051758,109.01000213623,6200300,78.4797973632812
"2014-11-07",109,109.029998779297,107.919998168945,108.199996948242,6652600,77.8966369628906
"2014-11-10",108.069999694824,108.919998168945,107.199996948242,108.819999694824,7573300,78.343017578125
"2014-11-11",108.879997253418,109.400001525879,108.550003051758,108.910003662109,6221100,78.4078063964844
"2014-11-12",108.669998168945,109,108.389999389648,108.75,4895900,78.2926254272461
"2014-11-13",109.050003051758,109.48999786377,108.5,109.069999694824,4860000,78.5229873657227
"2014-11-14",108.919998168945,109.059997558594,108.01000213623,108.160003662109,5650700,77.8678665161133
"2014-11-17",108,108.690002441406,107.610000610352,108.300003051758,5233000,77.968635559082
"2014-11-18",108.129997253418,109.059997558594,107.720001220703,108.830001831055,5407200,78.3502044677734
"2014-11-19",108.449996948242,108.809997558594,108.099998474121,108.76000213623,5217800,78.2998046875
"2014-11-20",108.550003051758,108.569999694824,107.690002441406,108.180000305176,8090700,77.8822784423828
"2014-11-21",108.730003356934,108.730003356934,107.620002746582,107.860000610352,8417400,78.157585144043
"2014-11-24",107.919998168945,108.230003356934,106.639999389648,106.879997253418,9098000,77.4474716186523
"2014-11-25",106.980003356934,107.190002441406,106.699996948242,106.699996948242,7367900,77.3170547485352
"2014-11-26",106.769996643066,107.25,106.599998474121,107.209999084473,5503700,77.6865921020508
"2014-11-28",107.610000610352,108.819999694824,107.330001831055,108.25,5881200,78.4402160644531
"2014-12-01",107.889999389648,108.809997558594,107.349998474121,108.029998779297,5638800,78.2807922363281
"2014-12-02",107.970001220703,108.529998779297,107.5,108.51000213623,6184400,78.6286010742188
"2014-12-03",108.540000915527,108.98999786377,107.650001525879,107.720001220703,8957400,78.05615234375
"2014-12-04",108.089996337891,108.300003051758,107.379997253418,107.559997558594,6697600,77.9402084350586
"2014-12-05",107.529998779297,108.73999786377,107.220001220703,108.51000213623,6449700,78.6286010742188
"2014-12-08",108.419998168945,108.879997253418,108.139999389648,108.519996643066,6499300,78.635856628418
"2014-12-09",108.220001220703,108.470001220703,106.889999389648,108.050003051758,7214300,78.2952880859375
"2014-12-10",107.610000610352,107.959999084473,106.150001525879,106.23999786377,9416400,76.9836959838867
"2014-12-11",105.849998474121,107.309997558594,105.360000610352,106.720001220703,7114600,77.3315277099609
"2014-12-12",106.650001525879,106.870002746582,104.389999389648,104.430000305176,8325500,75.6721649169922
"2014-12-15",104.769996643066,105.059997558594,103.629997253418,103.959999084473,12110600,75.3315734863281
"2014-12-16",103.480003356934,105.209999084473,102.5,102.76000213623,10209200,74.462043762207
"2014-12-17",103.269996643066,104.48999786377,102.699996948242,104.069999694824,10207600,75.4113235473633
"2014-12-18",105.620002746582,106.819999694824,104.73999786377,106.809997558594,11756800,77.3967514038086
"2014-12-19",106.629997253418,107.389999389648,105.5,105.550003051758,19154400,76.4837265014648
"2014-12-22",105.690002441406,106.830001831055,105.669998168945,106.73999786377,8124500,77.3460388183594
"2014-12-23",106.660003662109,106.910003662109,103.919998168945,104.279998779297,10171700,75.5634689331055
"2014-12-24",104.379997253418,105.330001831055,104.379997253418,104.589996337891,3415100,75.7880935668945
"2014-12-26",105.069999694824,105.690002441406,104.690002441406,105.059997558594,2951000,76.1286392211914
"2014-12-29",104.639999389648,105.690002441406,104.610000610352,105.330001831055,4273400,76.3243255615234
"2014-12-30",105.419998168945,105.800003051758,105.059997558594,105.360000610352,4371700,76.3460311889648
"2014-12-31",105.610000610352,106.110000610352,104.540000915527,104.569999694824,6202100,75.7735900878906
"2015-01-02",105.050003051758,105.550003051758,104.129997253418,104.519996643066,5753600,75.7373809814453
"2015-01-05",104.480003356934,104.730003356934,103.680000305176,103.790000915527,8079300,75.208381652832
"2015-01-06",104.339996337891,104.98999786377,102.940002441406,103.279998779297,7428000,74.8388290405273
"2015-01-07",103.910003662109,105.830001831055,103.809997558594,105.559997558594,7931700,76.4909744262695
"2015-01-08",106.059997558594,106.48999786377,105.75,106.389999389648,9916000,77.0924072265625
"2015-01-09",106.5,106.5,104.75,104.940002441406,7364800,76.0417022705078
"2015-01-12",105.169998168945,105.819999694824,104.300003051758,104.580001831055,6839000,75.7808456420898
"2015-01-13",105.440002441406,106.330001831055,104.23999786377,104.76000213623,10151100,75.9112548828125
"2015-01-14",103.860000610352,104.430000305176,103.51000213623,104,8887700,75.3605880737305
"2015-01-15",102.970001220703,103.930000305176,101.949996948242,102.48999786377,10834800,74.2663879394531
"2015-01-16",102.059997558594,104.620002746582,102,104.040000915527,14092300,75.3895568847656
"2015-01-20",101.550003051758,102.050003051758,100.26000213623,101.290000915527,20460000,73.396842956543
"2015-01-21",100.559997558594,102.099998474121,100.400001525879,101.900001525879,11702900,73.8388671875
"2015-01-22",102.389999389648,103.830001831055,101.569999694824,103.76000213623,9036600,75.1866607666016
"2015-01-23",102.940002441406,102.970001220703,101.940002441406,102.199996948242,10126000,74.0562515258789
"2015-01-26",101.800003051758,102.449996948242,101.209999084473,102.26000213623,8962800,74.099723815918
"2015-01-27",101.830001831055,102.769996643066,100.930000305176,102.089996337891,10160500,73.9765167236328
"2015-01-28",102.480003356934,102.930000305176,101.440002441406,101.480003356934,9053200,73.534538269043
"2015-01-29",101.51000213623,102.459999084473,100.669998168945,102.379997253418,7569300,74.1867065429688
"2015-01-30",101.580001831055,102,100.089996337891,100.139999389648,10676300,72.5635299682617
"2015-02-02",100.48999786377,100.849998474121,99.379997253418,100.830001831055,8990700,73.0635147094727
"2015-02-03",101.400001525879,102.559997558594,101.120002746582,102.459999084473,10005200,74.2446594238281
"2015-02-04",102.120002746582,102.449996948242,101.019996643066,101.360000610352,9514100,73.4475708007812
"2015-02-05",101.569999694824,102.559997558594,101.459999084473,102.459999084473,6642200,74.2446594238281
"2015-02-06",102.110000610352,102.449996948242,100.830001831055,101.099998474121,9215700,73.259162902832
"2015-02-09",101.059997558594,101.059997558594,99.0999984741211,99.7799987792969,9851700,72.3026733398438
"2015-02-10",100.190002441406,100.699996948242,99.4300003051758,100.349998474121,12275500,72.7156829833984
"2015-02-11",100.459999084473,100.790000915527,99.9499969482422,100.379997253418,8177000,72.7374572753906
"2015-02-12",100.5,100.540000915527,97.1500015258789,98.4400024414062,25835200,71.3316879272461
"2015-02-13",98.4400024414062,99.6699981689453,98.3300018310547,99.620002746582,11153600,72.1867141723633
"2015-02-17",99.3899993896484,100.480003356934,99.120002746582,100.440002441406,8627100,72.7808990478516
"2015-02-18",100.699996948242,100.940002441406,99.379997253418,99.9599990844727,7878200,72.43310546875
"2015-02-19",99.9499969482422,100.839996337891,99.6100006103516,100.699996948242,10028200,72.9693374633789
"2015-02-20",100.180000305176,100.370002746582,99.1100006103516,100.26000213623,10085700,73.159049987793
"2015-02-23",100.73999786377,100.769996643066,99.8000030517578,100.180000305176,6878200,73.1006546020508
"2015-02-24",100.25,101.050003051758,100,100.699996948242,6587200,73.4801254272461
"2015-02-25",100.940002441406,101.290000915527,100.160003662109,101.209999084473,9684000,73.8522567749023
"2015-02-26",101.379997253418,103.180000305176,101.220001220703,102.800003051758,11437900,75.012451171875
"2015-02-27",103.040000915527,103.330001831055,102.480003356934,102.51000213623,8500000,74.8008804321289
"2015-03-02",102.51000213623,103.410003662109,102.51000213623,103.220001220703,7277600,75.3189544677734
"2015-03-03",103.099998474121,103.099998474121,101.809997558594,102.339996337891,6419700,74.6767883300781
"2015-03-04",102.120002746582,102.120002746582,101.169998168945,101.650001525879,8665500,74.1732940673828
"2015-03-05",102.069999694824,103.209999084473,102,102.519996643066,8042300,74.8081665039062
"2015-03-06",102.089996337891,102.430000305176,99.879997253418,100.110000610352,9287600,73.0495758056641
"2015-03-09",100.199996948242,100.919998168945,99.7600021362305,100.660003662109,5701100,73.450927734375
"2015-03-10",99.9899978637695,100.440002441406,99.5100021362305,99.5299987792969,8735700,72.6263656616211
"2015-03-11",99.8300018310547,99.8300018310547,98.2200012207031,98.3199996948242,9138100,71.7434387207031
"2015-03-12",98.9599990844727,100.23999786377,98.8300018310547,99.8300018310547,8318000,72.8452682495117
"2015-03-13",99.8499984741211,100.050003051758,98.6399993896484,99.2099990844727,7821800,72.3928680419922
"2015-03-16",99.7399978637695,101.069999694824,99.7399978637695,101.059997558594,7726500,73.7428207397461
"2015-03-17",100.110000610352,100.519996643066,99.4100036621094,99.8899993896484,7301500,72.889045715332
"2015-03-18",99.8899993896484,101.73999786377,99.129997253418,101.459999084473,7972500,74.03466796875
"2015-03-19",101.040000915527,101.959999084473,100.910003662109,101.690002441406,6863100,74.202522277832
"2015-03-20",101.870002746582,102.900001525879,101.76000213623,102.400001525879,12433800,74.7205810546875
"2015-03-23",102.470001220703,103.349998474121,102.230003356934,102.980003356934,9016000,75.143798828125
"2015-03-24",102.830001831055,103.230003356934,101.930000305176,101.959999084473,8390700,74.3995361328125
"2015-03-25",101.849998474121,102.5,100.339996337891,100.339996337891,8444100,73.2173919677734
"2015-03-26",99.9499969482422,100.809997558594,99.5599975585938,100.139999389648,9972400,73.0714721679688
"2015-03-27",100.279998779297,100.949996948242,100.150001525879,100.339996337891,5847400,73.2173919677734
"2015-03-30",101.23999786377,101.860000610352,100.76000213623,101.550003051758,6061200,74.1003494262695
"2015-03-31",100.970001220703,101.48999786377,100.589996337891,100.599998474121,8028000,73.407112121582
"2015-04-01",100.459999084473,100.459999084473,98.6100006103516,99.1500015258789,11368100,72.3490753173828
"2015-04-02",99.4400024414062,99.9899978637695,98.8899993896484,99.6399993896484,6097100,72.7066268920898
"2015-04-06",98.8399963378906,99.5599975585938,98.0400009155273,99.1600036621094,9697600,72.3563919067383
"2015-04-07",99.5500030517578,100.870002746582,99.4300003051758,100.099998474121,7900300,73.0422973632812
"2015-04-08",99.8399963378906,100.449996948242,99.5999984741211,100.160003662109,7354100,73.086067199707
"2015-04-09",100.569999694824,101.650001525879,100.330001831055,101.330001831055,8073900,73.9398193359375
"2015-04-10",101.330001831055,102.139999389648,100.930000305176,102.059997558594,6786500,74.4724807739258
"2015-04-13",101.540000915527,101.980003356934,100.550003051758,100.550003051758,10753500,73.3706512451172
"2015-04-14",101.050003051758,101.459999084473,100.190002441406,100.519996643066,9322200,73.348747253418
"2015-04-15",100.540000915527,101.23999786377,100.330001831055,100.599998474121,8237100,73.407112121582
"2015-04-16",100.269996643066,100.319999694824,99.7699966430664,99.7900009155273,7324800,72.8160858154297
"2015-04-17",99.370002746582,99.8499984741211,99.1100006103516,99.5800018310547,11084200,72.6628494262695
"2015-04-20",100.26000213623,100.879997253418,100.050003051758,100.209999084473,6668500,73.1225738525391
"2015-04-21",100.660003662109,100.98999786377,100.160003662109,100.300003051758,6532700,73.1882247924805
"2015-04-22",100.629997253418,100.800003051758,99.9599990844727,100.430000305176,4763900,73.2831115722656
"2015-04-23",100.5,100.819999694824,99.9100036621094,100.459999084473,7351500,73.3049850463867
"2015-04-24",100.110000610352,101.529998779297,100,101.080001831055,6566900,73.7573928833008
"2015-04-27",101.160003662109,101.599998474121,100.470001220703,100.580001831055,9113900,73.3925552368164
"2015-04-28",100.449996948242,100.949996948242,99.3099975585938,100.73999786377,7484600,73.5092697143555
"2015-04-29",100.51000213623,100.610000610352,99.9000015258789,100.389999389648,8926200,73.25390625
"2015-04-30",100.069999694824,100.150001525879,98.7699966430664,99.1999969482422,10170600,72.3855667114258
"2015-05-01",99.620002746582,100.389999389648,99.620002746582,100.129997253418,6255000,73.0642013549805
"2015-05-04",100.330001831055,100.550003051758,100.160003662109,100.349998474121,5532400,73.2246932983398
"2015-05-05",100.129997253418,100.290000915527,99.2900009155273,99.5,8828000,72.6045074462891
"2015-05-06",99.620002746582,99.870002746582,98.6600036621094,99.1699981689453,8030800,72.3636779785156
"2015-05-07",98.9400024414062,100,98.9100036621094,99.6600036621094,6401600,72.7212371826172
"2015-05-08",100.480003356934,101.669998168945,100.440002441406,101.470001220703,7508600,74.0419998168945
"2015-05-11",101.319999694824,101.660003662109,101.01000213623,101.029998779297,5698900,73.7209167480469
"2015-05-12",100.879997253418,101.050003051758,100.279998779297,100.470001220703,6903100,73.3122863769531
"2015-05-13",100.680000305176,101.129997253418,100.470001220703,100.550003051758,5826800,73.3706512451172
"2015-05-14",100.970001220703,101.870002746582,100.949996948242,101.830001831055,5454000,74.3046493530273
"2015-05-15",101.980003356934,102.319999694824,101.669998168945,102.300003051758,6023500,74.6476058959961
"2015-05-18",102.370002746582,104.339996337891,102.319999694824,103.419998168945,10479600,75.4648513793945
"2015-05-19",103.660003662109,104.120002746582,103.26000213623,103.959999084473,7724100,75.8588943481445
"2015-05-20",104.419998168945,104.480003356934,103.309997558594,103.599998474121,7146500,75.5962295532227
"2015-05-21",102.910003662109,103.300003051758,102.339996337891,102.419998168945,6875600,75.2801742553711
"2015-05-22",102.269996643066,102.410003662109,101.330001831055,101.349998474121,6216600,74.4936828613281
"2015-05-26",101.230003356934,101.550003051758,100.580001831055,100.819999694824,7918900,74.1041412353516
"2015-05-27",101.01000213623,101.410003662109,100.800003051758,101.129997253418,9297900,74.3320007324219
"2015-05-28",101.01000213623,101.699996948242,100.809997558594,101.150001525879,5700100,74.3467025756836
"2015-05-29",101.550003051758,101.620002746582,99.8300018310547,100.139999389648,9957800,73.6043167114258
"2015-06-01",100.279998779297,100.599998474121,99.7200012207031,100.040000915527,7298100,73.5308227539062
"2015-06-02",99.9199981689453,100.23999786377,99.0999984741211,99.9800033569336,8312400,73.4867324829102
"2015-06-03",100.319999694824,100.430000305176,99.8399963378906,100.089996337891,5375200,73.5675506591797
"2015-06-04",99.9400024414062,100.470001220703,99.0599975585938,99.2300033569336,8057900,72.9354858398438
"2015-06-05",98.9899978637695,99.0500030517578,98.1999969482422,98.5899963378906,7557300,72.4650421142578
"2015-06-08",98.5999984741211,98.9800033569336,97.9599990844727,97.9599990844727,7054600,72.0019912719727
"2015-06-09",98.4400024414062,98.5400009155273,97.8000030517578,98.2099990844727,7844300,72.1857376098633
"2015-06-10",98.4800033569336,99.5500030517578,98.1999969482422,98.879997253418,10025100,72.6781997680664
"2015-06-11",99.1999969482422,99.8000030517578,98.8300018310547,99.2399978637695,6175200,72.9428176879883
"2015-06-12",98.879997253418,99.2300033569336,98.120002746582,98.3499984741211,8717200,72.2886657714844
"2015-06-15",97.75,97.870002746582,97.0100021362305,97.4899978637695,6833500,71.6565475463867
"2015-06-16",97.5,98.4899978637695,97.0999984741211,98.3600006103516,6049500,72.2960052490234
"2015-06-17",98.379997253418,99.120002746582,98.1500015258789,98.7300033569336,6155800,72.5679626464844
"2015-06-18",98.8600006103516,100.550003051758,98.7099990844727,100.360000610352,8815800,73.7660522460938
"2015-06-19",99.879997253418,100.199996948242,99.7799987792969,99.8600006103516,11653600,73.3985137939453
"2015-06-22",100.599998474121,100.839996337891,99.9899978637695,100.089996337891,5055900,73.5675506591797
"2015-06-23",100.099998474121,100.360000610352,99.4800033569336,99.7799987792969,6046600,73.3397369384766
"2015-06-24",99.5100021362305,99.8099975585938,99.0699996948242,99.3300018310547,7254700,73.0089645385742
"2015-06-25",99.5,99.9800033569336,99.1100006103516,99.120002746582,6581100,72.8546142578125
"2015-06-26",99.4300003051758,100.129997253418,99.25,99.6399993896484,9041100,73.23681640625
"2015-06-29",98.9800033569336,99.3499984741211,97.620002746582,97.6800003051758,11150900,71.7961807250977
"2015-06-30",98.4300003051758,98.4499969482422,97.3000030517578,97.4599990844727,8967900,71.6344833374023
"2015-07-01",98.3000030517578,98.6800003051758,97.6399993896484,98.4700012207031,6726700,72.3768615722656
"2015-07-02",98.8499984741211,99.0199966430664,98.3199996948242,98.4400024414062,6091900,72.3548126220703
"2015-07-06",97.7099990844727,98.5,96.6399993896484,98.1999969482422,6817800,72.1784057617188
"2015-07-07",98.629997253418,98.9800033569336,97.5199966430664,98.9199981689453,7122600,72.7076263427734
"2015-07-08",98.4199981689453,98.5899963378906,97.6900024414062,97.7699966430664,6845500,71.8623275756836
"2015-07-09",99.0500030517578,99.5400009155273,98.4000015258789,98.4000015258789,7316400,72.3253860473633
"2015-07-10",99.7799987792969,99.8899993896484,99.0899963378906,99.5299987792969,6969300,73.1559753417969
"2015-07-13",100.050003051758,100.480003356934,99.870002746582,100.269996643066,6986300,73.6998672485352
"2015-07-14",99.2600021362305,99.879997253418,98.5500030517578,99.7799987792969,9890600,73.3397369384766
"2015-07-15",99.7600021362305,100.940002441406,99.629997253418,100.419998168945,7990300,73.8101196289062
"2015-07-16",100.949996948242,101.360000610352,100.779998779297,101.110000610352,5775000,74.3173065185547
"2015-07-17",100.889999389648,100.910003662109,99.9599990844727,100.080001831055,8054200,73.5602035522461
"2015-07-20",100.5,100.650001525879,100.099998474121,100.370002746582,5016200,73.7733612060547
"2015-07-21",100.599998474121,100.809997558594,100.069999694824,100.339996337891,5891600,73.7513275146484
"2015-07-22",100.410003662109,100.709999084473,99.7300033569336,100.180000305176,6721900,73.6337280273438
"2015-07-23",100.5,100.599998474121,100,100.199996948242,5016100,73.6484298706055
"2015-07-24",99.75,99.9499969482422,99.0500030517578,99.1500015258789,6524200,72.8766555786133
"2015-07-27",98.9700012207031,98.9899978637695,97.9199981689453,98.2799987792969,8734000,72.2372055053711
"2015-07-28",98.8899993896484,99.2300033569336,98.4199981689453,99.0199966430664,7757500,72.7810974121094
"2015-07-29",99.2600021362305,100.050003051758,99.0500030517578,99.7300033569336,7853500,73.302978515625
"2015-07-30",99.8000030517578,100,99.379997253418,99.8399963378906,5517400,73.3838119506836
"2015-07-31",100.339996337891,100.980003356934,99.9599990844727,100.209999084473,6216800,73.6557998657227
"2015-08-03",100,100.209999084473,99.2300033569336,100.019996643066,6172500,73.5161514282227
"2015-08-04",100.410003662109,100.5,99.6500015258789,99.8000030517578,6005300,73.3544158935547
"2015-08-05",100.569999694824,101,100.349998474121,100.519996643066,4571300,73.8836135864258
"2015-08-06",100.48999786377,100.599998474121,99.0100021362305,99.0699996948242,6988000,72.8178558349609
"2015-08-07",99.0199966430664,99.0699996948242,98.1600036621094,98.8499984741211,6027900,72.6561508178711
"2015-08-10",99.5699996948242,100.059997558594,99.4499969482422,99.7900009155273,6133500,73.3470687866211
"2015-08-11",99.0500030517578,99.3399963378906,98.7699966430664,99.0100021362305,6682600,72.7737808227539
"2015-08-12",98.4000015258789,98.7300033569336,97.4100036621094,98.7099990844727,7462400,72.5532836914062
"2015-08-13",98.7399978637695,98.9800033569336,98.1500015258789,98.4800033569336,5048000,72.3842086791992
"2015-08-14",98.3300018310547,98.8300018310547,97.870002746582,98.8099975585938,5177300,72.6267700195312
"2015-08-17",98.4400024414062,99.879997253418,98.0599975585938,99.870002746582,6901800,73.4058990478516
"2015-08-18",99.2399978637695,99.6800003051758,99.0199966430664,99.370002746582,7618800,73.0383758544922
"2015-08-19",99.1800003051758,99.9899978637695,98.7799987792969,99.3099975585938,7642400,72.994255065918
"2015-08-20",98.9499969482422,100.120002746582,98.7900009155273,98.7900009155273,10620400,72.6120376586914
"2015-08-21",97.2200012207031,98.5199966430664,95.5100021362305,95.5599975585938,16141500,70.775276184082
"2015-08-24",91.0800018310547,95.2099990844727,81.7900009155273,92.8199996948242,25636300,68.7459411621094
"2015-08-25",95.6900024414062,95.6999969482422,90.4000015258789,90.7300033569336,15671100,67.197998046875
"2015-08-26",92.9100036621094,95.2200012207031,91.4599990844727,95.1100006103516,14738300,70.4419784545898
"2015-08-27",96.0999984741211,96.4000015258789,94.3499984741211,96.2200012207031,11131200,71.2641067504883
"2015-08-28",95.9300003051758,96.2900009155273,94.379997253418,95.1699981689453,9200300,70.4864120483398
"2015-08-31",94.879997253418,95.1699981689453,93.5800018310547,93.9800033569336,9083500,69.605094909668
"2015-09-01",92.2900009155273,92.8899993896484,91.4599990844727,92.0899963378906,14593500,68.2052688598633
"2015-09-02",93.1699981689453,93.4700012207031,92.5,93.3499984741211,11517400,69.1384887695312
"2015-09-03",93.6600036621094,94.0899963378906,92.2600021362305,92.6399993896484,9027200,68.6126098632812
"2015-09-04",91.5800018310547,91.879997253418,90.5699996948242,91.3099975585938,10996800,67.6275634765625
"2015-09-08",93.0899963378906,93.9800033569336,92.5100021362305,93.9400024414062,11394100,69.5754547119141
"2015-09-09",94.9899978637695,95.1600036621094,92.0299987792969,92.2200012207031,7384500,68.3015670776367
"2015-09-10",92.1100006103516,93.4800033569336,91.620002746582,92.7200012207031,8359500,68.6718521118164
"2015-09-11",92.4400024414062,93,91.8000030517578,92.9300003051758,7381300,68.8274078369141
"2015-09-14",92.9000015258789,93.9100036621094,92.5100021362305,93.3199996948242,7948700,69.1162490844727
"2015-09-15",93.7900009155273,94.75,93.1900024414062,94.4000015258789,7030700,69.9161224365234
"2015-09-16",94.4899978637695,94.8199996948242,93.8199996948242,94.6100006103516,5630400,70.0716857910156
"2015-09-17",94.5299987792969,96.1900024414062,94.3199996948242,94.8399963378906,8258000,70.2420196533203
"2015-09-18",94.0800018310547,94.7200012207031,93.25,93.3899993896484,14211100,69.1680908203125
"2015-09-21",93.870002746582,94.5999984741211,92.370002746582,93.129997253418,7053700,68.9755249023438
"2015-09-22",92.2600021362305,93.4400024414062,91.879997253418,93.2399978637695,10618700,69.057014465332
"2015-09-23",93.2099990844727,93.6999969482422,92.5599975585938,92.9899978637695,5609300,68.8718414306641
"2015-09-24",92.5199966430664,92.9400024414062,91.7799987792969,92.4800033569336,7407600,68.4941177368164
"2015-09-25",92.9300003051758,93.129997253418,90.7600021362305,91,10794400,67.3979644775391
"2015-09-28",90.6999969482422,92.0699996948242,89.9000015258789,91.370002746582,14332800,67.6720199584961
"2015-09-29",92.2399978637695,93.8399963378906,91.8300018310547,93.0400009155273,11520000,68.9088897705078
"2015-09-30",94.129997253418,94.4700012207031,92.5899963378906,93.3499984741211,10970100,69.1384887695312
"2015-10-01",93.4300003051758,93.8499984741211,91.7600021362305,93.1699981689453,9675900,69.0051498413086
"2015-10-02",92.1399993896484,93.9700012207031,91.8399963378906,93.9300003051758,8368100,69.5680236816406
"2015-10-05",94.1900024414062,94.8199996948242,94.0800018310547,94.7600021362305,9419200,70.1827621459961
"2015-10-06",94.5199966430664,94.6600036621094,92.5800018310547,93.4199981689453,8365200,69.190315246582
"2015-10-07",94.2600021362305,95.4199981689453,93.4400024414062,94.9800033569336,9397300,70.3457183837891
"2015-10-08",94.7099990844727,95.1999969482422,93.8099975585938,95.0800018310547,7090700,70.4197463989258
"2015-10-09",95.1399993896484,95.9599990844727,94.7799987792969,95.370002746582,8259700,70.6345520019531
"2015-10-12",95.0699996948242,96.4700012207031,94.9800033569336,95.9899978637695,8957900,71.0937423706055
"2015-10-13",94.7900009155273,96.2300033569336,94.3099975585938,95.4499969482422,12761900,70.6938095092773
"2015-10-14",95.2099990844727,95.9599990844727,94.120002746582,94.5299987792969,8881900,70.0124130249023
"2015-10-15",95,97.3499984741211,94.8600006103516,97.1500015258789,9561900,71.9528961181641
"2015-10-16",97.870002746582,98.3099975585938,97.4000015258789,98.2399978637695,9495300,72.7602005004883
"2015-10-19",98.0500030517578,98.1999969482422,97.3099975585938,97.9400024414062,8725400,72.5380020141602
"2015-10-20",97.9499969482422,98.25,97.3099975585938,97.5899963378906,6041800,72.2787628173828
"2015-10-21",97.6399993896484,98.2200012207031,97.0699996948242,97.629997253418,7059800,72.3083953857422
"2015-10-22",97.8499984741211,99.8099975585938,97.129997253418,99.5299987792969,9887900,73.7155990600586
"2015-10-23",99.879997253418,100.879997253418,99.5299987792969,100.309997558594,9178900,74.2933044433594
"2015-10-26",100.050003051758,100.279998779297,99.4899978637695,99.9400024414062,7561600,74.0192642211914
"2015-10-27",99.9199981689453,100.900001525879,99.6999969482422,100.190002441406,8883200,74.2044219970703
"2015-10-28",100.449996948242,100.480003356934,99.5,100.480003356934,7256300,74.4192047119141
"2015-10-29",100.470001220703,101.529998779297,100.120002746582,101.370002746582,6340700,75.0783615112305
"2015-10-30",101.529998779297,102.120002746582,101.01000213623,101.029998779297,10520300,74.8265609741211
"2015-11-02",101.180000305176,102.339996337891,100.839996337891,102.169998168945,6297900,75.6708908081055
"2015-11-03",101.839996337891,102.300003051758,101.110000610352,101.959999084473,6229200,75.5153503417969
"2015-11-04",101.900001525879,102.389999389648,101.690002441406,101.940002441406,5592300,75.5005340576172
"2015-11-05",102.25,102.48999786377,101.419998168945,102.330001831055,6545600,75.7894058227539
"2015-11-06",101.569999694824,101.919998168945,100.860000610352,101.919998168945,6221100,75.485725402832
"2015-11-09",101.389999389648,101.589996337891,100.550003051758,100.839996337891,6625900,74.6858367919922
"2015-11-10",101,101.76000213623,100.680000305176,101.449996948242,5114200,75.1376037597656
"2015-11-11",101.779998779297,102.360000610352,101.5,101.860000610352,6284700,75.4413070678711
"2015-11-12",101.139999389648,101.610000610352,100.220001220703,100.269996643066,6918700,74.2636795043945
"2015-11-13",100.040000915527,100.940002441406,99.7399978637695,99.879997253418,8517500,73.9748458862305
"2015-11-16",100.379997253418,101.290000915527,100.040000915527,101.220001220703,5755800,74.9672927856445
"2015-11-17",100.379997253418,101.709999084473,100.379997253418,101.5,5124000,75.1746826171875
"2015-11-18",101.529998779297,102.800003051758,101.309997558594,102.669998168945,7148400,76.0411987304688
"2015-11-19",102.660003662109,102.680000305176,102.059997558594,102.48999786377,5164500,75.9078750610352
"2015-11-20",102.48999786377,102.800003051758,102.199996948242,102.480003356934,7671500,76.4600067138672
"2015-11-23",102.389999389648,103,102.190002441406,102.769996643066,6730600,76.6763763427734
"2015-11-24",101.809997558594,102.790000915527,101.809997558594,102.040000915527,7492400,76.131721496582
"2015-11-25",102.169998168945,102.330001831055,101.959999084473,101.959999084473,5400800,76.072021484375
"2015-11-27",102.279998779297,102.620002746582,101.790000915527,102.370002746582,2353800,76.3779296875
"2015-11-30",102.480003356934,102.480003356934,101.23999786377,101.23999786377,8983700,75.5348434448242
"2015-12-01",101.730003356934,102.48999786377,101.120002746582,102.360000610352,7545700,76.370475769043
"2015-12-02",102.5,102.930000305176,101.98999786377,102.050003051758,6623500,76.1391983032227
"2015-12-03",102.269996643066,102.370002746582,100.309997558594,100.790000915527,12008700,75.1991119384766
"2015-12-04",101.400001525879,103,101.279998779297,102.949996948242,7845400,76.810676574707
"2015-12-07",102.610000610352,103.48999786377,102.599998474121,103.319999694824,7262900,77.0867233276367
"2015-12-08",102.980003356934,103.23999786377,101.910003662109,102.419998168945,8005400,76.4152450561523
"2015-12-09",102.139999389648,103.339996337891,101.669998168945,102.150001525879,7947000,76.2137985229492
"2015-12-10",102.300003051758,103.339996337891,101.800003051758,102.639999389648,6479300,76.5793991088867
"2015-12-11",102.370002746582,102.370002746582,101.430000305176,101.680000305176,7796500,75.8631210327148
"2015-12-14",101.650001525879,102.290000915527,100.779998779297,102.150001525879,10641500,76.2137985229492
"2015-12-15",102.650001525879,104.690002441406,102.650001525879,104.129997253418,9283200,77.691047668457
"2015-12-16",104.639999389648,105.48999786377,103.519996643066,105.25,8178800,78.5266876220703
"2015-12-17",105.160003662109,105.26000213623,103.629997253418,103.639999389648,8740800,77.3254852294922
"2015-12-18",103.080001831055,103.080001831055,101.949996948242,101.949996948242,14966000,76.0645751953125
"2015-12-21",102.339996337891,102.919998168945,100.849998474121,101.580001831055,8321900,75.7885055541992
"2015-12-22",101.910003662109,102.879997253418,101.150001525879,102.709999084473,5581600,76.6316375732422
"2015-12-23",103.110000610352,103.669998168945,102.73999786377,103.48999786377,5531700,77.2135772705078
"2015-12-24",103.120002746582,103.910003662109,103.01000213623,103.720001220703,2546300,77.385139465332
"2015-12-28",103.180000305176,103.470001220703,102.930000305176,103.220001220703,4063000,77.0121459960938
"2015-12-29",103.339996337891,104.190002441406,103.339996337891,104.029998779297,4230000,77.6164474487305
"2015-12-30",104.110000610352,104.339996337891,103.529998779297,103.779998779297,3847800,77.4299240112305
"2015-12-31",103.370002746582,103.620002746582,102.690002441406,102.720001220703,4592600,76.6390838623047
"2016-01-04",101.709999084473,101.809997558594,99.4499969482422,100.480003356934,12722800,74.9678115844727
"2016-01-05",100.580001831055,101.440002441406,100.569999694824,100.900001525879,6467200,75.2811813354492
"2016-01-06",99.8199996948242,100.970001220703,99.5999984741211,100.389999389648,7733800,74.9006805419922
"2016-01-07",99.3099975585938,100.089996337891,98.879997253418,99.2200012207031,9433100,74.0277252197266
"2016-01-08",99.879997253418,99.9400024414062,97.8499984741211,98.1600036621094,9766700,73.2368698120117
"2016-01-11",98.2399978637695,98.629997253418,96.0800018310547,97.5699996948242,8151400,72.7966537475586
"2016-01-12",97.9899978637695,98.629997253418,97.2399978637695,98.2399978637695,6745000,73.2965545654297
"2016-01-13",98.4899978637695,98.9800033569336,96.8399963378906,97.0199966430664,8290700,72.3863143920898
"2016-01-14",97.0999984741211,99.4700012207031,97,98.8899993896484,10164300,73.7815246582031
"2016-01-15",96.370002746582,98,96.25,97,12662200,72.3713989257812
"2016-01-19",97.9300003051758,98.4100036621094,96.9000015258789,97.5,12457800,72.7444229125977
"2016-01-20",96.1100006103516,97.2799987792969,94.5299987792969,95.75,12685200,71.4387741088867
"2016-01-21",95.7699966430664,96.6399993896484,94.2799987792969,95.9400024414062,11266400,71.5805511474609
"2016-01-22",97.0199966430664,97.0899963378906,95.9499969482422,96.75,8380000,72.1848602294922
"2016-01-25",96.7200012207031,97.6900024414062,96.0400009155273,96.4000015258789,9350200,71.9237670898438
"2016-01-26",97.2600021362305,101.339996337891,97.1399993896484,101.180000305176,17266600,75.4900817871094
"2016-01-27",100.48999786377,103.379997253418,100.48999786377,102.160003662109,19330500,76.2212524414062
"2016-01-28",102.5,103.040000915527,101.849998474121,102.269996643066,12789500,76.3033065795898
"2016-01-29",102.889999389648,104.75,102.629997253418,104.440002441406,15614600,77.9223480224609
"2016-02-01",103.610000610352,104.790000915527,103.220001220703,104.370002746582,9803700,77.8701400756836
"2016-02-02",103.300003051758,104.26000213623,103,103.410003662109,10616300,77.1538696289062
"2016-02-03",103.650001525879,104.379997253418,102.01000213623,104.139999389648,10168600,77.6985244750977
"2016-02-04",103.610000610352,104.089996337891,102.730003356934,103.900001525879,10389000,77.5194702148438
"2016-02-05",102.660003662109,102.769996643066,99.7799987792969,100.540000915527,15522200,75.0125732421875
"2016-02-08",100.309997558594,103.51000213623,100.220001220703,102,14323800,76.1018600463867
"2016-02-09",101.309997558594,102.23999786377,100.970001220703,101.970001220703,10044500,76.0795135498047
"2016-02-10",102.050003051758,102.910003662109,101.370002746582,101.730003356934,9833100,75.9004287719727
"2016-02-11",100.459999084473,102.019996643066,99.9800033569336,101.699996948242,12465800,75.878044128418
"2016-02-12",101.819999694824,101.980003356934,100.720001220703,101.819999694824,9035000,75.9675979614258
"2016-02-16",102.370002746582,103.050003051758,101.650001525879,102.319999694824,10452800,76.3406295776367
"2016-02-17",102.75,103.23999786377,102.230003356934,102.5,8904000,76.4749145507812
"2016-02-18",102.830001831055,104.680000305176,102.5,104.23999786377,10744600,77.7731094360352
"2016-02-19",103.580001831055,104.680000305176,103.379997253418,104.160003662109,9343300,78.2766265869141
"2016-02-22",104.160003662109,104.75,104.050003051758,104.75,6947000,78.7200088500977
"2016-02-23",104.650001525879,104.790000915527,103.959999084473,104.080001831055,6629200,78.2165298461914
"2016-02-24",103.339996337891,105.080001831055,102.970001220703,104.959999084473,9076100,78.8778305053711
"2016-02-25",104.949996948242,106.389999389648,104.769996643066,106.379997253418,8092500,79.9449691772461
"2016-02-26",106.819999694824,106.919998168945,105.419998168945,105.779998779297,9049400,79.4940719604492
"2016-02-29",105.279998779297,106.199996948242,105.040000915527,105.209999084473,10111100,79.0657043457031
"2016-03-01",105.900001525879,107.23999786377,105.440002441406,107.220001220703,8298500,80.5762481689453
"2016-03-02",106.910003662109,107.410003662109,106.430000305176,107.040000915527,9767000,80.4409637451172
"2016-03-03",106.819999694824,107,105.629997253418,106.650001525879,6927200,80.1478958129883
"2016-03-04",106.51000213623,106.980003356934,106.069999694824,106.5,6715700,80.0351867675781
"2016-03-07",106,106.919998168945,105.48999786377,106.73999786377,6973500,80.2155303955078
"2016-03-08",106.519996643066,106.769996643066,105.970001220703,106.220001220703,7632900,79.8247375488281
"2016-03-09",106.839996337891,107.019996643066,106.089996337891,106.839996337891,7564200,80.2906723022461
"2016-03-10",106.98999786377,107.480003356934,106.069999694824,107.139999389648,10474700,80.5161209106445
"2016-03-11",107.5,107.98999786377,107.209999084473,107.709999084473,7763800,80.9444580078125
"2016-03-14",107.919998168945,108.300003051758,107.309997558594,107.660003662109,7242800,80.9068908691406
"2016-03-15",107.620002746582,108.349998474121,106.76000213623,107.76000213623,8476600,80.982048034668
"2016-03-16",107.730003356934,107.779998779297,106.879997253418,107.410003662109,7065100,80.7190246582031
"2016-03-17",107.470001220703,107.599998474121,106.449996948242,106.73999786377,8571100,80.2155303955078
"2016-03-18",106.98999786377,107.839996337891,106.360000610352,107.5,14758300,80.7866592407227
"2016-03-21",107.410003662109,107.75,106.550003051758,107.279998779297,7674700,80.6213455200195
"2016-03-22",107.279998779297,107.629997253418,107.050003051758,107.379997253418,7821700,80.6964874267578
"2016-03-23",107.290000915527,108.830001831055,107.199996948242,108.5,8191300,81.5381622314453
"2016-03-24",108.220001220703,108.610000610352,107.75,108.309997558594,6284500,81.395378112793
"2016-03-28",108.410003662109,108.900001525879,108.059997558594,108.230003356934,4738100,81.3352584838867
"2016-03-29",108.300003051758,109.25,107.73999786377,109.139999389648,6612800,82.0191268920898
"2016-03-30",109.449996948242,109.559997558594,108.930000305176,108.980003356934,5248200,81.8988876342773
"2016-03-31",108.860000610352,108.980003356934,108.040000915527,108.199996948242,8167700,81.3127212524414
"2016-04-01",108,109.290000915527,107.690002441406,109.190002441406,9043200,82.0567092895508
"2016-04-04",108.819999694824,109.099998474121,108.26000213623,108.589996337891,10668900,81.605827331543
"2016-04-05",108.230003356934,109.839996337891,108.01000213623,108.949996948242,7939000,81.8763580322266
"2016-04-06",108.720001220703,109.5,107.879997253418,109.419998168945,6828700,82.2295532226562
"2016-04-07",109,109.620002746582,108.629997253418,109.269996643066,7822900,82.1168212890625
"2016-04-08",109.370002746582,109.639999389648,108.76000213623,109.099998474121,6301600,81.9890823364258
"2016-04-11",109.150001525879,109.620002746582,108.650001525879,108.970001220703,6823900,81.8913726806641
"2016-04-12",109,110.23999786377,108.75,109.599998474121,8412300,82.3648300170898
"2016-04-13",110,110.349998474121,109.309997558594,109.870002746582,5758300,82.5677337646484
"2016-04-14",110,110.290000915527,109.449996948242,109.839996337891,4457100,82.5451736450195
"2016-04-15",110.069999694824,110.400001525879,109.5,110.180000305176,10057900,82.8006896972656
"2016-04-18",110,111.099998474121,109.669998168945,110.930000305176,7772500,83.3643112182617
"2016-04-19",111.650001525879,113.949996948242,111.480003356934,112.680000305176,10526400,84.679443359375
"2016-04-20",113.190002441406,114.190002441406,113.050003051758,113.580001831055,8213400,85.3558120727539
"2016-04-21",113.309997558594,113.730003356934,112.769996643066,113.569999694824,7884500,85.3483276367188
"2016-04-22",113.430000305176,113.75,112.830001831055,113.319999694824,7508700,85.1604232788086
"2016-04-25",113.309997558594,113.550003051758,112.480003356934,113.51000213623,6139900,85.3031921386719
"2016-04-26",113.449996948242,113.559997558594,112.650001525879,112.910003662109,5853600,84.8522872924805
"2016-04-27",112.959999084473,113.199996948242,112.459999084473,112.769996643066,5759300,84.7470855712891
"2016-04-28",112.099998474121,112.709999084473,111.639999389648,112.480003356934,6640000,84.5291366577148
"2016-04-29",112.059997558594,112.220001220703,111.51000213623,112.080001831055,7774500,84.2285461425781
"2016-05-02",112.220001220703,112.790000915527,111.930000305176,112.75,5178800,84.732063293457
"2016-05-03",112.559997558594,113.099998474121,112.120002746582,112.690002441406,7554500,84.6869735717773
"2016-05-04",112.040000915527,112.540000915527,111.699996948242,112.220001220703,5214600,84.3337707519531
"2016-05-05",112.080001831055,113.099998474121,112.040000915527,112.879997253418,5404300,84.8297653198242
"2016-05-06",112.580001831055,113.050003051758,112.279998779297,112.73999786377,6099900,84.7245483398438
"2016-05-09",112.980003356934,113.98999786377,112.730003356934,113.720001220703,6512700,85.4610366821289
"2016-05-10",114,115,113.919998168945,114.669998168945,8356400,86.1749496459961
"2016-05-11",114.569999694824,114.76000213623,114.309997558594,114.370002746582,6680700,85.9495010375977
"2016-05-12",114.5,114.76000213623,113.540000915527,114.230003356934,7156300,85.8442764282227
"2016-05-13",113.900001525879,114.089996337891,113.360000610352,113.559997558594,6779900,85.3407745361328
"2016-05-16",113.389999389648,114.629997253418,113.309997558594,114.440002441406,6222900,86.0020980834961
"2016-05-17",114.540000915527,114.559997558594,113.23999786377,113.830001831055,9233900,85.5436782836914
"2016-05-18",113.610000610352,114.029998779297,112.879997253418,113.589996337891,8267900,85.3633041381836
"2016-05-19",112.98999786377,113.040000915527,112.199996948242,112.849998474121,8232200,84.8072128295898
"2016-05-20",112.199996948242,112.919998168945,111.76000213623,112.639999389648,7435200,85.253776550293
"2016-05-23",112.769996643066,112.819999694824,112.040000915527,112.160003662109,6462300,84.8904800415039
"2016-05-24",112.519996643066,113.5,112.519996643066,112.690002441406,6125300,85.2916107177734
"2016-05-25",113.180000305176,113.730003356934,112.849998474121,113.349998474121,5453800,85.7911376953125
"2016-05-26",113.110000610352,113.319999694824,112.849998474121,112.900001525879,3973600,85.4505386352539
"2016-05-27",113.040000915527,113.339996337891,112.690002441406,113.059997558594,4647000,85.571647644043
"2016-05-31",113.26000213623,113.629997253418,112.319999694824,112.690002441406,10104700,85.2916107177734
"2016-06-01",112.690002441406,113.059997558594,112.069999694824,112.779998779297,4748900,85.3597183227539
"2016-06-02",112.870002746582,114.650001525879,112.860000610352,114.48999786377,7310800,86.6539840698242
"2016-06-03",114.470001220703,115.389999389648,114.120002746582,114.76000213623,6881700,86.8583297729492
"2016-06-06",114.970001220703,116,114.930000305176,115.769996643066,6349400,87.6227722167969
"2016-06-07",116.01000213623,116.230003356934,115.449996948242,115.730003356934,6417400,87.5924911499023
"2016-06-08",115.519996643066,115.949996948242,115.410003662109,115.800003051758,5863800,87.6454696655273
"2016-06-09",115.779998779297,117.190002441406,115.610000610352,117,7375500,88.5536880493164
"2016-06-10",116.73999786377,117.230003356934,116.360000610352,117.01000213623,6067400,88.5612716674805
"2016-06-13",117.129997253418,117.639999389648,116.790000915527,116.790000915527,7940900,88.3947830200195
"2016-06-14",116.449996948242,117.180000305176,116.300003051758,117.120002746582,6378400,88.6445465087891
"2016-06-15",117.639999389648,117.73999786377,116.339996337891,116.410003662109,6371400,88.107177734375
"2016-06-16",115.690002441406,116.889999389648,115.220001220703,116.639999389648,6664300,88.2812271118164
"2016-06-17",116.620002746582,116.669998168945,115.01000213623,115.480003356934,10702200,87.4032592773438
"2016-06-20",116.599998474121,117.139999389648,116.430000305176,116.540000915527,5588200,88.2055816650391
"2016-06-21",116.98999786377,117.150001525879,116.180000305176,116.180000305176,5493500,87.9330749511719
"2016-06-22",116.540000915527,117.209999084473,116.309997558594,116.459999084473,5833800,88.1449890136719
"2016-06-23",117.199996948242,117.379997253418,116.680000305176,117.379997253418,6775900,88.8413543701172
"2016-06-24",115.069999694824,117.120002746582,115,115.629997253418,13939500,87.5168228149414
"2016-06-27",115,116.639999389648,115,116.550003051758,10877400,88.2131271362305
"2016-06-28",117.169998168945,118.370002746582,116.550003051758,118.230003356934,10089600,89.4846649169922
"2016-06-29",118.839996337891,119.410003662109,118.099998474121,119.330001831055,8341500,90.3172378540039
"2016-06-30",119.180000305176,121.410003662109,119.160003662109,121.300003051758,11559900,91.8082427978516
"2016-07-01",121.300003051758,121.540000915527,120.790000915527,121.290000915527,7051400,91.800666809082
"2016-07-05",121.360000610352,123.230003356934,121.339996337891,122.269996643066,9334100,92.5424270629883
"2016-07-06",121.930000305176,122.660003662109,121.540000915527,122.639999389648,9332400,92.8224639892578
"2016-07-07",122.589996337891,122.809997558594,122.01000213623,122.51000213623,6058700,92.7240829467773
"2016-07-08",123,123.099998474121,121.959999084473,122.849998474121,6129900,92.9813995361328
"2016-07-11",122.709999084473,123.449996948242,122.410003662109,122.930000305176,6711600,93.0419540405273
"2016-07-12",122.650001525879,123.199996948242,122.610000610352,122.919998168945,6415900,93.0343933105469
"2016-07-13",122.680000305176,123.400001525879,122.300003051758,123,5230800,93.0949401855469
"2016-07-14",122.980003356934,123.73999786377,122.910003662109,123.180000305176,5322700,93.2311859130859
"2016-07-15",123.769996643066,124.300003051758,122.709999084473,123,7192800,93.0949401855469
"2016-07-18",123,123.220001220703,122.440002441406,123.139999389648,6599200,93.2008972167969
"2016-07-19",124.779998779297,125.75,123.339996337891,125.25,11325700,94.7979049682617
"2016-07-20",125.839996337891,126.069999694824,125.040000915527,125.139999389648,7334600,94.7146301269531
"2016-07-21",125.209999084473,125.73999786377,124.889999389648,125.150001525879,5492600,94.7221984863281
"2016-07-22",125.120002746582,125.349998474121,124.650001525879,125.029998779297,5839200,94.6313781738281
"2016-07-25",125.069999694824,125.129997253418,124.139999389648,124.889999389648,4880600,94.5254135131836
"2016-07-26",125.029998779297,125.550003051758,124.75,125.150001525879,5589900,94.7221984863281
"2016-07-27",125.099998474121,125.230003356934,124.339996337891,124.769996643066,4812600,94.4345779418945
"2016-07-28",124.980003356934,125,124.410003662109,124.459999084473,4320400,94.199951171875
"2016-07-29",124.339996337891,125.319999694824,124.339996337891,125.230003356934,7020900,94.7827377319336
"2016-08-01",125.309997558594,125.709999084473,125.099998474121,125.400001525879,4615100,94.9114303588867
"2016-08-02",125.650001525879,125.900001525879,124.480003356934,124.849998474121,7158700,94.4951324462891
"2016-08-03",125,125,123.690002441406,123.900001525879,5310600,93.776123046875
"2016-08-04",124.23999786377,124.389999389648,123.639999389648,123.860000610352,4728200,93.7458343505859
"2016-08-05",124.379997253418,124.379997253418,123.76000213623,124.23999786377,5146900,94.0334320068359
"2016-08-08",124,124.150001525879,123.230003356934,123.650001525879,5232500,93.5868988037109
"2016-08-09",123.910003662109,124,123.330001831055,123.430000305176,3941500,93.4203643798828
"2016-08-10",123.589996337891,123.779998779297,123.23999786377,123.360000610352,4333500,93.3674087524414
"2016-08-11",123.849998474121,124.139999389648,123.470001220703,123.769996643066,4052000,93.6777114868164
"2016-08-12",123.470001220703,123.769996643066,122.949996948242,123.220001220703,4234800,93.2614364624023
"2016-08-15",123.120002746582,123.269996643066,122.279998779297,122.309997558594,6469500,92.5726776123047
"2016-08-16",122.110000610352,122.319999694824,120.059997558594,120.330001831055,11289100,91.0741119384766
"2016-08-17",120.5,121.330001831055,119.849998474121,121.309997558594,10442800,91.8158264160156
"2016-08-18",121.169998168945,121.389999389648,119.900001525879,120.720001220703,8728000,91.3692626953125
"2016-08-19",119.910003662109,119.98999786377,119.319999694824,119.919998168945,7798300,91.369270324707
"2016-08-22",119.900001525879,119.900001525879,118.949996948242,119.129997253418,6544900,90.7673492431641
"2016-08-23",119.669998168945,119.959999084473,119.019996643066,119.440002441406,5603200,91.0035858154297
"2016-08-24",119.480003356934,119.610000610352,118.620002746582,118.709999084473,6303900,90.4473419189453
"2016-08-25",118.860000610352,119.209999084473,118.330001831055,118.569999694824,5566000,90.340690612793
"2016-08-26",118.839996337891,119.73999786377,118.559997558594,119.040000915527,6482700,90.6987915039062
"2016-08-29",119.300003051758,120.129997253418,119.059997558594,119.919998168945,5074900,91.369270324707
"2016-08-30",120.669998168945,120.669998168945,119.26000213623,119.470001220703,3820500,91.0263900756836
"2016-08-31",119.540000915527,119.620002746582,119.01000213623,119.339996337891,5693100,90.9273529052734
"2016-09-01",119.190002441406,119.389999389648,118.599998474121,119.080001831055,4551800,90.729248046875
"2016-09-02",119.360000610352,119.809997558594,118.900001525879,119.319999694824,5806400,90.9121246337891
"2016-09-06",119.779998779297,119.970001220703,119.360000610352,119.75,5280700,91.2397537231445
"2016-09-07",119.839996337891,119.949996948242,119.440002441406,119.610000610352,4753800,91.1330642700195
"2016-09-08",119.370002746582,119.819999694824,119.139999389648,119.470001220703,4833000,91.0263900756836
"2016-09-09",119.029998779297,119.160003662109,118.180000305176,118.230003356934,7957300,90.0816268920898
"2016-09-12",117.76000213623,119.449996948242,117.379997253418,119.160003662109,7239800,90.7902221679688
"2016-09-13",118.419998168945,118.830001831055,117.48999786377,117.610000610352,7957900,89.6092376708984
"2016-09-14",117.849998474121,118.330001831055,117.459999084473,117.860000610352,6124900,89.7997207641602
"2016-09-15",117.809997558594,118.940002441406,117.319999694824,118.629997253418,5812100,90.3864059448242
"2016-09-16",118.51000213623,119.139999389648,118.120002746582,118.25,12408800,90.0968704223633
"2016-09-19",118.360000610352,118.660003662109,117.639999389648,117.660003662109,5457600,89.6473388671875
"2016-09-20",118.169998168945,118.23999786377,117.690002441406,117.949996948242,5187700,89.8683090209961
"2016-09-21",117.949996948242,119,117.639999389648,118.910003662109,6337300,90.599723815918
"2016-09-22",119.25,119.839996337891,119.139999389648,119.459999084473,5340500,91.0187835693359
"2016-09-23",119.410003662109,119.599998474121,118.709999084473,118.809997558594,4773000,90.5235214233398
"2016-09-26",118.629997253418,118.639999389648,117.559997558594,117.779998779297,5998900,89.7387619018555
"2016-09-27",118.389999389648,119.220001220703,117.720001220703,119.220001220703,5349500,90.8359298706055
"2016-09-28",119.050003051758,119.519996643066,118.809997558594,119.389999389648,5076100,90.965446472168
"2016-09-29",118.879997253418,119.269996643066,117.040000915527,117.269996643066,6190200,89.3501586914062
"2016-09-30",117.779998779297,118.620002746582,117.389999389648,118.129997253418,7941100,90.0054168701172
"2016-10-03",118,119.01000213623,117.430000305176,118.809997558594,6098600,90.5235214233398
"2016-10-04",118.839996337891,119.480003356934,118.279998779297,118.819999694824,5733900,90.5311584472656
"2016-10-05",119.220001220703,119.440002441406,118.599998474121,119.180000305176,5778700,90.8054656982422
"2016-10-06",118.5,118.849998474121,117.919998168945,118.75,4448500,90.4778518676758
"2016-10-07",119.169998168945,119.569999694824,118.690002441406,119.23999786377,4799300,90.8511734008789
"2016-10-10",119.51000213623,120.199996948242,119.349998474121,119.800003051758,3657000,91.2778167724609
"2016-10-11",119.410003662109,119.629997253418,117.059997558594,117.639999389648,6394200,89.6320724487305
"2016-10-12",117.959999084473,118.430000305176,117.5,117.970001220703,4685200,89.8835525512695
"2016-10-13",117.540000915527,119.199996948242,117.279998779297,118.26000213623,7387400,90.1044998168945
"2016-10-14",118.5,118.800003051758,117.559997558594,117.559997558594,5640500,89.571159362793
"2016-10-17",117.5,118.550003051758,117.5,118.48999786377,6956400,90.2797393798828
"2016-10-18",117.379997253418,118.480003356934,115.160003662109,115.410003662109,12598300,87.9330062866211
"2016-10-19",115.569999694824,115.889999389648,114.459999084473,114.589996337891,7400900,87.3082427978516
"2016-10-20",114.830001831055,115.699996948242,114.589996337891,114.870002746582,6973000,87.5216064453125
"2016-10-21",114.110000610352,114.23999786377,112.98999786377,113.440002441406,8422000,86.4320297241211
"2016-10-24",113.930000305176,114.190002441406,113.440002441406,113.610000610352,6141900,86.5615615844727
"2016-10-25",113.639999389648,114.160003662109,113.089996337891,113.959999084473,5595000,86.8282470703125
"2016-10-26",113.639999389648,115.220001220703,113.599998474121,114.559997558594,6429200,87.2853927612305
"2016-10-27",114.980003356934,116.550003051758,114.790000915527,115.699996948242,7548700,88.1539611816406
"2016-10-28",115.819999694824,115.910003662109,114.569999694824,115.330001831055,8813300,87.8720550537109
"2016-10-31",115.279998779297,116.230003356934,114.5,115.98999786377,8552500,88.3749389648438
"2016-11-01",114.76000213623,115.940002441406,114.629997253418,115.339996337891,7591900,87.8796691894531
"2016-11-02",115.519996643066,115.76000213623,114.830001831055,114.860000610352,6591300,87.5139770507812
"2016-11-03",114.879997253418,115.440002441406,114.75,115.029998779297,6227100,87.6434783935547
"2016-11-04",115.040000915527,115.940002441406,115.040000915527,115.110000610352,7160600,87.7044448852539
"2016-11-07",115.889999389648,116.720001220703,115.839996337891,116.660003662109,6398200,88.8854370117188
"2016-11-08",116.480003356934,117.569999694824,116.470001220703,117.050003051758,6675300,89.1825561523438
"2016-11-09",120,122.5,118.099998474121,120.309997558594,16220000,91.6664123535156
"2016-11-10",120.769996643066,121.099998474121,119.019996643066,119.540000915527,11904500,91.0797424316406
"2016-11-11",119.48999786377,119.48999786377,118.129997253418,118.470001220703,8134800,90.2645034790039
"2016-11-14",118.580001831055,118.98999786377,116.5,116.599998474121,10054900,88.8396759033203
"2016-11-15",116.400001525879,116.690002441406,115.819999694824,116.319999694824,7446700,88.6263580322266
"2016-11-16",116.650001525879,116.779998779297,116.080001831055,116.360000610352,6594800,88.6568374633789
"2016-11-17",116.680000305176,116.680000305176,116.120002746582,116.569999694824,5730300,88.8168334960938
"2016-11-18",115.790000915527,115.919998168945,114.809997558594,115.360000610352,7717800,88.5022964477539
"2016-11-21",115.440002441406,115.680000305176,114.800003051758,115,5843300,88.2261123657227
"2016-11-22",114.589996337891,115,112.269996643066,112.73999786377,11649700,86.4922714233398
"2016-11-23",112.25,113.430000305176,111.559997558594,113.069999694824,7892600,86.7454681396484
"2016-11-25",113.599998474121,114.230003356934,113.379997253418,114.129997253418,3433300,87.5586776733398
"2016-11-28",113.790000915527,114.120002746582,113.050003051758,113.129997253418,9065700,86.7914810180664
"2016-11-29",112.949996948242,113.410003662109,112.169998168945,112.480003356934,7799600,86.2928085327148
"2016-11-30",112.190002441406,112.519996643066,111.300003051758,111.300003051758,11178500,85.3875274658203
"2016-12-01",111.360000610352,111.540000915527,111,111.379997253418,8143300,85.4489059448242
"2016-12-02",111.720001220703,112.529998779297,111.440002441406,111.959999084473,6167700,85.8938674926758
"2016-12-05",112.400001525879,112.419998168945,111.730003356934,111.940002441406,5451600,85.8785018920898
"2016-12-06",112.23999786377,113.199996948242,111.849998474121,112.059997558594,6530400,85.970588684082
"2016-12-07",111.889999389648,111.889999389648,109.319999694824,111.099998474121,11761100,85.2340927124023
"2016-12-08",110.540000915527,111.199996948242,109.930000305176,110.98999786377,7774900,85.1496963500977
"2016-12-09",111.410003662109,112.430000305176,111.199996948242,112.26000213623,7672100,86.1240310668945
"2016-12-12",112.690002441406,115.400001525879,112.580001831055,115.360000610352,9544600,88.5022964477539
"2016-12-13",115.529998779297,115.970001220703,115.01000213623,115.889999389648,7051600,88.9088897705078
"2016-12-14",116.120002746582,117.300003051758,114.580001831055,114.98999786377,9378700,88.2184371948242
"2016-12-15",115.330001831055,115.919998168945,114.889999389648,115.889999389648,6738100,88.9088897705078
"2016-12-16",116.410003662109,116.459999084473,115.459999084473,115.879997253418,11291100,88.9012298583984
"2016-12-19",116.069999694824,116.660003662109,115.940002441406,116.019996643066,6310800,89.0086288452148
"2016-12-20",115.980003356934,116.25,114.910003662109,115.660003662109,5715200,88.7324829101562
"2016-12-21",116.199996948242,116.199996948242,114.73999786377,115.309997558594,5907600,88.4639511108398
"2016-12-22",115,115.529998779297,113.879997253418,115.440002441406,4602300,88.5636825561523
"2016-12-23",115.400001525879,116.319999694824,115.300003051758,115.959999084473,2992500,88.9626159667969
"2016-12-27",115.889999389648,116,115.379997253418,115.910003662109,3232600,88.9242324829102
"2016-12-28",115.879997253418,116.160003662109,115.050003051758,115.099998474121,3278300,88.3028335571289
"2016-12-29",115.230003356934,115.870002746582,115.01000213623,115.48999786377,2993600,88.6020202636719
"2016-12-30",115.800003051758,115.98999786377,114.980003356934,115.209999084473,5506700,88.3872146606445
"2017-01-03",115.779998779297,116,115.230003356934,115.839996337891,5953000,88.8705520629883
"2017-01-04",115.5,116.230003356934,115.309997558594,115.650001525879,5828900,88.7247848510742
"2017-01-05",116,116.970001220703,115.440002441406,116.860000610352,6217200,89.653076171875
"2017-01-06",116.669998168945,117,115.76000213623,116.300003051758,5221400,89.2234649658203
"2017-01-09",116.349998474121,116.610000610352,115.889999389648,116.279998779297,5457500,89.2081069946289
"2017-01-10",116.029998779297,117,115.870002746582,116.160003662109,5312800,89.1160278320312
"2017-01-11",116.080001831055,116.25,114.019996643066,114.730003356934,8887200,88.0189743041992
"2017-01-12",114.269996643066,114.730003356934,113.370002746582,114.620002746582,6627300,87.9346008300781
"2017-01-13",114.940002441406,115.019996643066,114.440002441406,114.599998474121,4935200,87.9192428588867
"2017-01-17",113.940002441406,115.050003051758,113.669998168945,114.870002746582,6255400,88.1263809204102
"2017-01-18",114.870002746582,115.099998474121,114.410003662109,114.699996948242,5014600,87.9959335327148
"2017-01-19",114.680000305176,114.900001525879,113.919998168945,114.199996948242,5540800,87.6123504638672
"2017-01-20",114.48999786377,115.029998779297,114.080001831055,114.150001525879,7502400,87.5740127563477
"2017-01-23",114.51000213623,114.769996643066,113.800003051758,113.910003662109,7989800,87.3898773193359
"2017-01-24",112.910003662109,113.300003051758,111.150001525879,111.76000213623,12450300,85.7404403686523
"2017-01-25",111.930000305176,112.800003051758,110.76000213623,112.800003051758,9385500,86.5382995605469
"2017-01-26",112,112.839996337891,111.599998474121,111.839996337891,10164300,85.8018112182617
"2017-01-27",112,113.540000915527,111.900001525879,113.379997253418,8886100,86.9832611083984
"2017-01-30",113.400001525879,113.599998474121,112.849998474121,113.129997253418,6969400,86.7914810180664
"2017-01-31",112.790000915527,113.400001525879,112.430000305176,113.25,8713400,86.883544921875
"2017-02-01",112.480003356934,113.319999694824,112.470001220703,113.230003356934,7082300,86.8681716918945
"2017-02-02",112.819999694824,113.620002746582,112.769996643066,113.569999694824,7826300,87.1290283203125
"2017-02-03",113.5,113.660003662109,112.660003662109,113.639999389648,7267600,87.1827239990234
"2017-02-06",113.459999084473,113.589996337891,112.620002746582,113.400001525879,6178400,86.9986190795898
"2017-02-07",113.599998474121,113.620002746582,113.050003051758,113.480003356934,5507900,87.0599975585938
"2017-02-08",113.300003051758,113.690002441406,113.150001525879,113.400001525879,5272000,86.9986190795898
"2017-02-09",113.400001525879,114.650001525879,113.400001525879,114.080001831055,5854600,87.5202789306641
"2017-02-10",114.319999694824,115.98999786377,114.230003356934,115.23999786377,6438500,88.4102172851562
"2017-02-13",115.279998779297,116.120002746582,115.220001220703,115.879997253418,5710800,88.9012298583984
"2017-02-14",115.440002441406,116.400001525879,115.319999694824,116.360000610352,5539100,89.2694854736328
"2017-02-15",115.900001525879,117.459999084473,115.589996337891,117.199996948242,5979700,89.9139175415039
"2017-02-16",117,118.279998779297,117,118.080001831055,7119300,90.5890274047852
"2017-02-17",118.190002441406,118.900001525879,118.050003051758,118.860000610352,8691400,91.1874542236328
"2017-02-21",118.400001525879,119.889999389648,118.319999694824,119.660003662109,8595100,91.8011779785156
"2017-02-22",119.279998779297,119.769996643066,119.25,119.519996643066,5103900,91.6937942504883
"2017-02-23",119.519996643066,121.900001525879,119.480003356934,121.699996948242,9980900,93.3662414550781
"2017-02-24",121.5,122.73999786377,120.900001525879,122.730003356934,10835000,94.7794799804688
"2017-02-27",122.129997253418,122.879997253418,122.099998474121,122.400001525879,5946200,94.5246276855469
"2017-02-28",122.01000213623,122.650001525879,121.940002441406,122.209999084473,8885500,94.3779144287109
"2017-03-01",122.48999786377,124.449996948242,122.419998168945,123.860000610352,9393900,95.6521148681641
"2017-03-02",123.75,124.360000610352,123.019996643066,123.629997253418,6950200,95.4745407104492
"2017-03-03",123.629997253418,123.930000305176,123.230003356934,123.790000915527,5585200,95.5980682373047
"2017-03-06",123.01000213623,124.430000305176,122.599998474121,123.709999084473,6670700,95.5363006591797
"2017-03-07",122.580001831055,124.459999084473,122.389999389648,123.830001831055,6644000,95.6289672851562
"2017-03-08",123.75,124.680000305176,123.5,124.099998474121,7909900,95.8374862670898
"2017-03-09",124.580001831055,126.209999084473,124.169998168945,125.949996948242,8571100,97.2661666870117
"2017-03-10",126.040000915527,126.48999786377,125.540000915527,126.209999084473,7395400,97.466926574707
"2017-03-13",125.830001831055,126.949996948242,125.790000915527,126.680000305176,7162500,97.8298950195312
"2017-03-14",126.860000610352,127.75,126.769996643066,127.050003051758,7679700,98.1156311035156
"2017-03-15",127.050003051758,129,126.599998474121,128.960006713867,8360600,99.5906600952148
"2017-03-16",128.440002441406,128.699996948242,127.769996643066,128.460006713867,7610700,99.2045364379883
"2017-03-17",128.449996948242,128.940002441406,127.949996948242,128.059997558594,13300800,98.8956451416016
"2017-03-20",128.039993286133,128.419998168945,127.970001220703,128.070007324219,5827500,98.9033508300781
"2017-03-21",128.380004882812,128.449996948242,127.139999389648,127.25,7578600,98.2701110839844
"2017-03-22",127.050003051758,127.650001525879,126.209999084473,126.26000213623,10272700,97.5055465698242
"2017-03-23",126.099998474121,127,125.660003662109,125.900001525879,8508100,97.2275161743164
"2017-03-24",125.860000610352,126.360000610352,125.129997253418,125.480003356934,6490300,96.9031982421875
"2017-03-27",125.160003662109,126.139999389648,125.150001525879,125.800003051758,5004300,97.1503143310547
"2017-03-28",125.620002746582,125.779998779297,124.779998779297,125.660003662109,5287600,97.0421829223633
"2017-03-29",125.050003051758,125.330001831055,124.360000610352,124.919998168945,3971800,96.4707260131836
"2017-03-30",124.73999786377,125.430000305176,124.279998779297,124.660003662109,4711700,96.2699356079102
"2017-03-31",124.110000610352,124.830001831055,124.029998779297,124.550003051758,5657600,96.1849975585938
"2017-04-03",124.730003356934,125.309997558594,124.279998779297,124.690002441406,4956400,96.2931060791016
"2017-04-04",124.51000213623,124.769996643066,124.220001220703,124.680000305176,5358500,96.2853927612305
"2017-04-05",124.720001220703,125.599998474121,124.410003662109,124.800003051758,5646300,96.378059387207
"2017-04-06",124.849998474121,125.459999084473,124.5,125.050003051758,4324200,96.5711135864258
"2017-04-07",125.120002746582,125.470001220703,124.830001831055,124.919998168945,3615100,96.4707260131836
"2017-04-10",124.870002746582,124.949996948242,124.230003356934,124.339996337891,4594200,96.0228118896484
"2017-04-11",124.26000213623,124.790000915527,123.949996948242,124.220001220703,4161500,95.9301605224609
"2017-04-12",124.540000915527,125.459999084473,124.360000610352,125.400001525879,5556600,96.8413925170898
"2017-04-13",125.129997253418,125.650001525879,124.959999084473,124.98999786377,5396500,96.5247955322266
"2017-04-17",125.019996643066,125.809997558594,124.930000305176,125.720001220703,5367500,97.0885543823242
"2017-04-18",123.180000305176,123.370002746582,120.949996948242,121.819999694824,13485700,94.0767364501953
"2017-04-19",122.099998474121,122.279998779297,121.110000610352,121.370002746582,6993100,93.7292098999023
"2017-04-20",121.860000610352,122.150001525879,121.349998474121,121.870002746582,6330100,94.1153411865234
"2017-04-21",121.779998779297,122.040000915527,121.540000915527,121.76000213623,6021700,94.0303802490234
"2017-04-24",122.519996643066,123.209999084473,122.150001525879,122.889999389648,5679000,94.9030456542969
"2017-04-25",123.339996337891,123.75,123.01000213623,123.430000305176,5090000,95.3200454711914
"2017-04-26",123.790000915527,124.26000213623,123.480003356934,123.51000213623,5021800,95.3818283081055
"2017-04-27",123.580001831055,124.309997558594,123.400001525879,123.73999786377,4225200,95.559440612793
"2017-04-28",123.849998474121,123.900001525879,123.129997253418,123.470001220703,4381800,95.350944519043
"2017-05-01",123.400001525879,123.779998779297,123,123.339996337891,4556400,95.2505493164062
"2017-05-02",123.519996643066,123.73999786377,122.889999389648,123.699996948242,4881600,95.5285797119141
"2017-05-03",123.589996337891,123.699996948242,123.040000915527,123.330001831055,3736500,95.2428131103516
"2017-05-04",123.690002441406,123.949996948242,123.230003356934,123.949996948242,3753700,95.7216339111328
"2017-05-05",123.800003051758,123.800003051758,122.860000610352,123.51000213623,4139800,95.3818283081055
"2017-05-08",123.529998779297,123.800003051758,123.019996643066,123.25,3608600,95.1810455322266
"2017-05-09",123.230003356934,123.470001220703,122.879997253418,123.209999084473,3762500,95.1501693725586
"2017-05-10",122.910003662109,123.059997558594,122.379997253418,122.809997558594,4237400,94.8412551879883
"2017-05-11",122.5,123.209999084473,122.339996337891,123.199996948242,4095900,95.1424331665039
"2017-05-12",123.110000610352,124.099998474121,123.01000213623,123.639999389648,4097100,95.4822235107422
"2017-05-15",124.410003662109,127.360000610352,124.330001831055,126.98999786377,9854600,98.0693206787109
"2017-05-16",127.339996337891,128.369995117188,127.059997558594,127.769996643066,7233800,98.6716766357422
"2017-05-17",127.769996643066,127.889999389648,126.449996948242,126.669998168945,6480800,97.8221817016602
"2017-05-18",126.459999084473,127.870002746582,125.959999084473,126.970001220703,6571300,98.0538635253906
"2017-05-19",127.029998779297,127.389999389648,126.440002441406,127,6957200,98.0770263671875
"2017-05-22",126.629997253418,127.650001525879,126.629997253418,127.26000213623,4858200,98.2778244018555
"2017-05-23",127.309997558594,128.149993896484,127.309997558594,127.519996643066,3972500,98.4786148071289
"2017-05-24",127.790000915527,128,127.290000915527,127.51000213623,3965200,98.4708938598633
"2017-05-25",126.73999786377,127.620002746582,126.330001831055,127.529998779297,5294300,99.1394500732422
"2017-05-26",127.230003356934,127.669998168945,126.830001831055,126.919998168945,4005200,98.6652221679688
"2017-05-30",126.699996948242,127.389999389648,126.190002441406,127.110000610352,3665400,98.8129196166992
"2017-05-31",127.349998474121,128.800003051758,127.349998474121,128.25,8813500,99.6991500854492
"2017-06-01",128.320007324219,128.779998779297,128.119995117188,128.779998779297,5790900,100.111145019531
"2017-06-02",129.050003051758,130.139999389648,128.830001831055,130.080001831055,6562600,101.121757507324
"2017-06-05",129.970001220703,130.520004272461,129.800003051758,130.360000610352,4634700,101.339447021484
"2017-06-06",130.179992675781,131.330001831055,130.029998779297,130.830001831055,5619100,101.704795837402
"2017-06-07",131,131.479995727539,130.580001831055,130.75,5765200,101.642608642578
"2017-06-08",130.75,131.399993896484,129.960006713867,130.550003051758,8101700,101.487121582031
"2017-06-09",130.369995117188,131.699996948242,130.309997558594,131.529998779297,5992500,102.248954772949
"2017-06-12",131.529998779297,131.830001831055,131.419998168945,131.820007324219,8020700,102.474403381348
"2017-06-13",131.75,132.729995727539,131.399993896484,132.020004272461,5733800,102.629852294922
"2017-06-14",132.509994506836,133.559997558594,132.509994506836,132.770004272461,7329400,103.212898254395
"2017-06-15",132,133.350006103516,131.809997558594,133.039993286133,5265000,103.422805786133
"2017-06-16",133.720001220703,134.600006103516,133.039993286133,134.350006103516,12639600,104.44116973877
"2017-06-19",134.149993896484,134.679992675781,133.490005493164,134.070007324219,7488700,104.223518371582
"2017-06-20",133.899993896484,134.759994506836,133.899993896484,134.220001220703,5201200,104.340133666992
"2017-06-21",134.289993286133,135.110000610352,134.020004272461,134.910003662109,5841100,104.876510620117
"2017-06-22",135.449996948242,137,135.270004272461,136.050003051758,7311000,105.762733459473
"2017-06-23",135.449996948242,136.509994506836,135.320007324219,136.429992675781,9007100,106.058135986328
"2017-06-26",136.479995727539,136.899993896484,136.199996948242,136.339996337891,5561800,105.988159179688
"2017-06-27",136.5,136.729995727539,134.990005493164,135.009994506836,6120500,104.954231262207
"2017-06-28",135.949996948242,136.199996948242,133.570007324219,133.820007324219,6557900,104.029151916504
"2017-06-29",133.399993896484,133.729995727539,132.309997558594,132.639999389648,5750000,103.111854553223
"2017-06-30",132.699996948242,133.199996948242,132.279998779297,132.289993286133,5264400,102.83975982666
"2017-07-03",132.789993286133,133.320007324219,132.649993896484,132.899993896484,2931000,103.313941955566
"2017-07-05",132.979995727539,134.059997558594,132.419998168945,133.639999389648,4302700,103.889236450195
"2017-07-06",133.610000610352,133.970001220703,132.410003662109,132.520004272461,4282200,103.018562316895
"2017-07-07",132.910003662109,133,131.690002441406,132.539993286133,4994100,103.034126281738
"2017-07-10",132.740005493164,132.869995117188,131.229995727539,131.550003051758,4019600,102.264503479004
"2017-07-11",131.429992675781,131.789993286133,130.479995727539,131.229995727539,3733100,102.015747070312
"2017-07-12",132.039993286133,132.889999389648,131.770004272461,132.229995727539,5053200,102.793113708496
"2017-07-13",132.100006103516,132.220001220703,130.990005493164,131.860000610352,4424400,102.505500793457
"2017-07-14",132,133,131.740005493164,132.600006103516,4383100,103.080749511719
"2017-07-17",132.710006713867,132.929992675781,131.75,132.149993896484,4939400,102.730926513672
"2017-07-18",131.619995117188,134.949996948242,131.080001831055,134.460006713867,10256000,104.526702880859
"2017-07-19",134.839996337891,135.410003662109,134.520004272461,135.210006713867,5503300,105.109725952148
"2017-07-20",135.729995727539,137.080001831055,135.619995117188,136.570007324219,6088600,106.166961669922
"2017-07-21",135.330001831055,136.270004272461,135.100006103516,135.309997558594,6773500,105.187469482422
"2017-07-24",134.990005493164,135.160003662109,132.850006103516,133.009994506836,8306700,103.399475097656
"2017-07-25",133.740005493164,133.850006103516,131.449996948242,131.880004882812,6262900,102.521049499512
"2017-07-26",131.660003662109,132.240005493164,130.75,130.949996948242,5382200,101.798065185547
"2017-07-27",130.850006103516,131.149993896484,129.570007324219,130.830001831055,5838100,101.704795837402
"2017-07-28",131.139999389648,131.990005493164,130.520004272461,131.850006103516,4970900,102.497756958008
"2017-07-31",132.139999389648,133.580001831055,132.100006103516,132.720001220703,5440800,103.174041748047
"2017-08-01",133.169998168945,133.350006103516,132.279998779297,132.509994506836,3837600,103.010803222656
"2017-08-02",132.080001831055,132.5,131.5,132.160003662109,4032100,102.738700866699
"2017-08-03",131.910003662109,133.399993896484,131.509994506836,133.350006103516,4327300,103.663772583008
"2017-08-04",133.740005493164,134.009994506836,132.800003051758,133.179992675781,3192800,103.531623840332
"2017-08-07",133.089996337891,133.479995727539,132.509994506836,132.860000610352,3010800,103.282859802246
"2017-08-08",132.5,132.800003051758,131.399993896484,132.270004272461,5535800,102.824241638184
"2017-08-09",132.809997558594,133.410003662109,132.369995117188,133.229995727539,6332300,103.570518493652
"2017-08-10",133.039993286133,133.850006103516,132.369995117188,133.089996337891,5607900,103.46166229248
"2017-08-11",133.639999389648,134.490005493164,132.75,133.100006103516,4270600,103.469459533691
"2017-08-14",134.199996948242,134.369995117188,132.869995117188,133.479995727539,3041100,103.764831542969
"2017-08-15",133.850006103516,133.940002441406,133.199996948242,133.380004882812,3931800,103.687110900879
"2017-08-16",134.080001831055,134.970001220703,133.860000610352,134.169998168945,4469900,104.301246643066
"2017-08-17",134.179992675781,134.740005493164,133.029998779297,133.039993286133,5741400,103.422805786133
"2017-08-18",132.669998168945,133.779998779297,132.380004882812,132.630004882812,4792800,103.104072570801
"2017-08-21",132.279998779297,133.649993896484,132.190002441406,133.449996948242,4660000,103.741523742676
"2017-08-22",133.270004272461,134.789993286133,132.899993896484,134.699996948242,4150300,104.713241577148
"2017-08-23",134.429992675781,134.490005493164,132.649993896484,132.800003051758,5129900,103.236221313477
"2017-08-24",132.820007324219,133.080001831055,132.270004272461,132.889999389648,5398400,103.306182861328
"2017-08-25",131.910003662109,132.559997558594,131.619995117188,131.679992675781,4133300,103.016723632812
"2017-08-28",131.679992675781,132.119995117188,131.490005493164,131.740005493164,5349200,103.063690185547
"2017-08-29",131.570007324219,132.449996948242,131.300003051758,132.210006713867,3277900,103.431373596191
"2017-08-30",132,132,130.899993896484,131.070007324219,5430800,102.539512634277
"2017-08-31",131.389999389648,132.5,131.25,132.369995117188,7407100,103.556518554688
"2017-09-01",132.600006103516,132.649993896484,130.940002441406,131.029998779297,3820800,102.508224487305
"2017-09-05",130.720001220703,131.179992675781,129.720001220703,129.899993896484,5146600,101.624183654785
"2017-09-06",130.539993286133,131,130.210006713867,130.669998168945,5601900,102.226585388184
"2017-09-07",130.860000610352,132.520004272461,130.25,132.190002441406,3800200,103.415718078613
"2017-09-08",132,132.339996337891,130.869995117188,130.979995727539,4854400,102.469116210938
"2017-09-11",131.369995117188,133.339996337891,131.020004272461,133.210006713867,5724200,104.213706970215
"2017-09-12",133.830001831055,133.880004882812,131.929992675781,132.630004882812,5465200,103.75993347168
"2017-09-13",132.669998168945,133.75,131.850006103516,132.449996948242,4679500,103.619094848633
"2017-09-14",132.139999389648,134.470001220703,131.990005493164,134.179992675781,6274500,104.972557067871
"2017-09-15",134.789993286133,135.449996948242,134.179992675781,134.449996948242,15522000,105.183784484863
"2017-09-18",134.440002441406,135.770004272461,134.110000610352,135.380004882812,5260800,105.911354064941
"2017-09-19",135.020004272461,135.789993286133,134.350006103516,135.220001220703,4903800,105.786178588867
"2017-09-20",133.25,134.289993286133,132.339996337891,133.220001220703,8705500,104.221519470215
"2017-09-21",133.309997558594,133.820007324219,131.380004882812,131.75,6051800,103.071487426758
"2017-09-22",131.990005493164,132.389999389648,131.270004272461,131.389999389648,4334900,102.789855957031
"2017-09-25",131.470001220703,131.759994506836,130.830001831055,131.169998168945,6017400,102.617736816406
"2017-09-26",131.5,131.940002441406,130.820007324219,130.940002441406,4516200,102.437812805176
"2017-09-27",131,131.089996337891,129.429992675781,129.75,5796100,101.5068359375
"2017-09-28",129.910003662109,130.270004272461,129.289993286133,129.470001220703,3992700,101.287780761719
"2017-09-29",129.580001831055,130.470001220703,129.050003051758,130.009994506836,5736900,101.710250854492
"2017-10-02",130.160003662109,131.330001831055,130.020004272461,131.220001220703,4492900,102.656860351562
"2017-10-03",131.649993896484,132.399993896484,131.360000610352,132.100006103516,3900800,103.345344543457
"2017-10-04",132.399993896484,133.179992675781,132.100006103516,132.889999389648,3589000,103.963356018066
"2017-10-05",132.889999389648,133.309997558594,132.360000610352,133.190002441406,3741100,104.198059082031
"2017-10-06",133,133.25,132.479995727539,133.220001220703,2469500,104.221519470215
"2017-10-09",133.660003662109,133.820007324219,133.169998168945,133.449996948242,3750500,104.401443481445
"2017-10-10",133.559997558594,134.130004882812,132.919998168945,133.899993896484,4184600,104.753471374512
"2017-10-11",134.880004882812,137.080001831055,134.369995117188,136.649993896484,8269400,106.904876708984
"2017-10-12",136.339996337891,137.520004272461,136.020004272461,136.830001831055,5172800,107.04573059082
"2017-10-13",136.600006103516,137.419998168945,136.339996337891,136.429992675781,4106600,106.732780456543
"2017-10-16",136.449996948242,137.259994506836,135.539993286133,136.119995117188,5120100,106.490287780762
"2017-10-17",137.669998168945,141.119995117188,137.059997558594,140.789993286133,11717300,110.143714904785
"2017-10-18",140.789993286133,141.580001831055,140.070007324219,140.679992675781,6827700,110.057670593262
"2017-10-19",140.710006713867,142.979995727539,140.539993286133,142.039993286133,9181300,111.121589660645
"2017-10-20",142.380004882812,143.619995117188,141.830001831055,142.399993896484,5634500,111.403282165527
"2017-10-23",142.130004882812,144.350006103516,142.080001831055,143.619995117188,6686000,112.357704162598
"2017-10-24",143.380004882812,143.380004882812,140.929992675781,141.639999389648,6585800,110.808685302734
"2017-10-25",141.160003662109,143.229995727539,140.960006713867,142.360000610352,6563600,111.371971130371
"2017-10-26",142.509994506836,143.75,141.380004882812,141.809997558594,5841100,110.941688537598
"2017-10-27",141,142.699996948242,140.199996948242,141.779998779297,5140100,110.918212890625
"2017-10-30",141.080001831055,141.210006713867,139.320007324219,140,6034300,109.525695800781
"2017-10-31",140.020004272461,140.259994506836,138.979995727539,139.410003662109,4832100,109.064109802246
"2017-11-01",139.830001831055,140.589996337891,139.339996337891,139.979995727539,5006800,109.510040283203
"2017-11-02",140.110000610352,140.289993286133,139.110000610352,139.929992675781,3494100,109.470909118652
"2017-11-03",139.729995727539,140.399993896484,139.300003051758,140.080001831055,2737000,109.58829498291
"2017-11-06",140.009994506836,140.490005493164,139.720001220703,139.759994506836,4220700,109.337913513184
"2017-11-07",140.080001831055,140.149993896484,138.910003662109,139.770004272461,4201900,109.345741271973
"2017-11-08",139.699996948242,141.869995117188,139.460006713867,141.320007324219,4440700,110.558364868164
"2017-11-09",140.860000610352,141.410003662109,139.800003051758,140.350006103516,3517100,109.799522399902
"2017-11-10",140.130004882812,140.130004882812,138.610000610352,139.559997558594,4240800,109.181442260742
"2017-11-13",139.009994506836,140.020004272461,138.419998168945,139.759994506836,4322300,109.337913513184
"2017-11-14",139.570007324219,140.279998779297,138.919998168945,139.490005493164,4078200,109.12670135498
"2017-11-15",139.229995727539,139.830001831055,138.75,139.100006103516,4811500,108.821563720703
"2017-11-16",139.419998168945,139.679992675781,138.639999389648,138.869995117188,4193800,108.641639709473
"2017-11-17",138.300003051758,138.860000610352,137.889999389648,138,4247400,107.961044311523
"2017-11-20",138.149993896484,138.559997558594,137.740005493164,137.929992675781,4266300,107.906272888184
"2017-11-21",138.449996948242,139.259994506836,138.190002441406,138.339996337891,5660600,108.227005004883
"2017-11-22",138.300003051758,138.380004882812,136.600006103516,137.289993286133,3917000,107.405586242676
"2017-11-24",137.5,138.380004882812,137.309997558594,138.009994506836,2606800,107.968856811523
"2017-11-27",137.509994506836,138.309997558594,137.479995727539,138.100006103516,3933100,108.700881958008
"2017-11-28",138.300003051758,140.529998779297,138.25,140.020004272461,5052800,110.21216583252
"2017-11-29",140.220001220703,140.630004882812,138.949996948242,139.809997558594,5851400,110.046867370605
"2017-11-30",140.059997558594,140.279998779297,138.479995727539,139.330001831055,8941900,109.668998718262
"2017-12-01",139.570007324219,140.529998779297,138.600006103516,139.979995727539,5990500,110.180641174316
"2017-12-04",140.619995117188,141.5,138.929992675781,139.009994506836,5916700,109.417152404785
"2017-12-05",139.789993286133,140.809997558594,139.199996948242,139.669998168945,6745300,109.936630249023
"2017-12-06",140.839996337891,141.960006713867,140.190002441406,141.059997558594,5591700,111.030769348145
"2017-12-07",140.009994506836,141.5,139.259994506836,140.009994506836,4713100,110.204261779785
"2017-12-08",140,140.759994506836,139.800003051758,140.589996337891,5101300,110.660797119141
"2017-12-11",140.899993896484,141.169998168945,139.830001831055,141.139999389648,4358600,111.093704223633
"2017-12-12",142.600006103516,143.570007324219,142.039993286133,142.600006103516,8016700,112.242904663086
"2017-12-13",142.5,143.429992675781,142.210006713867,142.889999389648,6118400,112.471183776855
"2017-12-14",143.520004272461,143.619995117188,141.610000610352,141.649993896484,5337900,111.495132446289
"2017-12-15",142.479995727539,143.139999389648,141.779998779297,142.460006713867,12517000,112.132705688477
"2017-12-18",142.559997558594,143.800003051758,141.399993896484,141.800003051758,5833200,111.613212585449
"2017-12-19",141.889999389648,142.380004882812,141.360000610352,141.779998779297,6580100,111.597434997559
"2017-12-20",142.259994506836,142.580001831055,141.080001831055,141.160003662109,6289800,111.109451293945
"2017-12-21",141.589996337891,142.169998168945,141.020004272461,141.059997558594,6284700,111.030769348145
"2017-12-22",141,141.350006103516,140.039993286133,140.119995117188,4665600,110.29084777832
"2017-12-26",140.460006713867,140.539993286133,139.679992675781,140.089996337891,3271100,110.267227172852
"2017-12-27",140.419998168945,141.149993896484,140.199996948242,140.570007324219,3753600,110.645050048828
"2017-12-28",140.699996948242,141,140.330001831055,140.559997558594,2485000,110.637199401855
"2017-12-29",140.979995727539,141.210006713867,139.580001831055,139.720001220703,4452900,109.976005554199
"2018-01-02",139.660003662109,139.949996948242,138.720001220703,139.229995727539,6842100,109.590339660645
"2018-01-03",139.360000610352,140.679992675781,138.899993896484,140.559997558594,5350500,110.637199401855
"2018-01-04",140.449996948242,141.139999389648,140.220001220703,140.550003051758,4837600,110.629302978516
"2018-01-05",140.690002441406,141.820007324219,140.279998779297,141.710006713867,6158800,111.542366027832
"2018-01-08",141.699996948242,142,140.919998168945,141.889999389648,5129800,111.684051513672
"2018-01-09",142.369995117188,145.679992675781,142.259994506836,144.139999389648,8897000,113.455055236816
"2018-01-10",143.550003051758,144.160003662109,143.320007324219,143.970001220703,6558600,113.321228027344
"2018-01-11",144.130004882812,144.899993896484,143.690002441406,144.789993286133,4962200,113.966720581055
"2018-01-12",144.990005493164,146.419998168945,144.899993896484,145.759994506836,5450600,114.730178833008
"2018-01-16",146.419998168945,148.059997558594,146.029998779297,146.860000610352,8804000,115.596015930176
"2018-01-17",147.839996337891,148.320007324219,145.479995727539,146.979995727539,10619700,115.690475463867
"2018-01-18",146.929992675781,147.440002441406,145.970001220703,146.919998168945,5554800,115.643218994141
"2018-01-19",147.460006713867,147.649993896484,146.419998168945,147.360000610352,8738800,115.989593505859
"2018-01-22",147.009994506836,148.139999389648,146.720001220703,148.139999389648,7010400,116.603515625
"2018-01-23",146.960006713867,147.440002441406,141.619995117188,141.830001831055,17473600,111.636825561523
"2018-01-24",143.5,143.559997558594,141.800003051758,142.070007324219,13034400,111.825744628906
"2018-01-25",142.309997558594,144.660003662109,142.210006713867,144.399993896484,7938800,113.659683227539
"2018-01-26",144.5,145.600006103516,144.130004882812,145.330001831055,8065600,114.391746520996
"2018-01-29",144.850006103516,144.940002441406,143.529998779297,143.679992675781,8013400,113.092994689941
"2018-01-30",143.399993896484,143.820007324219,142.429992675781,142.429992675781,8376100,112.109069824219
"2018-01-31",142.570007324219,142.570007324219,138.100006103516,138.190002441406,13137400,108.771713256836
"2018-02-01",137.529998779297,140.669998168945,137,140.020004272461,9393600,110.21216583252
"2018-02-02",139.020004272461,140.360000610352,137.380004882812,137.679992675781,9262500,108.370262145996
"2018-02-05",136.580001831055,137,122.150001525879,130.389999389648,19954100,102.632179260254
"2018-02-06",130.009994506836,132.990005493164,128,131.830001831055,19193500,103.765647888184
"2018-02-07",131.889999389648,133.429992675781,131.350006103516,131.419998168945,10550400,103.442916870117
"2018-02-08",130.910003662109,131.25,126.110000610352,126.360000610352,11680200,99.4601058959961
"2018-02-09",127.519996643066,130.919998168945,125.440002441406,129.529998779297,15030900,101.955284118652
"2018-02-12",130,131.320007324219,127.680000305176,130.270004272461,9963900,102.537757873535
"2018-02-13",129.210006713867,130.600006103516,128.699996948242,129.960006713867,6339000,102.293762207031
"2018-02-14",129.440002441406,130.009994506836,128.389999389648,129.669998168945,6259700,102.065483093262
"2018-02-15",130.100006103516,131.279998779297,129.399993896484,131.229995727539,5606400,103.293380737305
"2018-02-16",130.960006713867,134.449996948242,130.839996337891,133.149993896484,7970100,104.804649353027
"2018-02-20",132.869995117188,133.449996948242,130.660003662109,130.869995117188,6563500,103.010025024414
"2018-02-21",130.800003051758,132.429992675781,129.860000610352,129.910003662109,6578000,102.254409790039
"2018-02-22",130.100006103516,131.020004272461,129.479995727539,129.910003662109,5732200,102.254409790039
"2018-02-23",130.089996337891,132.080001831055,130.020004272461,132.020004272461,5126800,103.91520690918
"2018-02-26",131.710006713867,133.410003662109,131,132.070007324219,6684400,104.620231628418
"2018-02-27",132.210006713867,133.089996337891,131.600006103516,131.669998168945,7158600,104.303375244141
"2018-02-28",131.949996948242,132.330001831055,129.869995117188,129.880004882812,7985900,102.885414123535
"2018-03-01",129.110000610352,130.119995117188,126.519996643066,127.279998779297,9424000,100.825805664062
"2018-03-02",126.910003662109,129.110000610352,126.910003662109,128.820007324219,6910400,102.045707702637
"2018-03-05",128.630004882812,130.300003051758,128.179992675781,129.789993286133,5799800,102.814109802246
"2018-03-06",130,130.199996948242,127.919998168945,128.220001220703,5546500,101.570442199707
"2018-03-07",127.480003356934,129.330001831055,127.269996643066,129.039993286133,6391700,102.219993591309
"2018-03-08",129.330001831055,132.300003051758,129.330001831055,132.059997558594,6423400,104.612289428711
"2018-03-09",132.509994506836,133.820007324219,131.559997558594,133.800003051758,7557800,105.990684509277
"2018-03-12",133.800003051758,134.229995727539,132.320007324219,132.630004882812,4942000,105.063835144043
"2018-03-13",133.800003051758,135.389999389648,133.449996948242,134.350006103516,9152300,106.426361083984
"2018-03-14",135.240005493164,135.699996948242,131.899993896484,132.320007324219,6770600,104.81827545166
"2018-03-15",132.550003051758,134.240005493164,132.470001220703,133.059997558594,6147200,105.404472351074
"2018-03-16",133.160003662109,134.399993896484,132.100006103516,133.679992675781,14233500,105.895584106445
"2018-03-19",133.350006103516,133.470001220703,129.360000610352,130.240005493164,6017000,103.170585632324
"2018-03-20",130.779998779297,131.779998779297,129.380004882812,131.210006713867,6214300,103.938987731934
"2018-03-21",131.399993896484,132.779998779297,130.660003662109,131.190002441406,5158700,103.923133850098
"2018-03-22",130.470001220703,130.679992675781,127.099998474121,127.379997253418,7560100,100.905006408691
"2018-03-23",127.629997253418,127.800003051758,124.900001525879,125.099998474121,8452500,99.0988922119141
"2018-03-26",126.410003662109,127.540000915527,125.209999084473,127.389999389648,8358200,100.912933349609
"2018-03-27",127.110000610352,129.100006103516,126.389999389648,127.209999084473,7789900,100.770332336426
"2018-03-28",127.629997253418,129.020004272461,127.209999084473,127.449996948242,6868500,100.960456848145
"2018-03-29",127.970001220703,128.759994506836,126.819999694824,128.149993896484,6119400,101.514976501465
"2018-04-02",127.819999694824,127.879997253418,123.540000915527,124.559997558594,8916900,98.6711196899414
"2018-04-03",125.180000305176,128.490005493164,124.680000305176,128.350006103516,8035000,101.673408508301
"2018-04-04",126.900001525879,131.119995117188,126.389999389648,130.410003662109,7717100,103.305236816406
"2018-04-05",130.410003662109,131.199996948242,129.5,130.710006713867,5621700,103.54288482666
"2018-04-06",130.220001220703,130.639999389648,126.410003662109,128.100006103516,6399300,101.475372314453
"2018-04-09",128.649993896484,131.139999389648,127.680000305176,129.479995727539,6395800,102.56852722168
"2018-04-10",130.25,130.910003662109,129.289993286133,130.25,6019300,103.178535461426
"2018-04-11",129.139999389648,130.350006103516,129.029998779297,129.630004882812,4575400,102.687355041504
"2018-04-12",130.089996337891,131.309997558594,129.860000610352,130.429992675781,4559800,103.321075439453
"2018-04-13",131.089996337891,131.419998168945,129.630004882812,130.619995117188,4742300,103.471611022949
"2018-04-16",131.410003662109,132.880004882812,131.279998779297,131.759994506836,6379600,104.374656677246
"2018-04-17",132.110000610352,132.199996948242,128.809997558594,130.539993286133,11008700,103.408203125
"2018-04-18",129.690002441406,129.899993896484,126.940002441406,127.720001220703,9383600,101.174331665039
"2018-04-19",127.629997253418,128.270004272461,126.889999389648,127.550003051758,5959500,101.039680480957
"2018-04-20",128,128.300003051758,126.169998168945,126.660003662109,7743900,100.33464050293
"2018-04-23",126.879997253418,127.300003051758,125.779998779297,126.830001831055,7501900,100.469337463379
"2018-04-24",126.940002441406,127.459999084473,125.309997558594,126.190002441406,6577500,99.9623489379883
"2018-04-25",125.910003662109,126.849998474121,125.279998779297,126.76000213623,5859600,100.413871765137
"2018-04-26",126.620002746582,129.220001220703,126.620002746582,128.009994506836,8211100,101.404067993164
"2018-04-27",127.730003356934,128.789993286133,127.5,128.270004272461,4266800,101.610038757324
"2018-04-30",128.860000610352,128.979995727539,126.48999786377,126.48999786377,8219400,100.199989318848
"2018-05-01",126.319999694824,126.639999389648,124.970001220703,126.01000213623,5122600,99.8197784423828
"2018-05-02",125.519996643066,126.180000305176,123.199996948242,123.5,7390800,97.8314361572266
"2018-05-03",123.300003051758,123.690002441406,121.279998779297,123.029998779297,7282900,97.4591369628906
"2018-05-04",122.599998474121,124.51000213623,121.800003051758,124.190002441406,6127600,98.3780364990234
"2018-05-07",124.139999389648,125.23999786377,123.319999694824,123.589996337891,6707900,97.9027557373047
"2018-05-08",122.860000610352,123.48999786377,121.690002441406,122.610000610352,5951800,97.1263961791992
"2018-05-09",122.98999786377,124.050003051758,122.529998779297,123.51000213623,6808600,97.8393630981445
"2018-05-10",124.220001220703,126.050003051758,124,125.349998474121,4948000,99.2969436645508
"2018-05-11",125.769996643066,127.599998474121,125.76000213623,127.23999786377,5716700,100.794120788574
"2018-05-14",127.349998474121,127.610000610352,125.599998474121,126.059997558594,6101600,99.8593597412109
"2018-05-15",125.540000915527,125.830001831055,124.400001525879,125.129997253418,5875700,99.1226577758789
"2018-05-16",125.440002441406,125.900001525879,125,125.349998474121,3818100,99.2969436645508
"2018-05-17",125.48999786377,125.589996337891,123.550003051758,123.849998474121,6473400,98.1086883544922
"2018-05-18",123.779998779297,124.440002441406,123.279998779297,124.23999786377,5433900,98.4176177978516
"2018-05-21",124.620002746582,124.98999786377,123.319999694824,123.720001220703,5558700,98.0056991577148
"2018-05-22",123.800003051758,124.23999786377,122.76000213623,122.910003662109,7172700,97.3640823364258
"2018-05-23",122.870002746582,123.970001220703,122.73999786377,123.449996948242,4940800,97.7918319702148
"2018-05-24",123.220001220703,123.389999389648,121.550003051758,122.25,6923600,96.8412628173828
"2018-05-25",121.559997558594,122.800003051758,121.129997253418,121.470001220703,4594800,96.9369888305664
"2018-05-29",120.5,120.800003051758,118.620002746582,119.400001525879,9821900,95.2851028442383
"2018-05-30",120.120002746582,121.580001831055,119.540000915527,120.970001220703,6423700,96.5380020141602
"2018-05-31",120.919998168945,121.25,119.540000915527,119.620002746582,10337500,95.4606246948242
"2018-06-01",120.379997253418,121.319999694824,119.970001220703,121.26000213623,5741000,96.7694396972656
"2018-06-04",121.849998474121,122.370002746582,121.019996643066,121.949996948242,4853000,97.3200531005859
"2018-06-05",122.050003051758,122.559997558594,120.900001525879,121.480003356934,5125400,96.9449920654297
"2018-06-06",121.970001220703,122.790000915527,121.459999084473,122.790000915527,6799300,97.9904022216797
"2018-06-07",123,123.48999786377,122.269996643066,123.330001831055,7414100,98.4213333129883
"2018-06-08",123.360000610352,124.849998474121,123.330001831055,124.059997558594,6208100,99.00390625
"2018-06-11",124.269996643066,124.339996337891,122.550003051758,122.660003662109,5571400,97.8866577148438
"2018-06-12",123.160003662109,123.180000305176,121.949996948242,122.540000915527,5227300,97.790901184082
"2018-06-13",123.150001525879,124.089996337891,122.459999084473,122.629997253418,5836900,97.8627166748047
"2018-06-14",122.709999084473,123.150001525879,122.089996337891,122.410003662109,5239200,97.6871566772461
"2018-06-15",122.099998474121,122.730003356934,121.23999786377,122.610000610352,13173500,97.8467559814453
"2018-06-18",121.610000610352,121.809997558594,120.25,121.319999694824,6787400,96.8172912597656
"2018-06-19",120.660003662109,123.169998168945,120.569999694824,122.569999694824,8572400,97.814826965332
"2018-06-20",122.419998168945,122.660003662109,121.660003662109,122.040000915527,6277200,97.3918914794922
"2018-06-21",121.830001831055,122.23999786377,121.110000610352,121.449996948242,4417200,96.9210205078125
"2018-06-22",121.680000305176,123.379997253418,121.650001525879,122.839996337891,9501400,98.0303268432617
"2018-06-25",122.819999694824,123.430000305176,121.51000213623,122.589996337891,8170500,97.8307952880859
"2018-06-26",122.48999786377,122.889999389648,121.599998474121,122.349998474121,5496400,97.6392593383789
"2018-06-27",122.129997253418,122.970001220703,121.449996948242,121.610000610352,5666000,97.0487365722656
"2018-06-28",121.779998779297,122.410003662109,121.069999694824,122,5296800,97.3599548339844
"2018-06-29",122.23999786377,123.180000305176,121.190002441406,121.339996337891,7308700,96.8332672119141
"2018-07-02",121.339996337891,121.730003356934,120.110000610352,121.580001831055,5481400,97.0247955322266
"2018-07-03",121.650001525879,123.459999084473,121.26000213623,122.709999084473,4248100,97.9265594482422
"2018-07-05",123.599998474121,125.120002746582,123.230003356934,125,7319100,99.7540664672852
"2018-07-06",125.160003662109,125.919998168945,124.610000610352,125.75,7297900,100.352584838867
"2018-07-09",126.220001220703,126.75,125.599998474121,126.050003051758,6706100,100.591995239258
"2018-07-10",126.370002746582,127.519996643066,126.110000610352,127.379997253418,5075600,101.653373718262
"2018-07-11",127.410003662109,127.440002441406,126.059997558594,126.23999786377,4827400,100.743598937988
"2018-07-12",127.709999084473,128.210006713867,127.169998168945,127.76000213623,6199000,101.956619262695
"2018-07-13",125.319999694824,127.5,125.319999694824,125.930000305176,8250200,100.496246337891
"2018-07-16",126,126.099998474121,124.160003662109,124.690002441406,7314400,99.5066757202148
"2018-07-17",128.529998779297,130.539993286133,127.559997558594,129.110000610352,12858700,103.033981323242
"2018-07-18",128.809997558594,129.050003051758,127.169998168945,127.800003051758,7152000,101.988563537598
"2018-07-19",127.529998779297,127.699996948242,125.870002746582,125.940002441406,5984600,100.50422668457
"2018-07-20",125.300003051758,126.139999389648,125.120002746582,125.849998474121,5835500,100.432395935059
"2018-07-23",125.75,126.680000305176,125.449996948242,126.629997253418,4631100,101.05485534668
"2018-07-24",127.23999786377,129.619995117188,127.150001525879,129.360000610352,7158800,103.233489990234
"2018-07-25",129.139999389648,129.229995727539,127.650001525879,128.619995117188,6523000,102.642951965332
"2018-07-26",129.899993896484,131.220001220703,129.850006103516,130.279998779297,7640600,103.967674255371
"2018-07-27",129.979995727539,132.270004272461,129.940002441406,131.550003051758,6620400,104.981163024902
"2018-07-30",131.779998779297,132.490005493164,131.25,132.169998168945,11013100,105.475952148438
"2018-07-31",132.279998779297,132.639999389648,131.770004272461,132.520004272461,7598900,105.755264282227
"2018-08-01",132.389999389648,132.960006713867,132.080001831055,132.639999389648,5770400,105.851028442383
"2018-08-02",132.889999389648,133,131.089996337891,131.25,6563300,104.741775512695
"2018-08-03",131.179992675781,132.699996948242,130.899993896484,131.949996948242,6498700,105.300399780273
"2018-08-06",131.639999389648,132.529998779297,131.009994506836,132.020004272461,5840000,105.356239318848
"2018-08-07",131.880004882812,132.169998168945,131.300003051758,131.460006713867,4664600,104.90934753418
"2018-08-08",131.490005493164,131.800003051758,130.889999389648,131.169998168945,3721500,104.677947998047
"2018-08-09",131.539993286133,131.720001220703,130.669998168945,131.199996948242,4057800,104.701858520508
"2018-08-10",131.190002441406,131.630004882812,130.259994506836,130.75,4324000,104.342750549316
"2018-08-13",130.720001220703,130.899993896484,129.850006103516,130.220001220703,3778000,103.919792175293
"2018-08-14",129.669998168945,130.470001220703,129.350006103516,129.5,4542800,103.34521484375
"2018-08-15",129.75,130.740005493164,128.929992675781,130.429992675781,5377300,104.087371826172
"2018-08-16",131.020004272461,132.880004882812,130.570007324219,132.479995727539,7861500,105.723327636719
"2018-08-17",132.449996948242,135,132.190002441406,134.470001220703,6700900,107.311401367188
"2018-08-20",134.929992675781,137.119995117188,134,136.880004882812,7935000,109.234703063965
"2018-08-21",137,137.429992675781,135.300003051758,135.350006103516,5832100,108.013710021973
"2018-08-22",135.559997558594,135.679992675781,134.419998168945,134.610000610352,4688400,107.423156738281
"2018-08-23",134.610000610352,135.490005493164,134.100006103516,135.110000610352,5057600,107.822189331055
"2018-08-24",135.110000610352,136.149993896484,134.830001831055,135.949996948242,4809400,108.492500305176
"2018-08-27",135.5,136.050003051758,134.210006713867,134.919998168945,4325900,108.38809967041
"2018-08-28",134.779998779297,134.899993896484,133.889999389648,134.320007324219,6037500,107.906066894531
"2018-08-29",134.320007324219,134.940002441406,133.940002441406,134.860000610352,4648700,108.339889526367
"2018-08-30",134.699996948242,135.600006103516,134.600006103516,134.949996948242,4821900,108.412147521973
"2018-08-31",134.600006103516,135,133.970001220703,134.690002441406,6139500,108.203315734863
"2018-09-04",134.690002441406,134.75,133.440002441406,133.720001220703,4406800,107.424049377441
"2018-09-05",133.479995727539,135.940002441406,133.460006713867,135.860000610352,6174800,109.143226623535
"2018-09-06",135.5,137.309997558594,135.179992675781,136.869995117188,6562000,109.954620361328
"2018-09-07",136.779998779297,137.690002441406,135.75,137.320007324219,6375200,110.316146850586
"2018-09-10",137.529998779297,138.470001220703,137.059997558594,137.210006713867,4892200,110.22777557373
"2018-09-11",137.639999389648,138.910003662109,137.220001220703,138.509994506836,7856800,111.27214050293
"2018-09-12",138.899993896484,139.990005493164,138.559997558594,139.360000610352,6767700,111.954963684082
"2018-09-13",139.889999389648,140.479995727539,139.020004272461,139.889999389648,6456100,112.380729675293
"2018-09-14",140,140.350006103516,139.100006103516,139.490005493164,4534800,112.059394836426
"2018-09-17",139.330001831055,140.399993896484,139.179992675781,139.960006713867,5295500,112.436988830566
"2018-09-18",140.270004272461,140.839996337891,139.830001831055,140.539993286133,4581200,112.902923583984
"2018-09-19",140.759994506836,140.990005493164,140.050003051758,140.460006713867,5049900,112.838653564453
"2018-09-20",140.820007324219,142.139999389648,140.509994506836,141.979995727539,5019300,114.059707641602
"2018-09-21",142.179992675781,143.130004882812,141.690002441406,142.880004882812,13283400,114.782760620117
"2018-09-24",142.100006103516,142.5,140.229995727539,140.470001220703,6708000,112.846656799316
"2018-09-25",140.529998779297,140.960006713867,138.399993896484,138.639999389648,7982800,111.376541137695
"2018-09-26",138.949996948242,140,137.960006713867,138.160003662109,7133300,110.990936279297
"2018-09-27",138.449996948242,139.580001831055,137.570007324219,138.220001220703,6450500,111.03914642334
"2018-09-28",138.100006103516,138.559997558594,137.410003662109,138.169998168945,6638500,110.998977661133
"2018-10-01",138.259994506836,139.850006103516,138,139.690002441406,4871800,112.220069885254
"2018-10-02",139.789993286133,140.729995727539,139.649993896484,140.479995727539,6439100,112.854713439941
"2018-10-03",140.539993286133,141.270004272461,138.880004882812,139.029998779297,5411800,111.68985748291
"2018-10-04",138.550003051758,139.529998779297,137.320007324219,139.350006103516,4738700,111.94694519043
"2018-10-05",139.800003051758,140.25,138.559997558594,139.100006103516,4309300,111.746086120605
"2018-10-08",138.899993896484,139.679992675781,138.619995117188,139.389999389648,5174100,111.979080200195
"2018-10-09",138.740005493164,139.619995117188,137.809997558594,139.199996948242,4475300,111.826431274414
"2018-10-10",139.350006103516,140.460006713867,137.729995727539,137.729995727539,7265600,110.645484924316
"2018-10-11",137.910003662109,138.660003662109,132.880004882812,133.839996337891,11603200,107.520469665527
"2018-10-12",134.399993896484,134.410003662109,132.229995727539,133.869995117188,6998000,107.544578552246
"2018-10-15",133.880004882812,135.300003051758,133.509994506836,133.949996948242,6398700,107.608818054199
"2018-10-16",134.75,137.990005493164,134.75,136.559997558594,9592800,109.705589294434
"2018-10-17",136.229995727539,140,136.210006713867,139.460006713867,8261100,112.035301208496
"2018-10-18",139.199996948242,139.809997558594,137.710006713867,139.5,7583900,112.067428588867
"2018-10-19",138.339996337891,140,137.910003662109,139.050003051758,5924800,111.705940246582
"2018-10-22",138.610000610352,139.259994506836,138.139999389648,138.679992675781,4864300,111.408676147461
"2018-10-23",137.789993286133,139.490005493164,137.449996948242,138.929992675781,8282700,111.609527587891
"2018-10-24",138.520004272461,140.110000610352,137.169998168945,137.470001220703,8279200,110.436645507812
"2018-10-25",137.460006713867,139.089996337891,135.050003051758,138.470001220703,9720700,111.240005493164
"2018-10-26",137.940002441406,139.300003051758,135.330001831055,136.970001220703,11371400,110.034942626953
"2018-10-29",136.990005493164,139.100006103516,136.220001220703,137.550003051758,6783000,110.500877380371
"2018-10-30",137.929992675781,141.100006103516,137,140.75,9646200,113.071586608887
"2018-10-31",141,141.429992675781,139.610000610352,139.990005493164,9968900,112.461074829102
"2018-11-01",140.070007324219,141.580001831055,139.850006103516,140.820007324219,6913500,113.127838134766
"2018-11-02",141.970001220703,142,139.660003662109,140.679992675781,7673200,113.015403747559
"2018-11-05",141,142.740005493164,139,142.199996948242,5601400,114.236473083496
"2018-11-06",141.529998779297,142.830001831055,141.059997558594,142.570007324219,5798900,114.533706665039
"2018-11-07",143.100006103516,144.869995117188,142.970001220703,144.75,7173600,116.285041809082
"2018-11-08",144.309997558594,145.789993286133,144,145.300003051758,5497100,116.726890563965
"2018-11-09",145.039993286133,145.740005493164,144.380004882812,145.339996337891,5343100,116.759010314941
"2018-11-12",144.990005493164,146.240005493164,144.729995727539,145.619995117188,7013600,116.983947753906
"2018-11-13",146.190002441406,146.75,143.419998168945,144.679992675781,7432300,116.22876739502
"2018-11-14",145.020004272461,145.309997558594,143.559997558594,144.25,6433100,115.883346557617
"2018-11-15",143.410003662109,144.509994506836,142.479995727539,144.5,6657900,116.084167480469
"2018-11-16",144.710006713867,146.740005493164,144.550003051758,145.990005493164,8494300,117.281181335449
"2018-11-19",146.429992675781,148.440002441406,146.369995117188,147.729995727539,8714600,118.678985595703
"2018-11-20",147.5,148.75,146.350006103516,146.449996948242,8937700,117.650688171387
"2018-11-21",146.229995727539,146.229995727539,140.779998779297,141.990005493164,10275400,114.067779541016
"2018-11-23",141.850006103516,142.729995727539,141.600006103516,142.229995727539,3404900,114.260559082031
"2018-11-26",142,142.050003051758,140.720001220703,141.369995117188,7590900,114.292915344238
"2018-11-27",140.570007324219,143.350006103516,139.660003662109,143.220001220703,5962100,115.788581848145
"2018-11-28",143.830001831055,146.559997558594,143.360000610352,146.440002441406,8411400,118.391830444336
"2018-11-29",145.619995117188,147.199996948242,144.839996337891,145.850006103516,6900000,117.914848327637
"2018-11-30",145.339996337891,147,145.100006103516,146.899993896484,12517600,118.763725280762
"2018-12-03",145.570007324219,146.630004882812,144.940002441406,146.210006713867,8827200,118.205894470215
"2018-12-04",146.320007324219,148.990005493164,145.820007324219,146.029998779297,9803500,118.060386657715
"2018-12-06",144.5,146.449996948242,142.789993286133,145.910003662109,11572500,117.963371276855
"2018-12-07",145.490005493164,147.339996337891,144.119995117188,145.429992675781,9444500,117.575286865234
"2018-12-10",145.389999389648,145.880004882812,142.380004882812,145.259994506836,6848100,117.437866210938
"2018-12-11",146.289993286133,148.210006713867,145.789993286133,146.5,9857400,118.440376281738
"2018-12-12",147,148.490005493164,147,147.100006103516,8869200,118.925453186035
"2018-12-13",146.960006713867,148.589996337891,146.800003051758,147.839996337891,6008300,119.52368927002
"2018-12-14",144.339996337891,145.380004882812,130.199996948242,133,58140200,107.526069641113
"2018-12-17",128.320007324219,131.649993896484,126.830001831055,129.139999389648,36933100,104.40535736084
"2018-12-18",132.050003051758,132.800003051758,129.199996948242,130.419998168945,24640100,105.440200805664
"2018-12-19",129.869995117188,131.350006103516,127.089996337891,127.610000610352,21232100,103.168418884277
"2018-12-20",127.720001220703,129.75,126.76000213623,128.270004272461,16609600,103.702018737793
"2018-12-21",127.800003051758,130.600006103516,127.120002746582,128.089996337891,19732900,103.55647277832
"2018-12-24",127.300003051758,128,121,122.839996337891,7531900,99.3120498657227
"2018-12-26",123.419998168945,126.76000213623,122.01000213623,126.709999084473,9253000,102.440780639648
"2018-12-27",125.870002746582,127.410003662109,123.069999694824,127.410003662109,9918700,103.006729125977
"2018-12-28",127.910003662109,128.75,126.75,127.269996643066,6537200,102.893531799316
"2018-12-31",128.179992675781,129.550003051758,127.419998168945,129.050003051758,7409900,104.332595825195
"2019-01-02",128.130004882812,128.380004882812,126.279998779297,127.75,7631700,103.281608581543
"2019-01-03",128.139999389648,128.270004272461,125.360000610352,125.720001220703,8654500,101.640434265137
"2019-01-04",127.120002746582,128.649993896484,126.730003356934,127.830001831055,8831700,103.346290588379
"2019-01-07",127.629997253418,128.350006103516,126.800003051758,127.01000213623,8404700,102.683334350586
"2019-01-08",128.179992675781,130.5,127.730003356934,129.960006713867,9351600,105.068344116211
"2019-01-09",129.830001831055,130.240005493164,128.330001831055,128.929992675781,7403500,104.23558807373
"2019-01-10",127.690002441406,129.889999389648,127.690002441406,129.710006713867,6224400,104.8662109375
"2019-01-11",129,129.839996337891,128.309997558594,129.75,5300400,104.898567199707
"2019-01-14",128.740005493164,128.960006713867,127.589996337891,128.279998779297,7374400,103.710075378418
"2019-01-15",128.520004272461,129.490005493164,127.650001525879,129.360000610352,5194400,104.583229064941
"2019-01-16",129.410003662109,129.410003662109,127.900001525879,128.039993286133,6264200,103.516067504883
"2019-01-17",127.709999084473,129.520004272461,127.459999084473,129.089996337891,7632000,104.364952087402
"2019-01-18",129.899993896484,131.179992675781,129.449996948242,130.690002441406,10593000,105.658515930176
"2019-01-22",128.199996948242,129.5,127.01000213623,128.800003051758,10568100,104.130516052246
"2019-01-23",128.5,129.300003051758,127.930000305176,128.800003051758,9267800,104.130516052246
"2019-01-24",128.490005493164,128.699996948242,125,127.029998779297,9917000,102.699531555176
"2019-01-25",128.130004882812,128.449996948242,127.029998779297,128.229995727539,7585100,103.66967010498
"2019-01-28",127.809997558594,129.149993896484,127.290000915527,128.990005493164,6927700,104.284118652344
"2019-01-29",128.949996948242,130.470001220703,128.5,130.330001831055,6669300,105.36743927002
"2019-01-30",130.369995117188,132.190002441406,130.300003051758,131.639999389648,7299300,106.426544189453
"2019-01-31",131.630004882812,135.190002441406,130.869995117188,133.080001831055,17298100,107.590713500977
"2019-02-01",134.020004272461,134.690002441406,133.470001220703,134.199996948242,9575200,108.496215820312
"2019-02-04",133.960006713867,134.149993896484,132.210006713867,132.880004882812,7759000,107.429054260254
"2019-02-05",133.520004272461,133.880004882812,132.75,132.880004882812,6449800,107.429054260254
"2019-02-06",133.080001831055,133.570007324219,132.300003051758,133,5066100,107.526069641113
"2019-02-07",132.449996948242,132.639999389648,131.529998779297,132.050003051758,6085300,106.758003234863
"2019-02-08",131.949996948242,132.460006713867,131.539993286133,132.399993896484,4436700,107.040962219238
"2019-02-11",132.309997558594,132.669998168945,131.259994506836,132,4962200,106.717575073242
"2019-02-12",132.080001831055,134.300003051758,132.080001831055,134.160003662109,6262300,108.463890075684
"2019-02-13",134.070007324219,134.979995727539,133.210006713867,134.449996948242,7902200,108.698356628418
"2019-02-14",134.300003051758,134.820007324219,133.350006103516,134.309997558594,3910400,108.585159301758
"2019-02-15",135.190002441406,136.410003662109,135.009994506836,136.380004882812,6665000,110.258666992188
"2019-02-19",136.139999389648,136.380004882812,135.630004882812,135.690002441406,5935500,109.700836181641
"2019-02-20",135.970001220703,136.729995727539,135.729995727539,136.350006103516,6089800,110.234413146973
"2019-02-21",134.979995727539,135.789993286133,134.270004272461,135.419998168945,6665500,109.482528686523
"2019-02-22",135.289993286133,136.639999389648,134.820007324219,136.600006103516,5223900,110.436531066895
"2019-02-25",136.350006103516,137.490005493164,135.860000610352,136.199996948242,6846600,110.843437194824
"2019-02-26",136.440002441406,136.960006713867,136.050003051758,136.110000610352,5106900,110.770210266113
"2019-02-27",135.520004272461,136.25,135.389999389648,135.869995117188,4378100,110.574897766113
"2019-02-28",135.949996948242,137.949996948242,135.690002441406,136.639999389648,10133200,111.201530456543
"2019-03-01",137.220001220703,138.610000610352,137.009994506836,138.350006103516,5641600,112.593193054199
"2019-03-04",138.850006103516,139.410003662109,137.509994506836,138.479995727539,8377700,112.698997497559
"2019-03-05",138.809997558594,139.139999389648,138.360000610352,138.770004272461,6568900,112.934967041016
"2019-03-06",139.470001220703,139.649993896484,138.600006103516,139.089996337891,6236900,113.195388793945
"2019-03-07",138.529998779297,139.119995117188,137.699996948242,138.240005493164,6100400,112.503662109375
"2019-03-08",138.089996337891,139.300003051758,136.419998168945,138.059997558594,7046700,112.357147216797
"2019-03-11",138.110000610352,139.029998779297,137.520004272461,138.559997558594,6150400,112.764068603516
"2019-03-12",138.649993896484,140,138.5,139.179992675781,5552900,113.268646240234
"2019-03-13",139.589996337891,139.839996337891,139.020004272461,139.410003662109,6446900,113.455833435059
"2019-03-14",138.339996337891,138.800003051758,137.940002441406,138.020004272461,8493600,112.324638366699
"2019-03-15",138,138.259994506836,136.830001831055,137.600006103516,11922500,111.982833862305
"2019-03-18",137.649993896484,137.779998779297,136.720001220703,137.169998168945,7369600,111.632858276367
"2019-03-19",137.610000610352,138.820007324219,137.470001220703,138.440002441406,5882500,112.666450500488
"2019-03-20",138.330001831055,138.509994506836,136.649993896484,137.289993286133,5475700,111.730514526367
"2019-03-21",137,138.779998779297,136.949996948242,138.100006103516,5765100,112.389739990234
"2019-03-22",137.75,138.389999389648,136.860000610352,136.910003662109,6528800,111.421249389648
"2019-03-25",136.910003662109,137.009994506836,135.740005493164,136.610000610352,4500300,111.177108764648
"2019-03-26",136.929992675781,139.270004272461,136.929992675781,138.570007324219,4758600,112.772232055664
"2019-03-27",138.589996337891,139.479995727539,138.070007324219,138.699996948242,6764900,112.878005981445
"2019-03-28",139.059997558594,139.460006713867,138.710006713867,138.880004882812,4602100,113.02449798584
"2019-03-29",139.279998779297,139.880004882812,138.880004882812,139.789993286133,7168400,113.765106201172
"2019-04-01",139.990005493164,140.289993286133,138.740005493164,138.979995727539,5885200,113.105903625488
"2019-04-02",139.009994506836,139.009994506836,136.910003662109,137.710006713867,5517800,112.072319030762
"2019-04-03",138.199996948242,138.240005493164,136.869995117188,137.169998168945,5947000,111.632858276367
"2019-04-04",136.869995117188,137.009994506836,135.130004882812,135.570007324219,5844600,110.330749511719
"2019-04-05",136.039993286133,136.580001831055,135.699996948242,136.179992675781,4759700,110.827140808105
"2019-04-08",136.050003051758,136.509994506836,135.699996948242,136.139999389648,4329600,110.794616699219
"2019-04-09",136,136.259994506836,134.559997558594,135.570007324219,5210300,110.330749511719
"2019-04-10",135.889999389648,136.130004882812,135.330001831055,135.580001831055,4194100,110.338890075684
"2019-04-11",135.960006713867,136.179992675781,134.419998168945,135.210006713867,4485200,110.037757873535
"2019-04-12",135.220001220703,136.350006103516,134.75,135.979995727539,5756800,110.664405822754
"2019-04-15",136,136.789993286133,135.800003051758,136.520004272461,5380900,111.103874206543
"2019-04-16",138.320007324219,140.699996948242,137.559997558594,138.020004272461,10745700,112.324638366699
"2019-04-17",139,140.149993896484,137.669998168945,138.520004272461,9543700,112.731544494629
"2019-04-18",139.350006103516,140.240005493164,135.75,137.520004272461,10485300,111.917709350586
"2019-04-22",136.979995727539,138.490005493164,136.460006713867,137.830001831055,4666500,112.169998168945
"2019-04-23",137.419998168945,140.850006103516,137.25,139.899993896484,5790500,113.854598999023
"2019-04-24",139.649993896484,140.139999389648,138.860000610352,139.199996948242,5676300,113.284942626953
"2019-04-25",138.520004272461,139.770004272461,137.960006713867,139.649993896484,5218100,113.651153564453
"2019-04-26",139.880004882812,140.520004272461,139.309997558594,140.389999389648,4613600,114.253395080566
"2019-04-29",140.350006103516,140.429992675781,139.580001831055,139.839996337891,4275200,113.805770874023
"2019-04-30",140.190002441406,141.449996948242,138.960006713867,141.199996948242,6003700,114.912590026855
"2019-05-01",140.949996948242,142.350006103516,139.75,141.949996948242,6656300,115.52294921875
"2019-05-02",141.910003662109,142.149993896484,140.119995117188,141.279998779297,8835600,114.97770690918
"2019-05-03",141.289993286133,142.089996337891,141.080001831055,142.009994506836,5281600,115.571784973145
"2019-05-06",140.25,142.240005493164,139.929992675781,142.089996337891,5818900,115.636909484863
"2019-05-07",140.820007324219,141.380004882812,139.059997558594,139.970001220703,6606700,113.911575317383
"2019-05-08",140.199996948242,140.919998168945,139.699996948242,139.789993286133,4667300,113.765106201172
"2019-05-09",138.949996948242,139.320007324219,137.639999389648,138.729995727539,5604200,112.902412414551
"2019-05-10",138.429992675781,139.25,136.410003662109,139.050003051758,4771600,113.162864685059
"2019-05-13",137.850006103516,138.059997558594,136.529998779297,137.199996948242,5560000,111.65731048584
"2019-05-14",137.039993286133,137.839996337891,136.729995727539,136.820007324219,7179400,111.348022460938
"2019-05-15",136.899993896484,137.490005493164,135.330001831055,136.910003662109,6429400,111.421249389648
"2019-05-16",137.389999389648,139.190002441406,136.970001220703,138.210006713867,6857200,112.479248046875
"2019-05-17",137,139.029998779297,136.860000610352,138.610000610352,6915300,112.804779052734
"2019-05-20",138.610000610352,138.960006713867,137.679992675781,138.419998168945,4771100,112.650169372559
"2019-05-21",139.119995117188,139.570007324219,138.080001831055,138.119995117188,4859000,112.405975341797
"2019-05-22",138.350006103516,138.949996948242,137.490005493164,138.759994506836,5456800,112.926818847656
"2019-05-23",138.5,139.850006103516,137.669998168945,139.789993286133,6951800,113.765106201172
"2019-05-24",139.5,139.5,138.559997558594,138.850006103516,5473300,113.773292541504
"2019-05-28",139,140.490005493164,137.050003051758,137.070007324219,11919600,112.314781188965
"2019-05-29",135.889999389648,135.889999389648,128.520004272461,131.330001831055,23247400,107.61141204834
"2019-05-30",131.440002441406,132.820007324219,131.169998168945,132.110000610352,7360600,108.250526428223
"2019-05-31",131.520004272461,132,129.610000610352,131.149993896484,7811000,107.463912963867
"2019-06-03",131.5,132.399993896484,131.039993286133,131.440002441406,8434600,107.701553344727
"2019-06-04",132.600006103516,134.300003051758,132.580001831055,133.729995727539,6648900,109.57795715332
"2019-06-05",134.699996948242,135.130004882812,133.860000610352,134.380004882812,6860600,110.110580444336
"2019-06-06",134.899993896484,137.660003662109,134.589996337891,136.679992675781,9115800,111.99520111084
"2019-06-07",137.589996337891,139.589996337891,137.139999389648,138.550003051758,6533900,113.527481079102
"2019-06-10",138.600006103516,139.149993896484,137.600006103516,139.020004272461,4994700,113.91259765625
"2019-06-11",139.679992675781,140.660003662109,139.5,139.779998779297,8230500,114.535354614258
"2019-06-12",140.300003051758,142.910003662109,140.300003051758,141.679992675781,9216500,116.092147827148
"2019-06-13",141.720001220703,141.949996948242,140.210006713867,140.710006713867,7500800,115.29736328125
"2019-06-14",141.229995727539,141.490005493164,140.039993286133,140.089996337891,6548100,114.78931427002
"2019-06-17",140,140.240005493164,139.210006713867,139.440002441406,5562800,114.256729125977
"2019-06-18",140.559997558594,140.929992675781,139.789993286133,140.229995727539,7122700,114.904029846191
"2019-06-19",140.009994506836,140.970001220703,139.910003662109,140.449996948242,6393400,115.084342956543
"2019-06-20",141.25,142.399993896484,141,142.210006713867,7335800,116.526443481445
"2019-06-21",141.460006713867,142.429992675781,141.009994506836,142.089996337891,11272200,116.42813873291
"2019-06-24",142.419998168945,143.699996948242,142.089996337891,143.059997558594,5894700,117.222930908203
"2019-06-25",143.270004272461,144.979995727539,143.190002441406,144.240005493164,7517000,118.18985748291
"2019-06-26",143.850006103516,143.850006103516,140.759994506836,141.850006103516,7674100,116.231452941895
"2019-06-27",142.229995727539,142.5,140.600006103516,140.690002441406,5233500,115.280960083008
"2019-06-28",140.740005493164,141.100006103516,138.509994506836,139.279998779297,12792400,114.125610351562
"2019-07-01",140.199996948242,140.259994506836,138.720001220703,139.360000610352,5872300,114.19116973877
"2019-07-02",139.220001220703,140.029998779297,138.690002441406,140.029998779297,4501200,114.740158081055
"2019-07-03",141,142.179992675781,140.789993286133,142.139999389648,3436300,116.469108581543
"2019-07-05",141.740005493164,141.860000610352,140.369995117188,140.570007324219,4652400,115.182632446289
"2019-07-08",140.119995117188,141.080001831055,139.639999389648,140.970001220703,4078100,115.51042175293
"2019-07-09",141.460006713867,142.470001220703,140.910003662109,141.410003662109,4217400,115.870979309082
"2019-07-10",141.779998779297,141.990005493164,140.669998168945,141.210006713867,4874400,115.707046508789
"2019-07-11",140.940002441406,141.210006713867,139.020004272461,140.110000610352,5817400,114.805694580078
"2019-07-12",140.119995117188,140.119995117188,132.320007324219,134.300003051758,17780100,110.045013427734
"2019-07-15",135.389999389648,136.360000610352,134.449996948242,134.710006713867,10038200,110.381004333496
"2019-07-16",132.929992675781,133.830001831055,131.75,132.5,10214500,108.570098876953
"2019-07-17",132.490005493164,133.580001831055,131.410003662109,131.860000610352,8862100,108.045684814453
"2019-07-18",132.130004882812,132.509994506836,131.169998168945,132.070007324219,6203100,108.217765808105
"2019-07-19",132.25,132.389999389648,130.190002441406,130.309997558594,8340200,106.77564239502
"2019-07-22",130,130.149993896484,127.839996337891,128.639999389648,12624800,105.407218933105
"2019-07-23",128.610000610352,129.449996948242,128.160003662109,128.839996337891,5803600,105.571105957031
"2019-07-24",128.880004882812,129.789993286133,128.570007324219,129.779998779297,6838600,106.341384887695
"2019-07-25",130.059997558594,131.529998779297,129.669998168945,131.119995117188,8897800,107.43936920166
"2019-07-26",131.300003051758,131.300003051758,130.490005493164,130.729995727539,4894600,107.119766235352
"2019-07-29",131,133.309997558594,130.210006713867,133.020004272461,7832000,108.996192932129
"2019-07-30",132.470001220703,132.490005493164,131.270004272461,132.080001831055,5509600,108.225959777832
"2019-07-31",131.639999389648,132,130.179992675781,130.220001220703,8559200,106.701889038086
"2019-08-01",130.259994506836,130.740005493164,129.020004272461,130.289993286133,7870700,106.759246826172
"2019-08-02",130.860000610352,131.470001220703,129.770004272461,131.070007324219,6574900,107.398376464844
"2019-08-05",130.910003662109,131.460006713867,129.009994506836,130.160003662109,9480000,106.652732849121
"2019-08-06",130.339996337891,131.220001220703,129.589996337891,130.770004272461,7880600,107.152565002441
"2019-08-07",129.360000610352,130.910003662109,128.190002441406,130.210006713867,6771700,106.693702697754
"2019-08-08",130.979995727539,131.949996948242,130.229995727539,131.679992675781,5260500,107.898216247559
"2019-08-09",131.800003051758,132.759994506836,131.229995727539,132.039993286133,4677300,108.193176269531
"2019-08-12",131.5,132.699996948242,131.289993286133,131.929992675781,6852100,108.103050231934
"2019-08-13",132.300003051758,134.100006103516,132,133.419998168945,5013200,109.323974609375
"2019-08-14",132.529998779297,132.539993286133,130.130004882812,130.259994506836,7736200,106.734664916992
"2019-08-15",130.169998168945,131.070007324219,129.25,130.539993286133,7251200,106.964065551758
"2019-08-16",131.470001220703,131.669998168945,130.600006103516,131.360000610352,5858900,107.635971069336
"2019-08-19",132.5,132.570007324219,131.820007324219,132.25,4958000,108.365280151367
"2019-08-20",131.960006713867,132.660003662109,130.460006713867,130.600006103516,7302000,107.013252258301
"2019-08-21",131.699996948242,132.410003662109,130.850006103516,131.529998779297,6912800,107.77530670166
"2019-08-22",131.600006103516,132.130004882812,130.800003051758,131.270004272461,7213500,107.56226348877
"2019-08-23",131.070007324219,131.259994506836,127.129997253418,127.730003356934,15714000,104.661567687988
"2019-08-26",127.419998168945,128.080001831055,126.629997253418,127.800003051758,8889500,105.503646850586
"2019-08-27",129.880004882812,132.399993896484,129.100006103516,129.639999389648,20183800,107.022613525391
"2019-08-28",127.860000610352,128.869995117188,127.01000213623,128.679992675781,9878800,106.230117797852
"2019-08-29",128.839996337891,129.199996948242,126.830001831055,128.240005493164,6749900,105.866874694824
"2019-08-30",128.270004272461,129.100006103516,127.620002746582,128.360000610352,7371100,105.965927124023
"2019-09-03",127.98999786377,128.979995727539,127.51000213623,128.740005493164,5710200,106.279647827148
"2019-09-04",129.490005493164,129.589996337891,128.080001831055,128.860000610352,4807200,106.378715515137
"2019-09-05",129.899993896484,129.899993896484,128.309997558594,128.580001831055,4754100,106.147537231445
"2019-09-06",128.880004882812,129.229995727539,128.070007324219,128.210006713867,6758300,105.842124938965
"2019-09-09",128,128.160003662109,126.589996337891,126.949996948242,7684700,104.801940917969
"2019-09-10",127.339996337891,129.550003051758,126.339996337891,129.550003051758,8239500,106.94832611084
"2019-09-11",129.860000610352,131.279998779297,129.080001831055,131.169998168945,6203600,108.285697937012
"2019-09-12",131.360000610352,131.770004272461,130.059997558594,130.429992675781,5250000,107.674774169922
"2019-09-13",131.330001831055,131.570007324219,129.960006713867,130.779998779297,5369800,107.963722229004
"2019-09-16",130.110000610352,130.75,129.330001831055,129.539993286133,5101700,106.940078735352
"2019-09-17",129.600006103516,130.5,129.110000610352,129.669998168945,4976400,107.047386169434
"2019-09-18",129.899993896484,130.559997558594,128.779998779297,130.410003662109,4373600,107.658294677734
"2019-09-19",129.630004882812,131.190002441406,129.360000610352,130.110000610352,4730100,107.41064453125
"2019-09-20",131,132,130.289993286133,131.649993896484,12053100,108.681930541992
"2019-09-23",131.020004272461,132.050003051758,130.490005493164,131.740005493164,5183700,108.756256103516
"2019-09-24",132.100006103516,132.779998779297,131.339996337891,131.550003051758,7102600,108.599403381348
"2019-09-25",131.5,131.570007324219,130.229995727539,130.990005493164,4522900,108.137084960938
"2019-09-26",131.089996337891,131.309997558594,128.029998779297,128.850006103516,7545800,106.37043762207
"2019-09-27",128.610000610352,129.399993896484,126.699996948242,128.600006103516,6006500,106.164070129395
"2019-09-30",129.070007324219,130.279998779297,129,129.380004882812,6552100,106.807998657227
"2019-10-01",130.020004272461,130.800003051758,129.770004272461,129.990005493164,7673000,107.311561584473
"2019-10-02",132.759994506836,134.699996948242,131.220001220703,132,12051800,108.970893859863
"2019-10-03",131.639999389648,132.369995117188,130.009994506836,131.190002441406,6997600,108.302215576172
"2019-10-04",131.339996337891,133.720001220703,131.25,133.660003662109,7233300,110.341300964355
"2019-10-07",133.089996337891,133.820007324219,132.139999389648,133.160003662109,5427200,109.928497314453
"2019-10-08",132.449996948242,133.259994506836,131.490005493164,131.839996337891,7870400,108.83878326416
"2019-10-09",131.139999389648,131.25,128.520004272461,129.220001220703,7787700,106.675895690918
"2019-10-10",128.949996948242,130.119995117188,128.630004882812,129.059997558594,5119700,106.543823242188
"2019-10-11",131.139999389648,132.619995117188,130.820007324219,131.330001831055,7161400,108.417785644531
"2019-10-14",131.360000610352,131.360000610352,130.419998168945,130.720001220703,5700000,107.914215087891
"2019-10-15",133,134.25,132.100006103516,132.839996337891,10008800,109.664321899414
"2019-10-16",134.899993896484,136.589996337891,133.800003051758,135.169998168945,12434200,111.587852478027
"2019-10-17",135.960006713867,137.490005493164,135.649993896484,136.169998168945,8434000,112.413383483887
"2019-10-18",133.309997558594,134.389999389648,127.699996948242,127.699996948242,25868700,105.421081542969
"2019-10-21",128.669998168945,129.669998168945,127.059997558594,128.020004272461,13823600,105.685264587402
"2019-10-22",128.759994506836,130.539993286133,128.089996337891,129.199996948242,7613700,106.659355163574
"2019-10-23",129.660003662109,130.479995727539,129.070007324219,129.899993896484,6693400,107.237243652344
"2019-10-24",130.419998168945,130.580001831055,126.099998474121,127.5,12111600,105.255973815918
"2019-10-25",127.830001831055,129.100006103516,127.309997558594,128.350006103516,6947300,105.957679748535
"2019-10-28",128.619995117188,130,128.509994506836,129.179992675781,7876300,106.642868041992
"2019-10-29",129.699996948242,129.970001220703,128.559997558594,129.119995117188,4506300,106.593353271484
"2019-10-30",133.300003051758,133.529998779297,131.729995727539,132.839996337891,9627600,109.664321899414
"2019-10-31",132.380004882812,132.839996337891,130.889999389648,132.039993286133,7686700,109.003898620605
"2019-11-01",132.050003051758,133,131.139999389648,131.199996948242,5541800,108.310455322266
"2019-11-04",131.800003051758,131.949996948242,130.089996337891,130.229995727539,6140300,107.509704589844
"2019-11-05",130.529998779297,131.470001220703,129.679992675781,130.419998168945,6257300,107.666534423828
"2019-11-06",130.419998168945,131.479995727539,129.699996948242,130.960006713867,5450000,108.112335205078
"2019-11-07",131.729995727539,132.380004882812,131.009994506836,131.429992675781,5873700,108.50032043457
"2019-11-08",131.300003051758,133.039993286133,130.970001220703,133,5003000,109.796432495117
"2019-11-11",132.270004272461,132.520004272461,131.330001831055,131.979995727539,4371400,108.954360961914
"2019-11-12",132,132.089996337891,131.020004272461,131.350006103516,5228700,108.434310913086
"2019-11-13",131.039993286133,131.490005493164,130.720001220703,131.270004272461,5885400,108.368255615234
"2019-11-14",131.029998779297,131.360000610352,130.139999389648,130.960006713867,4217500,108.112335205078
"2019-11-15",131.25,134.970001220703,130.779998779297,134.940002441406,10495100,111.39794921875
"2019-11-18",134.220001220703,135.690002441406,132.660003662109,134.830001831055,9291800,111.307159423828
"2019-11-19",135,135.190002441406,134.210006713867,134.820007324219,5192200,111.29891204834
"2019-11-20",135.110000610352,136.339996337891,134.070007324219,135.940002441406,7594400,112.223518371582
"2019-11-21",135.940002441406,136.850006103516,135,136.440002441406,6424900,112.636283874512
"2019-11-22",136.649993896484,138.630004882812,136.5,138.070007324219,9235800,113.981880187988
"2019-11-25",137.059997558594,137.649993896484,136.240005493164,137.179992675781,6111900,114.031753540039
"2019-11-26",136.470001220703,137.339996337891,135.149993896484,137.169998168945,10636500,114.023452758789
"2019-11-27",137.160003662109,138.25,136.899993896484,137.75,5523000,114.505584716797
"2019-11-29",137.600006103516,138.270004272461,136.940002441406,137.490005493164,3278900,114.289489746094
"2019-12-02",137.720001220703,137.850006103516,136.850006103516,137.360000610352,4717100,114.181365966797
"2019-12-03",136.910003662109,137.449996948242,136.160003662109,137.160003662109,5741400,114.015151977539
"2019-12-04",138.5,139.740005493164,138.039993286133,139.380004882812,7257300,115.860572814941
"2019-12-05",139.350006103516,139.75,137.949996948242,139.559997558594,5472900,116.010154724121
"2019-12-06",139.460006713867,141.580001831055,139.460006713867,140.380004882812,6640400,116.691802978516
"2019-12-09",140.389999389648,140.809997558594,140.059997558594,140.5,4241000,116.791542053223
"2019-12-10",140.800003051758,141,139.910003662109,139.990005493164,5310300,116.367622375488
"2019-12-11",140.929992675781,141.979995727539,140.630004882812,140.979995727539,6631500,117.190536499023
"2019-12-12",141.320007324219,142.059997558594,140.729995727539,141.339996337891,5012400,117.489822387695
"2019-12-13",141.100006103516,141.800003051758,140.309997558594,141.380004882812,4257200,117.523063659668
"2019-12-16",141.729995727539,142.850006103516,141.490005493164,141.789993286133,5353100,117.863914489746
"2019-12-17",143,144.050003051758,142.520004272461,143.559997558594,10722400,119.335166931152
"2019-12-18",143.720001220703,143.880004882812,142.740005493164,143.190002441406,7849200,119.027633666992
"2019-12-19",143.889999389648,145.880004882812,143.610000610352,145.350006103516,9414700,120.823165893555
"2019-12-20",146.880004882812,147.839996337891,144.800003051758,146.059997558594,14532800,121.41332244873
"2019-12-23",145.740005493164,146.759994506836,145.339996337891,146.440002441406,6558700,121.729217529297
"2019-12-24",146,146.009994506836,145.259994506836,145.929992675781,4238900,121.305252075195
"2019-12-26",145.970001220703,146.179992675781,145.160003662109,145.830001831055,3019300,121.222160339355
"2019-12-27",146.199996948242,146.550003051758,145.539993286133,145.75,3432700,121.155670166016
"2019-12-30",145.779998779297,146.199996948242,145.029998779297,145.300003051758,2923300,120.781616210938
"2019-12-31",145.100006103516,146.009994506836,144.779998779297,145.869995117188,4435000,121.255393981934
"2020-01-02",145.869995117188,146.020004272461,145.080001831055,145.970001220703,5777000,121.338516235352
"2020-01-03",143.5,145.369995117188,143,144.279998779297,5752400,119.933715820312
"2020-01-06",144,144.199996948242,142.850006103516,144.100006103516,7731300,119.784118652344
"2020-01-07",144.009994506836,145.449996948242,141.380004882812,144.979995727539,7382900,120.515548706055
"2020-01-08",144.869995117188,145.979995727539,143.699996948242,144.960006713867,6605800,120.498962402344
"2020-01-09",145.759994506836,146.029998779297,144.990005493164,145.389999389648,6112700,120.856376647949
"2020-01-10",145.75,146.179992675781,144.899993896484,145.059997558594,5042600,120.582084655762
"2020-01-13",145.479995727539,145.789993286133,144.720001220703,145.699996948242,4593200,121.114082336426
"2020-01-14",145.050003051758,146.610000610352,144.729995727539,146.520004272461,7037500,121.795753479004
"2020-01-15",146.399993896484,147.399993896484,146.240005493164,147.009994506836,4960300,122.203010559082
"2020-01-16",147.419998168945,148.839996337891,146.199996948242,148.199996948242,6476000,123.192260742188
"2020-01-17",148.410003662109,149.410003662109,147.929992675781,149.169998168945,9083600,123.998588562012
"2020-01-21",148.580001831055,150.169998168945,148.5,149.270004272461,9543900,124.08171081543
"2020-01-22",146.699996948242,149.179992675781,146,148.25,10305300,123.233825683594
"2020-01-23",148.039993286133,148.770004272461,146.759994506836,148.529998779297,8671900,123.46656036377
"2020-01-24",148.580001831055,148.949996948242,147.929992675781,148.320007324219,9051900,123.2919921875
"2020-01-27",147.520004272461,149.460006713867,147,148.75,7587100,123.6494140625
"2020-01-28",148.460006713867,150.570007324219,148.149993896484,149.5,7336600,124.27286529541
"2020-01-29",149.449996948242,151.190002441406,149.130004882812,150.539993286133,6288600,125.13737487793
"2020-01-30",150.029998779297,150.509994506836,149.050003051758,150.360000610352,6470600,124.987762451172
"2020-01-31",149.75,150,148.639999389648,148.869995117188,8651700,123.749160766602
"2020-02-03",149.419998168945,150.490005493164,149.240005493164,150.169998168945,5765200,124.829795837402
"2020-02-04",151.490005493164,152.75,151.199996948242,151.600006103516,6541400,126.018547058105
"2020-02-05",151.720001220703,154.020004272461,151.309997558594,153.990005493164,5979900,128.005218505859
"2020-02-06",154.25,154.5,152.740005493164,153.529998779297,6201200,127.622787475586
"2020-02-07",153.339996337891,153.460006713867,151.550003051758,151.889999389648,5700300,126.259552001953
"2020-02-10",151.679992675781,151.910003662109,150.889999389648,151.860000610352,4835600,126.23462677002
"2020-02-11",152.289993286133,152.380004882812,151.539993286133,151.990005493164,3715300,126.342704772949
"2020-02-12",151.869995117188,152.149993896484,150.919998168945,151.089996337891,5166800,125.594535827637
"2020-02-13",150.160003662109,151.039993286133,149.880004882812,150.089996337891,5480200,124.763313293457
"2020-02-14",150.559997558594,150.639999389648,149.149993896484,150.130004882812,5716300,124.796577453613
"2020-02-18",150.470001220703,150.740005493164,149.059997558594,149.139999389648,7230700,123.973602294922
"2020-02-19",149.210006713867,149.759994506836,148.580001831055,148.940002441406,6115200,123.807357788086
"2020-02-20",148.610000610352,149.380004882812,147.399993896484,148.369995117188,7464700,123.333541870117
"2020-02-21",148.089996337891,150.240005493164,147.539993286133,149.929992675781,7776800,124.630302429199
"2020-02-24",146.5,149,145.25,145.910003662109,10588900,122.062072753906
"2020-02-25",145.990005493164,146.75,143.830001831055,144.649993896484,10529000,121.007995605469
"2020-02-26",145.350006103516,146.220001220703,143.589996337891,143.679992675781,10093800,120.196548461914
"2020-02-27",142.559997558594,144.770004272461,138.949996948242,139.119995117188,12566700,116.381851196289
"2020-02-28",135.360000610352,137.289993286133,130.820007324219,134.479995727539,19820300,112.500205993652
"2020-03-02",134.779998779297,140.130004882812,134.009994506836,140.020004272461,11508200,117.134735107422
"2020-03-03",140,140.990005493164,133.100006103516,135.589996337891,13662500,113.428787231445
"2020-03-04",137.679992675781,143.639999389648,137.139999389648,143.479995727539,10560500,120.029235839844
"2020-03-05",140.800003051758,142.679992675781,139.839996337891,142.009994506836,11339200,118.799514770508
"2020-03-06",138.479995727539,143.009994506836,137.410003662109,142.029998779297,12239100,118.816207885742
"2020-03-09",136.330001831055,139.679992675781,134.899993896484,136.440002441406,13848600,114.139862060547
"2020-03-10",139.970001220703,141.949996948242,134.229995727539,141.639999389648,12698100,118.48998260498
"2020-03-11",138.089996337891,138.75,131.5,131.800003051758,17763400,110.258255004883
"2020-03-12",127.309997558594,133.759994506836,124.5,125.410003662109,21539200,104.912643432617
"2020-03-13",129.320007324219,134.919998168945,124.650001525879,134.289993286133,20084200,112.341262817383
"2020-03-16",123.569999694824,133.759994506836,122.430000305176,127.129997253418,18877900,106.351531982422
"2020-03-17",128.550003051758,136.770004272461,127.809997558594,136.589996337891,18911800,114.265380859375
"2020-03-18",131.020004272461,135.669998168945,128.710006713867,134.960006713867,17521100,112.901779174805
"2020-03-19",134.990005493164,134.990005493164,126.150001525879,127.050003051758,18482300,106.284599304199
"2020-03-20",126.830001831055,127.440002441406,118.129997253418,119.889999389648,19785100,100.294845581055
"2020-03-23",117,118.559997558594,109.160003662109,111.139999389648,20815200,92.9749755859375
"2020-03-24",118.76000213623,119.650001525879,113.860000610352,119.180000305176,17604800,99.7009048461914
"2020-03-25",118.910003662109,123.959999084473,116.699996948242,119.400001525879,13986100,99.8849487304688
"2020-03-26",120.569999694824,127.099998474121,120.379997253418,126.569999694824,15066800,105.88304901123
"2020-03-27",121.650001525879,127.620002746582,120.580001831055,123.160003662109,12133200,103.030403137207
"2020-03-30",128.460006713867,133.990005493164,127.5,133.009994506836,21754000,111.270484924316
"2020-03-31",134.990005493164,135.710006713867,130.050003051758,131.130004882812,15746100,109.69775390625
"2020-04-01",127.699996948242,130.229995727539,125.5,128.809997558594,12606100,107.756950378418
"2020-04-02",129.119995117188,134,127.220001220703,133.149993896484,11594500,111.387603759766
"2020-04-03",132.380004882812,134.789993286133,131.580001831055,134.169998168945,10071200,112.240882873535
"2020-04-06",137.009994506836,140.970001220703,135.539993286133,139.759994506836,14994400,116.917251586914
"2020-04-07",139.860000610352,142.029998779297,137.259994506836,137.479995727539,11567100,115.009895324707
"2020-04-08",137.75,144.130004882812,137.300003051758,143.259994506836,10758200,119.845199584961
"2020-04-09",144.009994506836,145.419998168945,140.279998779297,141.229995727539,11125400,118.147003173828
"2020-04-13",140,141.490005493164,137.839996337891,139.770004272461,8153200,116.925605773926
"2020-04-14",145.419998168945,147.419998168945,144.050003051758,146.029998779297,13838000,122.162483215332
"2020-04-15",145.550003051758,147.910003662109,143.539993286133,147.660003662109,11962300,123.52604675293
"2020-04-16",148.309997558594,150.679992675781,146.440002441406,149.669998168945,12181700,125.207534790039
"2020-04-17",151.990005493164,152.300003051758,149.600006103516,152.020004272461,10920000,127.173446655273
"2020-04-20",150.929992675781,153,150.089996337891,151.669998168945,12226200,126.880638122559
"2020-04-21",150.119995117188,151.639999389648,148.570007324219,149.679992675781,9951100,125.215888977051
"2020-04-22",152.809997558594,155,151.729995727539,152.990005493164,11515600,127.984886169434
"2020-04-23",154.25,157,153.699996948242,155.509994506836,10665000,130.092987060547
"2020-04-24",155.570007324219,156.300003051758,153.639999389648,154.860000610352,8653400,129.549285888672
"2020-04-27",154.809997558594,156.050003051758,154,154.289993286133,8924000,129.072387695312
"2020-04-28",151.25,153.100006103516,150.699996948242,151.389999389648,8558700,126.64640045166
"2020-04-29",151.380004882812,151.630004882812,149.160003662109,150.240005493164,9285200,125.684379577637
"2020-04-30",148.460006713867,150.429992675781,147.160003662109,150.039993286133,14829600,125.517051696777
"2020-05-01",149.619995117188,149.669998168945,146.789993286133,148.289993286133,7309000,124.053070068359
"2020-05-04",148.770004272461,149.080001831055,147.089996337891,148.270004272461,7198400,124.036346435547
"2020-05-05",149,150.779998779297,148.639999389648,149.5,6562300,125.065315246582
"2020-05-06",150,150.320007324219,148.039993286133,148.080001831055,6191600,123.877395629883
"2020-05-07",149.369995117188,149.529998779297,147.130004882812,147.589996337891,5570500,123.467437744141
"2020-05-08",148.919998168945,149.179992675781,147.889999389648,148.699996948242,4712100,124.396102905273
"2020-05-11",148.449996948242,150.100006103516,148.119995117188,149.110000610352,5887500,124.739082336426
"2020-05-12",150.100006103516,150.339996337891,147.029998779297,147.139999389648,7039200,123.091018676758
"2020-05-13",146.080001831055,148.949996948242,146.009994506836,147.130004882812,6970500,123.082656860352
"2020-05-14",145.389999389648,147.759994506836,144.259994506836,147.639999389648,6871400,123.509353637695
"2020-05-15",147.869995117188,150.479995727539,145.660003662109,150.440002441406,10340400,125.851692199707
"2020-05-18",152.490005493164,153.619995117188,150.460006713867,150.520004272461,7388400,125.918617248535
"2020-05-19",150.100006103516,151.100006103516,148.399993896484,149.020004272461,6107300,124.663795471191
"2020-05-20",149.75,150.389999389648,147.270004272461,147.679992675781,5713400,123.54280090332
"2020-05-21",148.5,148.5,145.820007324219,146.710006713867,6487300,122.731346130371
"2020-05-22",144.570007324219,146.289993286133,144.059997558594,144.369995117188,6140900,121.610969543457
"2020-05-26",146.190002441406,146.440002441406,144.300003051758,144.559997558594,7072300,121.771018981934
"2020-05-27",144.320007324219,145.25,143.009994506836,144.889999389648,7950000,122.049057006836
"2020-05-28",146.020004272461,148.110000610352,145.809997558594,146.970001220703,6189600,123.801116943359
"2020-05-29",147.960006713867,149.350006103516,145.330001831055,148.75,8504000,125.300506591797
"2020-06-01",147.289993286133,148.339996337891,146.009994506836,147.190002441406,6141800,123.986442565918
"2020-06-02",147.059997558594,148.350006103516,146.119995117188,148.25,6078300,124.879356384277
"2020-06-03",148.520004272461,149.139999389648,146.449996948242,148.649993896484,6339500,125.216239929199
"2020-06-04",146.800003051758,148.369995117188,145.580001831055,146.729995727539,8170500,123.59895324707
"2020-06-05",147.690002441406,149.639999389648,146.600006103516,147.300003051758,9725400,124.079093933105
"2020-06-08",145.880004882812,147.610000610352,145.740005493164,146.770004272461,7555600,123.632629394531
"2020-06-09",148.25,149.330001831055,145.649993896484,145.960006713867,8247200,122.950294494629
"2020-06-10",146.600006103516,150.029998779297,146.600006103516,147.800003051758,10137100,124.500282287598
"2020-06-11",148.580001831055,149.169998168945,140.75,140.869995117188,11913300,118.662712097168
"2020-06-12",142.839996337891,143.710006713867,140.279998779297,142.149993896484,8687400,119.740928649902
"2020-06-15",141,142.399993896484,139.389999389648,141.25,8649600,118.982818603516
"2020-06-16",144.089996337891,145.419998168945,142.770004272461,144.460006713867,7579100,121.686798095703
"2020-06-17",144.899993896484,145.419998168945,143.470001220703,144.020004272461,5100100,121.316139221191
"2020-06-18",142.520004272461,144.119995117188,141.869995117188,143.410003662109,4797400,120.802345275879
"2020-06-19",145.789993286133,145.880004882812,143.25,143.830001831055,12206900,121.156097412109
"2020-06-22",143.470001220703,143.660003662109,142.029998779297,143.389999389648,5285600,120.785484313965
"2020-06-23",143.740005493164,144.080001831055,142.679992675781,142.860000610352,5921600,120.338996887207
"2020-06-24",141.490005493164,142.190002441406,138.720001220703,139.820007324219,8211200,117.778266906738
"2020-06-25",140.570007324219,140.570007324219,137.539993286133,139.669998168945,7421200,117.651885986328
"2020-06-26",139.529998779297,139.600006103516,137.020004272461,137.809997558594,12849700,116.085098266602
"2020-06-29",138.740005493164,139.699996948242,137.979995727539,139.039993286133,5309800,117.121215820312
"2020-06-30",139.399993896484,141.020004272461,137.839996337891,140.630004882812,7738300,118.460571289062
"2020-07-01",140.690002441406,141.389999389648,140.059997558594,140.380004882812,6174800,118.249992370605
"2020-07-02",141.25,141.839996337891,140.330001831055,140.970001220703,5152200,118.746978759766
"2020-07-06",142.169998168945,143.770004272461,141.880004882812,142.979995727539,6156400,120.440093994141
"2020-07-07",141.389999389648,143.970001220703,141.229995727539,142.850006103516,5622600,120.330589294434
"2020-07-08",142.869995117188,143.389999389648,141.699996948242,143.270004272461,6257400,120.68440246582
"2020-07-09",142.759994506836,144.429992675781,140.580001831055,142.490005493164,5738600,120.027389526367
"2020-07-10",142.75,142.869995117188,141.429992675781,142.369995117188,4282400,119.926277160645
"2020-07-13",143.610000610352,146.639999389648,143.279998779297,145.210006713867,6951900,122.31859588623
"2020-07-14",145.320007324219,148.389999389648,145.259994506836,147.919998168945,7447100,124.601341247559
"2020-07-15",149.729995727539,150.210006713867,148.229995727539,148.259994506836,8512800,124.887756347656
"2020-07-16",148.679992675781,149.339996337891,146.679992675781,149.25,9304700,125.721664428711
"2020-07-17",150,150.580001831055,148.690002441406,149.350006103516,7441100,125.805892944336
"2020-07-20",150.229995727539,150.320007324219,148.429992675781,149.600006103516,6191500,126.016510009766
"2020-07-21",149.600006103516,151.669998168945,149.5,149.740005493164,5575900,126.134414672852
"2020-07-22",149.929992675781,150.410003662109,147.850006103516,150.009994506836,5910200,126.361854553223
"2020-07-23",150.210006713867,150.850006103516,149.279998779297,149.610000610352,6566300,126.024917602539
"2020-07-24",150.5,150.600006103516,147.029998779297,148.119995117188,5405900,124.769828796387
"2020-07-27",147.369995117188,148.919998168945,146.860000610352,147.179992675781,5675200,123.978034973145
"2020-07-28",147.399993896484,147.990005493164,146.75,146.830001831055,4842200,123.683166503906
"2020-07-29",146.389999389648,147.470001220703,146.070007324219,146.539993286133,4489100,123.438896179199
"2020-07-30",147.440002441406,147.5,146.139999389648,146.839996337891,5922500,123.691589355469
"2020-07-31",146.660003662109,147.449996948242,143.960006713867,145.759994506836,8259600,122.781852722168
"2020-08-03",146.389999389648,147.789993286133,146.149993896484,147.350006103516,4078700,124.121253967285
"2020-08-04",146.990005493164,147.220001220703,145.820007324219,147.220001220703,4162200,124.011695861816
"2020-08-05",149.100006103516,149.309997558594,147.800003051758,148.399993896484,5467500,125.005645751953
"2020-08-06",148.399993896484,149.25,146.5,147.550003051758,4837900,124.289672851562
"2020-08-07",147.509994506836,148.649993896484,147.149993896484,148.600006103516,3635100,125.174125671387
"2020-08-10",148.860000610352,149.009994506836,147.720001220703,148.029998779297,4096600,124.693977355957
"2020-08-11",149.139999389648,149.229995727539,146.369995117188,146.970001220703,6388400,123.801116943359
"2020-08-12",147.539993286133,150.240005493164,147.490005493164,149.660003662109,5257300,126.067070007324
"2020-08-13",148.539993286133,149.190002441406,147.529998779297,148,5155500,124.668769836426
"2020-08-14",147.610000610352,149.339996337891,147.580001831055,148.240005493164,4240200,124.870910644531
"2020-08-17",148.320007324219,150.229995727539,148.229995727539,148.990005493164,4306900,125.502655029297
"2020-08-18",149.259994506836,150.100006103516,148.570007324219,150.089996337891,4322600,126.429275512695
"2020-08-19",149.580001831055,151.580001831055,149.320007324219,150.389999389648,7816300,126.681938171387
"2020-08-20",149.75,151.580001831055,149.550003051758,151.419998168945,4874700,127.549606323242
"2020-08-21",151.779998779297,153.649993896484,150.589996337891,152.759994506836,6722800,128.67839050293
"2020-08-24",152.740005493164,152.899993896484,150.350006103516,152.149993896484,5387900,129.017547607422
"2020-08-25",152.779998779297,153.070007324219,151.539993286133,152.059997558594,3863500,128.941223144531
"2020-08-26",151.860000610352,152.649993896484,150.639999389648,152.300003051758,8008300,129.144714355469
"2020-08-27",152.419998168945,153.259994506836,151.889999389648,152.979995727539,5575400,129.721328735352
"2020-08-28",152.740005493164,153.699996948242,151.899993896484,153.639999389648,5395700,130.281005859375
"2020-08-31",153,154.399993896484,152.259994506836,153.410003662109,6362700,130.085952758789
"2020-09-01",153.869995117188,154.080001831055,150.070007324219,151.520004272461,6307700,128.483306884766
"2020-09-02",150.789993286133,154.330001831055,149.25,153.830001831055,6881900,130.442153930664
"2020-09-03",154.830001831055,155.470001220703,148.300003051758,149.550003051758,8672800,126.81282043457
"2020-09-04",150.169998168945,150.949996948242,147.130004882812,148.589996337891,7200100,125.99877166748
"2020-09-08",150.25,150.889999389648,146.899993896484,147.259994506836,8756800,124.87100982666
"2020-09-09",148.149993896484,151.100006103516,148.119995117188,149.699996948242,6960700,126.940040588379
"2020-09-10",149.25,149.779998779297,146.520004272461,146.910003662109,6191800,124.574241638184
"2020-09-11",147.050003051758,148.529998779297,146.630004882812,147.779998779297,3934700,125.31192779541
"2020-09-14",148.119995117188,149.470001220703,148.009994506836,148.350006103516,4375800,125.795318603516
"2020-09-15",149.449996948242,150.589996337891,148.520004272461,148.889999389648,3658800,126.253196716309
"2020-09-16",149.389999389648,150.059997558594,148.350006103516,148.399993896484,4323000,125.83763885498
"2020-09-17",148.039993286133,148.630004882812,146.050003051758,147.169998168945,5461400,124.79467010498
"2020-09-18",146.509994506836,149.649993896484,146.199996948242,149.179992675781,12174000,126.499092102051
"2020-09-21",147.580001831055,147.929992675781,142.960006713867,145.100006103516,7574500,123.039405822754
"2020-09-22",144.690002441406,145.350006103516,143.720001220703,144.210006713867,5295900,122.284736633301
"2020-09-23",147.479995727539,147.550003051758,144.380004882812,144.440002441406,8784400,122.479705810547
"2020-09-24",144.559997558594,145.25,143.339996337891,144.669998168945,5614800,122.674766540527
"2020-09-25",144,146.25,143.889999389648,145.660003662109,5531200,123.514274597168
"2020-09-28",146.729995727539,148.289993286133,146.419998168945,147.110000610352,5843200,124.743812561035
"2020-09-29",147.600006103516,147.919998168945,146.059997558594,147.059997558594,6768600,124.70140838623
"2020-09-30",147.449996948242,149.729995727539,146.839996337891,148.880004882812,8487700,126.244705200195
"2020-10-01",149.309997558594,149.649993896484,146.460006713867,147.320007324219,6457800,124.921882629395
"2020-10-02",146.210006713867,148.410003662109,145.830001831055,146.240005493164,5485600,124.006072998047
"2020-10-05",147,148.380004882812,146.419998168945,148.229995727539,4992800,125.693519592285
"2020-10-06",148.279998779297,148.610000610352,145.869995117188,146.259994506836,5118200,124.023040771484
"2020-10-07",146.490005493164,148.229995727539,145.809997558594,147.880004882812,5603100,125.396743774414
"2020-10-08",148.5,149.850006103516,148.039993286133,148.889999389648,4413500,126.253196716309
"2020-10-09",149.649993896484,151.479995727539,149.449996948242,150.970001220703,5054100,128.01692199707
"2020-10-12",151.600006103516,153.139999389648,151.020004272461,151.839996337891,7273200,128.754684448242
"2020-10-13",149,150.119995117188,147.770004272461,148.360000610352,11057600,125.803771972656
"2020-10-14",148.820007324219,149.029998779297,147.389999389648,148.100006103516,7706400,125.583267211914
"2020-10-15",147.479995727539,147.899993896484,146.330001831055,147.190002441406,5978600,124.811660766602
"2020-10-16",147.600006103516,148.759994506836,147.009994506836,148.100006103516,6097000,125.583267211914
"2020-10-19",148.529998779297,148.899993896484,144.130004882812,144.320007324219,7250800,122.378005981445
"2020-10-20",144.660003662109,145.75,144.119995117188,144.550003051758,5325400,122.573020935059
"2020-10-21",144.119995117188,145.339996337891,143.910003662109,143.929992675781,5221300,122.047302246094
"2020-10-22",144.160003662109,145.690002441406,143.839996337891,145.080001831055,5279700,123.022483825684
"2020-10-23",145.880004882812,147.470001220703,144.350006103516,145.240005493164,4154400,123.158096313477
"2020-10-26",144.429992675781,144.770004272461,142.75,143.970001220703,6929500,122.081192016602
"2020-10-27",143.740005493164,144.289993286133,142.919998168945,143.149993896484,4890100,121.385902404785
"2020-10-28",141.429992675781,141.979995727539,138.179992675781,138.360000610352,8426100,117.32413482666
"2020-10-29",138,138.699996948242,136.050003051758,137.190002441406,7205400,116.332023620605
"2020-10-30",136.679992675781,137.539993286133,133.649993896484,137.110000610352,7364100,116.264167785645
"2020-11-02",138.979995727539,139.009994506836,137.490005493164,138.690002441406,7088000,117.603965759277
"2020-11-03",140.020004272461,140.960006713867,137.779998779297,138.5,6363000,117.442848205566
"2020-11-04",139.490005493164,142.539993286133,138.699996948242,139.399993896484,10263500,118.206008911133
"2020-11-05",140.550003051758,141.830001831055,139.259994506836,139.759994506836,8016200,118.511291503906
"2020-11-06",140.399993896484,143.190002441406,139.649993896484,142.25,5942500,120.62272644043
"2020-11-09",148.429992675781,148.990005493164,144.919998168945,146.080001831055,12351600,123.870422363281
"2020-11-10",147.25,148.75,146.259994506836,148.279998779297,7386500,125.735893249512
"2020-11-11",149.169998168945,149.199996948242,146.860000610352,147.800003051758,6382400,125.328903198242
"2020-11-12",147.610000610352,148.649993896484,146.75,148.300003051758,4710300,125.752876281738
"2020-11-13",149.089996337891,150.410003662109,148.410003662109,149.899993896484,5893500,127.109619140625
"2020-11-16",150.919998168945,151.300003051758,149.800003051758,150.850006103516,6266400,127.915176391602
"2020-11-17",150,150.630004882812,149.119995117188,149.350006103516,7297700,126.643226623535
"2020-11-18",148.869995117188,149.759994506836,147.369995117188,147.369995117188,6661000,124.964263916016
"2020-11-19",147.300003051758,147.460006713867,145.589996337891,147.139999389648,7987700,124.769218444824
"2020-11-20",147.050003051758,147.940002441406,146.130004882812,146.360000610352,6354900,124.107833862305
"2020-11-23",146.009994506836,146.009994506836,143.039993286133,143.869995117188,7318300,122.844146728516
"2020-11-24",144,144.759994506836,143.610000610352,143.869995117188,11034800,122.844146728516
"2020-11-25",144.059997558594,144.169998168945,142.860000610352,143.679992675781,7594600,122.681884765625
"2020-11-27",144.5,144.660003662109,143.220001220703,144,3059000,122.955139160156
"2020-11-30",144.229995727539,144.860000610352,143.059997558594,144.679992675781,15663200,123.535720825195
"2020-12-01",146.289993286133,149.130004882812,145.860000610352,147.449996948242,9738200,125.900901794434
"2020-12-02",147.850006103516,149.710006713867,147.699996948242,148.139999389648,7745500,126.490089416504
"2020-12-03",148.039993286133,149.580001831055,147.690002441406,149,7310500,127.224395751953
"2020-12-04",149.789993286133,150.309997558594,149.270004272461,150.270004272461,6747100,128.308792114258
"2020-12-07",149.350006103516,149.910003662109,148.509994506836,148.970001220703,6634700,127.198753356934
"2020-12-08",150,152.139999389648,149.550003051758,151.550003051758,8339800,129.401733398438
"2020-12-09",152.830001831055,153.5,151.759994506836,153.100006103516,8440100,130.725219726562
"2020-12-10",152.820007324219,152.979995727539,151.679992675781,152.25,7392900,129.999435424805
"2020-12-11",151.529998779297,153.410003662109,151.229995727539,152.949996948242,5977400,130.597091674805
"2020-12-14",153.25,153.479995727539,148.990005493164,149.070007324219,8547300,127.284187316895
"2020-12-15",150,150.75,149.529998779297,150.570007324219,7612600,128.564926147461
"2020-12-16",150.199996948242,150.919998168945,149.550003051758,149.669998168945,8486100,127.796524047852
"2020-12-17",150.089996337891,153.889999389648,149.960006713867,153.619995117188,9920300,131.169219970703
"2020-12-18",153.649993896484,155.100006103516,151.669998168945,154.509994506836,17137200,131.929138183594
"2020-12-21",152.009994506836,153.410003662109,150.050003051758,153.020004272461,7893400,130.65690612793
"2020-12-22",152.399993896484,153.899993896484,151.860000610352,152.720001220703,4699500,130.400741577148
"2020-12-23",152.800003051758,153.600006103516,151.899993896484,151.940002441406,4607300,129.734725952148
"2020-12-24",151.850006103516,153.039993286133,151.820007324219,152.470001220703,2114900,130.187286376953
"2020-12-28",153.320007324219,153.869995117188,152.300003051758,153.190002441406,3855500,130.802062988281
"2020-12-29",154.110000610352,154.929992675781,153.800003051758,154.139999389648,5212000,131.613220214844
"2020-12-30",154.740005493164,156.380004882812,154.600006103516,156.050003051758,5412800,133.244094848633
"2020-12-31",156.529998779297,157.660003662109,155.110000610352,157.380004882812,5099900,134.379745483398
"2021-01-04",157.240005493164,157.380004882812,154.130004882812,156.5,11765900,133.628356933594
"2021-01-05",156.25,158.759994506836,155.070007324219,158.339996337891,9602300,135.199432373047
"2021-01-06",157.240005493164,160.229995727539,156.720001220703,159.830001831055,8230100,136.471633911133
"2021-01-07",159,161.029998779297,158.350006103516,160.369995117188,7747200,136.932708740234
"2021-01-08",160.509994506836,161.100006103516,159.880004882812,160.039993286133,8228900,136.650939941406
"2021-01-11",160.559997558594,161.320007324219,158.770004272461,159.369995117188,7066200,136.078887939453
"2021-01-12",159.149993896484,159.660003662109,157.330001831055,158.130004882812,6903200,135.020065307617
"2021-01-13",158.229995727539,158.460006713867,156.75,157.889999389648,6643100,134.815200805664
"2021-01-14",160.449996948242,161.949996948242,159.610000610352,160.649993896484,10030800,137.171844482422
"2021-01-15",160.300003051758,161.410003662109,159.110000610352,160.300003051758,7630800,136.872985839844
"2021-01-19",162,163.039993286133,161.100006103516,162.779998779297,9057600,138.990524291992
"2021-01-20",163.199996948242,164.139999389648,161.800003051758,162.380004882812,6839900,138.649002075195
"2021-01-21",161.320007324219,162.479995727539,160.059997558594,161.729995727539,6818000,138.093994140625
"2021-01-22",162.360000610352,165.160003662109,161.869995117188,163.550003051758,8137000,139.647994995117
"2021-01-25",165.009994506836,166.089996337891,163.660003662109,165.979995727539,9924400,141.722869873047
"2021-01-26",169.699996948242,173.649993896484,169.389999389648,170.479995727539,14205700,145.565231323242
"2021-01-27",169.119995117188,170.919998168945,167.449996948242,167.880004882812,14207300,143.345153808594
"2021-01-28",168.199996948242,170.860000610352,167.800003051758,169.160003662109,8944400,144.43815612793
"2021-01-29",164.259994506836,166,160.550003051758,163.130004882812,22505900,139.289413452148
"2021-02-01",165.309997558594,165.309997558594,162.600006103516,162.710006713867,9971400,138.930786132812
"2021-02-02",163.380004882812,163.660003662109,161.179992675781,161.25,11443300,137.684143066406
"2021-02-03",160.940002441406,161.520004272461,159.570007324219,160.5,8601900,137.043746948242
"2021-02-04",161,162.089996337891,159.759994506836,161.990005493164,7758100,138.315948486328
"2021-02-05",164.860000610352,165.440002441406,163.860000610352,164.449996948242,9495300,140.416458129883
"2021-02-08",165.029998779297,165.919998168945,163.880004882812,164.919998168945,6035300,140.817764282227
"2021-02-09",165.199996948242,166.589996337891,164.970001220703,166.270004272461,5544200,141.970489501953
"2021-02-10",167.889999389648,167.940002441406,165.699996948242,166.809997558594,5921300,142.431533813477
"2021-02-11",167,167.380004882812,165.600006103516,166.059997558594,4871300,141.79118347168
"2021-02-12",164.399993896484,166.850006103516,164,166.580001831055,4413100,142.235198974609
"2021-02-16",166.580001831055,167.050003051758,164.639999389648,165.070007324219,5656100,140.945861816406
"2021-02-17",164.970001220703,166.089996337891,164.360000610352,165.660003662109,6676700,141.449615478516
"2021-02-18",164.960006713867,166.160003662109,164.300003051758,165.740005493164,5189100,141.517959594727
"2021-02-19",165.600006103516,165.960006713867,162.910003662109,162.979995727539,8190900,139.161270141602
"2021-02-22",161.869995117188,162.539993286133,160.289993286133,161.869995117188,6447100,139.075378417969
"2021-02-23",161.479995727539,163.190002441406,160.399993896484,160.440002441406,7042800,137.846740722656
"2021-02-24",162.399993896484,164.389999389648,160.919998168945,162.589996337891,10286100,139.693984985352
"2021-02-25",163.130004882812,163.699996948242,161.990005493164,162.759994506836,9719700,139.840057373047
"2021-02-26",162,162.410003662109,157.970001220703,158.460006713867,14417500,136.145568847656
"2021-03-01",161.449996948242,161.529998779297,159.089996337891,159.320007324219,10551400,136.884475708008
"2021-03-02",159.779998779297,160.779998779297,158.600006103516,159.020004272461,7610900,136.626708984375
"2021-03-03",158.25,158.899993896484,156.059997558594,156.220001220703,8499600,134.221008300781
"2021-03-04",155.990005493164,156.100006103516,151.470001220703,153.070007324219,11033200,131.514617919922
"2021-03-05",153.979995727539,156.690002441406,153.130004882812,156.100006103516,8331600,134.117919921875
"2021-03-08",157,159.330001831055,155.979995727539,157.399993896484,6546700,135.234832763672
"2021-03-09",156.889999389648,160.75,156.889999389648,157.699996948242,7461300,135.492599487305
"2021-03-10",158.820007324219,159.899993896484,157.360000610352,159.149993896484,6635600,136.738372802734
"2021-03-11",159.539993286133,160.630004882812,158.919998168945,159.139999389648,6305600,136.729858398438
"2021-03-12",159.279998779297,160.309997558594,159.190002441406,159.600006103516,5474800,137.125030517578
"2021-03-15",159.75,160.660003662109,158.5,160.419998168945,5524100,137.829559326172
"2021-03-16",160.460006713867,161.679992675781,160.240005493164,161.369995117188,6369100,138.645797729492
"2021-03-17",160.830001831055,161.729995727539,159.529998779297,160.770004272461,6001400,138.130279541016
"2021-03-18",160.210006713867,161.490005493164,159.960006713867,160.470001220703,4801800,137.872497558594
"2021-03-19",160.690002441406,161.5,159.470001220703,160.039993286133,14891500,137.503051757812
"2021-03-22",158.309997558594,160.649993896484,158,160.5,7544100,137.898345947266
"2021-03-23",160.210006713867,161.199996948242,158.880004882812,160.350006103516,7178300,137.769470214844
"2021-03-24",160.100006103516,162.479995727539,159.820007324219,161.910003662109,6370100,139.109786987305
"2021-03-25",162.440002441406,162.449996948242,160.639999389648,161.970001220703,6269800,139.161285400391
"2021-03-26",162.089996337891,165.100006103516,161.380004882812,164.929992675781,7619200,141.704452514648
"2021-03-29",163.830001831055,167.029998779297,163.630004882812,166.039993286133,8535100,142.658172607422
"2021-03-30",165.020004272461,165.660003662109,164.229995727539,165.009994506836,7236300,141.773208618164
"2021-03-31",164.960006713867,165.389999389648,163.699996948242,164.350006103516,8281500,141.206176757812
"2021-04-01",162.600006103516,163.839996337891,162.259994506836,162.830001831055,7229700,139.900207519531
"2021-04-05",163.639999389648,164.75,162.660003662109,163.429992675781,7387100,140.415725708008
"2021-04-06",164.080001831055,164.520004272461,163,163.389999389648,5074200,140.381332397461
"2021-04-07",163.550003051758,164.279998779297,163.320007324219,163.610000610352,4608000,140.570388793945
"2021-04-08",164,164.110000610352,162.850006103516,162.970001220703,5039400,140.020477294922
"2021-04-09",162.119995117188,162.929992675781,159.779998779297,161.25,8418300,138.542678833008
"2021-04-12",161.089996337891,162.080001831055,160.339996337891,161.639999389648,5022800,138.877777099609
"2021-04-13",156.860000610352,159.929992675781,156.529998779297,159.479995727539,18424100,137.021957397461
"2021-04-14",157.830001831055,160.110000610352,157.539993286133,159.919998168945,7718300,137.399993896484
"2021-04-15",160.720001220703,162.389999389648,160.229995727539,160.389999389648,7524600,137.803802490234
"2021-04-16",161.339996337891,162.509994506836,160.559997558594,162.240005493164,9049400,139.393295288086
"2021-04-19",162.5,163.110000610352,160.839996337891,162.690002441406,8353500,139.779891967773
"2021-04-20",161,167.789993286133,161,166.479995727539,14050700,143.036224365234
"2021-04-21",166.369995117188,166.910003662109,165.289993286133,166.589996337891,6333200,143.130676269531
"2021-04-22",165.839996337891,166.279998779297,164.619995117188,165.179992675781,7233000,141.919281005859
"2021-04-23",164.529998779297,166.059997558594,164,165.520004272461,6015300,142.211395263672
"2021-04-26",165.210006713867,165.410003662109,163.759994506836,164.119995117188,6027800,141.008529663086
"2021-04-27",163.759994506836,163.910003662109,162.470001220703,163.179992675781,6217700,140.200897216797
"2021-04-28",162.860000610352,163.199996948242,161.649993896484,161.979995727539,7448000,139.169906616211
"2021-04-29",161.899993896484,164.259994506836,161.809997558594,164.199996948242,6394300,141.077285766602
"2021-04-30",164.149993896484,164.330001831055,162.520004272461,162.729995727539,9079100,139.81428527832
"2021-05-03",163.600006103516,165.320007324219,163.119995117188,165.210006713867,6594100,141.945083618164
"2021-05-04",164.830001831055,167.850006103516,164.669998168945,167.770004272461,10179500,144.144561767578
"2021-05-05",167.5,168.399993896484,166.789993286133,167.070007324219,7792300,143.543106079102
"2021-05-06",166.789993286133,167.889999389648,166.240005493164,167.740005493164,5529900,144.118804931641
"2021-05-07",168.300003051758,169.179992675781,167.830001831055,168.5,5316200,144.771743774414
"2021-05-10",169.899993896484,171.529998779297,169.229995727539,170.270004272461,8357500,146.292510986328
"2021-05-11",170.649993896484,170.869995117188,168.279998779297,168.880004882812,8217900,145.098205566406
"2021-05-12",168.539993286133,169.800003051758,167.949996948242,168.199996948242,6758300,144.514007568359
"2021-05-13",166.970001220703,170.699996948242,166.970001220703,169.960006713867,8018600,146.026153564453
"2021-05-14",171.479995727539,171.610000610352,170.169998168945,170.220001220703,5797700,146.24951171875
"2021-05-17",170.399993896484,171.889999389648,170.309997558594,170.389999389648,5722600,146.395599365234
"2021-05-18",169.979995727539,171.369995117188,169.529998779297,170.449996948242,5846000,146.447143554688
"2021-05-19",169.910003662109,170.160003662109,168.039993286133,170.080001831055,5533800,146.12922668457
"2021-05-20",169.940002441406,171.589996337891,169.690002441406,171.070007324219,4853200,146.979797363281
"2021-05-21",171.330001831055,172.740005493164,170.869995117188,170.960006713867,6501800,146.885314941406
"2021-05-24",170.899993896484,171.350006103516,169.770004272461,170.550003051758,5195100,147.447280883789
"2021-05-25",170.669998168945,171.029998779297,169.740005493164,170.080001831055,7444700,147.040939331055
"2021-05-26",170,170.080001831055,168.279998779297,169.070007324219,5726400,146.167739868164
"2021-05-27",169.259994506836,170.169998168945,168.380004882812,168.809997558594,8114700,145.942962646484
"2021-05-28",169.520004272461,171.009994506836,169.169998168945,169.25,6400800,146.323364257812
"2021-06-01",170.149993896484,170.199996948242,165.380004882812,165.529998779297,10448400,143.107269287109
"2021-06-02",165.300003051758,166.729995727539,165.110000610352,166.199996948242,6806000,143.686508178711
"2021-06-03",165.889999389648,167.149993896484,165.710006713867,166.039993286133,5808800,143.548202514648
"2021-06-04",167.009994506836,167.570007324219,165.869995117188,165.970001220703,6510300,143.487670898438
"2021-06-07",166,166.320007324219,164.630004882812,164.839996337891,5362800,142.510696411133
"2021-06-08",165.279998779297,165.660003662109,162.070007324219,163.389999389648,7746800,141.257171630859
"2021-06-09",163.990005493164,165.779998779297,163.660003662109,165.589996337891,5552600,143.159164428711
"2021-06-10",166,167.580001831055,165.949996948242,167.080001831055,6463100,144.447326660156
"2021-06-11",167.070007324219,167.080001831055,164.220001220703,164.960006713867,7389900,142.614501953125
"2021-06-14",164.5,165.460006713867,163.899993896484,165.369995117188,4931300,142.968978881836
"2021-06-15",165.229995727539,165.860000610352,164.389999389648,164.490005493164,5062900,142.208160400391
"2021-06-16",164.800003051758,165.75,163.479995727539,164.429992675781,6988500,142.156280517578
"2021-06-17",164.190002441406,165.699996948242,163.5,165.220001220703,5874700,142.839279174805
"2021-06-18",163.270004272461,164.190002441406,161.789993286133,161.979995727539,12993000,140.038162231445
"2021-06-21",162.770004272461,164.259994506836,162.25,163.839996337891,6592300,141.646209716797
"2021-06-22",163.710006713867,164.039993286133,163.279998779297,163.619995117188,5627800,141.456008911133
"2021-06-23",163.690002441406,163.690002441406,162.479995727539,162.630004882812,4493400,140.600112915039
"2021-06-24",163.270004272461,164.199996948242,162.800003051758,163.369995117188,4549200,141.239883422852
"2021-06-25",162.940002441406,164.779998779297,162.889999389648,164.210006713867,10963800,141.966110229492
"2021-06-28",164.440002441406,165.070007324219,163.520004272461,164.020004272461,5604000,141.801818847656
"2021-06-29",164,164.639999389648,163.410003662109,164.029998779297,3749500,141.810455322266
"2021-06-30",164,164.970001220703,163.669998168945,164.740005493164,6151700,142.424285888672
"2021-07-01",164.740005493164,166.009994506836,164.630004882812,165.960006713867,6320200,143.479019165039
"2021-07-02",166.020004272461,169.300003051758,165.639999389648,168.979995727539,9059900,146.089935302734
"2021-07-06",167.910003662109,168.860000610352,166.990005493164,167.970001220703,6098500,145.216735839844
"2021-07-07",167.479995727539,169.5,167.479995727539,169.410003662109,6293500,146.461669921875
"2021-07-08",168.699996948242,169.460006713867,167.580001831055,169.080001831055,5755500,146.17643737793
"2021-07-09",169.369995117188,170.369995117188,169.240005493164,169.75,6120900,146.755630493164
"2021-07-12",169.729995727539,171.179992675781,168.539993286133,169.479995727539,7840500,146.522232055664
"2021-07-13",168.970001220703,169.759994506836,168.669998168945,169.270004272461,4691200,146.340637207031
"2021-07-14",170,170.830001831055,169.039993286133,170.419998168945,6162900,147.334884643555
"2021-07-15",169.300003051758,169.899993896484,167.720001220703,168.369995117188,6656900,145.562576293945
"2021-07-16",168.339996337891,169.089996337891,167.949996948242,168.100006103516,5834900,145.329147338867
"2021-07-19",166.479995727539,168.190002441406,165.320007324219,166.880004882812,8219700,144.2744140625
"2021-07-20",166.899993896484,170.809997558594,166.839996337891,168.449996948242,9902800,145.631729125977
"2021-07-21",169.300003051758,169.690002441406,167.479995727539,169.490005493164,7585200,146.530883789062
"2021-07-22",169.360000610352,171.070007324219,168.649993896484,169.979995727539,5281900,146.954452514648
"2021-07-23",171,172.179992675781,170.380004882812,171.789993286133,5014900,148.519287109375
"2021-07-26",171.820007324219,172.139999389648,170.860000610352,171.869995117188,4484900,148.588455200195
"2021-07-27",171.800003051758,172.720001220703,170.669998168945,172.660003662109,7089300,149.271453857422
"2021-07-28",172.729995727539,173.380004882812,172.080001831055,172.179992675781,5750700,148.856491088867
"2021-07-29",172.740005493164,173.339996337891,171.089996337891,172.179992675781,4214100,148.856491088867
"2021-07-30",172.539993286133,172.979995727539,171.839996337891,172.199996948242,5346400,148.873764038086
"2021-08-02",172.470001220703,172.839996337891,171.300003051758,172.270004272461,3721500,148.934280395508
"2021-08-03",172.729995727539,174.5,172.440002441406,174.389999389648,6033000,150.767105102539
"2021-08-04",174.199996948242,174.589996337891,173.259994506836,173.360000610352,4793100,149.876617431641
"2021-08-05",173.850006103516,173.850006103516,172.419998168945,173.690002441406,4291000,150.16194152832
"2021-08-06",173.940002441406,173.940002441406,172.449996948242,173.110000610352,4581100,149.660491943359
"2021-08-09",173.720001220703,174.25,172.929992675781,173.710006713867,3950200,150.179214477539
"2021-08-10",173.259994506836,174.110000610352,172.779998779297,173.770004272461,3678300,150.231094360352
"2021-08-11",174.25,174.470001220703,173.559997558594,173.800003051758,4221300,150.257019042969
"2021-08-12",173.820007324219,175.289993286133,173.589996337891,175.199996948242,4300400,151.467376708984
"2021-08-13",175.289993286133,176.289993286133,175.119995117188,176.25,5882100,152.375137329102
"2021-08-16",176.550003051758,177.889999389648,175.949996948242,177.839996337891,4782800,153.749771118164
"2021-08-17",177.309997558594,179.509994506836,177.309997558594,179.470001220703,6041900,155.158966064453
"2021-08-18",179.5,179.5,177.130004882812,177.190002441406,7134100,153.187850952148
"2021-08-19",176.619995117188,179.330001831055,176.070007324219,178.570007324219,5615000,154.380889892578
"2021-08-20",178.889999389648,179.919998168945,178.070007324219,179.440002441406,5428700,155.133026123047
"2021-08-23",178.389999389648,178.929992675781,177.539993286133,177.610000610352,6461700,154.463394165039
"2021-08-24",176.990005493164,177.210006713867,175.279998779297,175.389999389648,5734800,152.532699584961
"2021-08-25",175.690002441406,175.899993896484,173.889999389648,174.229995727539,5700300,151.523834228516
"2021-08-26",173.949996948242,174.720001220703,173.050003051758,173.300003051758,5031600,150.715087890625
"2021-08-27",174.279998779297,174.279998779297,172.75,172.929992675781,7046100,150.393264770508
"2021-08-30",172.789993286133,174.279998779297,172.779998779297,173.660003662109,3252700,151.02815246582
"2021-08-31",173.490005493164,174.490005493164,172.479995727539,173.130004882812,7106800,150.567230224609
"2021-09-01",172.899993896484,173.740005493164,172.059997558594,173.740005493164,5327400,151.097732543945
"2021-09-02",174.339996337891,175.190002441406,173.910003662109,174.929992675781,4544300,152.13264465332
"2021-09-03",175.100006103516,175.220001220703,173.809997558594,175.039993286133,4096900,152.228302001953
"2021-09-07",174.350006103516,175.029998779297,171.669998168945,172.320007324219,6859900,149.862808227539
"2021-09-08",171.619995117188,172.979995727539,171.080001831055,171.899993896484,4661700,149.497528076172
"2021-09-09",171.190002441406,171.479995727539,167.699996948242,168.070007324219,7114600,146.166656494141
"2021-09-10",168.550003051758,169.089996337891,166.869995117188,166.970001220703,6699300,145.210006713867
"2021-09-13",167.919998168945,168.119995117188,165.130004882812,165.800003051758,6273500,144.192474365234
"2021-09-14",166.399993896484,166.539993286133,164.509994506836,164.800003051758,5259600,143.322784423828
"2021-09-15",165,165.960006713867,164.309997558594,165.419998168945,7935300,143.861999511719
"2021-09-16",165.649993896484,166.460006713867,164.190002441406,165.220001220703,5665400,143.688064575195
"2021-09-17",164.300003051758,164.910003662109,163.559997558594,164.75,13419800,143.279357910156
"2021-09-20",163.479995727539,165.169998168945,162.169998168945,163.809997558594,7270800,142.461807250977
"2021-09-21",164.610000610352,165.979995727539,164.240005493164,164.529998779297,6663600,143.087997436523
"2021-09-22",165.350006103516,165.949996948242,163.630004882812,163.929992675781,5657100,142.566177368164
"2021-09-23",164.399993896484,165.770004272461,164.149993896484,164.860000610352,4697900,143.374984741211
"2021-09-24",164.75,165.649993896484,163.889999389648,164.360000610352,4399300,142.940200805664
"2021-09-27",164,164.360000610352,162.850006103516,163.169998168945,5775500,141.905227661133
"2021-09-28",163.100006103516,163.910003662109,161.770004272461,162.809997558594,7610400,141.592163085938
"2021-09-29",163,164.660003662109,162.779998779297,164.020004272461,5124100,142.644470214844
"2021-09-30",164.639999389648,165.399993896484,161.410003662109,161.5,6972300,140.452896118164
"2021-10-01",161.529998779297,161.899993896484,158.619995117188,160.470001220703,8568300,139.557098388672
"2021-10-04",159.990005493164,161,157.669998168945,159.220001220703,8620700,138.470016479492
"2021-10-05",159.860000610352,161.110000610352,159.149993896484,159.580001831055,5129000,138.783065795898
"2021-10-06",159.869995117188,159.949996948242,157.839996337891,159.910003662109,7312600,139.070083618164
"2021-10-07",160.020004272461,162.610000610352,160.020004272461,161.339996337891,5309200,140.313735961914
"2021-10-08",161.320007324219,161.610000610352,160.25,160.929992675781,4343200,139.957168579102
"2021-10-11",160.860000610352,161.850006103516,159.940002441406,160.25,4101600,139.365737915039
"2021-10-12",160,160.179992675781,157.339996337891,157.690002441406,6686400,137.139419555664
"2021-10-13",157.820007324219,160.080001831055,157.75,159.199996948242,6901100,138.452606201172
"2021-10-14",159.710006713867,161.139999389648,159.600006103516,160.110000610352,4579200,139.244033813477
"2021-10-15",161.029998779297,161.809997558594,160.410003662109,161.300003051758,6918400,140.278945922852
"2021-10-18",160.25,160.889999389648,159.199996948242,160.119995117188,7465500,139.252700805664
"2021-10-19",160.899993896484,165.149993896484,160.729995727539,163.869995117188,10081300,142.514038085938
"2021-10-20",163.979995727539,164.75,163.259994506836,163.779998779297,6003200,142.435745239258
"2021-10-21",164.300003051758,164.389999389648,162.279998779297,163.399993896484,4524100,142.105270385742
"2021-10-22",163.059997558594,164.059997558594,162.960006713867,163.720001220703,4304300,142.383575439453
"2021-10-25",163.720001220703,164.309997558594,161.710006713867,164.080001831055,6715400,142.696655273438
"2021-10-26",164.559997558594,166.029998779297,164.050003051758,165.75,6939100,144.149002075195
"2021-10-27",165.679992675781,165.759994506836,163.309997558594,163.740005493164,7018800,142.400924682617
"2021-10-28",163.770004272461,165.199996948242,162.320007324219,162.850006103516,6278800,141.626953125
"2021-10-29",162.350006103516,163.25,160.610000610352,162.880004882812,8526800,141.653030395508
"2021-11-01",163.160003662109,163.979995727539,159.399993896484,163.020004272461,5846400,141.774780273438
"2021-11-02",163.699996948242,166.979995727539,162.979995727539,165.589996337891,8450600,144.009857177734
"2021-11-03",165.039993286133,165.770004272461,163.429992675781,165.059997558594,6717800,143.548919677734
"2021-11-04",164.940002441406,164.990005493164,162.669998168945,164.600006103516,8224400,143.148895263672
"2021-11-05",162.479995727539,164.600006103516,162.199996948242,163.429992675781,6215900,142.13134765625
"2021-11-08",163.679992675781,164.169998168945,162.009994506836,162.869995117188,5578800,141.644348144531
"2021-11-09",162.610000610352,163.589996337891,162.020004272461,162.509994506836,6112800,141.33122253418
"2021-11-10",162.529998779297,164.839996337891,162.350006103516,164.270004272461,6225100,142.861877441406
"2021-11-11",163.490005493164,163.809997558594,162.490005493164,163.059997558594,4118800,141.809585571289
"2021-11-12",167.429992675781,167.619995117188,164.610000610352,165.009994506836,18995200,143.505432128906
"2021-11-15",165,165.460006713867,163.220001220703,163.520004272461,7496200,142.20964050293
"2021-11-16",163.179992675781,164.350006103516,162.619995117188,162.669998168945,7594700,141.470367431641
"2021-11-17",162.869995117188,163.860000610352,161.789993286133,163.279998779297,5414500,142.000854492188
"2021-11-18",163.449996948242,164.470001220703,162.130004882812,162.399993896484,6358700,141.235595703125
"2021-11-19",163.039993286133,163.190002441406,161.779998779297,162.889999389648,7620700,141.661727905273
"2021-11-22",161.029998779297,162.639999389648,159.649993896484,159.699996948242,7634500,139.797180175781
"2021-11-23",159.520004272461,161,158.779998779297,160.690002441406,7734000,140.663833618164
"2021-11-24",160.139999389648,160.619995117188,159.380004882812,160.240005493164,5230900,140.269836425781
"2021-11-26",160.600006103516,161.160003662109,158.660003662109,159.199996948242,8523100,139.359481811523
"2021-11-29",159.5,160.419998168945,158.419998168945,159.75,9188500,139.840942382812
"2021-11-30",158.509994506836,159,155.850006103516,155.929992675781,14981700,136.497039794922
"2021-12-01",156.880004882812,160.080001831055,156.25,158.080001831055,9835800,138.379104614258
"2021-12-02",157.259994506836,159.289993286133,156.75,157.089996337891,11334700,137.512435913086
"2021-12-03",157.910003662109,159.669998168945,157.589996337891,159.380004882812,8750500,139.517074584961
"2021-12-06",160.190002441406,163.520004272461,159.830001831055,162.940002441406,9692000,142.633392333984
"2021-12-07",164,164.270004272461,162.410003662109,163.360000610352,8311300,143.001052856445
"2021-12-08",163.470001220703,164.570007324219,162.639999389648,164.339996337891,6216400,143.858901977539
"2021-12-09",164.179992675781,165.979995727539,163.490005493164,165.899993896484,8574200,145.224487304688
"2021-12-10",165.570007324219,166.690002441406,164.649993896484,165.490005493164,6572200,144.865631103516
"2021-12-13",164.75,169.199996948242,163.800003051758,168.449996948242,11142300,147.456726074219
"2021-12-14",168.330001831055,170.970001220703,167.160003662109,170.289993286133,10482400,149.067367553711
"2021-12-15",169.850006103516,171.300003051758,169.419998168945,171.139999389648,8552200,149.811447143555
"2021-12-16",171.259994506836,173.509994506836,170.839996337891,173.009994506836,8998600,151.448394775391
"2021-12-17",169.639999389648,170.779998779297,167.660003662109,168.229995727539,16726200,147.264099121094
"2021-12-20",167.809997558594,168.509994506836,166.550003051758,167.75,7954500,146.843948364258
"2021-12-21",168.059997558594,168.100006103516,165.979995727539,167.210006713867,7954200,146.371246337891
"2021-12-22",167.059997558594,168.169998168945,166.119995117188,167.929992675781,4178200,147.001510620117
"2021-12-23",167.880004882812,168.949996948242,167.360000610352,168.25,3501500,147.281631469727
"2021-12-27",169.139999389648,169.850006103516,168.699996948242,169.669998168945,3704800,148.524673461914
"2021-12-28",169.789993286133,170.639999389648,169.589996337891,170.350006103516,3187000,149.119903564453
"2021-12-29",170,171.990005493164,169.910003662109,171.550003051758,3662000,150.170364379883
"2021-12-30",172.119995117188,172.880004882812,171.75,172.309997558594,4231800,150.835632324219
"2021-12-31",172.529998779297,172.679992675781,171.029998779297,171.070007324219,4409500,149.750198364258
"2022-01-03",170.210006713867,171.600006103516,169.100006103516,171.539993286133,6012200,150.161590576172
"2022-01-04",171.059997558594,172.289993286133,170.600006103516,171.080001831055,6748400,149.758926391602
"2022-01-05",172,173.470001220703,171.619995117188,172.220001220703,7016100,150.756881713867
"2022-01-06",172.149993896484,172.5,170.800003051758,171.630004882812,7301600,150.240417480469
"2022-01-07",171.460006713867,174.300003051758,171.130004882812,173.949996948242,6986000,152.271240234375
"2022-01-10",173.690002441406,173.690002441406,172.160003662109,173.089996337891,7698400,151.518447875977
"2022-01-11",172.990005493164,173.389999389648,170.110000610352,171.25,8341100,149.90771484375
"2022-01-12",169.610000610352,170.080001831055,168.339996337891,169.789993286133,8116200,148.629699707031
"2022-01-13",169,170.419998168945,168.460006713867,168.759994506836,6159400,147.728042602539
"2022-01-14",168.630004882812,168.649993896484,167.149993896484,167.839996337891,5847700,146.922698974609
"2022-01-18",167.100006103516,167.720001220703,166.009994506836,167.100006103516,7815600,146.274963378906
"2022-01-19",167.199996948242,168.720001220703,166.320007324219,166.580001831055,5926500,145.819717407227
"2022-01-20",167.289993286133,167.860000610352,164.929992675781,165.25,6011300,144.655532836914
"2022-01-21",166.190002441406,167.990005493164,164.470001220703,164.869995117188,10550300,144.322845458984
"2022-01-24",164,164.169998168945,158.259994506836,162.970001220703,14054600,142.659683227539
"2022-01-25",162.360000610352,168.410003662109,161.580001831055,167.630004882812,14081200,146.738906860352
"2022-01-26",167.539993286133,169.220001220703,166.229995727539,168.380004882812,9963200,147.395431518555
"2022-01-27",169.389999389648,171.910003662109,169,170.589996337891,9066700,149.329986572266
"2022-01-28",170.860000610352,171.839996337891,169.300003051758,171.789993286133,9783100,150.380447387695
"2022-01-31",171.5,172.619995117188,170.820007324219,172.289993286133,8054800,150.818130493164
"2022-02-01",171.740005493164,171.979995727539,169.429992675781,170.880004882812,8154700,149.583862304688
"2022-02-02",169.649993896484,172.990005493164,169.649993896484,172.770004272461,7382800,151.238311767578
"2022-02-03",172.259994506836,173.619995117188,171.039993286133,172.759994506836,6240400,151.229522705078
"2022-02-04",171,172.979995727539,170.119995117188,171.630004882812,6392200,150.240417480469
"2022-02-07",171.410003662109,171.740005493164,170.009994506836,171.059997558594,6065700,149.741424560547
"2022-02-08",171.020004272461,172.050003051758,170.479995727539,171.509994506836,6296100,150.135314941406
"2022-02-09",172.070007324219,172.240005493164,171.25,171.490005493164,5387500,150.117858886719
"2022-02-10",171.210006713867,171.220001220703,169.300003051758,169.419998168945,10355300,148.305801391602
"2022-02-11",169.119995117188,170.149993896484,167.539993286133,167.710006713867,13125300,146.80891418457
"2022-02-14",167.710006713867,167.970001220703,163.809997558594,165.600006103516,8967600,144.9619140625
"2022-02-15",166.130004882812,168.100006103516,166.009994506836,167.309997558594,6631400,146.458770751953
"2022-02-16",166.490005493164,167.839996337891,165.710006713867,167.210006713867,8482400,146.371246337891
"2022-02-17",167.210006713867,167.449996948242,164.919998168945,166.190002441406,6227600,145.478363037109
"2022-02-18",164.979995727539,165.360000610352,162.940002441406,163.360000610352,6423200,143.919006347656
"2022-02-22",163.570007324219,163.740005493164,160.440002441406,161.139999389648,6868900,141.963180541992
"2022-02-23",161.509994506836,162.639999389648,160.850006103516,161.220001220703,8016900,142.03369140625
"2022-02-24",159.779998779297,160.130004882812,155.720001220703,158.139999389648,12883400,139.320220947266
"2022-02-25",160,166.990005493164,159.699996948242,166,11340400,146.244812011719
"2022-02-28",162.869995117188,165.179992675781,162.380004882812,164.570007324219,9373500,144.985000610352
"2022-03-01",163.039993286133,164.75,162.410003662109,164,8737800,144.482818603516
"2022-03-02",164.410003662109,167.630004882812,164.039993286133,166.039993286133,6793300,146.280075073242
"2022-03-03",166.699996948242,169.339996337891,166.320007324219,168.479995727539,7333700,148.4296875
"2022-03-04",167.639999389648,169.860000610352,166.850006103516,169.479995727539,6302500,149.310668945312
"2022-03-07",168.300003051758,173.119995117188,167.360000610352,172.210006713867,11663400,151.715805053711
"2022-03-08",172.039993286133,173.119995117188,168.509994506836,168.720001220703,11100300,148.641128540039
"2022-03-09",170.009994506836,170.229995727539,167.889999389648,169.360000610352,7248200,149.204956054688
"2022-03-10",168.559997558594,170.149993896484,168.080001831055,169.660003662109,6171400,149.469268798828
"2022-03-11",169.130004882812,171.460006713867,169.020004272461,169.350006103516,5188000,149.19612121582
"2022-03-14",170.679992675781,174.119995117188,170.350006103516,171.690002441406,7729500,151.257690429688
"2022-03-15",173.330001831055,176.520004272461,172.550003051758,176.139999389648,10554400,155.178070068359
"2022-03-16",175.460006713867,176.949996948242,172.559997558594,174.520004272461,9603300,153.750885009766
"2022-03-17",175.210006713867,176.839996337891,174.199996948242,176.800003051758,7472100,155.759521484375
"2022-03-18",177,177,173.660003662109,174.839996337891,13809500,154.032775878906
"2022-03-21",174.660003662109,177.160003662109,174.320007324219,175.830001831055,7574900,154.904983520508
"2022-03-22",175.830001831055,176.369995117188,173.910003662109,175,8442100,154.173767089844
"2022-03-23",175.229995727539,175.539993286133,174.089996337891,174.339996337891,5254200,153.592300415039
"2022-03-24",175,175.539993286133,174.070007324219,175.240005493164,5012300,154.385192871094
"2022-03-25",175.690002441406,177.699996948242,175.220001220703,176.919998168945,4809500,155.865234375
"2022-03-28",176.649993896484,178.179992675781,176.350006103516,177.830001831055,5604200,156.666946411133
"2022-03-29",178.619995117188,179.399993896484,176.800003051758,177.740005493164,5933400,156.587692260742
"2022-03-30",178.440002441406,179.860000610352,177.679992675781,179.589996337891,6277600,158.217498779297
"2022-03-31",179.589996337891,180.210006713867,176.979995727539,177.229995727539,11490400,156.138366699219
"2022-04-01",177.050003051758,178.429992675781,175.600006103516,178.190002441406,6525600,156.984115600586
"2022-04-04",178.190002441406,178.190002441406,175.520004272461,176.470001220703,6860600,155.468826293945
"2022-04-05",176.470001220703,179.649993896484,176.289993286133,177.610000610352,7446100,156.473159790039
"2022-04-06",179.389999389648,182.600006103516,178.619995117188,182.229995727539,10330900,160.543304443359
"2022-04-07",181.669998168945,182.949996948242,180.229995727539,181.759994506836,7385200,160.129272460938
"2022-04-08",181.330001831055,183.190002441406,180.429992675781,182.119995117188,7144500,160.446441650391
"2022-04-11",183,184.199996948242,179.600006103516,179.839996337891,5932000,158.437774658203
"2022-04-12",179.199996948242,180.809997558594,178.199996948242,179.899993896484,5957500,158.490615844727
"2022-04-13",179.899993896484,180.839996337891,179.240005493164,180.660003662109,5643100,159.160171508789
"2022-04-14",180,181.399993896484,179.729995727539,179.899993896484,6188200,158.490615844727
"2022-04-18",179.729995727539,180.389999389648,176.740005493164,177.660003662109,6318700,156.517181396484
"2022-04-19",180.720001220703,185.940002441406,179.949996948242,183.080001831055,14380800,161.292190551758
"2022-04-20",182.240005493164,184.320007324219,181.899993896484,183.889999389648,8044900,162.005783081055
"2022-04-21",183.929992675781,184.869995117188,182.559997558594,183.360000610352,6969200,161.538848876953
"2022-04-22",182.470001220703,183.149993896484,181.380004882812,181.539993286133,8003600,159.935424804688
"2022-04-25",182.339996337891,186.690002441406,182.100006103516,186.009994506836,11176500,163.873474121094
"2022-04-26",185.100006103516,186.570007324219,184.179992675781,184.679992675781,10190000,162.701736450195
"2022-04-27",184.240005493164,184.820007324219,181.740005493164,182.100006103516,11090100,160.428802490234
"2022-04-28",182.25,184.5,181.919998168945,183.460006713867,9403900,161.626922607422
"2022-04-29",182.5,182.550003051758,180.199996948242,180.460006713867,8463100,158.983963012695
"2022-05-02",180.470001220703,181.410003662109,177.029998779297,178.639999389648,7145400,157.380554199219
"2022-05-03",178.800003051758,180.630004882812,177.679992675781,178.289993286133,5898700,157.072219848633
"2022-05-04",178.149993896484,180.5,177.149993896484,180.199996948242,5923000,158.754928588867
"2022-05-05",179.419998168945,179.710006713867,175.270004272461,176.759994506836,7089200,155.724304199219
"2022-05-06",175.139999389648,176.869995117188,174.690002441406,176.369995117188,6434000,155.380706787109
"2022-05-09",175.449996948242,178.559997558594,174.589996337891,177.330001831055,7855200,156.226470947266
"2022-05-10",178.229995727539,179.179992675781,176.5,177.089996337891,8186700,156.015014648438
"2022-05-11",175.960006713867,178.320007324219,175.880004882812,176.130004882812,6138900,155.169281005859
"2022-05-12",176.470001220703,177.949996948242,174.710006713867,177.869995117188,6898600,156.702194213867
"2022-05-13",178.699996948242,178.889999389648,175.800003051758,176.850006103516,7732200,155.803588867188
"2022-05-16",176.850006103516,179.130004882812,176.169998168945,178.080001831055,5516700,156.887222290039
"2022-05-17",178.720001220703,179.699996948242,176.589996337891,178.820007324219,5751100,157.539169311523
"2022-05-18",178.839996337891,179.369995117188,175.169998168945,175.5,8608800,154.614273071289
"2022-05-19",174.720001220703,174.800003051758,172.690002441406,173.940002441406,6874500,153.239929199219
"2022-05-20",174.850006103516,177.160003662109,174.050003051758,176.979995727539,7522100,155.918090820312
"2022-05-23",177.600006103516,179.929992675781,177.460006713867,179.440002441406,7040800,159.101226806641
"2022-05-24",179.25,181.740005493164,179.100006103516,181.399993896484,6419800,160.83903503418
"2022-05-25",180.529998779297,181.550003051758,179.059997558594,179.619995117188,6558900,159.260803222656
"2022-05-26",181,181,178.600006103516,179.460006713867,6897600,159.118988037109
"2022-05-27",179.759994506836,181.160003662109,178.229995727539,181.089996337891,5853600,160.564178466797
"2022-05-31",178,180.169998168945,175.009994506836,179.529998779297,16391400,159.181015014648
"2022-06-01",179.149993896484,179.830001831055,175.899993896484,177.710006713867,5175400,157.567321777344
"2022-06-02",177.740005493164,177.809997558594,174.589996337891,177.149993896484,8666500,157.070755004883
"2022-06-03",177.070007324219,178.669998168945,176.149993896484,176.419998168945,4234200,156.42350769043
"2022-06-06",177.210006713867,178.5,176,176.399993896484,5386500,156.405792236328
"2022-06-07",176.979995727539,179.300003051758,176.399993896484,178.339996337891,5447800,158.125885009766
"2022-06-08",178.100006103516,179.449996948242,176.800003051758,177.279998779297,4333100,157.186050415039
"2022-06-09",177.210006713867,178.649993896484,173.639999389648,173.710006713867,5509600,154.020690917969
"2022-06-10",172.169998168945,173.970001220703,170.619995117188,172.550003051758,6647300,152.992141723633
"2022-06-13",170.080001831055,172.25,170.080001831055,170.809997558594,7997000,151.449371337891
"2022-06-14",171.059997558594,171.110000610352,167.259994506836,168.190002441406,7116800,149.126342773438
"2022-06-15",169.639999389648,171.440002441406,168.639999389648,169.990005493164,7796100,150.722320556641
"2022-06-16",168.399993896484,170.210006713867,167.410003662109,170.080001831055,7056700,150.802154541016
"2022-06-17",170.630004882812,172.199996948242,169.240005493164,169.460006713867,12486600,150.252395629883
"2022-06-21",170.75,173.860000610352,169.559997558594,173.009994506836,8219700,153.400009155273
"2022-06-22",172,177.919998168945,171.690002441406,175.740005493164,10593100,155.820571899414
"2022-06-23",177,179.820007324219,176.520004272461,179.660003662109,10223500,159.296279907227
"2022-06-24",180.779998779297,182.529998779297,179.979995727539,182.289993286133,9374400,161.628189086914
"2022-06-27",181.639999389648,183.350006103516,181.5,182.119995117188,5908600,161.477432250977
"2022-06-28",182.169998168945,182.970001220703,176.309997558594,176.940002441406,9245700,156.884567260742
"2022-06-29",177.220001220703,178.300003051758,176.429992675781,176.990005493164,7097900,156.928894042969
"2022-06-30",176.860000610352,178.289993286133,175.029998779297,177.509994506836,10777200,157.389938354492
"2022-07-01",177.449996948242,179.720001220703,176.690002441406,179.520004272461,5498400,159.172180175781
"2022-07-05",178.830001831055,179.130004882812,174.610000610352,178.139999389648,5676400,157.948547363281
"2022-07-06",178.070007324219,179.440002441406,177.410003662109,178.300003051758,5335600,158.090438842773
"2022-07-07",177.860000610352,179.119995117188,177.509994506836,178.5,5725800,158.267791748047
"2022-07-08",178.330001831055,179.990005493164,177.770004272461,178.279998779297,3828300,158.072708129883
"2022-07-11",177.699996948242,179.020004272461,177.520004272461,178.350006103516,3645200,158.134735107422
"2022-07-12",177.979995727539,178.449996948242,175.199996948242,175.850006103516,4708800,155.918090820312
"2022-07-13",175.660003662109,176.330001831055,174.5,175.440002441406,5291700,155.554611206055
"2022-07-14",172.529998779297,176.009994506836,172.300003051758,175.679992675781,5359600,155.767379760742
"2022-07-15",177.710006713867,178.509994506836,176.550003051758,178.229995727539,5691100,158.028366088867
"2022-07-18",177.740005493164,178.190002441406,173.910003662109,174.229995727539,7605700,154.481735229492
"2022-07-19",176.330001831055,176.75,169.880004882812,171.690002441406,13256400,152.229675292969
"2022-07-20",172.199996948242,172.550003051758,169.759994506836,170.710006713867,7455800,151.360763549805
"2022-07-21",170.050003051758,171.389999389648,169.770004272461,171.309997558594,5729200,151.892700195312
"2022-07-22",171.600006103516,172.490005493164,171.059997558594,172.119995117188,4257000,152.610916137695
"2022-07-25",172.119995117188,172.979995727539,171.720001220703,172.460006713867,4437300,152.912368774414
"2022-07-26",172.559997558594,174.979995727539,172.490005493164,173.679992675781,4525500,153.994079589844
"2022-07-27",172.630004882812,174.100006103516,171.130004882812,173.199996948242,4648500,153.568481445312
"2022-07-28",173.399993896484,176.089996337891,171.440002441406,174.199996948242,5513000,154.455139160156
"2022-07-29",173.789993286133,174.850006103516,172.910003662109,174.520004272461,6451400,154.738861083984
"2022-08-01",174.169998168945,175.160003662109,173.539993286133,173.910003662109,5461400,154.198043823242
"2022-08-02",175.009994506836,175.490005493164,172.699996948242,172.919998168945,5794200,153.320205688477
"2022-08-03",172.550003051758,175.259994506836,171.770004272461,174.589996337891,5010000,154.800964355469
"2022-08-04",174.809997558594,175.089996337891,171.600006103516,171.789993286133,5651600,152.318298339844
"2022-08-05",171.300003051758,171.529998779297,169.789993286133,171.110000610352,5235500,151.715393066406
"2022-08-08",171.300003051758,171.479995727539,169.440002441406,170.199996948242,4629800,150.90852355957
"2022-08-09",170.539993286133,171.119995117188,169.729995727539,170.179992675781,5532500,150.89079284668
"2022-08-10",171.020004272461,171.240005493164,169.529998779297,170.669998168945,5603400,151.325271606445
"2022-08-11",168.520004272461,169.949996948242,166.979995727539,167.139999389648,9328700,148.195358276367
"2022-08-12",167.539993286133,167.940002441406,165.149993896484,165.300003051758,14606900,146.563919067383
"2022-08-15",166,166.75,165.130004882812,166.089996337891,10072000,147.264343261719
"2022-08-16",165.860000610352,168.25,165.600006103516,167.570007324219,7453600,148.576644897461
"2022-08-17",166.410003662109,168.559997558594,166.410003662109,167.580001831055,7406600,148.585510253906
"2022-08-18",167.679992675781,168.300003051758,165.929992675781,166.770004272461,8312100,147.867294311523
"2022-08-19",167.100006103516,170.119995117188,167,169.309997558594,8128500,150.119369506836
"2022-08-22",168.899993896484,168.919998168945,167.169998168945,167.589996337891,5462600,149.592758178711
"2022-08-23",167,167.770004272461,165.800003051758,166.130004882812,5566300,148.289581298828
"2022-08-24",166.559997558594,166.589996337891,165.070007324219,165.580001831055,5684300,147.798629760742
"2022-08-25",165.949996948242,167.240005493164,164.699996948242,167.130004882812,5678700,149.182174682617
"2022-08-26",167.460006713867,167.5,164.199996948242,164.270004272461,5667100,146.629302978516
"2022-08-29",163.470001220703,163.839996337891,162.020004272461,163,5259200,145.495666503906
"2022-08-30",163.300003051758,163.539993286133,162.029998779297,162.429992675781,6973300,144.986877441406
"2022-08-31",163.229995727539,163.550003051758,161.270004272461,161.339996337891,8741700,144.013961791992
"2022-09-01",161.490005493164,165.5,161.479995727539,165.339996337891,7509600,147.584350585938
"2022-09-02",165.860000610352,166.199996948242,162.009994506836,162.740005493164,5803700,145.263626098633
"2022-09-06",163.940002441406,166.220001220703,162.820007324219,163.179992675781,7394600,145.656372070312
"2022-09-07",162.910003662109,164.419998168945,162.160003662109,164.070007324219,4590600,146.450790405273
"2022-09-08",163.880004882812,165.419998168945,163.080001831055,165.389999389648,5838400,147.629058837891
"2022-09-09",164.990005493164,166.199996948242,164.389999389648,165.710006713867,5500600,147.914657592773
"2022-09-12",166.110000610352,166.570007324219,165.220001220703,165.639999389648,6365300,147.852142333984
"2022-09-13",163.570007324219,164.440002441406,160.809997558594,161.330001831055,6726400,144.005020141602
"2022-09-14",162.380004882812,165.360000610352,162.380004882812,164.660003662109,9555700,146.977432250977
"2022-09-15",164.449996948242,166.070007324219,164.100006103516,165.080001831055,7174500,147.352325439453
"2022-09-16",165.320007324219,167.630004882812,164.75,167.600006103516,20201500,149.60173034668
"2022-09-19",166.300003051758,166.429992675781,164.080001831055,166.279998779297,7380900,148.423431396484
"2022-09-20",165.220001220703,165.899993896484,164.320007324219,164.970001220703,7143400,147.254135131836
"2022-09-21",165.020004272461,166.800003051758,163.240005493164,163.279998779297,8071200,145.74560546875
"2022-09-22",163.149993896484,167.160003662109,162.830001831055,166.179992675781,7401100,148.334197998047
"2022-09-23",165.740005493164,167.479995727539,164.660003662109,166.720001220703,9598600,148.816207885742
"2022-09-26",165.800003051758,166.839996337891,164.380004882812,165.699996948242,8735500,147.905715942383
"2022-09-27",166.360000610352,167.669998168945,164.399993896484,164.940002441406,8686700,147.227355957031
"2022-09-28",166.25,167.380004882812,165.100006103516,166.360000610352,8660900,148.494857788086
"2022-09-29",166.479995727539,167.169998168945,163.889999389648,164.529998779297,7008100,146.861373901367
"2022-09-30",165,165.740005493164,163.320007324219,163.360000610352,8985200,145.817016601562
"2022-10-03",164.289993286133,164.380004882812,161.699996948242,163.199996948242,8657000,145.674163818359
"2022-10-04",163.850006103516,166,162.919998168945,165.619995117188,6236100,147.83430480957
"2022-10-05",165.020004272461,166.039993286133,164.210006713867,165.110000610352,4539400,147.379089355469
"2022-10-06",164.789993286133,165,161.690002441406,161.910003662109,5890700,144.522735595703
"2022-10-07",161.770004272461,162.220001220703,159.169998168945,160.199996948242,6363500,142.996337890625
"2022-10-10",160.630004882812,161.279998779297,159.179992675781,160.410003662109,5315600,143.183822631836
"2022-10-11",160.369995117188,164.110000610352,160.369995117188,162.729995727539,6212200,145.254653930664
"2022-10-12",162.940002441406,164.880004882812,162.5,162.690002441406,4341700,145.218963623047
"2022-10-13",160.889999389648,165.990005493164,160.75,165.149993896484,6465100,147.414810180664
"2022-10-14",164.440002441406,165.679992675781,163.600006103516,164.460006713867,5684600,146.798889160156
"2022-10-17",165.399993896484,167.210006713867,165.009994506836,166.589996337891,6710800,148.700149536133
"2022-10-18",165,167.169998168945,163.050003051758,166.009994506836,10883600,148.18244934082
"2022-10-19",166,166.25,163.889999389648,164.690002441406,10044600,147.004211425781
"2022-10-20",165,165.740005493164,164.330001831055,165.110000610352,5659900,147.379089355469
"2022-10-21",164.710006713867,169.369995117188,164.429992675781,168.710006713867,8487600,150.592498779297
"2022-10-24",169.809997558594,172.080001831055,169.25,170.979995727539,6855500,152.618713378906
"2022-10-25",170.169998168945,171.110000610352,168.520004272461,170.710006713867,5661900,152.377731323242
"2022-10-26",171.320007324219,172.570007324219,170.520004272461,172.210006713867,6123800,153.716644287109
"2022-10-27",172.350006103516,173.429992675781,171.720001220703,172.309997558594,5390900,153.805892944336
"2022-10-28",173,175.389999389648,172.589996337891,174.869995117188,6073900,156.090957641602
"2022-10-31",174.520004272461,175.160003662109,173.419998168945,173.970001220703,7810000,155.287628173828
"2022-11-01",174.059997558594,174.630004882812,170.419998168945,173.089996337891,6985000,154.502151489258
"2022-11-02",172.889999389648,173.940002441406,170.289993286133,170.429992675781,6877300,152.127792358398
"2022-11-03",169.809997558594,171.470001220703,168.940002441406,170.720001220703,4819900,152.386611938477
"2022-11-04",171.559997558594,172.5,169.240005493164,171.479995727539,5300900,153.065048217773
"2022-11-07",171.669998168945,173.850006103516,171.440002441406,172.979995727539,6621000,154.403930664062
"2022-11-08",173.130004882812,174.690002441406,172.179992675781,173.839996337891,5148400,155.171569824219
"2022-11-09",174.270004272461,175,172.339996337891,172.449996948242,6150000,153.930847167969
"2022-11-10",174.350006103516,174.770004272461,172.039993286133,174.470001220703,7877500,155.733917236328
"2022-11-11",172.729995727539,173.110000610352,166.820007324219,169.25,11074700,151.074493408203
"2022-11-14",170.25,173.259994506836,170.25,171.910003662109,6581500,153.448867797852
"2022-11-15",172.190002441406,173,170.520004272461,172.389999389648,9351000,153.877304077148
"2022-11-16",173.639999389648,174.990005493164,173.130004882812,173.460006713867,5500900,154.832397460938
"2022-11-17",173,174.990005493164,172.979995727539,174.860000610352,4464100,156.08203125
"2022-11-18",175,176.639999389648,174.619995117188,176.199996948242,6555700,157.278137207031
"2022-11-21",175.889999389648,176.550003051758,174.830001831055,175.970001220703,5706600,158.086715698242
"2022-11-22",176.399993896484,177.190002441406,176.330001831055,176.820007324219,4707900,158.850296020508
"2022-11-23",176.440002441406,177.399993896484,176.009994506836,177.009994506836,5389200,159.02099609375
"2022-11-25",177.380004882812,178.119995117188,176.860000610352,177.240005493164,3058600,159.227630615234
"2022-11-28",176.75,177.770004272461,176.559997558594,177.330001831055,6183100,159.308441162109
"2022-11-29",177.009994506836,177.259994506836,174.660003662109,176.089996337891,6700500,158.194488525391
"2022-11-30",176.369995117188,178.009994506836,174.779998779297,178,13288000,159.910385131836
"2022-12-01",179,179.960006713867,177.770004272461,178.740005493164,6282600,160.575180053711
"2022-12-02",177.5,178.960006713867,176.960006713867,178.880004882812,5823900,160.700942993164
"2022-12-05",178.360000610352,179.360000610352,178,178.779998779297,5120600,160.611099243164
"2022-12-06",179.919998168945,180,175.929992675781,176.100006103516,7943500,158.203460693359
"2022-12-07",176.570007324219,177.880004882812,176.229995727539,177.169998168945,5702600,159.164749145508
"2022-12-08",176.820007324219,177.470001220703,176.339996337891,177.199996948242,4798500,159.191711425781
"2022-12-09",177.119995117188,177.889999389648,175.660003662109,175.740005493164,4561000,157.880081176758
"2022-12-12",175.949996948242,177.869995117188,175.600006103516,177.839996337891,4882400,159.766662597656
"2022-12-13",179.100006103516,180.199996948242,178.309997558594,179.210006713867,9177500,160.997406005859
"2022-12-14",178.580001831055,181.039993286133,178.580001831055,179.759994506836,9533600,161.491516113281
"2022-12-15",179.199996948242,179.839996337891,176.399993896484,177.490005493164,7602400,159.452239990234
"2022-12-16",177,177,174.860000610352,175.669998168945,18841800,157.817169189453
"2022-12-19",175.350006103516,176.169998168945,174.070007324219,175.479995727539,5736000,157.646484375
"2022-12-20",176,176.440002441406,175.169998168945,175.669998168945,6174700,157.817169189453
"2022-12-21",176.270004272461,178.179992675781,175.649993896484,177.679992675781,5472000,159.622909545898
"2022-12-22",176.770004272461,177.509994506836,175.339996337891,177.029998779297,5709100,159.038970947266
"2022-12-23",176.669998168945,177.520004272461,175.809997558594,177.479995727539,3683400,159.44319152832
"2022-12-27",178.110000610352,178.350006103516,176.990005493164,177.429992675781,3067300,159.398300170898
"2022-12-28",177.759994506836,178.449996948242,176.649993896484,176.660003662109,2645400,158.706558227539
"2022-12-29",177.550003051758,178.300003051758,177.070007324219,177.559997558594,2828800,159.515106201172
"2022-12-30",177.490005493164,177.770004272461,175.399993896484,176.649993896484,4216600,158.697555541992
"2023-01-03",176.160003662109,178.380004882812,176.009994506836,178.190002441406,6344900,160.081085205078
"2023-01-04",178.889999389648,180.190002441406,178.479995727539,180.130004882812,9788800,161.823913574219
"2023-01-05",179.020004272461,179.990005493164,178.410003662109,178.800003051758,6255300,160.62907409668
"2023-01-06",180.130004882812,180.929992675781,179.389999389648,180.25,5706000,161.931747436523
"2023-01-09",179.300003051758,179.759994506836,175.179992675781,175.580001831055,7925300,157.736312866211
"2023-01-10",175.699996948242,176.139999389648,174.320007324219,175.160003662109,5047500,157.359008789062
"2023-01-11",175.570007324219,175.720001220703,172.110000610352,174.880004882812,6494800,157.107467651367
"2023-01-12",174.259994506836,174.710006713867,172.800003051758,174,4269400,156.316879272461
"2023-01-13",173.190002441406,174.009994506836,172.380004882812,173.429992675781,6088000,155.804824829102
"2023-01-17",174,174.580001831055,172.089996337891,172.360000610352,6053300,154.843566894531
"2023-01-18",171.649993896484,172,169.710006713867,169.759994506836,7047800,152.507781982422
"2023-01-19",169.029998779297,171.279998779297,168.710006713867,169.529998779297,6939500,152.301177978516
"2023-01-20",170.100006103516,170.110000610352,167.479995727539,168.740005493164,8620600,151.591461181641
"2023-01-23",169.100006103516,169.630004882812,167.949996948242,168.309997558594,8425400,151.205139160156
"2023-01-24",169.020004272461,170.990005493164,166.009994506836,168.309997558594,10541800,151.205139160156
"2023-01-25",167.169998168945,169.509994506836,167.080001831055,169.509994506836,7099800,152.283157348633
"2023-01-26",169.550003051758,169.910003662109,168.649993896484,168.889999389648,6946100,151.726181030273
"2023-01-27",168.539993286133,168.869995117188,167.770004272461,168.229995727539,6058100,151.133270263672
"2023-01-30",167.929992675781,168.539993286133,161.080001831055,162,23259100,145.536422729492
"2023-01-31",161.699996948242,163.429992675781,161.050003051758,163.419998168945,11612500,146.812072753906
"2023-02-01",162.990005493164,165.979995727539,162.399993896484,164.919998168945,9865300,148.159652709961
"2023-02-02",163,166.220001220703,162.820007324219,165.539993286133,10099000,148.716659545898
"2023-02-03",166.029998779297,166.339996337891,163.889999389648,164.610000610352,6868500,147.881134033203
"2023-02-06",164.550003051758,164.850006103516,163.100006103516,163.360000610352,7021000,146.758224487305
"2023-02-07",161.600006103516,163.880004882812,161.419998168945,163.399993896484,7310800,146.79411315918
"2023-02-08",163.300003051758,164.559997558594,162.899993896484,163.610000610352,6054700,146.982803344727
"2023-02-09",163.630004882812,164.800003051758,161.070007324219,161.399993896484,7949500,144.99739074707
"2023-02-10",161.770004272461,162.789993286133,161.350006103516,162.149993896484,7028000,145.671157836914
"2023-02-13",161.330001831055,162.820007324219,161.149993896484,162.75,6414700,146.210220336914
"2023-02-14",162.740005493164,162.970001220703,161.759994506836,162.039993286133,6316000,145.572341918945
"2023-02-15",161.949996948242,161.979995727539,159.289993286133,159.369995117188,12621800,143.173690795898
"2023-02-16",159.070007324219,159.649993896484,157.919998168945,158.240005493164,11177000,142.158538818359
"2023-02-17",157.020004272461,161.110000610352,156.619995117188,160.389999389648,12401900,145.126388549805
"2023-02-21",159.649993896484,160.350006103516,157.889999389648,158,9423900,142.963851928711
"2023-02-22",158.5,158.850006103516,157.369995117188,157.779998779297,9820200,142.764785766602
"2023-02-23",157.710006713867,158.589996337891,156.669998168945,157.729995727539,9385100,142.719512939453
"2023-02-24",156.649993896484,156.850006103516,155.210006713867,155.970001220703,8689700,141.126998901367
"2023-02-27",156.449996948242,156.899993896484,155.080001831055,155.630004882812,7267100,140.819366455078
"2023-02-28",154.979995727539,155.270004272461,153.039993286133,153.259994506836,9062300,138.674896240234
"2023-03-01",153.009994506836,153.240005493164,151.910003662109,152.570007324219,6767000,138.050598144531
"2023-03-02",151.75,152.759994506836,151.229995727539,152.449996948242,8762500,137.942001342773
"2023-03-03",153.369995117188,154.119995117188,152.839996337891,154.020004272461,5747200,139.36262512207
"2023-03-06",154.660003662109,155.729995727539,154.570007324219,155.559997558594,8148200,140.756057739258
"2023-03-07",156.089996337891,156.25,153.350006103516,154.089996337891,7457700,139.425964355469
"2023-03-08",153.979995727539,154.199996948242,152.479995727539,152.960006713867,6230500,138.40348815918
"2023-03-09",153.460006713867,153.600006103516,150.710006713867,151.240005493164,7439400,136.847152709961
"2023-03-10",151.860000610352,153.490005493164,151.100006103516,151.610000610352,8504300,137.181945800781
"2023-03-13",152.089996337891,155.910003662109,151.570007324219,153.059997558594,10799600,138.493942260742
"2023-03-14",153.279998779297,154.029998779297,151.899993896484,153.919998168945,8421200,139.272125244141
"2023-03-15",152.839996337891,154.889999389648,152.529998779297,154.350006103516,7757700,139.661209106445
"2023-03-16",153.449996948242,154.369995117188,152.600006103516,154.029998779297,7605500,139.371643066406
"2023-03-17",154.479995727539,154.949996948242,152.300003051758,152.380004882812,20540700,137.878677368164
"2023-03-20",152.470001220703,154.070007324219,152.380004882812,153.889999389648,7129000,139.244964599609
"2023-03-21",154,154.130004882812,152.169998168945,153.889999389648,8376800,139.244964599609
"2023-03-22",153.850006103516,154.059997558594,151.029998779297,151.050003051758,7943500,136.675247192383
"2023-03-23",151.179992675781,151.690002441406,150.110000610352,151.130004882812,9051500,136.747619628906
"2023-03-24",151.479995727539,152.759994506836,150.830001831055,152.649993896484,5696200,138.122970581055
"2023-03-27",154.199996948242,154.539993286133,153.110000610352,153.300003051758,6772300,138.71110534668
"2023-03-28",152.389999389648,153.449996948242,151.729995727539,151.820007324219,6115300,137.371932983398
"2023-03-29",152.240005493164,153.380004882812,152.070007324219,153.309997558594,6012000,138.720169067383
"2023-03-30",153.580001831055,153.800003051758,152.809997558594,153.429992675781,4555700,138.828750610352
"2023-03-31",153.789993286133,155.190002441406,153.240005493164,155,9890000,140.249328613281
"2023-04-03",154.949996948242,157.009994506836,153.940002441406,156.850006103516,6841900,141.923263549805
"2023-04-04",156.970001220703,158.970001220703,156.589996337891,158.490005493164,8314500,143.407211303711
"2023-04-05",164.369995117188,165.660003662109,162.759994506836,165.610000610352,16704200,149.849624633789
"2023-04-06",165.990005493164,167.229995727539,164.800003051758,165.149993896484,9615400,149.433395385742
"2023-04-10",164.630004882812,164.839996337891,163.639999389648,164.320007324219,5354000,148.682403564453
"2023-04-11",164.419998168945,165.279998779297,164.039993286133,164.270004272461,5903800,148.637161254883
"2023-04-12",163.940002441406,164.839996337891,163.100006103516,163.919998168945,5764100,148.320465087891
"2023-04-13",164.179992675781,166.330001831055,163.809997558594,166.110000610352,5640600,150.30207824707
"2023-04-14",165.970001220703,166.119995117188,164.059997558594,165.839996337891,7225100,150.057708740234
"2023-04-17",165.740005493164,166.240005493164,164.940002441406,165.669998168945,8046400,149.903915405273
"2023-04-18",164.25,164.690002441406,159.649993896484,161.009994506836,14571500,145.687393188477
"2023-04-19",161.990005493164,162.679992675781,161.169998168945,162.529998779297,6752000,147.062744140625
"2023-04-20",162.429992675781,163.820007324219,160.960006713867,163.580001831055,9498800,148.012817382812
"2023-04-21",164.440002441406,164.970001220703,161.970001220703,162.690002441406,7014200,147.20751953125
"2023-04-24",162.690002441406,163.809997558594,161.869995117188,163.679992675781,5278900,148.103286743164
"2023-04-25",164.309997558594,165.350006103516,164.160003662109,165.179992675781,6263100,149.460556030273
"2023-04-26",164.089996337891,164.389999389648,162.240005493164,162.619995117188,5518200,147.144149780273
"2023-04-27",162.899993896484,163.410003662109,162.130004882812,163,5739700,147.487991333008
"2023-04-28",162.809997558594,163.759994506836,162.559997558594,163.699996948242,6024900,148.121398925781
"2023-05-01",163.600006103516,164.300003051758,162.240005493164,163.600006103516,4893400,148.030899047852
"2023-05-02",164.339996337891,165.479995727539,163.559997558594,165.029998779297,7541700,149.324813842773
"2023-05-03",165.550003051758,166.179992675781,162.509994506836,162.869995117188,5937200,147.370376586914
"2023-05-04",162.679992675781,162.899993896484,161.25,162.130004882812,5128000,146.700820922852
"2023-05-05",162.839996337891,163.130004882812,161.690002441406,162.679992675781,5194500,147.198455810547
"2023-05-08",161.990005493164,162.570007324219,161.339996337891,162.309997558594,4994900,146.863693237305
"2023-05-09",161.75,162.130004882812,160.789993286133,161.050003051758,5520500,145.723571777344
"2023-05-10",161.199996948242,161.970001220703,160.059997558594,161.649993896484,6756600,146.266479492188
"2023-05-11",161.830001831055,162.190002441406,159.389999389648,160.990005493164,5867600,145.669296264648
"2023-05-12",161.360000610352,161.559997558594,160.009994506836,160.779998779297,3904200,145.479293823242
"2023-05-15",160.800003051758,161.029998779297,158.940002441406,159.550003051758,5104500,144.366302490234
"2023-05-16",159.059997558594,160.25,158.529998779297,159.339996337891,5599200,144.176300048828
"2023-05-17",159.789993286133,160.059997558594,157.770004272461,158.990005493164,6840700,143.859634399414
"2023-05-18",158.660003662109,158.929992675781,157.559997558594,158.479995727539,5173000,143.398147583008
"2023-05-19",158.589996337891,159.929992675781,158.139999389648,158.910003662109,6527100,143.787231445312
"2023-05-22",158,159.139999389648,156.779998779297,156.869995117188,5675900,143.012298583984
"2023-05-23",157.100006103516,158.270004272461,156.369995117188,156.809997558594,5793000,142.957626342773
"2023-05-24",157.080001831055,157.139999389648,155.919998168945,156.660003662109,5015100,142.820861816406
"2023-05-25",156.050003051758,156.289993286133,153.720001220703,154.410003662109,6886100,140.769622802734
"2023-05-26",154.690002441406,155.279998779297,154.199996948242,154.350006103516,6845400,140.714935302734
"2023-05-30",153.970001220703,155.380004882812,153.320007324219,154.369995117188,5593100,140.733154296875
"2023-05-31",154.699996948242,155.690002441406,153.850006103516,155.059997558594,11324600,141.362243652344
"2023-06-01",154.539993286133,155.039993286133,153.149993896484,154.539993286133,7901300,140.888153076172
"2023-06-02",154.720001220703,157.309997558594,154.089996337891,156.970001220703,7659700,143.103485107422
"2023-06-05",156.75,158.639999389648,156.75,158.320007324219,6430500,144.334228515625
"2023-06-06",159.580001831055,159.610000610352,157.399993896484,158.179992675781,5073600,144.206604003906
"2023-06-07",158.100006103516,158.800003051758,157.440002441406,158.520004272461,6504300,144.516555786133
"2023-06-08",158.5,160.419998168945,157.820007324219,160.259994506836,5818400,146.102844238281
"2023-06-09",160.419998168945,160.729995727539,159.470001220703,160.009994506836,6264400,145.874938964844
"2023-06-12",160,160.25,158.729995727539,159.899993896484,6510600,145.774658203125
"2023-06-13",159.729995727539,160.839996337891,159.149993896484,160.740005493164,6066800,146.540420532227
"2023-06-14",161.600006103516,162.080001831055,160.979995727539,161.559997558594,6699100,147.287979125977
"2023-06-15",162.050003051758,163.910003662109,161.429992675781,163.729995727539,7138300,149.26628112793
"2023-06-16",164.479995727539,164.990005493164,163.869995117188,164.229995727539,13426600,149.722152709961
"2023-06-20",164.259994506836,165.309997558594,163.809997558594,164.130004882812,7995800,149.630981445312
"2023-06-21",163.580001831055,164.919998168945,162.690002441406,163.880004882812,7177500,149.403060913086
"2023-06-22",163.899993896484,165.720001220703,163.789993286133,165.619995117188,5485900,150.989364624023
"2023-06-23",166.110000610352,166.270004272461,165.029998779297,165.479995727539,9450700,150.861724853516
"2023-06-26",164.979995727539,164.979995727539,161.330001831055,163.630004882812,6978800,149.175140380859
"2023-06-27",163.679992675781,163.880004882812,162.440002441406,163.289993286133,4927500,148.865173339844
"2023-06-28",163.199996948242,163.199996948242,161.910003662109,162.960006713867,6780400,148.564315795898
"2023-06-29",162.639999389648,164.320007324219,162.229995727539,164.100006103516,4547500,149.603637695312
"2023-06-30",164.860000610352,165.940002441406,164.350006103516,165.520004272461,7580000,150.898193359375
"2023-07-03",164.339996337891,164.389999389648,162.960006713867,163.350006103516,4033700,148.919891357422
"2023-07-05",162.990005493164,163.919998168945,162.729995727539,162.809997558594,7224600,148.42756652832
"2023-07-06",162.25,162.369995117188,161,161.600006103516,6332500,147.324478149414
"2023-07-07",160.470001220703,161.039993286133,159.199996948242,159.25,7022200,145.182052612305
"2023-07-10",159.429992675781,160.300003051758,159,159.509994506836,5739200,145.419097900391
"2023-07-11",159.130004882812,160.300003051758,157.600006103516,158.630004882812,6606700,144.61686706543
"2023-07-12",158.940002441406,158.940002441406,157.880004882812,158.080001831055,6940400,144.115417480469
"2023-07-13",158,159.130004882812,157.410003662109,158.809997558594,6401700,144.780944824219
"2023-07-14",159.179992675781,160.229995727539,158.979995727539,159.869995117188,5362200,145.747299194336
"2023-07-17",159.75,159.869995117188,158.149993896484,159.070007324219,5486800,145.017974853516
"2023-07-18",159.070007324219,160.889999389648,158.190002441406,159.059997558594,6332500,145.008865356445
"2023-07-19",157.910003662109,160.410003662109,157.330001831055,158.740005493164,7522600,144.717132568359
"2023-07-20",161.940002441406,169.139999389648,161.300003051758,168.380004882812,21892900,153.50553894043
"2023-07-21",168.179992675781,170.820007324219,168.179992675781,170.190002441406,12080000,155.155639648438
"2023-07-24",171.5,173.820007324219,170.990005493164,171.080001831055,15155400,155.967071533203
"2023-07-25",170.449996948242,172.679992675781,169.75,172.389999389648,13790100,157.161285400391
"2023-07-26",172,173.850006103516,171.399993896484,172.720001220703,14288200,157.462158203125
"2023-07-27",172.179992675781,174.289993286133,172.039993286133,173.690002441406,12446400,158.346481323242
"2023-07-28",174,175.360000610352,173.229995727539,174.479995727539,14138800,159.066680908203
"2023-07-31",169.690002441406,170.220001220703,166.710006713867,167.529998779297,22632700,152.73063659668
"2023-08-01",166.369995117188,169.089996337891,166.059997558594,168.889999389648,15810300,153.970458984375
"2023-08-02",168.850006103516,171.240005493164,168.850006103516,169.910003662109,14595600,154.900390625
"2023-08-03",169.949996948242,171.320007324219,169.669998168945,170.639999389648,17424800,155.565902709961
"2023-08-04",170.339996337891,172.679992675781,167.889999389648,169.039993286133,23415100,154.10725402832
"2023-08-07",169.490005493164,173.339996337891,169.360000610352,173.100006103516,17736400,157.808609008789
"2023-08-08",172.990005493164,173.550003051758,171.389999389648,173.179992675781,27378700,157.881500244141
"2023-08-09",173,174.25,172.050003051758,173.070007324219,42974400,157.781234741211
"2023-08-10",174,175.970001220703,171.639999389648,172.169998168945,48213800,156.960723876953
"2023-08-11",172.479995727539,173.949996948242,171.619995117188,173.850006103516,45905600,158.492309570312
"2023-08-14",173.520004272461,175.600006103516,171.75,173.440002441406,64036900,158.118576049805
"2023-08-15",172.800003051758,174.559997558594,172.139999389648,172.940002441406,88958100,157.662719726562
"2023-08-16",172.529998779297,174.729995727539,172.130004882812,172.389999389648,85832700,157.161285400391
"2023-08-17",172.860000610352,175.389999389648,172.759994506836,174.009994506836,70904200,158.63818359375
"2023-08-18",173.169998168945,173.990005493164,171.309997558594,172.490005493164,49631700,157.252487182617
"2023-08-21",169.690002441406,169.850006103516,165.960006713867,167.350006103516,151319500,152.566528320312
"2023-08-22",166.860000610352,167.839996337891,165.410003662109,166.020004272461,56834800,151.354049682617
"2023-08-23",165.899993896484,166.5,163.470001220703,164.529998779297,119011400,149.995635986328
"2023-08-24",164.029998779297,166.669998168945,163.860000610352,165.089996337891,70755100,150.506164550781
"2023-08-25",164.300003051758,167.779998779297,164.059997558594,166.25,18185500,152.664138793945
"2023-08-28",165,166.210006713867,163.169998168945,164.289993286133,18458000,150.864303588867
"2023-08-29",164.869995117188,165.679992675781,162.770004272461,164.309997558594,12208600,150.882659912109
"2023-08-30",165.110000610352,165.830001831055,163.679992675781,163.729995727539,9939100,150.350067138672
"2023-08-31",163.369995117188,163.570007324219,161.279998779297,161.679992675781,15333000,148.467575073242
"2023-09-01",161.419998168945,162.479995727539,160.009994506836,160.479995727539,8610100,147.365661621094
"2023-09-05",160.559997558594,161.970001220703,160.279998779297,160.679992675781,9019800,147.549301147461
"2023-09-06",159.839996337891,160,157.350006103516,158.009994506836,9753800,145.097473144531
"2023-09-07",159.139999389648,161.059997558594,158.979995727539,160.029998779297,9931800,146.952392578125
"2023-09-08",159.589996337891,160.679992675781,159.190002441406,160.559997558594,6957000,147.439102172852
"2023-09-11",161.059997558594,162.690002441406,160.449996948242,162.660003662109,6309300,149.36750793457
"2023-09-12",162.220001220703,163.929992675781,161.529998779297,163.580001831055,6045800,150.212326049805
"2023-09-13",163.759994506836,164.949996948242,163,163.990005493164,7397500,150.588806152344
"2023-09-14",164.679992675781,165.270004272461,163.440002441406,163.740005493164,7758400,150.359237670898
"2023-09-15",163.979995727539,164.820007324219,161.210006713867,161.449996948242,13392100,148.25634765625
"2023-09-18",162.119995117188,163.149993896484,160.75,162.470001220703,5789000,149.193023681641
"2023-09-19",162.25,162.850006103516,161.380004882812,162.199996948242,5550800,148.945068359375
"2023-09-20",162.190002441406,163.539993286133,161.660003662109,162.910003662109,3837400,149.597091674805
"2023-09-21",162.570007324219,163.5,161.589996337891,161.660003662109,4526700,148.44921875
"2023-09-22",161.300003051758,161.399993896484,160.25,160.5,4976700,147.384017944336
"2023-09-25",160.070007324219,160.360000610352,158.729995727539,160.259994506836,6722500,147.163650512695
"2023-09-26",159.809997558594,160.080001831055,158.860000610352,159.020004272461,4904800,146.024948120117
"2023-09-27",158.580001831055,158.759994506836,155.259994506836,157.110000610352,10211600,144.271057128906
"2023-09-28",157.5,157.960006713867,156.220001220703,156.880004882812,7861900,144.059844970703
"2023-09-29",157.369995117188,157.600006103516,155.350006103516,155.75,7680700,143.022171020508
"2023-10-02",155.419998168945,155.419998168945,153.320007324219,155.149993896484,7259700,142.471252441406
"2023-10-03",154.679992675781,155.5,153.889999389648,155.339996337891,5740800,142.645706176758
"2023-10-04",155.570007324219,155.929992675781,154.570007324219,155.520004272461,4955200,142.810974121094
"2023-10-05",156.270004272461,158.039993286133,156.070007324219,157.139999389648,5993300,144.298599243164
"2023-10-06",157.080001831055,158.300003051758,156.589996337891,157.639999389648,5802200,144.757720947266
"2023-10-09",157.179992675781,158.880004882812,157.089996337891,158.539993286133,4414100,145.584197998047
"2023-10-10",158.380004882812,159.270004272461,157.899993896484,158.360000610352,5273500,145.418899536133
"2023-10-11",158.460006713867,159.050003051758,156.039993286133,156.179992675781,6922900,143.417007446289
"2023-10-12",155.919998168945,156.559997558594,155.070007324219,156.330001831055,5792400,143.554794311523
"2023-10-13",156.729995727539,157.360000610352,156.050003051758,156.850006103516,5359800,144.032287597656
"2023-10-16",157.820007324219,158.25,156.839996337891,157.529998779297,6408100,144.656707763672
"2023-10-17",155.979995727539,158.949996948242,154.610000610352,156.089996337891,12244400,143.334396362305
"2023-10-18",155.410003662109,155.949996948242,152.050003051758,152.729995727539,9097300,140.248992919922
"2023-10-19",151.669998168945,153.110000610352,150.149993896484,152.320007324219,7733800,139.872497558594
"2023-10-20",152.740005493164,153.869995117188,152.330001831055,153,7207000,140.496948242188
"2023-10-23",152.860000610352,153.5,151.210006713867,151.389999389648,5874000,139.018478393555
"2023-10-24",150.75,151.960006713867,150.130004882812,151.229995727539,6155300,138.871536254883
"2023-10-25",151.240005493164,152.169998168945,150.229995727539,151.570007324219,5880800,139.183792114258
"2023-10-26",151.970001220703,151.970001220703,148.880004882812,149,7612500,136.823806762695
"2023-10-27",148.490005493164,148.660003662109,144.949996948242,145.600006103516,11385800,133.701644897461
"2023-10-30",146.089996337891,147.240005493164,146,147.029998779297,8205300,135.014770507812
"2023-10-31",147.539993286133,148.539993286133,146.639999389648,148.339996337891,7576900,136.217727661133
"2023-11-01",149.190002441406,149.759994506836,148.460006713867,148.690002441406,5733000,136.539138793945
"2023-11-02",147.710006713867,150.399993896484,147.539993286133,150.240005493164,5349100,137.962463378906
"2023-11-03",151.210006713867,152.270004272461,150.149993896484,151.339996337891,4926800,138.972579956055
"2023-11-06",151.779998779297,152.429992675781,151.369995117188,151.699996948242,4851400,139.303146362305
"2023-11-07",151.929992675781,152.25,150.679992675781,150.899993896484,4840400,138.568557739258
"2023-11-08",151.350006103516,151.830001831055,150.339996337891,150.350006103516,5460000,138.063446044922
"2023-11-09",150.5,150.5,147.259994506836,147.419998168945,6973600,135.372894287109
"2023-11-10",148.25,148.5,145.639999389648,147.25,6930700,135.216796875
"2023-11-13",147.25,147.899993896484,146.649993896484,147.630004882812,5889300,135.565734863281
"2023-11-14",147.639999389648,148.539993286133,146.970001220703,147.660003662109,6713600,135.593307495117
"2023-11-15",147.350006103516,149.419998168945,147.270004272461,148.800003051758,6729100,136.64013671875
"2023-11-16",149.5,150.169998168945,148.639999389648,150.100006103516,6875600,137.833923339844
"2023-11-17",150.550003051758,150.789993286133,149.070007324219,149.789993286133,7023300,137.549240112305
"2023-11-20",147.910003662109,150.399993896484,147.539993286133,149.910003662109,8851700,138.761825561523
"2023-11-21",150.100006103516,151.289993286133,149.610000610352,151.119995117188,5916300,139.8818359375
"2023-11-22",151.630004882812,152.039993286133,150.389999389648,150.820007324219,4633500,139.60417175293
"2023-11-24",150.860000610352,152.679992675781,150.860000610352,152.5,3351400,141.159194946289
"2023-11-27",152.289993286133,152.320007324219,150.970001220703,151.279998779297,6449700,140.02995300293
"2023-11-28",151.399993896484,151.809997558594,150.839996337891,151.630004882812,5909000,140.353897094727
"2023-11-29",151.330001831055,152.199996948242,151.070007324219,152.110000610352,5190000,140.798187255859
"2023-11-30",152.259994506836,155.139999389648,151.919998168945,154.660003662109,12481900,143.158584594727
"2023-12-01",156.440002441406,158.460006713867,155.470001220703,158.380004882812,10342900,146.601943969727
"2023-12-04",158,160.020004272461,158,158.880004882812,8920300,147.064743041992
"2023-12-05",158.800003051758,159.630004882812,158.220001220703,158.550003051758,7268200,146.759292602539
"2023-12-06",158.520004272461,158.660003662109,156.169998168945,156.619995117188,6642900,144.972808837891
"2023-12-07",156.580001831055,156.580001831055,154.710006713867,155.399993896484,6532400,143.843536376953
"2023-12-08",155.419998168945,155.850006103516,153.839996337891,154.419998168945,6254700,142.936416625977
"2023-12-11",154.5,155.479995727539,154.350006103516,155.059997558594,6090400,143.528823852539
"2023-12-12",155,155.320007324219,153.649993896484,155.070007324219,5324400,143.538101196289
"2023-12-13",153.660003662109,155.940002441406,151.770004272461,155.789993286133,10764600,144.204559326172
"2023-12-14",156.470001220703,157.160003662109,155.050003051758,156.869995117188,9240700,145.204223632812
"2023-12-15",155.490005493164,156.690002441406,153.759994506836,155.160003662109,21727800,143.621383666992
"2023-12-18",155.210006713867,156.440002441406,154.759994506836,155.440002441406,7231400,143.880554199219
"2023-12-19",155.300003051758,156.5,154.940002441406,156.460006713867,6651500,144.82470703125
"2023-12-20",156.539993286133,156.660003662109,153.110000610352,153.270004272461,7008300,141.871963500977
"2023-12-21",153.690002441406,155.130004882812,153.300003051758,154.839996337891,4598600,143.325180053711
"2023-12-22",155.25,156.529998779297,155.020004272461,155.460006713867,3798900,143.89909362793
"2023-12-26",155,156.350006103516,154.850006103516,156.139999389648,4170000,144.528518676758
"2023-12-27",155.5,156.520004272461,155.419998168945,156.350006103516,5288100,144.722885131836
"2023-12-28",156,157.240005493164,155.990005493164,156.580001831055,4377500,144.935775756836
"2023-12-29",156.509994506836,156.899993896484,155.979995727539,156.740005493164,4313700,145.083892822266
"2024-01-02",156.929992675781,161.639999389648,156.789993286133,159.970001220703,9622100,148.073715209961
"2024-01-03",160.639999389648,161.440002441406,159.800003051758,160.970001220703,8232000,148.999313354492
"2024-01-04",161.589996337891,161.979995727539,160.419998168945,160.630004882812,6766600,148.684631347656
"2024-01-05",160.5,161.339996337891,159.470001220703,161.130004882812,5602500,149.147430419922
"2024-01-08",161.100006103516,161.660003662109,159.610000610352,161.529998779297,6569800,149.517654418945
"2024-01-09",161.630004882812,163.279998779297,160.600006103516,161.630004882812,6357000,149.610260009766
"2024-01-10",161.820007324219,162.619995117188,161.199996948242,161.869995117188,4945100,149.832397460938
"2024-01-11",162.070007324219,162.199996948242,160.779998779297,161.149993896484,4946000,149.165939331055
"2024-01-12",161.839996337891,162.470001220703,161.690002441406,162.389999389648,4496900,150.313705444336
"2024-01-16",161.570007324219,162.25,160.179992675781,160.520004272461,6923200,148.582809448242
"2024-01-17",160.25,161.300003051758,159.869995117188,160.429992675781,5072100,148.499465942383
"2024-01-18",160,161.369995117188,159.690002441406,161.210006713867,5368500,149.221466064453
"2024-01-19",161.149993896484,161.919998168945,160.279998779297,161.679992675781,7071300,149.656524658203
"2024-01-22",162,163.580001831055,161.339996337891,162.470001220703,6824200,150.387756347656
"2024-01-23",159.660003662109,160.509994506836,156.910003662109,159.809997558594,9149800,147.925598144531
"2024-01-24",159.75,160.600006103516,158.160003662109,158.960006713867,7247900,147.138778686523
"2024-01-25",159,159.619995117188,158.470001220703,159.559997558594,5478900,147.694183349609
"2024-01-26",160.429992675781,160.740005493164,159.360000610352,159.5,5591900,147.638656616211
"2024-01-29",159.009994506836,160.070007324219,158.960006713867,159.360000610352,6483200,147.509048461914
"2024-01-30",159.350006103516,159.759994506836,158.130004882812,158.770004272461,7200500,146.962936401367
"2024-01-31",160.399993896484,160.619995117188,158.669998168945,158.899993896484,8256800,147.083282470703
"2024-02-01",158.160003662109,158.490005493164,157.050003051758,158.360000610352,8012000,146.583419799805
"2024-02-02",157.970001220703,158.309997558594,155.940002441406,156.610000610352,8295900,144.963562011719
"2024-02-05",156.610000610352,156.889999389648,155.339996337891,155.800003051758,9121600,144.213806152344
"2024-02-06",155.830001831055,158.729995727539,155.600006103516,158.059997558594,9229900,146.305725097656
"2024-02-07",157.800003051758,159.369995117188,157.690002441406,157.979995727539,8690300,146.231674194336
"2024-02-08",157.339996337891,157.339996337891,155.309997558594,156.399993896484,9755000,144.769165039062
"2024-02-09",156.270004272461,157.199996948242,155.669998168945,156.759994506836,6529200,145.102416992188
"2024-02-12",156.580001831055,158.410003662109,156.350006103516,157.850006103516,6701500,146.111343383789
"2024-02-13",157.639999389648,158.449996948242,155.75,156.470001220703,8621000,144.833984375
"2024-02-14",156.350006103516,156.460006713867,154.839996337891,155.740005493164,9098800,144.158264160156
"2024-02-15",155.979995727539,158.479995727539,155.889999389648,157.919998168945,7462500,146.176147460938
"2024-02-16",156.600006103516,157.259994506836,155.669998168945,156.550003051758,8541000,146.008270263672
"2024-02-20",156.559997558594,158.610000610352,156.440002441406,157.860000610352,9501700,147.230056762695
"2024-02-21",158.020004272461,158.690002441406,157.130004882812,158.679992675781,7472500,147.994827270508
"2024-02-22",158.979995727539,160.740005493164,157.770004272461,160.449996948242,8065000,149.645645141602
"2024-02-23",160.880004882812,162.25,160.160003662109,161.839996337891,6726000,150.94206237793
"2024-02-26",161.800003051758,162.009994506836,160.570007324219,160.789993286133,5465400,149.962753295898
"2024-02-27",160.339996337891,161.039993286133,159.639999389648,160.979995727539,5078600,150.139953613281
"2024-02-28",161,161.610000610352,160.289993286133,161.550003051758,6071100,150.671585083008
"2024-02-29",162,162.190002441406,160.940002441406,161.380004882812,9849100,150.513046264648
"2024-03-01",161.830001831055,162.570007324219,161.089996337891,162.119995117188,5670100,151.203170776367
"2024-03-04",161.320007324219,161.610000610352,158.270004272461,159.839996337891,8532900,149.076721191406
"2024-03-05",160.619995117188,161.240005493164,159.199996948242,159.970001220703,8298200,149.197982788086
"2024-03-06",159.460006713867,160.929992675781,159.220001220703,159.339996337891,5773700,148.610397338867
"2024-03-07",160,160.360000610352,158.240005493164,158.869995117188,5188700,148.172012329102
"2024-03-08",158.869995117188,160.389999389648,158.429992675781,159.520004272461,5284000,148.778274536133
"2024-03-11",159.490005493164,161.320007324219,158.880004882812,161.229995727539,4620800,150.373123168945
"2024-03-12",161.580001831055,163.110000610352,161.130004882812,162.740005493164,8018700,151.781463623047
"2024-03-13",162.529998779297,162.679992675781,159.809997558594,161.100006103516,6260000,150.251876831055
"2024-03-14",160.940002441406,161.539993286133,158.690002441406,159.210006713867,6988300,148.489166259766
"2024-03-15",158.059997558594,159.190002441406,157.100006103516,158.179992675781,13165500,147.528503417969
"2024-03-18",158.570007324219,158.690002441406,156.5,156.759994506836,6602300,146.204147338867
"2024-03-19",156.669998168945,156.860000610352,155.660003662109,156.210006713867,7840600,145.691162109375
"2024-03-20",155.699996948242,156.440002441406,155.210006713867,155.759994506836,5982300,145.271469116211
"2024-03-21",155.589996337891,156.949996948242,155.100006103516,155.75,5915800,145.262130737305
"2024-03-22",155.690002441406,156.360000610352,155.110000610352,155.229995727539,7248600,144.777130126953
"2024-03-25",155.399993896484,155.979995727539,154.899993896484,155.220001220703,7498100,144.767822265625
"2024-03-26",155.610000610352,156.229995727539,154.759994506836,155.770004272461,6864100,145.280807495117
"2024-03-27",155.990005493164,158.220001220703,155.440002441406,157.960006713867,8461600,147.323333740234
"2024-03-28",158.199996948242,159.139999389648,158.110000610352,158.190002441406,6181500,147.537841796875
"2024-04-01",157.720001220703,158.149993896484,156.770004272461,157.779998779297,4364700,147.155456542969
"2024-04-02",156.570007324219,157.830001831055,155.949996948242,157.729995727539,6102300,147.108779907227
"2024-04-03",157.789993286133,158.050003051758,154.25,154.259994506836,8098200,143.872482299805
"2024-04-04",155.309997558594,155.5,152.410003662109,152.5,6947400,142.230972290039
"2024-04-05",152.029998779297,153.009994506836,151.610000610352,152.389999389648,6783000,142.128372192383
"2024-04-08",151.990005493164,153.039993286133,151.559997558594,151.589996337891,5935400,141.382278442383
"2024-04-09",151.550003051758,152.529998779297,150.940002441406,152.289993286133,6135300,142.035110473633
"2024-04-10",151.529998779297,151.820007324219,149.759994506836,150.199996948242,6809500,140.085861206055
"2024-04-11",150.800003051758,150.869995117188,148.389999389648,148.789993286133,8374400,138.770782470703
"2024-04-12",148.059997558594,149.070007324219,147.149993896484,147.520004272461,7100200,137.586318969727
"2024-04-15",148.369995117188,149.490005493164,147.369995117188,147.589996337891,8502300,137.651596069336
"2024-04-16",145.009994506836,146.25,143.389999389648,144.449996948242,12774900,134.723068237305
"2024-04-17",145,145.410003662109,143.539993286133,144.770004272461,9378100,135.021514892578
"2024-04-18",144.979995727539,145.800003051758,143.130004882812,145.740005493164,9887700,135.926193237305
"2024-04-19",146.149993896484,148.130004882812,144.539993286133,147.910003662109,9750800,137.950057983398
"2024-04-22",148.509994506836,150.270004272461,147.300003051758,149.119995117188,10118700,139.078582763672
"2024-04-23",149.860000610352,150.490005493164,148.199996948242,149.559997558594,10110400,139.488952636719
"2024-04-24",148.139999389648,148.990005493164,146.860000610352,148.529998779297,9756300,138.528335571289
"2024-04-25",149.369995117188,149.580001831055,146.330001831055,146.820007324219,7642700,136.933471679688
"2024-04-26",146.699996948242,147.179992675781,145.949996948242,146.139999389648,6183000,136.299270629883
"2024-04-29",146.139999389648,147.220001220703,145.990005493164,146.820007324219,6149600,136.933471679688
"2024-04-30",146.880004882812,146.880004882812,144.529998779297,144.589996337891,8817700,134.853607177734
"2024-05-01",148.740005493164,151.850006103516,147.619995117188,151.179992675781,14470900,140.999877929688
"2024-05-02",152.039993286133,152.330001831055,149.139999389648,149.919998168945,8459800,139.82470703125
"2024-05-03",149.889999389648,149.889999389648,147.820007324219,149.270004272461,6532700,139.218490600586
"2024-05-06",149.869995117188,150.050003051758,147.910003662109,148.580001831055,5042800,138.574935913086
"2024-05-07",149.380004882812,149.729995727539,148.449996948242,148.720001220703,7333500,138.705535888672
"2024-05-08",149.119995117188,149.729995727539,148.699996948242,148.949996948242,7735100,138.920013427734
"2024-05-09",148.979995727539,150.100006103516,148.889999389648,149.850006103516,6546200,139.75944519043
"2024-05-10",150,150.089996337891,149.190002441406,149.910003662109,5710600,139.815399169922
"2024-05-13",150.039993286133,152,149.710006713867,151.220001220703,5628500,141.037185668945
"2024-05-14",151.850006103516,152.210006713867,150.699996948242,151.380004882812,8254200,141.186401367188
"2024-05-15",151.820007324219,152.949996948242,151.300003051758,152.669998168945,5548000,142.389541625977
"2024-05-16",153,154.380004882812,152.330001831055,154.279998779297,7591000,143.89111328125
"2024-05-17",154.860000610352,154.860000610352,153.710006713867,154.639999389648,6521800,144.22688293457
"2024-05-20",153.100006103516,153.389999389648,151.259994506836,151.270004272461,7742300,142.224243164062
"2024-05-21",151.779998779297,152.589996337891,150.789993286133,151.240005493164,5492400,142.196044921875
"2024-05-22",150.839996337891,154.080001831055,150.320007324219,153.5,6609800,144.320892333984
"2024-05-23",152.75,152.839996337891,149.380004882812,149.699996948242,8000400,140.748123168945
"2024-05-24",149.529998779297,149.809997558594,146.759994506836,146.970001220703,9520600,138.181396484375
"2024-05-28",146.789993286133,146.789993286133,144.149993896484,144.380004882812,10499800,135.746276855469
"2024-05-29",143.820007324219,145.419998168945,143.710006713867,144.440002441406,8263800,135.802688598633
"2024-05-30",144.619995117188,145.610000610352,144.020004272461,145.279998779297,8490300,136.59245300293
"2024-05-31",145.570007324219,147.479995727539,145.190002441406,146.669998168945,14621200,137.899307250977
"2024-06-03",147.25,148.899993896484,146.770004272461,147.740005493164,7329200,138.905349731445
"2024-06-04",147.479995727539,148.309997558594,146.190002441406,147.800003051758,8876400,138.961761474609
"2024-06-05",147.970001220703,147.990005493164,145.850006103516,145.970001220703,5891300,137.241180419922
"2024-06-06",145.5,147,144.660003662109,146.419998168945,5016300,137.664276123047
"2024-06-07",146.679992675781,148.300003051758,146.339996337891,147.080001831055,5111600,138.284820556641
"2024-06-10",146.529998779297,147.559997558594,145.600006103516,147.130004882812,5749900,138.331817626953
"2024-06-11",146.809997558594,147.160003662109,145.440002441406,146.759994506836,5661200,137.983932495117
"2024-06-12",147.059997558594,147.210006713867,144.779998779297,145.410003662109,6180500,136.71467590332
"2024-06-13",145.070007324219,146,143.880004882812,145.449996948242,6840400,136.75227355957
"2024-06-14",145.139999389648,145.970001220703,144.479995727539,145.539993286133,4075300,136.836883544922
"2024-06-17",145.020004272461,146.429992675781,144.740005493164,145.949996948242,6666600,137.222381591797
"2024-06-18",145.960006713867,146.389999389648,145.259994506836,145.649993896484,6156600,136.940292358398
"2024-06-20",145.270004272461,148.080001831055,145.009994506836,147.779998779297,8749700,138.942932128906
"2024-06-21",147.889999389648,149.080001831055,147.369995117188,148.75,15172300,139.854965209961
"2024-06-24",149,149.720001220703,148.169998168945,149.119995117188,6914700,140.202819824219
"2024-06-25",149.179992675781,149.199996948242,146.940002441406,147.190002441406,5912500,138.388229370117
"2024-06-26",146.199996948242,147.190002441406,145.779998779297,146.820007324219,5267800,138.04035949707
"2024-06-27",146.800003051758,147.360000610352,144.839996337891,145.800003051758,5739200,137.081344604492
"2024-06-28",146.039993286133,147.070007324219,145.649993896484,146.160003662109,10495700,137.419830322266
"2024-07-01",146.070007324219,148.699996948242,145.619995117188,146.440002441406,5144400,137.683074951172
"2024-07-02",146.429992675781,147.149993896484,145.740005493164,146.029998779297,5492000,137.297592163086
"2024-07-03",146.199996948242,146.649993896484,144.740005493164,145.690002441406,3246200,136.977935791016
"2024-07-05",145.770004272461,146.550003051758,144.5,146.479995727539,4888500,137.720687866211
"2024-07-08",146.399993896484,147.220001220703,145.25,145.479995727539,5260200,136.780471801758
"2024-07-09",145.669998168945,147.130004882812,145.179992675781,147.050003051758,5890400,138.256622314453
"2024-07-10",147.259994506836,149.470001220703,146.679992675781,149.429992675781,6093200,140.494293212891
"2024-07-11",149.580001831055,150.580001831055,148.639999389648,149.699996948242,6350400,140.748123168945
"2024-07-12",150,150.880004882812,149.240005493164,149.880004882812,5336400,140.917388916016
"2024-07-15",150.080001831055,150.25,148.869995117188,149.240005493164,6711400,140.315643310547
"2024-07-16",149.690002441406,151.080001831055,149.160003662109,151.009994506836,6469600,141.97981262207
"2024-07-17",151.550003051758,157.490005493164,151.419998168945,156.580001831055,13801400,147.216705322266
"2024-07-18",155.600006103516,157.070007324219,154.619995117188,155.419998168945,10166200,146.126098632812
"2024-07-19",156.509994506836,156.509994506836,154.119995117188,154.690002441406,7398000,145.439758300781
"2024-07-22",154.770004272461,155.110000610352,153.589996337891,154.240005493164,6840600,145.016647338867
"2024-07-23",153.309997558594,153.5,151.570007324219,152.350006103516,6261900,143.239685058594
"2024-07-24",152.759994506836,156.410003662109,152.330001831055,156.279998779297,7168200,146.934677124023
"2024-07-25",156.479995727539,160.580001831055,156,159.639999389648,10019600,150.093734741211
"2024-07-26",159.75,161.580001831055,159.470001220703,160.639999389648,8356900,151.033935546875
"2024-07-29",159.970001220703,160,158.050003051758,158.559997558594,5625000,149.078308105469
"2024-07-30",158.539993286133,161.550003051758,158.360000610352,161.330001831055,6545700,151.682678222656
"2024-07-31",159.850006103516,160.350006103516,157.740005493164,157.850006103516,8293200,148.410751342773
"2024-08-01",158.479995727539,160.809997558594,157.710006713867,160.759994506836,7213400,151.146774291992
"2024-08-02",161.899993896484,164.850006103516,161,164.139999389648,11280400,154.324645996094
"2024-08-05",163.789993286133,165.779998779297,160.580001831055,161.25,12032200,151.607467651367
"2024-08-06",161.050003051758,161.479995727539,158.940002441406,158.970001220703,7607100,149.463821411133
"2024-08-07",158.869995117188,160.619995117188,158.190002441406,158.899993896484,5993000,149.397979736328
"2024-08-08",158.570007324219,160.699996948242,158.029998779297,160.220001220703,5094800,150.639038085938
"2024-08-09",160.119995117188,160.929992675781,159.339996337891,160.619995117188,4579200,151.015121459961
"2024-08-12",160.970001220703,161.699996948242,158.710006713867,159.880004882812,7605400,150.319412231445
"2024-08-13",160.270004272461,160.369995117188,156.440002441406,158.389999389648,9711400,148.918472290039
"2024-08-14",157.830001831055,159.550003051758,157.399993896484,158.479995727539,5141200,149.00309753418
"2024-08-15",158.369995117188,159.5,157.839996337891,159.089996337891,7237800,149.576614379883
"2024-08-16",159.139999389648,159.940002441406,158.179992675781,159.389999389648,5012800,149.858673095703
"2024-08-19",159.460006713867,160.289993286133,159.130004882812,159.630004882812,4408400,150.084350585938
"2024-08-20",160,160.929992675781,159.669998168945,160.160003662109,7275100,150.582656860352
"2024-08-21",160.399993896484,161.479995727539,160.309997558594,161.429992675781,5019400,151.776672363281
"2024-08-22",162,162.490005493164,160.789993286133,162.350006103516,6552100,152.641677856445
"2024-08-23",162.5,164.220001220703,161.699996948242,164.130004882812,7093400,154.315246582031
"2024-08-26",164.169998168945,165.710006713867,163.539993286133,164.610000610352,6870600,154.766540527344
"2024-08-27",163.5,164.039993286133,162.160003662109,162.949996948242,4388700,154.36865234375
"2024-08-28",163,165,162.710006713867,163.919998168945,5187000,155.287582397461
"2024-08-29",164.630004882812,164.720001220703,163.360000610352,164.229995727539,7390100,155.58122253418
"2024-08-30",164.119995117188,165.979995727539,163.809997558594,165.860000610352,7971000,157.125427246094
"2024-09-03",165.240005493164,167.809997558594,164.770004272461,167.160003662109,6956500,158.35693359375
"2024-09-04",167.809997558594,168.850006103516,166.039993286133,167.360000610352,6939100,158.546417236328
"2024-09-05",167.199996948242,167.369995117188,164.830001831055,164.990005493164,4600400,156.301254272461
"2024-09-06",165.179992675781,165.940002441406,164.119995117188,164.380004882812,6016900,155.723327636719
"2024-09-09",164.839996337891,167.410003662109,164.470001220703,166.610000610352,7538200,157.8359375
"2024-09-10",167.5,168.460006713867,166.75,167.380004882812,6559600,158.565368652344
"2024-09-11",166.789993286133,166.789993286133,164.089996337891,164.820007324219,5920200,156.140167236328
"2024-09-12",164.199996948242,165.100006103516,162.710006713867,164.639999389648,4540900,155.969650268555
"2024-09-13",164.740005493164,165.75,163.820007324219,165.520004272461,3693400,156.803314208984
"2024-09-16",166.360000610352,167.25,165.779998779297,166.990005493164,5187800,158.195907592773
"2024-09-17",166.240005493164,167.720001220703,165.929992675781,167.070007324219,5066500,158.271682739258
"2024-09-18",166.630004882812,168.350006103516,165.740005493164,166.149993896484,4722800,157.400100708008
"2024-09-19",166.229995727539,166.369995117188,164.419998168945,164.820007324219,4956100,156.140167236328
"2024-09-20",164.300003051758,164.869995117188,163.550003051758,164.160003662109,11839000,155.514923095703
"2024-09-23",164.399993896484,164.5,162.720001220703,163.220001220703,4671600,154.624420166016
"2024-09-24",162.789993286133,163.490005493164,161.550003051758,162.779998779297,6041600,154.207595825195
"2024-09-25",163,163.320007324219,160.360000610352,160.600006103516,5420000,152.142425537109
"2024-09-26",160.240005493164,161.539993286133,160.020004272461,161.389999389648,6122000,152.890823364258
"2024-09-27",162,163.429992675781,161.339996337891,161.399993896484,7553800,152.900283813477
"2024-09-30",161.570007324219,162.179992675781,160.679992675781,162.059997558594,6010000,153.525543212891
"2024-10-01",162.429992675781,162.75,161.179992675781,161.990005493164,4408000,153.459213256836
"2024-10-02",161.509994506836,162.119995117188,160.649993896484,161.169998168945,4684400,152.682388305664
"2024-10-03",160.779998779297,161.440002441406,160.220001220703,160.5,4791200,152.04768371582
"2024-10-04",159.630004882812,160.5,158.779998779297,160.289993286133,5331100,151.848724365234
"2024-10-07",160.25,160.860000610352,159.220001220703,159.529998779297,4266000,151.128753662109
"2024-10-08",159.490005493164,160.25,158.949996948242,159.690002441406,4766300,151.280349731445
"2024-10-09",159.919998168945,161.220001220703,159.509994506836,160.649993896484,6047200,152.189788818359
"2024-10-10",161.360000610352,161.389999389648,160,160.509994506836,4793900,152.057144165039
"2024-10-11",162.179992675781,162.660003662109,161.199996948242,161.460006713867,5253500,152.957122802734
"2024-10-14",161.399993896484,162.139999389648,160.899993896484,161.600006103516,5964000,153.089752197266
"2024-10-15",160,166.75,159,164.100006103516,10548000,155.458084106445
"2024-10-16",164,164.990005493164,162.639999389648,164.279998779297,5982100,155.628631591797
"2024-10-17",164.259994506836,165,163.630004882812,164.470001220703,4798000,155.808624267578
"2024-10-18",164.889999389648,165.289993286133,163.929992675781,165.119995117188,5908000,156.424362182617
"2024-10-21",165.100006103516,165.25,162.309997558594,162.830001831055,6082700,154.254974365234
"2024-10-22",162.320007324219,163.729995727539,161.899993896484,163.449996948242,5680300,154.842346191406
"2024-10-23",162.820007324219,166,162.419998168945,165.860000610352,7441600,157.125427246094
"2024-10-24",165,165.509994506836,163.339996337891,163.669998168945,5386300,155.050735473633
"2024-10-25",163.679992675781,163.919998168945,160.610000610352,160.880004882812,6400400,152.407684326172
"2024-10-28",161.130004882812,161.970001220703,161,161.600006103516,4842500,153.089752197266
"2024-10-29",161.460006713867,162.169998168945,160.059997558594,160.089996337891,5216900,151.659271240234
"2024-10-30",159.449996948242,161.279998779297,159.029998779297,160.610000610352,5820500,152.151901245117
"2024-10-31",159.990005493164,160.869995117188,159.460006713867,159.860000610352,8613900,151.441375732422
"2024-11-01",160.580001831055,161.059997558594,159.880004882812,160.130004882812,5256400,151.697174072266
"2024-11-04",159.699996948242,160.279998779297,158.070007324219,158.240005493164,4644000,149.906692504883
"2024-11-05",157.669998168945,158.589996337891,156.350006103516,158.350006103516,6547100,150.010925292969
"2024-11-06",159.899993896484,160.850006103516,157.350006103516,157.880004882812,8926600,149.565658569336
"2024-11-07",158.470001220703,158.75,156.509994506836,156.729995727539,7522800,148.476211547852
"2024-11-08",157,157.080001831055,155.410003662109,155.470001220703,8926100,147.282577514648
"2024-11-11",155.619995117188,157.580001831055,154.910003662109,155.039993286133,7146800,146.875213623047
"2024-11-12",154.529998779297,155.039993286133,152.369995117188,152.639999389648,7181400,144.601608276367
"2024-11-13",152.5,153.509994506836,151.419998168945,153.240005493164,7161900,145.170028686523
"2024-11-14",153.179992675781,153.589996337891,150.759994506836,151.869995117188,7716400,143.872161865234
"2024-11-15",150.899993896484,154.429992675781,150.899993896484,154,11328500,145.889984130859
"2024-11-18",152.589996337891,155.330001831055,152.330001831055,154.770004272461,7510600,146.61946105957
"2024-11-19",153.949996948242,153.990005493164,152.050003051758,153,8233700,144.942657470703
"2024-11-20",153.029998779297,153.25,151.809997558594,153.110000610352,9061300,145.046875
"2024-11-21",153.619995117188,156.059997558594,152.809997558594,155.5,10141100,147.311004638672
"2024-11-22",155.899993896484,157.119995117188,154.110000610352,155.169998168945,8266000,146.998352050781
"2024-11-25",155.169998168945,157.039993286133,155.139999389648,155.779998779297,12256200,147.576263427734
"2024-11-26",155.160003662109,155.25,153.160003662109,154.520004272461,5683500,147.557159423828
"2024-11-27",154.630004882812,156.630004882812,154.600006103516,155.399993896484,4140400,148.397491455078
"2024-11-29",154.889999389648,155.669998168945,154.169998168945,155.009994506836,5687800,148.025054931641
"2024-12-02",154.75,155,153.929992675781,154.800003051758,6946500,147.824523925781
"2024-12-03",154.800003051758,154.800003051758,152.309997558594,152.360000610352,8674400,145.494491577148
"2024-12-04",151.289993286133,151.559997558594,149.75,150.470001220703,10333100,143.689666748047
"2024-12-05",150,150.380004882812,148.949996948242,149.520004272461,7898100,142.782470703125
"2024-12-06",149.389999389648,150.050003051758,148.380004882812,149.309997558594,8389600,142.581924438477
"2024-12-09",149.289993286133,150.889999389648,148.440002441406,149.600006103516,8410300,142.858856201172
"2024-12-10",149.929992675781,150.830001831055,148.330001831055,149.229995727539,9398700,142.50553894043
"2024-12-11",148.5,148.5,146.369995117188,146.639999389648,13446700,140.032211303711
"2024-12-12",147.199996948242,147.770004272461,146.009994506836,146.240005493164,6176300,139.650268554688
"2024-12-13",145.660003662109,146.929992675781,145.039993286133,146.619995117188,8324900,140.013122558594
"2024-12-16",146.729995727539,147.25,143.520004272461,143.850006103516,8732400,137.367965698242
"2024-12-17",143.839996337891,146.660003662109,143.710006713867,146.410003662109,10343000,139.812591552734
"2024-12-18",145.679992675781,146.740005493164,144.669998168945,144.75,9336100,138.227416992188
"2024-12-19",144.139999389648,145.220001220703,143.369995117188,143.580001831055,9516700,137.110137939453
"2024-12-20",143.050003051758,145.470001220703,142.75,144.470001220703,17702800,137.960006713867
"2024-12-23",144.630004882812,145.330001831055,143.449996948242,145.270004272461,8720800,138.723968505859
"2024-12-24",145,145.850006103516,144.330001831055,145.850006103516,3164100,139.27783203125
"2024-12-26",145.509994506836,146.369995117188,145.089996337891,145.580001831055,4656300,139.019989013672
"2024-12-27",144.869995117188,146.600006103516,144.679992675781,145.050003051758,5588300,138.513870239258
"2024-12-30",144.839996337891,144.880004882812,142.949996948242,143.339996337891,6268700,136.880920410156
"2024-12-31",143.759994506836,144.669998168945,143.309997558594,144.619995117188,5811400,138.103240966797
"2025-01-02",145.229995727539,145.770004272461,143.779998779297,144.020004272461,6051300,137.530303955078
"2025-01-03",144.070007324219,144.570007324219,143.619995117188,144.190002441406,5878800,137.692626953125
"2025-01-06",143.509994506836,144.820007324219,142.929992675781,143.660003662109,7910500,137.1865234375
"2025-01-07",143.759994506836,147.179992675781,143.589996337891,146.229995727539,8422000,139.640701293945
"2025-01-08",145.490005493164,145.589996337891,141.440002441406,142.270004272461,11175600,135.859161376953
"2025-01-10",141,143.669998168945,140.679992675781,142.059997558594,8821500,135.658615112305
"2025-01-13",142.979995727539,145.070007324219,142.309997558594,144.470001220703,10376400,137.960006713867
"2025-01-14",144.5,144.809997558594,142.860000610352,144.75,8681700,138.227416992188
"2025-01-15",145.309997558594,146.050003051758,144.259994506836,144.970001220703,7434600,138.437484741211
"2025-01-16",144.320007324219,148.070007324219,144.059997558594,147.770004272461,8964000,141.111312866211
"2025-01-17",147.440002441406,148.380004882812,146.610000610352,147.029998779297,10773100,140.404647827148
"2025-01-21",147.559997558594,148.860000610352,147.050003051758,148.149993896484,11111700,141.474197387695
"2025-01-22",144,145.470001220703,142.110000610352,145.270004272461,16834700,138.723968505859
"2025-01-23",145.440002441406,147.910003662109,144.809997558594,146.639999389648,10506400,140.032211303711
"2025-01-24",146.809997558594,147.630004882812,146.380004882812,146.820007324219,9887300,140.204116821289
"2025-01-27",148.449996948242,153.449996948242,148,152.889999389648,15152300,146.000579833984
"2025-01-28",152.660003662109,152.970001220703,150.300003051758,150.380004882812,10320600,143.603713989258
"2025-01-29",150.5,151.880004882812,150,151.149993896484,7156400,144.338973999023
"2025-01-30",151.910003662109,154.139999389648,151.360000610352,152.869995117188,8911000,145.981506347656
"2025-01-31",152.619995117188,153.179992675781,152.059997558594,152.149993896484,8457800,145.293914794922
"2025-02-03",152,152.470001220703,150.779998779297,151.869995117188,6687500,145.02653503418
"2025-02-04",151.360000610352,154.179992675781,150.949996948242,153.490005493164,9645000,146.57356262207
"2025-02-05",153.820007324219,154.729995727539,153.309997558594,154.690002441406,8947000,147.719497680664
"2025-02-06",154.789993286133,154.839996337891,153.380004882812,153.509994506836,7418100,146.592666625977
"2025-02-07",153.529998779297,154.490005493164,152.800003051758,153.119995117188,6204900,146.220230102539
"2025-02-10",153.610000610352,154.369995117188,152.289993286133,154.240005493164,6936200,147.289764404297
"2025-02-11",154.110000610352,156.389999389648,153.940002441406,156.130004882812,7554500,149.094604492188
"2025-02-12",155.270004272461,155.660003662109,154.270004272461,155.259994506836,7746000,148.263809204102
"2025-02-13",155.259994506836,158.130004882812,154.789993286133,157.25,10704700,150.164123535156
"2025-02-14",157.289993286133,157.470001220703,156.059997558594,156.149993896484,6411800,149.113677978516
"2025-02-18",154.139999389648,155.449996948242,153.240005493164,154.990005493164,9670700,149.190704345703
"2025-02-19",155,158.300003051758,154.75,157.889999389648,7974700,151.982177734375
"2025-02-20",156.949996948242,159.949996948242,156.949996948242,159.679992675781,7224000,153.705230712891
"2025-02-21",159.880004882812,163.509994506836,159.279998779297,162.300003051758,12546900,156.227172851562
"2025-02-24",162.679992675781,164.869995117188,162.050003051758,163.740005493164,10201900,157.613296508789
"2025-02-25",164.100006103516,166.429992675781,163.940002441406,166.089996337891,12303700,159.875350952148
"2025-02-26",165.080001831055,165.130004882812,162.559997558594,163.080001831055,11396400,156.977981567383
"2025-02-27",162.309997558594,163.949996948242,161.729995727539,163.729995727539,8364600,157.60368347168
"2025-02-28",164.309997558594,165.940002441406,162.699996948242,165.020004272461,12037200,158.845397949219
"2025-03-03",164.960006713867,167.330001831055,164.839996337891,167.279998779297,9191500,161.020843505859
"2025-03-04",168.080001831055,169.990005493164,165.320007324219,165.419998168945,11999700,159.230438232422
"2025-03-05",164.509994506836,166.460006713867,163.529998779297,165.119995117188,8744800,158.941665649414
"2025-03-06",165,165.869995117188,163.509994506836,165.830001831055,8037900,159.625106811523
"2025-03-07",165.130004882812,168.460006713867,164.699996948242,166.690002441406,9637600,160.452926635742
"2025-03-10",167.479995727539,169.899993896484,167.050003051758,167.699996948242,17559000,161.42512512207
"2025-03-11",167.199996948242,167.300003051758,165.050003051758,165.860000610352,9890300,159.65397644043
"2025-03-12",163.729995727539,164.210006713867,162.229995727539,162.850006103516,8010700,156.756622314453
"2025-03-13",163.429992675781,164.539993286133,162.660003662109,162.990005493164,5286700,156.891372680664
"2025-03-14",162.119995117188,163.149993896484,161.100006103516,162.809997558594,6235800,156.71809387207
"2025-03-17",162.410003662109,163.5,161.729995727539,162.839996337891,6669800,156.746963500977
"2025-03-18",163.440002441406,164.860000610352,162.970001220703,164.25,7348800,158.104232788086
"2025-03-19",163.970001220703,164.360000610352,162.210006713867,162.990005493164,5936400,156.891372680664
"2025-03-20",163,163.199996948242,161.929992675781,163.020004272461,7485900,156.920257568359
"2025-03-21",163,164.130004882812,162.479995727539,163.630004882812,17047100,157.507415771484
"2025-03-24",162.839996337891,164.389999389648,162.5,163.289993286133,8046400,157.180130004883
"2025-03-25",163.520004272461,164.190002441406,160.559997558594,161.020004272461,7456200,154.995071411133
"2025-03-26",161.210006713867,162.490005493164,160.639999389648,161.720001220703,7223500,155.668884277344
"2025-03-27",162.350006103516,164.070007324219,161.320007324219,163.130004882812,6752500,157.026123046875
"2025-03-28",163.589996337891,164.520004272461,162.910003662109,163.710006713867,5760300,157.584426879883
"2025-03-31",164.369995117188,166.630004882812,164.229995727539,165.839996337891,12481400,159.634719848633
"2025-04-01",160.729995727539,161.809997558594,153.130004882812,153.25,23303100,147.515808105469
"2025-04-02",154.009994506836,155.789993286133,153.449996948242,155.360000610352,10356900,149.546844482422
"2025-04-03",158.75,160.649993896484,157.479995727539,159.820007324219,13249300,153.839981079102
"2025-04-04",159.160003662109,159.820007324219,152.929992675781,153.240005493164,16601700,147.50617980957
"2025-04-07",151.279998779297,152.710006713867,147.399993896484,150.619995117188,18083000,144.984222412109
"2025-04-08",153.589996337891,153.589996337891,148,150,12018400,144.387405395508
"2025-04-09",142.199996948242,153.190002441406,141.5,150.970001220703,18773700,145.321136474609
"2025-04-10",150.369995117188,151.199996948242,145.130004882812,148.690002441406,13830500,143.126449584961
"2025-04-11",149.330001831055,152.350006103516,148.190002441406,151.729995727539,9943900,146.052673339844
"2025-04-14",151.589996337891,154.669998168945,151.169998168945,154.360000610352,10685300,148.584274291992
"2025-04-15",155.699996948242,156.300003051758,152.100006103516,153.619995117188,10847700,147.871963500977
"2025-04-16",155.369995117188,155.630004882812,152.240005493164,153.910003662109,7986900,148.151123046875
"2025-04-17",154.160003662109,159.440002441406,154.160003662109,157.470001220703,10981100,151.577896118164
"2025-04-21",157.960006713867,158.229995727539,155.490005493164,156.919998168945,6285400,151.048492431641
"2025-04-22",157.550003051758,158.720001220703,156.259994506836,157.75,7136300,151.847427368164
"2025-04-23",156.490005493164,157.100006103516,154.330001831055,155.380004882812,9099400,149.566116333008
"2025-04-24",155.800003051758,155.899993896484,153.440002441406,154.929992675781,8310400,149.132949829102
"2025-04-25",154.320007324219,154.899993896484,152.449996948242,154.580001831055,8643600,148.796051025391
"2025-04-28",155.5,155.809997558594,153.820007324219,155.350006103516,5815200,149.537231445312
"2025-04-29",155.449996948242,157.020004272461,154.289993286133,155.910003662109,5246700,150.076278686523
"2025-04-30",158.199996948242,158.199996948242,155.020004272461,156.309997558594,9598200,150.461318969727
"2025-05-01",155,155.089996337891,153.360000610352,154.460006713867,7325800,148.680541992188
"2025-05-02",156.070007324219,156.720001220703,155.039993286133,156.119995117188,5974500,150.278411865234
"2025-05-05",156.669998168945,156.789993286133,154.729995727539,155,5464100,149.200332641602
"2025-05-06",154.820007324219,155.899993896484,153.690002441406,154.470001220703,8644200,148.690155029297
"2025-05-07",154.740005493164,157.940002441406,154.5,157.300003051758,7853100,151.414245605469
"2025-05-08",155.820007324219,157.029998779297,154.779998779297,155.660003662109,7606100,149.835632324219
"2025-05-09",155.419998168945,156.059997558594,153.809997558594,154.220001220703,6520400,148.449523925781
"2025-05-12",152.020004272461,155.360000610352,151.179992675781,154.139999389648,9023800,148.372497558594
"2025-05-13",151.699996948242,151.699996948242,148.080001831055,148.440002441406,10549600,142.885803222656
"2025-05-14",148.669998168945,148.820007324219,146.119995117188,146.360000610352,10216000,140.88362121582
"2025-05-15",148,149.649993896484,147.330001831055,149.610000610352,7945800,144.012023925781
"2025-05-16",149.669998168945,151.5,149.220001220703,151.330001831055,8051200,145.66764831543
"2025-05-19",151.889999389648,152.660003662109,151.050003051758,152.490005493164,12639900,146.784255981445
"2025-05-20",152.330001831055,154.039993286133,152.119995117188,153.660003662109,7351500,147.91047668457
"2025-05-21",153.190002441406,154.429992675781,153,153.179992675781,7032200,147.448394775391
"2025-05-22",152.649993896484,153.320007324219,151.369995117188,152.610000610352,7535300,146.899749755859
"2025-05-23",153,153.479995727539,152.210006713867,152.940002441406,6727300,147.217407226562
"2025-05-27",152.520004272461,154.039993286133,151.929992675781,153.25,6990700,148.78044128418
"2025-05-28",153.279998779297,153.639999389648,151.929992675781,152.429992675781,8459300,147.984344482422
"2025-05-29",151.75,154.039993286133,151.559997558594,153.580001831055,6810600,149.100830078125
"2025-05-30",153.899993896484,155.710006713867,153.220001220703,155.210006713867,15529700,150.683288574219
"2025-06-02",154.479995727539,155.539993286133,152.300003051758,155.399993896484,6669300,150.867736816406
"2025-06-03",154.800003051758,155.660003662109,154.080001831055,154.419998168945,8209800,149.916320800781
"2025-06-04",154.929992675781,154.929992675781,153.130004882812,153.220001220703,6983900,148.751312255859
"2025-06-05",153.679992675781,154.089996337891,152.639999389648,153.660003662109,5295400,149.178497314453
"2025-06-06",154,156.029998779297,154,155.029998779297,5391500,150.508529663086
"2025-06-09",154.850006103516,155.990005493164,154.449996948242,155.229995727539,5319000,150.702697753906
"2025-06-10",155.429992675781,157.440002441406,155.020004272461,156.449996948242,6791600,151.887115478516
"2025-06-11",156.300003051758,156.600006103516,154.729995727539,155.259994506836,6016000,150.731826782227
"2025-06-12",156.240005493164,156.679992675781,155.169998168945,156.660003662109,7075500,152.09098815918
"2025-06-13",155.970001220703,157.669998168945,155.970001220703,157.100006103516,6587500,152.518157958984
"2025-06-16",156.419998168945,156.5,154.449996948242,155.220001220703,7024000,150.692993164062
"2025-06-17",154.970001220703,155.279998779297,152.100006103516,152.380004882812,6407100,147.935821533203
"2025-06-18",152.570007324219,152.649993896484,150.710006713867,150.729995727539,8325200,146.333938598633
"2025-06-20",151.259994506836,151.399993896484,149.039993286133,149.789993286133,22605500,145.421371459961
"2025-06-23",149.740005493164,151.429992675781,149.740005493164,151.320007324219,7397900,146.90673828125
"2025-06-24",151.5,152.720001220703,150.979995727539,152.190002441406,9544200,147.751358032227
"2025-06-25",151.380004882812,153.070007324219,150.729995727539,152.279998779297,7153700,147.838745117188
"2025-06-26",152.699996948242,153.220001220703,151.529998779297,152.009994506836,7156900,147.576599121094
"2025-06-27",152.009994506836,153.330001831055,151.009994506836,152.410003662109,10010800,147.964950561523
"2025-06-30",152.160003662109,152.970001220703,151.520004272461,152.75,9039300,148.295043945312
"2025-07-01",153,157.75,152.809997558594,155.919998168945,10896700,151.372573852539
"2025-07-02",156,156.300003051758,155.070007324219,155.559997558594,5544000,151.023056030273
"2025-07-03",155.429992675781,156.279998779297,154.880004882812,156.009994506836,3482500,151.459945678711
"2025-07-07",156.020004272461,156.350006103516,154.889999389648,155.270004272461,6270900,150.74153137207
"2025-07-08",154.479995727539,156.759994506836,154.210006713867,155.789993286133,6438200,151.246353149414
"2025-07-09",155.789993286133,156.690002441406,155.070007324219,156.279998779297,6147400,151.722091674805
"2025-07-10",156.100006103516,159.240005493164,155.820007324219,157.690002441406,6732900,153.090957641602
"2025-07-11",157.089996337891,157.179992675781,155.179992675781,156.899993896484,7872000,152.323974609375
"2025-07-14",156.869995117188,157.470001220703,155.520004272461,156.820007324219,10185600,152.246322631836
"2025-07-15",156.360000610352,157.190002441406,154.800003051758,155.169998168945,6873200,150.644454956055
"2025-07-16",160.300003051758,166.119995117188,159.800003051758,164.779998779297,22134800,159.974166870117
"2025-07-17",163.179992675781,164.699996948242,162.300003051758,162.979995727539,11295700,158.226669311523
"2025-07-18",163.929992675781,165.100006103516,163.360000610352,163.699996948242,9792600,158.925674438477
"2025-07-21",163.770004272461,164.919998168945,162.779998779297,164.360000610352,8254000,159.566421508789
"2025-07-22",165,168.059997558594,164.710006713867,167.929992675781,9288000,163.032302856445
"2025-07-23",168.600006103516,169.119995117188,166.589996337891,169.100006103516,10617600,164.168182373047
"2025-07-24",169.5,169.990005493164,168.880004882812,169.559997558594,6636900,164.614761352539
"2025-07-25",169.75,169.880004882812,167.440002441406,168.300003051758,6254900,163.391525268555
"2025-07-28",167.860000610352,167.940002441406,165.050003051758,166.220001220703,8014600,161.372177124023
"2025-07-29",166.669998168945,168.779998779297,166.369995117188,168.110000610352,7663400,163.207046508789
"2025-07-30",167.699996948242,168.610000610352,166.779998779297,167.259994506836,6189200,162.3818359375
"2025-07-31",165.929992675781,167.070007324219,164.229995727539,164.740005493164,11036200,159.935333251953
"2025-08-01",165.479995727539,167.619995117188,164.789993286133,167.330001831055,8927800,162.449813842773
"2025-08-04",167.029998779297,171.190002441406,166.639999389648,171.039993286133,12679100,166.05158996582
"2025-08-05",170.539993286133,171.559997558594,169.649993896484,170.740005493164,7934400,165.760360717773
"2025-08-06",169.910003662109,172.179992675781,169.679992675781,170.589996337891,8957200,165.614715576172
"2025-08-07",171.169998168945,171.619995117188,169.919998168945,171.529998779297,9315900,166.527313232422
"2025-08-08",171.020004272461,173.960006713867,170.389999389648,173.330001831055,7686800,168.274795532227
"2025-08-11",173.399993896484,174.600006103516,173.050003051758,173.820007324219,7256800,168.750534057617
"2025-08-12",174,174.759994506836,171.809997558594,172.779998779297,7916700,167.740844726562
"2025-08-13",173,174.539993286133,172.699996948242,174.419998168945,5878700,169.333023071289
"2025-08-14",174.309997558594,175.720001220703,172.720001220703,174.720001220703,8241700,169.624267578125
"2025-08-15",175.570007324219,177.270004272461,174.960006713867,176.639999389648,9477600,171.48828125
"2025-08-18",176.5,177.570007324219,176.100006103516,176.25,9284000,171.109649658203
"2025-08-19",176.039993286133,178.179992675781,175.979995727539,177.800003051758,9274200,172.614440917969
"2025-08-20",178.5,180.610000610352,178,178.839996337891,9030000,173.624114990234
"2025-08-21",178.550003051758,180.080001831055,178.160003662109,178.929992675781,8859600,173.711486816406
"2025-08-22",180.039993286133,181.160003662109,177.470001220703,179.289993286133,9524000,174.060989379883
"2025-08-25",179.520004272461,180.259994506836,178.289993286133,178.410003662109,6229100,173.206665039062
"2025-08-26",176.75,177.160003662109,175.770004272461,176.490005493164,9145000,172.600326538086
"2025-08-27",176.970001220703,177.690002441406,176.160003662109,176.789993286133,5951100,172.893692016602
"2025-08-28",176.369995117188,176.490005493164,174.630004882812,175.449996948242,6424700,171.583236694336
"2025-08-29",175.970001220703,177.410003662109,175.449996948242,177.169998168945,6942300,173.265319824219
"2025-09-02",177.470001220703,179.199996948242,176.889999389648,178.059997558594,9049000,174.135711669922
"2025-09-03",177.669998168945,178.289993286133,176.529998779297,178,7111700,174.077041625977
"2025-09-04",178,178.899993896484,177.550003051758,178.759994506836,7854800,174.820297241211
"2025-09-05",178,179.509994506836,176.559997558594,178.429992675781,9733800,174.49755859375
"2025-09-08",177.360000610352,179.449996948242,176.699996948242,178.130004882812,8382500,174.204177856445
"2025-09-09",178,178.089996337891,176.449996948242,176.960006713867,6005700,173.059982299805
"2025-09-10",176.300003051758,176.610000610352,174.330001831055,175.789993286133,6891600,171.915756225586
"2025-09-11",175.75,178.850006103516,175.630004882812,178.5,5792500,174.566024780273
"2025-09-12",177.710006713867,178.800003051758,176.720001220703,178.059997558594,7220200,174.135711669922
"2025-09-15",177.759994506836,178.990005493164,176.929992675781,177.399993896484,4768100,173.490264892578
"2025-09-16",177.570007324219,177.619995117188,175.649993896484,176.460006713867,7959300,172.570983886719
"2025-09-17",176.710006713867,178.509994506836,176.589996337891,177.199996948242,6714900,173.294677734375
"2025-09-18",176.600006103516,177.020004272461,173.869995117188,174.160003662109,8200900,170.321685791016
"2025-09-19",174.690002441406,177.160003662109,173.330001831055,176.190002441406,25621000,172.306930541992
"2025-09-22",176.089996337891,176.639999389648,174.119995117188,174.210006713867,7193900,170.370574951172
"2025-09-23",174.889999389648,176.970001220703,174.830001831055,176.580001831055,8350400,172.688339233398
"2025-09-24",176.139999389648,176.949996948242,175.740005493164,176.690002441406,6676800,172.795928955078
"2025-09-25",177.199996948242,178.399993896484,175.910003662109,177.729995727539,8475000,173.812973022461
"2025-09-26",178.600006103516,179.910003662109,177.320007324219,179.710006713867,8634400,175.74934387207
"2025-09-29",179.830001831055,181.869995117188,179.800003051758,181.619995117188,8597100,177.617263793945
"2025-09-30",181.699996948242,185.990005493164,181.070007324219,185.419998168945,11569000,181.333526611328
"2025-10-01",186,186.559997558594,183.910003662109,186.050003051758,13063800,181.949630737305
"2025-10-02",184.190002441406,186.589996337891,184.089996337891,185.979995727539,7728100,181.88117980957
"2025-10-03",187.059997558594,189.779998779297,186.910003662109,188.639999389648,8675100,184.482559204102
"2025-10-06",188,189.919998168945,187.369995117188,188.160003662109,5806100,184.013122558594
"2025-10-07",183.770004272461,189.229995727539,182.940002441406,188.889999389648,8776800,184.727035522461
"2025-10-08",188.869995117188,190.220001220703,188.270004272461,189.690002441406,5751200,185.509399414062
"2025-10-09",190,192.100006103516,189.729995727539,191.080001831055,7484800,186.868774414062
"2025-10-10",192.009994506836,192.070007324219,189.850006103516,190.720001220703,9598000,186.516708374023
"2025-10-13",189.830001831055,191.300003051758,189.279998779297,190.899993896484,7979500,186.692733764648
"2025-10-14",192.919998168945,194.399993896484,185.880004882812,190.850006103516,13613300,186.643844604492
"2025-10-15",191.479995727539,193.570007324219,189.300003051758,191.169998168945,9473000,186.956802368164
"2025-10-16",191.339996337891,193.050003051758,190.429992675781,192.119995117188,10611800,187.885848999023
"2025-10-17",192.5,193.600006103516,191.679992675781,193.220001220703,7764400,188.961624145508
"2025-10-20",193.5,194.479995727539,192.330001831055,193.720001220703,8034700,189.450576782227
"2025-10-21",193.009994506836,193.550003051758,191.770004272461,191.880004882812,6716000,187.651153564453
"2025-10-22",192,193.449996948242,191.779998779297,192.940002441406,6343100,188.687789916992
"2025-10-23",192.559997558594,194,191.539993286133,192.470001220703,8882500,188.228134155273
"2025-10-24",192.199996948242,192.309997558594,189.419998168945,190.399993896484,6903400,186.203735351562
"2025-10-27",189.990005493164,190.800003051758,189.529998779297,190.300003051758,7126000,186.10595703125
"2025-10-28",189.259994506836,189.509994506836,186.619995117188,186.929992675781,8329500,182.81022644043
"2025-10-29",186.699996948242,187.100006103516,184.660003662109,186.600006103516,10551100,182.487503051758
"2025-10-30",187.080001831055,189.380004882812,186.910003662109,189.050003051758,7072500,184.883499145508
"2025-10-31",187.460006713867,189.5,186.759994506836,188.869995117188,8791700,184.707473754883
"2025-11-03",189,189.029998779297,185.520004272461,186.259994506836,7542600,182.154998779297
"2025-11-04",186.830001831055,187.820007324219,185.619995117188,186.860000610352,7209400,182.741775512695
"2025-11-05",186.639999389648,187.830001831055,185.399993896484,186,5049400,181.900726318359
"2025-11-06",186.759994506836,187.520004272461,185.369995117188,186.970001220703,6767400,182.849365234375
"2025-11-07",187.740005493164,188.350006103516,185.699996948242,186.570007324219,6959200,182.458190917969
"2025-11-10",186,188.419998168945,185.119995117188,188.410003662109,5323800,184.257614135742
"2025-11-11",189.389999389648,193.919998168945,189.050003051758,193.830001831055,7465600,189.558166503906
"2025-11-12",193.360000610352,195.550003051758,193.070007324219,194.389999389648,8803000,190.105819702148
"2025-11-13",194.210006713867,196,193.449996948242,195.25,8631600,190.946868896484
"2025-11-14",195,197.179992675781,193.550003051758,195.929992675781,8824800,191.611877441406
"2025-11-17",196.960006713867,200.279998779297,195.899993896484,199.580001831055,13257000,195.181442260742
"2025-11-18",199.009994506836,200.300003051758,198.529998779297,200,12468600,195.592193603516
"2025-11-19",200,203.479995727539,199.380004882812,202.509994506836,14690800,198.046859741211
"2025-11-20",202,204.509994506836,201.570007324219,203.070007324219,10612600,198.594512939453
"2025-11-21",203.960006713867,206.940002441406,202.990005493164,203.899993896484,13189100,199.406219482422
"2025-11-24",203.710006713867,206.119995117188,203,206.050003051758,14803900,201.508850097656
"2025-11-25",205.179992675781,207.720001220703,205.179992675781,206.669998168945,10275300,203.398452758789
"2025-11-26",206.490005493164,207.809997558594,205.940002441406,207.559997558594,6729000,204.274368286133
"2025-11-28",207,207.460006713867,204.630004882812,206.919998168945,5638300,203.644500732422
"2025-12-01",206.5,207.699996948242,205.339996337891,205.339996337891,8473700,202.089508056641
"2025-12-02",205.240005493164,205.610000610352,203.100006103516,205.419998168945,8393600,202.168243408203
"2025-12-03",205.899993896484,207.020004272461,204.990005493164,205.330001831055,8363300,202.079666137695
"2025-12-04",204.589996337891,204.860000610352,201.710006713867,202.479995727539,9049900,199.274780273438
"2025-12-05",202.979995727539,203.449996948242,200.809997558594,201.929992675781,7785300,198.733489990234
"2025-12-08",202.660003662109,203.259994506836,200.990005493164,201.619995117188,7785700,198.42839050293
"2025-12-09",202.919998168945,205.539993286133,199.910003662109,199.960006713867,7509400,196.794677734375
"2025-12-10",200.589996337891,206.800003051758,200.179992675781,206.539993286133,11599800,203.2705078125
"2025-12-11",207.899993896484,211.240005493164,207.830001831055,210.009994506836,9009000,206.685577392578
"2025-12-12",210.279998779297,212.270004272461,208.960006713867,211.580001831055,6922700,208.230728149414
"2025-12-15",210.350006103516,215.190002441406,209.009994506836,214.169998168945,8467000,210.779739379883
"2025-12-16",214,214.729995727539,208.809997558594,209.300003051758,9949800,205.986831665039
"2025-12-17",209.389999389648,211.520004272461,208.460006713867,210.330001831055,8457600,207.000518798828
"2025-12-18",209.800003051758,211.059997558594,207.759994506836,208.309997558594,7499900,205.012496948242
"2025-12-19",207.559997558594,209.240005493164,206.029998779297,206.369995117188,24803900,203.10319519043
"2025-12-22",206.130004882812,208.080001831055,205.5,207.320007324219,8187800,204.038177490234
"2025-12-23",205.020004272461,206.529998779297,203.279998779297,205.779998779297,7047300,202.522552490234
"2025-12-24",206,207.940002441406,205.570007324219,207.779998779297,2376500,204.49089050293
"2025-12-26",207.529998779297,208.039993286133,206.710006713867,207.630004882812,2316700,204.343246459961
"2025-12-29",208,209.470001220703,207.380004882812,207.559997558594,4348900,204.274368286133
"2025-12-30",207.509994506836,207.690002441406,206.520004272461,206.910003662109,3937400,203.634643554688
"2025-12-31",206.910003662109,207.5,206.369995117188,206.949996948242,4083800,203.674026489258
"2026-01-02",206.820007324219,207.389999389648,203.679992675781,207.350006103516,6325500,204.067687988281
"2026-01-05",205.869995117188,205.940002441406,200.910003662109,204.309997558594,9477000,201.075805664062
"2026-01-06",204.600006103516,206.710006713867,204.119995117188,204.789993286133,8107900,201.548217773438
"2026-01-07",205.259994506836,208.259994506836,205.029998779297,207.490005493164,7545900,204.205490112305
"2026-01-08",206.929992675781,208.979995727539,204.970001220703,205.75,6557800,202.493011474609
"2026-01-09",205.910003662109,206.699996948242,204.009994506836,204.389999389648,6154300,201.154556274414
"2026-01-12",205.550003051758,209.899993896484,203.850006103516,209.720001220703,11794300,206.400177001953
"2026-01-13",209.910003662109,214.389999389648,208.860000610352,213.649993896484,11379600,210.267944335938
"2026-01-14",214.729995727539,218.860000610352,214.149993896484,218.550003051758,11858800,215.090408325195
"2026-01-15",218.229995727539,219.75,215.910003662109,219.570007324219,8492100,216.094253540039
"2026-01-16",219.039993286133,220.110000610352,218.139999389648,218.660003662109,10021500,215.198669433594
"2026-01-20",217.089996337891,218.729995727539,214.5,218.210006713867,14057100,214.755798339844
"2026-01-21",211,218.679992675781,210.5,218.009994506836,14762900,214.558944702148
"2026-01-22",218.770004272461,222.169998168945,218.100006103516,218.490005493164,13160000,215.031356811523
"2026-01-23",219.800003051758,221.210006713867,217.839996337891,220.139999389648,6950600,216.655227661133
"2026-01-26",220.210006713867,222.029998779297,220,221.490005493164,6856700,217.983856201172
"2026-01-27",222,225.5,220.699996948242,224.440002441406,8154100,220.887161254883
"2026-01-28",226.399993896484,228.570007324219,226.080001831055,227.720001220703,9026500,224.115249633789
"2026-01-29",228.809997558594,230,227.080001831055,227.289993286133,9645300,223.692031860352
"2026-01-30",228.259994506836,228.5,225.330001831055,227.25,11045500,223.652679443359
"2026-02-02",228.320007324219,231.190002441406,227.25,230.75,8187500,227.097274780273
"2026-02-03",231.5,235.199996948242,230.479995727539,233.100006103516,9346600,229.410079956055
"2026-02-04",235,235.830001831055,232.940002441406,234.470001220703,8641400,230.758377075195
"2026-02-05",235,239.580001831055,234.990005493164,237.789993286133,10267500,234.025817871094
"2026-02-06",238.960006713867,240.940002441406,237.979995727539,239.990005493164,8274000,236.191024780273
"2026-02-09",240.25,240.740005493164,237.039993286133,238.639999389648,9378500,234.862380981445
"2026-02-10",239.979995727539,240.5,237.880004882812,238.350006103516,6723300,234.576965332031
"2026-02-11",239.339996337891,241.259994506836,237.399993896484,240.860000610352,6803900,237.047241210938
"2026-02-12",240.479995727539,246.350006103516,239.679992675781,244.550003051758,10254300,240.678833007812
"2026-02-13",244.589996337891,244.949996948242,242.610000610352,243.449996948242,13268500,239.596237182617
"2026-02-17",244.130004882812,244.490005493164,241.869995117188,243.330001831055,12703000,239.478134155273
"2026-02-18",243.240005493164,245.070007324219,242.820007324219,244.990005493164,8129700,241.111862182617
"2026-02-19",244.619995117188,246.960006713867,244.270004272461,246.910003662109,7553900,243.001449584961
"2026-02-20",246.470001220703,246.880004882812,240.279998779297,242.490005493164,13565800,238.651428222656
"2026-02-23",243.630004882812,246.809997558594,242.600006103516,245.839996337891,9622700,241.948394775391
"2026-02-24",245.350006103516,247.25,244.539993286133,246.279998779297,7246300,243.669967651367
"2026-02-25",244.860000610352,247.25,243.720001220703,245.169998168945,7698200,242.571731567383
"2026-02-26",245.110000610352,245.470001220703,242.020004272461,243.470001220703,7172600,240.889755249023
"2026-02-27",244.029998779297,248.940002441406,242.5,248.429992675781,16428600,245.797180175781
"2026-03-02",249.190002441406,251.710006713867,246.869995117188,248.559997558594,9042400,245.925796508789
"2026-03-03",246.460006713867,247.880004882812,244.360000610352,246.75,6178700,244.134979248047
"2026-03-04",245.75,246.570007324219,243.179992675781,245.300003051758,5768000,242.70036315918
"2026-03-05",242.630004882812,243,235.929992675781,239.630004882812,9375400,237.090454101562
"2026-03-06",238.119995117188,240.789993286133,235.429992675781,240.399993896484,7179800,237.852279663086
"2026-03-09",240.869995117188,244.089996337891,240.039993286133,242.589996337891,7844000,240.019058227539
"2026-03-10",242.300003051758,245,240.820007324219,243.710006713867,7214100,241.127212524414
"2026-03-11",242.869995117188,243.690002441406,241.360000610352,242.990005493164,6933200,240.414825439453
"2026-03-12",241.460006713867,244.399993896484,240.300003051758,242.039993286133,7710200,239.474884033203
"2026-03-13",244.210006713867,245.589996337891,241.5,241.520004272461,6415300,238.960403442383
"2026-03-16",243.919998168945,245.059997558594,241.669998168945,243.190002441406,7571500,240.612701416016
"2026-03-17",243.580001831055,244.139999389648,237.220001220703,238.110000610352,7281800,235.586547851562
"2026-03-18",237.869995117188,239.110000610352,235.419998168945,237.279998779297,6811500,234.765335083008
"2026-03-19",238.339996337891,239.259994506836,236.309997558594,237.600006103516,7511500,235.081954956055
"2026-03-20",236.830001831055,238.289993286133,234.5,235.369995117188,17156600,232.875579833984
"2026-03-23",237.399993896484,238.309997558594,234.25,235.419998168945,7313700,232.925048828125
"2026-03-24",234.139999389648,236,232.240005493164,235.270004272461,9046200,232.776641845703
"2026-03-25",236.800003051758,241.460006713867,235.729995727539,239.929992675781,6456400,237.387252807617
"2026-03-26",240,241.649993896484,238.929992675781,239.240005493164,5171400,236.70458984375
"2026-03-27",241.190002441406,242.679992675781,239.130004882812,240.449996948242,7617600,237.901748657227
"2026-03-30",243.490005493164,244.210006713867,240.509994506836,242.490005493164,7241300,239.920135498047
"2026-03-31",243.009994506836,245.330001831055,242.649993896484,244.440002441406,7554200,241.849472045898
"2026-04-01",245.600006103516,247.199996948242,243.740005493164,244.119995117188,6314600,241.532852172852
"2026-04-02",245.110000610352,247.210006713867,241.869995117188,243.039993286133,6878700,240.464294433594
"2026-04-06",242.649993896484,243.520004272461,240.5,240.970001220703,4442400,238.416229248047
"2026-04-07",240.779998779297,240.779998779297,236.009994506836,238.410003662109,6241100,235.883377075195
"2026-04-08",236.639999389648,241.330001831055,233.899993896484,241.300003051758,8771100,238.742752075195
"2026-04-09",241.300003051758,244.199996948242,240.539993286133,241.309997558594,6216500,238.752639770508
"2026-04-10",242,242.259994506836,237.910003662109,238.460006713867,7354500,235.932846069336
"2026-04-13",237.710006713867,238.389999389648,235.179992675781,237.960006713867,7663600,235.438140869141
"2026-04-14",235.009994506836,242.190002441406,233.25,240.100006103516,10318700,237.555465698242
"2026-04-15",239.940002441406,240.419998168945,236.75,238.669998168945,6463500,236.140609741211
"2026-04-16",237.419998168945,238.139999389648,232.119995117188,234.539993286133,8668900,232.054382324219
"2026-04-17",234.360000610352,235.539993286133,232.039993286133,234.179992675781,8946300,231.698196411133
"2026-04-20",234.809997558594,235.259994506836,229.529998779297,230.690002441406,7810500,228.245193481445
"2026-04-21",229.350006103516,229.690002441406,224.699996948242,226.160003662109,11681200,223.76318359375
"2026-04-22",226.179992675781,227.479995727539,223.779998779297,226.100006103516,9003400,223.703842163086
"2026-04-23",227.25,231.389999389648,227.029998779297,230.649993896484,7097600,228.205612182617
"2026-04-24",229.029998779297,229.990005493164,227.020004272461,227.5,6067500,225.088989257812
"2026-04-27",225.770004272461,227.910003662109,224.350006103516,225.339996337891,7897800,222.951889038086
"2026-04-28",227.729995727539,231.029998779297,226.369995117188,227.789993286133,7179800,225.375915527344
"2026-04-29",225.520004272461,228.710006713867,224.860000610352,227.350006103516,7071100,224.940582275391
"2026-04-30",227.949996948242,231.160003662109,227.809997558594,229.850006103516,8157200,227.414093017578
"2026-05-01",229.059997558594,229.770004272461,227.020004272461,227.190002441406,6863600,224.782272338867
"2026-05-04",225.509994506836,227.070007324219,223.580001831055,224.199996948242,8215200,221.823959350586
"2026-05-05",225.389999389648,226.529998779297,224.899993896484,225.550003051758,5556700,223.15966796875
"2026-05-06",225.25,226.339996337891,222.949996948242,224.619995117188,7982300,222.239517211914
"2026-05-07",224.779998779297,224.779998779297,220.630004882812,222.509994506836,7269700,220.151870727539
"2026-05-08",222.940002441406,223.369995117188,220.919998168945,221.320007324219,5550600,218.974487304688
"2026-05-11",221.320007324219,223.279998779297,220.369995117188,221.429992675781,6223200,219.083312988281
"2026-05-12",223,227.649993896484,221.649993896484,224.259994506836,8632500,221.883316040039
"2026-05-13",225.820007324219,230.800003051758,225.440002441406,230.419998168945,7464500,227.978042602539
"2026-05-14",231,231.759994506836,229.160003662109,230.800003051758,6974400,228.354034423828
"2026-05-15",230.770004272461,232.139999389648,226.440002441406,226.710006713867,12167000,224.307373046875
"2026-05-18",226.710006713867,229.699996948242,225.860000610352,228.919998168945,10141600,226.493942260742
"2026-05-19",228.940002441406,230.850006103516,228.039993286133,230,9677900,227.562484741211
"2026-05-20",231.690002441406,232,229.169998168945,229.320007324219,7353800,226.889709472656
"2026-05-21",229.320007324219,231.889999389648,227.350006103516,231.729995727539,5239000,229.274154663086
"2026-05-22",233,235.5,232.720001220703,234.339996337891,5462300,231.856506347656
"2026-05-26",233,233.240005493164,229.080001831055,230.179992675781,6619600,229.050338745117
"2026-05-27",229.979995727539,232.889999389648,229.020004272461,231.289993286133,5835500,230.154891967773
"2026-05-28",230.029998779297,231.869995117188,229.729995727539,230.800003051758,7193400,229.667297363281
"2026-05-29",231.229995727539,231.5,224.589996337891,225.330001831055,13897700,224.224136352539
"2026-06-01",223.199996948242,224.440002441406,220.839996337891,223.509994506836,8041000,222.413070678711
"2026-06-02",222.580001831055,225.5,221.169998168945,222.889999389648,5669000,221.796112060547
"2026-06-03",222.449996948242,224.929992675781,222,223.240005493164,6507200,222.144409179688
"2026-06-04",227.089996337891,228.669998168945,225.899993896484,228.169998168945,7274800,227.050201416016
"2026-06-05",230,235.220001220703,229,232.770004272461,8034900,231.627639770508
"2026-06-08",232.770004272461,234.949996948242,230.559997558594,232.160003662109,7559800,231.020629882812
"2026-06-09",232.380004882812,237.710006713867,230.410003662109,237,8354500,235.836868286133
"2026-06-10",238.850006103516,240.929992675781,237.050003051758,238.490005493164,8350800,237.319564819336
"2026-06-11",240,241.600006103516,238.139999389648,238.330001831055,7399000,237.160339355469
"2026-06-12",240,240.910003662109,237.520004272461,240.869995117188,6459400,239.687866210938
"2026-06-15",239,239.5,233.580001831055,235.660003662109,7732000,234.503448486328
"2026-06-16",236.369995117188,236.369995117188,231.020004272461,235.179992675781,7718100,234.025787353516
"2026-06-17",234.029998779297,235.429992675781,230.699996948242,234.199996948242,8548000,233.05061340332
"2026-06-18",231.779998779297,232.75,227.600006103516,228.389999389648,18989800,227.269119262695
"2026-06-22",228.949996948242,231.449996948242,227.5,231.289993286133,8518300,230.154891967773
"2026-06-23",235.639999389648,239.800003051758,234.350006103516,239.080001831055,11802000,237.906661987305
"2026-06-24",239.889999389648,243.039993286133,238.75,241,8139200,239.817230224609
"2026-06-25",241.270004272461,248.190002441406,240.889999389648,244.880004882812,10130400,243.678207397461
"2026-06-26",248.270004272461,255.110000610352,247.869995117188,254.660003662109,16316800,253.410202026367
"2026-06-29",253.190002441406,258.579986572266,252.029998779297,258.510009765625,8608400,257.241302490234
"2026-06-30",259,259.899993896484,253.169998168945,253.970001220703,8469500,252.723587036133
"2026-07-01",253.25,254.199996948242,251.080001831055,253.979995727539,6516500,252.733535766602
"2026-07-02",255.779998779297,263.100006103516,254,263.040008544922,7998700,261.749084472656
"2026-07-06",260.230010986328,261.380004882812,255.929992675781,259.329986572266,6803700,258.057250976562
"2026-07-07",264.890014648438,269.429992675781,264.049987792969,267.239990234375,9089700,265.928436279297
"2026-07-08",268.600006103516,268.600006103516,263.130004882812,263.399993896484,6769400,262.107299804688
"2026-07-09",260.630004882812,263.450012207031,258.130004882812,259.100006103516,6426100,257.828399658203
"2026-07-10",260.190002441406,261.299987792969,255.520004272461,256.980010986328,6534700,255.718826293945
"2026-07-13",257.950012207031,259.529998779297,256.149993896484,257.769989013672,5272200,256.504913330078
"2026-07-14",255.529998779297,256.390014648438,252.139999389648,253.850006103516,8770600,252.604187011719
"2026-07-15",250.089996337891,256.829986572266,246.050003051758,247.020004272461,10547300,245.807693481445
"2026-07-16",248.899993896484,253.550003051758,246.300003051758,249.970001220703,11097600,248.743209838867
"2026-07-17",252.589996337891,255.660003662109,251.949996948242,253.039993286133,10167700,251.798141479492
"2026-07-20",252.009994506836,254.179992675781,248.630004882812,248.820007324219,8114700,247.598861694336
"2026-07-21",247.449996948242,251.339996337891,245.490005493164,250.610000610352,7793100,249.380081176758
"2026-07-22",252.759994506836,256.290008544922,251.210006713867,255.630004882812,9100200,254.375442504883
"2026-07-23",255.240005493164,260.200012207031,254.419998168945,259.269989013672,8063300,257.99755859375
"2026-07-24",261.429992675781,263.709991455078,259.609985351562,263.399993896484,6351800,262.107299804688
"2026-07-27",262.549987792969,268.799987792969,261.350006103516,265.950012207031,9647900,264.644805908203
"2026-07-28",270,274.899993896484,266.179992675781,266.730010986328,10491000,265.420959472656
"2026-07-29",268.5,269.339996337891,264.790008544922,265.529998779297,6105600,264.226837158203
"2026-07-30",259.029998779297,260.519989013672,254.559997558594,255.820007324219,8216500,254.564514160156
"2026-07-31",256.010009765625,258.480010986328,253.289993286133,256.350006103516,6782100,255.091903686523
"2026-08-03",254.970001220703,257.75,250.910003662109,254.410003662109,8136300,253.161422729492
"2026-08-04",254.410003662109,255.520004272461,250.440002441406,254.929992675781,7362400,253.678863525391
"2026-08-05",255.25,259.320007324219,254.470001220703,257.589996337891,6472600,256.325805664062
"2026-08-06",261.709991455078,262.109985351562,255.279998779297,256.980010986328,6931800,255.718826293945
"2026-08-07",255.889999389648,259.600006103516,255.119995117188,259.239990234375,6532100,257.967712402344
"2026-08-10",259.059997558594,262,258.549987792969,261.809997558594,8985100,260.525115966797
"2026-08-11",261.230010986328,264.149993896484,258.359985351562,259.799987792969,5945900,258.524963378906
"2026-08-12",256,261.410003662109,255.259994506836,260.859985351562,4629300,259.579742431641
"2026-08-13",261.730010986328,262.619995117188,259.649993896484,262.079986572266,4852700,260.793762207031
"2026-08-14",260.649993896484,261.709991455078,259.160003662109,260.350006103516,4998100,259.072265625
"2026-08-17",258.869995117188,264.279998779297,258.010009765625,262.369995117188,5515500,261.082366943359
"2026-08-18",267.670013427734,271.730010986328,266.329986572266,271.109985351562,7838200,269.779449462891
"2026-08-19",273,276.470001220703,270.559997558594,273.410003662109,7728500,272.068176269531
"2026-08-20",273.399993896484,273.399993896484,267.369995117188,267.369995117188,6475900,266.057830810547
"2026-08-21",267.829986572266,272.660003662109,267,270.239990234375,6186800,268.913726806641
"2026-08-24",269.739990234375,273.980010986328,268.570007324219,273.040008544922,5436100,271.700012207031
"2026-08-25",271,273.799987792969,270.179992675781,273.140014648438,4687000,273.140014648438
"2026-08-26",271.970001220703,272.910003662109,269.549987792969,270,7214100,270
"2026-08-27",268.450012207031,268.450012207031,263.829986572266,265.769989013672,7306200,265.769989013672
"2026-08-28",265.779998779297,268.380004882812,264.269989013672,268.040008544922,5765600,268.040008544922
"2026-08-31",267.130004882812,267.769989013672,265.170013427734,265.850006103516,7900100,265.850006103516
"2026-09-01",270.829986572266,271.910003662109,267.019989013672,271.190002441406,6033600,271.190002441406
"2026-09-02",274.739990234375,281.070007324219,273.529998779297,275.209991455078,7910600,275.209991455078
"2026-09-03",277.320007324219,278.890014648438,273.160003662109,278.429992675781,5940300,278.429992675781
"2026-09-04",275.130004882812,277.799987792969,274.75,275.230010986328,4320100,275.230010986328
"2026-09-08",271.279998779297,271.989990234375,266.880004882812,269.119995117188,8084700,269.119995117188
"2026-09-09",268.510009765625,270.100006103516,266.730010986328,267.079986572266,6124600,267.079986572266
"2026-09-10",270.209991455078,271.269989013672,265.720001220703,266.350006103516,4929500,266.350006103516
"2026-09-11",268.029998779297,270.399993896484,265.25,265.579986572266,4701200,265.579986572266
"2026-09-14",271,271.549987792969,266.190002441406,266.320007324219,4740800,266.320007324219
"2026-09-15",265.809997558594,267.200012207031,260.679992675781,267.200012207031,5283500,267.200012207031
"2026-09-16",266.809997558594,268.649993896484,266.299987792969,267.279998779297,4887300,267.279998779297
"2026-09-17",268,270.869995117188,267.109985351562,270.220001220703,6568800,270.220001220703
"2026-09-18",269.450012207031,272.109985351562,267.200012207031,269.989990234375,16428400,269.989990234375
"2026-09-21",271.739990234375,273.730010986328,268.5,269.470001220703,4485300,269.470001220703
"2026-09-22",267.510009765625,270.100006103516,265.040008544922,269.190002441406,5680700,269.190002441406
"2026-09-23",269.470001220703,272.140014648438,266.5,269.170013427734,6632700,269.170013427734
"2026-09-24",269.519989013672,275.230010986328,269.010009765625,270.679992675781,6320600,270.679992675781
"2026-09-25",271.700012207031,272.25,269.260009765625,271.220001220703,4085700,271.220001220703
