"Date","Open","High","Low","Close","Volume","Adjusted"
"2010-01-04",41.7900009155273,42.9900016784668,41.6699981689453,42.8499984741211,35460500,28.1523780822754
"2010-01-05",42.7900009155273,43.8400001525879,42.7799987792969,43.6800003051758,41208300,28.6976871490479
"2010-01-06",43.4500007629395,44.0900001525879,43.310001373291,43.9199981689453,27729000,28.8553714752197
"2010-01-07",43.7900009155273,45.1199989318848,43.6100006103516,44.7900009155273,44864700,29.4269561767578
"2010-01-08",44.3699989318848,44.7000007629395,44.0800018310547,44.6800003051758,33110100,29.3546848297119
"2010-01-11",45.1199989318848,45.189998626709,44.310001373291,44.5299987792969,31878700,29.2561359405518
"2010-01-12",43.9900016784668,44.1500015258789,42.939998626709,43.4900016784668,47109600,28.5728645324707
"2010-01-13",43.5499992370605,44.5299987792969,42.8699989318848,44.25,39622000,29.0721797943115
"2010-01-14",44.2000007629395,44.7900009155273,44.0999984741211,44.689998626709,37938300,29.3612537384033
"2010-01-15",44.2999992370605,44.4300003051758,43.3400001525879,43.6800003051758,69738500,28.6976871490479
"2010-01-19",43.4000015258789,43.75,42.9000015258789,43.2799987792969,41731500,28.4348754882812
"2010-01-20",43.0099983215332,43.6800003051758,42.7099990844727,43.4000015258789,39934400,28.513729095459
"2010-01-21",43.0400009155273,43.1500015258789,40.3199996948242,40.5400009155273,137547700,26.6347160339355
"2010-01-22",40.6500015258789,41.2000007629395,38.8199996948242,39.1599998474121,106634900,25.7280559539795
"2010-01-25",39.7599983215332,39.8899993896484,38.8400001525879,39.2099990844727,56572200,25.760892868042
"2010-01-26",39,39.8400001525879,38.2799987792969,38.439998626709,52975300,25.2550163269043
"2010-01-27",38.3499984741211,39.4900016784668,38.0699996948242,39.3300018310547,66314300,25.8397426605225
"2010-01-28",39.6800003051758,40.0400009155273,38.7200012207031,39.4799995422363,65047400,25.9382953643799
"2010-01-29",39.6500015258789,39.8499984741211,38.7999992370605,38.939998626709,53649000,25.5835189819336
"2010-02-01",39.0999984741211,39.9300003051758,38.9500007629395,39.6300010681152,37408200,26.0368480682373
"2010-02-02",39.7999992370605,40.6800003051758,39.7000007629395,40.5499992370605,45968500,26.6412830352783
"2010-02-03",40.5800018310547,41.0999984741211,40.1699981689453,40.2900009155273,37373300,26.4704742431641
"2010-02-04",39.7900009155273,39.9199981689453,38.3499984741211,38.3499984741211,57211800,25.1958770751953
"2010-02-05",38.6399993896484,38.8800010681152,37.0299987792969,38.2999992370605,75224100,25.163049697876
"2010-02-08",38.2900009155273,38.2900009155273,37.3199996948242,37.7000007629395,58321000,24.7688407897949
"2010-02-09",38.189998626709,38.7000007629395,37.8400001525879,38.3899993896484,45173500,25.2221660614014
"2010-02-10",38.6399993896484,39.5,38.5200004577637,38.8699989318848,39331800,25.5375385284424
"2010-02-11",38.8400001525879,39.3699989318848,38.3600006103516,39.0200004577637,33830600,25.6360912322998
"2010-02-12",38.6699981689453,39.1800003051758,38.3600006103516,38.9500007629395,38051100,25.5900764465332
"2010-02-16",39.3300018310547,40.1399993896484,38.75,40.0699996948242,46425300,26.3259162902832
"2010-02-17",40.2599983215332,40.4500007629395,39.7599983215332,40.0400009155273,34644100,26.3062229156494
"2010-02-18",39.939998626709,40.5099983215332,39.7700004577637,40.4099998474121,31809500,26.5493030548096
"2010-02-19",40.1100006103516,40.7000007629395,39.9000015258789,40.0299987792969,40290200,26.2996444702148
"2010-02-22",40.4000015258789,41.2999992370605,40.25,40.8499984741211,43898900,26.8383808135986
"2010-02-23",40.9000015258789,41.25,39.7599983215332,39.8800010681152,52233100,26.2010917663574
"2010-02-24",40.0499992370605,40.9700012207031,40,40.8499984741211,44645000,26.8383808135986
"2010-02-25",40.1599998474121,40.689998626709,39.7000007629395,40.6399993896484,46718100,26.7004070281982
"2010-02-26",40.689998626709,42.310001373291,40.5999984741211,41.9700012207031,67699100,27.5742244720459
"2010-03-01",42.0299987792969,42.1800003051758,41.4099998474121,41.8300018310547,34606800,27.4822444915771
"2010-03-02",41.9799995422363,42.4000015258789,41.3600006103516,41.6199989318848,33891600,27.3442668914795
"2010-03-03",41.6500015258789,42.060001373291,41.3400001525879,41.5299987792969,27562500,27.285135269165
"2010-03-04",41.9099998474121,42.0800018310547,41.6599998474121,41.9199981689453,25450700,27.5413722991943
"2010-03-05",42.3199996948242,42.8699989318848,42.189998626709,42.810001373291,34790800,28.1260948181152
"2010-03-08",42.8499984741211,43.0299987792969,42.4700012207031,42.5900001525879,28524900,27.9815673828125
"2010-03-09",42.3899993896484,42.8199996948242,42.0499992370605,42.4199981689453,37107100,27.8698596954346
"2010-03-10",42.8699989318848,43.4900016784668,42.810001373291,42.9300003051758,40903700,28.2049541473389
"2010-03-11",42.9099998474121,43.2000007629395,42.7999992370605,43.1800003051758,30119600,28.3691749572754
"2010-03-12",43.3400001525879,43.5400009155273,42.8499984741211,43.1500015258789,31367300,28.3494834899902
"2010-03-15",42.9199981689453,43.2099990844727,42.5999984741211,43.0699996948242,29142000,28.2969074249268
"2010-03-16",43.3499984741211,43.3800010681152,42.689998626709,43.2400016784668,28553800,28.408618927002
"2010-03-17",43.310001373291,44.1100006103516,43.2700004577637,43.7900009155273,32918800,28.7699546813965
"2010-03-18",43.75,43.7900009155273,43.1500015258789,43.6399993896484,26012000,28.6714057922363
"2010-03-19",43.4500007629395,43.8899993896484,43.1300010681152,43.4500007629395,37014400,28.5465831756592
"2010-03-22",43.0699996948242,43.7900009155273,43.0400009155273,43.7400016784668,23257200,28.7370910644531
"2010-03-23",43.8499984741211,44.7400016784668,43.7799987792969,44.5800018310547,33735700,29.2889862060547
"2010-03-24",44.439998626709,44.9700012207031,44.2000007629395,44.939998626709,35849200,29.5255012512207
"2010-03-25",44.9799995422363,46.0499992370605,44.8899993896484,44.939998626709,45019400,29.5255012512207
"2010-03-26",45.0400009155273,45.8899993896484,44.7900009155273,45.0200004577637,39727000,29.5780658721924
"2010-03-29",45.25,45.3800010681152,44.4599990844727,44.8600006103516,30628400,29.4729499816895
"2010-03-30",44.9000015258789,45.0499992370605,44.3600006103516,44.5800018310547,30296300,29.2889862060547
"2010-03-31",44.310001373291,45,44.25,44.75,39043000,29.4006767272949
"2010-04-01",45.0299987792969,45.310001373291,44.9900016784668,45.1800003051758,23894600,29.716402053833
"2010-04-05",45.2799987792969,45.4000015258789,44.7900009155273,45.3400001525879,21342400,29.8216190338135
"2010-04-06",45.2299995422363,45.939998626709,45.1500015258789,45.8400001525879,28192100,30.1504993438721
"2010-04-07",45.8300018310547,46.0499992370605,45.0200004577637,45.3199996948242,28890100,29.8084716796875
"2010-04-08",45.1599998474121,45.9700012207031,44.810001373291,45.7599983215332,28869900,30.0978584289551
"2010-04-09",45.8800010681152,46.2200012207031,45.4500007629395,45.9799995422363,22881200,30.2425708770752
"2010-04-12",46.0299987792969,46.4700012207031,45.9000015258789,46.1399993896484,24645900,30.3478164672852
"2010-04-13",46.0400009155273,46.3800010681152,45.8499984741211,45.8699989318848,27988900,30.170223236084
"2010-04-14",47.4000015258789,47.9300003051758,46.7799987792969,47.7299995422363,72533100,31.3935947418213
"2010-04-15",47.6500015258789,48.2000007629395,47.4900016784668,47.810001373291,45412100,31.446216583252
"2010-04-16",47.6699981689453,47.75,45.1399993896484,45.5499992370605,121203900,29.959753036499
"2010-04-19",45.2299995422363,45.7000007629395,44.5900001525879,45.3899993896484,72136600,29.8545036315918
"2010-04-20",45.7700004577637,46.1500015258789,45.560001373291,45.8800010681152,39310700,30.1767978668213
"2010-04-21",46.0400009155273,46.3899993896484,45,45.3499984741211,46320600,29.8281917572021
"2010-04-22",44.9099998474121,45.1199989318848,44.0299987792969,44.7400016784668,63176900,29.4269828796387
"2010-04-23",44.7299995422363,45.0699996948242,44.25,44.939998626709,32483800,29.5585269927979
"2010-04-26",44.7799987792969,44.810001373291,43.7299995422363,43.8899993896484,42889300,28.86789894104
"2010-04-27",43.4799995422363,44.3699989318848,42.2999992370605,42.4099998474121,66296100,27.8944664001465
"2010-04-28",42.8400001525879,43.7099990844727,42.7799987792969,43.4599990844727,48578900,28.5850868225098
"2010-04-29",43.8899993896484,44.3300018310547,43.5999984741211,44,36520300,28.9402561187744
"2010-04-30",44.0200004577637,44.0499992370605,42.2299995422363,42.5800018310547,54121100,28.0062847137451
"2010-05-03",42.9700012207031,43.7299995422363,42.8899993896484,43.5299987792969,31230900,28.6311359405518
"2010-05-04",42.9700012207031,43.3600006103516,42.25,42.4700012207031,48982200,27.9339389801025
"2010-05-05",42.1100006103516,43.3699989318848,41.6199989318848,42.6300010681152,43062100,28.0391712188721
"2010-05-06",42.6300010681152,42.7799987792969,39.2900009155273,40.810001373291,78226200,26.8420886993408
"2010-05-07",41.0299987792969,41.8400001525879,39.7799987792969,40.7599983215332,72976300,26.8092079162598
"2010-05-10",42.3199996948242,43.2999992370605,41.4199981689453,41.9500007629395,66578300,27.5918941497803
"2010-05-11",41.4599990844727,42.5499992370605,41.1500015258789,41.5499992370605,50771200,27.3288116455078
"2010-05-12",41.7400016784668,41.7900009155273,40.810001373291,41.689998626709,47700000,27.4209041595459
"2010-05-13",41.439998626709,41.5999984741211,40.7799987792969,40.810001373291,35320800,26.8420886993408
"2010-05-14",40.0999984741211,40.0999984741211,39.2099990844727,39.8899993896484,60719400,26.2369766235352
"2010-05-17",39.9300003051758,40.0400009155273,38.7700004577637,39.8400001525879,56506200,26.2040920257568
"2010-05-18",40.6199989318848,40.6199989318848,38.5499992370605,39.0200004577637,61735000,25.6647567749023
"2010-05-19",38.5400009155273,39.6599998474121,38.5200004577637,39.3800010681152,64600500,25.9015369415283
"2010-05-20",38.5499992370605,39.25,37.310001373291,37.8300018310547,76564100,24.8820476531982
"2010-05-21",37.0200004577637,40.1599998474121,37.0200004577637,40.0499992370605,89588800,26.342212677002
"2010-05-24",40.1599998474121,40.25,38.5,38.6199989318848,49141600,25.4016551971436
"2010-05-25",37.6699981689453,39.0099983215332,37.3499984741211,38.939998626709,66813700,25.6121311187744
"2010-05-26",39.189998626709,39.5,38.4700012207031,38.7799987792969,50719600,25.5068950653076
"2010-05-27",39.5800018310547,40.4900016784668,39.4000015258789,40.4199981689453,44843000,26.5855693817139
"2010-05-28",40.3300018310547,40.3499984741211,39.3600006103516,39.5800018310547,41252400,26.0330791473389
"2010-06-01",39.3199996948242,39.9599990844727,38.5,38.5400009155273,37848600,25.3490467071533
"2010-06-02",39.1699981689453,39.6199989318848,38.6699981689453,39.5499992370605,39618500,26.0133514404297
"2010-06-03",39.8600006103516,39.939998626709,38.6199989318848,39.0999984741211,30950400,25.7173652648926
"2010-06-04",38.4900016784668,38.7000007629395,37.5,37.6199989318848,52868900,24.743932723999
"2010-06-07",37.7900009155273,38.1300010681152,36.6599998474121,36.7200012207031,44528300,24.1519603729248
"2010-06-08",36.8600006103516,37.7999992370605,36.5499992370605,37.7799987792969,51017900,24.8491535186768
"2010-06-09",38.1500015258789,38.1599998474121,37.0099983215332,37.1199989318848,42586000,24.415060043335
"2010-06-10",37.6800003051758,38.3699989318848,37.4099998474121,38.2900009155273,44302600,25.1846046447754
"2010-06-11",37.7900009155273,38.1699981689453,37.5200004577637,38.0900001525879,31147600,25.0530586242676
"2010-06-14",37.9700012207031,38.2700004577637,37.2299995422363,37.3300018310547,48662200,24.5531787872314
"2010-06-15",37.5499992370605,38.2799987792969,37.2599983215332,38.25,45355600,25.158296585083
"2010-06-16",38.0200004577637,38.8800010681152,37.9900016784668,38.5200004577637,37217100,25.3358840942383
"2010-06-17",38.5999984741211,38.9000015258789,37.9199981689453,38.439998626709,34755100,25.2832622528076
"2010-06-18",38.5999984741211,39.2700004577637,38.3800010681152,39.1800003051758,37270800,25.7699851989746
"2010-06-21",39.5499992370605,39.7799987792969,38.6599998474121,38.8699989318848,33665100,25.5660991668701
"2010-06-22",38.9300003051758,39.5800018310547,38.2200012207031,38.3300018310547,42245700,25.2109184265137
"2010-06-23",38.2900009155273,39.1100006103516,38.0200004577637,38.8899993896484,45046000,25.5792446136475
"2010-06-24",38.5499992370605,38.7000007629395,37.4199981689453,38.0299987792969,73843400,25.0135955810547
"2010-06-25",38.7799987792969,39.5999984741211,38.2799987792969,39.439998626709,70734200,25.9409999847412
"2010-06-28",39.5499992370605,39.6399993896484,38.4700012207031,38.5400009155273,39962900,25.3490467071533
"2010-06-29",37.9099998474121,37.9099998474121,36.8800010681152,37.060001373291,56694200,24.3755912780762
"2010-06-30",37.0200004577637,37.4900016784668,36.5099983215332,36.6100006103516,35332500,24.0796127319336
"2010-07-01",36.5400009155273,36.689998626709,35.1599998474121,36.0800018310547,56642900,23.7634677886963
"2010-07-02",36.310001373291,36.689998626709,35.3400001525879,35.8300018310547,36796000,23.5988140106201
"2010-07-06",36.689998626709,36.8800010681152,35.8600006103516,36.3300018310547,35953600,23.9281234741211
"2010-07-07",36.6399993896484,38.2400016784668,36.4099998474121,38.1500015258789,44602900,25.1268405914307
"2010-07-08",38.7799987792969,38.8199996948242,37.1500015258789,38.1599998474121,41498200,25.1334247589111
"2010-07-09",37.75,38.8899993896484,37.6800003051758,38.8499984741211,30422300,25.5878772735596
"2010-07-12",38.8600006103516,39.3400001525879,38.5999984741211,39.189998626709,24998900,25.8118171691895
"2010-07-13",39.810001373291,40.689998626709,39.7400016784668,40.4799995422363,48564800,26.6614551544189
"2010-07-14",40.1500015258789,40.3800010681152,39.8400001525879,40.3499984741211,37320600,26.5758285522461
"2010-07-15",40.7200012207031,40.8400001525879,39.310001373291,40.4599990844727,81876200,26.6482734680176
"2010-07-16",40.2799987792969,40.3499984741211,38.8600006103516,39,58507400,25.6866779327393
"2010-07-19",39.0299987792969,39.3600006103516,38.1199989318848,39.0400009155273,35404900,25.7130241394043
"2010-07-20",38.3199996948242,39.6399993896484,38.2799987792969,39.6300010681152,43538200,26.1016159057617
"2010-07-21",40.25,40.25,38.3400001525879,38.4199981689453,41115600,25.3046741485596
"2010-07-22",38.9599990844727,39.5999984741211,38.7299995422363,39.3499984741211,35494400,25.9171962738037
"2010-07-23",39.1699981689453,39.9599990844727,38.9700012207031,39.8300018310547,28241000,26.2333393096924
"2010-07-26",39.7999992370605,40.3600006103516,39.5,40.3300018310547,27209400,26.5626621246338
"2010-07-27",40.7400016784668,41.2400016784668,40.6100006103516,40.689998626709,44872200,26.7997703552246
"2010-07-28",40.439998626709,40.9000015258789,40.1500015258789,40.3199996948242,23945400,26.5560665130615
"2010-07-29",40.7099990844727,40.8300018310547,39.9099998474121,40.2099990844727,28994300,26.4836139678955
"2010-07-30",39.7200012207031,40.689998626709,39.7200012207031,40.2799987792969,26406500,26.529727935791
"2010-08-02",40.9799995422363,41.7000007629395,40.7299995422363,41.6399993896484,35566700,27.425464630127
"2010-08-03",41.5,41.6500015258789,40.8699989318848,41.0800018310547,29967900,27.0566291809082
"2010-08-04",41.2200012207031,41.4000015258789,40.8600006103516,41.2900009155273,23078100,27.1949520111084
"2010-08-05",40.9700012207031,41.4300003051758,40.939998626709,41.2700004577637,19830500,27.1817741394043
"2010-08-06",40.7400016784668,40.9500007629395,39.9700012207031,40.439998626709,34906600,26.6351108551025
"2010-08-09",40.5499992370605,40.560001373291,39.6599998474121,39.8199996948242,37790900,26.2267532348633
"2010-08-10",39.6699981689453,39.7299995422363,39.1599998474121,39.1699981689453,34166500,25.7986450195312
"2010-08-11",38.6500015258789,38.7799987792969,37.75,37.7700004577637,46201600,24.8765602111816
"2010-08-12",37.3600006103516,37.9900016784668,37.2200012207031,37.810001373291,35387300,24.9029026031494
"2010-08-13",37.7999992370605,38.0400009155273,37.5,37.5,24564100,24.6987342834473
"2010-08-16",37.3199996948242,37.8199996948242,37.2799987792969,37.689998626709,28334100,24.8238658905029
"2010-08-17",37.9700012207031,38.0699996948242,37.4000015258789,37.4799995422363,33883800,24.6855564117432
"2010-08-18",37.3899993896484,38.189998626709,37.3899993896484,37.8899993896484,27041700,24.9555931091309
"2010-08-19",37.6599998474121,37.9700012207031,37,37.0699996948242,35384700,24.4155158996582
"2010-08-20",37.1100006103516,37.3600006103516,36.810001373291,37.1399993896484,30862000,24.4616241455078
"2010-08-23",37.2099990844727,37.4099998474121,36.8400001525879,36.8800010681152,29282800,24.2903747558594
"2010-08-24",36.5900001525879,36.7000007629395,35.9199981689453,36.2099990844727,48709200,23.8490829467773
"2010-08-25",35.9500007629395,36.439998626709,35.6699981689453,36.2299995422363,36058000,23.8622608184814
"2010-08-26",36.3600006103516,36.6199989318848,35.6199989318848,35.6300010681152,31873200,23.4670848846436
"2010-08-27",35.8699989318848,36.689998626709,35.5499992370605,36.5999984741211,38448800,24.1059513092041
"2010-08-30",36.4000015258789,36.5999984741211,35.8300018310547,35.8499984741211,27306500,23.6119842529297
"2010-08-31",35.939998626709,36.6399993896484,35.7299995422363,36.3600006103516,34784400,23.9478759765625
"2010-09-01",36.7400016784668,37.7999992370605,36.6599998474121,37.7400016784668,36770500,24.8568000793457
"2010-09-02",37.8400001525879,38.2000007629395,37.4900016784668,38.1599998474121,31282900,25.1334247589111
"2010-09-03",38.4700012207031,39.1699981689453,38.4700012207031,39.1699981689453,34135600,25.7986450195312
"2010-09-07",38.7299995422363,38.8400001525879,38.2200012207031,38.2799987792969,31885500,25.2124614715576
"2010-09-08",38.3400001525879,39.4300003051758,38.3400001525879,39.1199989318848,30781000,25.7657070159912
"2010-09-09",39.9300003051758,40.3199996948242,39.1199989318848,40.0999984741211,33438800,26.4111766815186
"2010-09-10",39.9199981689453,40.25,39.6699981689453,39.7599983215332,21928600,26.1872406005859
"2010-09-13",40.6399993896484,41.4700012207031,40.6399993896484,41.1199989318848,41643200,27.0829753875732
"2010-09-14",40.9700012207031,41.2299995422363,40.4599990844727,40.7200012207031,42754100,26.8195285797119
"2010-09-15",40.5099983215332,41.1399993896484,40.3400001525879,40.9799995422363,25399500,26.9907608032227
"2010-09-16",40.7200012207031,41.0999984741211,40.5499992370605,40.9900016784668,25207500,26.9973545074463
"2010-09-17",41.0299987792969,41.0800018310547,39.9900016784668,40.060001373291,45938300,26.3848323822021
"2010-09-20",40.2400016784668,41.310001373291,40.0299987792969,41.189998626709,33337500,27.1290760040283
"2010-09-21",41.310001373291,41.5,40.4700012207031,40.5900001525879,33548900,26.7339038848877
"2010-09-22",40.4300003051758,40.8400001525879,39.75,39.939998626709,34546000,26.3057861328125
"2010-09-23",39.6300010681152,39.7000007629395,38.9900016784668,39.0999984741211,33471100,25.7525329589844
"2010-09-24",39.5099983215332,39.7999992370605,39.2999992370605,39.75,28855100,26.1806449890137
"2010-09-27",39.5400009155273,39.6699981689453,39.0099983215332,39.0800018310547,25684900,25.7393627166748
"2010-09-28",39.3600006103516,39.4000015258789,38.6100006103516,38.9500007629395,31442600,25.6537380218506
"2010-09-29",38.7900009155273,38.8800010681152,38.060001373291,38.4099998474121,40207000,25.2980842590332
"2010-09-30",38.4900016784668,38.9500007629395,37.9599990844727,38.060001373291,54885200,25.067554473877
"2010-10-01",38.3400001525879,39.0900001525879,38.2900009155273,38.810001373291,38973800,25.5615425109863
"2010-10-04",38.9799995422363,39.5400009155273,38.7099990844727,38.9500007629395,38886100,25.6868343353271
"2010-10-05",39.3600006103516,39.8199996948242,39.0699996948242,39.6399993896484,42379500,26.1418838500977
"2010-10-06",39.560001373291,40.0699996948242,39.4199981689453,39.9000015258789,31559900,26.3133392333984
"2010-10-07",40.1100006103516,40.3199996948242,39.2000007629395,39.5200004577637,26923900,26.0627517700195
"2010-10-08",39.6699981689453,39.7799987792969,39.1300010681152,39.310001373291,28178500,25.9242534637451
"2010-10-11",39.5200004577637,39.9099998474121,39.4000015258789,39.7299995422363,24601000,26.2012233734131
"2010-10-12",39.4700012207031,40.4900016784668,39.4700012207031,40.4000015258789,38798100,26.643087387085
"2010-10-13",40.6599998474121,40.7200012207031,39.5800018310547,39.8400001525879,69607700,26.2737731933594
"2010-10-14",39.25,39.3800010681152,38.0999984741211,38.7200012207031,76504900,25.5351619720459
"2010-10-15",38.8699989318848,38.939998626709,36.5400009155273,37.1500015258789,142280400,24.4997673034668
"2010-10-18",37.1500015258789,38.2599983215332,37.0099983215332,38.2000007629395,55058700,25.1922264099121
"2010-10-19",37.9000015258789,38.6500015258789,37.5,37.689998626709,70595100,24.8558902740479
"2010-10-20",38,38.2999992370605,37.4599990844727,38.0999984741211,43497200,25.1262722015381
"2010-10-21",38.189998626709,38.4000015258789,36.2099990844727,37.7000007629395,38250300,24.8624820709229
"2010-10-22",37.5,37.7900009155273,37.3199996948242,37.7000007629395,24876900,24.8624820709229
"2010-10-25",37.9700012207031,38.0699996948242,37,37.0699996948242,37893500,24.4470138549805
"2010-10-26",36.9799995422363,37.2599983215332,36.7799987792969,37.2000007629395,39188100,24.5327491760254
"2010-10-27",37.060001373291,37.6300010681152,37,37.5400009155273,30777500,24.7569732666016
"2010-10-28",37.7000007629395,37.9599990844727,37.3300018310547,37.5099983215332,30614600,24.7371883392334
"2010-10-29",37.4500007629395,37.7400016784668,37.3199996948242,37.6300010681152,19803300,24.8163204193115
"2010-11-01",37.6100006103516,38,37.0999984741211,37.4199981689453,36941900,24.6778335571289
"2010-11-02",37.5299987792969,37.5699996948242,36.8300018310547,36.9599990844727,39913100,24.3744716644287
"2010-11-03",36.9799995422363,37.8300018310547,36.9599990844727,37.7200012207031,35299600,24.8756713867188
"2010-11-04",38.1399993896484,39.8499984741211,37.8600006103516,39.7999992370605,77569400,26.2473964691162
"2010-11-05",39.8899993896484,41.3400001525879,39.7799987792969,40.939998626709,75684800,26.9992084503174
"2010-11-08",40.8600006103516,41.2000007629395,40.2099990844727,40.5099983215332,32967000,26.7156295776367
"2010-11-09",40.4300003051758,40.6800003051758,39.7299995422363,39.9000015258789,32800100,26.3133392333984
"2010-11-10",39.8699989318848,40.6399993896484,39.5900001525879,40.6199989318848,35587900,26.7881622314453
"2010-11-11",40.2700004577637,40.439998626709,39.8499984741211,40.0200004577637,25499700,26.3924903869629
"2010-11-12",39.8600006103516,40.2599983215332,39.3800010681152,39.6100006103516,33504800,26.1221008300781
"2010-11-15",39.8199996948242,40.6399993896484,39.7099990844727,40.0800018310547,28772500,26.4320449829102
"2010-11-16",39.7400016784668,39.9700012207031,39.0400009155273,39.6100006103516,46023000,26.1221008300781
"2010-11-17",39.5800018310547,39.6800003051758,38.9799995422363,39.1800003051758,32027500,25.8385219573975
"2010-11-18",39.5699996948242,40,39.3600006103516,39.6599998474121,30987600,26.155065536499
"2010-11-19",39.4099998474121,39.6399993896484,39.2599983215332,39.4099998474121,26542000,25.9902038574219
"2010-11-22",39.060001373291,39.0999984741211,38.2099990844727,38.5099983215332,33249500,25.3966732025146
"2010-11-23",38.0099983215332,38.2200012207031,37.5999984741211,37.6300010681152,35340400,24.8163204193115
"2010-11-24",37.8300018310547,38.2400016784668,37.5900001525879,38.1599998474121,24248300,25.165843963623
"2010-11-26",37.7099990844727,37.9799995422363,37.5,37.5,12819100,24.7306003570557
"2010-11-29",37.4700012207031,38.0900001525879,37.1100006103516,37.9099998474121,30911400,25.0009822845459
"2010-11-30",37.4900016784668,37.7900009155273,37.2400016784668,37.4000015258789,33716700,24.6646404266357
"2010-12-01",37.9500007629395,38.189998626709,37.6500015258789,38.1500015258789,33157200,25.1592502593994
"2010-12-02",38.4300003051758,39.3800010681152,38.3300018310547,39.310001373291,41526000,25.9242534637451
"2010-12-03",39.0699996948242,39.6699981689453,38.7000007629395,39.6100006103516,30070200,26.1221008300781
"2010-12-06",39.4799995422363,40.0499992370605,39.2999992370605,39.9000015258789,25364500,26.3133392333984
"2010-12-07",40.3499984741211,40.4599990844727,39.2400016784668,39.25,40908200,25.8846874237061
"2010-12-08",39.3600006103516,40.3300018310547,39.060001373291,40.2599983215332,38115900,26.5507545471191
"2010-12-09",40.6699981689453,41.0999984741211,40.5699996948242,40.810001373291,43001900,26.9134750366211
"2010-12-10",40.8899993896484,41.5,40.7700004577637,41.4300003051758,28449000,27.3223571777344
"2010-12-13",41.5699996948242,41.9900016784668,41.1599998474121,41.5099983215332,35730400,27.3751201629639
"2010-12-14",41.439998626709,41.5,40.4700012207031,40.7900009155273,34010800,26.9002952575684
"2010-12-15",40.7299995422363,41,40.060001373291,40.2099990844727,30264000,26.5177783966064
"2010-12-16",40.4199981689453,40.6800003051758,39.8199996948242,40.0099983215332,37123200,26.385892868042
"2010-12-17",40.060001373291,40.0699996948242,39.5299987792969,39.6699981689453,52004800,26.1616611480713
"2010-12-20",39.8300018310547,40.2700004577637,39.689998626709,39.9500007629395,22978200,26.346321105957
"2010-12-21",40.1599998474121,41.2400016784668,39.9799995422363,41,30757800,27.0387725830078
"2010-12-22",41.1699981689453,42.5400009155273,41.1599998474121,42.1599998474121,47280400,27.8037757873535
"2010-12-23",42.1500015258789,42.2700004577637,41.8199996948242,42.0800018310547,18927900,27.7510108947754
"2010-12-27",41.8199996948242,42.6800003051758,41.7999992370605,42.6699981689453,17203200,28.140100479126
"2010-12-28",42.7000007629395,43.1199989318848,42.4700012207031,42.6100006103516,20386600,28.1005458831787
"2010-12-29",42.5800018310547,42.7700004577637,42.2999992370605,42.3600006103516,13637400,27.9356803894043
"2010-12-30",42.310001373291,42.4700012207031,42.0499992370605,42.2299995422363,12901900,27.849946975708
"2010-12-31",42.1100006103516,42.4500007629395,42.0400009155273,42.4199981689453,12199700,27.9752311706543
"2011-01-03",43,44.0400009155273,42.9599990844727,43.5800018310547,43278500,28.7402477264404
"2011-01-04",43.7799987792969,44.2999992370605,43.3400001525879,44.1599998474121,40036800,29.1561908721924
"2011-01-05",43.9199981689453,44.9500007629395,43.9000015258789,44.7000007629395,50032500,29.5127239227295
"2011-01-06",44.4000015258789,44.7999992370605,44.25,44.4799995422363,31606200,29.3674659729004
"2011-01-07",44.5400009155273,44.5900001525879,42.6500015258789,43.6399993896484,69579400,28.8128643035889
"2011-01-10",43.2700004577637,43.7700004577637,43,43.4000015258789,30098100,28.6544132232666
"2011-01-11",43.7000007629395,44.0200004577637,43.4199981689453,43.5999984741211,28067100,28.7864627838135
"2011-01-12",44.439998626709,44.9000015258789,44.25,44.7099990844727,44296900,29.5193252563477
"2011-01-13",44.939998626709,44.9700012207031,44.1699981689453,44.4500007629395,42133000,29.3476543426514
"2011-01-14",44.5099983215332,45.939998626709,44.4500007629395,44.9099998474121,86983800,29.6513843536377
"2011-01-18",45.0200004577637,45.4199981689453,44.5,44.75,46237700,29.5457382202148
"2011-01-19",44.5499992370605,44.9700012207031,43.5999984741211,43.7099990844727,44989200,28.8590908050537
"2011-01-20",43.8300018310547,44.9900016784668,43.6100006103516,44.75,46977700,29.5457382202148
"2011-01-21",45.0499992370605,45.5400009155273,44.8499984741211,45.2900009155273,44767400,29.9022636413574
"2011-01-24",45.2099990844727,45.4799995422363,44.8600006103516,45.0200004577637,27826800,29.7239990234375
"2011-01-25",44.8199996948242,45.4300003051758,44.2599983215332,44.8699989318848,36022400,29.6249618530273
"2011-01-26",45.2000007629395,45.4799995422363,44.8699989318848,44.9799995422363,25639400,29.6975860595703
"2011-01-27",44.9799995422363,45.3800010681152,44.689998626709,45.0999984741211,26740900,29.7768135070801
"2011-01-28",45.0499992370605,45.8800010681152,44.4000015258789,44.5400009155273,38593900,29.4070816040039
"2011-01-31",44.4099998474121,45.0999984741211,44.4000015258789,44.939998626709,23574500,29.6711692810059
"2011-02-01",45.2000007629395,46,45.1599998474121,45.9300003051758,28255500,30.3248291015625
"2011-02-02",45.7900009155273,45.9799995422363,45.3400001525879,45.4500007629395,24104900,30.0078964233398
"2011-02-03",45.4799995422363,45.75,44.8400001525879,45.4599990844727,23322400,30.0145015716553
"2011-02-04",45,45.1699981689453,44.2999992370605,44.5900001525879,38172900,29.4401054382324
"2011-02-07",44.75,45.75,44.6500015258789,45.5,36790900,30.0409164428711
"2011-02-08",45.4900016784668,45.8199996948242,45.310001373291,45.7400016784668,28649500,30.1993675231934
"2011-02-09",45.3600006103516,45.5,44.6500015258789,45.1100006103516,33491000,29.7834167480469
"2011-02-10",45.0999984741211,45.5400009155273,44.9500007629395,45.5299987792969,22688600,30.0607128143311
"2011-02-11",45.4000015258789,46.8899993896484,45.4000015258789,46.5699996948242,40812800,30.7473678588867
"2011-02-14",46.5999984741211,46.9000015258789,46.4700012207031,46.5400009155273,28699200,30.727560043335
"2011-02-15",46.560001373291,47.3400001525879,46.5400009155273,46.8199996948242,35972900,30.9124374389648
"2011-02-16",47.1500015258789,48.3600006103516,47.0999984741211,47.939998626709,44327800,31.6519012451172
"2011-02-17",47.7700004577637,47.9900016784668,47.5,47.8199996948242,22932600,31.5726661682129
"2011-02-18",47.8199996948242,48.1300010681152,47.5499992370605,48,23844300,31.6915149688721
"2011-02-22",47.2000007629395,47.2700004577637,45.8499984741211,46.0099983215332,44561900,30.3776454925537
"2011-02-23",46.0400009155273,46.5,45.2900009155273,45.9599990844727,36264800,30.3446254730225
"2011-02-24",45.6300010681152,46.060001373291,45.2099990844727,45.9099998474121,31926900,30.3116226196289
"2011-02-25",46.25,46.8600006103516,46.1199989318848,46.6800003051758,26782100,30.8199882507324
"2011-02-28",46.810001373291,47.1800003051758,46.4199981689453,46.689998626709,25985300,30.8265972137451
"2011-03-01",46.4700012207031,46.689998626709,45.5900001525879,45.5999984741211,33682600,30.1069393157959
"2011-03-02",45.3899993896484,45.9700012207031,45.0699996948242,45.2099990844727,28600000,29.8494415283203
"2011-03-03",45.7200012207031,46.3300018310547,45.7099990844727,46.0800018310547,23043600,30.4238662719727
"2011-03-04",45.9799995422363,46.0400009155273,45.0999984741211,45.5200004577637,27716900,30.0541172027588
"2011-03-07",45.6199989318848,45.6500015258789,44.7599983215332,45.189998626709,28110800,29.8362483978271
"2011-03-08",45.3800010681152,46.689998626709,45.2999992370605,46.4000015258789,32941500,30.6351318359375
"2011-03-09",46.3300018310547,47.0999984741211,46.0200004577637,46.560001373291,25174700,30.7407703399658
"2011-03-10",46.0800018310547,46.25,45.2599983215332,45.5299987792969,33783700,30.0607128143311
"2011-03-11",45.2799987792969,45.8400001525879,45.25,45.7400016784668,20337600,30.1993675231934
"2011-03-14",45.4199981689453,45.5400009155273,44.6300010681152,45.2999992370605,24508900,29.9088649749756
"2011-03-15",44.5499992370605,44.9900016784668,43.8499984741211,44.6100006103516,35606000,29.453296661377
"2011-03-16",44.6399993896484,44.7799987792969,43.6599998474121,43.810001373291,41962900,28.9251117706299
"2011-03-17",44.4599990844727,44.6100006103516,43.4000015258789,44.560001373291,46741800,29.420295715332
"2011-03-18",45.2400016784668,46.1800003051758,44.75,45.7400016784668,77421000,30.1993675231934
"2011-03-21",46.2799987792969,46.3199996948242,45.3199996948242,45.6300010681152,28985300,30.1267471313477
"2011-03-22",45.6599998474121,45.7099990844727,45.3499984741211,45.4700012207031,19756600,30.0211067199707
"2011-03-23",45.2900009155273,45.689998626709,44.7700004577637,45.5999984741211,26688900,30.1069393157959
"2011-03-24",45.7000007629395,45.8400001525879,45.0900001525879,45.7299995422363,21748100,30.1927738189697
"2011-03-25",45.7000007629395,46.3800010681152,45.6699981689453,45.8600006103516,20710400,30.2786102294922
"2011-03-28",46.0999984741211,46.5,45.9500007629395,45.9599990844727,19039400,30.3446254730225
"2011-03-29",45.8300018310547,46.0400009155273,45.5200004577637,46.0200004577637,17913300,30.384241104126
"2011-03-30",46.5299987792969,46.8499984741211,46.2200012207031,46.4500007629395,26829100,30.6681308746338
"2011-03-31",46.0499992370605,46.3400001525879,45.9599990844727,46.0999984741211,23340500,30.4370574951172
"2011-04-01",46.5499992370605,46.8800010681152,46.1800003051758,46.3499984741211,25387300,30.6021060943604
"2011-04-04",46.1199989318848,46.5200004577637,46.0499992370605,46.3400001525879,15708000,30.7614459991455
"2011-04-05",46.1699981689453,46.7700004577637,46.0499992370605,46.5800018310547,21058400,30.9207572937012
"2011-04-06",46.810001373291,47.7299995422363,46.6300010681152,47.6399993896484,31203300,31.6243915557861
"2011-04-07",47.6399993896484,47.7999992370605,46.9599990844727,47.4000015258789,29972000,31.4650859832764
"2011-04-08",47.5200004577637,47.6599998474121,46.6300010681152,46.8400001525879,23808000,31.0933437347412
"2011-04-11",47,47.2700004577637,46.75,46.8600006103516,25641600,31.1066112518311
"2011-04-12",46.5499992370605,47.1100006103516,46.25,46.6399993896484,27231300,30.9605884552002
"2011-04-13",47.2400016784668,47.3699989318848,45.8800010681152,46.25,55383900,30.7017078399658
"2011-04-14",45.6800003051758,45.75,44.9099998474121,44.9700012207031,45214600,29.8520069122314
"2011-04-15",45.2400016784668,45.3699989318848,44.8300018310547,44.8899993896484,32475000,29.7988986968994
"2011-04-18",44.2700004577637,44.3499984741211,43.5299987792969,43.9599990844727,50958800,29.1815433502197
"2011-04-19",44.2599983215332,44.7099990844727,43.7599983215332,44.6500015258789,26705000,29.6395740509033
"2011-04-20",44.9000015258789,44.9700012207031,43.939998626709,44.560001373291,35542800,29.5798282623291
"2011-04-21",44.6800003051758,44.8400001525879,44.1199989318848,44.6800003051758,24368100,29.6594905853271
"2011-04-25",44.6500015258789,45.0200004577637,44.3800010681152,44.6100006103516,17358900,29.6130313873291
"2011-04-26",44.8499984741211,45.4300003051758,44.6100006103516,45.1199989318848,25900000,29.9515838623047
"2011-04-27",45.2999992370605,45.6300010681152,45.0499992370605,45.5,20857200,30.2038326263428
"2011-04-28",45.6100006103516,45.9300003051758,45.4099998474121,45.8499984741211,19859000,30.4361572265625
"2011-04-29",45.810001373291,46.0200004577637,45.4000015258789,45.6300010681152,23363000,30.2901287078857
"2011-05-02",45.939998626709,45.9900016784668,45.1100006103516,45.1800003051758,25904000,29.9914150238037
"2011-05-03",44.9500007629395,46.0699996948242,44.8600006103516,45.9199981689453,30025500,30.4826354980469
"2011-05-04",45.9799995422363,46.0400009155273,45.2799987792969,45.5,22727400,30.2038326263428
"2011-05-05",45.2400016784668,45.7099990844727,44.9900016784668,45.1699981689453,26154500,29.9847564697266
"2011-05-06",45.4700012207031,45.7099990844727,44.7599983215332,45.0400009155273,26332300,29.8984642028809
"2011-05-09",44.75,45.1100006103516,44.3199996948242,44.9599990844727,22469500,29.8453712463379
"2011-05-10",45.060001373291,45.5,44.9799995422363,45.1599998474121,20534200,29.9781265258789
"2011-05-11",45.0200004577637,45.0400009155273,44.1100006103516,44.2299995422363,31519600,29.3607711791992
"2011-05-12",44.0999984741211,44.3300018310547,43.5499992370605,44.0900001525879,29567900,29.2678337097168
"2011-05-13",44.060001373291,44.0999984741211,42.9799995422363,43.1500015258789,32872500,28.6438522338867
"2011-05-16",42.9700012207031,43.4799995422363,42.7200012207031,42.8800010681152,34951100,28.4646186828613
"2011-05-17",42.6800003051758,44.0200004577637,42.6500015258789,43.810001373291,36277100,29.0819702148438
"2011-05-18",43.7200012207031,44.2400016784668,43.4099998474121,44.0800018310547,24372100,29.2611999511719
"2011-05-19",44.3199996948242,44.3499984741211,43.75,44,19518000,29.2080917358398
"2011-05-20",43.8300018310547,44.0900001525879,43.0900001525879,43.1300010681152,29946700,28.6305694580078
"2011-05-23",42.4000015258789,42.9000015258789,42.2999992370605,42.5499992370605,32299500,28.2455520629883
"2011-05-24",42.7700004577637,42.9199981689453,41.689998626709,42.3400001525879,39341400,28.1061515808105
"2011-05-25",42.1100006103516,42.75,42.0999984741211,42.2700004577637,26505300,28.0596923828125
"2011-05-26",42.1199989318848,42.5900001525879,42.0999984741211,42.4500007629395,21648100,28.1791763305664
"2011-05-27",42.7000007629395,43.1500015258789,42.5400009155273,42.7900009155273,24747300,28.4048652648926
"2011-05-31",43.2400016784668,43.3800010681152,42.7700004577637,43.2400016784668,28746300,28.7035942077637
"2011-06-01",42.8699989318848,42.9900016784668,41.7299995422363,41.7599983215332,38628700,27.7211380004883
"2011-06-02",41.9300003051758,42.2000007629395,40.8300018310547,41.6100006103516,45964000,27.6215686798096
"2011-06-03",41.0900001525879,42.25,41.0200004577637,41.5699996948242,31833100,27.5950126647949
"2011-06-06",41.0999984741211,41.2400016784668,40.3699989318848,40.5299987792969,40895900,26.9046401977539
"2011-06-07",40.9199981689453,41.310001373291,40.6500015258789,40.7200012207031,36312000,27.0307598114014
"2011-06-08",40.5800018310547,41.0699996948242,40.2000007629395,40.3899993896484,38890700,26.8117046356201
"2011-06-09",40.5900001525879,41.2400016784668,40.5400009155273,40.9799995422363,30082300,27.2033653259277
"2011-06-10",40.5900001525879,41.5,40.0999984741211,41.0499992370605,48545700,27.2498302459717
"2011-06-13",41.2900009155273,41.8199996948242,40.7200012207031,41.6699981689453,31767100,27.6613922119141
"2011-06-14",42.1300010681152,42.439998626709,41.4799995422363,41.6100006103516,32103500,27.6215686798096
"2011-06-15",41.0200004577637,41.4000015258789,40.25,40.6800003051758,37336400,27.0042037963867
"2011-06-16",40.6300010681152,40.7099990844727,39.7000007629395,40.3600006103516,50316600,26.7918014526367
"2011-06-17",40.8499984741211,41.060001373291,40.5400009155273,40.7999992370605,31999600,27.0838680267334
"2011-06-20",40.5,40.810001373291,40.1199989318848,40.4799995422363,21565400,26.8714466094971
"2011-06-21",40.6800003051758,41.2299995422363,40.25,40.9099998474121,34241100,27.1568965911865
"2011-06-22",40.6699981689453,41.5299987792969,40.4799995422363,40.689998626709,27306300,27.0108528137207
"2011-06-23",40.1199989318848,40.25,39.6199989318848,40.0699996948242,48307500,26.5992851257324
"2011-06-24",40.0499992370605,40.1800003051758,39.439998626709,39.4900016784668,36136800,26.2142601013184
"2011-06-27",39.4000015258789,40.1100006103516,39.3300018310547,39.8800010681152,30632700,26.473165512085
"2011-06-28",40.0699996948242,40.0699996948242,39.2400016784668,39.5400009155273,41558700,26.2474575042725
"2011-06-29",40.0400009155273,40.560001373291,39.9199981689453,40.4500007629395,44775900,26.8515319824219
"2011-06-30",40.7200012207031,41.0699996948242,40.3699989318848,40.939998626709,28000100,27.1768054962158
"2011-07-01",40.810001373291,41.7200012207031,40.7700004577637,41.5800018310547,32136800,27.7712287902832
"2011-07-05",41.5099983215332,41.5099983215332,40.9700012207031,41.0299987792969,23805800,27.4038925170898
"2011-07-06",40.5900001525879,40.6500015258789,40.1800003051758,40.560001373291,23865700,27.0899848937988
"2011-07-07",41.189998626709,41.7900009155273,41.0999984741211,41.3199996948242,28550800,27.5975856781006
"2011-07-08",40.7000007629395,40.9700012207031,40.560001373291,40.7400016784668,20680000,27.2101974487305
"2011-07-11",40.189998626709,40.2200012207031,39.2900009155273,39.4300003051758,38328000,26.3352489471436
"2011-07-12",39.2400016784668,40.1199989318848,39.2400016784668,39.3899993896484,33808300,26.3085403442383
"2011-07-13",39.6699981689453,40.3699989318848,39.4099998474121,39.6199989318848,34020600,26.4621467590332
"2011-07-14",41.1800003051758,41.2400016784668,40.2900009155273,40.3499984741211,65327400,26.9497146606445
"2011-07-15",40.6100006103516,40.75,39.5,39.9799995422363,46544900,26.7025947570801
"2011-07-18",39.7900009155273,40,38.9300003051758,39.8300018310547,47603200,26.6024150848389
"2011-07-19",39.9199981689453,40.4900016784668,39.7099990844727,40.3899993896484,34837400,26.9764347076416
"2011-07-20",40.689998626709,41.3600006103516,40.6199989318848,40.9599990844727,31250900,27.3571319580078
"2011-07-21",41.5699996948242,42.5499992370605,41.2299995422363,42.2900009155273,45552200,28.2454414367676
"2011-07-22",42.2700004577637,42.3199996948242,41.7599983215332,42.189998626709,19986100,28.178653717041
"2011-07-25",41.5200004577637,41.9099998474121,41.2900009155273,41.689998626709,22522300,27.8447036743164
"2011-07-26",41.5,41.7900009155273,41.2900009155273,41.439998626709,24350600,27.6777248382568
"2011-07-27",41.2000007629395,41.4000015258789,40.5900001525879,40.6699981689453,32361100,27.1634502410889
"2011-07-28",40.689998626709,41.2400016784668,40.6199989318848,40.6800003051758,23370200,27.1701202392578
"2011-07-29",40.2400016784668,40.75,39.9000015258789,40.4500007629395,37793400,27.016508102417
"2011-08-01",41.1599998474121,41.3699989318848,39.9599990844727,40.439998626709,34039300,27.0098361968994
"2011-08-02",40.0999984741211,40.3800010681152,39.8400001525879,39.8400001525879,42119000,26.6090927124023
"2011-08-03",39.7599983215332,40.0200004577637,39.3499984741211,39.9000015258789,41110100,26.6491622924805
"2011-08-04",39.310001373291,39.5900001525879,37.8199996948242,37.9199981689453,59931100,25.3267211914062
"2011-08-05",38.2999992370605,38.75,36.7200012207031,37.5999984741211,85507800,25.1129913330078
"2011-08-08",36.2299995422363,37.7200012207031,33.689998626709,34.060001373291,107650300,22.7486381530762
"2011-08-09",35.3800010681152,36.5900001525879,33.689998626709,36.4000015258789,78985700,24.3115215301514
"2011-08-10",35.5200004577637,35.8499984741211,33.9900016784668,34.3699989318848,83975700,22.9556922912598
"2011-08-11",34.6300010681152,37.2999992370605,34.6300010681152,36.689998626709,69583500,24.5052089691162
"2011-08-12",37.1300010681152,37.8499984741211,35.5800018310547,35.9099998474121,44072800,23.9842510223389
"2011-08-15",36.5299987792969,37.1399993896484,36.3899993896484,36.8800010681152,34827900,24.6321086883545
"2011-08-16",36.2700004577637,36.5699996948242,35.7700004577637,36.0299987792969,42266600,24.0643978118896
"2011-08-17",36.4599990844727,37.2599983215332,36.3199996948242,36.5699996948242,30131400,24.4250583648682
"2011-08-18",35.2700004577637,35.4700012207031,34.5,35.189998626709,57130300,23.5033550262451
"2011-08-19",34.7599983215332,35.5,34.2599983215332,34.3499984741211,52960800,22.9423217773438
"2011-08-22",35.1199989318848,35.1800003051758,33.3499984741211,33.4099998474121,50971400,22.3145046234131
"2011-08-23",33.2900009155273,34.7999992370605,32.310001373291,34.7799987792969,55807900,23.2295207977295
"2011-08-24",34.8199996948242,36.0099983215332,34.6800003051758,35.8300018310547,41959800,23.9308128356934
"2011-08-25",37.7900009155273,38.5699996948242,35.4199981689453,35.7200012207031,55387600,23.8573436737061
"2011-08-26",35.2799987792969,36.4799995422363,34.8199996948242,36.2099990844727,35114200,24.1846160888672
"2011-08-29",36.8199996948242,37.6399993896484,36.4700012207031,37.6399993896484,27943900,25.1397113800049
"2011-08-30",37.4000015258789,37.7200012207031,36.75,37.060001373291,28818700,24.7523307800293
"2011-08-31",37.4199981689453,38.0299987792969,37.2200012207031,37.560001373291,30051100,25.0862808227539
"2011-09-01",37.6199989318848,37.8199996948242,36.2900009155273,36.2999992370605,36862300,24.2447299957275
"2011-09-02",35.060001373291,35.25,34.5099983215332,34.6300010681152,41677300,23.1293392181396
"2011-09-06",33.1100006103516,33.5,32.7799987792969,33.439998626709,57071200,22.3345413208008
"2011-09-07",34.0999984741211,34.9799995422363,33.8699989318848,34.8199996948242,36145900,23.2562389373779
"2011-09-08",34.439998626709,34.9099998474121,33.439998626709,33.5099983215332,44815300,22.3812942504883
"2011-09-09",33.0800018310547,33.2000007629395,31.9300003051758,32.0800018310547,67187400,21.426197052002
"2011-09-12",31.3500003814697,32.4199981689453,31.2099990844727,32.4199981689453,53377600,21.6532802581787
"2011-09-13",32.810001373291,33.4099998474121,32.1699981689453,32.4900016784668,50137600,21.7000293731689
"2011-09-14",32.7299995422363,33.189998626709,31.8600006103516,32.7999992370605,44442500,21.9070777893066
"2011-09-15",33.3699989318848,33.8199996948242,33.1300010681152,33.810001373291,35847800,22.5816650390625
"2011-09-16",34.0499992370605,34.2700004577637,33.0200004577637,33.4300003051758,52683800,22.3278579711914
"2011-09-19",32.689998626709,32.8899993896484,32.1300010681152,32.4900016784668,33154800,21.7000293731689
"2011-09-20",32.7700004577637,32.7999992370605,32.2400016784668,32.25,34085100,21.5397396087646
"2011-09-21",32.2299995422363,32.4500007629395,30.2600002288818,30.3400001525879,57389200,20.2640495300293
"2011-09-22",29.3500003814697,29.6299991607666,28.5300006866455,29.2700004577637,86285600,19.5493984222412
"2011-09-23",28.9599990844727,29.7999992370605,28.8600006103516,29.5900001525879,51731300,19.7631301879883
"2011-09-26",30.0599994659424,31.8099994659424,29.9599990844727,31.6499996185303,58696100,21.1389942169189
"2011-09-27",32.6199989318848,33.1300010681152,31.25,31.5699996948242,58242900,21.0855731964111
"2011-09-28",31.6200008392334,32,30.4200000762939,30.4699993133545,38725900,20.3508777618408
"2011-09-29",31.5799999237061,32.1100006103516,30.4400005340576,31.3899993896484,51014100,20.9653491973877
"2011-09-30",30.7399997711182,30.9500007629395,30.1100006103516,30.1200008392334,42420600,20.1171092987061
"2011-10-03",30.0300006866455,30.7000007629395,28.6399993896484,28.6499996185303,51002700,19.1352977752686
"2011-10-04",28.25,30.4300003051758,27.8500003814697,30.2600002288818,69800000,20.3885345458984
"2011-10-05",30.2299995422363,31.1700000762939,29.3999996185303,30.8400001525879,51117200,20.7793197631836
"2011-10-06",30.7099990844727,32.4599990844727,30.4200000762939,32.3800010681152,53214000,21.8169345855713
"2011-10-07",32.5800018310547,32.6100006103516,30.6499996185303,30.7000007629395,49320600,20.6849937438965
"2011-10-10",31.6000003814697,32.3199996948242,31.5799999237061,32.2999992370605,37324800,21.7630386352539
"2011-10-11",31.9799995422363,32.6800003051758,31.4099998474121,32.2999992370605,38161700,21.7630386352539
"2011-10-12",32.7599983215332,33.8699989318848,32.689998626709,33.2000007629395,55462500,22.3694362640381
"2011-10-13",32.4500007629395,32.4900016784668,30.9200000762939,31.6000003814697,78830000,21.291389465332
"2011-10-14",31.8700008392334,32.3199996948242,31.3999996185303,31.8899993896484,51899600,21.4867897033691
"2011-10-17",31.6399993896484,32.0900001525879,30.9699993133545,31.0400009155273,40865400,20.9140815734863
"2011-10-18",31.3600006103516,33.4199981689453,31.1399993896484,32.8699989318848,64392400,22.1470890045166
"2011-10-19",32.7700004577637,34.0099983215332,32.0299987792969,32.25,50119300,21.7293472290039
"2011-10-20",32.3199996948242,33.189998626709,31.6700000762939,33.1300010681152,41657100,22.3222694396973
"2011-10-21",33.4799995422363,34.0400009155273,33.0099983215332,33.4199981689453,48445300,22.517671585083
"2011-10-24",33.6100006103516,34.689998626709,33.5699996948242,34.5699996948242,45697200,23.2925186157227
"2011-10-25",34.1800003051758,34.25,33.3600006103516,33.4900016784668,38679100,22.5648345947266
"2011-10-26",34.1100006103516,34.4099998474121,33.5,34.1800003051758,36350900,23.0297431945801
"2011-10-27",36.560001373291,37.5400009155273,35.7000007629395,37.0200004577637,76438300,24.9432773590088
"2011-10-28",36.6100006103516,36.9799995422363,36.189998626709,36.689998626709,39891200,24.72092628479
"2011-10-31",35.9300003051758,36,34.7299995422363,34.7599983215332,46429800,23.4205265045166
"2011-11-01",32.4700012207031,33.6399993896484,31.8400001525879,32.7099990844727,74052400,22.03928565979
"2011-11-02",33.7099990844727,33.7400016784668,33.060001373291,33.6399993896484,34325900,22.665901184082
"2011-11-03",34.1199989318848,34.5200004577637,32.8400001525879,34.3800010681152,40084700,23.1644954681396
"2011-11-04",33.9900016784668,34.060001373291,33.4500007629395,33.9700012207031,30858700,22.8882446289062
"2011-11-07",34.0299987792969,34.3400001525879,33.7099990844727,34.2400016784668,25925900,23.0701675415039
"2011-11-08",34.5299987792969,35.1800003051758,34.0200004577637,35.0200004577637,30193100,23.5957107543945
"2011-11-09",33.8400001525879,33.9900016784668,32.3800010681152,32.5400009155273,52990400,21.9247417449951
"2011-11-10",32.9199981689453,33.2299995422363,32.2799987792969,32.7400016784668,30427400,22.0594997406006
"2011-11-11",33.2799987792969,33.8499984741211,33.0200004577637,33.2799987792969,29983400,22.4233455657959
"2011-11-14",32.9500007629395,32.9799995422363,32.2200012207031,32.5499992370605,27596300,21.9314785003662
"2011-11-15",32.0900001525879,33.1100006103516,32.0800018310547,32.7000007629395,31260500,22.0325489044189
"2011-11-16",32.3400001525879,32.4900016784668,31.3999996185303,31.4699993133545,40761800,21.2038059234619
"2011-11-17",31.3999996185303,31.5,30.3400001525879,30.4899997711182,55130100,20.5434970855713
"2011-11-18",30.6700000762939,30.8500003814697,30.3299999237061,30.6200008392334,39029900,20.6310882568359
"2011-11-21",30.0200004577637,30.1900005340576,29.6000003814697,29.9099998474121,39658100,20.1527042388916
"2011-11-22",29.8999996185303,30.1000003814697,29.3799991607666,29.4099998474121,36466200,19.8158187866211
"2011-11-23",29.1100006103516,29.1499996185303,28.3299999237061,28.3799991607666,44468500,19.1218185424805
"2011-11-25",28.2800006866455,29.1700000762939,28.2800006866455,28.4799995422363,21423200,19.1892070770264
"2011-11-28",29.7099990844727,30.0699996948242,28.8199996948242,29.1599998474121,45280100,19.6473731994629
"2011-11-29",28.9799995422363,29.1299991607666,28.4799995422363,28.5599994659424,45104700,19.2431049346924
"2011-11-30",30.1499996185303,31,29.7999992370605,30.9699993133545,61412600,20.8669109344482
"2011-12-01",30.8600006103516,30.9699993133545,30.0300006866455,30.4599990844727,33189700,20.5232906341553
"2011-12-02",30.8799991607666,33.2700004577637,30.8099994659424,32.3300018310547,90515100,21.7832546234131
"2011-12-05",33.6399993896484,34.0999984741211,33.2200012207031,33.5099983215332,52207600,22.5783100128174
"2011-12-06",33.2599983215332,33.5800018310547,32.6800003051758,33.2299995422363,38782900,22.3896503448486
"2011-12-07",32.8199996948242,34.189998626709,32.7200012207031,34,44722800,22.9084663391113
"2011-12-08",33.5499992370605,33.7000007629395,32.0800018310547,32.2200012207031,47788900,21.709135055542
"2011-12-09",32.3600006103516,33.310001373291,32.3600006103516,33.1800003051758,39104600,22.3559703826904
"2011-12-12",32.5499992370605,32.5999984741211,31.7600002288818,32.0400009155273,35977900,21.5878505706787
"2011-12-13",32.3699989318848,32.6300010681152,30.8700008392334,31.2900009155273,49475100,21.0825290679932
"2011-12-14",30.8799991607666,31.9400005340576,30.8299999237061,31.5100002288818,41291500,21.230749130249
"2011-12-15",32.0999984741211,32.2799987792969,31.5699996948242,31.7600002288818,33457300,21.3991947174072
"2011-12-16",32.1599998474121,32.5999984741211,31.8099994659424,31.8899993896484,52596800,21.4867897033691
"2011-12-19",31.8700008392334,31.8999996185303,30.4200000762939,30.7000007629395,47388000,20.6849937438965
"2011-12-20",31.3999996185303,32.439998626709,31.2399997711182,32.2099990844727,49091600,21.7023944854736
"2011-12-21",32,32.4099998474121,31.8999996185303,32.3199996948242,30893000,21.7765083312988
"2011-12-22",32.689998626709,33.5499992370605,32.5400009155273,33.4500007629395,35543200,22.5378761291504
"2011-12-23",33.6199989318848,33.7000007629395,33.1300010681152,33.5699996948242,21958800,22.6187324523926
"2011-12-27",33.2200012207031,33.689998626709,33.0299987792969,33.0299987792969,16891600,22.254903793335
"2011-12-28",32.9900016784668,33.0900001525879,32.5699996948242,32.6500015258789,19242700,21.9988689422607
"2011-12-29",32.7099990844727,33.5200004577637,32.7099990844727,33.4199981689453,19792000,22.517671585083
"2011-12-30",33.1100006103516,33.4199981689453,33.060001373291,33.25,18196900,22.4031276702881
"2012-01-03",34.060001373291,35.189998626709,34.0099983215332,34.9799995422363,44102800,23.5687713623047
"2012-01-04",34.439998626709,35.1500015258789,34.3300018310547,34.9500007629395,36571200,23.7180633544922
"2012-01-05",34.7099990844727,35.9199981689453,34.4000015258789,35.6800003051758,38381400,24.2134609222412
"2012-01-06",35.689998626709,35.7700004577637,35.1399993896484,35.3600006103516,33160600,23.9962997436523
"2012-01-09",35.439998626709,35.6800003051758,34.9900016784668,35.2999992370605,23001800,23.9555759429932
"2012-01-10",36.0699996948242,36.3499984741211,35.7599983215332,36.0499992370605,35972800,24.4645519256592
"2012-01-11",35.7999992370605,36.7400016784668,35.6599998474121,36.6599998474121,29852900,24.8785133361816
"2012-01-12",36.8199996948242,37.0499992370605,36.1699981689453,36.8499984741211,39420700,25.0074481964111
"2012-01-13",35.2599983215332,35.9199981689453,35.1300010681152,35.9199981689453,61571500,24.3763275146484
"2012-01-17",34.8499984741211,35.6800003051758,34.5,34.9099998474121,55115100,23.6909141540527
"2012-01-18",34.5400009155273,36.6800003051758,34.5299987792969,36.5400009155273,55502100,24.7970905303955
"2012-01-19",36.8400001525879,37.1500015258789,36.7099990844727,36.9300003051758,37000400,25.0617427825928
"2012-01-20",36.7799987792969,37.4000015258789,36.6199989318848,37.3600006103516,34716500,25.3535633087158
"2012-01-23",37.310001373291,37.939998626709,37.2700004577637,37.6599998474121,27499200,25.5571422576904
"2012-01-24",37.1800003051758,37.8899993896484,36.7999992370605,37.6599998474121,25403800,25.5571422576904
"2012-01-25",37.3600006103516,37.8199996948242,37.1199989318848,37.5999984741211,29860700,25.5164260864258
"2012-01-26",37.8800010681152,38.0999984741211,37.25,37.4900016784668,33284600,25.441780090332
"2012-01-27",37.2299995422363,37.6599998474121,37.1500015258789,37.2099990844727,27674600,25.2517547607422
"2012-01-30",36.6599998474121,37.1699981689453,36.3600006103516,37.0099983215332,24423600,25.1160411834717
"2012-01-31",37.5299987792969,37.5400009155273,36.9300003051758,37.2999992370605,29649500,25.312837600708
"2012-02-01",37.8899993896484,38.0299987792969,37.5,37.5999984741211,41957800,25.5164260864258
"2012-02-02",37.689998626709,38.1599998474121,37.4199981689453,37.5499992370605,26784200,25.4824981689453
"2012-02-03",38.2700004577637,38.5,38.0499992370605,38.2799987792969,41074400,25.9778919219971
"2012-02-06",38.060001373291,38.3199996948242,37.810001373291,38.1399993896484,23106200,25.8828830718994
"2012-02-07",37.8600006103516,38.1199989318848,37.7000007629395,37.8699989318848,21091900,25.6996593475342
"2012-02-08",38.0499992370605,38.3499984741211,37.9700012207031,38.2999992370605,23258700,25.9914779663086
"2012-02-09",38.5999984741211,38.6800003051758,37.8400001525879,37.8600006103516,28608400,25.6928691864014
"2012-02-10",37.2200012207031,37.7700004577637,37.1100006103516,37.6100006103516,22618800,25.5232086181641
"2012-02-13",38.0800018310547,38.3400001525879,37.7799987792969,38.2999992370605,24828000,25.9914779663086
"2012-02-14",38.2299995422363,38.2599983215332,37.439998626709,37.9199981689453,27031900,25.7335910797119
"2012-02-15",38.0800018310547,38.4000015258789,37.310001373291,37.4000015258789,26534900,25.3807048797607
"2012-02-16",37.1500015258789,38.1199989318848,37.0499992370605,38,22139600,25.787878036499
"2012-02-17",38.5999984741211,38.6399993896484,38.2299995422363,38.4700012207031,28009300,26.1068325042725
"2012-02-21",38.6500015258789,38.9700012207031,38.4099998474121,38.4599990844727,22804200,26.1000442504883
"2012-02-22",38.2999992370605,38.3899993896484,37.9000015258789,38.0699996948242,23416900,25.8353862762451
"2012-02-23",38.060001373291,38.5200004577637,37.75,38.4900016784668,31361400,26.1204090118408
"2012-02-24",38.6599998474121,38.6800003051758,38.189998626709,38.2799987792969,17586400,25.9778919219971
"2012-02-27",38.0699996948242,39.2299995422363,37.7900009155273,39.060001373291,34030400,26.507230758667
"2012-02-28",39.1300010681152,39.5499992370605,38.8499984741211,39.2099990844727,37900900,26.609016418457
"2012-02-29",39.3300018310547,39.939998626709,39.0200004577637,39.2400016784668,41187700,26.6293697357178
"2012-03-01",39.5099983215332,40.4500007629395,39.4700012207031,40.3699989318848,44376700,27.3962306976318
"2012-03-02",40.4300003051758,40.8800010681152,40.2299995422363,40.6300010681152,34897900,27.5726699829102
"2012-03-05",40.7000007629395,40.7099990844727,40,40.4000015258789,30806900,27.4165916442871
"2012-03-06",39.4500007629395,39.8699989318848,39.1199989318848,39.3199996948242,33927500,26.6836681365967
"2012-03-07",39.4599990844727,40.060001373291,39.3800010681152,39.9500007629395,22875100,27.1112003326416
"2012-03-08",40.4700012207031,40.75,40.2200012207031,40.439998626709,22052300,27.4437465667725
"2012-03-09",40.75,41.439998626709,40.5,41.0299987792969,33494200,27.8441295623779
"2012-03-12",40.8600006103516,40.9799995422363,40.2000007629395,40.5400009155273,30763800,27.5115852355957
"2012-03-13",41.0200004577637,43.7299995422363,40.8199996948242,43.3899993896484,77277600,29.4456825256348
"2012-03-14",43.6199989318848,44,43.0699996948242,43.5800018310547,68028700,29.5746326446533
"2012-03-15",43.6399993896484,44.9199981689453,42.9300003051758,44.7000007629395,57117700,30.3346920013428
"2012-03-16",44.8699989318848,44.9199981689453,44.2200012207031,44.5699996948242,48844500,30.2464714050293
"2012-03-19",44.439998626709,45.3499984741211,44.2099990844727,45,41509300,30.5382823944092
"2012-03-20",44.5299987792969,45.5999984741211,44.3699989318848,45.3800010681152,34796200,30.7961692810059
"2012-03-21",45.5299987792969,45.6699981689453,44.8600006103516,45.1199989318848,27267900,30.6197147369385
"2012-03-22",44.7200012207031,45.0999984741211,44.4099998474121,44.6500015258789,27457200,30.3007659912109
"2012-03-23",44.4500007629395,45.25,44.439998626709,45.1599998474121,30639300,30.6468505859375
"2012-03-26",45.4799995422363,46.1699981689453,45.4000015258789,46.1699981689453,33529400,31.3322811126709
"2012-03-27",45.9199981689453,46.4900016784668,45.8300018310547,45.8899993896484,33026400,31.1422710418701
"2012-03-28",45.7599983215332,46.310001373291,45.3600006103516,46.2700004577637,29755800,31.4001445770264
"2012-03-29",45.9199981689453,46.0200004577637,45.2700004577637,45.6699981689453,32262300,30.9929428100586
"2012-03-30",46.0800018310547,46.1300010681152,45.5,45.9799995422363,25945800,31.2033271789551
"2012-04-02",45.75,46.3499984741211,45.4599990844727,46.1300010681152,27669300,31.3051300048828
"2012-04-03",45.7400016784668,45.9900016784668,44.9700012207031,45.4199981689453,31036400,31.0250682830811
"2012-04-04",44.6800003051758,44.8600006103516,43.9599990844727,44.4099998474121,41342900,30.3351612091064
"2012-04-05",44.1300010681152,44.7299995422363,43.810001373291,44.3400001525879,28832300,30.2873458862305
"2012-04-09",43.189998626709,44.2799987792969,43.0699996948242,43.8899993896484,29376400,29.9799652099609
"2012-04-10",43.8800010681152,44.0099983215332,42.6599998474121,42.9599990844727,38841000,29.344705581665
"2012-04-11",43.5900001525879,44.2099990844727,43.5699996948242,44.0099983215332,32142200,30.0619297027588
"2012-04-12",44.1199989318848,44.9900016784668,44,44.8400001525879,33631100,30.6288928985596
"2012-04-13",44.9500007629395,44.9500007629395,43.060001373291,43.2099990844727,58183900,29.5154895782471
"2012-04-16",43.3800010681152,43.7999992370605,42.8400001525879,43.3300018310547,40387600,29.5974540710449
"2012-04-17",43.689998626709,44,43.1599998474121,43.9000015258789,26887000,29.9868011474609
"2012-04-18",43.6199989318848,43.9099998474121,43.2700004577637,43.2900009155273,20242900,29.5701236724854
"2012-04-19",43.439998626709,43.689998626709,42.7700004577637,43.2200012207031,25961800,29.5223121643066
"2012-04-20",43.5099983215332,43.5800018310547,42.7099990844727,42.7200012207031,26178100,29.1807823181152
"2012-04-23",41.9199981689453,42.9599990844727,41.7999992370605,42.8499984741211,25536300,29.2695903778076
"2012-04-24",42.9799995422363,43.310001373291,42.810001373291,43.2799987792969,21420400,29.5632972717285
"2012-04-25",43.6500015258789,43.8899993896484,42.9799995422363,43.1599998474121,31694000,29.4813213348389
"2012-04-26",43.2200012207031,43.8899993896484,43.060001373291,43.7999992370605,28100300,29.9184894561768
"2012-04-27",43.939998626709,43.9900016784668,43.2299995422363,43.3400001525879,26242900,29.6042709350586
"2012-04-30",43.3300018310547,43.3699989318848,42.5400009155273,42.9799995422363,23518000,29.3583793640137
"2012-05-01",43,44.2400016784668,42.9599990844727,43.7900009155273,26359700,29.9116687774658
"2012-05-02",43.4599990844727,43.5299987792969,42.8400001525879,43.2000007629395,22462200,29.5086555480957
"2012-05-03",43.3800010681152,43.3899993896484,42.6699981689453,43.0099983215332,19536400,29.3788642883301
"2012-05-04",42.3300018310547,42.6800003051758,41.7099990844727,41.75,31279900,28.5182037353516
"2012-05-07",41.4300003051758,42.4000015258789,41.3699989318848,41.7799987792969,25910100,28.5386962890625
"2012-05-08",41.5,41.8400001525879,40.9500007629395,41.3800010681152,28049700,28.2654552459717
"2012-05-09",40.7200012207031,41.0200004577637,40.1199989318848,40.6399993896484,38769900,27.75998878479
"2012-05-10",41.2299995422363,41.4000015258789,40.5400009155273,40.7400016784668,35827100,27.8282985687256
"2012-05-11",37.1399993896484,37.9900016784668,36.6199989318848,36.9599990844727,217294200,25.2462940216064
"2012-05-14",36.0999984741211,36.4700012207031,35.7599983215332,35.7900009155273,96488500,24.4470977783203
"2012-05-15",36.189998626709,37.2700004577637,36.1199989318848,36.2400016784668,89903700,24.7544822692871
"2012-05-16",36.7900009155273,36.9799995422363,35.4599990844727,35.4599990844727,68729600,24.2216796875
"2012-05-17",35.0400009155273,35.0999984741211,33.8800010681152,33.9300003051758,95429200,23.1765918731689
"2012-05-18",33.9900016784668,33.9900016784668,32.9700012207031,33.4900016784668,82650100,22.8760356903076
"2012-05-21",33.5200004577637,33.7099990844727,32.2599983215332,32.5099983215332,99554800,22.2066268920898
"2012-05-22",33.3199996948242,34.5800018310547,32.9900016784668,34.0099983215332,84721000,23.2312297821045
"2012-05-23",33.6199989318848,34.4199981689453,33.2099990844727,34.2599983215332,52512900,23.4020042419434
"2012-05-24",34.439998626709,34.4799995422363,33.6199989318848,33.9700012207031,37843800,23.2039089202881
"2012-05-25",34,34.1300010681152,33.2900009155273,33.5,28796400,22.8828678131104
"2012-05-29",33.9799995422363,34,33.3600006103516,33.6300010681152,35855200,22.9716606140137
"2012-05-30",33.2999992370605,33.439998626709,32.9500007629395,32.9599990844727,34203600,22.5140056610107
"2012-05-31",32.9599990844727,33.4700012207031,32.9099998474121,33.1500015258789,42124900,22.6437911987305
"2012-06-01",32.4099998474121,32.6500015258789,31.7700004577637,31.9300003051758,50472200,21.8104476928711
"2012-06-04",32.1599998474121,32.1699981689453,30.8299999237061,31,60492400,21.1751880645752
"2012-06-05",30.8899993896484,32.1300010681152,30.8600006103516,31.9899997711182,46502800,21.8514270782471
"2012-06-06",32.7099990844727,33.310001373291,32.2700004577637,33.0699996948242,47980500,22.5891513824463
"2012-06-07",33.7700004577637,33.8300018310547,32.7999992370605,32.810001373291,53888800,22.4115428924561
"2012-06-08",32.7700004577637,33.6800003051758,32.5499992370605,33.6800003051758,34238200,23.0058174133301
"2012-06-11",34.3699989318848,34.439998626709,32.7799987792969,32.8199996948242,46404900,22.418384552002
"2012-06-12",32.8800010681152,33.7799987792969,32.5099983215332,33.7700004577637,43334400,23.0673007965088
"2012-06-13",33.689998626709,35.0699996948242,33.6300010681152,34.2999992370605,72456600,23.4293270111084
"2012-06-14",34.4099998474121,34.8899993896484,34.0699996948242,34.6500015258789,44428000,23.6684036254883
"2012-06-15",34.8899993896484,35.0699996948242,34.4099998474121,35.0299987792969,40917100,23.9279651641846
"2012-06-18",34.7099990844727,35.2999992370605,34.5,34.6199989318848,31084400,23.6479034423828
"2012-06-19",34.9900016784668,35.6300010681152,34.7299995422363,35.3800010681152,32489000,24.1670379638672
"2012-06-20",36.0299987792969,36.939998626709,35.8300018310547,36.4500007629395,61149700,24.8979244232178
"2012-06-21",36.4900016784668,37.0299987792969,35.4300003051758,35.5099983215332,95637000,24.2558364868164
"2012-06-22",36.0200004577637,36.4900016784668,35.9599990844727,35.9900016784668,44193500,24.5837059020996
"2012-06-25",35.2599983215332,35.4700012207031,34.6399993896484,35.3199996948242,33115800,24.1260528564453
"2012-06-26",36.060001373291,36.1199989318848,35.5800018310547,35.7099990844727,35053600,24.3924465179443
"2012-06-27",35.6399993896484,36.8199996948242,35.5,36.7799987792969,34156800,25.1233348846436
"2012-06-28",35.3199996948242,35.9300003051758,34.8499984741211,35.8800010681152,69904800,24.5085773468018
"2012-06-29",36.7000007629395,36.7999992370605,35.25,35.7299995422363,56063200,24.4061126708984
"2012-07-02",36.2700004577637,36.3600006103516,35.5900001525879,36.2799987792969,34274900,24.7817993164062
"2012-07-03",35.9599990844727,36.1399993896484,35.5400009155273,35.8800010681152,26705900,24.7129287719727
"2012-07-05",35.6100006103516,35.6599998474121,34.2200012207031,34.3800010681152,58519800,23.6797771453857
"2012-07-06",33.9199981689453,34.1199989318848,33.7299995422363,33.9000015258789,32057200,23.3491764068604
"2012-07-09",33.810001373291,34.1199989318848,33.5400009155273,33.9599990844727,30545000,23.3904914855957
"2012-07-10",34.2200012207031,34.4500007629395,33.810001373291,34.25,33175500,23.5902423858643
"2012-07-11",34.2099990844727,34.7999992370605,34.1199989318848,34.5900001525879,35144300,23.8244190216064
"2012-07-12",34.3300018310547,34.5699996948242,33.939998626709,34.0400009155273,39301500,23.4455966949463
"2012-07-13",35.060001373291,36.2000007629395,34.8600006103516,36.0699996948242,83001000,24.8437938690186
"2012-07-16",35.7599983215332,35.8499984741211,34.7299995422363,35.0900001525879,52368300,24.1688003540039
"2012-07-17",35.439998626709,35.4799995422363,34.2700004577637,34.9900016784668,43998300,24.0999279022217
"2012-07-18",34.75,35.2299995422363,34.6500015258789,34.9599990844727,28944900,24.0792598724365
"2012-07-19",35.0200004577637,35.1699981689453,34.310001373291,34.4599990844727,34384700,23.7348766326904
"2012-07-20",34.0499992370605,34.1300010681152,33.9000015258789,33.9000015258789,36301200,23.3491764068604
"2012-07-23",33.2400016784668,34.5,33.0999984741211,34.439998626709,41248300,23.7211074829102
"2012-07-24",34.5800018310547,34.8899993896484,34.2200012207031,34.7299995422363,29920400,23.9208431243896
"2012-07-25",34.9799995422363,35.4500007629395,34.7900009155273,35.1699981689453,32127700,24.2239074707031
"2012-07-26",35.7799987792969,35.939998626709,35.3400001525879,35.810001373291,28900500,24.6647109985352
"2012-07-27",36.0099983215332,37.2000007629395,35.5099983215332,36.8899993896484,63636200,25.4085788726807
"2012-07-30",36.5,36.5200004577637,35.939998626709,36.1399993896484,30698200,24.8920040130615
"2012-07-31",36.1100006103516,36.3300018310547,35.9099998474121,36,19681600,24.7955799102783
"2012-08-01",36.189998626709,36.4000015258789,35.8199996948242,36,22180200,24.7955799102783
"2012-08-02",35.6199989318848,35.8400001525879,34.7599983215332,35.1699981689453,36675000,24.2239074707031
"2012-08-03",35.8199996948242,36.2900009155273,35.5,36.0900001525879,24516300,24.857572555542
"2012-08-06",36.2400016784668,36.7999992370605,36.1100006103516,36.2999992370605,18979200,25.0022106170654
"2012-08-07",36.5699996948242,37.8699989318848,36.5699996948242,37.0099983215332,37225800,25.4912300109863
"2012-08-08",36.8499984741211,37.4799995422363,36.75,37.1599998474121,18672400,25.5945472717285
"2012-08-09",36.7200012207031,37.2599983215332,36.5900001525879,36.9199981689453,23406700,25.429235458374
"2012-08-10",36.7599983215332,37,36.4000015258789,36.9700012207031,15492700,25.4636783599854
"2012-08-13",36.8699989318848,37.0900001525879,36.6500015258789,36.9900016784668,14453500,25.4774570465088
"2012-08-14",37.4199981689453,37.6399993896484,36.9799995422363,37.0999984741211,18065100,25.5532188415527
"2012-08-15",37.0699996948242,37.4099998474121,36.9500007629395,37.0699996948242,17521300,25.5325603485107
"2012-08-16",37.1800003051758,37.3499984741211,36.7999992370605,37.0999984741211,15894100,25.5532188415527
"2012-08-17",37.2000007629395,37.2000007629395,36.7999992370605,36.9799995422363,17079800,25.4705638885498
"2012-08-20",36.9199981689453,37.5,36.7999992370605,37.3699989318848,17922100,25.7391872406006
"2012-08-21",37.6300010681152,38.8600006103516,37.560001373291,38.0400009155273,36880600,26.2006664276123
"2012-08-22",37.8800010681152,38.1800003051758,37.560001373291,37.8300018310547,16899400,26.0560207366943
"2012-08-23",37.810001373291,37.8899993896484,37.2000007629395,37.2299995422363,16429500,25.642765045166
"2012-08-24",36.939998626709,37.439998626709,36.6699981689453,37.1699981689453,20019300,25.6014289855957
"2012-08-27",37.310001373291,37.439998626709,36.9000015258789,37.2299995422363,17618200,25.642765045166
"2012-08-28",37.0999984741211,37.4900016784668,36.9000015258789,37.1300010681152,18050500,25.5738906860352
"2012-08-29",37.3199996948242,37.4900016784668,37.060001373291,37.2999992370605,13681900,25.6909713745117
"2012-08-30",37.060001373291,37.1300010681152,36.7099990844727,36.9000015258789,13700700,25.415470123291
"2012-08-31",37.1399993896484,37.4000015258789,36.8600006103516,37.1399993896484,16771600,25.5807723999023
"2012-09-04",36.9799995422363,37.2400016784668,36.7799987792969,37.0099983215332,13631400,25.4912300109863
"2012-09-05",37.0800018310547,37.2900009155273,36.939998626709,37.1100006103516,13537500,25.5601100921631
"2012-09-06",37.5800018310547,38.8699989318848,37.5,38.689998626709,41346800,26.6483573913574
"2012-09-07",39.0400009155273,39.5299987792969,39,39.2999992370605,28082400,27.0685024261475
"2012-09-10",39.2299995422363,39.7799987792969,38.7299995422363,38.7599983215332,20853500,26.6965789794922
"2012-09-11",38.7999992370605,39.6300010681152,38.7299995422363,39.5999984741211,22378900,27.2751312255859
"2012-09-12",39.8800010681152,40.25,39.7900009155273,39.9199981689453,29882200,27.4955444335938
"2012-09-13",39.8400001525879,41.5800018310547,39.5900001525879,41.4000015258789,47018600,28.51491355896
"2012-09-14",41.9599990844727,42.0900001525879,41.2299995422363,41.5699996948242,43471600,28.6319980621338
"2012-09-17",41,41.439998626709,40.9500007629395,41.189998626709,19740100,28.3702735900879
"2012-09-18",41.0499992370605,41.3300018310547,40.6599998474121,41.2599983215332,25186600,28.4184741973877
"2012-09-19",41.3300018310547,41.7599983215332,41.0400009155273,41.3400001525879,22887200,28.4735851287842
"2012-09-20",40.9599990844727,41.2799987792969,40.5499992370605,41.25,20997400,28.4116020202637
"2012-09-21",41.5299987792969,41.7000007629395,40.7700004577637,40.8800010681152,28287400,28.1567611694336
"2012-09-24",40.6100006103516,41.4700012207031,40.5900001525879,41.2299995422363,20499500,28.3978271484375
"2012-09-25",41.5499992370605,41.5499992370605,40.5299987792969,40.5499992370605,21988200,27.9294586181641
"2012-09-26",40.1500015258789,40.6300010681152,39.7000007629395,40.2400016784668,23782700,27.715950012207
"2012-09-27",40.4000015258789,40.9900016784668,40.2099990844727,40.6800003051758,20843400,28.0190048217773
"2012-09-28",40.4199981689453,40.6300010681152,40.1599998474121,40.4799995422363,21380700,27.8812484741211
"2012-10-01",40.8800010681152,41.5,40.7999992370605,40.9700012207031,21956400,28.2187328338623
"2012-10-02",41.1399993896484,41.2400016784668,40.560001373291,40.9199981689453,26946100,28.18430519104
"2012-10-03",40.8300018310547,41,40.4199981689453,40.8600006103516,22419100,28.3508338928223
"2012-10-04",41.1599998474121,41.9900016784668,40.9099998474121,41.8199996948242,24326500,29.0169239044189
"2012-10-05",42.0400009155273,42.439998626709,41.4599990844727,41.7099990844727,22774400,28.9406051635742
"2012-10-08",41.3300018310547,41.8400001525879,41.1100006103516,41.6599998474121,18631300,28.9059104919434
"2012-10-09",41.7700004577637,41.9500007629395,41.2999992370605,41.3800010681152,19947500,28.711633682251
"2012-10-10",41.5499992370605,42,41.3300018310547,41.7700004577637,25797600,28.9822444915771
"2012-10-11",42.3699989318848,42.6399993896484,41.8499984741211,42.0999984741211,27755000,29.2112083435059
"2012-10-12",41.5999984741211,42.4300003051758,41.1500015258789,41.6199989318848,44564000,28.8781623840332
"2012-10-15",41.9099998474121,42.4099998474121,41.7299995422363,42.3800010681152,26268000,29.4054927825928
"2012-10-16",42.7900009155273,43.1100006103516,42.2700004577637,42.8300018310547,28588100,29.7177333831787
"2012-10-17",42.9300003051758,43.5400009155273,42.7700004577637,43.3199996948242,26177500,30.0577030181885
"2012-10-18",43.0900001525879,43.3499984741211,42.75,43.0099983215332,23630400,29.8426055908203
"2012-10-19",42.7999992370605,42.8199996948242,42.060001373291,42.3199996948242,29747500,29.3638648986816
"2012-10-22",42.25,42.5200004577637,41.5,42.0900001525879,27993000,29.204273223877
"2012-10-23",41.4700012207031,41.7400016784668,41.0499992370605,41.3300018310547,22896400,28.6769504547119
"2012-10-24",41.6800003051758,41.8800010681152,41.3400001525879,41.7099990844727,18918900,28.9406051635742
"2012-10-25",42.2400016784668,42.2799987792969,41.4000015258789,41.6699981689453,17311700,28.9128494262695
"2012-10-26",41.4199981689453,41.6599998474121,40.8699989318848,41.1599998474121,21892700,28.5589923858643
"2012-10-31",41.4500007629395,41.7900009155273,41.1500015258789,41.6800003051758,19423500,28.9197940826416
"2012-11-01",41.7000007629395,42.9000015258789,41.5800018310547,42.8400001525879,23325400,29.7246532440186
"2012-11-02",43.0400009155273,43.0699996948242,42.3300018310547,42.4199981689453,17029200,29.4332389831543
"2012-11-05",42.3300018310547,42.3600006103516,41.8600006103516,42.2700004577637,13252500,29.3291683197021
"2012-11-06",42.5699996948242,43.0499992370605,42.4099998474121,42.8800010681152,17190900,29.752405166626
"2012-11-07",42.0099983215332,42.0099983215332,40.310001373291,40.4799995422363,47631200,28.0871658325195
"2012-11-08",41.2799987792969,41.5,40.4000015258789,40.4000015258789,27830900,28.0316581726074
"2012-11-09",40.310001373291,41.2299995422363,39.8600006103516,40.6199989318848,27553200,28.1843090057373
"2012-11-12",40.8499984741211,40.9099998474121,40.2999992370605,40.5800018310547,12816000,28.156551361084
"2012-11-13",40.1800003051758,40.5200004577637,40,40.0400009155273,19793500,27.7818717956543
"2012-11-14",40.2099990844727,40.3699989318848,39.1300010681152,39.2900009155273,30986600,27.2614784240723
"2012-11-15",39.060001373291,39.7200012207031,38.9700012207031,39.3899993896484,24858700,27.3308715820312
"2012-11-16",39.4300003051758,39.6699981689453,38.8300018310547,39.5299987792969,32458000,27.4280071258545
"2012-11-19",40.0900001525879,40.7000007629395,40.0900001525879,40.5900001525879,26781200,28.1634902954102
"2012-11-20",40.3300018310547,41.1800003051758,40.25,40.7000007629395,19375900,28.2398128509521
"2012-11-21",40.939998626709,40.9799995422363,40.3499984741211,40.7299995422363,13030200,28.2606315612793
"2012-11-23",41.0999984741211,41.2200012207031,40.9700012207031,41.0900001525879,8316700,28.5104084014893
"2012-11-26",40.7900009155273,40.8800010681152,40.0900001525879,40.8800010681152,20376600,28.3647174835205
"2012-11-27",40.8699989318848,41.2000007629395,40.6399993896484,40.75,19875000,28.274507522583
"2012-11-28",40.4900016784668,40.8800010681152,39.8800010681152,40.8300018310547,26106900,28.3300247192383
"2012-11-29",41.1500015258789,41.3499984741211,40.9099998474121,41.2200012207031,18915000,28.600622177124
"2012-11-30",40.9900016784668,41.3400001525879,40.8499984741211,41.0800018310547,20066600,28.5034770965576
"2012-12-03",41.2700004577637,41.3699989318848,40.75,40.810001373291,18955500,28.3161392211914
"2012-12-04",40.7799987792969,40.9199981689453,40.2000007629395,40.5699996948242,24031100,28.1496143341064
"2012-12-05",40.689998626709,41.4900016784668,40.5,41.2000007629395,25515600,28.5867462158203
"2012-12-06",41.25,41.5499992370605,41.1100006103516,41.4700012207031,20541700,28.7740802764893
"2012-12-07",41.8400001525879,42.5699996948242,41.7299995422363,42.560001373291,34552900,29.5303726196289
"2012-12-10",42.5400009155273,42.6699981689453,42.0099983215332,42.310001373291,22394500,29.3569164276123
"2012-12-11",42.5999984741211,43.0900001525879,42.4199981689453,42.6399993896484,21955000,29.5858860015869
"2012-12-12",43,43.3800010681152,42.7000007629395,42.7700004577637,23110600,29.6760864257812
"2012-12-13",42.6500015258789,42.9199981689453,42.5,42.7799987792969,18457000,29.6830291748047
"2012-12-14",42.7700004577637,43.1100006103516,42.7099990844727,42.810001373291,16208600,29.7038421630859
"2012-12-17",43,43.5099983215332,42.810001373291,43.4799995422363,23879800,30.1687297821045
"2012-12-18",43.8300018310547,43.939998626709,43.310001373291,43.8699989318848,33858600,30.4393253326416
"2012-12-19",43.9900016784668,44.3899993896484,43.4199981689453,43.5299987792969,34348500,30.2034282684326
"2012-12-20",43.689998626709,44.5400009155273,43.4099998474121,44.5299987792969,25014900,30.8972721099854
"2012-12-21",43.8199996948242,44.2000007629395,43.3400001525879,44,38973500,30.5295276641846
"2012-12-24",43.7200012207031,44.0200004577637,43.7099990844727,43.9199981689453,8621200,30.4740180969238
"2012-12-26",43.9500007629395,44.1800003051758,43.7200012207031,43.9599990844727,11498900,30.5017700195312
"2012-12-27",43.9599990844727,44.0200004577637,42.9000015258789,43.6300010681152,19567000,30.2728004455566
"2012-12-28",43.0999984741211,43.689998626709,43.0900001525879,43.2400016784668,15401200,30.0021934509277
"2012-12-31",43.0999984741211,44,43.0499992370605,43.9700012207031,24209600,30.5087032318115
"2013-01-02",44.9799995422363,45,44.2200012207031,44.6599998474121,31413000,31.2003383636475
"2013-01-03",44.7400016784668,44.75,44.2000007629395,44.5699996948242,24227700,31.1374683380127
"2013-01-04",44.4500007629395,45.4300003051758,44.439998626709,45.3600006103516,24487700,31.6893768310547
"2013-01-07",45.0900001525879,45.4900016784668,45.0200004577637,45.4099998474121,24456900,31.7243099212646
"2013-01-08",45.4000015258789,45.5,44.9599990844727,45.5,19624200,31.7871837615967
"2013-01-09",45.560001373291,46.2000007629395,45.1399993896484,45.4700012207031,25920600,31.7662391662598
"2013-01-10",45.8899993896484,46.1599998474121,45.5299987792969,46.1500015258789,23413600,32.2412986755371
"2013-01-11",45.9700012207031,46.1500015258789,45.4700012207031,46.1399993896484,19723900,32.234302520752
"2013-01-14",45.8899993896484,46.1800003051758,45.4799995422363,45.8800010681152,19079500,32.0526542663574
"2013-01-15",45.4900016784668,46.4700012207031,45.3499984741211,46.3499984741211,29898000,32.3810234069824
"2013-01-16",45.9099998474121,46.8300018310547,45.5699996948242,46.8199996948242,43453600,32.7093734741211
"2013-01-17",46.4000015258789,46.8699989318848,46.2900009155273,46.439998626709,41086800,32.4438858032227
"2013-01-18",46.3800010681152,46.5999984741211,46.1800003051758,46.4599990844727,28679100,32.4578742980957
"2013-01-22",46.25,46.5499992370605,46.1300010681152,46.5400009155273,24257300,32.5137481689453
"2013-01-23",46.2299995422363,46.439998626709,45.9199981689453,46.2299995422363,19105100,32.2971839904785
"2013-01-24",46.2400016784668,46.7999992370605,46.0800018310547,46.3699989318848,20008200,32.3949775695801
"2013-01-25",46.7400016784668,47.1599998474121,46.6100006103516,47.1599998474121,26009100,32.946907043457
"2013-01-28",46.8400001525879,47,46.4799995422363,46.6399993896484,19706800,32.5836029052734
"2013-01-29",46.2799987792969,47.1599998474121,46.25,47.1199989318848,19907400,32.9189491271973
"2013-01-30",47.0400009155273,47.3499984741211,46.9599990844727,47.1300010681152,18631300,32.9259414672852
"2013-01-31",47.0099983215332,47.2200012207031,46.8800010681152,47.0499992370605,19536000,32.8700485229492
"2013-02-01",47.4000015258789,48,47.2099990844727,47.8499984741211,24520000,33.4289360046387
"2013-02-04",47.5400009155273,47.810001373291,47.3800010681152,47.6800003051758,20822600,33.3101768493652
"2013-02-05",47.939998626709,48.7999992370605,47.9300003051758,48.7900009155273,28067500,34.0856552124023
"2013-02-06",48.4199981689453,48.8300018310547,48.3199996948242,48.6100006103516,28282600,33.9598922729492
"2013-02-07",48.6500015258789,48.75,47.9000015258789,48.2299995422363,21429600,33.6944198608398
"2013-02-08",48.3300018310547,48.689998626709,48.2599983215332,48.6300010681152,15218300,33.9738616943359
"2013-02-11",48.5099983215332,48.9000015258789,48.3800010681152,48.6599998474121,13935900,33.9948310852051
"2013-02-12",48.7999992370605,49.310001373291,48.5999984741211,49.1399993896484,16388000,34.3301658630371
"2013-02-13",49.3499984741211,49.4500007629395,48.5,48.6800003051758,21635600,34.0088005065918
"2013-02-14",48.4000015258789,49.2900009155273,48.3699989318848,49.2200012207031,18017800,34.3860549926758
"2013-02-15",49.3499984741211,49.4599990844727,48.5699996948242,48.8800010681152,20016200,34.1485252380371
"2013-02-19",49.1199989318848,49.6800003051758,49.1199989318848,49.4500007629395,20445900,34.5467376708984
"2013-02-20",49.3499984741211,49.5400009155273,48.3600006103516,48.6100006103516,24786700,33.9598922729492
"2013-02-21",48.4099998474121,48.4500007629395,47.8300018310547,48.25,24437700,33.7083969116211
"2013-02-22",48.6300010681152,48.9099998474121,48.4099998474121,48.9099998474121,23584100,34.1694831848145
"2013-02-25",49.0999984741211,49.2000007629395,47.6500015258789,47.7000007629395,32775500,33.3241577148438
"2013-02-26",48.2200012207031,48.2599983215332,46.8499984741211,47.5999984741211,39401400,33.2542877197266
"2013-02-27",47.8499984741211,49.4000015258789,47.7599983215332,49.2799987792969,31921200,34.4279747009277
"2013-02-28",49.1599998474121,49.5499992370605,48.75,48.9199981689453,24711500,34.1764602661133
"2013-03-01",48.5999984741211,49.4199981689453,48.3699989318848,48.9099998474121,25923400,34.1694831848145
"2013-03-04",48.7299995422363,49.1399993896484,48.3300018310547,49.0999984741211,17695200,34.3022193908691
"2013-03-05",49.4900016784668,50.1100006103516,49.310001373291,49.4900016784668,25561100,34.5746841430664
"2013-03-06",49.8800010681152,50.189998626709,49.6199989318848,50.0299987792969,19607900,34.9519271850586
"2013-03-07",50.0499992370605,50.8600006103516,50.0099983215332,50.6300010681152,24245400,35.3711090087891
"2013-03-08",50.5900001525879,50.8499984741211,49.6100006103516,50.2000007629395,32711900,35.0707015991211
"2013-03-11",50.2299995422363,50.7700004577637,49.9099998474121,50.4799995422363,19473000,35.2663078308105
"2013-03-12",50.3499984741211,50.6699981689453,50.0499992370605,50.2799987792969,18003400,35.1265754699707
"2013-03-13",50.2900009155273,50.4300003051758,50.1100006103516,50.1599998474121,16680200,35.0427436828613
"2013-03-14",50.25,51,50.189998626709,51,26378700,35.6295738220215
"2013-03-15",49.9700012207031,50.2900009155273,49.1500015258789,50.0200004577637,60880800,34.9449424743652
"2013-03-18",49.189998626709,49.6599998474121,48.9500007629395,49.5099983215332,28011400,34.5886497497559
"2013-03-19",49.6500015258789,49.9900016784668,48.6800003051758,49.2000007629395,24411500,34.3720779418945
"2013-03-20",49.5699996948242,49.6399993896484,49.0400009155273,49.1199989318848,19385300,34.3161773681641
"2013-03-21",48.7900009155273,49.2299995422363,48.3499984741211,48.3499984741211,23535900,33.7782592773438
"2013-03-22",48.6300010681152,49,48.3400001525879,48.7799987792969,22791500,34.0786743164062
"2013-03-25",49.0400009155273,49.3199996948242,48.1599998474121,48.5200004577637,23581400,33.8970184326172
"2013-03-26",48.7400016784668,48.9700012207031,48.3199996948242,48.6399993896484,16417500,33.9808578491211
"2013-03-27",48.2000007629395,48.310001373291,47.560001373291,47.7700004577637,26530100,33.3730392456055
"2013-03-28",47.8400001525879,47.9300003051758,47.2799987792969,47.4599990844727,27506700,33.1564750671387
"2013-04-01",47.5499992370605,47.9900016784668,47.4900016784668,47.8300018310547,17442200,33.4149589538574
"2013-04-02",48.0099983215332,48.3800010681152,47.8800010681152,48.2799987792969,17273700,33.7293548583984
"2013-04-03",48.0299987792969,48.0699996948242,46.5299987792969,46.8499984741211,33467400,32.9349746704102
"2013-04-04",46.9599990844727,47.5400009155273,46.9000015258789,47.4900016784668,21514000,33.3848838806152
"2013-04-05",46.7900009155273,48.0400009155273,46.75,47.9099998474121,22961500,33.6801338195801
"2013-04-08",47.8800010681152,48.5900001525879,47.5900001525879,48.5800018310547,18672300,34.1511459350586
"2013-04-09",48.7400016784668,48.9599990844727,48.4599990844727,48.6800003051758,20066700,34.2214469909668
"2013-04-10",48.939998626709,49.560001373291,48.8800010681152,49.25,20388900,34.6221504211426
"2013-04-11",49.2099990844727,49.5999984741211,48.8300018310547,49.310001373291,22584700,34.6643104553223
"2013-04-12",48.9000015258789,49.5800018310547,48.4500007629395,49.0099983215332,37805900,34.453426361084
"2013-04-15",48.3899993896484,49.3400001525879,47.9000015258789,47.9300003051758,31527300,33.6941986083984
"2013-04-16",48.4300003051758,48.5200004577637,47.5900001525879,48.4900016784668,23865500,34.0878829956055
"2013-04-17",48.1100006103516,48.1800003051758,46.3800010681152,46.7900009155273,43466300,32.8927803039551
"2013-04-18",46.7999992370605,47.3300018310547,46.0499992370605,46.6399993896484,26106800,32.7873344421387
"2013-04-19",47.1500015258789,47.3600006103516,46.7000007629395,47.2299995422363,19746100,33.2020988464355
"2013-04-22",47.4000015258789,47.4900016784668,46.8699989318848,47.3499984741211,15230100,33.2864570617676
"2013-04-23",47.6800003051758,48.2400016784668,47.3899993896484,48.1699981689453,20568500,33.862907409668
"2013-04-24",48.3199996948242,48.9199981689453,48.1599998474121,48.7200012207031,16459300,34.2495536804199
"2013-04-25",49.0200004577637,49.6300010681152,48.8899993896484,49,19058800,34.4463920593262
"2013-04-26",48.8600006103516,49.0900001525879,48.6100006103516,48.8800010681152,13929000,34.3620452880859
"2013-04-29",49.0800018310547,49.0999984741211,48.6500015258789,48.9199981689453,13496300,34.3901481628418
"2013-04-30",48.9599990844727,49.25,48.7200012207031,49.0099983215332,13802600,34.453426361084
"2013-05-01",48.7599983215332,48.9099998474121,47.8499984741211,48.0099983215332,17686400,33.7504463195801
"2013-05-02",48.25,48.25,47.7099990844727,48.0800018310547,15529300,33.7996368408203
"2013-05-03",48.6300010681152,48.7000007629395,46.9799995422363,47.5699996948242,43257900,33.4411201477051
"2013-05-06",47.7099990844727,48.3899993896484,47.5699996948242,48.1800003051758,20829500,33.8699417114258
"2013-05-07",48.5699996948242,49.3899993896484,48.2599983215332,49.1399993896484,24291600,34.5448188781738
"2013-05-08",49.2200012207031,49.9900016784668,49.1100006103516,49.7599983215332,23559300,34.9806632995605
"2013-05-09",49.7000007629395,49.810001373291,48.9199981689453,49.0400009155273,18103100,34.4745254516602
"2013-05-10",49.0499992370605,49.2299995422363,48.6399993896484,48.9599990844727,16199600,34.4182739257812
"2013-05-13",48.8400001525879,49.7000007629395,48.6100006103516,49.6699981689453,23979500,34.9174118041992
"2013-05-14",49.7700004577637,50.4199981689453,49.6599998474121,50.2299995422363,24188400,35.3110656738281
"2013-05-15",50.2000007629395,51.4300003051758,50.1500015258789,51.0900001525879,27467000,35.9156341552734
"2013-05-16",50.8699989318848,51.6599998474121,50.8400001525879,50.9700012207031,21389500,35.8312797546387
"2013-05-17",51.2599983215332,52.3300018310547,51.25,52.2999992370605,26080300,36.7662620544434
"2013-05-20",52.2799987792969,52.6300010681152,51.9099998474121,52.2900009155273,22020000,36.7592391967773
"2013-05-21",52.5299987792969,53.6699981689453,52.4500007629395,53.0200004577637,37112600,37.2724113464355
"2013-05-22",53.4300003051758,54.9599990844727,53.2900009155273,53.6300010681152,46968300,37.7012329101562
"2013-05-23",52.8199996948242,53.7900009155273,52.6599998474121,53.3499984741211,25294200,37.50439453125
"2013-05-24",52.9000015258789,53.6599998474121,52.7200012207031,53.6599998474121,18342300,37.7223129272461
"2013-05-28",54.560001373291,54.6500015258789,54.0299987792969,54.5999984741211,27162300,38.3831253051758
"2013-05-29",54.0900001525879,54.9599990844727,53.9099998474121,54.6699981689453,20482600,38.4323348999023
"2013-05-30",54.5999984741211,55.9000015258789,54.5299987792969,55.6199989318848,24890800,39.100170135498
"2013-05-31",55.7099990844727,55.8300018310547,54.5900001525879,54.5900001525879,24990100,38.3760948181152
"2013-06-03",54.5999984741211,54.8600006103516,53.0400009155273,54.4900016784668,28279600,38.3058052062988
"2013-06-04",54.5400009155273,55.3899993896484,53.8699989318848,54.0400009155273,22022600,37.9894523620605
"2013-06-05",53.7799987792969,54.2700004577637,52.7000007629395,53.0299987792969,24326000,37.2794342041016
"2013-06-06",52.8400001525879,53.5200004577637,52.2700004577637,53.5,23940900,37.6098403930664
"2013-06-07",53.7700004577637,54.4799995422363,53.4099998474121,54.2700004577637,21691000,38.1511344909668
"2013-06-10",54.6399993896484,54.8400001525879,54.0200004577637,54.3600006103516,16007000,38.214412689209
"2013-06-11",53.4599990844727,54.0499992370605,53.1100006103516,53.4900016784668,17600800,37.6028213500977
"2013-06-12",53.9000015258789,54.0999984741211,52.9700012207031,53.1800003051758,18479100,37.384880065918
"2013-06-13",53,54.2400016784668,52.9700012207031,54.1699981689453,17090200,38.0808410644531
"2013-06-14",54.0400009155273,54.1300010681152,52.9099998474121,53.1300010681152,17185300,37.3497314453125
"2013-06-17",53.7000007629395,54.2599983215332,53.5400009155273,53.8499984741211,16856600,37.8558959960938
"2013-06-18",54.0299987792969,54.2700004577637,53.7200012207031,54.1100006103516,13259100,38.0386543273926
"2013-06-19",53.9900016784668,54.5099983215332,53.5200004577637,53.5499992370605,20840000,37.6449851989746
"2013-06-20",53.0800018310547,53.1800003051758,52.2700004577637,52.4799995422363,31857100,36.8927841186523
"2013-06-21",52.9599990844727,52.9799995422363,51.689998626709,51.9599990844727,44412200,36.5272369384766
"2013-06-24",50.8800010681152,51.4500007629395,50.1100006103516,50.9199981689453,30736500,35.7961273193359
"2013-06-25",51.5099983215332,52.560001373291,51.5099983215332,52.0800018310547,20951400,36.6115989685059
"2013-06-26",52.6500015258789,52.7999992370605,51.8800010681152,52.5,19332000,36.906852722168
"2013-06-27",53.0299987792969,53.4900016784668,52.8800010681152,53.1500015258789,17093600,37.3638000488281
"2013-06-28",53.1199989318848,53.1300010681152,52.5800018310547,52.7900009155273,18256000,37.1107215881348
"2013-07-01",53.2200012207031,53.6300010681152,52.4300003051758,52.4900016784668,23511100,36.899829864502
"2013-07-02",52.5699996948242,53.5299987792969,52.1199989318848,52.7999992370605,23935300,37.3884239196777
"2013-07-03",52.310001373291,52.810001373291,52.2099990844727,52.7700004577637,10442300,37.3671760559082
"2013-07-05",53.3600006103516,54,53.1100006103516,53.9900016784668,17070200,38.231071472168
"2013-07-08",54.5400009155273,54.9099998474121,54.0499992370605,54.7000007629395,21786900,38.7338371276855
"2013-07-09",55.0699996948242,55.1699981689453,54.189998626709,54.8899993896484,20508700,38.8683891296387
"2013-07-10",54.7700004577637,55.1500015258789,54.439998626709,54.8300018310547,16915000,38.8258895874023
"2013-07-11",55.8400001525879,55.8699989318848,54.5499992370605,55.1399993896484,21322600,39.0454063415527
"2013-07-12",55.5099983215332,55.8499984741211,54.75,54.9700012207031,32569200,38.9250297546387
"2013-07-15",55.4900016784668,55.5,54.5999984741211,54.8899993896484,28292000,38.8683891296387
"2013-07-16",54.9000015258789,55.4099998474121,54.7799987792969,55.0099983215332,19222700,38.9533576965332
"2013-07-17",55.0499992370605,55.5800018310547,54.8400001525879,55.2700004577637,19166600,39.1374588012695
"2013-07-18",55.5099983215332,56.5299987792969,55.4900016784668,56.3699989318848,24563100,39.916389465332
"2013-07-19",56.5099983215332,56.560001373291,55.9099998474121,56.1599998474121,17762600,39.7676734924316
"2013-07-22",56.1699981689453,56.6699981689453,55.9500007629395,56.560001373291,15999700,40.0509300231934
"2013-07-23",56.7200012207031,56.8899993896484,56.4700012207031,56.6699981689453,10577100,40.1288223266602
"2013-07-24",56.9199981689453,56.9300003051758,56.3800010681152,56.6300010681152,16665000,40.1005020141602
"2013-07-25",56.4500007629395,56.5,55.8899993896484,56.5,13870200,40.0084571838379
"2013-07-26",56.060001373291,56.2200012207031,55.5999984741211,56.0499992370605,16762300,39.6897888183594
"2013-07-29",55.9799995422363,56,55.3800010681152,55.689998626709,10049100,39.4348831176758
"2013-07-30",55.8699989318848,55.9900016784668,55.0800018310547,55.3300018310547,14207400,39.1799545288086
"2013-07-31",55.5800018310547,56.2700004577637,55.5099983215332,55.7299995422363,19404900,39.4631843566895
"2013-08-01",56.3600006103516,56.7799987792969,56.2000007629395,56.5400009155273,15979400,40.0367736816406
"2013-08-02",56.2700004577637,56.5200004577637,56.0099983215332,56.4900016784668,11007300,40.0013656616211
"2013-08-05",56.3300018310547,56.5800018310547,56.0099983215332,56.0999984741211,9370200,39.7251930236816
"2013-08-06",55.9900016784668,56.0999984741211,55.310001373291,55.4900016784668,10588600,39.2932548522949
"2013-08-07",55.060001373291,55.4700012207031,54.7799987792969,55.2999992370605,12828400,39.1586952209473
"2013-08-08",55.4199981689453,55.7299995422363,54.1300010681152,54.8300018310547,18587100,38.8258895874023
"2013-08-09",54.689998626709,55.1500015258789,54.3300018310547,54.5200004577637,12652500,38.6063766479492
"2013-08-12",54.0400009155273,54.3199996948242,53.6800003051758,54.0900001525879,15133000,38.3018951416016
"2013-08-13",54.2200012207031,54.7000007629395,53.5999984741211,54.2900009155273,15078100,38.4435119628906
"2013-08-14",54.3300018310547,54.8499984741211,54,54.1500015258789,15785800,38.3443756103516
"2013-08-15",53.5200004577637,53.6800003051758,52.8899993896484,53.2900009155273,16933200,37.735408782959
"2013-08-16",53.0699996948242,53.7799987792969,53.0699996948242,53.2900009155273,17139000,37.735408782959
"2013-08-19",52.8899993896484,52.9500007629395,51.7999992370605,51.8300018310547,22793300,36.7015571594238
"2013-08-20",51.7799987792969,52.3600006103516,50.6599998474121,52.1199989318848,18701500,36.9069023132324
"2013-08-21",51.9199981689453,52.2200012207031,51.2799987792969,51.6300010681152,17136200,36.559928894043
"2013-08-22",52,52.6599998474121,51.9300003051758,52.2099990844727,14658500,36.9706192016602
"2013-08-23",52.2700004577637,52.4199981689453,51.9000015258789,52.3199996948242,11126800,37.048526763916
"2013-08-26",52.1599998474121,52.5400009155273,51.7900009155273,51.7999992370605,16548400,36.6803169250488
"2013-08-27",51.0200004577637,51.5499992370605,50.5499992370605,50.5999984741211,23596800,35.8305778503418
"2013-08-28",50.3300018310547,51.0499992370605,50.1300010681152,50.5800018310547,18748100,35.8164100646973
"2013-08-29",50.5900001525879,51.1800003051758,50.4500007629395,50.7000007629395,13576000,35.9013824462891
"2013-08-30",50.8199996948242,50.8300018310547,50.2900009155273,50.5299987792969,15863100,35.7810020446777
"2013-09-03",51.25,51.7200012207031,50.8300018310547,51.1300010681152,15277200,36.2058639526367
"2013-09-04",51.1599998474121,52.0999984741211,50.9300003051758,51.8699989318848,19923800,36.7298812866211
"2013-09-05",52.0299987792969,52.5200004577637,51.9099998474121,52.1100006103516,13913200,36.8998222351074
"2013-09-06",52.4099998474121,52.7099990844727,51.2799987792969,52.560001373291,22339900,37.2184791564941
"2013-09-09",52.7799987792969,53.189998626709,52.5200004577637,52.8600006103516,19936400,37.4309120178223
"2013-09-10",53.8300018310547,53.9300003051758,53.2999992370605,53.6699981689453,20233200,38.004467010498
"2013-09-11",53.3699989318848,53.7599983215332,53.060001373291,53.2599983215332,16028600,37.7141532897949
"2013-09-12",53.4300003051758,53.7099990844727,52.0800018310547,52.2400016784668,21976700,36.9918785095215
"2013-09-13",52.2900009155273,52.7999992370605,52.2299995422363,52.5900001525879,11942900,37.2397117614746
"2013-09-16",53.4500007629395,53.4900016784668,52.9799995422363,53.1399993896484,17055300,37.6291847229004
"2013-09-17",53.189998626709,53.3199996948242,52.8800010681152,53.0900001525879,13207000,37.5937767028809
"2013-09-18",52.689998626709,53.8699989318848,52.560001373291,53.4099998474121,20844500,37.8203811645508
"2013-09-19",53.6300010681152,53.75,52.5299987792969,52.75,22452200,37.3530197143555
"2013-09-20",52.9500007629395,53.4700012207031,52.7999992370605,52.7999992370605,30792200,37.3884239196777
"2013-09-23",52.0800018310547,52.3800010681152,51.3899993896484,51.4599990844727,28189500,36.4395408630371
"2013-09-24",51.0099983215332,51.2700004577637,50.2999992370605,50.3199996948242,34906900,35.6322937011719
"2013-09-25",50.2200012207031,51.9000015258789,50.060001373291,51.7000007629395,39175500,36.6094970703125
"2013-09-26",51.9300003051758,52.560001373291,51.5400009155273,51.8899993896484,22298700,36.7440299987793
"2013-09-27",51.5,52.4000015258789,51.3899993896484,52.2400016784668,23026000,36.9918785095215
"2013-09-30",51.7299995422363,52.0900001525879,51.439998626709,51.689998626709,21350600,36.6024131774902
"2013-10-01",51.6399993896484,52.0900001525879,51.4500007629395,51.9599990844727,19188000,36.7936058044434
"2013-10-02",51.3199996948242,52.4500007629395,51.2900009155273,52.0900001525879,23841200,37.157413482666
"2013-10-03",52,52.2000007629395,51.5,51.939998626709,18614500,37.0504112243652
"2013-10-04",52.0699996948242,52.6800003051758,52.0099983215332,52.6699981689453,17407200,37.5711288452148
"2013-10-07",52.2900009155273,52.3600006103516,51.8300018310547,51.8300018310547,16159300,36.9719352722168
"2013-10-08",51.8300018310547,51.9599990844727,50.8400001525879,50.8699989318848,19536000,36.2871322631836
"2013-10-09",51.1699981689453,51.3400001525879,50.25,50.75,24721200,36.201545715332
"2013-10-10",51.8400001525879,52.560001373291,51.3800010681152,52.5200004577637,24328700,37.4641342163086
"2013-10-11",52.9599990844727,53.3499984741211,52.1599998474121,52.5099983215332,32498800,37.4570083618164
"2013-10-14",51.939998626709,52.8400001525879,51.7599983215332,52.7099990844727,18881600,37.5996704101562
"2013-10-15",52.9099998474121,53.0400009155273,52.1800003051758,52.310001373291,17566500,37.3143348693848
"2013-10-16",52.6100006103516,54.0499992370605,52.5800018310547,54,24864000,38.5198669433594
"2013-10-17",53.7900009155273,54.2900009155273,53.6100006103516,54.2099990844727,17791000,38.6696624755859
"2013-10-18",54.2599983215332,54.5800018310547,53.7999992370605,54.2999992370605,24796600,38.7338600158691
"2013-10-21",54.2700004577637,54.8499984741211,53.8899993896484,54.2700004577637,19471700,38.7124633789062
"2013-10-22",54.6500015258789,54.6800003051758,53.6199989318848,53.6199989318848,24820900,38.2487983703613
"2013-10-23",53.310001373291,53.3600006103516,52.7200012207031,52.75,21034400,37.6282043457031
"2013-10-24",52.8400001525879,52.8899993896484,52.1100006103516,52.4799995422363,17759000,37.4356079101562
"2013-10-25",52.1599998474121,52.9099998474121,52.0699996948242,52.7700004577637,20889600,37.642463684082
"2013-10-28",52.8899993896484,53.0900001525879,52.5,52.6800003051758,14836800,37.5782814025879
"2013-10-29",52.8300018310547,52.9900016784668,52.25,52.7299995422363,23363100,37.613941192627
"2013-10-30",53,53.2400016784668,52.5,52.5999984741211,16157200,37.5212059020996
"2013-10-31",52.6500015258789,52.7099990844727,51.5400009155273,51.5400009155273,23738000,36.765079498291
"2013-11-01",51.4500007629395,52.7099990844727,51.2999992370605,52.5099983215332,25794400,37.4570083618164
"2013-11-04",52.7400016784668,52.7599983215332,52,52.0400009155273,18891300,37.1217384338379
"2013-11-05",51.8499984741211,52.1300010681152,51.6599998474121,51.9500007629395,14532200,37.0575294494629
"2013-11-06",52.2599983215332,52.3400001525879,51.8300018310547,52.0999984741211,14013000,37.1645393371582
"2013-11-07",52.1300010681152,52.3400001525879,51.5800018310547,51.6500015258789,17348900,36.8435401916504
"2013-11-08",51.8300018310547,53.9700012207031,51.7999992370605,53.9599990844727,31183100,38.491340637207
"2013-11-11",53.9099998474121,54.1500015258789,53.7000007629395,54.0999984741211,12062800,38.5911979675293
"2013-11-12",53.9300003051758,54.0800018310547,53.5999984741211,53.9700012207031,15964800,38.4984741210938
"2013-11-13",53.5200004577637,54.2000007629395,53.1500015258789,54.1399993896484,22121900,38.6197204589844
"2013-11-14",54.2599983215332,54.5,53.7000007629395,54.4000015258789,17634000,38.8052024841309
"2013-11-15",54.2700004577637,54.9599990844727,54.189998626709,54.8699989318848,20530100,39.1404609680176
"2013-11-18",55.4900016784668,56,55.2999992370605,55.7400016784668,22318800,39.7610626220703
"2013-11-19",55.9700012207031,56.6399993896484,55.7799987792969,56.1500015258789,22979900,40.053524017334
"2013-11-20",56.4300003051758,56.439998626709,55.7700004577637,56.0999984741211,17682800,40.0178642272949
"2013-11-21",56.2799987792969,57.4000015258789,56.2799987792969,57.2200012207031,22843600,40.8168029785156
"2013-11-22",57.25,57.5200004577637,57.060001373291,57.4599990844727,16730600,40.9879837036133
"2013-11-25",57.5,58.1399993896484,57.4099998474121,57.6500015258789,18649600,41.1235237121582
"2013-11-26",57.6300010681152,57.9599990844727,57.1699981689453,57.1699981689453,16263300,40.7811241149902
"2013-11-27",57.5800018310547,57.8300018310547,57.3300018310547,57.4799995422363,11238900,41.0022659301758
"2013-11-29",57.5800018310547,57.8499984741211,57.2000007629395,57.2200012207031,7128800,40.8168029785156
"2013-12-02",57.0999984741211,57.75,56.9000015258789,56.9799995422363,12465300,40.6455917358398
"2013-12-03",56.8899993896484,57.2200012207031,56.1399993896484,56.8600006103516,20426800,40.5599975585938
"2013-12-04",56.439998626709,57.4700012207031,56.2099990844727,57.189998626709,20287200,40.7953834533691
"2013-12-05",56.7099990844727,56.7400016784668,55.75,55.8199996948242,21324900,39.8181266784668
"2013-12-06",56.5699996948242,56.7599983215332,55.6199989318848,56.060001373291,18661200,39.9893226623535
"2013-12-09",56.2799987792969,56.5299987792969,56.0900001525879,56.5099983215332,12714000,40.3103294372559
"2013-12-10",56.4900016784668,57.0699996948242,56.3499984741211,56.7000007629395,14543700,40.4458656311035
"2013-12-11",56.5400009155273,56.7700004577637,55.9599990844727,56.0699996948242,17836100,39.9964637756348
"2013-12-12",56.0499992370605,56.5999984741211,55.9099998474121,56.310001373291,15325300,40.1676597595215
"2013-12-13",56.3699989318848,56.560001373291,56.0400009155273,56.1699981689453,11461300,40.0678062438965
"2013-12-16",56.3400001525879,56.939998626709,56.3300018310547,56.4199981689453,26379200,40.2461280822754
"2013-12-17",56.6599998474121,56.6599998474121,55.6599998474121,55.7200012207031,18338500,39.7467880249023
"2013-12-18",55.8400001525879,57.2700004577637,55.4000015258789,57.2400016784668,27685900,40.8310661315918
"2013-12-19",57.0999984741211,57.5400009155273,56.8199996948242,57.2299995422363,16790000,40.8239135742188
"2013-12-20",57.2099990844727,58,57.2000007629395,57.7000007629395,22001700,41.1591987609863
"2013-12-23",57.9700012207031,58.3899993896484,57.7999992370605,58.2400016784668,13990600,41.5443954467773
"2013-12-24",58.0699996948242,58.2900009155273,58.0400009155273,58.25,4532600,41.551513671875
"2013-12-26",58.3499984741211,58.4599990844727,57.9199981689453,58.2000007629395,6677000,41.515869140625
"2013-12-27",58.1699981689453,58.3499984741211,58.060001373291,58.1399993896484,8943700,41.4730567932129
"2013-12-30",58.1399993896484,58.2700004577637,57.7099990844727,57.9500007629395,8815800,41.337516784668
"2013-12-31",58.2000007629395,58.5499992370605,58.0499992370605,58.4799995422363,11017400,41.7155914306641
"2014-01-02",58.310001373291,58.5,57.9700012207031,58.2099990844727,15627600,41.794563293457
"2014-01-03",58.2900009155273,58.9500007629395,58.2099990844727,58.6599998474121,14214100,42.11767578125
"2014-01-06",59.1599998474121,59.4700012207031,58.8300018310547,59,17550700,42.3617820739746
"2014-01-07",59.2900009155273,59.4300003051758,58.1100006103516,58.3199996948242,17851200,41.8735466003418
"2014-01-08",58.5400009155273,58.9099998474121,58.2999992370605,58.8699989318848,14687400,42.2684440612793
"2014-01-09",58.9799995422363,59,58.3300018310547,58.7599983215332,13242500,42.1894645690918
"2014-01-10",58.6699981689453,58.7599983215332,58.1800003051758,58.4900016784668,12694900,41.9956130981445
"2014-01-13",58.5099983215332,58.6699981689453,57.5299987792969,57.7000007629395,20711600,41.4283905029297
"2014-01-14",58.2999992370605,58.5800018310547,57.560001373291,57.7400016784668,30272400,41.4570922851562
"2014-01-15",57.7299995422363,59.6500015258789,57.7299995422363,59.4900016784668,35186600,42.7136077880859
"2014-01-16",58.7900009155273,59.8199996948242,58.7400016784668,58.9900016784668,21689400,42.3545913696289
"2014-01-17",59.2099990844727,59.2299995422363,58.0299987792969,58.1100006103516,20997900,41.7227630615234
"2014-01-21",58.0900001525879,58.439998626709,57.5800018310547,58.1699981689453,19548300,41.7658500671387
"2014-01-22",58.3300018310547,58.3300018310547,57.4199981689453,57.5900001525879,15433500,41.3494071960449
"2014-01-23",57.0900001525879,57.0999984741211,56.2099990844727,56.4700012207031,26234600,40.5452537536621
"2014-01-24",56,56.3600006103516,55.0900001525879,55.0900001525879,26833100,39.5544166564941
"2014-01-27",55.0800018310547,55.7999992370605,54.689998626709,55.0900001525879,23935000,39.5544166564941
"2014-01-28",55.3899993896484,56.3400001525879,55.2400016784668,55.7400016784668,18041000,40.0211181640625
"2014-01-29",54.9599990844727,55.8699989318848,54.8499984741211,55.5299987792969,25459000,39.8703308105469
"2014-01-30",56.0699996948242,56.3899993896484,55.6300010681152,56,17031100,40.2077903747559
"2014-01-31",55.5,56.1100006103516,55.1800003051758,55.3600006103516,18174000,39.7482643127441
"2014-02-03",55.5,55.9199981689453,54.2000007629395,54.310001373291,28549900,38.994384765625
"2014-02-04",54.7200012207031,55.3499984741211,54.5999984741211,54.9500007629395,20709300,39.4538879394531
"2014-02-05",55.0999984741211,55.4500007629395,54.5800018310547,55.2099990844727,19491600,39.6405830383301
"2014-02-06",55.3499984741211,56.5499992370605,55.2000007629395,56.4799995422363,20881600,40.5524444580078
"2014-02-07",56.6500015258789,56.9300003051758,56.2599983215332,56.6199989318848,23388500,40.6529502868652
"2014-02-10",56.7700004577637,56.9199981689453,56.3899993896484,56.7400016784668,14715200,40.7391204833984
"2014-02-11",56.6100006103516,57.5699996948242,56.5800018310547,57.4300003051758,18774100,41.2345352172852
"2014-02-12",57.3400001525879,57.7099990844727,57.1599998474121,57.5200004577637,13437900,41.2991523742676
"2014-02-13",57.0699996948242,58.0999984741211,56.9599990844727,58.0299987792969,16605500,41.6653327941895
"2014-02-14",57.8899993896484,58.2299995422363,57.75,58.1500015258789,13067300,41.7514953613281
"2014-02-18",58.0200004577637,58.6500015258789,57.9000015258789,58.4900016784668,14983800,41.9956130981445
"2014-02-19",58.3600006103516,58.5400009155273,57.2200012207031,57.2599983215332,18669900,41.1124725341797
"2014-02-20",57.5299987792969,57.9700012207031,57.2700004577637,57.5800018310547,12457000,41.3422241210938
"2014-02-21",57.5900001525879,57.8400001525879,57.3699989318848,57.6100006103516,16790100,41.3637580871582
"2014-02-24",57.6199989318848,58.2299995422363,57.5800018310547,58.0299987792969,16151400,41.6653327941895
"2014-02-25",57.9000015258789,57.9799995422363,56.9199981689453,57.0299987792969,17991800,40.9473342895508
"2014-02-26",57.3699989318848,57.3800010681152,56.2200012207031,56.75,23661700,40.7462882995605
"2014-02-27",56.7799987792969,56.8899993896484,56.1399993896484,56.689998626709,16277500,40.7032127380371
"2014-02-28",56.5699996948242,57.4500007629395,56.3899993896484,56.8199996948242,18599000,40.7965507507324
"2014-03-03",56.2999992370605,56.4199981689453,55.689998626709,56.2099990844727,19151000,40.3585739135742
"2014-03-04",56.9500007629395,57.3600006103516,56.6399993896484,57.2599983215332,17157000,41.1124725341797
"2014-03-05",57.4799995422363,58.2900009155273,57.3600006103516,58.1599998474121,17761500,41.758659362793
"2014-03-06",58.5099983215332,59.0900001525879,58.4000015258789,58.9000015258789,19420600,42.2899742126465
"2014-03-07",59.3499984741211,59.7999992370605,59.0699996948242,59.4000015258789,18602200,42.648983001709
"2014-03-10",59.1399993896484,59.4799995422363,58.8699989318848,59.2000007629395,16945200,42.5053863525391
"2014-03-11",59.4199981689453,59.4500007629395,58.1300010681152,58.189998626709,19420000,41.7802085876465
"2014-03-12",57.7000007629395,57.9599990844727,57.4199981689453,57.9199981689453,17932100,41.5863456726074
"2014-03-13",58,58.3400001525879,57.189998626709,57.4199981689453,17192500,41.227352142334
"2014-03-14",57.1100006103516,57.5299987792969,56.6199989318848,56.7999992370605,18635800,40.7821922302246
"2014-03-17",57.2099990844727,57.7000007629395,57.0499992370605,57.5800018310547,13581400,41.3422241210938
"2014-03-18",57.8199996948242,58.1599998474121,57.6199989318848,58.060001373291,12554800,41.6868667602539
"2014-03-19",57.9900016784668,58.9300003051758,57.8899993896484,58.2999992370605,21450700,41.8591918945312
"2014-03-20",58.3600006103516,60.4900016784668,58.1300010681152,60.1100006103516,33736500,43.158763885498
"2014-03-21",60.9599990844727,61.2000007629395,60,60.1699981689453,35144100,43.2018356323242
"2014-03-24",60.3699989318848,61.189998626709,60.3499984741211,61.0699996948242,25810500,43.8480453491211
"2014-03-25",61.1100006103516,61.4799995422363,60.560001373291,60.9300003051758,24053500,43.7475166320801
"2014-03-26",61.2400016784668,61.4000015258789,59.8899993896484,59.9000015258789,22745200,43.0079727172852
"2014-03-27",59.939998626709,60.5499992370605,59.0200004577637,59.9199981689453,24632600,43.0223388671875
"2014-03-28",60.2099990844727,60.5900001525879,59.6800003051758,60.0400009155273,14708700,43.1084861755371
"2014-03-31",60.8300018310547,61.0200004577637,60.5999984741211,60.7099990844727,15216700,43.5895614624023
"2014-04-01",60.9500007629395,61.2900009155273,60.3699989318848,60.6699981689453,14584400,43.5608520507812
"2014-04-02",60.3699989318848,60.7700004577637,60.2000007629395,60.4799995422363,14012200,43.6981163024902
"2014-04-03",60.6500015258789,60.7999992370605,60.2799987792969,60.6599998474121,11925200,43.8281707763672
"2014-04-04",61.0200004577637,61.060001373291,59.7999992370605,59.810001373291,16966900,43.2140350341797
"2014-04-07",59.689998626709,60,58.8400001525879,59,18685700,42.628776550293
"2014-04-08",58.7999992370605,59.0200004577637,58.25,58.8499984741211,16956500,42.5204010009766
"2014-04-09",59.0999984741211,59.4500007629395,58.5,59.2700004577637,15308400,42.8238716125488
"2014-04-10",59.3499984741211,59.3899993896484,57.3800010681152,57.4000015258789,29977200,41.4727554321289
"2014-04-11",55.1800003051758,56.0499992370605,54.5499992370605,55.2999992370605,47241300,39.9554443359375
"2014-04-14",55.8499984741211,55.939998626709,54.4799995422363,54.9599990844727,31081500,39.7098007202148
"2014-04-15",55.0900001525879,55.6399993896484,54.3499984741211,54.7999992370605,26691400,39.5941925048828
"2014-04-16",55,55.3499984741211,54.689998626709,55.2599983215332,27049400,39.9265480041504
"2014-04-17",55.3400001525879,55.5699996948242,55.0099983215332,55.2200012207031,17955400,39.8976516723633
"2014-04-21",55.2599983215332,55.4099998474121,54.9900016784668,55.0299987792969,12384800,39.7603607177734
"2014-04-22",55.0400009155273,56.0800018310547,54.939998626709,55.810001373291,16257600,40.3239479064941
"2014-04-23",55.7999992370605,56.1199989318848,55.560001373291,56.0499992370605,11379000,40.4973449707031
"2014-04-24",56.0699996948242,56.2599983215332,55.6100006103516,56.189998626709,15360600,40.5984992980957
"2014-04-25",56.310001373291,56.3499984741211,55.6399993896484,55.7000007629395,15937700,40.244457244873
"2014-04-28",55.6300010681152,55.7000007629395,54.6800003051758,55.4900016784668,21394100,40.0927314758301
"2014-04-29",55.7299995422363,56.310001373291,55.5699996948242,56.0999984741211,13453400,40.5334739685059
"2014-04-30",56.2400016784668,56.3499984741211,55.7200012207031,55.9799995422363,14388100,40.4467658996582
"2014-05-01",55.9199981689453,56.189998626709,55.5,55.7200012207031,12744600,40.2589149475098
"2014-05-02",55.8300018310547,56.3699989318848,55.439998626709,55.5800018310547,15153800,40.1577606201172
"2014-05-05",53.8800010681152,54.7400016784668,53.7000007629395,54.2200012207031,25232300,39.1751327514648
"2014-05-06",54.0400009155273,54.060001373291,53.3199996948242,53.3400001525879,25327400,38.5393142700195
"2014-05-07",53.5499992370605,54.1199989318848,53.2400016784668,54.0499992370605,18502600,39.052303314209
"2014-05-08",54.2000007629395,54.5299987792969,54.060001373291,54.3600006103516,16090800,39.2762794494629
"2014-05-09",54.2200012207031,54.310001373291,53.6800003051758,54.0099983215332,12366500,39.0234069824219
"2014-05-12",54.2700004577637,54.7000007629395,54.0299987792969,54.6500015258789,12825500,39.4858093261719
"2014-05-13",54.7400016784668,54.8300018310547,54.5,54.6199989318848,12310700,39.4641418457031
"2014-05-14",54.6399993896484,54.7000007629395,54.2999992370605,54.3600006103516,10325800,39.2762794494629
"2014-05-15",54.2000007629395,54.2000007629395,53.3499984741211,53.5099983215332,19763000,38.6621398925781
"2014-05-16",53.4199981689453,53.5099983215332,52.9700012207031,53.310001373291,19992400,38.5176391601562
"2014-05-19",53.0800018310547,53.9099998474121,53.060001373291,53.8300018310547,12068900,38.8933410644531
"2014-05-20",53.7200012207031,54.0400009155273,53.4099998474121,53.7200012207031,16888200,38.8138771057129
"2014-05-21",54.0499992370605,54.5999984741211,53.9799995422363,54.1199989318848,13210200,39.1028709411621
"2014-05-22",54.1699981689453,54.5999984741211,54.0200004577637,54.5499992370605,11800900,39.4135589599609
"2014-05-23",54.5499992370605,54.5900001525879,54.1599998474121,54.5299987792969,10876500,39.3991050720215
"2014-05-27",54.75,55.4300003051758,54.689998626709,55.1399993896484,14503700,39.8398513793945
"2014-05-28",55.0900001525879,55.5999984741211,55,55.4500007629395,11374900,40.0638275146484
"2014-05-29",55.75,55.9199981689453,55.3899993896484,55.7200012207031,11741000,40.2589149475098
"2014-05-30",55.5800018310547,55.8800010681152,55.310001373291,55.5699996948242,11991900,40.1505393981934
"2014-06-02",55.6500015258789,55.6500015258789,55.0200004577637,55.3499984741211,9440000,39.991584777832
"2014-06-03",55.0900001525879,55.6599998474121,55.0900001525879,55.5999984741211,9131500,40.1722106933594
"2014-06-04",55.5200004577637,55.7299995422363,55.25,55.6800003051758,9727800,40.2300109863281
"2014-06-05",55.9099998474121,56.6599998474121,55.4900016784668,56.6300010681152,16803400,40.9164123535156
"2014-06-06",56.7599983215332,57.1300010681152,56.6500015258789,56.9700012207031,15399800,41.1620635986328
"2014-06-09",56.9099998474121,57.6699981689453,56.9000015258789,57.4199981689453,11999700,41.4871978759766
"2014-06-10",57.4700012207031,57.939998626709,57.3899993896484,57.9000015258789,11609200,41.8340187072754
"2014-06-11",57.4799995422363,57.7900009155273,56.9799995422363,57.2700004577637,14232200,41.3788108825684
"2014-06-12",57.0699996948242,57.4199981689453,56.8699989318848,57.0400009155273,11670200,41.2126426696777
"2014-06-13",57.0299987792969,57.6699981689453,56.8800010681152,57.0400009155273,12040800,41.2126426696777
"2014-06-16",56.8499984741211,56.9500007629395,56.3300018310547,56.8699989318848,11199100,41.0898132324219
"2014-06-17",56.7900009155273,57.5900001525879,56.6800003051758,57.4199981689453,11200500,41.4871978759766
"2014-06-18",57.2900009155273,57.810001373291,56.9500007629395,57.7799987792969,13729400,41.747314453125
"2014-06-19",57.689998626709,57.689998626709,57.2099990844727,57.2999992370605,11624400,41.4005012512207
"2014-06-20",57.689998626709,57.7700004577637,57.3499984741211,57.5499992370605,17124800,41.5811386108398
"2014-06-23",57.5400009155273,58.2200012207031,57.2400016784668,58.189998626709,16007700,42.0435371398926
"2014-06-24",57.8800010681152,58.1199989318848,57.2999992370605,57.4199981689453,12322900,41.4871978759766
"2014-06-25",57.2200012207031,57.7400016784668,56.8699989318848,57.5299987792969,14836600,41.5666809082031
"2014-06-26",57.3400001525879,57.4900016784668,56.5999984741211,57.3899993896484,11854400,41.4655380249023
"2014-06-27",57.3300018310547,57.7000007629395,57.2400016784668,57.5299987792969,10178600,41.5666809082031
"2014-06-30",57.439998626709,57.7799987792969,57.3800010681152,57.6199989318848,11549000,41.631706237793
"2014-07-01",57.1500015258789,57.9900016784668,57.0800018310547,57.5699996948242,14472200,41.8863410949707
"2014-07-02",57.2700004577637,57.4799995422363,56.8199996948242,56.9700012207031,19189900,41.4498100280762
"2014-07-03",57.2299995422363,57.6500015258789,57,57.0499992370605,12599800,41.5080261230469
"2014-07-07",56.8899993896484,56.9900016784668,56.4000015258789,56.6699981689453,13916100,41.2315368652344
"2014-07-08",56.3499984741211,56.4700012207031,55.6300010681152,55.7599983215332,18343400,40.5694427490234
"2014-07-09",55.8800010681152,56.1199989318848,55.6100006103516,56.0200004577637,10914300,40.7586250305176
"2014-07-10",55.060001373291,55.810001373291,54.9599990844727,55.560001373291,12436600,40.4239349365234
"2014-07-11",55.2900009155273,55.9099998474121,55.189998626709,55.7999992370605,10230000,40.5985412597656
"2014-07-14",56.5299987792969,56.8400001525879,56.2000007629395,56.2900009155273,14004400,40.9550590515137
"2014-07-15",57.9500007629395,58.689998626709,57.7599983215332,58.2700004577637,36178000,42.3956527709961
"2014-07-16",58.5099983215332,58.9799995422363,58.310001373291,58.7099990844727,20507500,42.7157936096191
"2014-07-17",58.560001373291,58.8600006103516,57.7599983215332,57.8600006103516,17013500,42.0973510742188
"2014-07-18",58.3300018310547,58.4799995422363,57.9000015258789,58.2299995422363,12803300,42.3665504455566
"2014-07-21",58.1199989318848,58.4099998474121,57.9000015258789,58.2400016784668,9141400,42.3738288879395
"2014-07-22",58.4199981689453,58.7999992370605,58.3699989318848,58.6699981689453,10375200,42.6866874694824
"2014-07-23",58.7599983215332,59.189998626709,58.5200004577637,59,11122100,42.9267807006836
"2014-07-24",59.0699996948242,59.3499984741211,58.9900016784668,59.1699981689453,9844100,43.0504722595215
"2014-07-25",58.9199981689453,59.2700004577637,58.8400001525879,59.0099983215332,10500600,42.9340515136719
"2014-07-28",58.939998626709,59.2599983215332,58.6699981689453,59.189998626709,12382800,43.0650253295898
"2014-07-29",59.1300010681152,59.1300010681152,58.439998626709,58.6399993896484,13498800,42.6648559570312
"2014-07-30",59.0200004577637,59.2799987792969,58.6100006103516,58.9099998474121,11815700,42.8613014221191
"2014-07-31",58.6500015258789,58.6800003051758,57.6599998474121,57.6699981689453,15955900,41.959114074707
"2014-08-01",57.3899993896484,57.4900016784668,55.9700012207031,56.4799995422363,23915400,41.0933074951172
"2014-08-04",56.9099998474121,56.9799995422363,56.3400001525879,56.6500015258789,13543900,41.2169799804688
"2014-08-05",56.4300003051758,56.5999984741211,55.5999984741211,56.060001373291,16863300,40.787727355957
"2014-08-06",55.8899993896484,56.689998626709,55.8300018310547,56.2299995422363,12190600,40.9114227294922
"2014-08-07",56.6300010681152,56.689998626709,55.6800003051758,55.9099998474121,11743800,40.6785850524902
"2014-08-08",55.8899993896484,56.3600006103516,55.6399993896484,56.3400001525879,12213200,40.9914360046387
"2014-08-11",56.5400009155273,56.5800018310547,56.1699981689453,56.3199996948242,9066800,40.976879119873
"2014-08-12",56.2299995422363,56.5499992370605,56.1300010681152,56.3499984741211,11289600,40.9987258911133
"2014-08-13",56.689998626709,56.8400001525879,56.5099983215332,56.7200012207031,7012600,41.2679138183594
"2014-08-14",56.7700004577637,57,56.7000007629395,56.9799995422363,8275900,41.4570770263672
"2014-08-15",57.2400016784668,57.5,56.3899993896484,56.75,12727400,41.2897415161133
"2014-08-18",56.8600006103516,57.4300003051758,56.7599983215332,57.2299995422363,8881400,41.6389846801758
"2014-08-19",57.5999984741211,57.7200012207031,57.3400001525879,57.560001373291,9040500,41.8790817260742
"2014-08-20",57.4199981689453,57.8499984741211,57.3899993896484,57.6399993896484,8121400,41.9372901916504
"2014-08-21",57.6599998474121,58.7700004577637,57.5999984741211,58.5,12745500,42.5629920959473
"2014-08-22",58.439998626709,59.0800018310547,58.3300018310547,58.4900016784668,10228600,42.555721282959
"2014-08-25",58.9799995422363,59.8300018310547,58.8600006103516,59.3400001525879,13996800,43.1741561889648
"2014-08-26",59.5699996948242,59.9500007629395,59.3899993896484,59.7400016784668,10281100,43.4651794433594
"2014-08-27",59.8499984741211,59.9500007629395,59.5299987792969,59.5900001525879,11410900,43.3560562133789
"2014-08-28",59.25,59.3699989318848,58.810001373291,59.1599998474121,9096100,43.0431861877441
"2014-08-29",59.3400001525879,59.6500015258789,59.2299995422363,59.4500007629395,8897900,43.2541847229004
"2014-09-02",59.4599990844727,59.7099990844727,59.1500015258789,59.6699981689453,8671100,43.4142570495605
"2014-09-03",60.0200004577637,60.3699989318848,59.4599990844727,59.7000007629395,11791800,43.4360885620117
"2014-09-04",59.6300010681152,60.1399993896484,59.4300003051758,59.7099990844727,9811900,43.4433670043945
"2014-09-05",59.6199989318848,59.9099998474121,59.2200012207031,59.9099998474121,9600900,43.5888595581055
"2014-09-08",59.8400001525879,60.2200012207031,59.7400016784668,59.8899993896484,8090000,43.5743293762207
"2014-09-09",59.6300010681152,59.6800003051758,58.7799987792969,59.060001373291,14868700,42.9704437255859
"2014-09-10",59.1500015258789,59.560001373291,58.9199981689453,59.2200012207031,9153800,43.0868530273438
"2014-09-11",59.1800003051758,59.8400001525879,58.9700012207031,59.7599983215332,11467000,43.4797401428223
"2014-09-12",59.7999992370605,60.4099998474121,59.75,60.0299987792969,14359100,43.6761779785156
"2014-09-15",59.7799987792969,59.9900016784668,59.4500007629395,59.939998626709,10685600,43.6107063293457
"2014-09-16",59.7099990844727,60.2000007629395,59.6199989318848,59.9900016784668,10947900,43.6470832824707
"2014-09-17",59.9500007629395,60.5900001525879,59.8199996948242,60.310001373291,15091800,43.8799057006836
"2014-09-18",60.5400009155273,61.4000015258789,60.5400009155273,61.3199996948242,16973700,44.61474609375
"2014-09-19",61.7400016784668,61.8499984741211,60.9799995422363,61.1100006103516,18739300,44.4619483947754
"2014-09-22",60.939998626709,61.4500007629395,60.7999992370605,60.9099998474121,13225200,44.3164482116699
"2014-09-23",60.8199996948242,61.4000015258789,60.7700004577637,60.939998626709,14328800,44.3382759094238
"2014-09-24",61.1800003051758,61.6399993896484,61.0200004577637,61.6300010681152,13728200,44.8403015136719
"2014-09-25",61.4900016784668,61.5,60.1500015258789,60.1500015258789,16340100,43.7634963989258
"2014-09-26",60.3300018310547,60.8800010681152,60.3199996948242,60.560001373291,11948900,44.0618019104004
"2014-09-29",60.0299987792969,60.5,59.7299995422363,60.3300018310547,10686500,43.8944625854492
"2014-09-30",60.4000015258789,60.7400016784668,60.1300010681152,60.2400016784668,14384800,43.8289756774902
"2014-10-01",60.2400016784668,60.4000015258789,59.7299995422363,59.7700004577637,18995800,43.4870147705078
"2014-10-02",59.1500015258789,59.4900016784668,58.6100006103516,58.8400001525879,24559100,43.0988006591797
"2014-10-03",59.25,60.3899993896484,59.0499992370605,60.2999992370605,18321100,44.1682281494141
"2014-10-06",60.7799987792969,60.7999992370605,60,60.1800003051758,11578000,44.0803146362305
"2014-10-07",59.9199981689453,59.9199981689453,59.189998626709,59.2700004577637,14542000,43.4137802124023
"2014-10-08",59.3600006103516,60.4300003051758,59.1800003051758,60.4000015258789,15834100,44.2414627075195
"2014-10-09",60.3300018310547,60.3300018310547,58.8899993896484,59.0800018310547,19189500,43.2746047973633
"2014-10-10",59.0299987792969,59.8199996948242,58.5099983215332,58.5200004577637,16689400,42.8644065856934
"2014-10-13",58.5,59.1500015258789,58.1100006103516,58.1599998474121,17169300,42.6007232666016
"2014-10-14",56.689998626709,58.5200004577637,56.060001373291,57.9900016784668,29096800,42.4762001037598
"2014-10-15",57.0200004577637,57.3800010681152,54.2599983215332,55.5299987792969,37866900,40.6743125915527
"2014-10-16",54.75,55.9799995422363,54.2799987792969,55.0800018310547,31965100,40.3446922302246
"2014-10-17",55.7299995422363,56.7799987792969,55.5699996948242,56.2000007629395,20183500,41.1650657653809
"2014-10-20",56.0999984741211,56.75,56.0699996948242,56.6300010681152,10807600,41.4800338745117
"2014-10-21",57.2299995422363,58.0099983215332,57.0800018310547,57.9300003051758,14020400,42.432258605957
"2014-10-22",58.0400009155273,58.2599983215332,57.439998626709,57.4500007629395,13750700,42.0806541442871
"2014-10-23",58.1199989318848,58.5999984741211,57.939998626709,58.060001373291,12641900,42.5274772644043
"2014-10-24",58,58.7799987792969,58,58.7400016784668,13758000,43.025562286377
"2014-10-27",58.4500007629395,58.7900009155273,58.25,58.6399993896484,11087100,42.9523124694824
"2014-10-28",58.8699989318848,59.689998626709,58.810001373291,59.6300010681152,13625000,43.6774559020996
"2014-10-29",59.6199989318848,59.7799987792969,58.7599983215332,59.2900009155273,16712100,43.4284133911133
"2014-10-30",58.939998626709,59.6800003051758,58.9199981689453,59.3899993896484,14709800,43.5016746520996
"2014-10-31",60.1199989318848,60.5400009155273,59.8699989318848,60.4799995422363,18347600,44.3000602722168
"2014-11-03",60.7900009155273,61.1500015258789,60.3600006103516,60.8800010681152,11841200,44.5930671691895
"2014-11-04",60.2400016784668,60.3699989318848,59.4199981689453,60.25,15295800,44.1315765380859
"2014-11-05",60.7999992370605,61.2299995422363,60.3899993896484,61.1500015258789,14063800,44.790828704834
"2014-11-06",61.0800018310547,61.310001373291,60.6300010681152,61.2299995422363,10421600,44.849422454834
"2014-11-07",61.0699996948242,61.5499992370605,60.8600006103516,61.4700012207031,12384600,45.0252227783203
"2014-11-10",61.25,61.9300003051758,61.2000007629395,61.9300003051758,10801000,45.3621559143066
"2014-11-11",61.7099990844727,61.8899993896484,61.2900009155273,61.3699989318848,12539800,44.9519538879395
"2014-11-12",60.4199981689453,60.8400001525879,60.2299995422363,60.560001373291,17219600,44.3586692810059
"2014-11-13",60.5,60.6300010681152,59.9900016784668,60.2299995422363,12240400,44.1169395446777
"2014-11-14",60.25,60.6199989318848,60.1800003051758,60.2799987792969,6803400,44.153564453125
"2014-11-17",60,60.5299987792969,59.8899993896484,60.3800010681152,9017600,44.2268257141113
"2014-11-18",60.3499984741211,60.8199996948242,60.2000007629395,60.5299987792969,8897800,44.3366889953613
"2014-11-19",60.4500007629395,60.7900009155273,60.1500015258789,60.5999984741211,9210100,44.3879547119141
"2014-11-20",60.2000007629395,60.25,59.75,60.1199989318848,10917300,44.0363693237305
"2014-11-21",61.0699996948242,61.0699996948242,60.2999992370605,60.4500007629395,12340500,44.2780990600586
"2014-11-24",60.7000007629395,61.310001373291,60.7000007629395,60.9599990844727,8335000,44.6516418457031
"2014-11-25",61.1599998474121,61.1599998474121,59.9500007629395,60.2999992370605,14802600,44.1682281494141
"2014-11-26",60.5699996948242,60.5699996948242,60.2000007629395,60.3400001525879,7626600,44.1975173950195
"2014-11-28",60.4000015258789,60.560001373291,60.0299987792969,60.1599998474121,6759600,44.0656585693359
"2014-12-01",59.9799995422363,60.2099990844727,59.5499992370605,60,12771600,43.9484634399414
"2014-12-02",60.0099983215332,61.189998626709,60,61.0800018310547,12546600,44.7395401000977
"2014-12-03",60.9599990844727,61.6199989318848,60.810001373291,61.5400009155273,12115500,45.0764923095703
"2014-12-04",61.0999984741211,61.5699996948242,60.8400001525879,61.3800010681152,11515200,44.9592895507812
"2014-12-05",62.0099983215332,63.060001373291,61.8800010681152,62.7000007629395,20071100,45.9261665344238
"2014-12-08",62.5999984741211,63.1599998474121,62.2599983215332,62.6699981689453,15528200,45.904182434082
"2014-12-09",61.8499984741211,62.8499984741211,61.560001373291,62.4500007629395,19676400,45.743034362793
"2014-12-10",62.1599998474121,62.2400016784668,60.3699989318848,60.6800003051758,29620600,44.4465522766113
"2014-12-11",61.1699981689453,62.060001373291,61.1100006103516,61.1399993896484,16886200,44.7834930419922
"2014-12-12",60.5299987792969,61.2200012207031,59.9599990844727,60.0400009155273,17405400,43.9777679443359
"2014-12-15",60.7400016784668,60.810001373291,58.7900009155273,59.1599998474121,19209900,43.3331909179688
"2014-12-16",58.4199981689453,59.8600006103516,58.1100006103516,58.4300003051758,20709700,42.7984886169434
"2014-12-17",58.5699996948242,59.8300018310547,58.3400001525879,59.7700004577637,17856400,43.7799987792969
"2014-12-18",60.6399993896484,61.4799995422363,60.439998626709,61.4799995422363,18173400,45.0325355529785
"2014-12-19",61.4000015258789,62.3499984741211,61.3699989318848,61.9300003051758,22756400,45.3621559143066
"2014-12-22",62.1599998474121,62.3300018310547,61.6100006103516,61.939998626709,17073400,45.3694801330566
"2014-12-23",62.0499992370605,62.9700012207031,61.9300003051758,62.4799995422363,13552600,45.7650032043457
"2014-12-24",62.7400016784668,62.8699989318848,62.2700004577637,62.4799995422363,7412500,45.7650032043457
"2014-12-26",62.6699981689453,62.8899993896484,62.4099998474121,62.5499992370605,6086500,45.8162727355957
"2014-12-29",62.4199981689453,63.3400001525879,62.25,62.9599990844727,10601200,46.1165924072266
"2014-12-30",62.7200012207031,63.2799987792969,62.5699996948242,63.1500015258789,7518100,46.2557640075684
"2014-12-31",63.2999992370605,63.4900016784668,62.5800018310547,62.5800018310547,18529400,45.8382530212402
"2015-01-02",62.1800003051758,62.9599990844727,62.0699996948242,62.4900016784668,12600000,46.0667877197266
"2015-01-05",62.060001373291,62.2799987792969,60.2299995422363,60.5499992370605,20100600,44.6366500854492
"2015-01-06",60.6399993896484,60.75,58.3499984741211,58.9799995422363,29074100,43.4792556762695
"2015-01-07",59.8899993896484,59.8899993896484,58.6699981689453,59.0699996948242,23843200,43.5456085205078
"2015-01-08",59.9700012207031,60.9000015258789,59.9700012207031,60.3899993896484,16971100,44.5186958312988
"2015-01-09",60.7200012207031,60.7900009155273,59.2900009155273,59.3400001525879,15396200,43.7446441650391
"2015-01-12",59.2799987792969,59.4000015258789,58.2700004577637,58.8300018310547,15455200,43.3686828613281
"2015-01-13",59.2599983215332,59.7000007629395,58.3699989318848,58.8400001525879,21644700,43.3760414123535
"2015-01-14",58.8400001525879,58.8400001525879,55.2700004577637,56.810001373291,49602300,41.8795738220215
"2015-01-15",55.7299995422363,56.6100006103516,54.5,54.9900016784668,42458100,40.5378837585449
"2015-01-16",54.6599998474121,56,54.6399993896484,55.9300003051758,29368900,41.230842590332
"2015-01-20",56.0400009155273,56.3899993896484,55.4199981689453,55.7099990844727,23477700,41.0686683654785
"2015-01-21",55.4500007629395,56.4199981689453,55.189998626709,55.8899993896484,21842400,41.2013664245605
"2015-01-22",56.3800010681152,57.7299995422363,55.9599990844727,57.5900001525879,31423500,42.4545669555664
"2015-01-23",57.7200012207031,57.8699989318848,56.6599998474121,56.6800003051758,15458300,41.7837295532227
"2015-01-26",56.4099998474121,56.9900016784668,56.2000007629395,56.7700004577637,12577700,41.8500785827637
"2015-01-27",56.0499992370605,56.6100006103516,55.7599983215332,56.2000007629395,15220500,41.4298820495605
"2015-01-28",56.6199989318848,56.6800003051758,54.75,54.75,24354400,40.3609619140625
"2015-01-29",55.2700004577637,55.8899993896484,54.6800003051758,55.6699981689453,20393300,41.0391731262207
"2015-01-30",54.9900016784668,55.5,54.3699989318848,54.3800010681152,26943700,40.0882034301758
"2015-02-02",54.5299987792969,55.6500015258789,54.2700004577637,55.4700012207031,20308900,40.891731262207
"2015-02-03",55.9099998474121,56.7799987792969,55.8699989318848,56.7200012207031,18812500,41.8132209777832
"2015-02-04",56.3199996948242,57.0699996948242,56.2799987792969,56.3800010681152,14934100,41.5625915527344
"2015-02-05",56.8600006103516,57.0400009155273,56.4599990844727,56.7700004577637,11293900,41.8500785827637
"2015-02-06",57.75,58.7299995422363,57.5400009155273,57.8899993896484,25214000,42.6757278442383
"2015-02-09",57.4199981689453,58.0999984741211,57.2299995422363,57.8199996948242,14372400,42.6241302490234
"2015-02-10",58.4199981689453,58.7099990844727,58.0499992370605,58.4599990844727,16367300,43.0959129333496
"2015-02-11",58.060001373291,58.6599998474121,57.8400001525879,58.3699989318848,13061900,43.0295753479004
"2015-02-12",58.9300003051758,59.7099990844727,58.5499992370605,59.5699996948242,23211300,43.9142150878906
"2015-02-13",59.4599990844727,60.2200012207031,59.3400001525879,59.6699981689453,16479100,43.9879302978516
"2015-02-17",59.3600006103516,60.1399993896484,59.3199996948242,60.0999984741211,15308800,44.3049125671387
"2015-02-18",60.0999984741211,60.0999984741211,59.1199989318848,59.3699989318848,14278100,43.7667655944824
"2015-02-19",59.1500015258789,59.4799995422363,58.7999992370605,59.2299995422363,11256500,43.6635437011719
"2015-02-20",58.9599990844727,59.8899993896484,58.3499984741211,59.7999992370605,15379000,44.0837554931641
"2015-02-23",59.5,59.5299987792969,58.7999992370605,59.3499984741211,16814000,43.7520294189453
"2015-02-24",60.25,61.25,60.0800018310547,60.8199996948242,22937700,44.8356895446777
"2015-02-25",60.7599983215332,61.2700004577637,60.75,61.1399993896484,18307900,45.071590423584
"2015-02-26",61.0299987792969,61.7000007629395,60.9099998474121,61.5800018310547,15444800,45.3959465026855
"2015-02-27",61.1300010681152,61.9199981689453,61.1300010681152,61.2799987792969,15225900,45.1747932434082
"2015-03-02",61.2799987792969,61.8300018310547,61.0299987792969,61.7700004577637,13047300,45.536003112793
"2015-03-03",61.6500015258789,61.9900016784668,61.5,61.9700012207031,13706900,45.6834487915039
"2015-03-04",61.6399993896484,62.1699981689453,61.3499984741211,62.1300010681152,16625500,45.801399230957
"2015-03-05",62.2000007629395,62.2299995422363,61.5999984741211,62,10931300,45.7055816650391
"2015-03-06",62.1599998474121,62.8699989318848,60.7999992370605,60.8899993896484,22719200,44.8872909545898
"2015-03-09",60.8400001525879,61.6300010681152,60.7999992370605,61.5,13001500,45.3369674682617
"2015-03-10",60.7599983215332,61.0099983215332,59.9599990844727,59.9599990844727,16357700,44.2017021179199
"2015-03-11",60.1300010681152,60.6500015258789,59.9599990844727,60.2400016784668,13015600,44.4081192016602
"2015-03-12",60.6500015258789,61.4500007629395,60.6500015258789,61.3699989318848,18159600,45.2411308288574
"2015-03-13",61.4000015258789,61.8600006103516,60.4300003051758,61,16506200,44.9683799743652
"2015-03-16",61.5,61.9199981689453,61.25,61.8499984741211,15182900,45.5949897766113
"2015-03-17",61.3400001525879,61.6599998474121,60.9199981689453,61.6100006103516,11718300,45.4180717468262
"2015-03-18",61.3899993896484,62.0499992370605,61.0900001525879,61.75,15697900,45.5212707519531
"2015-03-19",61.5699996948242,61.6500015258789,60.7599983215332,61.2000007629395,11523800,45.1158256530762
"2015-03-20",61.3199996948242,62.0999984741211,61.1500015258789,61.75,18368300,45.5212707519531
"2015-03-23",61.75,62.0800018310547,61.1199989318848,61.1399993896484,15112900,45.071590423584
"2015-03-24",60.9700012207031,61.2400016784668,60.4500007629395,60.4599990844727,12128700,44.5703010559082
"2015-03-25",60.5299987792969,60.6399993896484,59.5900001525879,59.6100006103516,14950900,43.9436912536621
"2015-03-26",59.4599990844727,59.7900009155273,58.8699989318848,59.5400009155273,14039600,43.8920745849609
"2015-03-27",59.4900016784668,59.7799987792969,59,59.5499992370605,11755800,43.8994598388672
"2015-03-30",60.8800010681152,61.4599990844727,60.6100006103516,60.9599990844727,20656500,44.9388771057129
"2015-03-31",60.7200012207031,60.939998626709,60.4199981689453,60.5800018310547,17346700,44.6587600708008
"2015-04-01",60.4099998474121,60.5699996948242,59.7299995422363,59.9500007629395,18100600,44.4880790710449
"2015-04-02",60.0699996948242,60.7000007629395,60,60.5200004577637,12697800,44.9110717773438
"2015-04-06",59.9199981689453,60.75,59.6500015258789,60.4700012207031,12025200,44.8739624023438
"2015-04-07",61.1500015258789,61.5,60.8499984741211,60.8499984741211,11505500,45.1559562683105
"2015-04-08",61.060001373291,61.560001373291,60.939998626709,61.0499992370605,11734000,45.304370880127
"2015-04-09",61.2700004577637,61.5800018310547,60.8300018310547,61.4700012207031,11728500,45.6160507202148
"2015-04-10",61.3499984741211,61.7799987792969,61.2000007629395,61.7000007629395,9869700,45.7867317199707
"2015-04-13",61.6399993896484,62.2700004577637,61.5,62.0699996948242,15468700,46.0612945556641
"2015-04-14",62.9599990844727,63.6100006103516,62.7400016784668,63.0400009155273,33775400,46.781135559082
"2015-04-15",63.0800018310547,64.4800033569336,63.0099983215332,64.2099990844727,28732200,47.6493721008301
"2015-04-16",64.0800018310547,64.2699966430664,63.6599998474121,63.810001373291,16640500,47.3525390625
"2015-04-17",63.25,63.4000015258789,62.4900016784668,62.8400001525879,20221200,46.6327056884766
"2015-04-20",63.2200012207031,63.5200004577637,63.1399993896484,63.2400016784668,12755300,46.9295425415039
"2015-04-21",63.3300018310547,63.5999984741211,62.1300010681152,62.310001373291,14985100,46.2394065856934
"2015-04-22",62.6500015258789,63.1500015258789,62.0299987792969,62.939998626709,14484700,46.7069129943848
"2015-04-23",62.7900009155273,63.2099990844727,62.5999984741211,62.7999992370605,12851300,46.6030197143555
"2015-04-24",62.6300010681152,62.8400001525879,62.3400001525879,62.5999984741211,9597500,46.4546127319336
"2015-04-27",62.7000007629395,63.1500015258789,62.310001373291,62.3400001525879,11146400,46.2616691589355
"2015-04-28",62.4900016784668,62.7799987792969,61.7700004577637,62.7599983215332,12307800,46.5733413696289
"2015-04-29",62.560001373291,63.8899993896484,62.4599990844727,63.5999984741211,17601200,47.1966857910156
"2015-04-30",63.5800018310547,63.8800010681152,62.9199981689453,63.2599983215332,16840900,46.944393157959
"2015-05-01",63.7000007629395,63.8699989318848,63.3300018310547,63.6100006103516,11640100,47.2041091918945
"2015-05-04",63.6800003051758,64.870002746582,63.6399993896484,64.7200012207031,14972500,48.0278396606445
"2015-05-05",64.5100021362305,65.3199996948242,64.2900009155273,64.4000015258789,17692400,47.790355682373
"2015-05-06",64.5299987792969,65.0699996948242,63.4199981689453,63.9199981689453,18087900,47.4341583251953
"2015-05-07",63.6699981689453,64.5999984741211,63.25,64.5,15039900,47.8645782470703
"2015-05-08",64.9700012207031,65.6500015258789,64.5999984741211,65.4899978637695,16802600,48.599235534668
"2015-05-11",65.2600021362305,65.6399993896484,65.0800018310547,65.4499969482422,13798800,48.5695571899414
"2015-05-12",65.3099975585938,65.5400009155273,64.7600021362305,65.3600006103516,12762200,48.5027618408203
"2015-05-13",65.4199981689453,65.629997253418,65.0599975585938,65.5199966430664,11874100,48.6214942932129
"2015-05-14",65.8300018310547,66.1800003051758,65.7099990844727,66.0500030517578,11855500,49.0148124694824
"2015-05-15",66.129997253418,66.1600036621094,65.4400024414062,65.879997253418,11152100,48.8886528015137
"2015-05-18",65.8000030517578,66.5400009155273,65.8000030517578,66.4199981689453,10510900,49.2893753051758
"2015-05-19",66.7699966430664,67.1900024414062,66.5699996948242,67.0100021362305,14282700,49.7272148132324
"2015-05-20",66.9499969482422,67.0299987792969,66.4000015258789,66.4800033569336,12446000,49.3339157104492
"2015-05-21",66.1399993896484,66.6800003051758,66.0100021362305,66.6500015258789,12934500,49.4600563049316
"2015-05-22",66.629997253418,66.8300018310547,66.3199996948242,66.4700012207031,9296900,49.3264770507812
"2015-05-26",66.1999969482422,66.2900009155273,65.3099975585938,65.7300033569336,15571300,48.7773361206055
"2015-05-27",65.9499969482422,66.6500015258789,65.8199996948242,66.4700012207031,10963700,49.3264770507812
"2015-05-28",66.3600006103516,66.4000015258789,65.7399978637695,66.1999969482422,11797400,49.1261253356934
"2015-05-29",66.1800003051758,66.2200012207031,65.3600006103516,65.7799987792969,14310700,48.8144569396973
"2015-06-01",65.9899978637695,66.6600036621094,65.9700012207031,66.0800018310547,11899300,49.0370788574219
"2015-06-02",65.8300018310547,66.3899993896484,65.5800018310547,66.0199966430664,12784200,48.9925422668457
"2015-06-03",66.4300003051758,67.129997253418,66.2699966430664,66.6999969482422,12927300,49.4971771240234
"2015-06-04",66.3099975585938,67.0500030517578,66.0100021362305,66.3300018310547,13863300,49.2225914001465
"2015-06-05",67.370002746582,67.8399963378906,67.0100021362305,67.4199981689453,20801100,50.0314636230469
"2015-06-08",67.4599990844727,67.5500030517578,66.8099975585938,66.8899993896484,14558700,49.6381607055664
"2015-06-09",66.9499969482422,67.2699966430664,66.4700012207031,67.1800003051758,13263500,49.8533554077148
"2015-06-10",67.5899963378906,68.5,67.4700012207031,68.2600021362305,17478900,50.6548080444336
"2015-06-11",68.3600006103516,68.6800003051758,68.1500015258789,68.5199966430664,13739900,50.8477401733398
"2015-06-12",68.3099975585938,68.5400009155273,67.870002746582,68.25,11804700,50.6473999023438
"2015-06-15",67.5800018310547,68.2099990844727,67.3000030517578,67.9899978637695,14082300,50.4544486999512
"2015-06-16",67.7699966430664,68.5199966430664,67.620002746582,68.370002746582,11692800,50.7364540100098
"2015-06-17",68.4100036621094,68.6800003051758,68.0400009155273,68.1399993896484,14521900,50.5657691955566
"2015-06-18",68.3499984741211,68.8199996948242,67.9000015258789,68.7799987792969,16759600,51.0406913757324
"2015-06-19",68.4599990844727,68.6699981689453,67.9199981689453,68.0800018310547,21606400,50.5212478637695
"2015-06-22",68.870002746582,69.2900009155273,68.75,68.9599990844727,14306700,51.1742858886719
"2015-06-23",69.3499984741211,69.8199996948242,69.1900024414062,69.75,15736900,51.7605400085449
"2015-06-24",69.5100021362305,69.7699966430664,68.9100036621094,69.0199966430664,16995000,51.2187881469727
"2015-06-25",69.3199996948242,69.4700012207031,68.6399993896484,68.6500015258789,13314300,50.9442367553711
"2015-06-26",68.9400024414062,69.2900009155273,68.7699966430664,68.9499969482422,14489200,51.1668510437012
"2015-06-29",67.6800003051758,68.2600021362305,67.1600036621094,67.1999969482422,19934400,49.8682098388672
"2015-06-30",67.8899993896484,68.1100006103516,67.1600036621094,67.7600021362305,20677400,50.2837753295898
"2015-07-01",68.120002746582,68.3899993896484,67.7799987792969,68.0699996948242,13964400,50.8439636230469
"2015-07-02",67.9499969482422,68.129997253418,67.1900024414062,67.5199966430664,12822900,50.4331588745117
"2015-07-06",66.879997253418,67.4599990844727,66.5400009155273,67.3300018310547,13527100,50.2912521362305
"2015-07-07",67.0899963378906,67.2200012207031,65.3000030517578,66.8000030517578,22421500,49.8953704833984
"2015-07-08",66,66.1600036621094,65.2099990844727,65.4300003051758,17707200,48.8720588684082
"2015-07-09",66.4899978637695,66.6999969482422,65.9899978637695,66.1100006103516,14984700,49.3799781799316
"2015-07-10",67.2200012207031,67.4000015258789,66.8300018310547,67.0500030517578,12356100,50.0820999145508
"2015-07-13",67.8899993896484,68.1399993896484,67.6800003051758,68.0899963378906,16175600,50.8589057922363
"2015-07-14",67.9800033569336,69.0999984741211,67.7600021362305,69.0400009155273,20185100,51.5685043334961
"2015-07-15",69.2300033569336,69.4300003051758,68.8499984741211,69.1900024414062,16891600,51.6805534362793
"2015-07-16",69.629997253418,69.9499969482422,69.4100036621094,69.5599975585938,18035700,51.9569091796875
"2015-07-17",69.3499984741211,69.4899978637695,68.9199981689453,69.2099990844727,14040700,51.6954956054688
"2015-07-20",69.5,69.7699966430664,69.1800003051758,69.2600021362305,11512900,51.732837677002
"2015-07-21",69.1600036621094,69.5400009155273,68.870002746582,69.0999984741211,11659900,51.6133155822754
"2015-07-22",69.2799987792969,70.2900009155273,69.1999969482422,70.0800018310547,15493000,52.345329284668
"2015-07-23",70.1900024414062,70.6100006103516,69.4599990844727,69.6399993896484,14331800,52.0166778564453
"2015-07-24",69.4400024414062,69.5599975585938,68.6800003051758,68.9100036621094,12413900,51.4714126586914
"2015-07-27",68.1500015258789,68.2200012207031,67.5699996948242,68.0100021362305,16801600,50.7991638183594
"2015-07-28",68.5500030517578,68.5999984741211,67.7699966430664,68.0500030517578,14932400,50.8290405273438
"2015-07-29",68.3199996948242,69.0999984741211,68.1600036621094,68.9400024414062,13059200,51.4938125610352
"2015-07-30",68.9300003051758,69.4499969482422,68.5400009155273,69.0400009155273,10197200,51.5685043334961
"2015-07-31",69.0100021362305,69.0400009155273,68.4000015258789,68.5299987792969,11911800,51.187572479248
"2015-08-03",68.5899963378906,68.8399963378906,68,68.5299987792969,9980600,51.187572479248
"2015-08-04",68.4700012207031,68.9499969482422,68.3099975585938,68.4599990844727,10964000,51.1352844238281
"2015-08-05",69.0500030517578,69.4199981689453,68.5599975585938,68.7300033569336,11302900,51.3369598388672
"2015-08-06",68.75,68.9400024414062,68,68.25,10803400,50.9784240722656
"2015-08-07",68.3300018310547,68.7399978637695,67.5500030517578,68.0500030517578,11453300,50.8290405273438
"2015-08-10",68.2200012207031,69.0100021362305,68.2200012207031,68.8899993896484,12661400,51.4564590454102
"2015-08-11",68.2300033569336,68.4000015258789,67.8499984741211,68.2300033569336,14800300,50.9634895324707
"2015-08-12",67.4100036621094,67.5500030517578,66.0699996948242,67.2399978637695,21069000,50.2240180969238
"2015-08-13",67.25,67.8000030517578,66.9700012207031,67.5500030517578,11930600,50.4555931091309
"2015-08-14",67.4199981689453,67.9100036621094,67.4000015258789,67.8899993896484,11248800,50.7095260620117
"2015-08-17",67.620002746582,68.2399978637695,67.4000015258789,68.0699996948242,10326500,50.8439636230469
"2015-08-18",67.9800033569336,68.3600006103516,67.8399963378906,68.2099990844727,10617500,50.9485473632812
"2015-08-19",67.9300003051758,68.3099975585938,67.3600006103516,67.5999984741211,15198200,50.4929122924805
"2015-08-20",66.8099975585938,67.0400009155273,65.9400024414062,65.9400024414062,20972300,49.2530097961426
"2015-08-21",65.0899963378906,65.4400024414062,63.5699996948242,63.5999984741211,28235500,47.5051651000977
"2015-08-24",59.2900009155273,62.9199981689453,50.0699996948242,60.25,36339100,45.0029335021973
"2015-08-25",63.0999984741211,63.3199996948242,59.7299995422363,59.9099998474121,31772500,44.7489738464355
"2015-08-26",61.7999992370605,62.9799995422363,60.5499992370605,62.9099998474121,33576800,46.9897804260254
"2015-08-27",63.9799995422363,64.7300033569336,63.1399993896484,64.4800033569336,29045700,48.1624755859375
"2015-08-28",64.2900009155273,64.4599990844727,63.5999984741211,64.129997253418,16687300,47.9010467529297
"2015-08-31",63.6100006103516,64.3499984741211,63.4700012207031,64.0999984741211,14223400,47.8786315917969
"2015-09-01",62.8499984741211,62.8499984741211,60.9900016784668,61.4500007629395,23637300,45.8992614746094
"2015-09-02",62.6199989318848,62.9099998474121,61.5400009155273,62.5699996948242,17757900,46.7358207702637
"2015-09-03",62.8800010681152,63.6599998474121,62.4500007629395,62.6800003051758,17065400,46.8179893493652
"2015-09-04",61.7999992370605,61.9199981689453,60.75,61.5,20189000,45.9366111755371
"2015-09-08",62.7700004577637,63.2000007629395,62.3300018310547,63.1599998474121,13385100,47.1765174865723
"2015-09-09",63.939998626709,64.3399963378906,62,62.1800003051758,13889500,46.4445266723633
"2015-09-10",61.8600006103516,63,61.4500007629395,62.6599998474121,15751100,46.8030471801758
"2015-09-11",62.3800010681152,62.6599998474121,61.9900016784668,62.560001373291,12766700,46.7283515930176
"2015-09-14",62.6399993896484,62.689998626709,62.1199989318848,62.3800010681152,10202800,46.5939178466797
"2015-09-15",62.7599983215332,63.8899993896484,62.5099983215332,63.5800018310547,14023500,47.490234375
"2015-09-16",63.8899993896484,64.2900009155273,63.2099990844727,64.1399993896484,12235900,47.9085311889648
"2015-09-17",64.1399993896484,64.6399993896484,62.3899993896484,62.6500015258789,21249200,46.795581817627
"2015-09-18",61.8300018310547,61.8300018310547,60.7799987792969,60.939998626709,31008000,45.5183143615723
"2015-09-21",61.5200004577637,61.9099998474121,61.0800018310547,61.4500007629395,13136400,45.8992614746094
"2015-09-22",60.5999984741211,61.0900001525879,60.4199981689453,60.9099998474121,14811900,45.4959182739258
"2015-09-23",60.7999992370605,61.1500015258789,60.3199996948242,60.6399993896484,11712200,45.2942352294922
"2015-09-24",60.0099983215332,60.3800010681152,59.4599990844727,60.2200012207031,17293400,44.9805335998535
"2015-09-25",61.2700004577637,61.8600006103516,60.8699989318848,61.4700012207031,18384300,45.9142074584961
"2015-09-28",60.9199981689453,61.0099983215332,59.689998626709,59.9799995422363,17452200,44.80126953125
"2015-09-29",59.9799995422363,60.1300010681152,58.7299995422363,59.8400001525879,19334900,44.6966896057129
"2015-09-30",60.7000007629395,61,60.1100006103516,60.9700012207031,18743800,45.5407295227051
"2015-10-01",61.1199989318848,61.8699989318848,60.5400009155273,61.4199981689453,16863200,45.8768463134766
"2015-10-02",59.5900001525879,60.8600006103516,58.5299987792969,60.810001373291,20435100,45.7489471435547
"2015-10-05",61.2400016784668,62.2400016784668,61.2200012207031,62.0200004577637,13471100,46.6592636108398
"2015-10-06",62.1100006103516,62.3600006103516,61.6199989318848,62.0499992370605,12134800,46.6818313598633
"2015-10-07",62.5499992370605,63.0299987792969,61.7599983215332,62.1300010681152,12773100,46.7420196533203
"2015-10-08",61.8499984741211,62.25,61.4300003051758,62.1300010681152,13964600,46.7420196533203
"2015-10-09",62.3899993896484,62.5499992370605,61.5800018310547,61.9300003051758,12112000,46.5915641784668
"2015-10-12",61.8400001525879,62.0099983215332,61.4000015258789,61.7200012207031,10857400,46.4335594177246
"2015-10-13",61.3899993896484,62.1599998474121,61.310001373291,61.5499992370605,15621900,46.3056793212891
"2015-10-14",60.7599983215332,60.9700012207031,59.5400009155273,59.9900016784668,28989400,45.1320457458496
"2015-10-15",60.4700012207031,61.9599990844727,60.0999984741211,61.8899993896484,18147900,46.561466217041
"2015-10-16",62.4300003051758,62.6500015258789,62.0900001525879,62.4300003051758,17456600,46.9677238464355
"2015-10-19",62,62.7700004577637,61.9099998474121,62.2200012207031,14510400,46.809741973877
"2015-10-20",62.3600006103516,62.8199996948242,62.0800018310547,62.5200004577637,11545100,47.0354270935059
"2015-10-21",62.8800010681152,62.9599990844727,62.0499992370605,62.060001373291,12113400,46.6893577575684
"2015-10-22",62.4199981689453,63.5800018310547,62.4199981689453,63.189998626709,15295700,47.5394821166992
"2015-10-23",63.6300010681152,64.1900024414062,63.5,63.8699989318848,16985200,48.0510673522949
"2015-10-26",63.8400001525879,63.9900016784668,63.4099998474121,63.9000015258789,13880200,48.0736351013184
"2015-10-27",63.5299987792969,63.8600006103516,63.310001373291,63.6399993896484,8831900,47.8780250549316
"2015-10-28",63.7000007629395,65.7399978637695,63.689998626709,65.5,17962000,49.2773551940918
"2015-10-29",65.2600021362305,65.8300018310547,64.879997253418,65.2099990844727,12753700,49.0591697692871
"2015-10-30",65.3000030517578,65.3399963378906,64.129997253418,64.25,15731400,48.3369483947754
"2015-11-02",64.4499969482422,65.75,64.3899993896484,65.5400009155273,15253300,49.3074531555176
"2015-11-03",65.2900009155273,66.0999984741211,65.1699981689453,65.7799987792969,11519500,49.4880142211914
"2015-11-04",66.0100021362305,66.1500015258789,65.629997253418,65.8499984741211,11388400,49.5406684875488
"2015-11-05",65.7900009155273,66.6699981689453,65.75,66.4400024414062,12715900,49.984546661377
"2015-11-06",68.370002746582,69.0299987792969,68.0999984741211,68.4599990844727,23262700,51.5042533874512
"2015-11-09",68.6999969482422,68.7200012207031,67.0800018310547,67.3899993896484,17143800,50.6992645263672
"2015-11-10",67.1900024414062,67.8499984741211,66.9300003051758,67.6800003051758,13239700,50.9174385070801
"2015-11-11",68.0999984741211,68.1699981689453,67.25,67.3499984741211,8513900,50.6691589355469
"2015-11-12",66.8600006103516,66.9000015258789,65.9499969482422,66,13576900,49.6535377502441
"2015-11-13",65.8399963378906,66.1699981689453,65.2300033569336,65.5599975585938,11837000,49.3224906921387
"2015-11-16",65.4599990844727,66.5800018310547,65.1699981689453,66.5100021362305,11041100,50.037223815918
"2015-11-17",66.6699981689453,66.7399978637695,65.8899993896484,66.129997253418,12354800,49.7513313293457
"2015-11-18",66.4800033569336,67.5500030517578,66.370002746582,67.4499969482422,12911400,50.7443962097168
"2015-11-19",67.5800018310547,67.8199996948242,67.0400009155273,67.6600036621094,12839500,50.9023933410645
"2015-11-20",67.9899978637695,68.1100006103516,67.379997253418,67.5400009155273,11209600,50.8121032714844
"2015-11-23",67.3099975585938,67.5800018310547,66.7799987792969,66.879997253418,11339000,50.3155670166016
"2015-11-24",66.1699981689453,67.1399993896484,66.0400009155273,66.7799987792969,10910000,50.240348815918
"2015-11-25",66.9300003051758,67.120002746582,66.5500030517578,66.8600006103516,7772000,50.3005256652832
"2015-11-27",67,67.3300018310547,66.6399993896484,67.1699981689453,4052500,50.533748626709
"2015-11-30",67.2799987792969,67.5199966430664,66.6800003051758,66.6800003051758,15147500,50.1651229858398
"2015-12-01",67.3399963378906,67.8300018310547,66.9899978637695,67.6100006103516,12708800,50.8647689819336
"2015-12-02",67.8300018310547,67.879997253418,66.4800033569336,66.6600036621094,13440900,50.1500587463379
"2015-12-03",66.8300018310547,67.0299987792969,65.5800018310547,65.8000030517578,14626900,49.5030670166016
"2015-12-04",66.0999984741211,68,66.0299987792969,67.8899993896484,17786000,51.0754165649414
"2015-12-07",67.6600036621094,67.75,66.4000015258789,67,11686000,50.4058494567871
"2015-12-08",66.25,66.9599990844727,65.6999969482422,65.9599990844727,13084500,49.6234283447266
"2015-12-09",65.6100006103516,66.5800018310547,65.0400009155273,65.4599990844727,16770200,49.2472686767578
"2015-12-10",65.5400009155273,66.5,65.0800018310547,65.6100006103516,12839000,49.3601226806641
"2015-12-11",64.8000030517578,65.1600036621094,63.5099983215332,64.0699996948242,17889300,48.2015380859375
"2015-12-14",64.2300033569336,64.7600021362305,63.5999984741211,64.2699966430664,17638200,48.3520050048828
"2015-12-15",65.0699996948242,66.6500015258789,65.0699996948242,66.0999984741211,18126600,49.7287445068359
"2015-12-16",66.9100036621094,67.7399978637695,65.9100036621094,67.5299987792969,21720000,50.8045806884766
"2015-12-17",67.9000015258789,68,66.0800018310547,66.2799987792969,18122100,49.8641891479492
"2015-12-18",65.9700012207031,65.9700012207031,64.4000015258789,64.4000015258789,23819600,48.4497947692871
"2015-12-21",65.0199966430664,65.5599975585938,64.8300018310547,65.5400009155273,18869300,49.3074531555176
"2015-12-22",65.9199981689453,66,64.9800033569336,65.6800003051758,12149500,49.412769317627
"2015-12-23",66.120002746582,66.8499984741211,66.0500030517578,66.7300033569336,12524500,50.2027282714844
"2015-12-24",66.620002746582,66.8899993896484,66.3199996948242,66.5999984741211,4468200,50.1049270629883
"2015-12-28",66.2900009155273,66.4499969482422,65.7099990844727,66.379997253418,6610600,49.9393997192383
"2015-12-29",66.8399963378906,67.3000030517578,66.7399978637695,67.0699996948242,9820800,50.4585189819336
"2015-12-30",67.0400009155273,67.0500030517578,66.4499969482422,66.5899963378906,7190700,50.0973930358887
"2015-12-31",66.1900024414062,66.7799987792969,66,66.0299987792969,14654300,49.6760902404785
"2016-01-04",63.9500007629395,64.0599975585938,63.0099983215332,63.6199989318848,25393200,48.1840591430664
"2016-01-05",63.7000007629395,64.129997253418,63.0400009155273,63.7299995422363,16566700,48.2673721313477
"2016-01-06",62.7200012207031,63.1300010681152,62.3400001525879,62.810001373291,22961500,47.5706024169922
"2016-01-07",61.4599990844727,62,60.0800018310547,60.2700004577637,27630900,45.6468734741211
"2016-01-08",61.1300010681152,61.2700004577637,58.8499984741211,58.9199981689453,22373300,44.6244239807129
"2016-01-11",58.8300018310547,59.2200012207031,58.0400009155273,58.8300018310547,20925500,44.5562515258789
"2016-01-12",59.4500007629395,59.560001373291,58.0999984741211,58.9599990844727,22971600,44.654712677002
"2016-01-13",59.4599990844727,59.6800003051758,56.9099998474121,57.3400001525879,28808100,43.4277648925781
"2016-01-14",58.1599998474121,59.3800010681152,57.2900009155273,58.2000007629395,31296300,44.0791053771973
"2016-01-15",56.4500007629395,57.5699996948242,56.2200012207031,57.0400009155273,38131700,43.200553894043
"2016-01-19",57.7299995422363,57.9700012207031,56.5099983215332,57.0099983215332,22818900,43.1778335571289
"2016-01-20",55.6300010681152,56.1800003051758,54.6599998474121,55.5099983215332,34646100,42.0417785644531
"2016-01-21",55.7400016784668,56.5200004577637,55.060001373291,55.25,31301100,41.8448524475098
"2016-01-22",56.439998626709,57.1599998474121,56.2999992370605,56.9500007629395,22732200,43.132381439209
"2016-01-25",56.4799995422363,56.8499984741211,55.5999984741211,55.6599998474121,21114400,42.1553840637207
"2016-01-26",55.8499984741211,57.1500015258789,55.810001373291,57.0800018310547,17535700,43.2308349609375
"2016-01-27",57.0800018310547,58.2700004577637,56.560001373291,57.0400009155273,20560000,43.200553894043
"2016-01-28",57.5200004577637,57.9700012207031,56.6300010681152,57.2799987792969,15497900,43.3823127746582
"2016-01-29",57.8300018310547,59.5400009155273,57.5099983215332,59.5,26992200,45.0636901855469
"2016-02-01",59.1599998474121,59.6500015258789,58.439998626709,58.8600006103516,16807900,44.578971862793
"2016-02-02",57.8800010681152,57.9799995422363,56.75,57.0299987792969,22448200,43.1929779052734
"2016-02-03",57.3699989318848,57.7999992370605,55.0200004577637,57.4099998474121,31543200,43.4807777404785
"2016-02-04",57.060001373291,58.5200004577637,57.060001373291,58.4000015258789,21651300,44.2305755615234
"2016-02-05",58.5800018310547,59.1399993896484,57.4199981689453,57.75,22001300,43.73828125
"2016-02-08",56.689998626709,56.9199981689453,55.5400009155273,56.5400009155273,28267600,42.8218688964844
"2016-02-09",55.2900009155273,56.689998626709,55.1300010681152,56.2000007629395,26300000,42.5643577575684
"2016-02-10",56.5699996948242,57.4099998474121,55.4700012207031,55.5200004577637,22389600,42.0493583679199
"2016-02-11",53.9000015258789,53.9099998474121,52.5,53.0699996948242,44334700,40.193790435791
"2016-02-12",55.6500015258789,57.5699996948242,55.1699981689453,57.4900016784668,37011400,43.5413780212402
"2016-02-16",58.2299995422363,58.5999984741211,57.6399993896484,58.3499984741211,23730700,44.1927185058594
"2016-02-17",58.8499984741211,59.25,58.3899993896484,58.7700004577637,21580100,44.5108108520508
"2016-02-18",58.8400001525879,58.8600006103516,57.25,57.810001373291,17037800,43.7837333679199
"2016-02-19",57.5,58.1699981689453,57.0800018310547,57.8199996948242,15658200,43.7913208007812
"2016-02-22",58.5099983215332,58.8800010681152,58.4199981689453,58.5699996948242,14882800,44.3593368530273
"2016-02-23",57.9000015258789,58.0900001525879,55.9599990844727,56.1199989318848,31772500,42.5037689208984
"2016-02-24",55.2000007629395,56.2099990844727,54.3300018310547,56.1399993896484,25560100,42.5189170837402
"2016-02-25",56.1300010681152,57.0299987792969,56.0400009155273,57.0099983215332,14473300,43.1778335571289
"2016-02-26",57.6399993896484,58.1100006103516,57.1399993896484,57.5400009155273,20947500,43.5792274475098
"2016-02-29",57.4099998474121,57.6100006103516,56.2900009155273,56.2999992370605,19554100,42.6401062011719
"2016-03-01",56.7599983215332,59.2000007629395,56.6699981689453,59.2000007629395,23958100,44.8364753723145
"2016-03-02",59.2000007629395,59.9000015258789,58.9599990844727,59.7599983215332,20943100,45.2606086730957
"2016-03-03",59.5800018310547,59.9599990844727,59.0999984741211,59.9599990844727,15790600,45.4120750427246
"2016-03-04",60.0999984741211,60.5499992370605,59.5299987792969,60.0499992370605,18459000,45.4802513122559
"2016-03-07",59.5400009155273,60.0499992370605,59.3199996948242,59.939998626709,12832400,45.3969268798828
"2016-03-08",59.2099990844727,59.5,58.6800003051758,58.7799987792969,14132900,44.5183792114258
"2016-03-09",59.1500015258789,59.5400009155273,58.6800003051758,59.1199989318848,13238800,44.7758865356445
"2016-03-10",59.5900001525879,59.6699981689453,57.810001373291,58.6100006103516,21139200,44.3896331787109
"2016-03-11",59.3899993896484,59.5099983215332,58.6500015258789,59.3400001525879,21055000,44.9425163269043
"2016-03-14",59.1500015258789,59.310001373291,58.5999984741211,59.1199989318848,13436100,44.7758865356445
"2016-03-15",58.5400009155273,59.2099990844727,58.4300003051758,59.2000007629395,10910500,44.8364753723145
"2016-03-16",58.9799995422363,59.75,58.4700012207031,58.9199981689453,17423900,44.6244239807129
"2016-03-17",58.7700004577637,59.1300010681152,57.9900016784668,58.75,19405700,44.4956512451172
"2016-03-18",60.0499992370605,60.9700012207031,59.6599998474121,60.4799995422363,29570200,45.8059349060059
"2016-03-21",60.2200012207031,60.8199996948242,59.9599990844727,60.4599990844727,12684400,45.790771484375
"2016-03-22",59.9900016784668,60.5800018310547,59.6199989318848,60.2400016784668,12042700,45.6241607666016
"2016-03-23",60.3400001525879,60.5099983215332,59.8600006103516,59.939998626709,11658700,45.3969268798828
"2016-03-24",59.2999992370605,59.5099983215332,58.8699989318848,59.4799995422363,12921200,45.0485496520996
"2016-03-28",59.5299987792969,59.75,59.1800003051758,59.4000015258789,11159700,44.9879531860352
"2016-03-29",59.3300018310547,59.3300018310547,58.5299987792969,59.0299987792969,15933400,44.7077255249023
"2016-03-30",59.4599990844727,60.2299995422363,59.3800010681152,59.7099990844727,13307100,45.2227401733398
"2016-03-31",59.4500007629395,59.9300003051758,59.1100006103516,59.2200012207031,14904700,44.851619720459
"2016-04-01",59.0200004577637,60.060001373291,58.560001373291,59.8699989318848,15417500,45.3439254760742
"2016-04-04",59.439998626709,59.5699996948242,58.9599990844727,59.2000007629395,12305000,45.1684341430664
"2016-04-05",58.5900001525879,58.8300018310547,58.2099990844727,58.3600006103516,12886600,44.5275268554688
"2016-04-06",58.1800003051758,58.8800010681152,57.9500007629395,58.810001373291,12167900,44.8708724975586
"2016-04-07",58.2599983215332,58.4300003051758,57.0699996948242,57.3199996948242,19226800,43.7340278625488
"2016-04-08",57.7099990844727,58.5800018310547,57.689998626709,57.7400016784668,13547700,44.0544853210449
"2016-04-11",57.9099998474121,58.8800010681152,57.9099998474121,58.2000007629395,17627800,44.4054489135742
"2016-04-12",58.3400001525879,59.3899993896484,58.2000007629395,59.2799987792969,17779200,45.2294616699219
"2016-04-13",60.4799995422363,62.1599998474121,60.3800010681152,61.7900009155273,37516800,47.1445503234863
"2016-04-14",61.689998626709,62.9099998474121,61.6100006103516,62.5900001525879,24249900,47.7549362182617
"2016-04-15",62.8800010681152,62.9000015258789,61.4500007629395,61.8699989318848,19290700,47.2055931091309
"2016-04-18",61.6399993896484,62.5800018310547,61.5299987792969,62.2700004577637,13813100,47.5107841491699
"2016-04-19",62.5499992370605,63.4799995422363,62.5499992370605,63.3199996948242,19255600,48.3119087219238
"2016-04-20",63.4799995422363,64.3099975585938,63.1500015258789,64.2399978637695,14594400,49.0138626098633
"2016-04-21",64.2600021362305,64.6600036621094,63.3400001525879,63.5999984741211,15395800,48.5255432128906
"2016-04-22",63.6399993896484,64.379997253418,63.6399993896484,63.9700012207031,12444700,48.8078498840332
"2016-04-25",63.5999984741211,63.9500007629395,63.1500015258789,63.5999984741211,10687200,48.5255432128906
"2016-04-26",63.810001373291,64.0699996948242,63.3300018310547,63.9300003051758,12048000,48.7773284912109
"2016-04-27",63.8600006103516,64.6399993896484,63.5999984741211,64.1100006103516,15284100,48.914665222168
"2016-04-28",63.6399993896484,64.4199981689453,63.3499984741211,63.5999984741211,12852500,48.5255432128906
"2016-04-29",63.0900001525879,63.6100006103516,62.7000007629395,63.2000007629395,16376400,48.2203521728516
"2016-05-02",63.689998626709,64,63.1399993896484,63.7900009155273,10247300,48.6705131530762
"2016-05-03",62.9000015258789,62.9099998474121,61.7999992370605,62.560001373291,19120300,47.7320442199707
"2016-05-04",61.75,62.2599983215332,61.2700004577637,61.5699996948242,17030200,46.9767074584961
"2016-05-05",61.5999984741211,62,61.060001373291,61.2400016784668,14033900,46.7249221801758
"2016-05-06",60.7000007629395,61.6800003051758,60.5900001525879,61.5999984741211,11057900,46.9995803833008
"2016-05-09",61.3699989318848,61.8899993896484,61.0499992370605,61.2099990844727,11197100,46.702018737793
"2016-05-10",61.5499992370605,62.2599983215332,61.3499984741211,62.0400009155273,11897200,47.3352890014648
"2016-05-11",61.9700012207031,62.5999984741211,61.810001373291,61.810001373291,11254000,47.1598091125488
"2016-05-12",62.2700004577637,62.560001373291,61.3699989318848,61.7700004577637,11071700,47.1292877197266
"2016-05-13",61.7000007629395,62.4000015258789,61.0200004577637,61.2000007629395,15122300,46.6944007873535
"2016-05-16",61.2099990844727,61.9900016784668,61,61.6599998474121,10951300,47.0453681945801
"2016-05-17",61.4300003051758,62.1599998474121,61.1500015258789,61.6599998474121,12180900,47.0453681945801
"2016-05-18",61.7000007629395,64.1699981689453,61.689998626709,64.0400009155273,24007100,48.8612594604492
"2016-05-19",63.5299987792969,64.2200012207031,62.9000015258789,63.3899993896484,16076200,48.3653297424316
"2016-05-20",63.8600006103516,64.1900024414062,63.3699989318848,63.5099983215332,11862000,48.4568824768066
"2016-05-23",63.4500007629395,63.8699989318848,63.1599998474121,63.4599990844727,9347500,48.4187393188477
"2016-05-24",63.939998626709,64.7699966430664,63.810001373291,64.5400009155273,13839400,49.2427558898926
"2016-05-25",64.9400024414062,66.1999969482422,64.9199981689453,65.5199966430664,18935200,49.9904708862305
"2016-05-26",65.5699996948242,65.5800018310547,64.9100036621094,65.0299987792969,9428400,49.6166076660156
"2016-05-27",65.2099990844727,65.4599990844727,65.0500030517578,65.4300003051758,10116000,49.921802520752
"2016-05-31",65.7300033569336,65.8199996948242,64.9599990844727,65.2699966430664,15139400,49.7997207641602
"2016-06-01",64.7600021362305,65.9199981689453,64.2600021362305,65.6900024414062,14031000,50.1201629638672
"2016-06-02",65.5199966430664,65.8099975585938,65.1600036621094,65.8099975585938,10637600,50.2117195129395
"2016-06-03",64.25,64.8600006103516,63.5499992370605,64.6399993896484,20261700,49.3190460205078
"2016-06-06",64.6399993896484,65.7600021362305,64.5999984741211,65.2799987792969,13193500,49.8073539733887
"2016-06-07",65.4499969482422,65.7399978637695,65.0400009155273,65.0599975585938,9924100,49.6394996643066
"2016-06-08",64.9300003051758,65.4800033569336,64.9199981689453,65.25,9428000,49.7844581604004
"2016-06-09",64.7900009155273,64.9000015258789,64.2699966430664,64.75,10817800,49.4029769897461
"2016-06-10",63.9300003051758,64.0699996948242,63.5800018310547,63.8400001525879,16678400,48.7086753845215
"2016-06-13",63.4799995422363,64.3399963378906,63.2599983215332,63.2700004577637,14314900,48.2737693786621
"2016-06-14",62.6800003051758,63.4700012207031,61.6800003051758,62.0800018310547,19509300,47.3658180236816
"2016-06-15",62.4099998474121,62.9799995422363,61.9099998474121,61.9700012207031,16982100,47.2818832397461
"2016-06-16",61.4500007629395,62.2999992370605,60.9000015258789,62.2200012207031,16791200,47.4726486206055
"2016-06-17",62.2999992370605,62.7099990844727,61.9300003051758,62.2799987792969,15751500,47.5184097290039
"2016-06-20",63.4500007629395,63.8499984741211,62.3400001525879,62.3699989318848,12213200,47.5870666503906
"2016-06-21",62.7299995422363,63,62.1399993896484,62.9500007629395,11611600,48.0296211242676
"2016-06-22",62.9500007629395,63.7099990844727,62.6800003051758,62.7099990844727,12643500,47.8464965820312
"2016-06-23",63.7000007629395,64.1500015258789,63.5299987792969,64.0500030517578,16583600,48.868896484375
"2016-06-24",60.4799995422363,61.7000007629395,59.3400001525879,59.5999984741211,44108700,45.4736213684082
"2016-06-27",58.7099990844727,58.75,57.0499992370605,57.6100006103516,37300700,43.9553070068359
"2016-06-28",59.189998626709,59.5499992370605,58.2599983215332,59.5200004577637,29088700,45.4125862121582
"2016-06-29",60.3600006103516,61.2099990844727,60,61.2000007629395,21483000,46.6944007873535
"2016-06-30",61.6300010681152,62.189998626709,61.0200004577637,62.1399993896484,21343600,47.4115905761719
"2016-07-01",61.6599998474121,62.0099983215332,61.1599998474121,61.2599983215332,14217800,47.1040229797363
"2016-07-05",60.4500007629395,60.5999984741211,59.0999984741211,59.5499992370605,23357700,45.7891616821289
"2016-07-06",59.0099983215332,60.2900009155273,58.7599983215332,60.189998626709,20429800,46.2812767028809
"2016-07-07",60.5200004577637,61.1399993896484,60.1599998474121,60.5800018310547,13771400,46.581169128418
"2016-07-08",61.3300018310547,62.1699981689453,61.3300018310547,61.8300018310547,16998800,47.5423126220703
"2016-07-11",62.4199981689453,62.9500007629395,62.1399993896484,62.2700004577637,13151400,47.8806343078613
"2016-07-12",63.0299987792969,63.560001373291,62.8899993896484,63.2000007629395,16588100,48.5957336425781
"2016-07-13",63.0800018310547,63.4300003051758,62.6399993896484,63.1599998474121,18526900,48.5649642944336
"2016-07-14",64.7399978637695,64.9800033569336,64.0500030517578,64.120002746582,28985900,49.3031463623047
"2016-07-15",64.75,64.8000030517578,63.6100006103516,64.1800003051758,17607100,49.3492660522461
"2016-07-18",64.129997253418,64.4000015258789,63.9000015258789,63.9599990844727,10824400,49.180103302002
"2016-07-19",63.6100006103516,64.0999984741211,63.4599990844727,63.8600006103516,9737400,49.1032218933105
"2016-07-20",64.1100006103516,64.2300033569336,63.7099990844727,63.9300003051758,10411100,49.1570434570312
"2016-07-21",64,64.1800003051758,63.6300010681152,63.689998626709,9808700,48.9724922180176
"2016-07-22",63.9000015258789,64.0899963378906,63.5999984741211,64.0400009155273,8195700,49.2416229248047
"2016-07-25",63.9799995422363,64.1699981689453,63.6800003051758,63.8699989318848,8168300,49.1109085083008
"2016-07-26",63.9799995422363,64.2600021362305,63.7099990844727,64.129997253418,8067800,49.3108215332031
"2016-07-27",64.0800018310547,64.6900024414062,64.0599975585938,64.3300018310547,11806800,49.4646110534668
"2016-07-28",64,64.1900024414062,63.7200012207031,64.0999984741211,10013400,49.2877616882324
"2016-07-29",63.7999992370605,64.2900009155273,63.75,63.9700012207031,13210400,49.1877937316895
"2016-08-01",64.1500015258789,64.3099975585938,63.6100006103516,63.7999992370605,11422600,49.0570793151855
"2016-08-02",63.5900001525879,64.0100021362305,63.3800010681152,63.6500015258789,13550000,48.9417495727539
"2016-08-03",63.689998626709,64.6699981689453,63.6500015258789,64.6600036621094,13122300,49.7183456420898
"2016-08-04",64.4899978637695,64.8199996948242,64.2699966430664,64.5599975585938,9873000,49.6414604187012
"2016-08-05",65.1399993896484,66.370002746582,65.0699996948242,66.3000030517578,20752700,50.9793739318848
"2016-08-08",66.0699996948242,66.4899978637695,65.8399963378906,66.0999984741211,11359200,50.8255882263184
"2016-08-09",66.1800003051758,66.2799987792969,65.6900024414062,65.870002746582,10097000,50.6487464904785
"2016-08-10",65.9199981689453,66.0699996948242,65.1600036621094,65.2799987792969,11556100,50.1950874328613
"2016-08-11",65.2699966430664,65.6900024414062,65.0199966430664,65.4599990844727,9604500,50.3334884643555
"2016-08-12",64.9700012207031,65.3499984741211,64.8600006103516,65.3199996948242,7685400,50.2258377075195
"2016-08-15",65.5599975585938,65.8300018310547,65.4599990844727,65.7200012207031,8371600,50.5334053039551
"2016-08-16",65.3600006103516,65.9599990844727,65.2399978637695,65.7099990844727,10128900,50.5257225036621
"2016-08-17",65.8000030517578,65.9800033569336,65.5400009155273,65.8899993896484,11868100,50.6641235351562
"2016-08-18",65.620002746582,65.9899978637695,65.5299987792969,65.9499969482422,9313600,50.7102546691895
"2016-08-19",65.7200012207031,65.9100036621094,65.2200012207031,65.8600006103516,9084900,50.6410484313965
"2016-08-22",65.75,65.879997253418,65.4100036621094,65.8000030517578,9055600,50.5949325561523
"2016-08-23",66.0699996948242,66.3399963378906,65.7600021362305,65.7699966430664,8949600,50.5718421936035
"2016-08-24",65.9899978637695,66.2300033569336,65.7699966430664,65.9499969482422,10167200,50.7102546691895
"2016-08-25",65.9100036621094,66.1399993896484,65.7900009155273,66.0699996948242,9978700,50.8025283813477
"2016-08-26",66.3300018310547,66.879997253418,65.8499984741211,66.2200012207031,14038600,50.9178733825684
"2016-08-29",66.4899978637695,67.0999984741211,66.4599990844727,66.9499969482422,14583100,51.479175567627
"2016-08-30",66.9499969482422,67.5999984741211,66.9499969482422,67.5,13791200,51.9020881652832
"2016-08-31",67.4599990844727,67.7699966430664,66.8600006103516,67.5,14952300,51.9020881652832
"2016-09-01",67.6399993896484,67.7200012207031,66.6500015258789,67.2099990844727,12226500,51.6791038513184
"2016-09-02",67.4000015258789,67.5800018310547,66.9800033569336,67.4899978637695,13720700,51.8943939208984
"2016-09-06",67.5,67.5500030517578,66.7099990844727,67.4400024414062,16649400,51.8559608459473
"2016-09-07",67.1600036621094,67.5899963378906,66.9599990844727,67.1600036621094,10070400,51.6406517028809
"2016-09-08",67.2200012207031,67.6800003051758,67,67.25,12253000,51.7098655700684
"2016-09-09",67.0299987792969,67.4300003051758,66.6399993896484,66.6500015258789,19686900,51.2485084533691
"2016-09-12",66.1399993896484,67.3000030517578,65.7600021362305,67.0599975585938,16453000,51.5637550354004
"2016-09-13",66.1100006103516,66.8600006103516,65.8199996948242,66.5299987792969,18876100,51.1562309265137
"2016-09-14",66.2699966430664,67.25,66.2099990844727,66.4000015258789,12648600,51.0562744140625
"2016-09-15",66.2900009155273,66.9300003051758,66.0899963378906,66.6399993896484,12531300,51.2408256530762
"2016-09-16",66.0899963378906,66.2600021362305,65.4400024414062,65.8199996948242,25161500,50.6102981567383
"2016-09-19",66.1500015258789,66.6399993896484,65.8499984741211,66.1900024414062,13466900,50.8948020935059
"2016-09-20",66.75,66.8499984741211,66.2399978637695,66.4599990844727,10092200,51.102409362793
"2016-09-21",66.8399963378906,67.129997253418,66.3099975585938,66.8399963378906,14116800,51.3945999145508
"2016-09-22",66.9899978637695,67.4199981689453,66.8399963378906,67.3899993896484,12781700,51.8175048828125
"2016-09-23",67.3899993896484,67.9000015258789,67.1800003051758,67.25,13967400,51.7098655700684
"2016-09-26",66.5999984741211,66.8000030517578,65.5400009155273,65.7799987792969,16408100,50.5795364379883
"2016-09-27",65.4100036621094,66.4100036621094,65.1100006103516,66.3600006103516,13711400,51.0255126953125
"2016-09-28",66.5800018310547,66.7699966430664,65.9899978637695,66.7099990844727,11278000,51.2946395874023
"2016-09-29",66.6999969482422,67.2099990844727,65.3499984741211,65.6500015258789,18727200,50.4795875549316
"2016-09-30",66.0800018310547,67.0599975585938,66.0800018310547,66.5899963378906,21680100,51.2023735046387
"2016-10-03",66.3499984741211,66.9199981689453,66.2600021362305,66.5100021362305,14901700,51.1408653259277
"2016-10-04",66.2099990844727,67.1800003051758,66.0999984741211,66.5999984741211,17226900,51.582332611084
"2016-10-05",66.8899993896484,68.0699996948242,66.8000030517578,67.6900024414062,16280000,52.4265365600586
"2016-10-06",67.7300033569336,67.9700012207031,67.0500030517578,67.870002746582,17485000,52.5659523010254
"2016-10-07",67.7900009155273,68.1800003051758,67.4000015258789,68.1100006103516,18497000,52.7518348693848
"2016-10-10",68.3399963378906,69.0599975585938,68.2300033569336,68.6399993896484,13027500,53.1623268127441
"2016-10-11",68.5,68.8199996948242,67.9300003051758,68.3099975585938,15657100,52.90673828125
"2016-10-12",68.2600021362305,68.5899963378906,68.0500030517578,68.129997253418,11899800,52.7673187255859
"2016-10-13",67.4599990844727,67.870002746582,66.8199996948242,67.7399978637695,17890000,52.4652671813965
"2016-10-14",68.8000030517578,69.0299987792969,67.3000030517578,67.5199966430664,24163800,52.2948570251465
"2016-10-17",67.4199981689453,67.7900009155273,66.7399978637695,67.1699981689453,14963400,52.0238075256348
"2016-10-18",67.8499984741211,68.2099990844727,67.5400009155273,67.6999969482422,11870300,52.4342765808105
"2016-10-19",67.8099975585938,68.5,67.8099975585938,68.3499984741211,12705800,52.9377136230469
"2016-10-20",68.0800018310547,68.6800003051758,67.9400024414062,68.2600021362305,14122000,52.8680152893066
"2016-10-21",67.8099975585938,68.5299987792969,67.6999969482422,68.4899978637695,12175700,53.0461616516113
"2016-10-24",68.9700012207031,69.0500030517578,68.5,68.870002746582,10197100,53.3404579162598
"2016-10-25",68.879997253418,68.9300003051758,68.379997253418,68.8000030517578,9945100,53.2862586975098
"2016-10-26",68.370002746582,69.25,68.370002746582,69.129997253418,9801300,53.5418357849121
"2016-10-27",69.4899978637695,69.7699966430664,69.0999984741211,69.2300033569336,14210700,53.6193008422852
"2016-10-28",69.5299987792969,69.5500030517578,68.4700012207031,69.1100006103516,12766500,53.5263481140137
"2016-10-31",69.4300003051758,69.5800018310547,69.2300033569336,69.2600021362305,14336300,53.6425399780273
"2016-11-01",69.4800033569336,69.7799987792969,68.3300018310547,68.9700012207031,15564500,53.4179077148438
"2016-11-02",68.6500015258789,68.8499984741211,68.0100021362305,68.6800003051758,12449800,53.1932983398438
"2016-11-03",68.8600006103516,69.1900024414062,68.2200012207031,68.379997253418,10369700,52.9609565734863
"2016-11-04",68.4899978637695,68.5599975585938,67.6399993896484,67.7600021362305,13571300,52.4807624816895
"2016-11-07",69.0800018310547,69.9700012207031,69,69.879997253418,16515100,54.1227111816406
"2016-11-08",69.6999969482422,70.5500030517578,69.2399978637695,70.0299987792969,17531700,54.238883972168
"2016-11-09",71.4599990844727,74.1500015258789,71.3199996948242,73.25,50948400,56.7328147888184
"2016-11-10",74.2200012207031,77.25,74.2200012207031,76.6500015258789,56192300,59.3661422729492
"2016-11-11",76.3000030517578,76.7200012207031,75.7699966430664,76.6900024414062,27574300,59.3971099853516
"2016-11-14",77.25,80.4400024414062,77.25,79.5100021362305,46130700,61.5812377929688
"2016-11-15",78.370002746582,79.4100036621094,77.7799987792969,79.3600006103516,28126300,61.4650459289551
"2016-11-16",78.2200012207031,78.3499984741211,76.879997253418,77.4000015258789,26054900,59.9470405578613
"2016-11-17",77.9300003051758,78.4599990844727,77.5999984741211,78.0199966430664,19306700,60.4272232055664
"2016-11-18",77.9599990844727,78.4199981689453,77.5500030517578,77.7099990844727,19770000,60.1871299743652
"2016-11-21",78,78.1699981689453,77.2900009155273,78.0500030517578,11983500,60.4504585266113
"2016-11-22",78.3499984741211,78.5599975585938,77.7600021362305,78.5299987792969,14410100,60.8222236633301
"2016-11-23",78.870002746582,79.2399978637695,77.8899993896484,78.8600006103516,13373700,61.077808380127
"2016-11-25",79.0999984741211,79.4499969482422,78.4700012207031,78.8300018310547,6185700,61.0545616149902
"2016-11-28",78.1800003051758,78.870002746582,78.0199966430664,78.3199996948242,13007200,60.6595649719238
"2016-11-29",78.3899993896484,79.1600036621094,78.3899993896484,78.9199981689453,14144100,61.1242790222168
"2016-11-30",79.9199981689453,80.5299987792969,79.6999969482422,80.1699981689453,25351900,62.0924186706543
"2016-12-01",80.6500015258789,82.2799987792969,80.6500015258789,81.7900009155273,23823600,63.347110748291
"2016-12-02",81.8000030517578,81.8300018310547,80.9000015258789,81.5999984741211,16931500,63.1999549865723
"2016-12-05",82.3000030517578,83.2900009155273,82.2900009155273,83.2600021362305,18529800,64.4856567382812
"2016-12-06",83.5999984741211,83.8099975585938,82.4300003051758,83.6900024414062,16130000,64.8186721801758
"2016-12-07",83.5500030517578,84.0899963378906,82.8499984741211,84.0699996948242,18996900,65.1129989624023
"2016-12-08",84.2300033569336,85.5,83.9400024414062,85.120002746582,20844900,65.9262161254883
"2016-12-09",85.0199966430664,85.5,84.1399993896484,85.4899978637695,14567200,66.2128219604492
"2016-12-12",85.3600006103516,85.7900009155273,84.2900009155273,84.7300033569336,14511300,65.624137878418
"2016-12-13",84.9800033569336,85.6699981689453,83.8199996948242,84.7600021362305,16669000,65.6474151611328
"2016-12-14",83.879997253418,86.120002746582,83.7600021362305,84.7300033569336,22622600,65.624137878418
"2016-12-15",85.4000015258789,86.4899978637695,84.9000015258789,86,19438900,66.607780456543
"2016-12-16",86.2900009155273,86.2900009155273,84.8899993896484,84.9400024414062,23008500,65.7868270874023
"2016-12-19",84.8000030517578,85.4400024414062,84.1900024414062,85.4300003051758,21685100,66.1663513183594
"2016-12-20",85.7900009155273,86.5400009155273,85.5500030517578,86.5299987792969,14587300,67.0183029174805
"2016-12-21",86.4300003051758,86.8099975585938,86.0299987792969,86.75,11400500,67.1886672973633
"2016-12-22",86.4400024414062,87.1699981689453,86.2099990844727,86.8899993896484,13924200,67.2971343994141
"2016-12-23",87,87.1500015258789,86.4000015258789,87.0500030517578,10759400,67.4210357666016
"2016-12-27",87.0500030517578,87.1600036621094,86.75,87.129997253418,6946400,67.4829711914062
"2016-12-28",87.1600036621094,87.3899993896484,86.3499984741211,86.5,9455600,66.9950637817383
"2016-12-29",86.5800018310547,86.6699981689453,85.0400009155273,85.8899993896484,14689000,66.5225982666016
"2016-12-30",86.0999984741211,86.4199981689453,85.6600036621094,86.2900009155273,13617800,66.832405090332
"2017-01-03",87.3399963378906,87.7600021362305,85.9800033569336,87.2300033569336,20550700,67.5604553222656
"2017-01-04",86.9599990844727,87.1800003051758,86.4000015258789,86.9100036621094,15266600,67.6850662231445
"2017-01-05",86.8099975585938,87.1100006103516,85.2600021362305,86.1100006103516,14300800,67.0620193481445
"2017-01-06",86.3899993896484,86.620002746582,85.9400024414062,86.120002746582,12893300,67.0698318481445
"2017-01-09",85.7300033569336,86.7699966430664,85.5199966430664,86.1800003051758,12806600,67.1165466308594
"2017-01-10",86.0699996948242,86.9000015258789,85.7200012207031,86.4300003051758,13989000,67.3112411499023
"2017-01-11",86.4300003051758,87.0800018310547,85.9100036621094,87.0800018310547,14713100,67.8174514770508
"2017-01-12",86.7600021362305,87.2699966430664,86.0199966430664,86.2399978637695,21337400,67.1632614135742
"2017-01-13",87.1100006103516,88.1699981689453,86.0999984741211,86.6999969482422,28296000,67.5215148925781
"2017-01-17",84.9300003051758,85.2200012207031,83.2799987792969,83.5500030517578,30024600,65.0683212280273
"2017-01-18",83.629997253418,84.2300033569336,83.0299987792969,83.9400024414062,21270100,65.3720474243164
"2017-01-19",84.0599975585938,84.6699981689453,83.120002746582,83.3000030517578,16555600,64.8736190795898
"2017-01-20",83.4300003051758,83.8300018310547,83.2900009155273,83.6699981689453,18436800,65.161750793457
"2017-01-23",83.3000030517578,84,83.2099990844727,83.7099990844727,12179200,65.1929092407227
"2017-01-24",83.9199981689453,85,83.5599975585938,84.7200012207031,15175300,65.9795150756836
"2017-01-25",85.8399963378906,86.1699981689453,85.1699981689453,86.0299987792969,17551000,66.9997177124023
"2017-01-26",85.9499969482422,86.9499969482422,85.9499969482422,86.75,15962800,67.5604553222656
"2017-01-27",86.6600036621094,86.9800033569336,86.2699966430664,86.9300003051758,12535400,67.7006301879883
"2017-01-30",86.1900024414062,86.5,85.3199996948242,86.0299987792969,13661900,66.9997177124023
"2017-01-31",85.5999984741211,86.1500015258789,84.0899963378906,84.629997253418,15655100,65.9093933105469
"2017-02-01",85.5400009155273,86.0999984741211,84.6800003051758,84.9499969482422,15430900,66.1586227416992
"2017-02-02",84.3399963378906,84.9100036621094,84.1600036621094,84.5899963378906,11081400,65.8782653808594
"2017-02-03",86.1900024414062,87.3099975585938,85.870002746582,87.1800003051758,17885200,67.8953323364258
"2017-02-06",86.7900009155273,87.4499969482422,86.6100006103516,86.7699966430664,11828400,67.5760345458984
"2017-02-07",87.1399993896484,87.4000015258789,86.4800033569336,86.7200012207031,9392800,67.5371170043945
"2017-02-08",86.1800003051758,86.3099975585938,85.370002746582,85.9599990844727,13970900,66.9452056884766
"2017-02-09",85.9599990844727,87.3300018310547,85.9599990844727,87.1999969482422,13749100,67.9109039306641
"2017-02-10",87.4800033569336,87.4800033569336,86.8899993896484,87,10992500,67.7551498413086
"2017-02-13",87.4400024414062,88.7399978637695,87.4300003051758,88.1500015258789,18739100,68.6507568359375
"2017-02-14",88.3000030517578,89.6999969482422,88.1100006103516,89.5599975585938,17932100,69.7488708496094
"2017-02-15",90.0800018310547,90.870002746582,89.3499984741211,90.5899963378906,17381800,70.5510406494141
"2017-02-16",90.4000015258789,91.0400009155273,89.7699966430664,90.5299987792969,17672700,70.5042953491211
"2017-02-17",89.8199996948242,90.4700012207031,89.6900024414062,90.2300033569336,15776600,70.2706680297852
"2017-02-21",90.5100021362305,91.1500015258789,90.4599990844727,91.0100021362305,14068300,70.8781280517578
"2017-02-22",90.5199966430664,91.3000030517578,90.4199981689453,91.0599975585938,11839000,70.9170761108398
"2017-02-23",91.1800003051758,91.3399963378906,90.5199966430664,91.129997253418,11067000,70.971565246582
"2017-02-24",90.1800003051758,90.5400009155273,89.7300033569336,90.3300018310547,15062300,70.3485412597656
"2017-02-27",90.3199996948242,90.7300033569336,90.0199966430664,90.4300003051758,12361000,70.4264221191406
"2017-02-28",89.8499984741211,90.8199996948242,89.5899963378906,90.620002746582,15183500,70.5743789672852
"2017-03-01",92.7900009155273,93.9800033569336,92.6100006103516,93.5999984741211,24451400,72.8951873779297
"2017-03-02",93.870002746582,93.9199981689453,92.0299987792969,92.1399993896484,16862500,71.7581558227539
"2017-03-03",92.1399993896484,93.1100006103516,92.1399993896484,92.8000030517578,12817500,72.2721633911133
"2017-03-06",92.25,92.3199996948242,91.0999984741211,91.9199981689453,15059200,71.5868072509766
"2017-03-07",91.6399993896484,92.0899963378906,91.2099990844727,91.4100036621094,11156800,71.1896438598633
"2017-03-08",92.6800003051758,92.8499984741211,91.0999984741211,91.2099990844727,17378400,71.0338897705078
"2017-03-09",91.5999984741211,92.1399993896484,91.1500015258789,91.5699996948242,13726200,71.3142700195312
"2017-03-10",91.9499969482422,92,90.5299987792969,91.2799987792969,13729900,71.0883865356445
"2017-03-13",91.3099975585938,91.7799987792969,90.9300003051758,91.3600006103516,10004300,71.1506958007812
"2017-03-14",91.0199966430664,91.6500015258789,90.7699966430664,91.5100021362305,10237700,71.2675170898438
"2017-03-15",91.8000030517578,92.5500030517578,91.129997253418,91.7300033569336,16601400,71.4388732910156
"2017-03-16",92.0299987792969,92.8099975585938,91.5699996948242,91.6399993896484,14492000,71.3687515258789
"2017-03-17",91.8300018310547,92.0400009155273,90.6500015258789,90.6800003051758,21734700,70.6211013793945
"2017-03-20",90.2699966430664,91.1699981689453,89.7900009155273,90.0299987792969,14623600,70.1149063110352
"2017-03-21",90.3600006103516,90.6399993896484,87.0599975585938,87.3899993896484,33089200,68.0588836669922
"2017-03-22",86.8899993896484,88.0699996948242,86.0100021362305,87.5299987792969,21741000,68.1678924560547
"2017-03-23",87.2099990844727,88.5,87.0899963378906,87.3899993896484,16090100,68.0588836669922
"2017-03-24",87.7900009155273,88.0899963378906,86.7699966430664,87.2900009155273,16093200,67.9810104370117
"2017-03-27",85.5299987792969,87.4000015258789,85.2300033569336,87.2399978637695,16689300,67.9420700073242
"2017-03-28",87.0199966430664,89.0199966430664,86.9800033569336,88.5999984741211,16264400,69.0012435913086
"2017-03-29",88.5999984741211,88.8199996948242,88.0800018310547,88.2699966430664,10207600,68.7442245483398
"2017-03-30",88.1999969482422,89.4599990844727,88.120002746582,89.0299987792969,11631000,69.3361053466797
"2017-03-31",88.7099990844727,88.7399978637695,87.75,87.8399963378906,16987600,68.4093551635742
"2017-04-03",87.9899978637695,88.1699981689453,86.5999984741211,87.5199966430664,19831800,68.1601181030273
"2017-04-04",86.8899993896484,87.6699981689453,86.7200012207031,87.3099975585938,14280800,68.3872604370117
"2017-04-05",88.4199981689453,88.5400009155273,86.129997253418,86.1900024414062,17635500,67.5100173950195
"2017-04-06",85.9800033569336,86.9100036621094,85.25,86.4800033569336,14379600,67.7371444702148
"2017-04-07",85.9300003051758,86.8099975585938,85.7099990844727,86.1800003051758,13097100,67.5021667480469
"2017-04-10",86.0800018310547,86.6900024414062,85.4000015258789,85.879997253418,15081600,67.2671966552734
"2017-04-11",85.5400009155273,85.7900009155273,84.8000030517578,85.7300033569336,14690500,67.1497116088867
"2017-04-12",85.9300003051758,85.9499969482422,85.0299987792969,85.4000015258789,14730600,66.8912506103516
"2017-04-13",85.5,86.9899978637695,84.4000015258789,84.4000015258789,30529800,66.1079559326172
"2017-04-17",84.4400024414062,86.0800018310547,84.370002746582,85.8600006103516,19071700,67.2515182495117
"2017-04-18",85.3600006103516,85.629997253418,84.7399978637695,85.1600036621094,14127000,66.7032470703125
"2017-04-19",85.5,85.9199981689453,84.3600006103516,84.4599990844727,17588500,66.1549453735352
"2017-04-20",84.9800033569336,85.7799987792969,84.5500030517578,85.5500030517578,15635800,67.0086975097656
"2017-04-21",85.5,85.6800003051758,84.5100021362305,84.5199966430664,19820600,66.2019424438477
"2017-04-24",86.5500030517578,88.0500030517578,86.4199981689453,87.5,25468300,68.5361175537109
"2017-04-25",88.5500030517578,89.129997253418,88.2600021362305,88.2600021362305,18253800,69.1313858032227
"2017-04-26",88.3499984741211,89.0500030517578,88.1399993896484,88.4300003051758,12832200,69.2645263671875
"2017-04-27",88.370002746582,88.370002746582,87.0100021362305,87.6100006103516,13329000,68.6222686767578
"2017-04-28",87.5999984741211,87.8499984741211,86.9499969482422,87,10755600,68.1444473266602
"2017-05-01",87.3600006103516,87.7399978637695,86.5599975585938,87.0599975585938,15712300,68.1914672851562
"2017-05-02",86.7099990844727,86.879997253418,86.0199966430664,86.5,14414200,67.7528381347656
"2017-05-03",86.0599975585938,87.0999984741211,86.0199966430664,87,11540500,68.1444473266602
"2017-05-04",87.6900024414062,87.7300033569336,86.5699996948242,87.0999984741211,11540100,68.2227630615234
"2017-05-05",87.25,87.3399963378906,86.4199981689453,87,9436000,68.1444473266602
"2017-05-08",87.0400009155273,87.3199996948242,86.6500015258789,87.0999984741211,8162200,68.2227630615234
"2017-05-09",87.2600021362305,87.8399963378906,86.5,86.75,10273900,67.9486312866211
"2017-05-10",86.5299987792969,87.4800033569336,86.4700012207031,87.4300003051758,8334900,68.4812622070312
"2017-05-11",87.0899963378906,87.4800033569336,86.3499984741211,87.1600036621094,10907400,68.2697906494141
"2017-05-12",86.6800003051758,87.0500030517578,86.3399963378906,86.9199981689453,8738800,68.0818023681641
"2017-05-15",87.0999984741211,87.4899978637695,86.8600006103516,87.3399963378906,8835600,68.4107666015625
"2017-05-16",87.3600006103516,88.0899963378906,87.3399963378906,87.6100006103516,9795000,68.6222686767578
"2017-05-17",87.6100006103516,87.6100006103516,83.9700012207031,84.2699966430664,24679700,66.0061340332031
"2017-05-18",84.0699996948242,84.8000030517578,83.3600006103516,83.9599990844727,23350100,65.7633285522461
"2017-05-19",84.2099990844727,85.3399963378906,84.1500015258789,84.7799987792969,13412900,66.4056091308594
"2017-05-22",85.1800003051758,85.2900009155273,84.2099990844727,84.6999969482422,11636000,66.3429641723633
"2017-05-23",84.75,86.0699996948242,84.5100021362305,85.7600021362305,11753000,67.173210144043
"2017-05-24",85.879997253418,85.9700012207031,85.2399978637695,85.7099990844727,9833800,67.1340408325195
"2017-05-25",85.9899978637695,86.0800018310547,85.0800018310547,85.3499984741211,12238500,66.8520736694336
"2017-05-26",85.1100006103516,85.5599975585938,85.0199966430664,85.3600006103516,8113500,66.8599014282227
"2017-05-30",85.129997253418,85.1500015258789,83.7799987792969,83.9000015258789,12603200,65.7163238525391
"2017-05-31",83.7300033569336,83.8199996948242,81.6399993896484,82.1500015258789,28327900,64.3455963134766
"2017-06-01",82.4599990844727,83.0800018310547,81.6500015258789,83.0599975585938,17123500,65.0583724975586
"2017-06-02",82.2900009155273,82.9899978637695,81.9800033569336,82.6399993896484,14998500,64.7293930053711
"2017-06-05",82.6399993896484,83.5100021362305,82.5800018310547,82.7900009155273,9080200,64.8468780517578
"2017-06-06",82.2900009155273,83.2200012207031,82.129997253418,82.9599990844727,12196800,64.9800491333008
"2017-06-07",83.3099975585938,84.1100006103516,83.0999984741211,83.9100036621094,13711100,65.7241668701172
"2017-06-08",83.9100036621094,85.7300033569336,83.8899993896484,84.9499969482422,17951000,66.5387496948242
"2017-06-09",85.5100021362305,87.0500030517578,85.3899993896484,86.9599990844727,19120200,68.1131362915039
"2017-06-12",86.9599990844727,87.7399978637695,86.8899993896484,86.9800033569336,16053400,68.1288146972656
"2017-06-13",87.5500030517578,87.8499984741211,86.9800033569336,87.2699966430664,12557200,68.3559417724609
"2017-06-14",86.7699966430664,87.3099975585938,85.8199996948242,87.0899963378906,16175700,68.214973449707
"2017-06-15",86.25,87.0800018310547,86.2399978637695,86.5699996948242,12509700,67.8076477050781
"2017-06-16",86.8499984741211,86.9599990844727,86.0199966430664,86.1800003051758,16936600,67.5021667480469
"2017-06-19",86.9700012207031,88.2300033569336,86.8499984741211,88.0699996948242,15972300,68.9825744628906
"2017-06-20",87.75,87.9199981689453,87.370002746582,87.5199966430664,11197800,68.5517425537109
"2017-06-21",87.4800033569336,87.5500030517578,86.7600021362305,87.120002746582,10005900,68.2384643554688
"2017-06-22",86.9300003051758,87.3600006103516,86.6500015258789,87.0199966430664,12180600,68.1601257324219
"2017-06-23",87.6600036621094,88,86.6100006103516,86.8600006103516,18812000,68.0348052978516
"2017-06-26",87.0100021362305,87.6699981689453,86.620002746582,87.2399978637695,10082400,68.3324279785156
"2017-06-27",87.7099990844727,88.9400024414062,87.5,88.0500030517578,15415200,68.9668884277344
"2017-06-28",88.5999984741211,90.0699996948242,88.5999984741211,89.8199996948242,17466200,70.353271484375
"2017-06-29",92.3399963378906,92.6500015258789,90.3099975585938,91.1500015258789,27697800,71.3950424194336
"2017-06-30",91.9599990844727,92,91.1600036621094,91.4000015258789,16892700,71.5908432006836
"2017-07-03",91.5599975585938,93.4800033569336,91.4100036621094,92.75,13208100,73.0478744506836
"2017-07-05",93.120002746582,93.7900009155273,92.6100006103516,93.6800003051758,17535400,73.7803039550781
"2017-07-06",93.5400009155273,94.5100021362305,92.879997253418,93.379997253418,16596100,73.5440292358398
"2017-07-07",93.9599990844727,94.1699981689453,93.2300033569336,93.8499984741211,12817800,73.914192199707
"2017-07-10",93.5,93.6800003051758,93.0899963378906,93.1900024414062,13987200,73.3943939208984
"2017-07-11",93.3300018310547,93.3300018310547,92.2799987792969,92.8300018310547,13262300,73.1108779907227
"2017-07-12",92.6100006103516,92.8300018310547,92.0699996948242,92.5100021362305,13540100,72.8588562011719
"2017-07-13",92.6900024414062,93.379997253418,92.3399963378906,93.0999984741211,12820100,73.3235244750977
"2017-07-14",90.8099975585938,92.6100006103516,90.5800018310547,92.25,22235200,72.6540756225586
"2017-07-17",91.8199996948242,91.9899978637695,91.25,91.3899993896484,14374200,71.9767532348633
"2017-07-18",90.4499969482422,91.5800018310547,90.3199996948242,91.0699996948242,14719400,71.7247467041016
"2017-07-19",91.3399963378906,91.620002746582,91,91.1999969482422,11651200,71.8271255493164
"2017-07-20",91.1500015258789,91.7200012207031,90.9000015258789,91.1999969482422,11561700,71.8271255493164
"2017-07-21",91.0599975585938,91.3600006103516,90.5199966430664,90.8899993896484,10971300,71.5829620361328
"2017-07-24",90.9599990844727,91.5400009155273,90.9100036621094,91.2799987792969,10725100,71.89013671875
"2017-07-25",92.370002746582,93.5199966430664,92.2699966430664,92.8000030517578,16447700,73.0872497558594
"2017-07-26",93.0999984741211,93.1900024414062,91.6800003051758,91.9300003051758,11815500,72.4020538330078
"2017-07-27",91.8300018310547,92.0599975585938,91.1600036621094,91.5500030517578,12332400,72.102783203125
"2017-07-28",91.4499969482422,91.75,90.9100036621094,91.2799987792969,9351900,71.89013671875
"2017-07-31",91.5100021362305,92.3600006103516,91.5,91.8000030517578,11520300,72.2996673583984
"2017-08-01",92.4899978637695,93.1399993896484,92.2799987792969,93.0299987792969,12523700,73.2683639526367
"2017-08-02",92.870002746582,93.2099990844727,92.5100021362305,93.1100006103516,10165600,73.3313980102539
"2017-08-03",92.6999969482422,93.129997253418,92.2399978637695,92.5,11078800,72.850959777832
"2017-08-04",93.5,94.4000015258789,93.4700012207031,93.6600036621094,14324000,73.7645645141602
"2017-08-07",93.8899993896484,94.1900024414062,93.7099990844727,94.0199966430664,7978300,74.048095703125
"2017-08-08",93.9499969482422,95.2200012207031,93.5999984741211,93.6800003051758,13745400,73.7803039550781
"2017-08-09",92.9800033569336,93.6800003051758,92.8300018310547,93.5299987792969,11214400,73.6621856689453
"2017-08-10",92.9000015258789,93.0699996948242,92.0699996948242,92.1900024414062,13252300,72.6068267822266
"2017-08-11",92.129997253418,92.6699981689453,91.2399978637695,91.4199981689453,10679500,72.0003890991211
"2017-08-14",92.370002746582,92.9000015258789,92.3300018310547,92.4899978637695,10994800,72.8430938720703
"2017-08-15",93.3099975585938,93.5599975585938,92.6500015258789,92.7300033569336,8812700,73.0321197509766
"2017-08-16",93.0400009155273,93.2300033569336,91.879997253418,92.0899963378906,11085400,72.5280456542969
"2017-08-17",91.7600021362305,91.9599990844727,90.5,90.6500015258789,13837500,71.3939666748047
"2017-08-18",90.3099975585938,91.5400009155273,90.1900024414062,90.7399978637695,13040700,71.4648361206055
"2017-08-21",90.8499984741211,90.9400024414062,90.1600036621094,90.629997253418,11502100,71.3782196044922
"2017-08-22",91.0699996948242,91.7099990844727,91,91.5599975585938,9211800,72.1106414794922
"2017-08-23",90.870002746582,92.3399963378906,90.8399963378906,91.6699981689453,8811300,72.1972579956055
"2017-08-24",91.9300003051758,92.120002746582,91.4100036621094,91.5199966430664,8623200,72.0791473388672
"2017-08-25",91.879997253418,92.4800033569336,91.8000030517578,91.8899993896484,11794600,72.3705444335938
"2017-08-28",92.1600036621094,92.1900024414062,91.129997253418,91.5999984741211,7292900,72.1421737670898
"2017-08-29",90.4499969482422,91.3099975585938,90.3099975585938,91.0999984741211,10886100,71.7483367919922
"2017-08-30",91.25,91.879997253418,91.1900024414062,91.3099975585938,9165300,71.9137420654297
"2017-08-31",91.8099975585938,91.8499984741211,90.8000030517578,90.8899993896484,13217400,71.5829620361328
"2017-09-01",91.25,92.3600006103516,90.9499969482422,91.6999969482422,9815800,72.2209243774414
"2017-09-05",91.0199966430664,91.1100006103516,89.0199966430664,89.5100021362305,16897300,70.4961166381836
"2017-09-06",90,90.5199966430664,89.6399993896484,90.1100006103516,11845700,70.9686508178711
"2017-09-07",90.1100006103516,90.129997253418,88.0800018310547,88.5299987792969,14592300,69.7242889404297
"2017-09-08",88.3099975585938,89.4199981689453,88.2399978637695,88.4199981689453,14242200,69.6376495361328
"2017-09-11",89.3899993896484,90.25,88.9499969482422,89.7900009155273,13219000,70.7166366577148
"2017-09-12",90.1699981689453,91.25,90.0999984741211,90.8899993896484,14003800,71.5829620361328
"2017-09-13",90.6100006103516,91.5,90.3199996948242,91.1500015258789,12485400,71.7877349853516
"2017-09-14",91.1999969482422,91.5299987792969,90.7399978637695,90.9700012207031,10562800,71.6459732055664
"2017-09-15",91.0800018310547,91.7099990844727,90.7600021362305,91.620002746582,18171800,72.1579208374023
"2017-09-18",91.9300003051758,93.1399993896484,91.8499984741211,92.9199981689453,11318700,73.181755065918
"2017-09-19",92.7099990844727,94.3600006103516,92.5199966430664,93.9400024414062,12626100,73.9850692749023
"2017-09-20",94.0999984741211,95.2900009155273,93.7099990844727,94.5999984741211,15311600,74.5048751831055
"2017-09-21",94.4599990844727,95.370002746582,94.1900024414062,95.0299987792969,10851500,74.8435211181641
"2017-09-22",94.6999969482422,94.9800033569336,94.4300003051758,94.8300018310547,8358300,74.6860275268555
"2017-09-25",94.5100021362305,94.879997253418,93.4499969482422,94.120002746582,10463400,74.1268310546875
"2017-09-26",93.7799987792969,94.0299987792969,93.3399963378906,93.6999969482422,9358100,73.7960662841797
"2017-09-27",94.9700012207031,95.7200012207031,94.5800018310547,95.1800003051758,15090200,74.9616775512695
"2017-09-28",95.5899963378906,95.879997253418,94.9100036621094,95.379997253418,10270400,75.1192169189453
"2017-09-29",95.3000030517578,95.5199966430664,95.0199966430664,95.5100021362305,11438400,75.2215957641602
"2017-10-02",95.7699966430664,96.879997253418,95.4599990844727,96.8399963378906,13797200,76.26904296875
"2017-10-03",96.8300018310547,97.4300003051758,96.7699966430664,97.3499984741211,9633500,76.6707153320312
"2017-10-04",97.3000030517578,97.4400024414062,96.2799987792969,96.3600006103516,12166600,75.8910217285156
"2017-10-05",96,97.4000015258789,95.5500030517578,97.0899963378906,14236200,76.9129180908203
"2017-10-06",97.5500030517578,97.6399993896484,96.4700012207031,96.9199981689453,10231900,76.7782516479492
"2017-10-09",96.9599990844727,97.0699996948242,96.1399993896484,96.4100036621094,7765100,76.3742523193359
"2017-10-10",96.4599990844727,97.1800003051758,96.2399978637695,97.129997253418,10631500,76.9446105957031
"2017-10-11",96.8300018310547,97.0100021362305,96.1399993896484,96.8399963378906,14283600,76.7148895263672
"2017-10-12",97.3000030517578,97.5,95.620002746582,95.9899978637695,18251600,76.0415191650391
"2017-10-13",95.4800033569336,96.7099990844727,94.9599990844727,95.8600006103516,13190600,75.9385375976562
"2017-10-16",96.3399963378906,97.9499969482422,96.3399963378906,97.8399963378906,12434000,77.5070724487305
"2017-10-17",98.0699996948242,98.1800003051758,97.3199996948242,97.620002746582,10335700,77.3327941894531
"2017-10-18",98.1500015258789,98.5500030517578,97.629997253418,97.9899978637695,10158600,77.6259231567383
"2017-10-19",97.1900024414062,98.1999969482422,97.0899963378906,98.1100006103516,9133900,77.7209701538086
"2017-10-20",99.2799987792969,99.8899993896484,98.7300033569336,99.5100021362305,15326600,78.8300094604492
"2017-10-23",99.5100021362305,99.9899978637695,99.2399978637695,99.3399963378906,9238600,78.6953430175781
"2017-10-24",99.879997253418,101.190002441406,99.7600021362305,100.919998168945,13000800,79.9469909667969
"2017-10-25",101.25,101.449996948242,100.190002441406,101.019996643066,14632700,80.0262222290039
"2017-10-26",101.349998474121,102.419998168945,101.319999694824,101.73999786377,13054400,80.5965805053711
"2017-10-27",101.430000305176,102.230003356934,101.050003051758,101.769996643066,10400400,80.620361328125
"2017-10-30",101.129997253418,101.930000305176,100.870002746582,101.410003662109,8839500,80.3351440429688
"2017-10-31",101.370002746582,101.699996948242,100.569999694824,100.610000610352,8690200,79.701416015625
"2017-11-01",101.099998474121,101.699996948242,100.730003356934,100.919998168945,8418200,79.9469909667969
"2017-11-02",100.870002746582,101.769996643066,100.160003662109,101.589996337891,8731800,80.4777374267578
"2017-11-03",101.099998474121,101.529998779297,100.730003356934,101.410003662109,7103500,80.3351440429688
"2017-11-06",101.339996337891,101.690002441406,100.660003662109,100.779998779297,8121500,79.8361053466797
"2017-11-07",100.559997558594,100.75,98.25,98.75,18822600,78.2279663085938
"2017-11-08",98.2699966430664,98.370002746582,97.1500015258789,97.6399993896484,18524700,77.3486328125
"2017-11-09",97.120002746582,98.2200012207031,96.8099975585938,97.629997253418,13697800,77.3407211303711
"2017-11-10",97.8099975585938,98.3399963378906,97.5,97.5100021362305,9314000,77.2456665039062
"2017-11-13",96.6900024414062,98.0500030517578,96.620002746582,97.8600006103516,9303100,77.5229110717773
"2017-11-14",97.3399963378906,97.7799987792969,96.8499984741211,97.2699966430664,11043800,77.0555191040039
"2017-11-15",96.3899993896484,98.7399978637695,95.9499969482422,98.1900024414062,15384100,77.7843322753906
"2017-11-16",98.5299987792969,99.0599975585938,98.3099975585938,98.4700012207031,9808000,78.0061492919922
"2017-11-17",97.8199996948242,98.4100036621094,97.5699996948242,98.1399993896484,9017900,77.7447204589844
"2017-11-20",98.4499969482422,99.1500015258789,97.7600021362305,99.0100021362305,9483200,78.4339218139648
"2017-11-21",99.5,99.5500030517578,98.9100036621094,98.9300003051758,13389400,78.3705444335938
"2017-11-22",99.0299987792969,99.5199966430664,98.5899963378906,98.6399993896484,7342200,78.1408309936523
"2017-11-24",98.8300018310547,98.9000015258789,98.2600021362305,98.3199996948242,3680000,77.8873443603516
"2017-11-27",98.3099975585938,99.129997253418,97.9300003051758,97.9300003051758,13076200,77.578369140625
"2017-11-28",98.2099990844727,101.699996948242,97.9700012207031,101.360000610352,16773000,80.295524597168
"2017-11-29",102.410003662109,104.220001220703,101.959999084473,103.730003356934,21105500,82.1730270385742
"2017-11-30",104.73999786377,106.660003662109,104.040000915527,104.519996643066,23945900,82.7988204956055
"2017-12-01",104.900001525879,105.319999694824,102.199996948242,104.790000915527,19683500,83.0127487182617
"2017-12-04",107.730003356934,108.400001525879,106.769996643066,106.949996948242,23576600,84.7238388061523
"2017-12-05",105.580001831055,107.410003662109,104.120002746582,105.720001220703,17193900,83.7494735717773
"2017-12-06",105.550003051758,105.76000213623,104.529998779297,104.930000305176,15476200,83.123649597168
"2017-12-07",103.949996948242,105.190002441406,103.730003356934,104.620002746582,13371800,82.878059387207
"2017-12-08",104.75,105.940002441406,104.339996337891,105.930000305176,13506900,83.9158096313477
"2017-12-11",105.720001220703,106.059997558594,105.309997558594,105.620002746582,10591200,83.6702346801758
"2017-12-12",106.910003662109,107.370002746582,105.540000915527,106.849998474121,15508800,84.6446228027344
"2017-12-13",106.699996948242,107.110000610352,105.480003356934,105.51000213623,15020300,83.5830841064453
"2017-12-14",106.120002746582,106.449996948242,104.639999389648,104.660003662109,13034200,82.9097518920898
"2017-12-15",105.790000915527,106.519996643066,105.199996948242,106.139999389648,29350600,84.0821685791016
"2017-12-18",107.190002441406,107.629997253418,106.480003356934,106.959999084473,12713100,84.7317733764648
"2017-12-19",107.349998474121,107.48999786377,106.440002441406,106.51000213623,12149900,84.3752899169922
"2017-12-20",107.599998474121,107.730003356934,106.089996337891,106.139999389648,13091500,84.0821685791016
"2017-12-21",106.589996337891,108.069999694824,106.559997558594,107.830001831055,12323700,85.4209747314453
"2017-12-22",108.199996948242,108.459999084473,106.809997558594,107.449996948242,14573400,85.1199340820312
"2017-12-26",107.199996948242,107.98999786377,106.400001525879,107.019996643066,7403700,84.7793197631836
"2017-12-27",106.669998168945,107.290000915527,106.669998168945,107.220001220703,9496500,84.937744140625
"2017-12-28",107.400001525879,107.839996337891,107.160003662109,107.790000915527,7440600,85.389274597168
"2017-12-29",108.089996337891,108.279998779297,106.940002441406,106.940002441406,8925700,84.715950012207
"2018-01-02",107.629997253418,108.019996643066,106.809997558594,107.949996948242,13578800,85.5160446166992
"2018-01-03",107.860000610352,108.48999786377,107.480003356934,108.059997558594,11901000,85.6031646728516
"2018-01-04",108.360000610352,110.029998779297,108.199996948242,109.040000915527,12953700,86.8294982910156
"2018-01-05",109.26000213623,109.550003051758,107.779998779297,108.339996337891,14155000,86.2720642089844
"2018-01-08",108.150001525879,108.680000305176,107.699996948242,108.5,12466500,86.3994750976562
"2018-01-09",108.720001220703,109.629997253418,108.48999786377,109.050003051758,13292300,86.8374404907227
"2018-01-10",109.470001220703,110.699996948242,109.389999389648,110.25,15834500,87.7930297851562
"2018-01-11",110.669998168945,110.930000305176,110.050003051758,110.839996337891,13676800,88.2628326416016
"2018-01-12",111.650001525879,112.849998474121,110.839996337891,112.669998168945,18884200,89.720085144043
"2018-01-16",111.51000213623,113.430000305176,111.069999694824,112.269996643066,22703300,89.4015579223633
"2018-01-17",111.889999389648,113.300003051758,111.309997558594,112.98999786377,14940300,89.9749145507812
"2018-01-18",112.76000213623,113.720001220703,112.269996643066,113.26000213623,14572900,90.1899185180664
"2018-01-19",113.940002441406,114.339996337891,112.800003051758,113.01000213623,18785500,89.9908294677734
"2018-01-22",112.660003662109,114.389999389648,112.5,114.330001831055,12475700,91.0419540405273
"2018-01-23",113.669998168945,114.639999389648,113.349998474121,114.209999084473,12320800,90.9464111328125
"2018-01-24",114.860000610352,116,114.660003662109,115.669998168945,15904500,92.109016418457
"2018-01-25",116.040000915527,116.169998168945,115.080001831055,115.699996948242,13510000,92.1328964233398
"2018-01-26",115.699996948242,116.319999694824,114.959999084473,116.319999694824,13883900,92.6266021728516
"2018-01-29",116.019996643066,117.349998474121,116.019996643066,116.199996948242,11679900,92.5310592651367
"2018-01-30",115.529998779297,116.599998474121,114.980003356934,115.110000610352,14279100,91.6630783081055
"2018-01-31",115.650001525879,116.660003662109,115.160003662109,115.669998168945,13141400,92.109016418457
"2018-02-01",115.769996643066,116.98999786377,115.480003356934,116.870002746582,13800600,93.064582824707
"2018-02-02",116.48999786377,116.919998168945,114.089996337891,114.279998779297,16477300,91.0021286010742
"2018-02-05",113,114.589996337891,103.980003356934,108.800003051758,30097600,86.6383590698242
"2018-02-06",106.849998474121,112.480003356934,106.610000610352,112.110000610352,33114800,89.2741470336914
"2018-02-07",111.550003051758,114.449996948242,111.150001525879,112.870002746582,21878300,89.8793640136719
"2018-02-08",113.110000610352,113.110000610352,107.839996337891,107.879997253418,27425800,85.90576171875
"2018-02-09",109.099998474121,111.050003051758,106.230003356934,110.040000915527,28188000,87.6257858276367
"2018-02-12",111.169998168945,112.730003356934,110.069999694824,111.73999786377,18043300,88.9795150756836
"2018-02-13",111.319999694824,113.050003051758,110.800003051758,112.430000305176,16358200,89.5289764404297
"2018-02-14",112.629997253418,115.269996643066,112.529998779297,115.029998779297,15186900,91.599365234375
"2018-02-15",115.73999786377,115.98999786377,114.220001220703,115.51000213623,12130200,91.9816055297852
"2018-02-16",114.550003051758,116.069999694824,114.5,114.680000305176,13214300,91.3206787109375
"2018-02-20",114.650001525879,115.389999389648,113.970001220703,114.709999084473,13461500,91.3445663452148
"2018-02-21",115,117.449996948242,114.669998168945,115.190002441406,14212500,91.7267761230469
"2018-02-22",115.5,116.430000305176,114.76000213623,114.980003356934,17070400,91.5595626831055
"2018-02-23",115.309997558594,117.389999389648,115.309997558594,117.309997558594,12162500,93.4149627685547
"2018-02-26",118.139999389648,118.900001525879,117.319999694824,118.769996643066,16511200,94.5775527954102
"2018-02-27",118.910003662109,119.330001831055,117.349998474121,117.360000610352,17563300,93.4547729492188
"2018-02-28",117.819999694824,118.48999786377,115.339996337891,115.5,17735600,91.9736251831055
"2018-03-01",115.480003356934,116.639999389648,112.650001525879,113.430000305176,18690000,90.3252792358398
"2018-03-02",112.389999389648,113.559997558594,111.120002746582,113.319999694824,18353700,90.2376861572266
"2018-03-05",112.050003051758,115.930000305176,111.889999389648,115.059997558594,13933000,91.6232452392578
"2018-03-06",115.639999389648,115.819999694824,114.319999694824,115.160003662109,10674400,91.7029037475586
"2018-03-07",113.75,115.099998474121,113.110000610352,114.730003356934,13006500,91.3605041503906
"2018-03-08",115.110000610352,115.230003356934,113.209999084473,114.73999786377,11173700,91.3684158325195
"2018-03-09",116.550003051758,118.080001831055,115.669998168945,118.040000915527,15366600,93.9962539672852
"2018-03-12",118,118.75,117.25,117.660003662109,12339300,93.6936721801758
"2018-03-13",118.199996948242,118.470001220703,115.830001831055,116.25,13312300,92.5708847045898
"2018-03-14",116.559997558594,116.589996337891,114.599998474121,114.949996948242,12905100,91.5356597900391
"2018-03-15",115.870002746582,116,114.830001831055,115.23999786377,8748000,91.7666015625
"2018-03-16",115.339996337891,116.599998474121,115.339996337891,115.440002441406,19888900,91.9258499145508
"2018-03-19",115.099998474121,115.449996948242,113.300003051758,114.529998779297,13214900,91.2012176513672
"2018-03-20",114.870002746582,115.449996948242,114.449996948242,114.639999389648,9921200,91.288818359375
"2018-03-21",114.809997558594,116.629997253418,114.209999084473,114.73999786377,13633000,91.3684158325195
"2018-03-22",113.199996948242,113.599998474121,109.540000915527,109.949996948242,22550400,87.5541229248047
"2018-03-23",110.269996643066,110.919998168945,106.76000213623,107.01000213623,23081500,85.2129745483398
"2018-03-26",109.190002441406,111.160003662109,108.650001525879,110.309997558594,20217500,87.8407821655273
"2018-03-27",111.069999694824,111.690002441406,107.300003051758,108.169998168945,18039900,86.1367034912109
"2018-03-28",108.279998779297,109.169998168945,106.650001525879,108,19189300,86.0013275146484
"2018-03-29",108.5,110.779998779297,107.779998779297,109.970001220703,13274600,87.5700454711914
"2018-04-02",109.959999084473,110.730003356934,106.080001831055,107.849998474121,18822500,85.8818740844727
"2018-04-03",108.360000610352,109.5,107.26000213623,109.330001831055,14050700,87.060417175293
"2018-04-04",107.099998474121,111.209999084473,107.019996643066,110.98999786377,15302600,88.3822937011719
"2018-04-05",111.629997253418,112.830001831055,111.389999389648,111.879997253418,16627000,89.5427932739258
"2018-04-06",110.550003051758,111.550003051758,107.819999694824,109.089996337891,18906000,87.3097991943359
"2018-04-09",110.01000213623,112.980003356934,109.889999389648,110.400001525879,15974300,88.3582916259766
"2018-04-10",112.129997253418,112.870002746582,111.419998168945,112.51000213623,13951400,90.0469970703125
"2018-04-11",111.660003662109,111.809997558594,110.519996643066,110.620002746582,14503300,88.5343475341797
"2018-04-12",111.559997558594,114.389999389648,111.5,113.370002746582,16435500,90.7353134155273
"2018-04-13",115.019996643066,115.150001525879,109.050003051758,110.300003051758,39152800,88.2782363891602
"2018-04-16",110.940002441406,111.470001220703,109.790000915527,110.209999084473,16580500,88.2062072753906
"2018-04-17",111.370002746582,111.919998168945,109.98999786377,110.209999084473,15501400,88.2062072753906
"2018-04-18",110.529998779297,111.069999694824,108.889999389648,109.319999694824,16081400,87.4939041137695
"2018-04-19",109.529998779297,111.870002746582,109.5,111.720001220703,17911000,89.4147186279297
"2018-04-20",112.300003051758,112.73999786377,110.879997253418,111.470001220703,15584400,89.2146453857422
"2018-04-23",111.569999694824,111.949996948242,110.629997253418,110.930000305176,11285800,88.7824783325195
"2018-04-24",111.75,112.900001525879,109.589996337891,110.410003662109,16453100,88.3662872314453
"2018-04-25",110.269996643066,110.529998779297,108.599998474121,109.98999786377,13548200,88.0301284790039
"2018-04-26",109.970001220703,110.819999694824,109.339996337891,110.099998474121,10299500,88.1181869506836
"2018-04-27",109.550003051758,110.160003662109,109.129997253418,109.400001525879,9384000,87.5579147338867
"2018-04-30",109.75,110.300003051758,108.75,108.779998779297,13744900,87.0617141723633
"2018-05-01",108.449996948242,108.970001220703,107.540000915527,108.779998779297,10503400,87.0617141723633
"2018-05-02",108.110000610352,109.48999786377,107.730003356934,107.919998168945,12162100,86.3733901977539
"2018-05-03",107.589996337891,107.769996643066,105.180000305176,107.23999786377,15379100,85.8291778564453
"2018-05-04",106.430000305176,108.73999786377,105.980003356934,108.430000305176,11967900,86.7815780639648
"2018-05-07",108.76000213623,109.680000305176,108.360000610352,109.370002746582,9356700,87.5339050292969
"2018-05-08",109.529998779297,111.339996337891,109.279998779297,110.98999786377,12543200,88.8304977416992
"2018-05-09",111.440002441406,113.639999389648,111.029998779297,113.410003662109,11368100,90.7673263549805
"2018-05-10",113.190002441406,114.440002441406,112.75,114.290000915527,9159700,91.4716262817383
"2018-05-11",114.48999786377,114.730003356934,113.669998168945,113.860000610352,10253000,91.1274948120117
"2018-05-14",114.110000610352,114.699996948242,113.73999786377,113.900001525879,8710700,91.1594924926758
"2018-05-15",113.910003662109,113.910003662109,112.569999694824,113.029998779297,11536200,90.4631805419922
"2018-05-16",112.889999389648,113.690002441406,112.629997253418,113.339996337891,7571100,90.7112884521484
"2018-05-17",113.199996948242,113.410003662109,112.199996948242,112.959999084473,8617200,90.4071655273438
"2018-05-18",112.75,112.800003051758,110.839996337891,111.129997253418,11806300,88.9425201416016
"2018-05-21",112.050003051758,112.540000915527,111.919998168945,112.150001525879,9441900,89.7588958740234
"2018-05-22",112.349998474121,114.290000915527,112.290000915527,113.01000213623,11507600,90.4471664428711
"2018-05-23",112.51000213623,112.769996643066,111.120002746582,112.48999786377,11453900,90.031005859375
"2018-05-24",112.139999389648,112.150001525879,110.120002746582,111.230003356934,14084800,89.0225601196289
"2018-05-25",110.459999084473,111.080001831055,110.199996948242,110.660003662109,8283500,88.5663604736328
"2018-05-29",109.180000305176,109.199996948242,104.959999084473,105.930000305176,30643800,84.7807083129883
"2018-05-30",107.639999389648,108.599998474121,106.650001525879,108.349998474121,17490800,86.7175598144531
"2018-05-31",107.949996948242,108.190002441406,106.419998168945,107.01000213623,19808200,85.6451187133789
"2018-06-01",108.339996337891,108.940002441406,107.800003051758,108.400001525879,13594200,86.7575759887695
"2018-06-04",108.98999786377,109.26000213623,108.269996643066,108.449996948242,9415400,86.7976226806641
"2018-06-05",108.23999786377,108.309997558594,107.069999694824,107.839996337891,10415200,86.3094100952148
"2018-06-06",108.660003662109,110.73999786377,108.480003356934,110.360000610352,15453600,88.3262481689453
"2018-06-07",111.180000305176,111.5,110.029998779297,110.800003051758,13444400,88.6784286499023
"2018-06-08",110.620002746582,111.139999389648,110.059997558594,111.110000610352,10383200,88.9265289306641
"2018-06-11",111.120002746582,111.910003662109,110.769996643066,110.830001831055,12642900,88.7024307250977
"2018-06-12",111.139999389648,111.529998779297,109.519996643066,110.190002441406,15294100,88.1901931762695
"2018-06-13",110.459999084473,111.449996948242,109.580001831055,109.970001220703,14979700,88.0141296386719
"2018-06-14",110.279998779297,110.360000610352,107.779998779297,108.029998779297,20487300,86.4614639282227
"2018-06-15",107.800003051758,108.379997253418,106.269996643066,107.900001525879,26028600,86.3574066162109
"2018-06-18",107.26000213623,108.400001525879,106.690002441406,108.180000305176,9786800,86.5815277099609
"2018-06-19",106.900001525879,107.879997253418,106.599998474121,107.550003051758,12707200,86.0772857666016
"2018-06-20",108.180000305176,108.639999389648,107.440002441406,107.540000915527,8876900,86.0692749023438
"2018-06-21",107.099998474121,108.209999084473,106.529998779297,107.51000213623,11048700,86.0452651977539
"2018-06-22",108.160003662109,108.370002746582,105.51000213623,105.75,19478900,84.6366729736328
"2018-06-25",105.660003662109,105.699996948242,103.959999084473,104.790000915527,16907600,83.8683319091797
"2018-06-26",104.709999084473,105.209999084473,103.110000610352,104.860000610352,17086800,83.9243316650391
"2018-06-27",104.680000305176,105.919998168945,103.230003356934,103.23999786377,16276800,82.627815246582
"2018-06-28",103.680000305176,105.459999084473,103.51000213623,104.930000305176,14491300,83.9803771972656
"2018-06-29",106.680000305176,106.900001525879,104.150001525879,104.199996948242,18972400,83.3961181640625
"2018-07-02",103.720001220703,105.089996337891,103.379997253418,105.080001831055,11130000,84.1004333496094
"2018-07-03",105.410003662109,105.779998779297,103.519996643066,103.610000610352,8311700,82.9239273071289
"2018-07-05",104.129997253418,104.379997253418,103.529998779297,103.720001220703,10723400,83.4630813598633
"2018-07-06",103.120002746582,104.5,102.199996948242,104.059997558594,12173700,83.7366714477539
"2018-07-09",104.709999084473,107.459999084473,104.709999084473,107.279998779297,13900800,86.3277893066406
"2018-07-10",108.019996643066,108.400001525879,106.529998779297,106.620002746582,14575900,85.7966995239258
"2018-07-11",106.309997558594,107.059997558594,106.209999084473,106.389999389648,10186500,85.6116104125977
"2018-07-12",107.419998168945,107.559997558594,105.970001220703,106.849998474121,12456800,85.9817581176758
"2018-07-13",107.300003051758,107.800003051758,105.139999389648,106.360000610352,21289100,85.5874710083008
"2018-07-16",107.050003051758,110.769996643066,106.980003356934,110.580001831055,24662600,88.9832916259766
"2018-07-17",110.690002441406,110.930000305176,109.75,110.5,14821900,88.9188995361328
"2018-07-18",110.419998168945,112.120002746582,110.199996948242,111.529998779297,14244900,89.7477416992188
"2018-07-19",111.059997558594,111.089996337891,109.730003356934,109.889999389648,16775300,88.4280548095703
"2018-07-20",110,111.73999786377,109.779998779297,111.279998779297,13578100,89.5465469360352
"2018-07-23",111.059997558594,114.23999786377,110.930000305176,113.349998474121,18140000,91.2122955322266
"2018-07-24",113.550003051758,114.779998779297,113.419998168945,114.150001525879,14000400,91.8560409545898
"2018-07-25",113.879997253418,115.519996643066,113.379997253418,115.180000305176,13329100,92.6848831176758
"2018-07-26",115.419998168945,115.589996337891,114.580001831055,114.849998474121,11897800,92.4193420410156
"2018-07-27",115.180000305176,116.300003051758,114.809997558594,116.029998779297,12802700,93.3688583374023
"2018-07-30",116.279998779297,117.610000610352,116.059997558594,116.730003356934,13411600,93.9321746826172
"2018-07-31",117.080001831055,117.080001831055,114.819999694824,114.949996948242,15843800,92.4998016357422
"2018-08-01",115.75,116.690002441406,115.279998779297,115.660003662109,13531600,93.0711364746094
"2018-08-02",114.569999694824,116.25,114.330001831055,116.150001525879,11058100,93.465446472168
"2018-08-03",116,117.129997253418,115.940002441406,117.089996337891,11016100,94.2218475341797
"2018-08-06",116.790000915527,117.529998779297,116.180000305176,117.120002746582,9857400,94.2460021972656
"2018-08-07",117.73999786377,118.290000915527,117.330001831055,117.550003051758,10562100,94.5920104980469
"2018-08-08",117.330001831055,118.269996643066,117.279998779297,117.790000915527,8997100,94.7851333618164
"2018-08-09",117.51000213623,117.720001220703,116.699996948242,116.879997253418,9694200,94.0528869628906
"2018-08-10",115.5,115.949996948242,114.680000305176,115.730003356934,12630600,93.1274719238281
"2018-08-13",115.559997558594,115.879997253418,113.819999694824,113.889999389648,10336300,91.6468200683594
"2018-08-14",114.269996643066,115.040000915527,113.650001525879,114.650001525879,10597600,92.2583923339844
"2018-08-15",113.819999694824,114.330001831055,112.970001220703,113.699996948242,10152100,91.4939346313477
"2018-08-16",114.349998474121,115.309997558594,114.300003051758,114.769996643066,10118600,92.3549499511719
"2018-08-17",114.639999389648,115.069999694824,114.300003051758,114.769996643066,8505100,92.3549499511719
"2018-08-20",114.589996337891,115.050003051758,114.110000610352,114.620002746582,8618700,92.234245300293
"2018-08-21",115.370002746582,116.389999389648,114.879997253418,115.319999694824,10976700,92.7975616455078
"2018-08-22",115.309997558594,115.410003662109,114.779998779297,114.970001220703,8314700,92.5158843994141
"2018-08-23",114.959999084473,115.150001525879,114.430000305176,114.730003356934,9265400,92.3227844238281
"2018-08-24",114.980003356934,115.220001220703,114.449996948242,114.680000305176,8845700,92.2825546264648
"2018-08-27",115.220001220703,117.279998779297,115.169998168945,116.709999084473,13768000,93.9160766601562
"2018-08-28",117,117.029998779297,115.970001220703,116.139999389648,8302600,93.4573974609375
"2018-08-29",116.349998474121,116.370002746582,115.360000610352,115.76000213623,7221700,93.1515960693359
"2018-08-30",115.589996337891,116.040000915527,114.980003356934,115.190002441406,8991800,92.6929244995117
"2018-08-31",114.830001831055,114.839996337891,113.819999694824,114.580001831055,13065700,92.2020797729492
"2018-09-04",114.339996337891,115.23999786377,113.629997253418,115.150001525879,10174200,92.660758972168
"2018-09-05",115,115.699996948242,114.25,114.589996337891,11462400,92.2101211547852
"2018-09-06",114.5,114.699996948242,113.5,114.099998474121,9877600,91.8158264160156
"2018-09-07",114.5,114.769996643066,113.629997253418,114.319999694824,10955600,91.9928436279297
"2018-09-10",114.849998474121,114.970001220703,113.660003662109,113.709999084473,8276900,91.5019836425781
"2018-09-11",113.540000915527,114.580001831055,113.180000305176,114.430000305176,9333800,92.0813674926758
"2018-09-12",114.25,114.879997253418,112.849998474121,113.080001831055,10800800,90.9950256347656
"2018-09-13",113.370002746582,114.129997253418,112.669998168945,113.519996643066,12470800,91.3490753173828
"2018-09-14",113.809997558594,114.48999786377,113.230003356934,113.5,10337900,91.3330001831055
"2018-09-17",113.790000915527,114.430000305176,113.300003051758,113.839996337891,9561300,91.6066055297852
"2018-09-18",114.330001831055,114.660003662109,113.559997558594,114.300003051758,7944200,91.9767532348633
"2018-09-19",114.440002441406,118.059997558594,114.440002441406,117.620002746582,16052800,94.6483612060547
"2018-09-20",118.5,119.23999786377,118.080001831055,118.629997253418,15590000,95.4610824584961
"2018-09-21",119.129997253418,119.230003356934,117.73999786377,117.849998474121,24788200,94.8334274291992
"2018-09-24",117.76000213623,118.459999084473,116.430000305176,116.720001220703,12492500,93.9241180419922
"2018-09-25",117.040000915527,117.970001220703,116.319999694824,116.389999389648,9308300,93.658576965332
"2018-09-26",116.75,116.870002746582,114.660003662109,115.019996643066,14023600,92.5561370849609
"2018-09-27",115.419998168945,115.76000213623,114.160003662109,114.519996643066,13283000,92.1537857055664
"2018-09-28",113.650001525879,114.23999786377,112.519996643066,112.839996337891,15815100,90.801887512207
"2018-10-01",113.370002746582,114.610000610352,113.040000915527,113.5,10146300,91.3330001831055
"2018-10-02",113.360000610352,114.120002746582,112.809997558594,113.970001220703,13753100,91.7112121582031
"2018-10-03",114.940002441406,115.660003662109,114.480003356934,115.040000915527,17142000,92.5722122192383
"2018-10-04",114.550003051758,116.809997558594,114.209999084473,115.269996643066,16357400,93.4068450927734
"2018-10-05",115.830001831055,116.099998474121,114.019996643066,114.620002746582,13777600,92.8801422119141
"2018-10-08",114.25,115.779998779297,113.349998474121,115.319999694824,14370900,93.4474029541016
"2018-10-09",114.669998168945,115.029998779297,113.669998168945,114.519996643066,14069500,92.7991180419922
"2018-10-10",114.699996948242,114.949996948242,111.470001220703,111.470001220703,23086400,90.3276062011719
"2018-10-11",110.970001220703,111.470001220703,107.379997253418,108.129997253418,33705600,87.6210861206055
"2018-10-12",110.370002746582,110.830001831055,105.599998474121,106.949996948242,32075700,86.6649017333984
"2018-10-15",107.199996948242,108.849998474121,106.319999694824,106.339996337891,18903200,86.1706161499023
"2018-10-16",107.160003662109,108.779998779297,106.730003356934,108.620002746582,19302800,88.0181655883789
"2018-10-17",108.379997253418,110.800003051758,108.230003356934,109.830001831055,18794500,88.9986724853516
"2018-10-18",109.019996643066,109.839996337891,107.809997558594,108.089996337891,17582500,87.5886688232422
"2018-10-19",107.650001525879,109.220001220703,107.269996643066,107.910003662109,15234500,87.4428253173828
"2018-10-22",108.150001525879,108.339996337891,106.110000610352,106.360000610352,16199100,86.1868133544922
"2018-10-23",104.199996948242,106.160003662109,103.699996948242,105.25,21407500,85.2873382568359
"2018-10-24",104.76000213623,105.029998779297,102.910003662109,103.290000915527,23168900,83.699104309082
"2018-10-25",104.180000305176,105.900001525879,103.720001220703,104.860000610352,17464700,84.971305847168
"2018-10-26",104,104.559997558594,102.730003356934,103.419998168945,19174900,83.804443359375
"2018-10-29",104.459999084473,106.629997253418,103.699996948242,104.849998474121,18445200,84.9632263183594
"2018-10-30",105.709999084473,106.980003356934,104.860000610352,106.699996948242,18019700,86.4623413085938
"2018-10-31",108.080001831055,110.480003356934,107.790000915527,109.019996643066,20860000,88.3422927856445
"2018-11-01",109.620002746582,110.220001220703,108.319999694824,108.980003356934,13065000,88.3098907470703
"2018-11-02",109.900001525879,110.809997558594,107.48999786377,108.379997253418,19009200,87.8236846923828
"2018-11-05",108.610000610352,109.290000915527,108.419998168945,109.089996337891,10276400,88.3990020751953
"2018-11-06",108.669998168945,109.669998168945,107.76000213623,109.599998474121,10825000,88.8122711181641
"2018-11-07",110.370002746582,111.730003356934,109.349998474121,111.480003356934,12679600,90.3357315063477
"2018-11-08",111.01000213623,112.930000305176,111,112.379997253418,11662500,91.0650024414062
"2018-11-09",112.230003356934,112.360000610352,110.830001831055,111.290000915527,10432200,90.1817398071289
"2018-11-12",111.419998168945,111.940002441406,108.599998474121,108.949996948242,13279700,88.2855758666992
"2018-11-13",109.099998474121,111.120002746582,109.099998474121,109.589996337891,13746100,88.8041687011719
"2018-11-14",110.230003356934,110.709999084473,105.980003356934,107.330001831055,18361400,86.9728546142578
"2018-11-15",108.23999786377,110.080001831055,106.809997558594,110.069999694824,19100000,89.1931533813477
"2018-11-16",109.449996948242,110.76000213623,108.550003051758,109.98999786377,13798600,89.1283111572266
"2018-11-19",109.959999084473,111.199996948242,109.529998779297,110.830001831055,13987000,89.8089981079102
"2018-11-20",109.779998779297,110.48999786377,107.980003356934,108.449996948242,18936200,87.8804244995117
"2018-11-21",109.029998779297,109.610000610352,107.639999389648,107.639999389648,10619600,87.2240371704102
"2018-11-23",106.73999786377,107.389999389648,106.059997558594,106.650001525879,6488400,86.4218139648438
"2018-11-26",107.720001220703,109.980003356934,107.449996948242,109.26000213623,13948300,88.5367889404297
"2018-11-27",108.76000213623,110.029998779297,108.629997253418,109.720001220703,9238200,88.9095153808594
"2018-11-28",109.800003051758,111.400001525879,108.870002746582,110.940002441406,13977300,89.8981399536133
"2018-11-29",110.269996643066,110.800003051758,109.639999389648,110.059997558594,11144300,89.1850357055664
"2018-11-30",109.849998474121,111.319999694824,109.580001831055,111.190002441406,18652700,90.100700378418
"2018-12-03",112.379997253418,112.889999389648,111.73999786377,112.23999786377,16034500,90.9515686035156
"2018-12-04",111.599998474121,111.599998474121,106.730003356934,107.230003356934,23555900,86.8918075561523
"2018-12-06",105.01000213623,105.360000610352,102.879997253418,105.190002441406,27213900,85.2387313842773
"2018-12-07",105.160003662109,106.980003356934,102.910003662109,103.290000915527,19248600,83.699104309082
"2018-12-10",102.870002746582,103.48999786377,99.2799987792969,101.360000610352,23636400,82.1351470947266
"2018-12-11",103.129997253418,103.660003662109,100.209999084473,100.370002746582,16860700,81.3329467773438
"2018-12-12",101.660003662109,102.900001525879,100.059997558594,101.019996643066,22621500,81.8596420288086
"2018-12-13",101.550003051758,101.970001220703,100.669998168945,101.120002746582,17250900,81.9406814575195
"2018-12-14",99.9899978637695,101.940002441406,99.8600006103516,100.290000915527,19879500,81.2680969238281
"2018-12-17",99.7699966430664,100.559997558594,98.4400024414062,99.0100021362305,25113500,80.2308883666992
"2018-12-18",99.4199981689453,100.889999389648,98.120002746582,98.5400009155273,20837200,79.8500366210938
"2018-12-19",98.4100036621094,100.580001831055,96.5999984741211,97.2900009155273,28767900,78.8371124267578
"2018-12-20",96.6100006103516,98.2799987792969,95.6900024414062,96.4499969482422,31825200,78.1564407348633
"2018-12-21",96.6800003051758,98.4300003051758,93.6900024414062,94.1699981689453,41313900,76.3088684082031
"2018-12-24",92.8899993896484,94.2200012207031,92.1399993896484,92.1399993896484,17009300,74.6639099121094
"2018-12-26",92.6900024414062,95.9599990844727,91.1100006103516,95.9599990844727,22542900,77.7593688964844
"2018-12-27",94.8199996948242,97.1500015258789,93.5500030517578,97.0400009155273,20304700,78.6345291137695
"2018-12-28",97.9499969482422,98.3199996948242,96.4400024414062,96.8300018310547,17963300,78.46435546875
"2018-12-31",97.5899963378906,98.8099975585938,96.7699966430664,97.620002746582,13237200,79.1045303344727
"2019-01-02",95.9499969482422,99.7799987792969,95.9400024414062,99.3099975585938,15670900,80.473991394043
"2019-01-03",98.6399993896484,98.8899993896484,96.6900024414062,97.1100006103516,16286400,79.3302993774414
"2019-01-04",99.1100006103516,100.930000305176,98.2799987792969,100.690002441406,16935200,82.2548599243164
"2019-01-07",100.430000305176,101.470001220703,99.7099990844727,100.76000213623,15430700,82.3120193481445
"2019-01-08",101.629997253418,101.819999694824,99.5500030517578,100.569999694824,13578800,82.1568450927734
"2019-01-09",100.809997558594,101.48999786377,99.9300003051758,100.400001525879,14230300,82.0179443359375
"2019-01-10",100.019996643066,100.730003356934,99.2699966430664,100.389999389648,14376100,82.0097885131836
"2019-01-11",99.8899993896484,100.169998168945,98.9499969482422,99.9100036621094,15439900,81.6176605224609
"2019-01-14",98.870002746582,101.360000610352,98.6600036621094,100.940002441406,21258500,82.459098815918
"2019-01-15",98.8899993896484,102.470001220703,98.5999984741211,101.680000305176,26504900,83.063606262207
"2019-01-16",102.25,103.449996948242,101.800003051758,102.5,18533000,83.7334671020508
"2019-01-17",102.110000610352,103.5,101.919998168945,102.919998168945,14247600,84.0765686035156
"2019-01-18",103.769996643066,104.900001525879,102.830001831055,104.589996337891,16428700,85.4408187866211
"2019-01-22",103.080001831055,103.589996337891,102.129997253418,102.940002441406,17083700,84.092903137207
"2019-01-23",103.440002441406,103.699996948242,101.970001220703,102.680000305176,12146700,83.8805160522461
"2019-01-24",102.129997253418,103.089996337891,101.940002441406,102.73999786377,11296800,83.9295120239258
"2019-01-25",103.51000213623,104.309997558594,102.73999786377,103.389999389648,14369400,84.4605102539062
"2019-01-28",102.889999389648,104.23999786377,102.589996337891,103.879997253418,12283100,84.8607940673828
"2019-01-29",103.879997253418,105.110000610352,103.730003356934,104.169998168945,9743300,85.0976943969727
"2019-01-30",104.139999389648,105.23999786377,103.779998779297,104.410003662109,12526300,85.2937622070312
"2019-01-31",103.410003662109,103.800003051758,102.730003356934,103.5,17520600,84.5503692626953
"2019-02-01",104,104.849998474121,103.519996643066,103.879997253418,13000800,84.8607940673828
"2019-02-04",103.790000915527,104.25,103.01000213623,104.25,9871500,85.1630477905273
"2019-02-05",104.519996643066,104.550003051758,103.290000915527,103.790000915527,12763000,84.7872848510742
"2019-02-06",103.709999084473,104.620002746582,103.470001220703,103.73999786377,8745000,84.7464294433594
"2019-02-07",103.25,103.5,101.440002441406,102.379997253418,13177500,83.6354293823242
"2019-02-08",102.080001831055,102.339996337891,100.059997558594,101.360000610352,12892600,82.8021697998047
"2019-02-11",101.76000213623,102.01000213623,100.769996643066,100.879997253418,10978500,82.4100570678711
"2019-02-12",101.949996948242,102.919998168945,101.889999389648,102.599998474121,12852300,83.8151397705078
"2019-02-13",102.900001525879,103.849998474121,102.900001525879,103.089996337891,10754100,84.2154388427734
"2019-02-14",102.470001220703,103.099998474121,101.349998474121,102.419998168945,11518500,83.6681137084961
"2019-02-15",103.900001525879,105.699996948242,103.660003662109,105.550003051758,14716900,86.2250518798828
"2019-02-19",104.910003662109,105.370002746582,103.809997558594,105.180000305176,12764900,85.9227905273438
"2019-02-20",105.209999084473,105.800003051758,104.879997253418,105.690002441406,10030300,86.3394317626953
"2019-02-21",105.449996948242,105.98999786377,104.959999084473,105.470001220703,8400100,86.1596984863281
"2019-02-22",105.699996948242,106.089996337891,104.779998779297,105,10647300,85.7757339477539
"2019-02-25",105.75,107.269996643066,105.690002441406,106.099998474121,11230700,86.6743316650391
"2019-02-26",104.5,105.470001220703,103.940002441406,105.290000915527,15465400,86.0126266479492
"2019-02-27",105.180000305176,105.379997253418,104.51000213623,105.160003662109,9968800,85.9064636230469
"2019-02-28",105.01000213623,105.209999084473,104.180000305176,104.360000610352,15156900,85.2529296875
"2019-03-01",105.099998474121,105.910003662109,104.199996948242,104.430000305176,13813300,85.3101043701172
"2019-03-04",104.919998168945,105.919998168945,103.269996643066,104.190002441406,12466300,85.1140441894531
"2019-03-05",104.129997253418,104.550003051758,103.26000213623,104.110000610352,10856600,85.0486907958984
"2019-03-06",103.860000610352,104.569999694824,103.550003051758,103.720001220703,9070800,84.7300872802734
"2019-03-07",103.25,103.470001220703,102.160003662109,102.970001220703,12705700,84.1174087524414
"2019-03-08",101.98999786377,103.230003356934,101.98999786377,103.01000213623,10582400,84.1500930786133
"2019-03-11",103.980003356934,104.550003051758,103.660003662109,104.349998474121,9763200,85.2447280883789
"2019-03-12",104.589996337891,104.790000915527,103.75,104.040000915527,10219100,84.9915084838867
"2019-03-13",104.190002441406,104.980003356934,103.949996948242,104.389999389648,13022200,85.2774200439453
"2019-03-14",104.5,105.870002746582,104.459999084473,105.339996337891,10926500,86.0534973144531
"2019-03-15",105.410003662109,106.800003051758,105.230003356934,106.550003051758,24811700,87.0419311523438
"2019-03-18",106.550003051758,107.790000915527,106.5,107.190002441406,12935500,87.5647811889648
"2019-03-19",108.199996948242,108.400001525879,106.550003051758,106.800003051758,12889300,87.2461700439453
"2019-03-20",106.430000305176,106.650001525879,104.410003662109,104.519996643066,14920700,85.3836059570312
"2019-03-21",103.48999786377,103.48999786377,102.279998779297,102.870002746582,19751000,84.0357208251953
"2019-03-22",101.819999694824,102.319999694824,99.5199966430664,99.7600021362305,31115200,81.4951248168945
"2019-03-25",99.5899963378906,100.569999694824,98.0899963378906,98.9300003051758,21032300,80.8170700073242
"2019-03-26",99.8199996948242,100.400001525879,98.8199996948242,99.9199981689453,15987100,81.6258163452148
"2019-03-27",99.879997253418,100.449996948242,99.0800018310547,99.5800018310547,12753200,81.3480682373047
"2019-03-28",100,100.800003051758,99.7399978637695,100.709999084473,12454100,82.2711868286133
"2019-03-29",101.540000915527,101.98999786377,100.589996337891,101.230003356934,14523400,82.6959838867188
"2019-04-01",102.150001525879,104.680000305176,102.120002746582,104.639999389648,17499300,85.4816513061523
"2019-04-02",104.599998474121,105.440002441406,104.330001831055,105.139999389648,10295400,85.8901138305664
"2019-04-03",105.809997558594,106.360000610352,104.790000915527,105.349998474121,11499200,86.061653137207
"2019-04-04",104.550003051758,105.730003356934,104.449996948242,105.559997558594,11952100,86.8930587768555
"2019-04-05",105.800003051758,106.110000610352,104.98999786377,105.309997558594,9933700,86.6872634887695
"2019-04-08",105.110000610352,105.650001525879,104.910003662109,105.650001525879,8056300,86.9671325683594
"2019-04-09",105.080001831055,105.199996948242,104.25,104.870002746582,9092200,86.3250503540039
"2019-04-10",105.129997253418,105.720001220703,104.470001220703,105.339996337891,10882300,86.7119674682617
"2019-04-11",105.709999084473,106.730003356934,105.559997558594,106.230003356934,11183800,87.4445571899414
"2019-04-12",109.440002441406,111.849998474121,108.879997253418,111.209999084473,25834100,91.5439147949219
"2019-04-15",110.919998168945,111,109.120002746582,109.940002441406,15163800,90.4985046386719
"2019-04-16",109.900001525879,111.389999389648,109.860000610352,111.099998474121,11583200,91.4533843994141
"2019-04-17",111.699996948242,114.660003662109,111.01000213623,114.300003051758,17791900,94.0874862670898
"2019-04-18",114.529998779297,114.949996948242,113.330001831055,113.459999084473,12501900,93.3960494995117
"2019-04-22",112.830001831055,113.930000305176,112.660003662109,113.599998474121,7975900,93.5112838745117
"2019-04-23",113,114.370002746582,112.849998474121,113.73999786377,9193100,93.6265258789062
"2019-04-24",113.26000213623,114.150001525879,112.809997558594,113.550003051758,9245700,93.4701385498047
"2019-04-25",113.01000213623,114.150001525879,112.5,113.610000610352,9311800,93.5195159912109
"2019-04-26",113.949996948242,114.580001831055,113.599998474121,114.470001220703,7889300,94.227424621582
"2019-04-29",114.599998474121,117.160003662109,114.449996948242,116.120002746582,14242200,95.5856552124023
"2019-04-30",116.430000305176,116.720001220703,115.26000213623,116.050003051758,11389100,95.5280456542969
"2019-05-01",115.720001220703,117,115.110000610352,115.160003662109,10412900,94.79541015625
"2019-05-02",115.169998168945,115.779998779297,114.580001831055,115.410003662109,8613300,95.0012130737305
"2019-05-03",116,116.680000305176,115.669998168945,116.120002746582,8185400,95.5856552124023
"2019-05-06",114.180000305176,115.470001220703,113.720001220703,115.089996337891,9387000,94.7378005981445
"2019-05-07",114.029998779297,114.029998779297,112.290000915527,113.209999084473,15017700,93.1902313232422
"2019-05-08",112.660003662109,113.669998168945,112.459999084473,112.610000610352,9575800,92.6963500976562
"2019-05-09",111.139999389648,112.73999786377,110.580001831055,112.519996643066,12205900,92.6222686767578
"2019-05-10",111.75,112.839996337891,110.540000915527,112.51000213623,13189000,92.6140365600586
"2019-05-13",110.080001831055,110.449996948242,108.980003356934,109.449996948242,13783700,90.0951461791992
"2019-05-14",109.550003051758,111.720001220703,109.5,110.319999694824,10503600,90.8113174438477
"2019-05-15",109.209999084473,110.900001525879,108.610000610352,109.900001525879,10142000,90.4655685424805
"2019-05-16",110.620002746582,112.169998168945,110.589996337891,111.309997558594,9672700,91.6262359619141
"2019-05-17",110,111.75,109.830001831055,110.769996643066,9570100,91.1817321777344
"2019-05-20",110.580001831055,111.809997558594,110.370002746582,111.349998474121,8518200,91.6591415405273
"2019-05-21",111.440002441406,111.919998168945,111.220001220703,111.730003356934,7967900,91.9719772338867
"2019-05-22",111.400001525879,111.790000915527,110.75,110.819999694824,7918900,91.2228775024414
"2019-05-23",109.639999389648,109.790000915527,107.5,108.639999389648,14558000,89.4283981323242
"2019-05-24",109.519996643066,109.959999084473,109.190002441406,109.709999084473,8537300,90.309196472168
"2019-05-28",109.199996948242,109.830001831055,108.440002441406,108.519996643066,11665500,89.3296432495117
"2019-05-29",107.449996948242,108.400001525879,107.059997558594,108.220001220703,9966400,89.0826644897461
"2019-05-30",108.650001525879,109.180000305176,106.540000915527,107.059997558594,10367800,88.1278076171875
"2019-05-31",105.559997558594,106.589996337891,104.839996337891,105.959999084473,10952800,87.2223129272461
"2019-06-03",105.800003051758,106.860000610352,105.300003051758,106.459999084473,11680700,87.6338958740234
"2019-06-04",107.849998474121,109.900001525879,107.129997253418,109.73999786377,12858600,90.3338775634766
"2019-06-05",109.860000610352,110.379997253418,108.639999389648,110.129997253418,8340500,90.6549072265625
"2019-06-06",110.150001525879,110.870002746582,108.930000305176,110.370002746582,8726700,90.8524856567383
"2019-06-07",109.699996948242,110.019996643066,108.959999084473,109.160003662109,10618900,89.8564300537109
"2019-06-10",110.75,111.209999084473,110.220001220703,110.339996337891,11380600,90.827766418457
"2019-06-11",110.819999694824,111.569999694824,110.370002746582,110.680000305176,9847700,91.1076354980469
"2019-06-12",110.699996948242,110.900001525879,108.889999389648,109.269996643066,9670500,89.9469909667969
"2019-06-13",109.459999084473,110.160003662109,109.050003051758,109.540000915527,8406900,90.1692504882812
"2019-06-14",109.569999694824,110.300003051758,108.629997253418,109.819999694824,9077400,90.3997116088867
"2019-06-17",109.699996948242,110.370002746582,109.059997558594,109.220001220703,8128600,89.9058456420898
"2019-06-18",109.01000213623,111.410003662109,108.980003356934,110.709999084473,11057300,91.1323394775391
"2019-06-19",110.819999694824,111.589996337891,109.699996948242,109.910003662109,13126500,90.4738235473633
"2019-06-20",110.879997253418,111.089996337891,109.029998779297,110.190002441406,13638000,90.7042770385742
"2019-06-21",110.190002441406,111.669998168945,109.089996337891,109.440002441406,27089500,90.0869293212891
"2019-06-24",109.279998779297,109.769996643066,108.540000915527,108.660003662109,13039600,89.4448623657227
"2019-06-25",108.680000305176,108.980003356934,107.669998168945,107.76000213623,18660100,88.7040252685547
"2019-06-26",108.300003051758,109.309997558594,108.160003662109,108.480003356934,10324600,89.2966918945312
"2019-06-27",108.839996337891,109.550003051758,108.440002441406,108.839996337891,10906600,89.593017578125
"2019-06-28",111.040000915527,112.430000305176,110.900001525879,111.800003051758,21634700,92.0295867919922
"2019-07-01",113.230003356934,114.519996643066,113.080001831055,113.680000305176,12724500,93.5771560668945
"2019-07-02",113.51000213623,114.199996948242,113.220001220703,113.800003051758,10174900,93.6759033203125
"2019-07-03",113.339996337891,113.870002746582,112.26000213623,112.819999694824,6849400,93.5266799926758
"2019-07-05",113.51000213623,114.269996643066,112.919998168945,113.48999786377,7929400,94.0821151733398
"2019-07-08",112.959999084473,113.480003356934,112.5,112.870002746582,6917200,93.5681686401367
"2019-07-09",112.279998779297,113.48999786377,112.150001525879,113.349998474121,8947300,93.9660568237305
"2019-07-10",113.370002746582,113.830001831055,112.73999786377,113.019996643066,9242300,93.692497253418
"2019-07-11",113.370002746582,114.360000610352,113.120002746582,114.099998474121,11595200,94.5878143310547
"2019-07-12",114.129997253418,115.349998474121,113.930000305176,115.300003051758,10783400,95.5825881958008
"2019-07-15",115.540000915527,115.569999694824,113.529998779297,113.900001525879,12946600,94.421989440918
"2019-07-16",113.480003356934,115.5,112.919998168945,115.120002746582,16945000,95.4333648681641
"2019-07-17",114.430000305176,114.940002441406,113.730003356934,113.98999786377,13120900,94.4966201782227
"2019-07-18",113.930000305176,115.069999694824,113.550003051758,114.669998168945,9397200,95.0603332519531
"2019-07-19",114.889999389648,115.120002746582,113.400001525879,113.540000915527,10402800,94.1235733032227
"2019-07-22",112.910003662109,114.449996948242,112.769996643066,114.269996643066,9061100,94.7287216186523
"2019-07-23",114.879997253418,116.449996948242,114.819999694824,116.360000610352,12752200,96.4613418579102
"2019-07-24",115.580001831055,116.879997253418,115.519996643066,116.830001831055,10011000,96.850944519043
"2019-07-25",116.889999389648,117.23999786377,115.319999694824,115.709999084473,10138400,95.9224853515625
"2019-07-26",115.769996643066,116.51000213623,115.529998779297,116.220001220703,12800400,96.3452835083008
"2019-07-29",116.459999084473,117.180000305176,115.790000915527,115.849998474121,8500400,96.0385437011719
"2019-07-30",115.190002441406,116.080001831055,114.76000213623,115.589996337891,7121100,95.8230056762695
"2019-07-31",116.099998474121,116.180000305176,114.860000610352,116,13648000,96.1628875732422
"2019-08-01",115.330001831055,116.800003051758,112.599998474121,112.940002441406,15664500,93.6261749267578
"2019-08-02",112.400001525879,113.430000305176,111.400001525879,112.930000305176,11025500,93.6178817749023
"2019-08-05",110.790000915527,110.980003356934,108.269996643066,109.569999694824,15855300,90.8324661254883
"2019-08-06",110.050003051758,110.5,108.339996337891,110.430000305176,10203500,91.5453948974609
"2019-08-07",108,108.279998779297,105.940002441406,108.029998779297,17320900,89.5558319091797
"2019-08-08",109.050003051758,110.080001831055,108.720001220703,109.860000610352,10903300,91.0728912353516
"2019-08-09",109.349998474121,110.449996948242,108.290000915527,109.73999786377,9980800,90.9733963012695
"2019-08-12",108.440002441406,108.51000213623,107.209999084473,107.680000305176,9393700,89.2657012939453
"2019-08-13",107.949996948242,110.330001831055,107.029998779297,109.339996337891,12124700,90.6417999267578
"2019-08-14",106.300003051758,106.910003662109,104.449996948242,104.800003051758,19491800,86.8781967163086
"2019-08-15",104.819999694824,106.379997253418,104.339996337891,105.199996948242,13365600,87.2097930908203
"2019-08-16",106.370002746582,107.980003356934,105.870002746582,107.720001220703,11830600,89.2988433837891
"2019-08-19",109.629997253418,109.75,108.419998168945,108.690002441406,8265400,90.1029891967773
"2019-08-20",107.849998474121,108.440002441406,107.23999786377,107.309997558594,8374000,88.9589614868164
"2019-08-21",108.209999084473,108.430000305176,107.449996948242,107.610000610352,8189300,89.2076721191406
"2019-08-22",108.370002746582,109.269996643066,107.930000305176,108.720001220703,9343400,90.1278381347656
"2019-08-23",108,108.779998779297,105.110000610352,106.019996643066,14762300,87.8895645141602
"2019-08-26",106.620002746582,106.98999786377,106.01000213623,106.870002746582,8209500,88.5942230224609
"2019-08-27",107.349998474121,107.559997558594,104.839996337891,105.73999786377,14331800,87.6574325561523
"2019-08-28",105.080001831055,107.209999084473,105.040000915527,106.800003051758,10585500,88.5361785888672
"2019-08-29",108.139999389648,109.889999389648,108.019996643066,109.220001220703,10002200,90.5423431396484
"2019-08-30",109.839996337891,110.559997558594,109.470001220703,109.860000610352,10170300,91.0728912353516
"2019-09-03",108.980003356934,108.98999786377,107.319999694824,108.559997558594,9868800,89.9952011108398
"2019-09-04",109.449996948242,110.220001220703,108.559997558594,109.870002746582,6929200,91.081169128418
"2019-09-05",111.25,113.720001220703,111.199996948242,112.370002746582,13224700,93.1536560058594
"2019-09-06",112.660003662109,112.980003356934,111.959999084473,112.610000610352,7836600,93.3526077270508
"2019-09-09",113.709999084473,116.059997558594,113.599998474121,115.400001525879,13985100,95.6655120849609
"2019-09-10",116.300003051758,117.269996643066,115.730003356934,116.870002746582,14333100,96.8841094970703
"2019-09-11",116.889999389648,117.199996948242,115.379997253418,117.190002441406,9919200,97.1493835449219
"2019-09-12",116.550003051758,118.470001220703,115.919998168945,117.910003662109,12283500,97.7462539672852
"2019-09-13",119,120.400001525879,118.75,120.230003356934,16257200,99.6695175170898
"2019-09-16",118.900001525879,119.870002746582,118.379997253418,119.160003662109,11993900,98.7825164794922
"2019-09-17",118.419998168945,118.610000610352,117.23999786377,118.569999694824,10735400,98.2933883666992
"2019-09-18",118.319999694824,120.080001831055,117.75,119.76000213623,10665600,99.2798690795898
"2019-09-19",119.699996948242,120.339996337891,119.089996337891,119.379997253418,9382600,98.9648666381836
"2019-09-20",119.73999786377,120.339996337891,118.870002746582,118.900001525879,21862800,98.5669479370117
"2019-09-23",117.779998779297,119.120002746582,117.680000305176,118.879997253418,9135100,98.5503921508789
"2019-09-24",118.75,119.26000213623,117.040000915527,117.330001831055,11696500,97.2654190063477
"2019-09-25",117.269996643066,118.360000610352,117.120002746582,118,9389400,97.8208770751953
"2019-09-26",117.879997253418,118.050003051758,116.949996948242,117.029998779297,9899200,97.0167541503906
"2019-09-27",117.959999084473,118.639999389648,117.279998779297,117.720001220703,10207800,97.588752746582
"2019-09-30",118.360000610352,118.769996643066,117.220001220703,117.690002441406,9755000,97.5638885498047
"2019-10-01",118.400001525879,119,115.410003662109,115.550003051758,11250300,95.7898406982422
"2019-10-02",114.809997558594,114.900001525879,112.930000305176,113.25,12548700,93.8831634521484
"2019-10-03",112.269996643066,112.910003662109,110.519996643066,112.190002441406,12735200,93.7494735717773
"2019-10-04",112.339996337891,114.940002441406,112.269996643066,114.620002746582,9453100,95.7800369262695
"2019-10-07",114.190002441406,115.5,114.069999694824,114.370002746582,6771600,95.5711364746094
"2019-10-08",113.059997558594,113.059997558594,111.660003662109,111.819999694824,10806300,93.4402770996094
"2019-10-09",112.669998168945,113.160003662109,112.069999694824,112.629997253418,7273700,94.1171340942383
"2019-10-10",113.139999389648,115.400001525879,113,114.209999084473,10994100,95.4374313354492
"2019-10-11",116.029998779297,117.98999786377,115.870002746582,116.139999389648,15076500,97.0501937866211
"2019-10-14",115.849998474121,116.870002746582,115.660003662109,116.449996948242,8779000,97.3092575073242
"2019-10-15",118.849998474121,121.589996337891,117.870002746582,119.959999084473,23379000,100.242317199707
"2019-10-16",119.959999084473,120.620002746582,119.379997253418,119.680000305176,11087700,100.008338928223
"2019-10-17",120.75,121.569999694824,119.879997253418,120.349998474121,10818500,100.568214416504
"2019-10-18",120,121.019996643066,119.860000610352,120.559997558594,10417400,100.743713378906
"2019-10-21",122.050003051758,123.769996643066,121.98999786377,123.550003051758,12714600,103.242240905762
"2019-10-22",123.449996948242,125.099998474121,123.120002746582,124.790000915527,12549100,104.27840423584
"2019-10-23",124.199996948242,125.150001525879,124.169998168945,125.120002746582,8828300,104.554168701172
"2019-10-24",125.290000915527,125.660003662109,124.069999694824,125.029998779297,8020500,104.478958129883
"2019-10-25",125,126.650001525879,124.75,126.029998779297,9055700,105.31462097168
"2019-10-28",126.569999694824,127.209999084473,126.400001525879,126.51000213623,9522200,105.715698242188
"2019-10-29",126.059997558594,127.419998168945,125.940002441406,126.430000305176,9797300,105.648864746094
"2019-10-30",126.050003051758,126.26000213623,124.919998168945,125.730003356934,8513700,105.063919067383
"2019-10-31",125.48999786377,125.730003356934,123.860000610352,124.919998168945,11589100,104.387031555176
"2019-11-01",126.199996948242,127.98999786377,126.019996643066,127.800003051758,11682600,106.793670654297
"2019-11-04",129.080001831055,129.419998168945,128.559997558594,128.820007324219,9159900,107.64599609375
"2019-11-05",129.389999389648,130.300003051758,128.839996337891,129.100006103516,13747600,107.879981994629
"2019-11-06",128.690002441406,129.839996337891,128.580001831055,129.300003051758,11231100,108.047103881836
"2019-11-07",130.429992675781,131.289993286133,129.919998168945,130,13528900,108.632049560547
"2019-11-08",129.880004882812,130.399993896484,129.25,130.380004882812,9293400,108.949600219727
"2019-11-11",129.600006103516,130.100006103516,129.350006103516,129.919998168945,8679000,108.565185546875
"2019-11-12",129.630004882812,130.619995117188,129.009994506836,129.160003662109,9099000,107.930114746094
"2019-11-13",128.130004882812,128.820007324219,127.419998168945,128.479995727539,8023300,107.361885070801
"2019-11-14",127.720001220703,128.839996337891,127.589996337891,128.600006103516,8483400,107.46216583252
"2019-11-15",129.229995727539,129.529998779297,128.399993896484,129.529998779297,10163600,108.239326477051
"2019-11-18",129.559997558594,130.649993896484,128.990005493164,130.619995117188,8749300,109.15013885498
"2019-11-19",130.990005493164,131.25,130.179992675781,130.580001831055,8824500,109.116714477539
"2019-11-20",130.300003051758,130.619995117188,128.940002441406,129.630004882812,11782800,108.322853088379
"2019-11-21",130,130.720001220703,129.389999389648,129.929992675781,7705500,108.573570251465
"2019-11-22",130.149993896484,131.220001220703,130.100006103516,130.789993286133,8167900,109.292205810547
"2019-11-25",131.25,132.070007324219,130.869995117188,131.490005493164,10068500,109.877166748047
"2019-11-26",131.820007324219,131.820007324219,130.360000610352,131.669998168945,10490700,110.027549743652
"2019-11-27",132.289993286133,132.429992675781,131.649993896484,132.059997558594,6607900,110.353462219238
"2019-11-29",131.869995117188,132.410003662109,131.449996948242,131.759994506836,5712000,110.102760314941
"2019-12-02",132.309997558594,132.740005493164,131.350006103516,131.470001220703,8615600,109.860443115234
"2019-12-03",129.770004272461,129.960006713867,128.589996337891,129.779998779297,10361300,108.448204040527
"2019-12-04",130.380004882812,132.470001220703,129.990005493164,132.339996337891,10318200,110.587417602539
"2019-12-05",132.679992675781,133.309997558594,132.179992675781,133.059997558594,9587400,111.189086914062
"2019-12-06",134.690002441406,135.779998779297,134.649993896484,135.039993286133,10170600,112.843627929688
"2019-12-09",134.630004882812,135.460006713867,134.410003662109,134.410003662109,8498200,112.317184448242
"2019-12-10",133.25,134.770004272461,132.880004882812,134.5,7532900,112.392379760742
"2019-12-11",134.289993286133,135.020004272461,134.009994506836,134.179992675781,9011900,112.124992370605
"2019-12-12",134.490005493164,138.470001220703,134.210006713867,138.020004272461,13717400,115.33381652832
"2019-12-13",137.949996948242,138.830001831055,136.220001220703,136.809997558594,10592100,114.322723388672
"2019-12-16",138.380004882812,138.839996337891,137.320007324219,137.339996337891,11372000,114.765563964844
"2019-12-17",137.729995727539,138.669998168945,137.229995727539,138.179992675781,11546800,115.467506408691
"2019-12-18",138.149993896484,139.020004272461,137.720001220703,138.039993286133,10381500,115.350509643555
"2019-12-19",137.759994506836,138.220001220703,137.100006103516,137.350006103516,9350400,114.773963928223
"2019-12-20",138.020004272461,138.880004882812,136.899993896484,137.240005493164,29992600,114.682029724121
"2019-12-23",137.600006103516,137.910003662109,136.880004882812,137.199996948242,9738400,114.648597717285
"2019-12-24",137.330001831055,137.630004882812,137.059997558594,137.580001831055,3324300,114.966133117676
"2019-12-26",137.889999389648,139.100006103516,137.779998779297,139.039993286133,6770900,116.186149597168
"2019-12-27",139.300003051758,139.770004272461,138.669998168945,139.139999389648,7868200,116.269721984863
"2019-12-30",139.899993896484,140.080001831055,138.470001220703,138.630004882812,6963000,115.843551635742
"2019-12-31",138.509994506836,139.479995727539,138.289993286133,139.399993896484,7201600,116.486968994141
"2020-01-02",139.789993286133,141.100006103516,139.259994506836,141.089996337891,10803700,117.899169921875
"2020-01-03",137.5,139.229995727539,137.080001831055,138.339996337891,10386800,116.343322753906
"2020-01-06",136.559997558594,138.270004272461,136.5,138.229995727539,10259000,116.250854492188
"2020-01-07",137.279998779297,137.860000610352,135.820007324219,135.880004882812,10531300,114.274543762207
"2020-01-08",135.699996948242,137.580001831055,135.600006103516,136.940002441406,9695300,115.165962219238
"2020-01-09",138.050003051758,138.229995727539,137.039993286133,137.440002441406,9469000,115.586486816406
"2020-01-10",137.210006713867,137.25,135.809997558594,136.070007324219,10190900,114.434280395508
"2020-01-13",136.190002441406,137.199996948242,135.759994506836,137.199996948242,12355200,115.384620666504
"2020-01-14",137.940002441406,140.759994506836,137.690002441406,138.800003051758,24906000,116.73021697998
"2020-01-15",137.850006103516,138.600006103516,136.149993896484,136.720001220703,16293400,114.980964660645
"2020-01-16",137.449996948242,137.899993896484,136.839996337891,137.25,10783800,115.426696777344
"2020-01-17",137.539993286133,138.289993286133,137.320007324219,138.199996948242,14697700,116.225608825684
"2020-01-21",137.190002441406,138.070007324219,136.690002441406,136.839996337891,8474200,115.081840515137
"2020-01-22",137.240005493164,137.399993896484,136.380004882812,136.679992675781,7549100,114.947280883789
"2020-01-23",135.710006713867,136.740005493164,134.720001220703,136.539993286133,9345700,114.829566955566
"2020-01-24",136.369995117188,136.429992675781,132.320007324219,133.149993896484,15166400,111.978584289551
"2020-01-27",130.270004272461,132.940002441406,129.710006713867,132.029998779297,12860500,111.036674499512
"2020-01-28",132.839996337891,134.970001220703,132.479995727539,134.429992675781,13062800,113.055061340332
"2020-01-29",134.809997558594,135.539993286133,133.690002441406,134.229995727539,9326000,112.886863708496
"2020-01-30",132.690002441406,136.130004882812,132.690002441406,135.889999389648,9048900,114.282928466797
"2020-01-31",134.490005493164,134.830001831055,131.470001220703,132.360000610352,12785200,111.314208984375
"2020-02-03",132.660003662109,134.240005493164,132.660003662109,133.369995117188,10021100,112.163597106934
"2020-02-04",135.550003051758,136.600006103516,135.080001831055,135.289993286133,9157100,113.778312683105
"2020-02-05",136.570007324219,137.729995727539,136.009994506836,137.589996337891,10150700,115.712608337402
"2020-02-06",138.240005493164,138.289993286133,137.110000610352,137.610000610352,8992300,115.72940826416
"2020-02-07",136.729995727539,137.669998168945,136.300003051758,137.169998168945,6379800,115.359405517578
"2020-02-10",136.949996948242,137.850006103516,136.75,137.740005493164,5960700,115.83878326416
"2020-02-11",138.259994506836,138.820007324219,137.779998779297,138,6578600,116.057426452637
"2020-02-12",138.600006103516,139.289993286133,137.800003051758,138,7958000,116.057426452637
"2020-02-13",137.75,138.339996337891,136.399993896484,137.880004882812,7447500,115.956512451172
"2020-02-14",137.839996337891,138.190002441406,136.940002441406,137.460006713867,6627600,115.603309631348
"2020-02-18",137.339996337891,137.710006713867,135.050003051758,135.639999389648,8996400,114.072685241699
"2020-02-19",136.910003662109,138.389999389648,136.339996337891,137.490005493164,7071200,115.628524780273
"2020-02-20",137.169998168945,138.360000610352,136.529998779297,137.490005493164,7422800,115.628524780273
"2020-02-21",136.550003051758,136.919998168945,134.919998168945,135.809997558594,9772800,114.215599060059
"2020-02-24",131.440002441406,133.199996948242,130.800003051758,132.160003662109,13618400,111.146018981934
"2020-02-25",131,132.229995727539,125.589996337891,126.26000213623,20797200,106.184143066406
"2020-02-26",126.930000305176,128.949996948242,126.339996337891,126.639999389648,24825600,106.503707885742
"2020-02-27",122.910003662109,125.620002746582,121.300003051758,121.370002746582,23005500,102.071655273438
"2020-02-28",117.519996643066,118.48999786377,112.660003662109,116.110000610352,45931400,97.6480255126953
"2020-03-02",116.629997253418,121.580001831055,114.459999084473,121.519996643066,27355400,102.197799682617
"2020-03-03",120.970001220703,122.949996948242,116.23999786377,116.959999084473,32547700,98.3628768920898
"2020-03-04",118.330001831055,120.190002441406,114.699996948242,119.849998474121,25795900,100.793350219727
"2020-03-05",115.669998168945,116.430000305176,112.580001831055,113.970001220703,25025600,95.8482971191406
"2020-03-06",106.26000213623,110.319999694824,105.019996643066,108.080001831055,38159400,90.8948135375977
"2020-03-09",96.5699996948242,99.2300033569336,93,93.4400024414062,40352000,78.5826416015625
"2020-03-10",99,101.279998779297,94.5800018310547,100.699996948242,31102700,84.6882781982422
"2020-03-11",97.6999969482422,100.050003051758,94.5500030517578,95.9599990844727,38127000,80.7019805908203
"2020-03-12",89.5899963378906,96.9599990844727,86.3199996948242,88.0500030517578,49725200,74.0496826171875
"2020-03-13",95.9899978637695,103.98999786377,92,103.910003662109,38543300,87.3878631591797
"2020-03-16",85.1999969482422,93.9800033569336,84.5500030517578,88.3600006103516,38589700,74.3103942871094
"2020-03-17",90.8899993896484,97.4400024414062,87.5,93.7600021362305,35239800,78.8517837524414
"2020-03-18",87.6699981689453,90.7900009155273,80.3600006103516,83.8899993896484,41525600,70.5511245727539
"2020-03-19",81.5599975585938,88.1100006103516,76.9100036621094,85.3000030517578,32175100,71.736930847168
"2020-03-20",86.3000030517578,89.4599990844727,82.4800033569336,83.5,30150800,70.2231674194336
"2020-03-23",82.6800003051758,83.75,78.0899963378906,79.0299987792969,32536600,66.4638977050781
"2020-03-24",84.9000015258789,90.0999984741211,82.9000015258789,88.4300003051758,34363200,74.3692474365234
"2020-03-25",89.2399978637695,95.1500015258789,84.5400009155273,91.7300033569336,38111700,77.1445236206055
"2020-03-26",94.0800018310547,98.5699996948242,93.5400009155273,98.120002746582,29826300,82.5185241699219
"2020-03-27",93.1900024414062,94.8399963378906,90.5500030517578,91.129997253418,30041500,76.6399612426758
"2020-03-30",90.6500015258789,94.0899963378906,89.3000030517578,93.5,21656900,78.6330947875977
"2020-03-31",92.0500030517578,94.1699981689453,89.3399963378906,90.0299987792969,23379300,75.7148361206055
"2020-04-01",85.0999984741211,86.5599975585938,83.25,84.3600006103516,28029600,70.9463882446289
"2020-04-02",83.5100021362305,87.9100036621094,82.9599990844727,87.5100021362305,24018000,73.5955429077148
"2020-04-03",86,87.4800033569336,82.7699966430664,84.0500030517578,21199400,71.4202117919922
"2020-04-06",88.9899978637695,90.9899978637695,87.6999969482422,89.4599990844727,26820800,76.0172729492188
"2020-04-07",94.4499969482422,94.5,90.379997253418,90.6399993896484,22563800,77.0199966430664
"2020-04-08",92.0999984741211,94.8600006103516,90.5500030517578,94.3000030517578,22903300,80.1300048828125
"2020-04-09",96.9199981689453,104.389999389648,96.8899993896484,102.76000213623,42055900,87.3187713623047
"2020-04-13",103.110000610352,103.110000610352,97.3000030517578,98.1900024414062,26911900,83.4354782104492
"2020-04-14",101.019996643066,102,93.6399993896484,95.5,46151300,81.1496810913086
"2020-04-15",91.1500015258789,92.0299987792969,90.129997253418,90.7900009155273,30118600,77.1474456787109
"2020-04-16",90.2300033569336,90.5699996948242,87.0500030517578,87.3300018310547,32449600,74.2073516845703
"2020-04-17",92,95.6999969482422,90.9599990844727,95.1800003051758,30191900,80.8777694702148
"2020-04-20",92.4700012207031,94.7099990844727,90.4599990844727,91.7099990844727,23679400,77.9291763305664
"2020-04-21",88.620002746582,91.379997253418,88.3300018310547,89.0500030517578,23035000,75.6688919067383
"2020-04-22",90.6900024414062,91.870002746582,89.1800003051758,89.3399963378906,16662400,75.9153060913086
"2020-04-23",89.7399978637695,91.2799987792969,89.2600021362305,89.3899993896484,16638800,75.9578018188477
"2020-04-24",90.6399993896484,91.0999984741211,88.4899978637695,90.7099990844727,15809200,77.079460144043
"2020-04-27",91.9400024414062,95.629997253418,91.5400009155273,94.620002746582,22870200,80.4019317626953
"2020-04-28",97.8099975585938,98.3600006103516,95.0299987792969,95.2900009155273,20238900,80.9712600708008
"2020-04-29",99.0800018310547,99.4499969482422,97.2699966430664,97.8600006103516,20462600,83.1550521850586
"2020-04-30",95.5999984741211,96.8399963378906,94.5500030517578,95.7600021362305,19127600,81.3706130981445
"2020-05-01",93.5,93.7399978637695,91.8399963378906,93.25,18547700,79.23779296875
"2020-05-04",92.0199966430664,92.6699981689453,90.8000030517578,92.1399993896484,15725900,78.2945861816406
"2020-05-05",93.6500015258789,94.2099990844727,91.9000015258789,92,18064100,78.1755981445312
"2020-05-06",92.1600036621094,92.7600021362305,89.9300003051758,90.2699966430664,20978000,76.7055511474609
"2020-05-07",91.3399963378906,92.9100036621094,90.5800018310547,91.2099990844727,16771900,77.5043258666992
"2020-05-08",92.8000030517578,94.0800018310547,92.1100006103516,92.6999969482422,20487800,78.7704162597656
"2020-05-11",91.1100006103516,91.1100006103516,89.3300018310547,89.9700012207031,31907600,76.4506301879883
"2020-05-12",90.1500015258789,90.7900009155273,86.9000015258789,87.0299987792969,27962900,73.9524230957031
"2020-05-13",86.379997253418,86.8600006103516,83.4000015258789,84.0299987792969,35451600,71.4032211303711
"2020-05-14",82.7200012207031,88.1100006103516,82.4000015258789,87.5199966430664,35152500,74.3688049316406
"2020-05-15",86.8499984741211,87.2799987792969,85.3000030517578,85.9000015258789,26099000,72.9922332763672
"2020-05-18",88.6900024414062,91.1500015258789,87.879997253418,90.4499969482422,30504400,76.858512878418
"2020-05-19",90.0500030517578,91.1999969482422,88.5899963378906,88.6699981689453,19597300,75.3459854125977
"2020-05-20",90.7099990844727,92.3899993896484,90.370002746582,91.3300018310547,20552400,77.6063003540039
"2020-05-21",90.2699966430664,91.7600021362305,89.6699981689453,90.1699981689453,14621400,76.6205978393555
"2020-05-22",90.0100021362305,90.3600006103516,88.7200012207031,89.4700012207031,13557900,76.0257797241211
"2020-05-26",92.8899993896484,97.5,92.6100006103516,95.8199996948242,41233900,81.4215850830078
"2020-05-27",102.069999694824,102.580001831055,98.8000030517578,101.370002746582,39402000,86.1376571655273
"2020-05-28",102.940002441406,102.949996948242,99.4000015258789,99.8600006103516,24713900,84.8545455932617
"2020-05-29",98.6600036621094,99.1800003051758,96.7799987792969,97.3099975585938,26526400,82.6877059936523
"2020-06-01",97.75,99.5100021362305,97.379997253418,98.5999984741211,15176800,83.7838973999023
"2020-06-02",100.279998779297,100.419998168945,97.9300003051758,98.9300003051758,21195000,84.0642929077148
"2020-06-03",101.580001831055,104.919998168945,101.059997558594,104.269996643066,25941100,88.6018447875977
"2020-06-04",103.819999694824,106.610000610352,102.790000915527,106.440002441406,26784700,90.4457855224609
"2020-06-05",114.930000305176,115.769996643066,109.529998779297,111.230003356934,42231000,94.515998840332
"2020-06-08",113.410003662109,114.190002441406,111.940002441406,113.449996948242,24881800,96.4024047851562
"2020-06-09",110.650001525879,111.629997253418,109.01000213623,110.540000915527,17031100,93.9297027587891
"2020-06-10",110.459999084473,110.51000213623,105.849998474121,106.059997558594,24913300,90.1228790283203
"2020-06-11",100.029998779297,101.580001831055,96.5400009155273,97.2099990844727,36259200,82.6027374267578
"2020-06-12",100.709999084473,101.129997253418,97.3300018310547,99.870002746582,24856800,84.863037109375
"2020-06-15",96.4199981689453,101.430000305176,95.870002746582,101.25,22153600,86.0356674194336
"2020-06-16",105.370002746582,105.680000305176,99.3099975585938,102.059997558594,22193600,86.7239608764648
"2020-06-17",102.529998779297,102.540000915527,99.2099990844727,99.4800033569336,15639800,84.5316467285156
"2020-06-18",98.6699981689453,100.519996643066,98.129997253418,98.9400024414062,16591900,84.0727691650391
"2020-06-19",100.529998779297,100.599998474121,96.7300033569336,97.8099975585938,40371200,83.1125869750977
"2020-06-22",97.25,97.9499969482422,96.5400009155273,96.75,16216900,82.2118682861328
"2020-06-23",98.9700012207031,99.9700012207031,97.8499984741211,97.9300003051758,15381400,83.2145309448242
"2020-06-24",96.75,96.8399963378906,94.3099975585938,94.6600036621094,22919800,80.435905456543
"2020-06-25",94.3499984741211,98.2099990844727,94.2600021362305,97.9599990844727,25743600,83.2400054931641
"2020-06-26",95.1100006103516,95.370002746582,92,92.5899963378906,41896300,78.6769561767578
"2020-06-29",93.4000015258789,94.4899978637695,92.1800003051758,93,18499700,79.0253524780273
"2020-06-30",92.8300018310547,94.6600036621094,92.5699996948242,94.0599975585938,19137000,79.9260787963867
"2020-07-01",94.8899993896484,95.7099990844727,93.0299987792969,93.2600021362305,18755700,79.2462768554688
"2020-07-02",94.7399978637695,94.9599990844727,91.9300003051758,92.6600036621094,27845600,79.5036849975586
"2020-07-06",94.4300003051758,95.1999969482422,93.4800033569336,95,18625300,81.5114364624023
"2020-07-07",93.8199996948242,94.0999984741211,92,92.3199996948242,25757200,79.2119598388672
"2020-07-08",92.2900009155273,93.3399963378906,91.8000030517578,93.3000030517578,18762200,80.0528106689453
"2020-07-09",93.5199966430664,94.120002746582,90.7799987792969,91.2799987792969,25600800,78.3196258544922
"2020-07-10",92,96.8399963378906,91.870002746582,96.2699966430664,28954200,82.6011199951172
"2020-07-13",98.7300033569336,99.2699966430664,96.2300033569336,97.6500015258789,32079200,83.7851867675781
"2020-07-14",98.370002746582,99.9499969482422,96.6399993896484,98.2099990844727,42731700,84.2656784057617
"2020-07-15",100.889999389648,101.290000915527,98.6500015258789,99.7300033569336,22508400,85.5698547363281
"2020-07-16",98.7799987792969,101.220001220703,98.5500030517578,100.01000213623,16886900,85.8101043701172
"2020-07-17",100,100.080001831055,98.1399993896484,98.1600036621094,16137700,84.2227554321289
"2020-07-20",97.4300003051758,98.3899993896484,97.2600021362305,97.3000030517578,14458100,83.4848785400391
"2020-07-21",97.7099990844727,100.050003051758,97.6399993896484,99.4100036621094,17798100,85.2952728271484
"2020-07-22",99.6500015258789,100.129997253418,97.5299987792969,98.6900024414062,14271200,84.6775283813477
"2020-07-23",98.5,99.3499984741211,97.9700012207031,98.9800033569336,12870200,84.9263305664062
"2020-07-24",99.5999984741211,99.8000030517578,97.9400024414062,98.2799987792969,12744200,84.3257293701172
"2020-07-27",97.5100021362305,97.629997253418,96.1699981689453,96.9000015258789,11959100,83.1416702270508
"2020-07-28",96.5,97.8899993896484,96.5,97.3199996948242,11754300,83.5020370483398
"2020-07-29",97.0699996948242,99.7099990844727,97,99.6800003051758,12743500,85.5269470214844
"2020-07-30",97.5400009155273,97.7399978637695,96.0500030517578,97.0199966430664,14834800,83.2446365356445
"2020-07-31",96.4800033569336,96.9300003051758,95.25,96.6399993896484,14535000,82.9186019897461
"2020-08-03",97.0199966430664,97.5699996948242,95.8499984741211,96.0999984741211,12962800,82.4552536010742
"2020-08-04",95.9100036621094,95.9499969482422,95.0299987792969,95.5500030517578,13366200,81.9833297729492
"2020-08-05",95.870002746582,98.4700012207031,95.7200012207031,97.2099990844727,15260900,83.4076690673828
"2020-08-06",97.5800018310547,98.0999984741211,96.5400009155273,97.2399978637695,10482100,83.4334106445312
"2020-08-07",96.9300003051758,99.4899978637695,96.5599975585938,99.379997253418,14743700,85.2695541381836
"2020-08-10",100.110000610352,102.040000915527,100.029998779297,100.639999389648,14989900,86.3506622314453
"2020-08-11",103.860000610352,106.160003662109,103.51000213623,103.819999694824,31518600,89.0791397094727
"2020-08-12",106.160003662109,106.430000305176,101.709999084473,102.940002441406,19240800,88.324089050293
"2020-08-13",102,103.360000610352,101.639999389648,102.370002746582,13598600,87.8350143432617
"2020-08-14",101.5,103.309997558594,101.419998168945,102.410003662109,12134400,87.8693389892578
"2020-08-17",101.5,102,99.5299987792969,99.7099990844727,14988000,85.5526885986328
"2020-08-18",99.9100036621094,99.9100036621094,98.120002746582,98.3199996948242,13246500,84.3600540161133
"2020-08-19",98.9199981689453,100.589996337891,98.3399963378906,98.5500030517578,13533000,84.5573959350586
"2020-08-20",97.2600021362305,98.0299987792969,96.8000030517578,97.370002746582,13672600,83.5449447631836
"2020-08-21",97.2699966430664,98.5699996948242,96.9400024414062,97.3199996948242,12228300,83.5020370483398
"2020-08-24",98.4499969482422,100.209999084473,97.4199981689453,100.059997558594,17898300,85.8529968261719
"2020-08-25",101.269996643066,101.980003356934,99.8000030517578,100.5,13648900,86.2305145263672
"2020-08-26",99.9400024414062,100.269996643066,99.0500030517578,99.0899963378906,12052400,85.0207290649414
"2020-08-27",99,102.650001525879,99,102.349998474121,22163900,87.8178558349609
"2020-08-28",103.139999389648,103.25,101.809997558594,102.769996643066,13756700,88.1781997680664
"2020-08-31",102.120002746582,102.180000305176,100.019996643066,100.190002441406,14219400,85.9645538330078
"2020-09-01",99.5500030517578,100.870002746582,99.0400009155273,100.139999389648,11595600,85.9216461181641
"2020-09-02",99.9499969482422,101.940002441406,99.5599975585938,101.650001525879,14475700,87.2172470092773
"2020-09-03",103.319999694824,104.98999786377,100.639999389648,101.330001831055,23281200,86.9427032470703
"2020-09-04",104.050003051758,105.209999084473,101.370002746582,103.519996643066,26325500,88.8217391967773
"2020-09-08",102.980003356934,103.569999694824,99.4800033569336,99.9199981689453,22108600,85.7328720092773
"2020-09-09",100.800003051758,101.690002441406,99.5599975585938,100.870002746582,13434000,86.5479888916016
"2020-09-10",101.400001525879,102.419998168945,99.6399993896484,99.8300018310547,15922800,85.655647277832
"2020-09-11",99.9700012207031,101.360000610352,99.5899963378906,101.069999694824,13784300,86.7196044921875
"2020-09-14",101.51000213623,103.459999084473,101.370002746582,102.470001220703,19017400,87.9208068847656
"2020-09-15",102.730003356934,102.849998474121,99.1399993896484,99.2799987792969,23683000,85.1837387084961
"2020-09-16",99.4300003051758,101.129997253418,98.7600021362305,99.6999969482422,19270600,85.5441131591797
"2020-09-17",98.6999969482422,99.3399963378906,97.7099990844727,98.5599975585938,18290100,84.5659713745117
"2020-09-18",97.8899993896484,99.4899978637695,97.4400024414062,98.3499984741211,20121600,84.3857727050781
"2020-09-21",95.1999969482422,96.0500030517578,93.8199996948242,95.3099975585938,28378800,81.7774429321289
"2020-09-22",94.9599990844727,95.6600036621094,93.6699981689453,94.2699966430664,19257000,80.8851013183594
"2020-09-23",94.7799987792969,95.3499984741211,92.6600036621094,92.7399978637695,19952700,79.5723114013672
"2020-09-24",92.3199996948242,94.3000030517578,91.379997253418,92.6600036621094,18366500,79.5036849975586
"2020-09-25",92.0500030517578,93.7200012207031,91.870002746582,93.4700012207031,13293100,80.1986846923828
"2020-09-28",95.0599975585938,96.9300003051758,94.3499984741211,96.1600036621094,20894100,82.5067520141602
"2020-09-29",96.0299987792969,96.0299987792969,94.3300018310547,95.3499984741211,12848200,81.811767578125
"2020-09-30",95.3499984741211,97.1999969482422,95.2600021362305,96.2699966430664,16400600,82.6011199951172
"2020-10-01",97.120002746582,97.7699966430664,96.0299987792969,96.9700012207031,15778700,83.2017517089844
"2020-10-02",95.25,98.5899963378906,95.0899963378906,97.8899993896484,15149600,83.9911117553711
"2020-10-05",98.3199996948242,99.25,97.5299987792969,99.0400009155273,13871900,85.7663726806641
"2020-10-06",100.069999694824,100.860000610352,97.5100021362305,98.0199966430664,19220400,84.8830718994141
"2020-10-07",98.9599990844727,100.349998474121,98.6699981689453,99.7300033569336,16358500,86.3638763427734
"2020-10-08",100.51000213623,101.919998168945,99.9000015258789,101.779998779297,15659000,88.1391525268555
"2020-10-09",102,102.110000610352,100.110000610352,101.199996948242,13689100,87.6368713378906
"2020-10-12",101.099998474121,103,100.849998474121,102.440002441406,16058000,88.7107009887695
"2020-10-13",103,103.220001220703,100.26000213623,100.779998779297,21697300,87.2731475830078
"2020-10-14",101.029998779297,101.930000305176,100.099998474121,100.220001220703,15204100,86.7882080078125
"2020-10-15",99.0999984741211,101.779998779297,99.0400009155273,101.720001220703,17171200,88.0871658325195
"2020-10-16",101.410003662109,102.330001831055,100.720001220703,101.51000213623,13275000,87.9053344726562
"2020-10-19",101.599998474121,101.870002746582,99.5599975585938,99.8000030517578,11725700,86.4245223999023
"2020-10-20",100.309997558594,101.769996643066,100.120002746582,100.370002746582,11257100,86.9181289672852
"2020-10-21",100.360000610352,100.98999786377,99.3300018310547,99.370002746582,10730500,86.0521469116211
"2020-10-22",99.3199996948242,103.23999786377,99.3099975585938,102.879997253418,14837200,89.0917053222656
"2020-10-23",103.5,104.449996948242,102.930000305176,103.809997558594,15087600,89.8970794677734
"2020-10-26",102.650001525879,102.699996948242,100.25,101.23999786377,12410700,87.6715087890625
"2020-10-27",100.51000213623,100.919998168945,99.1600036621094,99.3300018310547,10391700,86.0174865722656
"2020-10-28",97.5,98.3000030517578,96.0699996948242,96.5400009155273,16389500,83.6014251708984
"2020-10-29",96.120002746582,97.9800033569336,95.2399978637695,97.1699981689453,14208800,84.1469650268555
"2020-10-30",97.9100036621094,98.4199981689453,96.2300033569336,98.0400009155273,15194500,84.9003829956055
"2020-11-02",99.3899993896484,100.879997253418,97.8600006103516,100.25,15011600,86.8141860961914
"2020-11-03",103.019996643066,104.73999786377,102.690002441406,103.410003662109,17482600,89.5506820678711
"2020-11-04",101,102.069999694824,98.9300003051758,100.25,18886500,86.8141860961914
"2020-11-05",101.059997558594,105.099998474121,101,104.349998474121,17837400,90.3646774291992
"2020-11-06",105.029998779297,105.099998474121,102.389999389648,102.959999084473,12552800,89.1609954833984
"2020-11-09",113.160003662109,118.900001525879,110.349998474121,116.900001525879,47792400,101.232711791992
"2020-11-10",117.349998474121,117.449996948242,114.690002441406,116.519996643066,20539300,100.903633117676
"2020-11-11",116.889999389648,116.959999084473,113.959999084473,114.779998779297,14443400,99.3968505859375
"2020-11-12",112.529998779297,113.959999084473,112.059997558594,113.370002746582,22063000,98.1758117675781
"2020-11-13",114.699996948242,114.860000610352,113.569999694824,114.080001831055,11847900,98.790657043457
"2020-11-16",117.790000915527,118.610000610352,115.730003356934,117.300003051758,19858600,101.579109191895
"2020-11-17",115.389999389648,116.440002441406,114.580001831055,116.110000610352,14553200,100.548606872559
"2020-11-18",117.339996337891,118.610000610352,115.199996948242,115.25,12571200,99.8038482666016
"2020-11-19",114.180000305176,115.819999694824,113.559997558594,115.559997558594,10202500,100.072311401367
"2020-11-20",114.430000305176,115.650001525879,114.089996337891,114.569999694824,12718900,99.2149963378906
"2020-11-23",116.050003051758,118.169998168945,115.569999694824,117.870002746582,13209200,102.072715759277
"2020-11-24",120.069999694824,123.5,119.709999084473,123.319999694824,20121600,106.792266845703
"2020-11-25",121.370002746582,122.379997253418,120.470001220703,122.029998779297,11715600,105.675178527832
"2020-11-27",122,122.349998474121,121.080001831055,121.220001220703,5983600,104.97371673584
"2020-11-30",120,120.720001220703,117.769996643066,117.879997253418,14411800,102.081382751465
"2020-12-01",120.339996337891,121.580001831055,119.629997253418,119.73999786377,12668900,103.69206237793
"2020-12-02",119.699996948242,122.309997558594,119.269996643066,122.040000915527,10811300,105.683822631836
"2020-12-03",121.849998474121,121.889999389648,120.360000610352,121.23999786377,12904400,104.991050720215
"2020-12-04",122.480003356934,123.290000915527,121.690002441406,122.339996337891,13583700,105.943618774414
"2020-12-07",121.150001525879,122.169998168945,120.209999084473,121.879997253418,9724300,105.545272827148
"2020-12-08",121.040000915527,122.330001831055,120.76000213623,122,9592100,105.649192810059
"2020-12-09",123.169998168945,123.300003051758,120.440002441406,121.050003051758,13073900,104.826530456543
"2020-12-10",119.98999786377,120.779998779297,119.559997558594,120.269996643066,13668400,104.151077270508
"2020-12-11",118.940002441406,120.019996643066,118.370002746582,119.559997558594,9981600,103.536231994629
"2020-12-14",121.339996337891,121.419998168945,118.110000610352,118.300003051758,12112400,102.445091247559
"2020-12-15",119.290000915527,120.900001525879,118.620002746582,120.319999694824,12590200,104.194351196289
"2020-12-16",120.300003051758,121.080001831055,119.860000610352,120.669998168945,11169400,104.497459411621
"2020-12-17",121.26000213623,121.449996948242,119.580001831055,119.669998168945,11618000,103.631469726562
"2020-12-18",119.139999389648,119.879997253418,118.269996643066,119.080001831055,28954800,103.120536804199
"2020-12-21",123.169998168945,125,121.089996337891,123.550003051758,28323600,106.991455078125
"2020-12-22",123.389999389648,123.519996643066,121.610000610352,121.669998168945,11788200,105.363418579102
"2020-12-23",122.779998779297,126.519996643066,122.349998474121,125.069999694824,14973200,108.307731628418
"2020-12-24",125.089996337891,125.550003051758,123.569999694824,124.519996643066,4164900,107.831428527832
"2020-12-28",125.819999694824,126.650001525879,124.790000915527,125.339996337891,8072600,108.541549682617
"2020-12-29",126.199996948242,126.279998779297,124.889999389648,125.01000213623,8389200,108.255790710449
"2020-12-30",125.48999786377,125.849998474121,124.900001525879,125.360000610352,7398000,108.558868408203
"2020-12-31",125.089996337891,127.330001831055,124.819999694824,127.069999694824,8580200,110.039695739746
"2021-01-04",127.5,127.860000610352,124.779998779297,125.870002746582,16819900,109.000518798828
"2021-01-05",124.98999786377,126.300003051758,123.769996643066,125.650001525879,13731200,109.593643188477
"2021-01-06",129.880004882812,132.770004272461,127.879997253418,131.550003051758,24909100,114.739707946777
"2021-01-07",135.690002441406,138.190002441406,134.919998168945,135.869995117188,21940400,118.507629394531
"2021-01-08",135.970001220703,136.350006103516,134.119995117188,136.020004272461,12035100,118.638473510742
"2021-01-11",134.580001831055,138.199996948242,134.110000610352,138.050003051758,15937900,120.409088134766
"2021-01-12",139.440002441406,141.660003662109,138.830001831055,140.220001220703,18033500,122.3017578125
"2021-01-13",138.589996337891,140.789993286133,138.100006103516,140.350006103516,14816800,122.415184020996
"2021-01-14",140.490005493164,142.75,140,141.169998168945,18565600,123.130393981934
"2021-01-15",137.429992675781,141.649993896484,137.009994506836,138.639999389648,27881000,120.923652648926
"2021-01-19",139.860000610352,140.699996948242,137.820007324219,138.039993286133,19843800,120.400329589844
"2021-01-20",137.820007324219,138.169998168945,135.440002441406,135.970001220703,16028800,118.594863891602
"2021-01-21",135.690002441406,136.160003662109,134.320007324219,134.830001831055,13411700,117.600547790527
"2021-01-22",132.690002441406,134.399993896484,132.199996948242,133.789993286133,12933200,116.693435668945
"2021-01-25",132.139999389648,133.169998168945,130.059997558594,132.119995117188,14212800,115.236839294434
"2021-01-26",132.75,133.169998168945,131.339996337891,131.580001831055,11307800,114.765853881836
"2021-01-27",129.589996337891,129.850006103516,127.349998474121,127.860000610352,17603900,111.521217346191
"2021-01-28",129.899993896484,132.169998168945,128.990005493164,130.110000610352,13761800,113.483711242676
"2021-01-29",131.190002441406,131.720001220703,128.190002441406,128.669998168945,14808100,112.227722167969
"2021-02-01",129.399993896484,130.070007324219,128.479995727539,129.619995117188,11080700,113.056312561035
"2021-02-02",131.940002441406,134.389999389648,131.220001220703,133.610000610352,12253600,116.53645324707
"2021-02-03",133.649993896484,135.759994506836,133.509994506836,135.139999389648,10600800,117.87092590332
"2021-02-04",135.470001220703,138.660003662109,135.470001220703,138.25,12419500,120.58349609375
"2021-02-05",139.389999389648,139.490005493164,137.380004882812,137.979995727539,10051300,120.348022460938
"2021-02-08",138.199996948242,140.300003051758,138.179992675781,140.139999389648,10136400,122.23201751709
"2021-02-09",139.429992675781,139.979995727539,138.539993286133,139.580001831055,8614800,121.74356842041
"2021-02-10",140,140.869995117188,139.039993286133,139.660003662109,10323200,121.813369750977
"2021-02-11",139.660003662109,140.550003051758,138.220001220703,139.270004272461,9201000,121.473190307617
"2021-02-12",139.050003051758,141.610000610352,139,141.25,8324600,123.200157165527
"2021-02-16",143.550003051758,145.320007324219,142.399993896484,144.649993896484,12130600,126.165687561035
"2021-02-17",143.949996948242,145.380004882812,143.119995117188,145.100006103516,10810100,126.558197021484
"2021-02-18",144,145.789993286133,143.399993896484,145.589996337891,10587800,126.985542297363
"2021-02-19",145.860000610352,148.839996337891,145.860000610352,148.020004272461,11969800,129.105041503906
"2021-02-22",146.869995117188,150.190002441406,146.789993286133,149.410003662109,11488400,130.317459106445
"2021-02-23",151.509994506836,152.309997558594,149.589996337891,150.610000610352,16234400,131.364120483398
"2021-02-24",150.110000610352,153.759994506836,150.110000610352,153.259994506836,15061400,133.675445556641
"2021-02-25",154.270004272461,154.899993896484,150.589996337891,151.179992675781,18127700,131.861236572266
"2021-02-26",150.300003051758,150.869995117188,146.509994506836,147.169998168945,19829200,128.363708496094
"2021-03-01",149.520004272461,151.380004882812,148.479995727539,150.5,14845500,131.268157958984
"2021-03-02",150.080001831055,151.779998779297,149.839996337891,150.009994506836,14221700,130.840728759766
"2021-03-03",151.229995727539,154.979995727539,150.820007324219,152.910003662109,14324100,133.370178222656
"2021-03-04",152.610000610352,154.380004882812,148.619995117188,150.559997558594,20093900,131.320495605469
"2021-03-05",153.220001220703,153.490005493164,147.970001220703,150.910003662109,18465100,131.625732421875
"2021-03-08",152.470001220703,155.460006713867,150.75,152.910003662109,17133300,133.370178222656
"2021-03-09",151.5,154.25,149.820007324219,151.830001831055,16238800,132.428161621094
"2021-03-10",151.910003662109,156.160003662109,151.509994506836,155.130004882812,14342200,135.30647277832
"2021-03-11",154.110000610352,156.149993896484,153.360000610352,154.320007324219,11771500,134.600021362305
"2021-03-12",156.860000610352,157.630004882812,155.070007324219,156.149993896484,12849500,136.196166992188
"2021-03-15",156.350006103516,156.919998168945,153.960006713867,155.369995117188,12101100,135.51579284668
"2021-03-16",154.089996337891,154.600006103516,152.190002441406,153.509994506836,12805600,133.893508911133
"2021-03-17",155.339996337891,156.880004882812,153.050003051758,155.089996337891,13952400,135.271591186523
"2021-03-18",157.600006103516,161.690002441406,157.110000610352,157.649993896484,21898500,137.504440307617
"2021-03-19",155.509994506836,155.940002441406,151.190002441406,155.139999389648,54418800,135.315170288086
"2021-03-22",152.800003051758,153.970001220703,150.610000610352,150.970001220703,19944800,131.678085327148
"2021-03-23",150.330001831055,152.119995117188,148.960006713867,149.460006713867,17076300,130.361053466797
"2021-03-24",150,153.179992675781,149.860000610352,150.619995117188,13079800,131.372787475586
"2021-03-25",150,152.970001220703,149.330001831055,152.550003051758,15608300,133.056182861328
"2021-03-26",154.300003051758,155.449996948242,152.550003051758,155.089996337891,16754400,135.271591186523
"2021-03-29",152.119995117188,153.729995727539,151.039993286133,152.679992675781,17570300,133.169586181641
"2021-03-30",154.460006713867,155.869995117188,153.880004882812,154.479995727539,13184300,134.739562988281
"2021-03-31",153.279998779297,154.490005493164,152.119995117188,152.229995727539,16736700,132.777069091797
"2021-04-01",151.899993896484,153.789993286133,151.550003051758,153.710006713867,16561500,134.067977905273
"2021-04-05",154.399993896484,154.940002441406,152.600006103516,153.619995117188,13508000,134.778594970703
"2021-04-06",152.789993286133,154.279998779297,151.860000610352,152.539993286133,13071600,133.8310546875
"2021-04-07",153.100006103516,155.229995727539,152.649993896484,154.929992675781,16903500,135.927917480469
"2021-04-08",154,155.509994506836,152.309997558594,155.119995117188,12335500,136.094650268555
"2021-04-09",155.809997558594,157.039993286133,154.970001220703,156.279998779297,12122400,137.112365722656
"2021-04-12",155.580001831055,157.25,155.570007324219,155.949996948242,12273400,136.822830200195
"2021-04-13",154.75,155.199996948242,152.429992675781,154.089996337891,16113600,135.190948486328
"2021-04-14",151.470001220703,153.830001831055,150.929992675781,151.210006713867,19939600,132.664184570312
"2021-04-15",151.25,152.199996948242,149.320007324219,152.169998168945,17694100,133.506469726562
"2021-04-16",153.869995117188,154.509994506836,152.690002441406,153.300003051758,13773400,134.497909545898
"2021-04-19",153.419998168945,153.880004882812,152.220001220703,152.649993896484,11900200,133.927536010742
"2021-04-20",151.740005493164,151.75,148.649993896484,149.270004272461,13716700,130.962127685547
"2021-04-21",147.789993286133,150.610000610352,146.789993286133,150.539993286133,12236700,132.076354980469
"2021-04-22",150.229995727539,150.300003051758,147.259994506836,147.369995117188,15256100,129.295181274414
"2021-04-23",147.179992675781,151.130004882812,146.690002441406,150.190002441406,14041900,131.769287109375
"2021-04-26",150.779998779297,152.460006713867,150.380004882812,150.559997558594,10799100,132.093887329102
"2021-04-27",150.5,151.570007324219,150.110000610352,151.25,12821200,132.699264526367
"2021-04-28",152.429992675781,152.889999389648,151.399993896484,152.229995727539,8943700,133.55908203125
"2021-04-29",153.539993286133,155.279998779297,153.199996948242,155.190002441406,12976900,136.156051635742
"2021-04-30",154.100006103516,154.490005493164,153.009994506836,153.809997558594,11705100,134.945297241211
"2021-05-03",154.850006103516,155.479995727539,153.130004882812,153.360000610352,11801100,134.550491333008
"2021-05-04",152.869995117188,155.639999389648,152.139999389648,155.479995727539,12977700,136.41047668457
"2021-05-05",156,158.279998779297,154.630004882812,157.520004272461,10506700,138.200286865234
"2021-05-06",158.070007324219,160.820007324219,157.160003662109,160.690002441406,13542400,140.981475830078
"2021-05-07",157.220001220703,161.5,157.020004272461,161.240005493164,14257800,141.464004516602
"2021-05-10",161.5,163.729995727539,161.119995117188,161.220001220703,14014300,141.446472167969
"2021-05-11",161.080001831055,162.389999389648,158.039993286133,158.539993286133,15451700,139.095138549805
"2021-05-12",159.610000610352,160.779998779297,157.029998779297,157.449996948242,14381700,138.138854980469
"2021-05-13",158.179992675781,162.449996948242,157.679992675781,161.5,15395000,141.692108154297
"2021-05-14",162.389999389648,164.449996948242,161.990005493164,164.009994506836,10584000,143.894226074219
"2021-05-17",163.369995117188,164.850006103516,163.029998779297,164.669998168945,9886800,144.473327636719
"2021-05-18",164.679992675781,165.5,162.240005493164,162.350006103516,11098100,142.437881469727
"2021-05-19",161,161.179992675781,158.639999389648,161.110000610352,13278900,141.349975585938
"2021-05-20",160.830001831055,161.860000610352,159.520004272461,160.830001831055,10426000,141.104278564453
"2021-05-21",161.339996337891,163.220001220703,160.940002441406,162.660003662109,10249000,142.709869384766
"2021-05-24",163.360000610352,164.229995727539,162.119995117188,163.539993286133,9440300,143.481903076172
"2021-05-25",163.850006103516,165.699996948242,161.559997558594,161.850006103516,12609100,141.99919128418
"2021-05-26",163.570007324219,163.740005493164,161.309997558594,161.830001831055,13058300,141.981643676758
"2021-05-27",163.949996948242,164.75,162.570007324219,164.350006103516,15707500,144.192611694336
"2021-05-28",164.679992675781,164.940002441406,163.259994506836,164.240005493164,10291300,144.096084594727
"2021-06-01",165.869995117188,166.910003662109,165.479995727539,166.050003051758,9445400,145.684066772461
"2021-06-02",167.259994506836,167.440002441406,165.529998779297,166.059997558594,10498600,145.692840576172
"2021-06-03",165.410003662109,167.25,164.660003662109,166.169998168945,13354400,145.789337158203
"2021-06-04",166.210006713867,166.669998168945,165.029998779297,166.440002441406,8510800,146.026214599609
"2021-06-07",167,167.100006103516,165.139999389648,165.660003662109,7267200,145.341888427734
"2021-06-08",164.490005493164,165.759994506836,163.160003662109,165,10370700,144.762847900391
"2021-06-09",164.139999389648,164.220001220703,162.279998779297,162.940002441406,12377400,142.955505371094
"2021-06-10",164.360000610352,165.240005493164,160.309997558594,160.399993896484,12119400,140.72705078125
"2021-06-11",160.429992675781,161.199996948242,159.059997558594,160.289993286133,13683800,140.630523681641
"2021-06-14",160.149993896484,160.330001831055,156.660003662109,157.570007324219,19917900,138.244140625
"2021-06-15",156.699996948242,156.919998168945,154.130004882812,155.179992675781,24485500,136.147232055664
"2021-06-16",154.729995727539,157.619995117188,153.110000610352,156.270004272461,25321200,137.103576660156
"2021-06-17",157.100006103516,157.460006713867,151.25,151.759994506836,29722400,133.146728515625
"2021-06-18",149.300003051758,149.699996948242,147.559997558594,147.919998168945,43595700,129.777694702148
"2021-06-21",149.080001831055,151.199996948242,149.020004272461,150.429992675781,18664800,131.979843139648
"2021-06-22",150.600006103516,150.970001220703,148.660003662109,150.210006713867,14251200,131.786819458008
"2021-06-23",150.199996948242,152.039993286133,150.089996337891,151.119995117188,12733300,132.585250854492
"2021-06-24",151.919998168945,153.119995117188,151.220001220703,152.509994506836,13733200,133.804748535156
"2021-06-25",152.589996337891,154.5,151.669998168945,154.050003051758,15484900,135.155853271484
"2021-06-28",153.699996948242,154.479995727539,152.119995117188,154.330001831055,14125800,135.401519775391
"2021-06-29",155,156.309997558594,153.610000610352,154.139999389648,14528700,135.234832763672
"2021-06-30",153.75,156.080001831055,153.710006713867,155.539993286133,12531000,136.463134765625
"2021-07-01",156.259994506836,157.139999389648,155.419998168945,157.080001831055,10479400,137.814254760742
"2021-07-02",155.949996948242,156.320007324219,155.119995117188,156.029998779297,11424000,137.681869506836
"2021-07-06",155.779998779297,155.779998779297,152.350006103516,153.410003662109,15083400,135.369934082031
"2021-07-07",152.009994506836,154.279998779297,151.550003051758,153.589996337891,12271800,135.52880859375
"2021-07-08",151.610000610352,152.529998779297,150.039993286133,150.940002441406,17834600,133.190399169922
"2021-07-09",153.050003051758,156.149993896484,152.580001831055,155.770004272461,13694500,137.452423095703
"2021-07-12",154.350006103516,159.160003662109,153.940002441406,158,19940400,139.420211791992
"2021-07-13",156.050003051758,157.389999389648,153.5,155.649993896484,22671700,137.346542358398
"2021-07-14",155.949996948242,157.279998779297,152.949996948242,155.119995117188,14622800,136.878875732422
"2021-07-15",153.899993896484,156.529998779297,153.699996948242,155.460006713867,11539300,137.178924560547
"2021-07-16",155.960006713867,156.279998779297,151.020004272461,151.910003662109,14002700,134.046325683594
"2021-07-19",148.550003051758,149.820007324219,145.710006713867,146.970001220703,22172900,129.687255859375
"2021-07-20",146.520004272461,151.119995117188,146.330001831055,149.710006713867,15385200,132.105056762695
"2021-07-21",152.050003051758,153.649993896484,151.360000610352,152.860000610352,12356700,134.884658813477
"2021-07-22",152.880004882812,153.440002441406,149.970001220703,150.929992675781,9913300,133.181610107422
"2021-07-23",151.479995727539,152.839996337891,150.25,150.639999389648,9666100,132.925689697266
"2021-07-26",150.190002441406,151.960006713867,150.169998168945,151.649993896484,8208000,133.816909790039
"2021-07-27",150.399993896484,152.490005493164,149.800003051758,151.449996948242,11218700,133.640441894531
"2021-07-28",152.289993286133,152.770004272461,150.880004882812,151.699996948242,9217300,133.860992431641
"2021-07-29",153.139999389648,153.869995117188,151.910003662109,153,9063500,135.008163452148
"2021-07-30",152.580001831055,153.669998168945,151.199996948242,151.779998779297,9805200,133.931640625
"2021-08-02",152.029998779297,154.449996948242,151.070007324219,151.169998168945,10203200,133.39338684082
"2021-08-03",151.949996948242,153.320007324219,149.520004272461,152.889999389648,10394800,134.911102294922
"2021-08-04",151.25,153.369995117188,150.910003662109,151.240005493164,10155000,133.455154418945
"2021-08-05",152.279998779297,153.690002441406,152.009994506836,153.149993896484,9151500,135.140518188477
"2021-08-06",155.190002441406,157.820007324219,155.110000610352,157.5,13328800,138.97900390625
"2021-08-09",157.520004272461,158.550003051758,155.899993896484,157.330001831055,9516900,138.829010009766
"2021-08-10",156.740005493164,159.979995727539,156.309997558594,159.259994506836,8667000,140.532028198242
"2021-08-11",160,161.5,159.080001831055,161.160003662109,9156500,142.208602905273
"2021-08-12",161.880004882812,162.369995117188,160.550003051758,161.789993286133,8844200,142.764511108398
"2021-08-13",161.789993286133,162.160003662109,159.570007324219,159.979995727539,8980900,141.167358398438
"2021-08-16",158.940002441406,159.029998779297,156.779998779297,158.929992675781,8755800,140.240859985352
"2021-08-17",157.570007324219,158.860000610352,155.270004272461,157.009994506836,9347200,138.546646118164
"2021-08-18",156.309997558594,158.009994506836,155.339996337891,155.580001831055,8065500,137.284790039062
"2021-08-19",153.160003662109,155.559997558594,153.009994506836,154.279998779297,9517700,136.137664794922
"2021-08-20",154.350006103516,154.899993896484,153.160003662109,154.720001220703,6974100,136.525909423828
"2021-08-23",155.330001831055,157.089996337891,155.240005493164,156.699996948242,7934600,138.273086547852
"2021-08-24",157,158.550003051758,156.869995117188,157.669998168945,7670900,139.128997802734
"2021-08-25",158.509994506836,161.779998779297,157.800003051758,160.919998168945,11335000,141.996826171875
"2021-08-26",162.259994506836,163.830001831055,161.149993896484,161.75,11027500,142.729248046875
"2021-08-27",161.75,163.160003662109,161.259994506836,163.050003051758,8780200,143.876358032227
"2021-08-30",163.210006713867,163.490005493164,159.880004882812,160.440002441406,7937600,141.573303222656
"2021-08-31",160.440002441406,161.369995117188,159.350006103516,159.949996948242,12340800,141.140884399414
"2021-09-01",160.220001220703,160.759994506836,158.970001220703,159.720001220703,8729900,140.937927246094
"2021-09-02",160.020004272461,161.610000610352,159.429992675781,160.460006713867,8813300,141.590957641602
"2021-09-03",160.389999389648,160.889999389648,159.149993896484,159.490005493164,7959700,140.734985351562
"2021-09-07",159.990005493164,161.380004882812,158.960006713867,159.210006713867,9285600,140.487915039062
"2021-09-08",158.889999389648,159.580001831055,158.039993286133,158.5,7852700,139.861404418945
"2021-09-09",158.270004272461,160.830001831055,158.080001831055,159.190002441406,7904300,140.470291137695
"2021-09-10",160.559997558594,160.720001220703,157.220001220703,157.360000610352,8311600,138.85546875
"2021-09-13",158.529998779297,160.050003051758,158.070007324219,159.860000610352,10052800,141.061477661133
"2021-09-14",160.449996948242,161.339996337891,156.259994506836,157.070007324219,11685600,138.599594116211
"2021-09-15",156.720001220703,158.690002441406,156.470001220703,158.160003662109,11691500,139.561401367188
"2021-09-16",159.410003662109,160.850006103516,157.220001220703,158.089996337891,10880900,139.499603271484
"2021-09-17",157.380004882812,159.009994506836,157,157.679992675781,25581600,139.137847900391
"2021-09-20",153.889999389648,154.559997558594,150.490005493164,152.960006713867,15819900,134.972885131836
"2021-09-21",153.529998779297,154.550003051758,152.580001831055,152.979995727539,8999900,134.990539550781
"2021-09-22",155.199996948242,157.25,155.100006103516,155.910003662109,11236200,137.576019287109
"2021-09-23",158,161.710006713867,157.669998168945,161.179992675781,12336100,142.22624206543
"2021-09-24",161.440002441406,163.589996337891,160.820007324219,163.039993286133,10102400,143.867523193359
"2021-09-27",165,167.399993896484,164.610000610352,166.979995727539,13220900,147.344253540039
"2021-09-28",167.699996948242,169.300003051758,165.660003662109,166.080001831055,13387900,146.550048828125
"2021-09-29",166.210006713867,166.899993896484,165.039993286133,165.949996948242,7777100,146.435363769531
"2021-09-30",166.919998168945,166.990005493164,162.789993286133,163.690002441406,13161200,144.441116333008
"2021-10-01",164,168.300003051758,163.600006103516,167.130004882812,11285000,147.476577758789
"2021-10-04",166.970001220703,170.440002441406,165.729995727539,166.949996948242,14120000,147.317764282227
"2021-10-05",167.210006713867,170.139999389648,166.669998168945,168.660003662109,12292900,149.723510742188
"2021-10-06",167.990005493164,169.100006103516,166,169.020004272461,8692600,150.043045043945
"2021-10-07",171.199996948242,171.509994506836,169.539993286133,170.089996337891,10195400,150.992904663086
"2021-10-08",170.020004272461,171.339996337891,169.300003051758,170.220001220703,8190100,151.108306884766
"2021-10-11",170.800003051758,171.289993286133,166.460006713867,166.639999389648,12154700,147.930282592773
"2021-10-12",165.75,166.690002441406,164.770004272461,165.360000610352,13032600,146.793991088867
"2021-10-13",164.070007324219,165.410003662109,160.600006103516,161,22753500,142.923522949219
"2021-10-14",161.75,164.009994506836,160.059997558594,163.470001220703,15176800,145.116180419922
"2021-10-15",165.350006103516,167.169998168945,164.139999389648,166.610000610352,14267400,147.90364074707
"2021-10-18",166.479995727539,168.610000610352,165.910003662109,166.550003051758,12672900,147.850387573242
"2021-10-19",167.399993896484,168.649993896484,166.580001831055,168.570007324219,8053900,149.643585205078
"2021-10-20",168.300003051758,170.869995117188,167.460006713867,170.839996337891,8185600,151.65869140625
"2021-10-21",170.759994506836,171.330001831055,168.679992675781,169.5,8415200,150.469177246094
"2021-10-22",170.029998779297,172.089996337891,169.699996948242,171.779998779297,8817900,152.4931640625
"2021-10-25",172.710006713867,172.960006713867,170.479995727539,170.940002441406,10159200,151.747451782227
"2021-10-26",171,172.490005493164,170.539993286133,171.399993896484,8015100,152.155838012695
"2021-10-27",170.320007324219,170.699996948242,167.339996337891,167.830001831055,9847000,148.986679077148
"2021-10-28",168.300003051758,170.509994506836,167.960006713867,170.360000610352,7212900,151.232635498047
"2021-10-29",171.179992675781,172.240005493164,169.389999389648,169.889999389648,8140100,150.815353393555
"2021-11-01",172.039993286133,172.330001831055,169.009994506836,169.800003051758,7435500,150.735473632812
"2021-11-02",169.800003051758,171.690002441406,168.919998168945,170.470001220703,7173800,151.330276489258
"2021-11-03",170.130004882812,171.130004882812,169.149993896484,170.529998779297,8402700,151.383499145508
"2021-11-04",170,170.199996948242,166.490005493164,168.289993286133,9574200,149.39501953125
"2021-11-05",168.899993896484,170.089996337891,167.410003662109,168.050003051758,7975600,149.18196105957
"2021-11-08",169.050003051758,170.919998168945,168.740005493164,169.059997558594,6413700,150.078552246094
"2021-11-09",167.350006103516,168.470001220703,166.600006103516,167.779998779297,7990300,148.942276000977
"2021-11-10",167.449996948242,168.949996948242,167.089996337891,167.619995117188,6999200,148.800277709961
"2021-11-11",167.520004272461,168.679992675781,166.899993896484,167.610000610352,5815300,148.791381835938
"2021-11-12",167.649993896484,167.740005493164,165.720001220703,166.860000610352,8113400,148.125564575195
"2021-11-15",167.210006713867,167.789993286133,166,166.559997558594,6492500,147.859283447266
"2021-11-16",167.059997558594,167.070007324219,165.119995117188,165.360000610352,9706100,146.793991088867
"2021-11-17",165.210006713867,165.559997558594,163.389999389648,164.470001220703,9909600,146.00390625
"2021-11-18",164.389999389648,164.850006103516,162.559997558594,163.050003051758,8122500,144.74333190918
"2021-11-19",161.300003051758,162.110000610352,159.449996948242,160.919998168945,12193600,142.8525390625
"2021-11-22",164.160003662109,165.979995727539,162.990005493164,164.350006103516,14549900,145.897399902344
"2021-11-23",165.5,168.559997558594,165.369995117188,168.279998779297,12354400,149.386154174805
"2021-11-24",168.460006713867,169.440002441406,166.440002441406,166.960006713867,9629800,148.21435546875
"2021-11-26",162.139999389648,162.649993896484,158.820007324219,161.929992675781,13619300,143.749130249023
"2021-11-29",163.309997558594,164.779998779297,159.820007324219,161.229995727539,12104400,143.127700805664
"2021-11-30",159.160003662109,160.630004882812,158.289993286133,158.830001831055,18922600,140.997131347656
"2021-12-01",161,163.270004272461,157.800003051758,157.889999389648,12253400,140.162704467773
"2021-12-02",159.830001831055,163.25,158.800003051758,161.210006713867,12969900,143.109954833984
"2021-12-03",161.5,161.830001831055,157.190002441406,158.289993286133,12681800,140.517776489258
"2021-12-06",161.009994506836,162.610000610352,159.460006713867,160.160003662109,11186500,142.177810668945
"2021-12-07",161.880004882812,163.389999389648,161.160003662109,162.570007324219,9851600,144.317230224609
"2021-12-08",162.660003662109,163.270004272461,160.169998168945,160.710006713867,11705700,142.666091918945
"2021-12-09",159.649993896484,160.929992675781,158.649993896484,160.460006713867,11189600,142.444152832031
"2021-12-10",161.320007324219,161.699996948242,159.130004882812,159.820007324219,10405400,141.875991821289
"2021-12-13",159.5,159.789993286133,157.279998779297,157.919998168945,12069000,140.189300537109
"2021-12-14",157.449996948242,160.889999389648,157.300003051758,159.130004882812,12563600,141.263458251953
"2021-12-15",159.850006103516,159.850006103516,157.350006103516,157.940002441406,14014200,140.207061767578
"2021-12-16",160.389999389648,161.820007324219,158.699996948242,160.410003662109,19542800,142.399795532227
"2021-12-17",159.320007324219,159.380004882812,155.179992675781,156.759994506836,28082000,139.159545898438
"2021-12-20",154.509994506836,154.699996948242,151.839996337891,153.940002441406,15148000,136.656173706055
"2021-12-21",155.410003662109,157.179992675781,155.089996337891,156.089996337891,11291300,138.564743041992
"2021-12-22",155.75,157.059997558594,155.240005493164,156.699996948242,7273000,139.10627746582
"2021-12-23",157.610000610352,159.119995117188,157.210006713867,157.259994506836,8055200,139.603393554688
"2021-12-27",157.600006103516,158.199996948242,156.339996337891,158.160003662109,6188100,140.402389526367
"2021-12-28",158.199996948242,160.149993896484,158.080001831055,158.639999389648,6342300,140.828460693359
"2021-12-29",158.850006103516,159.630004882812,158.149993896484,158.559997558594,6398900,140.757461547852
"2021-12-30",159.110000610352,160.240005493164,158.369995117188,158.479995727539,6948200,140.686416625977
"2021-12-31",158.449996948242,159.289993286133,157.960006713867,158.350006103516,5805900,140.571060180664
"2022-01-03",159.860000610352,162.639999389648,159.509994506836,161.699996948242,13120900,143.544937133789
"2022-01-04",164.309997558594,168.580001831055,164.229995727539,167.830001831055,20195800,148.986679077148
"2022-01-05",167.820007324219,168.360000610352,163.729995727539,163.779998779297,17539400,146.262847900391
"2022-01-06",166.910003662109,167.369995117188,163.869995117188,165.520004272461,14047500,147.816787719727
"2022-01-07",165.669998168945,167.529998779297,165.059997558594,167.160003662109,13913300,149.281341552734
"2022-01-10",169.070007324219,169.309997558594,165.529998779297,167.320007324219,12922500,149.424255371094
"2022-01-11",168.259994506836,168.520004272461,166.309997558594,167.490005493164,11854100,149.576095581055
"2022-01-12",168.460006713867,169.589996337891,167.179992675781,168.440002441406,12568000,150.42448425293
"2022-01-13",168.339996337891,169.809997558594,167.889999389648,168.229995727539,13623400,150.236938476562
"2022-01-14",160.759994506836,161.029998779297,156.899993896484,157.889999389648,40158400,141.002868652344
"2022-01-18",155.779998779297,155.779998779297,150.539993286133,151.270004272461,32324800,135.090911865234
"2022-01-19",151.570007324219,152.229995727539,148.550003051758,148.929992675781,22380000,133.00114440918
"2022-01-20",148.990005493164,150.610000610352,147.360000610352,147.660003662109,14860800,131.866989135742
"2022-01-21",147.5,147.509994506836,144.270004272461,145.080001831055,20705400,129.562942504883
"2022-01-24",142.279998779297,145.479995727539,139.570007324219,144.949996948242,28471400,129.446853637695
"2022-01-25",143.649993896484,146.850006103516,140.789993286133,146.529998779297,18915900,130.857864379883
"2022-01-26",148.720001220703,150.570007324219,145.960006713867,147.919998168945,20709100,132.099182128906
"2022-01-27",149.419998168945,150.380004882812,144.130004882812,145.309997558594,17536800,129.768325805664
"2022-01-28",144.190002441406,146.759994506836,142.169998168945,146.610000610352,14117000,130.929321289062
"2022-01-31",145.639999389648,148.789993286133,144.669998168945,148.600006103516,13985700,132.706481933594
"2022-02-01",148.690002441406,151.470001220703,148.300003051758,151.149993896484,14584900,134.98371887207
"2022-02-02",150.5,150.940002441406,148.070007324219,149.940002441406,12441100,133.903182983398
"2022-02-03",150,151.649993896484,148.289993286133,148.699996948242,12474900,132.795761108398
"2022-02-04",149.100006103516,153.5,148.770004272461,152.559997558594,16654400,136.242919921875
"2022-02-07",153.270004272461,153.619995117188,150.850006103516,153.070007324219,12572300,136.698394775391
"2022-02-08",155,158.479995727539,154.800003051758,155.949996948242,20411400,139.270324707031
"2022-02-09",156.589996337891,157.429992675781,155.820007324219,156.600006103516,9131100,139.850799560547
"2022-02-10",156.660003662109,159.029998779297,155.220001220703,155.949996948242,16455600,139.270324707031
"2022-02-11",155.610000610352,158.190002441406,152.970001220703,153.919998168945,16830000,137.457473754883
"2022-02-14",152.729995727539,153.679992675781,150.320007324219,152.490005493164,17026500,136.180404663086
"2022-02-15",154.509994506836,155.940002441406,153.850006103516,154.720001220703,9500000,138.171905517578
"2022-02-16",153.740005493164,156.100006103516,153.740005493164,155,9076500,138.421920776367
"2022-02-17",153,153.729995727539,150.669998168945,151.429992675781,11367500,135.233749389648
"2022-02-18",152.130004882812,154.139999389648,151.130004882812,152.139999389648,11733300,135.867874145508
"2022-02-22",150.600006103516,153.240005493164,150.410003662109,151.869995117188,11333500,135.626724243164
"2022-02-23",153.119995117188,153.300003051758,147.970001220703,148.690002441406,11799000,132.786834716797
"2022-02-24",142.940002441406,144.990005493164,139.779998779297,144.550003051758,25655100,129.089645385742
"2022-02-25",145.25,150.130004882812,144.910003662109,147.970001220703,18367700,132.143844604492
"2022-02-28",143.550003051758,145.059997558594,140.880004882812,141.800003051758,31315300,126.633758544922
"2022-03-01",140.039993286133,140.479995727539,133.580001831055,136.449996948242,36840400,121.85595703125
"2022-03-02",137.289993286133,140.039993286133,136.610000610352,139.279998779297,19405600,124.383285522461
"2022-03-03",139.839996337891,140.979995727539,137.059997558594,138.289993286133,16640800,123.499130249023
"2022-03-04",134.940002441406,135.419998168945,132.399993896484,134.399993896484,21016000,120.025230407715
"2022-03-07",132.169998168945,132.690002441406,128.949996948242,129.210006713867,27560100,115.390327453613
"2022-03-08",129.639999389648,131.789993286133,127.269996643066,128.300003051758,19207800,114.577651977539
"2022-03-09",132.899993896484,135.240005493164,132.440002441406,133.440002441406,17536200,119.16788482666
"2022-03-10",131.860000610352,133.449996948242,130.320007324219,131.860000610352,15604200,117.756896972656
"2022-03-11",132.490005493164,134.080001831055,128.419998168945,128.889999389648,20061800,115.104553222656
"2022-03-14",129.460006713867,132.919998168945,129.229995727539,130.169998168945,15786900,116.24764251709
"2022-03-15",131.800003051758,133.550003051758,131.130004882812,132.479995727539,15096600,118.310592651367
"2022-03-16",134.869995117188,138.490005493164,134.429992675781,138.399993896484,20354900,123.597396850586
"2022-03-17",136.860000610352,140.190002441406,135.919998168945,140.149993896484,17050500,125.16024017334
"2022-03-18",140.190002441406,140.850006103516,138.460006713867,140.100006103516,23656500,125.115585327148
"2022-03-21",140.350006103516,140.759994506836,138.729995727539,139.649993896484,12676100,124.71369934082
"2022-03-22",142.270004272461,143.929992675781,141.720001220703,142.619995117188,13548600,127.366058349609
"2022-03-23",140.979995727539,141.589996337891,139.199996948242,139.779998779297,12093200,124.829788208008
"2022-03-24",140.300003051758,140.710006713867,139.110000610352,140.690002441406,10017600,125.642448425293
"2022-03-25",141.089996337891,143.179992675781,140.800003051758,141.919998168945,8383500,126.74095916748
"2022-03-28",140,140.970001220703,137.899993896484,140.869995117188,10818100,125.803207397461
"2022-03-29",143.350006103516,143.600006103516,140.240005493164,141.179992675781,11316500,126.080032348633
"2022-03-30",141.899993896484,142.119995117188,139.910003662109,140.539993286133,8771000,125.508529663086
"2022-03-31",139.830001831055,140.350006103516,136.259994506836,136.320007324219,17353900,121.739860534668
"2022-04-01",137.399993896484,137.410003662109,133.800003051758,135.309997558594,15721300,120.837867736816
"2022-04-04",134.119995117188,136.940002441406,132.889999389648,135.910003662109,17416400,121.373710632324
"2022-04-05",134.070007324219,135.399993896484,133.009994506836,133.339996337891,12110300,119.96125793457
"2022-04-06",131.580001831055,132.559997558594,130.960006713867,131.490005493164,12914700,118.296882629395
"2022-04-07",130.949996948242,131.919998168945,128.729995727539,131.089996337891,12994200,117.936988830566
"2022-04-08",131.669998168945,133.899993896484,131.490005493164,133.490005493164,13126900,120.096206665039
"2022-04-11",133,134.899993896484,132.570007324219,133,10466400,119.655364990234
"2022-04-12",132.139999389648,134.580001831055,130.699996948242,131.539993286133,12989900,118.341865539551
"2022-04-13",126.940002441406,129.25,126.01000213623,127.300003051758,30838000,114.527290344238
"2022-04-14",126.5,128.300003051758,125.019996643066,126.120002746582,18835200,113.465675354004
"2022-04-18",125.669998168945,129.240005493164,125.540000915527,128.460006713867,11834400,115.570899963379
"2022-04-19",128.449996948242,131.320007324219,128.229995727539,131.119995117188,15015400,117.963966369629
"2022-04-20",132.520004272461,133.509994506836,131.339996337891,131.580001831055,13430200,118.377853393555
"2022-04-21",132.220001220703,132.809997558594,129.960006713867,130.559997558594,12174200,117.46019744873
"2022-04-22",130.279998779297,130.520004272461,126.690002441406,126.809997558594,14318800,114.086448669434
"2022-04-25",126.01000213623,127.120002746582,123.110000610352,126.769996643066,17149000,114.05046081543
"2022-04-26",124.639999389648,126.410003662109,122.870002746582,123.019996643066,17209500,110.676696777344
"2022-04-27",122.330001831055,123.559997558594,121.220001220703,121.419998168945,17215200,109.237258911133
"2022-04-28",122.809997558594,123.650001525879,121.139999389648,123.339996337891,13015600,110.96459197998
"2022-04-29",123.050003051758,123.610000610352,118.900001525879,119.360000610352,14874800,107.383949279785
"2022-05-02",119.879997253418,120.709999084473,118.220001220703,120.449996948242,18545000,108.36457824707
"2022-05-03",121.529998779297,124.169998168945,120.779998779297,123.029998779297,15720900,110.685707092285
"2022-05-04",122.800003051758,127.400001525879,122.73999786377,127.099998474121,17128500,114.347343444824
"2022-05-05",125.25,126.099998474121,122.160003662109,123.919998168945,15055400,111.48641204834
"2022-05-06",123.800003051758,124.290000915527,121.180000305176,123.720001220703,14417900,111.306488037109
"2022-05-09",122.110000610352,123.330001831055,120.5,121.860000610352,14312300,109.633102416992
"2022-05-10",123.110000610352,123.779998779297,117.559997558594,118.889999389648,16382400,106.96110534668
"2022-05-11",119.300003051758,122.889999389648,117.940002441406,118.139999389648,14630300,106.286354064941
"2022-05-12",117,118.319999694824,115.370002746582,118.040000915527,16318800,106.196380615234
"2022-05-13",119.410003662109,120.25,117.959999084473,119.089996337891,10443200,107.14102935791
"2022-05-16",118.540000915527,119.459999084473,117.230003356934,118.26000213623,10269000,106.394309997559
"2022-05-17",121.040000915527,122.970001220703,120.809997558594,122.180000305176,11160200,109.921012878418
"2022-05-18",121.300003051758,121.970001220703,119.529998779297,120.089996337891,12664900,108.040687561035
"2022-05-19",118.190002441406,119.650001525879,117.629997253418,118.309997558594,12765800,106.439292907715
"2022-05-20",119.459999084473,119.669998168945,115.019996643066,117.339996337891,13150100,105.566627502441
"2022-05-23",120.459999084473,126.569999694824,120.449996948242,124.599998474121,24376700,112.098190307617
"2022-05-24",124.360000610352,127.48999786377,123.110000610352,126.360000610352,19324900,113.681602478027
"2022-05-25",126.279998779297,127.860000610352,125.169998168945,127.23999786377,12780400,114.473297119141
"2022-05-26",128.369995117188,130.190002441406,128.210006713867,129.440002441406,15990900,116.452575683594
"2022-05-27",130.160003662109,131.270004272461,129.139999389648,131.270004272461,11177800,118.098960876465
"2022-05-31",130.179992675781,133.149993896484,129.710006713867,132.229995727539,17015000,118.962600708008
"2022-06-01",132.869995117188,132.869995117188,128.669998168945,129.910003662109,10768000,116.875396728516
"2022-06-02",129.899993896484,132.009994506836,128.669998168945,132,8374800,118.75569152832
"2022-06-03",131.210006713867,131.770004272461,129.990005493164,130.160003662109,8596000,117.10033416748
"2022-06-06",131.089996337891,132.389999389648,129.460006713867,129.729995727539,11323500,116.71346282959
"2022-06-07",128.830001831055,130.320007324219,128.619995117188,130.070007324219,6722200,117.019355773926
"2022-06-08",129,129.449996948242,126.900001525879,128,8422100,115.15705871582
"2022-06-09",127.370002746582,128.100006103516,125.269996643066,125.309997558594,13560100,112.736938476562
"2022-06-10",122.589996337891,123.400001525879,119.319999694824,119.550003051758,12945200,107.554878234863
"2022-06-13",116.860000610352,117.949996948242,115.059997558594,115.98999786377,16805600,104.352073669434
"2022-06-14",115.550003051758,117.319999694824,113.220001220703,114.059997558594,13357900,102.61572265625
"2022-06-15",115.620002746582,116.949996948242,113.169998168945,115.410003662109,14083500,103.830284118652
"2022-06-16",113.860000610352,114.26000213623,111.870002746582,113.430000305176,16724900,102.048934936523
"2022-06-17",113.540000915527,114.629997253418,112.160003662109,113.029998779297,30919900,101.689079284668
"2022-06-21",115.870002746582,117.029998779297,115.040000915527,115.830001831055,11680500,104.208114624023
"2022-06-22",114.879997253418,116.199996948242,114.389999389648,115.180000305176,9842700,103.623344421387
"2022-06-23",115.01000213623,115.180000305176,111.480003356934,113.919998168945,11851500,102.489768981934
"2022-06-24",113.230003356934,117.819999694824,112.830001831055,117.319999694824,14841100,105.548629760742
"2022-06-27",118.059997558594,118.5,115.639999389648,116.379997253418,11280500,104.702941894531
"2022-06-28",117.669998168945,119.290000915527,115.599998474121,115.819999694824,11590900,104.19913482666
"2022-06-29",116,116.819999694824,114.730003356934,115.300003051758,9338400,103.731315612793
"2022-06-30",113.169998168945,114.080001831055,110.930000305176,112.610000610352,15172600,101.311195373535
"2022-07-01",112.650001525879,114.419998168945,111.160003662109,114.050003051758,10573600,102.606735229492
"2022-07-05",110.769996643066,112.709999084473,109.300003051758,112.620002746582,12514200,102.216453552246
"2022-07-06",111.730003356934,112.98999786377,110.790000915527,111.889999389648,10656200,101.553894042969
"2022-07-07",113.5,114.900001525879,113.400001525879,114.720001220703,10347400,104.122467041016
"2022-07-08",115.160003662109,115.650001525879,113.610000610352,114.360000610352,8807800,103.795715332031
"2022-07-11",113.550003051758,114.230003356934,112.220001220703,112.860000610352,7939500,102.434272766113
"2022-07-12",112.580001831055,115.180000305176,112.26000213623,112.970001220703,11250900,102.534111022949
"2022-07-13",111.75,112.480003356934,110.379997253418,111.910003662109,12979900,101.572036743164
"2022-07-14",107.98999786377,108.230003356934,106.059997558594,108,26204800,98.0232315063477
"2022-07-15",109.160003662109,113.879997253418,107.669998168945,112.949996948242,18863900,102.515960693359
"2022-07-18",114.769996643066,115.839996337891,111.290000915527,111.790000915527,13977900,101.463119506836
"2022-07-19",113.129997253418,114.940002441406,112.669998168945,114.559997558594,11862300,103.97721862793
"2022-07-20",114.099998474121,114.73999786377,113.480003356934,114.540000915527,11667500,103.95906829834
"2022-07-21",114.440002441406,115.529998779297,113.370002746582,115.319999694824,11595900,104.667030334473
"2022-07-22",115.23999786377,116.25,113.669998168945,114.76000213623,7645500,104.15877532959
"2022-07-25",115.839996337891,116.459999084473,114.769996643066,115.220001220703,9394000,104.576278686523
"2022-07-26",114.580001831055,115.580001831055,113.029998779297,113.419998168945,10675100,102.94255065918
"2022-07-27",114.01000213623,115.73999786377,113.300003051758,115.23999786377,9337400,104.594421386719
"2022-07-28",115.25,115.980003356934,113.529998779297,114.809997558594,10384800,104.204139709473
"2022-07-29",115.589996337891,116.5,114.790000915527,115.360000610352,12944500,104.703330993652
"2022-08-01",114.5,115.110000610352,113.069999694824,114.209999084473,14740400,103.659553527832
"2022-08-02",113.919998168945,114.400001525879,112.269996643066,112.430000305176,14942900,102.044006347656
"2022-08-03",113.449996948242,114.099998474121,111.709999084473,113.610000610352,14394500,103.115013122559
"2022-08-04",112.849998474121,113.319999694824,111.019996643066,112.360000610352,18033900,101.980453491211
"2022-08-05",112.529998779297,116.190002441406,112.050003051758,115.76000213623,14174600,105.066390991211
"2022-08-08",116.25,116.699996948242,114.180000305176,114.349998474121,10332500,103.786628723145
"2022-08-09",114.75,115.98999786377,114.370002746582,115.379997253418,10233800,104.721473693848
"2022-08-10",117.959999084473,119.370002746582,117.5,118.389999389648,12847300,107.453430175781
"2022-08-11",119.900001525879,121.199996948242,119.309997558594,120.139999389648,11684900,109.041763305664
"2022-08-12",120.669998168945,122.25,119.440002441406,122.129997253418,9906700,110.847938537598
"2022-08-15",121.139999389648,122.720001220703,120.599998474121,122.459999084473,8456200,111.147445678711
"2022-08-16",122.290000915527,124.23999786377,121.870002746582,123.629997253418,9555000,112.209373474121
"2022-08-17",122.300003051758,123.160003662109,121.690002441406,122.589996337891,8149300,111.265441894531
"2022-08-18",122.23999786377,122.470001220703,120.550003051758,121.639999389648,9531800,110.403213500977
"2022-08-19",120.620002746582,120.98999786377,118.110000610352,118.629997253418,13464500,107.671249389648
"2022-08-22",116.75,117.160003662109,115.5,116.669998168945,8967600,105.892303466797
"2022-08-23",116.690002441406,117.290000915527,115.379997253418,115.519996643066,7607000,104.848556518555
"2022-08-24",115.290000915527,116.410003662109,114.449996948242,115.800003051758,9771300,105.102699279785
"2022-08-25",116.160003662109,118.73999786377,115.680000305176,118.550003051758,10758900,107.598648071289
"2022-08-26",119.459999084473,119.98999786377,114.599998474121,114.669998168945,11276200,104.077056884766
"2022-08-29",114,114.860000610352,113.459999084473,114.389999389648,8117300,103.822937011719
"2022-08-30",115,115.580001831055,113.360000610352,114.410003662109,10745400,103.841079711914
"2022-08-31",114.480003356934,115.029998779297,113.339996337891,113.730003356934,10738300,103.223899841309
"2022-09-01",113.290000915527,114.629997253418,111.910003662109,114.51000213623,9979800,103.931854248047
"2022-09-02",115.870002746582,117.449996948242,113.190002441406,113.709999084473,10666600,103.205757141113
"2022-09-06",114.330001831055,114.75,112.069999694824,113.73999786377,9751900,103.232978820801
"2022-09-07",113.129997253418,116.110000610352,112.76000213623,115.900001525879,10647900,105.193450927734
"2022-09-08",115.279998779297,118.790000915527,114.629997253418,118.599998474121,11435000,107.644020080566
"2022-09-09",119.139999389648,120.050003051758,118.669998168945,119.169998168945,9299700,108.161376953125
"2022-09-12",120.620002746582,121.550003051758,119.790000915527,120.580001831055,8614600,109.441123962402
"2022-09-13",118.069999694824,118.919998168945,115.779998779297,116.389999389648,12904600,105.63818359375
"2022-09-14",116.699996948242,117.839996337891,114.879997253418,116.120002746582,9345700,105.393135070801
"2022-09-15",116.120002746582,119.379997253418,115.76000213623,117.870002746582,10821400,106.981483459473
"2022-09-16",117.389999389648,117.400001525879,115.370002746582,117.080001831055,14844100,106.264434814453
"2022-09-19",116,118.730003356934,115.51000213623,118.160003662109,8201300,107.244689941406
"2022-09-20",117.410003662109,117.690002441406,114.639999389648,115.830001831055,9619000,105.129913330078
"2022-09-21",116.540000915527,116.599998474121,112.419998168945,112.48999786377,12606300,102.098472595215
"2022-09-22",113.379997253418,113.599998474121,111.069999694824,111.209999084473,11684500,100.936698913574
"2022-09-23",110.050003051758,110.339996337891,107.160003662109,109.139999389648,18138600,99.0579071044922
"2022-09-26",108,109.610000610352,106.059997558594,106.790000915527,15753600,96.9250030517578
"2022-09-27",107.75,108.169998168945,104.650001525879,105.849998474121,12793600,96.0718383789062
"2022-09-28",105.949996948242,108.730003356934,105.639999389648,107.98999786377,12762600,98.0141525268555
"2022-09-29",106.949996948242,107.279998779297,104.400001525879,106.160003662109,12713900,96.3532104492188
"2022-09-30",106.059997558594,107.620002746582,104.400001525879,104.5,15973400,94.8465423583984
"2022-10-03",105.620002746582,108.360000610352,104.459999084473,107.730003356934,12248100,97.7781829833984
"2022-10-04",110.610000610352,112.98999786377,109.860000610352,112.769996643066,16013600,102.352600097656
"2022-10-05",109.75,110.949996948242,108.830001831055,110.389999389648,10943500,101.0888671875
"2022-10-06",109.459999084473,110.190002441406,107.940002441406,108.139999389648,11521400,99.0284423828125
"2022-10-07",107.519996643066,107.709999084473,105.269996643066,105.980003356934,11681100,97.0504379272461
"2022-10-10",106.730003356934,107.309997558594,104.519996643066,104.98999786377,8931700,96.1438522338867
"2022-10-11",104.370002746582,104.540000915527,101.849998474121,101.959999084473,12739700,93.3691558837891
"2022-10-12",101.800003051758,104.730003356934,101.279998779297,103.610000610352,13181000,94.880126953125
"2022-10-13",101.980003356934,109.900001525879,101.76000213623,109.370002746582,22398700,100.154815673828
"2022-10-14",111.959999084473,115.23999786377,110.720001220703,111.190002441406,33387100,101.821472167969
"2022-10-17",115.410003662109,117.01000213623,114.319999694824,115.860000610352,22276300,106.097969055176
"2022-10-18",119.660003662109,120.139999389648,116.959999084473,118.839996337891,21539700,108.826881408691
"2022-10-19",117.98999786377,118.830001831055,115.669998168945,116.51000213623,17072000,106.693206787109
"2022-10-20",117.160003662109,118.709999084473,115.650001525879,116.129997253418,12207400,106.345222473145
"2022-10-21",116.459999084473,122.389999389648,116.330001831055,122.230003356934,20593300,111.931266784668
"2022-10-24",122.069999694824,123.099998474121,121.330001831055,122.379997253418,12624200,112.06861114502
"2022-10-25",121.849998474121,123.269996643066,120.889999389648,122.699996948242,11289100,112.361671447754
"2022-10-26",123,125.199996948242,122.879997253418,124.110000610352,11667000,113.652862548828
"2022-10-27",125.199996948242,126.199996948242,124.209999084473,124.599998474121,10727600,114.1015625
"2022-10-28",125.290000915527,126.279998779297,124.050003051758,126.080001831055,11859500,115.45686340332
"2022-10-31",125.699996948242,127.430000305176,125.589996337891,125.879997253418,13295200,115.273727416992
"2022-11-01",126.870002746582,128.279998779297,126.330001831055,128.149993896484,13386900,117.35245513916
"2022-11-02",127.650001525879,130.360000610352,126.639999389648,126.970001220703,16546100,116.271881103516
"2022-11-03",126.309997558594,128.179992675781,125.910003662109,127.199996948242,12474400,116.48250579834
"2022-11-04",129.490005493164,130.830001831055,128.460006713867,130.679992675781,14953200,119.669281005859
"2022-11-07",131,132.289993286133,130.479995727539,131.369995117188,12011200,120.301139831543
"2022-11-08",131.240005493164,132.059997558594,130.139999389648,131.449996948242,9884100,120.374389648438
"2022-11-09",131.320007324219,131.429992675781,129.220001220703,129.740005493164,9494000,118.808494567871
"2022-11-10",132.630004882812,135.25,132.529998779297,135.080001831055,16351600,123.698554992676
"2022-11-11",135.190002441406,136.169998168945,133.779998779297,135.300003051758,10704700,123.900024414062
"2022-11-14",134.800003051758,135.729995727539,133.910003662109,133.910003662109,11085600,122.627159118652
"2022-11-15",134.679992675781,135.710006713867,131.600006103516,132.940002441406,14038300,121.738876342773
"2022-11-16",133,133.559997558594,132.029998779297,133.119995117188,7893400,121.903709411621
"2022-11-17",132,132.889999389648,131.279998779297,132.539993286133,8820200,121.372573852539
"2022-11-18",134.570007324219,134.669998168945,132.279998779297,133.839996337891,9468500,122.563049316406
"2022-11-21",133.740005493164,134.559997558594,132.75,133.050003051758,7800500,121.83959197998
"2022-11-22",134,135.270004272461,133.690002441406,135.039993286133,9185700,123.661903381348
"2022-11-23",134.940002441406,136.5,134.860000610352,136.479995727539,7316200,124.980590820312
"2022-11-25",136.479995727539,137.139999389648,136.059997558594,136.740005493164,3220500,125.218734741211
"2022-11-28",136.070007324219,136.710006713867,134.190002441406,134.350006103516,9906900,123.030075073242
"2022-11-29",134.660003662109,136.639999389648,134.410003662109,136.559997558594,7925300,125.053855895996
"2022-11-30",136.089996337891,138.179992675781,133.190002441406,138.179992675781,14761200,126.53736114502
"2022-12-01",138.179992675781,138.660003662109,135.429992675781,136.240005493164,8858500,124.76082611084
"2022-12-02",134.490005493164,135.350006103516,133.339996337891,135.160003662109,8931900,123.77180480957
"2022-12-05",134.240005493164,134.570007324219,130.600006103516,131.369995117188,10154500,120.301139831543
"2022-12-06",133.389999389648,135.110000610352,129.869995117188,131.589996337891,13966700,120.50260925293
"2022-12-07",131.309997558594,133.080001831055,130.330001831055,131.5,11739400,120.420219421387
"2022-12-08",132.330001831055,132.979995727539,131.429992675781,132.880004882812,8907300,121.683952331543
"2022-12-09",132.199996948242,133.759994506836,132,132.160003662109,7957800,121.024597167969
"2022-12-12",132.399993896484,134.649993896484,131.600006103516,134.210006713867,8841600,122.90185546875
"2022-12-13",136.889999389648,137.089996337891,133.080001831055,134.080001831055,10025400,122.782829284668
"2022-12-14",133.779998779297,135.710006713867,132.759994506836,133.410003662109,9966100,122.169250488281
"2022-12-15",131.149993896484,132.080001831055,129.050003051758,130.100006103516,12087800,119.138175964355
"2022-12-16",129.149993896484,129.899993896484,128.429992675781,129.289993286133,21133700,118.396408081055
"2022-12-19",129.649993896484,131.330001831055,129.089996337891,130.059997558594,9017200,119.101531982422
"2022-12-20",130.970001220703,132.050003051758,130.199996948242,130.690002441406,8549900,119.678443908691
"2022-12-21",132.179992675781,132.979995727539,131.770004272461,132.160003662109,8051700,121.024597167969
"2022-12-22",131.100006103516,131.300003051758,128.410003662109,130.660003662109,8648200,119.650978088379
"2022-12-23",130.580001831055,131.440002441406,129.639999389648,131.279998779297,5091900,120.218742370605
"2022-12-27",131.570007324219,132.220001220703,130.550003051758,131.740005493164,5411000,120.639991760254
"2022-12-28",131.850006103516,133.410003662109,131.009994506836,132.460006713867,8827700,121.299308776855
"2022-12-29",132.929992675781,133.270004272461,132.309997558594,133.220001220703,6585200,121.99528503418
"2022-12-30",132.809997558594,134.330001831055,132.440002441406,134.100006103516,9292500,122.801132202148
"2023-01-03",135.240005493164,136.740005493164,133.889999389648,135.119995117188,11054800,123.735191345215
"2023-01-04",135.990005493164,137.679992675781,135.570007324219,136.380004882812,11687600,124.889038085938
"2023-01-05",135.660003662109,135.710006713867,133.699996948242,135.350006103516,8381300,124.861351013184
"2023-01-06",136.130004882812,138.380004882812,134.490005493164,137.940002441406,10029100,127.250633239746
"2023-01-09",138.600006103516,138.880004882812,136.880004882812,137.369995117188,8482300,126.724807739258
"2023-01-10",137.789993286133,138.720001220703,137.309997558594,138.600006103516,9048700,127.859497070312
"2023-01-11",138.899993896484,139.75,138.100006103516,139.630004882812,8703700,128.809661865234
"2023-01-12",140,140.860000610352,139.220001220703,139.490005493164,11001700,128.680511474609
"2023-01-13",135.600006103516,143.490005493164,134.800003051758,143.009994506836,20200000,131.927749633789
"2023-01-17",141.169998168945,141.539993286133,139.229995727539,140.800003051758,14292900,129.889022827148
"2023-01-18",138.919998168945,140.729995727539,136.410003662109,136.570007324219,13392600,125.98681640625
"2023-01-19",135.320007324219,135.899993896484,133.589996337891,134.75,13303400,124.30785369873
"2023-01-20",135.160003662109,135.490005493164,133.550003051758,135.080001831055,13092500,124.612281799316
"2023-01-23",135.119995117188,137.960006713867,134.820007324219,137.270004272461,10487100,126.632553100586
"2023-01-24",136.419998168945,140.289993286133,135,138.449996948242,6945000,127.721138000488
"2023-01-25",138.050003051758,139.119995117188,137.25,139.119995117188,8967000,128.339202880859
"2023-01-26",139.419998168945,140.059997558594,138.360000610352,139.979995727539,7487600,129.132537841797
"2023-01-27",140.610000610352,141.259994506836,139.75,140.320007324219,7489900,129.446228027344
"2023-01-30",139.229995727539,140.089996337891,138.910003662109,139.130004882812,6729300,128.348449707031
"2023-01-31",139.880004882812,140.070007324219,138.25,139.960006713867,9188700,129.114135742188
"2023-02-01",138.210006713867,140.880004882812,138.119995117188,139.589996337891,8841800,128.772735595703
"2023-02-02",140,140.460006713867,138,138.940002441406,11822100,128.173156738281
"2023-02-03",138.179992675781,142.330001831055,138.130004882812,141.089996337891,11501200,130.15657043457
"2023-02-06",140.229995727539,142.240005493164,140.029998779297,141.919998168945,8406200,130.922241210938
"2023-02-07",141.380004882812,144.339996337891,141.179992675781,143.649993896484,10447900,132.518157958984
"2023-02-08",142.649993896484,144.039993286133,142.279998779297,142.639999389648,6958000,131.58642578125
"2023-02-09",143.119995117188,143.339996337891,139.869995117188,140.419998168945,6443100,129.538467407227
"2023-02-10",139.779998779297,141.279998779297,138.589996337891,141.039993286133,6582900,130.110397338867
"2023-02-13",141.300003051758,142.729995727539,140.740005493164,142.570007324219,7134600,131.521865844727
"2023-02-14",142.5,143.809997558594,141.600006103516,143.199996948242,9249400,132.103057861328
"2023-02-15",141.610000610352,143.889999389648,141.300003051758,143.800003051758,6728300,132.656539916992
"2023-02-16",142.910003662109,143.389999389648,141.679992675781,141.820007324219,8165300,130.829956054688
"2023-02-17",140.979995727539,142.830001831055,140.070007324219,142.240005493164,7948800,131.217422485352
"2023-02-21",140.690002441406,141.339996337891,138.75,139.630004882812,9996300,128.809661865234
"2023-02-22",138.919998168945,139.429992675781,137.440002441406,138.559997558594,11107500,127.822570800781
"2023-02-23",138.729995727539,140.169998168945,137.940002441406,139.669998168945,8068000,128.846588134766
"2023-02-24",139.110000610352,141.360000610352,138.929992675781,140.929992675781,9126900,130.008926391602
"2023-02-27",142.110000610352,143.309997558594,141.720001220703,142.160003662109,10014700,131.143600463867
"2023-02-28",142.940002441406,143.759994506836,141.899993896484,143.350006103516,11019800,132.241424560547
"2023-03-01",142.100006103516,143.460006713867,141.800003051758,142.550003051758,7139200,131.503387451172
"2023-03-02",142.240005493164,142.429992675781,139.539993286133,141.070007324219,11106800,130.138107299805
"2023-03-03",141.509994506836,143.740005493164,141.080001831055,143.660003662109,9513100,132.527404785156
"2023-03-06",143.440002441406,144.039993286133,142.660003662109,142.820007324219,9261300,131.752471923828
"2023-03-07",142.009994506836,142.309997558594,137.809997558594,138.619995117188,11747600,127.877937316895
"2023-03-08",138,138.589996337891,136.889999389648,137.800003051758,10002500,127.121513366699
"2023-03-09",136.759994506836,137.350006103516,129.220001220703,130.339996337891,25888100,120.239593505859
"2023-03-10",128.960006713867,135.259994506836,127.819999694824,133.649993896484,37599700,123.293098449707
"2023-03-13",131.210006713867,133.880004882812,129.410003662109,131.25,42901100,121.079063415527
"2023-03-14",135.279998779297,135.529998779297,131.289993286133,134.619995117188,29648100,124.187919616699
"2023-03-15",130.979995727539,130.990005493164,126.730003356934,128.259994506836,34280600,118.320777893066
"2023-03-16",128.009994506836,131.949996948242,126.019996643066,130.75,24558500,120.617797851562
"2023-03-17",128.380004882812,128.479995727539,125.449996948242,125.809997558594,38396000,116.06063079834
"2023-03-20",126.98999786377,129.470001220703,126.01000213623,127.139999389648,22875500,117.287559509277
"2023-03-21",130.589996337891,131.729995727539,130.190002441406,130.550003051758,17807800,120.433311462402
"2023-03-22",130.559997558594,130.660003662109,127.080001831055,127.180000305176,17250200,117.324462890625
"2023-03-23",127.900001525879,129.529998779297,126.019996643066,126.839996337891,16677600,117.010818481445
"2023-03-24",125.629997253418,125.680000305176,123.110000610352,124.910003662109,22311100,115.230392456055
"2023-03-27",126.790000915527,129.380004882812,126.290000915527,128.490005493164,18853900,118.53295135498
"2023-03-28",128.710006713867,129.339996337891,127.73999786377,128.880004882812,10820500,118.892723083496
"2023-03-29",130.100006103516,130.220001220703,127.769996643066,129.139999389648,14595300,119.13257598877
"2023-03-30",129.949996948242,130.119995117188,127.650001525879,128.75,12134700,118.77278137207
"2023-03-31",129.660003662109,130.339996337891,128.850006103516,130.309997558594,13105200,120.211898803711
"2023-04-03",129.910003662109,131.440002441406,129.410003662109,130.160003662109,11775400,120.073547363281
"2023-04-04",130.5,130.589996337891,127.410003662109,128.419998168945,11579900,118.468368530273
"2023-04-05",126.800003051758,128.149993896484,126.459999084473,127.610000610352,9614700,118.645034790039
"2023-04-06",127,128.080001831055,126.860000610352,127.470001220703,8760200,118.514862060547
"2023-04-10",126.540000915527,128.229995727539,126.220001220703,127.889999389648,9477300,118.90535736084
"2023-04-11",128.300003051758,128.940002441406,127.540000915527,128.520004272461,10516300,119.491104125977
"2023-04-12",129.179992675781,130.429992675781,128.059997558594,128.5,11821000,119.472503662109
"2023-04-13",128.460006713867,129.039993286133,126.830001831055,128.990005493164,12450200,119.928077697754
"2023-04-14",135.149993896484,139.119995117188,134.899993896484,138.729995727539,43931300,128.983795166016
"2023-04-17",139.949996948242,140.059997558594,137.660003662109,139.830001831055,16050500,130.00651550293
"2023-04-18",140.270004272461,141.779998779297,139.029998779297,141.399993896484,13760100,131.466232299805
"2023-04-19",141.229995727539,141.5,140.399993896484,141.220001220703,9158100,131.298904418945
"2023-04-20",139.910003662109,141.429992675781,139.839996337891,140.809997558594,10586200,130.917678833008
"2023-04-21",139.740005493164,141.110000610352,138.779998779297,140.539993286133,11842500,130.666641235352
"2023-04-24",140.460006713867,141.100006103516,140.039993286133,140.729995727539,7567500,130.843307495117
"2023-04-25",139.600006103516,139.960006713867,137.630004882812,137.669998168945,10629300,127.998268127441
"2023-04-26",137.619995117188,137.809997558594,134,135.229995727539,14416100,125.729690551758
"2023-04-27",136,137.910003662109,135.660003662109,137.050003051758,9041100,127.421836853027
"2023-04-28",136.559997558594,138.320007324219,135.669998168945,138.240005493164,9887300,128.528213500977
"2023-05-01",142.259994506836,143.369995117188,140.830001831055,141.199996948242,20415800,131.280288696289
"2023-05-02",141.399993896484,142.410003662109,138.429992675781,138.919998168945,14113400,129.160430908203
"2023-05-03",138.440002441406,138.669998168945,135.759994506836,135.979995727539,12930900,126.426986694336
"2023-05-04",134.960006713867,135.720001220703,131.809997558594,134.119995117188,17089200,124.697685241699
"2023-05-05",136.440002441406,137.880004882812,135.910003662109,136.740005493164,11261400,127.133644104004
"2023-05-08",137.490005493164,137.970001220703,136.479995727539,137.070007324219,7484900,127.4404296875
"2023-05-09",135.929992675781,136.949996948242,135.210006713867,136.410003662109,7343600,126.826812744141
"2023-05-10",137.949996948242,138.059997558594,134.869995117188,136.479995727539,8133400,126.891868591309
"2023-05-11",135,136.809997558594,134.899993896484,136.050003051758,7057300,126.492111206055
"2023-05-12",136.820007324219,136.990005493164,133.130004882812,134.100006103516,9988600,124.679084777832
"2023-05-15",134.270004272461,135.669998168945,133.960006713867,135.229995727539,7639500,125.729690551758
"2023-05-16",135.460006713867,135.940002441406,133.960006713867,134.320007324219,6477200,124.883644104004
"2023-05-17",135.899993896484,138.589996337891,135.460006713867,138.449996948242,12711500,128.723495483398
"2023-05-18",138.270004272461,139.729995727539,137.759994506836,139.5,10999600,129.699722290039
"2023-05-19",139.789993286133,140.490005493164,138.130004882812,139.179992675781,13492200,129.402191162109
"2023-05-22",141,141.639999389648,137.660003662109,138.029998779297,11402500,128.332992553711
"2023-05-23",137.539993286133,139.029998779297,136.460006713867,136.589996337891,9514900,126.994155883789
"2023-05-24",135.399993896484,136.350006103516,135.080001831055,135.339996337891,8578000,125.831954956055
"2023-05-25",134.820007324219,136.270004272461,134.580001831055,135.669998168945,8472500,126.138793945312
"2023-05-26",136.110000610352,137.600006103516,135.630004882812,136.940002441406,8579900,127.319564819336
"2023-05-30",136.800003051758,137.720001220703,136.020004272461,137.460006713867,7399900,127.803031921387
"2023-05-31",136.729995727539,136.839996337891,134.399993896484,135.710006713867,14219900,126.175979614258
"2023-06-01",136.520004272461,138.229995727539,135.449996948242,137.580001831055,12248100,127.914588928223
"2023-06-02",139.559997558594,141.479995727539,139.339996337891,140.470001220703,12922500,130.601577758789
"2023-06-05",140.110000610352,140.110000610352,138.130004882812,139.089996337891,8511900,129.318511962891
"2023-06-06",138.679992675781,140.100006103516,138.210006713867,139.339996337891,9329500,129.550979614258
"2023-06-07",139.550003051758,141.270004272461,138.830001831055,140.690002441406,9281400,130.806106567383
"2023-06-08",140.669998168945,140.889999389648,139.479995727539,140.729995727539,7368100,130.843307495117
"2023-06-09",140.350006103516,141.800003051758,140.210006713867,141.009994506836,7249100,131.103622436523
"2023-06-12",141.070007324219,141.320007324219,139.759994506836,141,7596600,131.094345092773
"2023-06-13",140.479995727539,142.869995117188,140.139999389648,142.020004272461,7701600,132.042694091797
"2023-06-14",143,143.610000610352,140.699996948242,141.490005493164,9068700,131.549926757812
"2023-06-15",140.589996337891,143.399993896484,140.029998779297,143.089996337891,9343100,133.037490844727
"2023-06-16",143.050003051758,143.970001220703,142.5,143.259994506836,13813500,133.195556640625
"2023-06-20",142.610000610352,143,141.039993286133,142.529998779297,8428600,132.516860961914
"2023-06-21",142.899993896484,144.020004272461,141.690002441406,142.320007324219,9926500,132.321624755859
"2023-06-22",142.309997558594,142.600006103516,138.949996948242,139.580001831055,10075200,129.774078369141
"2023-06-23",138.539993286133,139.179992675781,137.619995117188,138.850006103516,9919500,129.095397949219
"2023-06-26",138.869995117188,140.009994506836,137.690002441406,139.190002441406,8429700,129.411499023438
"2023-06-27",139,139.839996337891,138.539993286133,139.199996948242,8154000,129.420776367188
"2023-06-28",139.160003662109,139.210006713867,137.960006713867,138.589996337891,7558600,128.853652954102
"2023-06-29",140.070007324219,143.559997558594,139.850006103516,143.429992675781,15423200,133.353622436523
"2023-06-30",144.600006103516,146,143.660003662109,145.440002441406,14212800,135.222427368164
"2023-07-03",146.190002441406,147.479995727539,146,146.610000610352,8021600,136.31022644043
"2023-07-05",144.940002441406,145.429992675781,144.360000610352,144.639999389648,8934900,135.402191162109
"2023-07-06",143.020004272461,143.389999389648,141.440002441406,143.210006713867,9709500,134.063522338867
"2023-07-07",143.910003662109,145.839996337891,143,144.339996337891,8981500,135.121307373047
"2023-07-10",144.5,145.990005493164,144.5,145.149993896484,9100100,135.879577636719
"2023-07-11",146.339996337891,147.820007324219,145.710006713867,147.419998168945,11260900,138.004623413086
"2023-07-12",147.449996948242,149.869995117188,147,148.149993896484,11323200,138.688003540039
"2023-07-13",148.699996948242,149.369995117188,147.75,148.869995117188,11234900,139.36198425293
"2023-07-14",151.550003051758,152.889999389648,148.410003662109,149.770004272461,27028400,140.204544067383
"2023-07-17",150.350006103516,153.75,150.350006103516,153.380004882812,17262400,143.583969116211
"2023-07-18",153.380004882812,154.399993896484,152.820007324219,153.660003662109,13491700,143.846069335938
"2023-07-19",152.75,155.210006713867,152.220001220703,154.25,12510000,144.398391723633
"2023-07-20",154.529998779297,156.589996337891,154.410003662109,156.149993896484,9935900,146.177032470703
"2023-07-21",155.800003051758,156.139999389648,154.690002441406,154.949996948242,10636400,145.053680419922
"2023-07-24",154.970001220703,158.789993286133,154.729995727539,158,14381400,147.908905029297
"2023-07-25",157.300003051758,157.720001220703,155.960006713867,156.820007324219,9944700,146.804290771484
"2023-07-26",156.710006713867,158.25,156.279998779297,157.759994506836,8728600,147.684219360352
"2023-07-27",157.770004272461,158.779998779297,155.550003051758,156.020004272461,10778400,146.055374145508
"2023-07-28",157.279998779297,157.600006103516,156.440002441406,156.910003662109,9103800,146.888519287109
"2023-07-31",157.179992675781,159.380004882812,157.149993896484,157.960006713867,8892700,147.871444702148
"2023-08-01",157.429992675781,158,156.149993896484,157.179992675781,6853900,147.141250610352
"2023-08-02",155.559997558594,155.690002441406,153.940002441406,155.399993896484,8299400,145.474960327148
"2023-08-03",155,156.919998168945,154.350006103516,156.350006103516,6084000,146.364273071289
"2023-08-04",156.399993896484,157.800003051758,155.699996948242,156.020004272461,6209400,146.055374145508
"2023-08-07",156.600006103516,157.699996948242,156.600006103516,156.759994506836,7251800,146.748092651367
"2023-08-08",154.320007324219,155.979995727539,152.589996337891,155.880004882812,8623400,145.924301147461
"2023-08-09",155.320007324219,155.520004272461,153.470001220703,153.789993286133,6277800,143.9677734375
"2023-08-10",154.380004882812,155.440002441406,153.089996337891,153.559997558594,5995100,143.752471923828
"2023-08-11",153.029998779297,154.520004272461,152.630004882812,154.449996948242,5180700,144.585632324219
"2023-08-14",153.610000610352,154.919998168945,152.919998168945,154.770004272461,5044300,144.885177612305
"2023-08-15",152.850006103516,153.270004272461,150.229995727539,150.830001831055,10300300,141.196823120117
"2023-08-16",150.600006103516,150.960006713867,149.679992675781,150.190002441406,6978200,140.597686767578
"2023-08-17",150.880004882812,151.259994506836,148.399993896484,148.630004882812,9953900,139.137359619141
"2023-08-18",147.649993896484,149.5,147.440002441406,148.970001220703,8517500,139.455627441406
"2023-08-21",149.649993896484,150.100006103516,148.020004272461,149.479995727539,8327000,139.933059692383
"2023-08-22",149.259994506836,149.639999389648,145.850006103516,146.380004882812,9673300,137.031021118164
"2023-08-23",146.350006103516,147.589996337891,145.460006713867,147.369995117188,7858000,137.957809448242
"2023-08-24",147.5,149.410003662109,146.990005493164,147.229995727539,6534000,137.826736450195
"2023-08-25",147.279998779297,148.619995117188,145.850006103516,147.050003051758,6695500,137.658248901367
"2023-08-28",147.570007324219,148.610000610352,147.130004882812,147.559997558594,5094100,138.135681152344
"2023-08-29",147.710006713867,148.850006103516,147.179992675781,148.759994506836,6337000,139.259033203125
"2023-08-30",148.619995117188,149.149993896484,147.190002441406,148.160003662109,6277300,138.697372436523
"2023-08-31",148.259994506836,148.350006103516,145.960006713867,146.330001831055,10933900,136.984252929688
"2023-09-01",146.089996337891,148.080001831055,145.699996948242,146.820007324219,7903500,137.442962646484
"2023-09-05",147.160003662109,148.210006713867,145.009994506836,145.199996948242,7854700,135.926422119141
"2023-09-06",144.699996948242,145.539993286133,144.110000610352,144.960006713867,8629200,135.701751708984
"2023-09-07",144.130004882812,145.270004272461,143.389999389648,143.720001220703,8373700,134.540924072266
"2023-09-08",143.369995117188,144.119995117188,142.649993896484,143.830001831055,7107900,134.643890380859
"2023-09-11",144.75,145.050003051758,143.690002441406,144.460006713867,6854200,135.233673095703
"2023-09-12",144.5,147.320007324219,144.050003051758,146.339996337891,8363200,136.993591308594
"2023-09-13",147.339996337891,147.699996948242,145.820007324219,146.410003662109,8325900,137.059127807617
"2023-09-14",147.839996337891,149.899993896484,147.520004272461,149.25,10034900,139.717758178711
"2023-09-15",148.919998168945,149.729995727539,148.309997558594,148.809997558594,19863400,139.305862426758
"2023-09-18",148.160003662109,149.139999389648,147.75,149.119995117188,6512400,139.596038818359
"2023-09-19",149.5,149.720001220703,147.210006713867,148.929992675781,7943400,139.418182373047
"2023-09-20",149.649993896484,150.25,148.139999389648,148.300003051758,7332000,138.828414916992
"2023-09-21",147.580001831055,148.850006103516,146.630004882812,147.139999389648,8052400,137.742492675781
"2023-09-22",147.289993286133,147.509994506836,145.190002441406,145.729995727539,7071700,136.422561645508
"2023-09-25",145.350006103516,146.520004272461,143.699996948242,146.449996948242,7044700,137.096557617188
"2023-09-26",144.600006103516,145.839996337891,144.229995727539,144.929992675781,7468400,135.673629760742
"2023-09-27",145.190002441406,146.089996337891,144.509994506836,145.779998779297,6717800,136.469360351562
"2023-09-28",146.279998779297,148.869995117188,146.009994506836,147.589996337891,8868100,138.16374206543
"2023-09-29",148.600006103516,148.759994506836,144.860000610352,145.020004272461,11917800,135.757904052734
"2023-10-02",144.830001831055,145.619995117188,142.630004882812,143.770004272461,9170600,134.587753295898
"2023-10-03",143.199996948242,143.589996337891,142.350006103516,142.710006713867,9431100,133.595443725586
"2023-10-04",143.190002441406,143.470001220703,141.929992675781,143.350006103516,8128700,134.194564819336
"2023-10-05",142.039993286133,143.100006103516,140.830001831055,142.899993896484,8576200,134.760391235352
"2023-10-06",142.910003662109,145.880004882812,142.139999389648,145.100006103516,10270600,136.835067749023
"2023-10-09",143.660003662109,145.399993896484,143.5,144.770004272461,6964900,136.523864746094
"2023-10-10",145.419998168945,146.770004272461,145.279998779297,145.649993896484,11288800,137.353713989258
"2023-10-11",146.509994506836,147.229995727539,145.020004272461,146.149993896484,8698200,137.825241088867
"2023-10-12",146.300003051758,146.960006713867,145.130004882812,145.809997558594,10484400,137.504623413086
"2023-10-13",148.5,153.110000610352,147.839996337891,148,29427000,139.569869995117
"2023-10-16",149.449996948242,149.520004272461,146.720001220703,147.850006103516,12663500,139.428466796875
"2023-10-17",147.570007324219,149.309997558594,146.789993286133,147.529998779297,11482700,139.126678466797
"2023-10-18",146.589996337891,147.479995727539,145.369995117188,145.910003662109,9620300,137.598937988281
"2023-10-19",145.479995727539,147.020004272461,144.880004882812,145.289993286133,11143600,137.014236450195
"2023-10-20",144.570007324219,145.139999389648,142.119995117188,142.949996948242,13332900,134.807540893555
"2023-10-23",142.940002441406,143.679992675781,140.729995727539,141,10133400,132.968597412109
"2023-10-24",141.190002441406,141.729995727539,140.360000610352,141.169998168945,8881400,133.128921508789
"2023-10-25",140.570007324219,141.179992675781,139.509994506836,140.399993896484,8242600,132.402801513672
"2023-10-26",139.759994506836,141.669998168945,139.429992675781,140.759994506836,9109400,132.742279052734
"2023-10-27",138.949996948242,139.100006103516,135.190002441406,135.690002441406,17434700,127.961051940918
"2023-10-30",136.440002441406,138.039993286133,136.039993286133,137.419998168945,9855500,129.592514038086
"2023-10-31",137.710006713867,139.240005493164,137.470001220703,139.059997558594,9672500,131.139099121094
"2023-11-01",139.25,140.529998779297,138.470001220703,138.940002441406,9432000,131.025955200195
"2023-11-02",140.089996337891,141.479995727539,139.229995727539,141.419998168945,10186200,133.364669799805
"2023-11-03",142.190002441406,143.770004272461,141.850006103516,143,9538700,134.854690551758
"2023-11-06",143.169998168945,144.190002441406,142.789993286133,144.080001831055,7625100,135.873168945312
"2023-11-07",143.509994506836,144.259994506836,142.820007324219,144.009994506836,6297900,135.807189941406
"2023-11-08",144.110000610352,144.839996337891,143.619995117188,144.720001220703,7618200,136.47673034668
"2023-11-09",145.440002441406,145.649993896484,143.699996948242,144.289993286133,7992500,136.071228027344
"2023-11-10",144.940002441406,146.479995727539,144.080001831055,146.429992675781,7983300,138.089324951172
"2023-11-13",145.699996948242,146.25,145.160003662109,145.779998779297,6676300,137.476333618164
"2023-11-14",146.679992675781,149.25,146.520004272461,148.440002441406,9927700,139.984817504883
"2023-11-15",148.460006713867,150.160003662109,148.460006713867,149.740005493164,8365300,141.21076965332
"2023-11-16",150.089996337891,151.529998779297,150.089996337891,151.449996948242,8126200,142.823364257812
"2023-11-17",152.199996948242,152.860000610352,151.539993286133,152.820007324219,7812400,144.115341186523
"2023-11-20",152.080001831055,153.75,151.919998168945,153.289993286133,7019000,144.558563232422
"2023-11-21",153.199996948242,153.630004882812,152.570007324219,152.970001220703,7083500,144.256790161133
"2023-11-22",153.410003662109,153.880004882812,152.899993896484,153.330001831055,5174500,144.596267700195
"2023-11-24",153.589996337891,154.440002441406,153.279998779297,153.539993286133,3496900,144.794296264648
"2023-11-27",153.429992675781,153.529998779297,152.710006713867,153.190002441406,6259100,144.464263916016
"2023-11-28",153.220001220703,153.869995117188,152.720001220703,153.539993286133,6582700,144.794296264648
"2023-11-29",154.169998168945,155.630004882812,154,154.320007324219,9126100,145.529907226562
"2023-11-30",154.910003662109,156.130004882812,154.380004882812,156.080001831055,9869800,147.189651489258
"2023-12-01",155.820007324219,157.860000610352,155.820007324219,156.839996337891,8916000,147.906356811523
"2023-12-04",156.020004272461,158.050003051758,155.880004882812,157.990005493164,9607500,148.990844726562
"2023-12-05",157.259994506836,158.5,156.970001220703,157.970001220703,9135600,148.97200012207
"2023-12-06",158.839996337891,159.220001220703,156,156.309997558594,9366000,147.406555175781
"2023-12-07",156.690002441406,157.309997558594,156.149993896484,156.789993286133,8130900,147.85920715332
"2023-12-08",157.259994506836,158.779998779297,156.979995727539,158.520004272461,7369400,149.490661621094
"2023-12-11",158.520004272461,159.300003051758,158.149993896484,159.100006103516,8093900,150.037628173828
"2023-12-12",159.229995727539,160.649993896484,158.880004882812,160.520004272461,10223000,151.376754760742
"2023-12-13",160.520004272461,162.029998779297,159.770004272461,161.059997558594,12379100,151.885971069336
"2023-12-14",161.830001831055,164.839996337891,161.710006713867,163.990005493164,13643000,154.649124145508
"2023-12-15",163.080001831055,165.279998779297,162.389999389648,165.229995727539,20309300,155.818466186523
"2023-12-18",165.919998168945,167.130004882812,165.630004882812,166.229995727539,8469600,156.761520385742
"2023-12-19",166,168.470001220703,165.550003051758,168.449996948242,10345700,158.855072021484
"2023-12-20",167.990005493164,169.410003662109,166.449996948242,166.550003051758,10734700,157.063293457031
"2023-12-21",166.839996337891,168.089996337891,165.679992675781,167.5,7601700,157.959167480469
"2023-12-22",167.5,168.229995727539,167.229995727539,167.399993896484,6576300,157.864837646484
"2023-12-26",167.460006713867,168.770004272461,167.179992675781,168.389999389648,4683600,158.798477172852
"2023-12-27",167.839996337891,169.470001220703,167.580001831055,169.399993896484,6428600,159.750915527344
"2023-12-28",169.350006103516,170.660003662109,169,170.300003051758,6320100,160.599685668945
"2023-12-29",170,170.690002441406,169.630004882812,170.100006103516,6435100,160.411071777344
"2024-01-02",169.089996337891,172.169998168945,168.910003662109,172.080001831055,9977400,162.278305053711
"2024-01-03",171.860000610352,172.039993286133,170.369995117188,171.330001831055,9852300,161.570999145508
"2024-01-04",170.639999389648,173.350006103516,170.539993286133,171.410003662109,11972500,162.64323425293
"2024-01-05",171.470001220703,173.380004882812,171.470001220703,172.270004272461,10066000,163.459213256836
"2024-01-08",172.020004272461,172.360000610352,169.490005493164,172.020004272461,11229900,163.222045898438
"2024-01-09",171.619995117188,171.789993286133,170.100006103516,170.660003662109,9923600,161.931579589844
"2024-01-10",170,171.080001831055,168.949996948242,171.020004272461,9670200,162.273162841797
"2024-01-11",170.330001831055,170.360000610352,168.639999389648,170.300003051758,11919500,161.589996337891
"2024-01-12",173.800003051758,176.309997558594,168.899993896484,169.050003051758,19436500,160.403915405273
"2024-01-16",164.869995117188,168.089996337891,164.300003051758,167.990005493164,17206400,159.39811706543
"2024-01-17",167.339996337891,169.070007324219,166.490005493164,167.089996337891,11107500,158.544174194336
"2024-01-18",167.119995117188,167.529998779297,165.240005493164,167.419998168945,9382300,158.857269287109
"2024-01-19",167.550003051758,170.570007324219,167.080001831055,170.309997558594,13115700,161.599456787109
"2024-01-22",170.460006713867,171.979995727539,169.710006713867,170.110000610352,12837500,161.40966796875
"2024-01-23",169.669998168945,169.75,168.440002441406,168.990005493164,8360800,160.346984863281
"2024-01-24",169.360000610352,171.009994506836,168.860000610352,170.5,9967100,161.779769897461
"2024-01-25",172.309997558594,172.990005493164,170.910003662109,172.940002441406,8873500,164.094940185547
"2024-01-26",172.610000610352,173.059997558594,171.779998779297,172.279998779297,7443000,163.468719482422
"2024-01-29",172.240005493164,172.839996337891,171.300003051758,172.729995727539,6971200,163.895721435547
"2024-01-30",172.830001831055,176.759994506836,172.830001831055,176.270004272461,10822100,167.254669189453
"2024-01-31",176.199996948242,178.300003051758,174.339996337891,174.360000610352,11521800,165.442337036133
"2024-02-01",173.639999389648,174.839996337891,171.429992675781,173.729995727539,9354800,164.844543457031
"2024-02-02",173.300003051758,175.820007324219,173.259994506836,174.729995727539,8607600,165.793426513672
"2024-02-05",173.860000610352,175.089996337891,172.919998168945,174.5,7820200,165.575164794922
"2024-02-06",174.610000610352,175.869995117188,173.759994506836,175.100006103516,6764800,166.144470214844
"2024-02-07",175.690002441406,175.869995117188,173.960006713867,175.429992675781,7225500,166.457595825195
"2024-02-08",175,175.309997558594,173.570007324219,174.800003051758,6060300,165.859832763672
"2024-02-09",175,175.100006103516,173.669998168945,175.009994506836,6296700,166.059097290039
"2024-02-12",174.779998779297,176.809997558594,173.699996948242,175.789993286133,8539300,166.799179077148
"2024-02-13",175.320007324219,176.229995727539,172.619995117188,174.259994506836,8397600,165.347457885742
"2024-02-14",175.070007324219,176.100006103516,174.419998168945,176.029998779297,7056700,167.026916503906
"2024-02-15",176.149993896484,180.210006713867,176.149993896484,179.869995117188,8723400,170.670516967773
"2024-02-16",179.610000610352,179.979995727539,178.160003662109,179.029998779297,8152600,169.873474121094
"2024-02-20",179.190002441406,180.460006713867,178.410003662109,179.729995727539,9668000,170.537673950195
"2024-02-21",179.949996948242,180.990005493164,178.520004272461,180.899993896484,7024000,171.647857666016
"2024-02-22",181.820007324219,183.419998168945,181.240005493164,183.070007324219,9296500,173.706848144531
"2024-02-23",183.809997558594,185.199996948242,183.190002441406,183.990005493164,7105800,174.579788208008
"2024-02-26",183.75,184.460006713867,182.479995727539,183.360000610352,7145400,173.982025146484
"2024-02-27",183.309997558594,183.539993286133,182.240005493164,183.449996948242,5717100,174.067413330078
"2024-02-28",183.429992675781,185.199996948242,182.960006713867,184.380004882812,6131600,174.94987487793
"2024-02-29",185.660003662109,186.429992675781,183.850006103516,186.059997558594,9643000,176.5439453125
"2024-03-01",185.699996948242,186.440002441406,185.100006103516,185.289993286133,6311800,175.813293457031
"2024-03-04",184.710006713867,187.589996337891,184.270004272461,186.679992675781,7063600,177.132217407227
"2024-03-05",186.360000610352,189.300003051758,186.360000610352,188.550003051758,6617800,178.906600952148
"2024-03-06",189.25,190.070007324219,187.630004882812,189.529998779297,7572900,179.836441040039
"2024-03-07",189.910003662109,190.5,186.630004882812,187.869995117188,7618300,178.261367797852
"2024-03-08",188.440002441406,190.460006713867,187.919998168945,188.220001220703,6172200,178.593475341797
"2024-03-11",187.279998779297,188.440002441406,186.220001220703,188.289993286133,5762600,178.659881591797
"2024-03-12",188.949996948242,190.160003662109,187.910003662109,189.839996337891,5708400,180.130615234375
"2024-03-13",190.360000610352,191.729995727539,189.839996337891,191.380004882812,7795500,181.591857910156
"2024-03-14",191.029998779297,191.630004882812,187.100006103516,187.970001220703,10310900,178.356246948242
"2024-03-15",186.479995727539,190.940002441406,186.479995727539,190.300003051758,17214200,180.567092895508
"2024-03-18",190.630004882812,192.699996948242,189.889999389648,192.660003662109,9013800,182.806381225586
"2024-03-19",192.710006713867,193.929992675781,192.380004882812,193.789993286133,8478700,183.87858581543
"2024-03-20",194.190002441406,196.559997558594,193.610000610352,196.330001831055,9367000,186.288665771484
"2024-03-21",196.520004272461,199.429992675781,196.330001831055,199.059997558594,11203800,188.879043579102
"2024-03-22",199.009994506836,200.479995727539,196.539993286133,196.619995117188,8108800,186.563858032227
"2024-03-25",196.600006103516,196.940002441406,194.360000610352,194.820007324219,8620000,184.855926513672
"2024-03-26",194.589996337891,196.660003662109,194.059997558594,195.729995727539,5961500,185.719345092773
"2024-03-27",196.5,199.600006103516,196.380004882812,199.520004272461,8725800,189.315551757812
"2024-03-28",199.490005493164,200.720001220703,198.539993286133,200.300003051758,8628300,190.0556640625
"2024-04-01",199.990005493164,200.940002441406,198.570007324219,198.940002441406,7309000,188.765197753906
"2024-04-02",198.389999389648,199.779998779297,198.080001831055,198.860000610352,7014700,188.689300537109
"2024-04-03",199.039993286133,199.559997558594,197.699996948242,198.300003051758,9353400,188.157928466797
"2024-04-04",199.149993896484,199.679992675781,195.550003051758,195.649993896484,9243800,186.726348876953
"2024-04-05",196.160003662109,198.119995117188,195.110000610352,197.449996948242,6532300,188.444259643555
"2024-04-08",197.619995117188,198.979995727539,197.619995117188,198.479995727539,8001000,189.427276611328
"2024-04-09",198.070007324219,198.880004882812,194.910003662109,197.149993896484,7351500,188.157913208008
"2024-04-10",195.550003051758,197.070007324219,194.179992675781,195.470001220703,7681400,186.554550170898
"2024-04-11",196,196.570007324219,193.240005493164,195.429992675781,10137700,186.516342163086
"2024-04-12",188.320007324219,188.929992675781,182.539993286133,182.789993286133,31532300,174.452896118164
"2024-04-15",184.5,187.460006713867,182.199996948242,182.889999389648,14766600,174.548324584961
"2024-04-16",182.899993896484,183.160003662109,179.649993896484,180.800003051758,16451800,172.553649902344
"2024-04-17",181.369995117188,182.419998168945,179.199996948242,180.080001831055,9017100,171.866500854492
"2024-04-18",181.100006103516,183.360000610352,179.970001220703,181.25,9557700,172.983123779297
"2024-04-19",182.399993896484,185.880004882812,181.410003662109,185.800003051758,13402300,177.325576782227
"2024-04-22",185.990005493164,190.130004882812,185.979995727539,189.410003662109,11529700,180.770935058594
"2024-04-23",191.130004882812,192.229995727539,190.520004272461,192.139999389648,9144400,183.376434326172
"2024-04-24",190.529998779297,193.229995727539,190.169998168945,193.080001831055,6964900,184.273529052734
"2024-04-25",192.25,193.940002441406,191.179992675781,193.369995117188,9802300,184.550308227539
"2024-04-26",193.570007324219,194.869995117188,193.059997558594,193.490005493164,6413700,184.66487121582
"2024-04-29",193.479995727539,194.259994506836,192.429992675781,193.279998779297,5387800,184.464431762695
"2024-04-30",192.809997558594,194.990005493164,191.639999389648,191.740005493164,8153700,182.994674682617
"2024-05-01",192.270004272461,194.460006713867,190.789993286133,191.860000610352,7445300,183.109191894531
"2024-05-02",193.070007324219,193.5,189.520004272461,191.660003662109,6501700,182.918334960938
"2024-05-03",192,192.529998779297,188.460006713867,190.509994506836,8922800,181.820770263672
"2024-05-06",191.729995727539,192.199996948242,189.820007324219,192,7911100,183.242797851562
"2024-05-07",191.699996948242,192.929992675781,191.649993896484,191.75,7688800,183.004211425781
"2024-05-08",191,196.649993896484,191,195.649993896484,9227600,186.726348876953
"2024-05-09",195.169998168945,197.589996337891,195.100006103516,197.5,7977300,188.491973876953
"2024-05-10",198.539993286133,199.339996337891,198.270004272461,198.770004272461,7529800,189.704040527344
"2024-05-13",198.800003051758,199.850006103516,198.039993286133,198.729995727539,7049200,189.66584777832
"2024-05-14",199,201.580001831055,198.160003662109,201.509994506836,8596200,192.319061279297
"2024-05-15",202.009994506836,202.690002441406,199.770004272461,202.110000610352,8370000,192.891693115234
"2024-05-16",202.220001220703,204.479995727539,201.990005493164,202.470001220703,8497900,193.235275268555
"2024-05-17",203.809997558594,205.050003051758,202.809997558594,204.789993286133,9260500,195.449462890625
"2024-05-20",204.389999389648,205.880004882812,195.399993896484,195.580001831055,17373300,186.659530639648
"2024-05-21",197,199.899993896484,196.600006103516,199.520004272461,14420800,190.419845581055
"2024-05-22",199,200.940002441406,197.690002441406,198.309997558594,9425300,189.264999389648
"2024-05-23",197.809997558594,198.300003051758,196.070007324219,196.919998168945,8069400,187.938400268555
"2024-05-24",197.75,200.759994506836,197.559997558594,200.710006713867,7356200,191.555572509766
"2024-05-28",199.860000610352,200.410003662109,198.660003662109,199.5,6910200,190.400726318359
"2024-05-29",198,198.990005493164,196.889999389648,198.110000610352,6120000,189.074127197266
"2024-05-30",198.559997558594,199.850006103516,198.399993896484,199.330001831055,6829100,190.238464355469
"2024-05-31",199.300003051758,203.300003051758,198.350006103516,202.630004882812,14417900,193.387985229492
"2024-06-03",202.309997558594,202.419998168945,199.190002441406,201.820007324219,6444300,192.614929199219
"2024-06-04",200.160003662109,201.979995727539,198.279998779297,199.160003662109,6848300,190.076232910156
"2024-06-05",199.759994506836,199.820007324219,196.919998168945,197.259994506836,8351600,188.262908935547
"2024-06-06",197.259994506836,198.020004272461,195.330001831055,196.910003662109,7640300,187.92887878418
"2024-06-07",197.429992675781,200.919998168945,197.009994506836,199.949996948242,6964500,190.830200195312
"2024-06-10",199.240005493164,200.839996337891,198.440002441406,199.610000610352,6070800,190.505737304688
"2024-06-11",197.910003662109,197.940002441406,193.600006103516,194.360000610352,9235300,185.495193481445
"2024-06-12",196,196.720001220703,191.309997558594,191.529998779297,12751300,182.79426574707
"2024-06-13",192.320007324219,194.580001831055,190.880004882812,193.660003662109,8587800,184.827117919922
"2024-06-14",191.449996948242,194.860000610352,191.419998168945,193.779998779297,6874000,184.941619873047
"2024-06-17",193.479995727539,195.580001831055,192.639999389648,194.979995727539,8725400,186.086898803711
"2024-06-18",194.600006103516,197.960006713867,194.130004882812,197,9023000,188.014755249023
"2024-06-20",196.389999389648,199.449996948242,196.110000610352,198.669998168945,8731100,189.608581542969
"2024-06-21",196.710006713867,197.169998168945,194.220001220703,196.300003051758,20972100,187.346694946289
"2024-06-24",197.809997558594,199.229995727539,197.100006103516,198.880004882812,9785900,189.809036254883
"2024-06-25",198.089996337891,200.070007324219,197.740005493164,198.070007324219,6862500,189.035949707031
"2024-06-26",197.449996948242,197.940002441406,196.279998779297,197.429992675781,7758600,188.42512512207
"2024-06-27",197.440002441406,199.860000610352,196.899993896484,199.169998168945,7913500,190.085784912109
"2024-06-28",200.009994506836,202.600006103516,199.300003051758,202.259994506836,15307600,193.034851074219
"2024-07-01",202.839996337891,207.089996337891,202.660003662109,205.449996948242,10205800,196.079376220703
"2024-07-02",205.289993286133,208.860000610352,204.770004272461,208.830001831055,7802900,199.305191040039
"2024-07-03",209.550003051758,210.380004882812,207.649993896484,208.690002441406,5560900,199.171585083008
"2024-07-05",206.990005493164,207.369995117188,204.520004272461,204.789993286133,8093100,196.532470703125
"2024-07-08",205.039993286133,206.899993896484,203.970001220703,205.169998168945,8707000,196.89714050293
"2024-07-09",205.630004882812,209.759994506836,205.449996948242,207.630004882812,9058900,199.257965087891
"2024-07-10",206.139999389648,207.970001220703,205.580001831055,207.800003051758,8328500,199.421096801758
"2024-07-11",206.210006713867,208.100006103516,205.380004882812,207.449996948242,10658100,199.085205078125
"2024-07-12",204,207.449996948242,202.100006103516,204.940002441406,15443400,196.676422119141
"2024-07-15",207.190002441406,211.610000610352,206.720001220703,210.050003051758,10719700,201.58039855957
"2024-07-16",210,213.740005493164,208.080001831055,213.619995117188,11557000,205.006423950195
"2024-07-17",213.800003051758,217.559997558594,213.270004272461,216.869995117188,11572500,208.125381469727
"2024-07-18",215.630004882812,216.639999389648,209.240005493164,209.979995727539,12415100,201.513168334961
"2024-07-19",211.199996948242,212.350006103516,208.919998168945,209.779998779297,8095900,201.321273803711
"2024-07-22",210.460006713867,212.169998168945,209.710006713867,210.279998779297,7663200,201.801086425781
"2024-07-23",211.020004272461,211.479995727539,209.350006103516,210.330001831055,5557300,201.849060058594
"2024-07-24",209.550003051758,212.029998779297,208.070007324219,208.589996337891,7119000,200.179229736328
"2024-07-25",208.649993896484,210.190002441406,208.050003051758,208.669998168945,6403800,200.25602722168
"2024-07-26",209.240005493164,213.160003662109,208.619995117188,212.240005493164,8027800,203.682067871094
"2024-07-29",212.649993896484,213.610000610352,210.550003051758,210.850006103516,6533600,202.348114013672
"2024-07-30",213.229995727539,215.789993286133,212.960006713867,215.190002441406,8850700,206.513122558594
"2024-07-31",214.779998779297,216.389999389648,212.669998168945,212.800003051758,9071600,204.219467163086
"2024-08-01",213.199996948242,213.830001831055,206.380004882812,207.960006713867,10918600,199.574676513672
"2024-08-02",203.880004882812,204.669998168945,196.889999389648,199.139999389648,18041700,191.110275268555
"2024-08-05",194.050003051758,196.169998168945,190.899993896484,194.899993896484,13927000,187.041229248047
"2024-08-06",195.399993896484,202.600006103516,194,200.339996337891,10605800,192.26188659668
"2024-08-07",203.509994506836,205.75,200.199996948242,200.399993896484,9204400,192.319473266602
"2024-08-08",202.470001220703,204.910003662109,201.789993286133,204.059997558594,7761200,195.831893920898
"2024-08-09",203.470001220703,206.470001220703,202.899993896484,205.800003051758,5540200,197.501739501953
"2024-08-12",206.410003662109,207.139999389648,203.660003662109,206.190002441406,6936000,197.876022338867
"2024-08-13",207.729995727539,208.089996337891,205.399993896484,207.940002441406,6387800,199.555435180664
"2024-08-14",207.740005493164,210.759994506836,207.119995117188,210.240005493164,6999800,201.762710571289
"2024-08-15",213,213.889999389648,211.100006103516,211.550003051758,7001000,203.019912719727
"2024-08-16",211.690002441406,214.089996337891,211.589996337891,213.970001220703,7931200,205.342315673828
"2024-08-19",214,215.529998779297,213.820007324219,215.449996948242,6090800,206.762634277344
"2024-08-20",215,216,213.679992675781,214.520004272461,5640000,205.870147705078
"2024-08-21",214.429992675781,215,212.839996337891,214.600006103516,5202300,205.946899414062
"2024-08-22",214.580001831055,216.800003051758,214.339996337891,216.630004882812,5247100,207.895065307617
"2024-08-23",217.600006103516,219.190002441406,216.5,218.309997558594,7214000,209.507293701172
"2024-08-26",219.009994506836,219.679992675781,218.050003051758,219.169998168945,5105200,210.332641601562
"2024-08-27",219.509994506836,220.419998168945,219.190002441406,220.179992675781,5185200,211.301910400391
"2024-08-28",219.25,222.210006713867,219.190002441406,221.289993286133,6506400,212.367141723633
"2024-08-29",222.149993896484,222.979995727539,218.940002441406,222.210006713867,6416100,213.250091552734
"2024-08-30",222.5,225.479995727539,221.929992675781,224.800003051758,8574100,215.735610961914
"2024-09-03",222.300003051758,224.100006103516,219.240005493164,220.300003051758,8956100,211.417068481445
"2024-09-04",221.039993286133,222.070007324219,217.210006713867,219.330001831055,7389500,210.486175537109
"2024-09-05",220.149993896484,220.800003051758,216.029998779297,217.630004882812,8067900,208.854736328125
"2024-09-06",217.600006103516,218.740005493164,211.089996337891,212.460006713867,7777000,203.893203735352
"2024-09-09",215.190002441406,218.149993896484,214.179992675781,216.809997558594,8935100,208.067779541016
"2024-09-10",218.600006103516,218.639999389648,200.610000610352,205.559997558594,28406900,197.271423339844
"2024-09-11",205.25,207.699996948242,201.830001831055,207.229995727539,13658700,198.874084472656
"2024-09-12",207.649993896484,208.779998779297,204.889999389648,206.600006103516,9054400,198.269470214844
"2024-09-13",206.860000610352,207.850006103516,203.020004272461,204.320007324219,10226700,196.081405639648
"2024-09-16",205.830001831055,208.210006713867,205.589996337891,207.860000610352,8634900,199.478668212891
"2024-09-17",207.729995727539,209.929992675781,207.660003662109,209.25,7573300,200.812622070312
"2024-09-18",209.009994506836,211.339996337891,206.699996948242,207.529998779297,8259900,199.161972045898
"2024-09-19",209.779998779297,211.910003662109,207.339996337891,210.479995727539,11635200,201.993026733398
"2024-09-20",209.929992675781,211.419998168945,209.5,211.089996337891,20885000,202.57844543457
"2024-09-23",211,211.800003051758,209.990005493164,211.440002441406,7223500,202.914337158203
"2024-09-24",211.149993896484,212.949996948242,210.369995117188,211.589996337891,7323200,203.058258056641
"2024-09-25",211.679992675781,212.240005493164,208.610000610352,210.190002441406,8976500,201.714752197266
"2024-09-26",211.130004882812,211.699996948242,209.009994506836,209.779998779297,7807500,201.321273803711
"2024-09-27",210.649993896484,212.440002441406,209.330001831055,210.5,7032500,202.01220703125
"2024-09-30",206.309997558594,210.960006713867,205.259994506836,210.860000610352,8663800,202.357711791992
"2024-10-01",208.899993896484,209.089996337891,206.190002441406,207.039993286133,8540100,198.691757202148
"2024-10-02",207.080001831055,208.949996948242,205.690002441406,207.289993286133,5810900,198.931671142578
"2024-10-03",206.169998168945,206.490005493164,204.339996337891,205.229995727539,7251300,196.954727172852
"2024-10-04",209.300003051758,211.669998168945,206.910003662109,211.220001220703,10211700,203.945373535156
"2024-10-07",211.029998779297,213.330001831055,209.690002441406,210.929992675781,6718900,203.665344238281
"2024-10-08",210.580001831055,211.330001831055,208.380004882812,210.75,6021800,203.491561889648
"2024-10-09",209.699996948242,214.240005493164,209.380004882812,213.419998168945,7024000,206.069595336914
"2024-10-10",214.809997558594,214.809997558594,211.470001220703,212.839996337891,7927100,205.509567260742
"2024-10-11",215.669998168945,224.630004882812,215.160003662109,222.289993286133,18320700,214.63410949707
"2024-10-14",223.199996948242,223.699996948242,218.880004882812,221.479995727539,9048900,213.852005004883
"2024-10-15",223.660003662109,225.449996948242,221.820007324219,222.389999389648,9235800,214.730682373047
"2024-10-16",222.330001831055,223.679992675781,221.039993286133,223.639999389648,6382500,215.937622070312
"2024-10-17",224.270004272461,225.850006103516,223.309997558594,224.419998168945,6470200,216.690719604492
"2024-10-18",225,225.919998168945,223.100006103516,225.369995117188,7000500,217.608016967773
"2024-10-21",225.220001220703,225.699996948242,222.899993896484,223,5870000,215.319641113281
"2024-10-22",223.020004272461,225.279998779297,221.100006103516,224.119995117188,9586800,216.401062011719
"2024-10-23",223.660003662109,224.800003051758,222.529998779297,223.410003662109,6180500,215.715530395508
"2024-10-24",221.830001831055,225.059997558594,221.660003662109,224.979995727539,6002200,217.2314453125
"2024-10-25",225,225.619995117188,220.880004882812,222.309997558594,6369700,214.653411865234
"2024-10-28",223.350006103516,225.639999389648,222.949996948242,225.5,6843000,217.733535766602
"2024-10-29",225.210006713867,226.75,222.809997558594,222.899993896484,6580000,215.223098754883
"2024-10-30",222.539993286133,226.309997558594,221.580001831055,224.410003662109,7110900,216.681076049805
"2024-10-31",224.699996948242,225.690002441406,221.820007324219,221.919998168945,7829900,214.276840209961
"2024-11-01",223.559997558594,226.149993896484,222.699996948242,222.940002441406,6923500,215.261703491211
"2024-11-04",222.649993896484,223.759994506836,219.169998168945,219.779998779297,8229600,212.210525512695
"2024-11-05",220.029998779297,221.960006713867,220,221.490005493164,5600700,213.861679077148
"2024-11-06",235,248,234.770004272461,247.059997558594,23987800,238.550994873047
"2024-11-07",244.5,244.570007324219,235.220001220703,236.380004882812,16451100,228.238845825195
"2024-11-08",239.339996337891,239.339996337891,235.779998779297,236.979995727539,9502100,228.818176269531
"2024-11-11",240,242.100006103516,239,239.289993286133,9017100,231.048599243164
"2024-11-12",240.550003051758,241.460006713867,238.759994506836,239.559997558594,6861000,231.309326171875
"2024-11-13",240.580001831055,244.089996337891,240.309997558594,241.160003662109,11472600,232.854187011719
"2024-11-14",242.419998168945,244.289993286133,241.050003051758,241.869995117188,10172200,233.539749145508
"2024-11-15",241.460006713867,246.419998168945,241.460006713867,245.309997558594,11518800,236.861267089844
"2024-11-18",247.759994506836,247.929992675781,242.679992675781,245.029998779297,9051400,236.590927124023
"2024-11-19",242.25,245.149993896484,241.550003051758,243.089996337891,6792700,234.717727661133
"2024-11-20",244.399993896484,244.610000610352,238.639999389648,240.779998779297,9015300,232.487289428711
"2024-11-21",243.229995727539,245.490005493164,242.110000610352,244.759994506836,8783500,236.330200195312
"2024-11-22",243.610000610352,249.149993896484,243.029998779297,248.550003051758,7997300,239.989669799805
"2024-11-25",249.589996337891,254.309997558594,249.059997558594,250.289993286133,10295400,241.669769287109
"2024-11-26",250.490005493164,251,248.339996337891,249.970001220703,6212100,241.360763549805
"2024-11-27",249.350006103516,251.190002441406,248.770004272461,249.789993286133,5472300,241.186950683594
"2024-11-29",249.860000610352,251.770004272461,249.449996948242,249.720001220703,5494800,241.119384765625
"2024-12-02",249.550003051758,250.25,245.029998779297,246.25,8899700,237.768890380859
"2024-12-03",248.229995727539,249.039993286133,244.630004882812,244.820007324219,6657700,236.388168334961
"2024-12-04",244.699996948242,245.350006103516,242.229995727539,243.399993896484,7346300,235.017059326172
"2024-12-05",245.389999389648,247.179992675781,244.619995117188,245.479995727539,6572500,237.025421142578
"2024-12-06",245.699996948242,247.740005493164,244.839996337891,247.360000610352,5519700,238.84065246582
"2024-12-09",247.130004882812,247.869995117188,243.759994506836,243.809997558594,7076500,235.412933349609
"2024-12-10",243.889999389648,247.960006713867,242.220001220703,242.860000610352,9108300,234.495666503906
"2024-12-11",244,244.270004272461,242.179992675781,243.529998779297,7884400,235.142593383789
"2024-12-12",243,244.100006103516,241.039993286133,241.529998779297,6113800,233.211441040039
"2024-12-13",242.070007324219,242.720001220703,239.139999389648,239.940002441406,10392700,231.676239013672
"2024-12-16",240.610000610352,240.669998168945,237.520004272461,239.580001831055,9032000,231.32861328125
"2024-12-17",238.649993896484,239.020004272461,236.630004882812,238.360000610352,8083600,230.150650024414
"2024-12-18",239,239.070007324219,229.529998779297,230.369995117188,11322400,222.435806274414
"2024-12-19",232.270004272461,236.360000610352,232.270004272461,232.960006713867,11790800,224.936630249023
"2024-12-20",231.919998168945,239.210006713867,231.589996337891,237.600006103516,32348400,229.416809082031
"2024-12-23",236.070007324219,238.619995117188,234.880004882812,238.389999389648,8611500,230.179611206055
"2024-12-24",239.429992675781,242.490005493164,239.070007324219,242.309997558594,3729100,233.964599609375
"2024-12-26",241.429992675781,243.259994506836,240.789993286133,243.139999389648,4451800,234.766006469727
"2024-12-27",242.720001220703,243.389999389648,240.039993286133,241.169998168945,5730200,232.863861083984
"2024-12-30",238.770004272461,240.839996337891,237.110000610352,239.320007324219,5723800,231.077575683594
"2024-12-31",240.050003051758,241.440002441406,239.029998779297,239.710006713867,4871000,231.454162597656
"2025-01-02",240.919998168945,243.279998779297,239.449996948242,240,9220900,231.734161376953
"2025-01-03",243.889999389648,244.880004882812,240.259994506836,243.279998779297,9491100,234.901184082031
"2025-01-06",243.699996948242,245.690002441406,240.580001831055,240.850006103516,9917800,233.755950927734
"2025-01-07",242.139999389648,245.259994506836,240.899993896484,243.169998168945,8753400,236.007598876953
"2025-01-08",242.75,244.25,240.5,243.130004882812,8675300,235.968780517578
"2025-01-10",243.089996337891,243.809997558594,238.740005493164,239.869995117188,10256800,232.804794311523
"2025-01-13",239.669998168945,244.539993286133,239,244.210006713867,10005300,237.016952514648
"2025-01-14",242.660003662109,247.720001220703,242.190002441406,247.470001220703,12407400,240.180953979492
"2025-01-15",250.399993896484,253.669998168945,243.679992675781,252.350006103516,18448500,244.917221069336
"2025-01-16",254,257.040008544922,252.330001831055,254.270004272461,15292300,246.780670166016
"2025-01-17",254.139999389648,260.619995117188,252.139999389648,259.160003662109,17678100,251.526672363281
"2025-01-21",260.070007324219,264.25,259.5,263.029998779297,13712100,255.282653808594
"2025-01-22",262.899993896484,263.380004882812,260.25,262.839996337891,9021900,255.098236083984
"2025-01-23",264.690002441406,266.859985351562,263.809997558594,265.950012207031,10749700,258.116668701172
"2025-01-24",263.690002441406,267.100006103516,263.010009765625,264.839996337891,7666300,257.039337158203
"2025-01-27",264.170013427734,265.970001220703,262.260009765625,265.850006103516,7522300,258.019622802734
"2025-01-28",265.850006103516,267.329986572266,264.829986572266,267.140014648438,7375400,259.271606445312
"2025-01-29",267.209991455078,270.679992675781,265.609985351562,266.579986572266,7684900,258.728057861328
"2025-01-30",268.630004882812,269.700012207031,266.619995117188,268.230010986328,8753500,260.329498291016
"2025-01-31",269.230010986328,270.820007324219,266.959991455078,267.299987792969,7193800,259.426879882812
"2025-02-03",261.829986572266,268.170013427734,261.700012207031,266.809997558594,8381400,258.951263427734
"2025-02-04",269.839996337891,269.839996337891,266.829986572266,267.940002441406,5626000,260.048034667969
"2025-02-05",268.910003662109,270.640014648438,268.329986572266,270.429992675781,5704400,262.464721679688
"2025-02-06",272.450012207031,276.980010986328,271.190002441406,276.899993896484,7264400,268.744079589844
"2025-02-07",277.269989013672,278.549987792969,274.709991455078,275.799987792969,6857900,267.676513671875
"2025-02-10",276.149993896484,276.179992675781,269.589996337891,271.040008544922,8627400,263.056701660156
"2025-02-11",270.260009765625,276.220001220703,269.660003662109,274.989990234375,7196400,266.890350341797
"2025-02-12",274.079986572266,276.450012207031,273.25,275.450012207031,6683900,267.336853027344
"2025-02-13",275.5,276.970001220703,273.809997558594,276.320007324219,8398700,268.181213378906
"2025-02-14",277.369995117188,279.230010986328,276.450012207031,276.589996337891,5688600,268.443237304688
"2025-02-18",276.760009765625,279.970001220703,276.019989013672,279.950012207031,7919800,271.704315185547
"2025-02-19",278.380004882812,280.25,277.220001220703,279.25,7007200,271.02490234375
"2025-02-20",278.679992675781,278.739990234375,265.739990234375,266.799987792969,13846700,258.941619873047
"2025-02-21",268.320007324219,269.200012207031,262.839996337891,264.239990234375,12835600,256.45703125
"2025-02-24",265.489990234375,267,258.609985351562,261.339996337891,10372800,253.642395019531
"2025-02-25",262.230010986328,263,253.350006103516,257.399993896484,9608400,249.818466186523
"2025-02-26",257.160003662109,260.910003662109,256.929992675781,258.790008544922,5943600,251.167541503906
"2025-02-27",260.179992675781,263.640014648438,257.859985351562,259.049987792969,8204400,251.419860839844
"2025-02-28",260.730010986328,264.809997558594,257.890014648438,264.649993896484,10467100,256.854919433594
"2025-03-03",264,266.320007324219,257.820007324219,260.619995117188,9058300,252.943603515625
"2025-03-04",255.279998779297,257.230010986328,245.949996948242,250.25,13465600,242.879058837891
"2025-03-05",251.25,253.050003051758,247.830001831055,251.529998779297,7861400,244.121368408203
"2025-03-06",248.110000610352,249.360000610352,243.850006103516,246.539993286133,9983200,239.278335571289
"2025-03-07",245.229995727539,246.720001220703,239.419998168945,242.279998779297,20498700,235.143814086914
"2025-03-10",236.210006713867,237.509994506836,228.699996948242,232.220001220703,18887200,225.380157470703
"2025-03-11",231.75,233.320007324219,226.690002441406,229.139999389648,18143000,222.390853881836
"2025-03-12",234,234.320007324219,227.259994506836,227.899993896484,16054000,221.187362670898
"2025-03-13",229.300003051758,229.5,224.229995727539,225.190002441406,16467900,218.557189941406
"2025-03-14",228.119995117188,233.139999389648,227.580001831055,232.440002441406,11962100,225.593643188477
"2025-03-17",231.179992675781,235.669998168945,230.460006713867,233.929992675781,9586000,227.039749145508
"2025-03-18",234.320007324219,236.169998168945,233.520004272461,234.970001220703,10344900,228.049118041992
"2025-03-19",235.740005493164,242.330001831055,234.889999389648,239.110000610352,10120600,232.067184448242
"2025-03-20",236.559997558594,241.759994506836,236.199996948242,239.009994506836,8328500,231.970108032227
"2025-03-21",237.809997558594,242.300003051758,236.5,241.630004882812,19326900,234.512969970703
"2025-03-24",245.479995727539,248.690002441406,244.410003662109,248.059997558594,9422700,240.75358581543
"2025-03-25",249.309997558594,251.820007324219,247.619995117188,251.130004882812,9287700,243.733169555664
"2025-03-26",252.600006103516,254.669998168945,249.779998779297,251.029998779297,12779300,243.636093139648
"2025-03-27",249.529998779297,250.639999389648,247.179992675781,248.119995117188,8022500,240.811782836914
"2025-03-28",246.940002441406,249.509994506836,241.110000610352,242.850006103516,11978400,235.697036743164
"2025-03-31",239.410003662109,245.860000610352,237.360000610352,245.300003051758,13603000,238.07487487793
"2025-04-01",242.619995117188,245.690002441406,240.880004882812,243.660003662109,8054700,236.483184814453
"2025-04-02",241.600006103516,247.25,241.460006713867,245.820007324219,7758800,238.579559326172
"2025-04-03",234.270004272461,235.139999389648,227.300003051758,228.690002441406,17188500,221.954116821289
"2025-04-04",215.309997558594,217.699996948242,208.929992675781,210.279998779297,27170700,205.343444824219
"2025-04-07",205.770004272461,222.050003051758,202.160003662109,214.440002441406,22914400,209.405776977539
"2025-04-08",223.520004272461,227.839996337891,213.25,216.869995117188,19485700,211.778732299805
"2025-04-09",212.5,237.479995727539,211,234.339996337891,24022400,228.838592529297
"2025-04-10",230,230.350006103516,220.100006103516,227.110000610352,18896400,221.778305053711
"2025-04-11",226.309997558594,238.580001831055,225,236.199996948242,20284500,230.654922485352
"2025-04-14",237.100006103516,239.779998779297,233.630004882812,234.720001220703,13017800,229.209671020508
"2025-04-15",236.100006103516,238.649993896484,232.820007324219,233.130004882812,10912900,227.657028198242
"2025-04-16",232,233.580001831055,227.929992675781,229.610000610352,9322300,224.219635009766
"2025-04-17",230.800003051758,234.339996337891,230.550003051758,231.960006713867,9557900,226.51448059082
"2025-04-21",230.630004882812,231.809997558594,226.339996337891,228.990005493164,8716200,223.614181518555
"2025-04-22",231.979995727539,235.990005493164,231.369995117188,235.589996337891,10701400,230.05924987793
"2025-04-23",240.220001220703,246.789993286133,240,240.880004882812,14126800,235.225067138672
"2025-04-24",239.740005493164,245.470001220703,237.580001831055,244.639999389648,9055200,238.896789550781
"2025-04-25",244.649993896484,245.619995117188,241.75,243.550003051758,8588600,237.832382202148
"2025-04-28",244.559997558594,246.839996337891,240.839996337891,243.220001220703,7394300,237.510116577148
"2025-04-29",242.190002441406,245.25,241.690002441406,244.619995117188,7216800,238.877258300781
"2025-04-30",241.210006713867,245.220001220703,238.429992675781,244.619995117188,12991700,238.877258300781
"2025-05-01",242.839996337891,248.449996948242,242.169998168945,246.889999389648,8689600,241.093994140625
"2025-05-02",251.259994506836,253.619995117188,249.460006713867,252.509994506836,7165000,246.58203125
"2025-05-05",251.179992675781,255.160003662109,250.589996337891,252.559997558594,5450700,246.630859375
"2025-05-06",250,252.649993896484,249,249.25,6369900,243.398559570312
"2025-05-07",249.850006103516,252.449996948242,248.830001831055,249.389999389648,8724100,243.535278320312
"2025-05-08",251.570007324219,255.880004882812,251.550003051758,253.470001220703,8320100,247.519500732422
"2025-05-09",254.5,255.509994506836,252.339996337891,253.080001831055,5087600,247.138656616211
"2025-05-12",262.899993896484,263.600006103516,258.700012207031,260.049987792969,9603900,253.945007324219
"2025-05-13",261.029998779297,263.670013427734,260.390014648438,263.010009765625,8589000,256.835571289062
"2025-05-14",263,266.640014648438,262.290008544922,265.640014648438,8643100,259.403839111328
"2025-05-15",266.970001220703,269.519989013672,264.760009765625,267.489990234375,9214600,261.210357666016
"2025-05-16",267.5,268.459991455078,264.709991455078,267.559997558594,8932900,261.278717041016
"2025-05-19",265.549987792969,268.320007324219,261.929992675781,264.880004882812,12145000,258.66162109375
"2025-05-20",262.519989013672,266.660003662109,262.299987792969,265.679992675781,8436300,259.442840576172
"2025-05-21",264.350006103516,265.649993896484,260.730010986328,261.040008544922,7464000,254.91178894043
"2025-05-22",259.440002441406,262.299987792969,258.869995117188,260.670013427734,6514100,254.550506591797
"2025-05-23",256.809997558594,261.989990234375,256,260.709991455078,6671800,254.589508056641
"2025-05-27",262.040008544922,265.299987792969,261.989990234375,265.290008544922,7506600,259.06201171875
"2025-05-28",266.239990234375,266.720001220703,262.899993896484,263.489990234375,5535400,257.304260253906
"2025-05-29",264.799987792969,265.410003662109,262.529998779297,264.369995117188,5081200,258.16357421875
"2025-05-30",263.450012207031,265.329986572266,262.730010986328,264,10977700,257.802307128906
"2025-06-02",263.019989013672,265.029998779297,261.899993896484,264.660003662109,6011200,258.44677734375
"2025-06-03",263.730010986328,266.579986572266,262.880004882812,266.269989013672,6998400,260.018981933594
"2025-06-04",265.920013427734,267.119995117188,264.179992675781,264.220001220703,5915700,258.017120361328
"2025-06-05",264.739990234375,264.739990234375,260.309997558594,261.950012207031,8173800,255.800430297852
"2025-06-06",264.329986572266,266.649993896484,264.260009765625,265.730010986328,7738100,259.49169921875
"2025-06-09",266,267.899993896484,263.350006103516,266.739990234375,8285000,260.477966308594
"2025-06-10",265.880004882812,268.899993896484,265.850006103516,268.600006103516,7538100,262.294281005859
"2025-06-11",268.679992675781,269.619995117188,265.790008544922,268.149993896484,7434100,261.854858398438
"2025-06-12",266.859985351562,268.290008544922,265.140014648438,268.239990234375,6618000,261.942718505859
"2025-06-13",265.079986572266,267.019989013672,262.709991455078,264.950012207031,7098300,258.730010986328
"2025-06-16",267,271.730010986328,266.850006103516,270.359985351562,8566000,264.012969970703
"2025-06-17",268.170013427734,270.589996337891,267.799987792969,269.519989013672,6739300,263.192687988281
"2025-06-18",270,277.720001220703,269.720001220703,273.959991455078,9586400,267.528472900391
"2025-06-20",275.570007324219,277.299987792969,273.809997558594,275,13969700,268.544036865234
"2025-06-23",275.059997558594,278.549987792969,272.109985351562,278.269989013672,8094600,271.737274169922
"2025-06-24",280.209991455078,282.709991455078,279.510009765625,281.260009765625,9267900,274.657104492188
"2025-06-25",281.5,284.279998779297,280.910003662109,284.059997558594,6826900,277.391357421875
"2025-06-26",284.700012207031,289.410003662109,284.470001220703,288.75,8942100,281.971282958984
"2025-06-27",285.809997558594,288.700012207031,285.040008544922,287.109985351562,17868600,280.369750976562
"2025-06-30",290.399993896484,292.649993896484,288.920013427734,289.910003662109,12689200,283.10400390625
"2025-07-01",290.890014648438,291.130004882812,286.589996337891,290.410003662109,9338300,283.592315673828
"2025-07-02",292.040008544922,292.820007324219,289.700012207031,292,8158700,285.144989013672
"2025-07-03",292.149993896484,296.399993896484,291.209991455078,296,6541600,290.443603515625
"2025-07-07",295.25,296.040008544922,290.079986572266,291.970001220703,8825700,286.489227294922
"2025-07-08",289.269989013672,289.700012207031,280.309997558594,282.779998779297,15440900,277.471740722656
"2025-07-09",287.179992675781,287.200012207031,282.480010986328,283.160003662109,11273800,277.844604492188
"2025-07-10",283,288.309997558594,283,288.190002441406,8410900,282.780212402344
"2025-07-11",285.519989013672,287.380004882812,283.649993896484,286.859985351562,7384700,281.475128173828
"2025-07-14",287.070007324219,289.299987792969,285.260009765625,288.700012207031,9079900,283.280639648438
"2025-07-15",288,291.950012207031,285.480010986328,286.549987792969,12526100,281.170959472656
"2025-07-16",288.399993896484,290.730010986328,283.010009765625,285.820007324219,9979800,280.454681396484
"2025-07-17",283.440002441406,290.299987792969,283.440002441406,289.899993896484,8509500,284.458099365234
"2025-07-18",289.519989013672,292.5,288.230010986328,291.269989013672,12217000,285.802398681641
"2025-07-21",291,294.179992675781,290.579986572266,290.970001220703,7898100,285.507995605469
"2025-07-22",291.5,293.630004882812,289.179992675781,291.429992675781,6717500,285.959381103516
"2025-07-23",292.839996337891,296.989990234375,292.549987792969,296.760009765625,7083500,291.189331054688
"2025-07-24",297.420013427734,299.589996337891,296.200012207031,296.549987792969,7001200,290.983276367188
"2025-07-25",296.700012207031,298.899993896484,295.959991455078,298.619995117188,5918500,293.014404296875
"2025-07-28",297.660003662109,299.429992675781,296.820007324219,298.279998779297,5840400,292.680786132812
"2025-07-29",300,301.290008544922,296.200012207031,297.040008544922,7635700,291.464111328125
"2025-07-30",297.420013427734,300.609985351562,297.380004882812,299.630004882812,8061700,294.005462646484
"2025-07-31",299.140014648438,300.980010986328,295.5,296.239990234375,14749700,290.679077148438
"2025-08-01",290.399993896484,291.799987792969,284.239990234375,289.369995117188,12007100,283.938079833984
"2025-08-04",290.260009765625,294.320007324219,290.260009765625,294.260009765625,6649500,288.736267089844
"2025-08-05",294.690002441406,295.790008544922,287.239990234375,291.369995117188,7182300,285.900482177734
"2025-08-06",292.299987792969,293.290008544922,290.160003662109,291.350006103516,6330200,285.880889892578
"2025-08-07",292.940002441406,293.459991455078,286.410003662109,286.940002441406,8057100,281.553680419922
"2025-08-08",288.980010986328,291.230010986328,284.709991455078,288.760009765625,6634100,283.339477539062
"2025-08-11",289.399993896484,291.320007324219,288.779998779297,289.559997558594,5510100,284.124450683594
"2025-08-12",291.5,294.75,290.339996337891,292.850006103516,8570900,287.352752685547
"2025-08-13",293.950012207031,294.549987792969,287.160003662109,290.529998779297,8420400,285.076293945312
"2025-08-14",290.579986572266,294.200012207031,289.640014648438,294.160003662109,6322400,288.638153076172
"2025-08-15",294.839996337891,295.5,289.820007324219,290.489990234375,7340500,285.037017822266
"2025-08-18",290,291.899993896484,288.410003662109,291.529998779297,5386900,286.057495117188
"2025-08-19",290.829986572266,292.480010986328,289.529998779297,290.660003662109,6031500,285.203857421875
"2025-08-20",290.809997558594,293.329986572266,287.269989013672,292.239990234375,7374200,286.754150390625
"2025-08-21",291.940002441406,292.769989013672,289.470001220703,291.470001220703,6624000,285.998657226562
"2025-08-22",293.200012207031,297.160003662109,290.130004882812,296.239990234375,8552800,290.679077148438
"2025-08-25",296.239990234375,297.350006103516,294.140014648438,294.899993896484,5856300,289.3642578125
"2025-08-26",294.160003662109,298.739990234375,293.5,298.570007324219,6714700,292.96533203125
"2025-08-27",297.25,301.070007324219,297.040008544922,299.279998779297,6056500,293.662017822266
"2025-08-28",300.019989013672,301.239990234375,298.700012207031,301.070007324219,6410500,295.418426513672
"2025-08-29",302.040008544922,302.950012207031,299.730010986328,301.420013427734,6796400,295.761840820312
"2025-09-02",300.260009765625,300.459991455078,294.5,299.700012207031,7221900,294.074188232422
"2025-09-03",300.570007324219,300.570007324219,296.380004882812,299.510009765625,6316900,293.8876953125
"2025-09-04",300,304.429992675781,298.279998779297,303.820007324219,6605800,298.116821289062
"2025-09-05",303.649993896484,305.149993896484,294.309997558594,294.380004882812,9837700,288.85400390625
"2025-09-08",294.890014648438,296.459991455078,291.440002441406,292.910003662109,8188500,287.411590576172
"2025-09-09",292.600006103516,299,292.309997558594,297.850006103516,7848200,292.258880615234
"2025-09-10",296.700012207031,301.540008544922,295.399993896484,300.540008544922,7787300,294.898376464844
"2025-09-11",301.239990234375,305.730010986328,300.790008544922,305.559997558594,7942500,299.824157714844
"2025-09-12",305,307.549987792969,303.700012207031,306.910003662109,6846700,301.148803710938
"2025-09-15",307.170013427734,309.950012207031,307.170013427734,308.899993896484,7122000,303.101409912109
"2025-09-16",310,310.899993896484,307.130004882812,309.190002441406,10525600,303.385986328125
"2025-09-17",310.390014648438,312.910003662109,308.769989013672,311.75,8657800,305.897918701172
"2025-09-18",311.790008544922,313.440002441406,309.609985351562,313.230010986328,8050700,307.350158691406
"2025-09-19",313.600006103516,315.799987792969,309.119995117188,314.779998779297,23568600,308.871063232422
"2025-09-22",309.799987792969,313.700012207031,309.559997558594,312.440002441406,7520200,306.575012207031
"2025-09-23",311.820007324219,316.309997558594,310.579986572266,312.739990234375,8584400,306.869354248047
"2025-09-24",314.049987792969,316.579986572266,311.670013427734,313.420013427734,7310500,307.53662109375
"2025-09-25",314.119995117188,315.649993896484,311.799987792969,313.450012207031,7083200,307.566040039062
"2025-09-26",314.899993896484,317.809997558594,313.700012207031,316.059997558594,7258100,310.127014160156
"2025-09-29",317.059997558594,318.010009765625,313.660003662109,315.690002441406,6462400,309.764007568359
"2025-09-30",316.25,317.410003662109,310.109985351562,315.429992675781,11823300,309.508850097656
"2025-10-01",313.970001220703,314.589996337891,307.410003662109,310.709991455078,9235200,304.877471923828
"2025-10-02",310,310.559997558594,306.140014648438,307.549987792969,7600000,301.776763916016
"2025-10-03",308.510009765625,311.660003662109,308.209991455078,310.029998779297,6029900,304.210235595703
"2025-10-06",310.179992675781,311.75,305.130004882812,309.179992675781,7214500,304.851104736328
"2025-10-07",309.350006103516,310.010009765625,304.700012207031,307.690002441406,8454200,303.382019042969
"2025-10-08",308.209991455078,308.779998779297,303.549987792969,304.029998779297,6489900,299.773193359375
"2025-10-09",305.049987792969,308.040008544922,303.390014648438,305.529998779297,7060300,301.252227783203
"2025-10-10",305.660003662109,310.470001220703,300.809997558594,300.890014648438,8597400,296.677185058594
"2025-10-13",305.600006103516,309.459991455078,305.450012207031,307.970001220703,10788700,303.658081054688
"2025-10-14",305.839996337891,307,294.209991455078,302.079986572266,16178800,297.850524902344
"2025-10-15",306.390014648438,312.119995117188,305.440002441406,305.690002441406,11354800,301.410003662109
"2025-10-16",305.350006103516,308.679992675781,297.070007324219,298.540008544922,10549400,294.360076904297
"2025-10-17",299.160003662109,299.549987792969,294.200012207031,297.559997558594,10153500,293.393829345703
"2025-10-20",298.5,303.690002441406,298.160003662109,302.359985351562,6894900,298.126586914062
"2025-10-21",301.660003662109,304.049987792969,297,297.089996337891,7372700,292.930358886719
"2025-10-22",297.769989013672,298.059997558594,290.540008544922,294.109985351562,8054100,289.992126464844
"2025-10-23",294.380004882812,296.369995117188,292.510009765625,294.540008544922,5438800,290.416137695312
"2025-10-24",296.079986572266,302.600006103516,295.450012207031,300.440002441406,7228300,296.233489990234
"2025-10-27",302.160003662109,304.529998779297,301.010009765625,304.149993896484,5642200,299.891540527344
"2025-10-28",304.859985351562,307.970001220703,303.160003662109,305.359985351562,6336000,301.084625244141
"2025-10-29",303.510009765625,308.25,303.010009765625,305.510009765625,7520300,301.232543945312
"2025-10-30",305.790008544922,312.609985351562,305.100006103516,309.440002441406,7514600,305.107482910156
"2025-10-31",308.540008544922,312.869995117188,307.25,311.119995117188,7721300,306.763946533203
"2025-11-03",311,312.320007324219,306.209991455078,309.350006103516,7770000,305.018768310547
"2025-11-04",306.709991455078,312.220001220703,305.100006103516,309.25,7085200,304.920166015625
"2025-11-05",309.609985351562,313.100006103516,305.630004882812,311.679992675781,6865200,307.316131591797
"2025-11-06",310.989990234375,314.839996337891,310.260009765625,313.420013427734,7206100,309.031799316406
"2025-11-07",311.890014648438,314.429992675781,307.640014648438,314.209991455078,7302300,309.810699462891
"2025-11-10",315,319.559997558594,314.209991455078,316.890014648438,5794100,312.453216552734
"2025-11-11",317.5,319.049987792969,315.279998779297,315.619995117188,5030200,311.200958251953
"2025-11-12",316.260009765625,322.25,316.209991455078,320.410003662109,10578300,315.923889160156
"2025-11-13",319.230010986328,320.630004882812,309.100006103516,309.480010986328,8973300,305.146942138672
"2025-11-14",307.510009765625,307.640014648438,301.230010986328,303.609985351562,10327000,299.359100341797
"2025-11-17",304,305.589996337891,297.670013427734,300.369995117188,8344000,296.164459228516
"2025-11-18",299.5,302.950012207031,297.019989013672,299.410003662109,8077300,295.217926025391
"2025-11-19",299.739990234375,304.450012207031,299.269989013672,303.269989013672,5546600,299.023864746094
"2025-11-20",306.339996337891,309.920013427734,298.160003662109,298.380004882812,7501600,294.202362060547
"2025-11-21",301.290008544922,301.679992675781,292.809997558594,298.019989013672,11766800,293.847351074219
"2025-11-24",298.239990234375,299.820007324219,294.510009765625,298,10940200,293.827667236328
"2025-11-25",300.049987792969,304.5,295.559997558594,303,8877200,298.757629394531
"2025-11-26",305,308.529998779297,303.200012207031,307.640014648438,7910900,303.332702636719
"2025-11-28",309.100006103516,313.720001220703,308.239990234375,313.079986572266,4322400,308.696533203125
"2025-12-01",312.950012207031,314.040008544922,308.540008544922,308.920013427734,7727300,304.594818115234
"2025-12-02",308.739990234375,310.480010986328,307.089996337891,307.880004882812,7249000,303.5693359375
"2025-12-03",307.200012207031,312.359985351562,306.799987792969,312.130004882812,8535300,307.759826660156
"2025-12-04",313.260009765625,318.489990234375,313,316.100006103516,9627800,311.674255371094
"2025-12-05",315.640014648438,318.480010986328,314.679992675781,315.040008544922,6518900,310.629119873047
"2025-12-08",315.059997558594,316.470001220703,313.350006103516,315.209991455078,7417200,310.796691894531
"2025-12-09",314.950012207031,318.799987792969,300.019989013672,300.510009765625,18049200,296.302551269531
"2025-12-10",300.5,311.190002441406,298.459991455078,310.109985351562,18874100,305.76806640625
"2025-12-11",309.239990234375,318,309.239990234375,317.380004882812,9721900,312.936309814453
"2025-12-12",319.679992675781,320.269989013672,316.600006103516,318.519989013672,8982900,314.060333251953
"2025-12-15",319.589996337891,322.880004882812,318.390014648438,320.019989013672,10864100,315.539367675781
"2025-12-16",319.089996337891,319.519989013672,314.399993896484,315.549987792969,8331300,311.131927490234
"2025-12-17",318.429992675781,319.369995117188,314.660003662109,314.980010986328,8718700,310.569946289062
"2025-12-18",316,317.700012207031,312.220001220703,313,11444900,308.617645263672
"2025-12-19",313.790008544922,318.559997558594,313.190002441406,317.209991455078,24494400,312.768676757812
"2025-12-22",317.510009765625,323.230010986328,317.510009765625,323.089996337891,8354600,318.566345214844
"2025-12-23",323.609985351562,327.779998779297,323.089996337891,325.929992675781,6668300,321.366607666016
"2025-12-24",326.239990234375,329.989990234375,325.5,329.170013427734,4289300,324.561248779297
"2025-12-26",329.109985351562,330.859985351562,326.540008544922,327.910003662109,4158300,323.318908691406
"2025-12-29",327,327.769989013672,323.529998779297,323.75,8635300,319.217132568359
"2025-12-30",324.809997558594,324.940002441406,322.489990234375,323.420013427734,7904300,318.891754150391
"2025-12-31",324.339996337891,324.880004882812,322.040008544922,322.220001220703,5048500,317.708557128906
"2026-01-02",322.5,325.730010986328,320.739990234375,325.480010986328,8054000,320.922912597656
"2026-01-05",325.5,337.25,325.190002441406,334.040008544922,10752600,329.363067626953
"2026-01-06",332.619995117188,335.869995117188,330.649993896484,334.609985351562,7660800,331.413269042969
"2026-01-07",331.140014648438,332.149993896484,324.600006103516,326.989990234375,9815200,323.866088867188
"2026-01-08",326.390014648438,331.399993896484,325.649993896484,329.790008544922,11737100,326.639343261719
"2026-01-09",329.339996337891,331.899993896484,328.170013427734,329.190002441406,6738100,326.045074462891
"2026-01-12",321.880004882812,326.019989013672,321.230010986328,324.489990234375,12805100,321.389953613281
"2026-01-13",324.299987792969,326.859985351562,310.570007324219,310.899993896484,19371200,307.929779052734
"2026-01-14",308.200012207031,311.760009765625,306.119995117188,307.869995117188,25951500,304.928741455078
"2026-01-15",308.470001220703,312.940002441406,307.75,309.260009765625,14751400,306.305480957031
"2026-01-16",310.350006103516,317.209991455078,310,312.470001220703,14652500,309.484802246094
"2026-01-20",306.209991455078,311.149993896484,301.859985351562,302.739990234375,12900600,299.847747802734
"2026-01-21",303.429992675781,305.399993896484,301.149993896484,302.040008544922,10270100,299.154479980469
"2026-01-22",304.859985351562,308.200012207031,302.899993896484,303.630004882812,10535800,300.729248046875
"2026-01-23",302,302.369995117188,296.510009765625,297.720001220703,11107900,294.875701904297
"2026-01-26",297.809997558594,301.779998779297,297.450012207031,301.040008544922,11752700,298.164001464844
"2026-01-27",301.329986572266,301.970001220703,298.149993896484,300.309997558594,11527400,297.440979003906
"2026-01-28",300.269989013672,301.920013427734,298.049987792969,300.769989013672,9556700,297.896545410156
"2026-01-29",302.399993896484,306.829986572266,302.220001220703,306.420013427734,11580000,303.492614746094
"2026-01-30",305.25,307.929992675781,302.559997558594,305.890014648438,11953200,302.967681884766
"2026-02-02",304.459991455078,309.299987792969,301.369995117188,308.140014648438,9839400,305.196197509766
"2026-02-03",309.730010986328,316.25,309.100006103516,314.850006103516,12688000,311.842071533203
"2026-02-04",314.410003662109,319.309997558594,314.410003662109,317.269989013672,9848800,314.238922119141
"2026-02-05",315,316.010009765625,305.540008544922,310.160003662109,9388000,307.196868896484
"2026-02-06",314.709991455078,324.25,314.709991455078,322.399993896484,17797400,319.319946289062
"2026-02-09",321.339996337891,326.399993896484,320.109985351562,322.100006103516,11477500,319.022827148438
"2026-02-10",322.549987792969,326.130004882812,315.119995117188,318.279998779297,9902200,315.239288330078
"2026-02-11",323.239990234375,325.279998779297,308.730010986328,310.820007324219,8703500,307.8505859375
"2026-02-12",312.279998779297,313.619995117188,300.019989013672,302.640014648438,13443400,299.748718261719
"2026-02-13",298.519989013672,304.290008544922,296.519989013672,302.549987792969,9114500,299.659545898438
"2026-02-17",302.760009765625,308.239990234375,302.5,307.130004882812,8896800,304.19580078125
"2026-02-18",308.459991455078,312.279998779297,307.220001220703,308.779998779297,7209600,305.830047607422
"2026-02-19",307.170013427734,309.179992675781,305.119995117188,308.049987792969,6737700,305.107025146484
"2026-02-20",308.399993896484,311,305.679992675781,310.790008544922,7792700,307.820861816406
"2026-02-23",308.799987792969,311,295.100006103516,297.670013427734,12955400,294.826232910156
"2026-02-24",296.820007324219,299.75,291.380004882812,297.299987792969,13554100,294.459716796875
"2026-02-25",298.640014648438,303.660003662109,297.010009765625,303.299987792969,8095500,300.402374267578
"2026-02-26",304.579986572266,309.010009765625,303.640014648438,306.130004882812,7007800,303.205383300781
"2026-02-27",300,302.950012207031,294.450012207031,300.299987792969,18620800,297.431060791016
"2026-03-02",294.809997558594,299.980010986328,293.209991455078,297.559997558594,8508900,294.717254638672
"2026-03-03",292.290008544922,302.390014648438,289.5,300.260009765625,10278200,297.391448974609
"2026-03-04",299.989990234375,301,295.820007324219,299.390014648438,8055700,296.52978515625
"2026-03-05",297.980010986328,301.239990234375,292.429992675781,293.549987792969,12732500,290.745544433594
"2026-03-06",286.339996337891,289.989990234375,283.709991455078,289.480010986328,13496500,286.714447021484
"2026-03-09",285.5,291.100006103516,280.450012207031,289.920013427734,12241100,287.150268554688
"2026-03-10",289.290008544922,292.75,287.179992675781,288.730010986328,8344900,285.971618652344
"2026-03-11",288.809997558594,290.480010986328,284.859985351562,287.519989013672,10205000,284.773162841797
"2026-03-12",282.829986572266,283.880004882812,279.100006103516,282.890014648438,13760500,280.187438964844
"2026-03-13",284.670013427734,287.190002441406,282.950012207031,283.440002441406,9091200,280.732147216797
"2026-03-16",286.339996337891,289.269989013672,284.609985351562,286.160003662109,8149000,283.426147460938
"2026-03-17",289,291.760009765625,285.950012207031,286.890014648438,8961200,284.149200439453
"2026-03-18",286.829986572266,289.410003662109,285.119995117188,287.739990234375,10057000,284.991027832031
"2026-03-19",286.880004882812,289.510009765625,284.619995117188,287.970001220703,9846700,285.218872070312
"2026-03-20",288.079986572266,290.709991455078,285.269989013672,286.559997558594,22436500,283.822326660156
"2026-03-23",294.309997558594,295.75,287.970001220703,289.910003662109,11470800,287.140319824219
"2026-03-24",286.170013427734,295.480010986328,285.369995117188,292.399993896484,11092300,289.606536865234
"2026-03-25",294.149993896484,297.640014648438,292.440002441406,295.420013427734,12188200,292.597717285156
"2026-03-26",292.579986572266,294.989990234375,290.730010986328,291.660003662109,8669200,288.873596191406
"2026-03-27",289.140014648438,290.109985351562,281.75,282.839996337891,9873300,280.137878417969
"2026-03-30",284.739990234375,287.25,282.329986572266,283.769989013672,11734400,281.058990478516
"2026-03-31",288.470001220703,295.070007324219,284.950012207031,294.160003662109,12956900,291.349731445312
"2026-04-01",295.390014648438,298.720001220703,292.910003662109,295.380004882812,11267200,292.558074951172
"2026-04-02",291.910003662109,295.619995117188,288.720001220703,294.600006103516,6669300,291.785522460938
"2026-04-06",294.059997558594,296.829986572266,293.200012207031,295.450012207031,7142600,294.125
"2026-04-07",293.140014648438,298.179992675781,292.700012207031,297.399993896484,7849100,296.066253662109
"2026-04-08",307.970001220703,311.260009765625,305.329986572266,307.970001220703,10590200,306.588836669922
"2026-04-09",306.950012207031,311.260009765625,306.109985351562,310.329986572266,6586600,308.938232421875
"2026-04-10",310,310.350006103516,306.720001220703,309.869995117188,6069700,308.480316162109
"2026-04-13",307.470001220703,313.739990234375,305.459991455078,313.679992675781,8318200,312.273223876953
"2026-04-14",309.820007324219,314.320007324219,308.869995117188,311.119995117188,11455500,309.724700927734
"2026-04-15",313.950012207031,314.239990234375,304.260009765625,305.929992675781,9885800,304.557983398438
"2026-04-16",305.350006103516,309.950012207031,305.200012207031,309.950012207031,8208600,308.559967041016
"2026-04-17",312.470001220703,314.899993896484,310.089996337891,310.290008544922,11082400,308.8984375
"2026-04-20",310.850006103516,317.130004882812,310.369995117188,316.989990234375,10772000,315.568389892578
"2026-04-21",317.489990234375,320.239990234375,312.75,313,7084300,311.596282958984
"2026-04-22",314.850006103516,315.149993896484,311.940002441406,313.019989013672,5545900,311.616180419922
"2026-04-23",313.519989013672,314.989990234375,308.890014648438,311.690002441406,6969700,310.292175292969
"2026-04-24",311.149993896484,311.149993896484,307.890014648438,308.279998779297,5215300,306.8974609375
"2026-04-27",306.880004882812,312.579986572266,306.880004882812,311.630004882812,7925300,310.232421875
"2026-04-28",315.200012207031,315.450012207031,311.170013427734,311.450012207031,7398600,310.053253173828
"2026-04-29",310.570007324219,312.049987792969,307.290008544922,309.25,8031800,307.863098144531
"2026-04-30",307.070007324219,314.100006103516,306.570007324219,313.230010986328,8865400,311.825256347656
"2026-05-01",313.950012207031,316.079986572266,311.829986572266,312.470001220703,6135400,311.068664550781
"2026-05-04",310.619995117188,310.649993896484,306.510009765625,307.649993896484,7338200,306.270263671875
"2026-05-05",307.709991455078,310.970001220703,306.799987792969,309.399993896484,6316800,308.012420654297
"2026-05-06",311.450012207031,316.260009765625,311.350006103516,314.899993896484,8629500,313.487762451172
"2026-05-07",314.649993896484,316.299987792969,306.140014648438,306.269989013672,8359600,304.896453857422
"2026-05-08",308.25,308.989990234375,300.5,302.100006103516,9464300,300.745178222656
"2026-05-11",302.100006103516,303.190002441406,298.880004882812,300,9512000,298.654571533203
"2026-05-12",300.019989013672,306.059997558594,295.549987792969,304.880004882812,9498200,303.5126953125
"2026-05-13",302.269989013672,303,300.070007324219,300.25,7709500,298.903472900391
"2026-05-14",302.25,303.75,298.809997558594,299.910003662109,7364300,298.565002441406
"2026-05-15",300.209991455078,300.790008544922,296.450012207031,297.809997558594,8699300,296.474395751953
"2026-05-18",298,301.260009765625,297.220001220703,300.730010986328,7546300,299.381317138672
"2026-05-19",301.089996337891,301.790008544922,295.260009765625,295.700012207031,8066900,294.373870849609
"2026-05-20",296.700012207031,302.929992675781,293.670013427734,301.980010986328,9327000,300.625732421875
"2026-05-21",301.230010986328,303.980010986328,300.209991455078,303,7874400,301.641143798828
"2026-05-22",304.679992675781,307.450012207031,303.839996337891,306.380004882812,5973900,305.005981445312
"2026-05-26",308.489990234375,309.929992675781,305.440002441406,306.739990234375,7725400,305.364349365234
"2026-05-27",305,305.899993896484,295.75,299.279998779297,11779200,297.937805175781
"2026-05-28",297.570007324219,301.070007324219,295.75,296.730010986328,9757700,295.399261474609
"2026-05-29",296.399993896484,299.880004882812,295.200012207031,299.309997558594,13969000,297.967681884766
"2026-06-01",297.690002441406,299.549987792969,295.269989013672,296.579986572266,7930000,295.249908447266
"2026-06-02",296.5,302.070007324219,295.269989013672,300.959991455078,8296200,299.610260009766
"2026-06-03",299.920013427734,301.959991455078,296.559997558594,300.850006103516,7003900,299.500793457031
"2026-06-04",305.739990234375,312.910003662109,304.440002441406,310.890014648438,10345200,309.495758056641
"2026-06-05",314.290008544922,315,309.600006103516,312.369995117188,9118800,310.969116210938
"2026-06-08",313.25,316.299987792969,310.779998779297,311.109985351562,6827000,309.714752197266
"2026-06-09",313.510009765625,316.420013427734,309.010009765625,312.700012207031,11594600,311.297637939453
"2026-06-10",312.559997558594,314.75,309.029998779297,309.140014648438,7446200,307.753601074219
"2026-06-11",309.559997558594,314.720001220703,308.880004882812,313.489990234375,9116600,312.084075927734
"2026-06-12",315.970001220703,321.299987792969,315.549987792969,320.720001220703,7426200,319.281677246094
"2026-06-15",323.920013427734,325.920013427734,318.839996337891,319.399993896484,7988900,317.967590332031
"2026-06-16",324.299987792969,331.75,324.019989013672,331.140014648438,11094900,329.654937744141
"2026-06-17",332.179992675781,337.769989013672,331.5,333.459991455078,12246400,331.964508056641
"2026-06-18",336.950012207031,338.089996337891,324.160003662109,325.220001220703,20111000,323.761474609375
"2026-06-22",329.700012207031,332.769989013672,326.75,331.480010986328,10182500,329.993408203125
"2026-06-23",329.470001220703,335.369995117188,327.209991455078,334.140014648438,7582200,332.641479492188
"2026-06-24",333.070007324219,334.529998779297,329.769989013672,333.450012207031,7907400,331.95458984375
"2026-06-25",334.959991455078,343.450012207031,334.760009765625,335.119995117188,10043100,333.617065429688
"2026-06-26",336,336.399993896484,327.5,329.049987792969,17640900,327.574279785156
"2026-06-29",328.279998779297,332.390014648438,327.200012207031,329.390014648438,7981800,327.912780761719
"2026-06-30",328.890014648438,330.440002441406,326.679992675781,327.329986572266,8080100,325.861999511719
"2026-07-01",328.369995117188,335.640014648438,325.010009765625,334.070007324219,15210200,332.571807861328
"2026-07-02",338.019989013672,340,331.769989013672,334.470001220703,8413900,332.970001220703
"2026-07-06",335,339.720001220703,334.109985351562,337.720001220703,8673500,337.720001220703
"2026-07-07",340.980010986328,341.399993896484,337.089996337891,339.220001220703,7115800,339.220001220703
"2026-07-08",336.529998779297,336.529998779297,330.130004882812,330.619995117188,18505200,330.619995117188
"2026-07-09",331.459991455078,337,330.809997558594,335.470001220703,15570600,335.470001220703
"2026-07-10",337.470001220703,338.589996337891,335.769989013672,336.470001220703,6299000,336.470001220703
"2026-07-13",338.339996337891,338.350006103516,332.5,334.529998779297,7120300,334.529998779297
"2026-07-14",327,344.730010986328,325.75,342.890014648438,14537900,342.890014648438
"2026-07-15",345.850006103516,351.239990234375,344.049987792969,346.910003662109,10750000,346.910003662109
"2026-07-16",349.279998779297,349.339996337891,341.109985351562,343.149993896484,12432400,343.149993896484
"2026-07-17",339.029998779297,346.130004882812,335.049987792969,341.100006103516,9250900,341.100006103516
"2026-07-20",341.799987792969,344.260009765625,337.369995117188,338.869995117188,7723300,338.869995117188
"2026-07-21",340.119995117188,345.739990234375,337.299987792969,345.230010986328,6015300,345.230010986328
"2026-07-22",345.070007324219,349.070007324219,344.25,348.209991455078,8040200,348.209991455078
"2026-07-23",346.579986572266,349.920013427734,345.420013427734,349.899993896484,10913000,349.899993896484
"2026-07-24",350.640014648438,353.369995117188,347.5,353.209991455078,7520800,353.209991455078
"2026-07-27",357.890014648438,359.049987792969,352.579986572266,356.200012207031,7884900,356.200012207031
"2026-07-28",357.299987792969,359.299987792969,354.149993896484,357.309997558594,6533800,357.309997558594
"2026-07-29",356.5,357.369995117188,343.779998779297,344.709991455078,8265300,344.709991455078
"2026-07-30",347.540008544922,352.279998779297,345.369995117188,350.850006103516,7606500,350.850006103516
"2026-07-31",353.299987792969,354.470001220703,349.700012207031,351.790008544922,6603400,351.790008544922
"2026-08-03",353.75,355.619995117188,350.839996337891,352.640014648438,6436600,352.640014648438
"2026-08-04",355,363,353.869995117188,357.519989013672,8477200,357.519989013672
"2026-08-05",358.970001220703,362.170013427734,358.200012207031,359.239990234375,5269500,359.239990234375
"2026-08-06",362.809997558594,362.809997558594,354.950012207031,356.299987792969,5820100,356.299987792969
"2026-08-07",355.760009765625,358.850006103516,353.329986572266,357.519989013672,4566200,357.519989013672
"2026-08-10",357.959991455078,359.989990234375,356.5,359.790008544922,5327500,359.790008544922
"2026-08-11",360.049987792969,363.119995117188,358.600006103516,362.040008544922,4576500,362.040008544922
"2026-08-12",362.970001220703,366.089996337891,361.299987792969,365.179992675781,4366800,365.179992675781
"2026-08-13",366.5,366.5,361.519989013672,363.109985351562,5102700,363.109985351562
"2026-08-14",363,365.899993896484,361.450012207031,362.839996337891,5058600,362.839996337891
"2026-08-17",361.940002441406,365.75,360.959991455078,360.959991455078,5282600,360.959991455078
"2026-08-18",362.339996337891,363.570007324219,359.269989013672,363.25,5525100,363.25
"2026-08-19",363.010009765625,363.049987792969,355.649993896484,357.260009765625,6696200,357.260009765625
"2026-08-20",357.600006103516,357.950012207031,351.549987792969,351.549987792969,6799700,351.549987792969
"2026-08-21",354.070007324219,356.859985351562,350.369995117188,351.579986572266,8112100,351.579986572266
"2026-08-24",353.299987792969,358.279998779297,352.820007324219,356.390014648438,4394400,356.390014648438
"2026-08-25",357,357.369995117188,353.070007324219,356.690002441406,4298000,356.690002441406
"2026-08-26",356.5,358.350006103516,354.600006103516,356.5,5796500,356.5
"2026-08-27",354.679992675781,357.570007324219,352.230010986328,354.220001220703,5209900,354.220001220703
"2026-08-28",355.670013427734,358.730010986328,354.220001220703,357.619995117188,3914500,357.619995117188
"2026-08-31",355.899993896484,357.769989013672,354.769989013672,356.019989013672,7962900,356.019989013672
"2026-09-01",355.730010986328,359.929992675781,354.119995117188,354.950012207031,5079000,354.950012207031
"2026-09-02",357.549987792969,361.470001220703,353.790008544922,356.220001220703,5341400,356.220001220703
"2026-09-03",358.679992675781,362.850006103516,356.390014648438,362.059997558594,5414200,362.059997558594
"2026-09-04",361,362.859985351562,355.200012207031,358.640014648438,4873500,358.640014648438
"2026-09-08",357.100006103516,358.549987792969,353.230010986328,353.510009765625,5631400,353.510009765625
"2026-09-09",352,356.329986572266,348.690002441406,354.709991455078,6318200,354.709991455078
"2026-09-10",353.510009765625,354.220001220703,351.119995117188,353.559997558594,4184200,353.559997558594
"2026-09-11",358.320007324219,360.049987792969,354.790008544922,356.230010986328,5354600,356.230010986328
"2026-09-14",354.230010986328,355.279998779297,347.549987792969,350.130004882812,9609900,350.130004882812
"2026-09-15",351,354.700012207031,343.070007324219,352.489990234375,14026500,352.489990234375
"2026-09-16",353.380004882812,355.600006103516,344.690002441406,348.920013427734,8303400,348.920013427734
"2026-09-17",352.25,353.489990234375,345.269989013672,349.309997558594,6480100,349.309997558594
"2026-09-18",347.890014648438,349.670013427734,345.010009765625,349.670013427734,18312400,349.670013427734
"2026-09-21",353.670013427734,354.5,350.079986572266,352.040008544922,6414700,352.040008544922
"2026-09-22",352,352.100006103516,337.299987792969,340,11485600,340
"2026-09-23",337.609985351562,341.440002441406,336.980010986328,337.529998779297,7068500,337.529998779297
"2026-09-24",338.119995117188,339.369995117188,335.279998779297,338.559997558594,6934300,338.559997558594
"2026-09-25",340.769989013672,343.309997558594,338.640014648438,343.059997558594,11460300,343.059997558594
