"Date","Open","High","Low","Close","Volume","Adjusted"
"2010-01-04",0.462749987840652,0.465499997138977,0.452749997377396,0.462249994277954,800204000,0.422817140817642
"2010-01-05",0.460500001907349,0.474000006914139,0.460500001907349,0.46900001168251,728648000,0.42899152636528
"2010-01-06",0.46875,0.47299998998642,0.46424999833107,0.472000002861023,649168000,0.43173560500145
"2010-01-07",0.469500005245209,0.471500009298325,0.459250003099442,0.462749987840652,547792000,0.423274576663971
"2010-01-08",0.458999991416931,0.467000007629395,0.456250011920929,0.463750004768372,478168000,0.424189388751984
"2010-01-11",0.466250002384186,0.468250006437302,0.45074999332428,0.457249999046326,556612000,0.418243885040283
"2010-01-12",0.450500011444092,0.452250003814697,0.432249993085861,0.44174998998642,627432000,0.404066145420074
"2010-01-13",0.444750010967255,0.449250012636185,0.427500009536743,0.447750002145767,508868000,0.409554243087769
"2010-01-14",0.44225001335144,0.445499986410141,0.43325001001358,0.440750002861023,608524000,0.403151303529739
"2010-01-15",0.4375,0.441249996423721,0.421999990940094,0.427749991416931,818192000,0.391260355710983
"2010-01-19",0.424499988555908,0.438499987125397,0.423249989748001,0.435750007629395,545328000,0.398577988147736
"2010-01-20",0.430249989032745,0.435750007629395,0.424499988555908,0.433999985456467,719728000,0.396977126598358
"2010-01-21",0.433750003576279,0.441500008106232,0.422250002622604,0.426250010728836,608632000,0.389888286590576
"2010-01-22",0.421249985694885,0.428999990224838,0.409000009298325,0.411500006914139,1067916000,0.376396626234055
"2010-01-25",0.418249994516373,0.426499992609024,0.41525000333786,0.418500006198883,643676000,0.382799446582794
"2010-01-26",0.416500002145767,0.419250011444092,0.405000001192093,0.405250012874603,714636000,0.370679795742035
"2010-01-27",0.405000001192093,0.417750000953674,0.400499999523163,0.416249990463257,812504000,0.38074141740799
"2010-01-28",0.41949999332428,0.421000003814697,0.396499991416931,0.402249991893768,687764000,0.367935627698898
"2010-01-29",0.406749993562698,0.411249995231628,0.378749996423721,0.384750008583069,774700000,0.35192859172821
"2010-02-01",0.386249989271164,0.41499999165535,0.382999986410141,0.414249986410141,949832000,0.378912031650543
"2010-02-02",0.412750005722046,0.423750013113022,0.411500006914139,0.418500006198883,849812000,0.382799446582794
"2010-02-03",0.414750009775162,0.423750013113022,0.412750005722046,0.421999990940094,562296000,0.386000841856003
"2010-02-04",0.418249994516373,0.418249994516373,0.39300000667572,0.39750000834465,783480000,0.363590955734253
"2010-02-05",0.397000014781952,0.40650001168251,0.389999985694885,0.405499994754791,604856000,0.37090852856636
"2010-02-08",0.404249995946884,0.414499998092651,0.396750003099442,0.404749989509583,445160000,0.370222389698029
"2010-02-09",0.411249995231628,0.413249999284744,0.39750000834465,0.40149998664856,930144000,0.367249637842178
"2010-02-10",0.404000014066696,0.412999987602234,0.401250004768372,0.409249991178513,535828000,0.374338537454605
"2010-02-11",0.415749996900558,0.432500004768372,0.412750005722046,0.428000003099442,695980000,0.391488999128342
"2010-02-12",0.425000011920929,0.442499995231628,0.420249998569489,0.433750003576279,780212000,0.396748542785645
"2010-02-16",0.439500004053116,0.443500012159348,0.434249997138977,0.44174998998642,457024000,0.404066145420074
"2010-02-17",0.447250008583069,0.447499990463257,0.43325001001358,0.446000009775162,876560000,0.407953530550003
"2010-02-18",0.421499997377396,0.423750013113022,0.405250012874603,0.416750013828278,1515508000,0.381198704242706
"2010-02-19",0.41499999165535,0.41949999332428,0.412499994039536,0.414499998092651,510548000,0.379140704870224
"2010-02-22",0.416249990463257,0.422500014305115,0.412499994039536,0.41525000333786,458084000,0.379826694726944
"2010-02-23",0.416500002145767,0.418249994516373,0.400999993085861,0.405250012874603,489764000,0.370679795742035
"2010-02-24",0.408749997615814,0.417750000953674,0.407499998807907,0.413749992847443,445868000,0.37845453619957
"2010-02-25",0.404249995946884,0.41100001335144,0.393999993801117,0.409999996423721,576972000,0.375024735927582
"2010-02-26",0.407999992370605,0.41100001335144,0.402500003576279,0.405000001192093,393396000,0.370451092720032
"2010-03-01",0.405250012874603,0.423249989748001,0.40200001001358,0.421249985694885,555868000,0.385314881801605
"2010-03-02",0.425000011920929,0.430249989032745,0.418000012636185,0.421000003814697,538648000,0.385086297988892
"2010-03-03",0.423500001430511,0.425749987363815,0.412250012159348,0.415749996900558,399300000,0.380284070968628
"2010-03-04",0.417499989271164,0.420749992132187,0.411249995231628,0.416500002145767,557396000,0.380970060825348
"2010-03-05",0.413500010967255,0.432249993085861,0.413500010967255,0.429250001907349,632832000,0.392632484436035
"2010-03-08",0.429500013589859,0.430750012397766,0.421249985694885,0.423000007867813,439312000,0.386915594339371
"2010-03-09",0.427249997854233,0.442999988794327,0.426999986171722,0.438749998807907,830832000,0.401322036981583
"2010-03-10",0.4375,0.444499999284744,0.43724998831749,0.439749985933304,418520000,0.402236759662628
"2010-03-11",0.436250001192093,0.43775001168251,0.428000003099442,0.429749995470047,540660000,0.393089801073074
"2010-03-12",0.434500008821487,0.435750007629395,0.428999990224838,0.431250005960464,520352000,0.394461870193481
"2010-03-15",0.430750012397766,0.435000002384186,0.425000011920929,0.428999990224838,358904000,0.392403692007065
"2010-03-16",0.42875000834465,0.44650000333786,0.42849999666214,0.444000005722046,664988000,0.406124264001846
"2010-03-17",0.44650000333786,0.458499997854233,0.44650000333786,0.452499985694885,651168000,0.413899093866348
"2010-03-18",0.453249990940094,0.453249990940094,0.432500004768372,0.436500012874603,740964000,0.399264007806778
"2010-03-19",0.442999988794327,0.444249987602234,0.425749987363815,0.431250005960464,584612000,0.394461870193481
"2010-03-22",0.425749987363815,0.439999997615814,0.425749987363815,0.438250005245209,435336000,0.400864690542221
"2010-03-23",0.441500008106232,0.449499994516373,0.438499987125397,0.447250008583069,493612000,0.40909680724144
"2010-03-24",0.443500012159348,0.444750010967255,0.431499987840652,0.432249993085861,436252000,0.39537650346756
"2010-03-25",0.438499987125397,0.441249996423721,0.432500004768372,0.433499991893768,495184000,0.396519839763641
"2010-03-26",0.43724998831749,0.44174998998642,0.430000007152557,0.433499991893768,344676000,0.396519839763641
"2010-03-29",0.436250001192093,0.439999997615814,0.430249989032745,0.439000010490417,394456000,0.401550740003586
"2010-03-30",0.444000005722046,0.44624999165535,0.43325001001358,0.440750002861023,324104000,0.403151303529739
"2010-03-31",0.439000010490417,0.441000014543533,0.43274998664856,0.435000002384186,389840000,0.397891968488693
"2010-04-01",0.437000006437302,0.44200000166893,0.425999999046326,0.430500000715256,339664000,0.393775761127472
"2010-04-05",0.43325001001358,0.43775001168251,0.43274998664856,0.437000006437302,413636000,0.399721264839172
"2010-04-06",0.431499987840652,0.432500004768372,0.418749988079071,0.426250010728836,809260000,0.389888286590576
"2010-04-07",0.423500001430511,0.436250001192093,0.419999986886978,0.428999990224838,817468000,0.392403692007065
"2010-04-08",0.426250010728836,0.429500013589859,0.41975000500679,0.421999990940094,1037600000,0.386000841856003
"2010-04-09",0.421000003814697,0.426250010728836,0.418749988079071,0.424750000238419,817572000,0.388516396284103
"2010-04-12",0.425249993801117,0.434249997138977,0.424499988555908,0.432500004768372,546460000,0.395605176687241
"2010-04-13",0.434249997138977,0.442999988794327,0.432500004768372,0.441500008106232,648696000,0.403837472200394
"2010-04-14",0.45100000500679,0.453249990940094,0.439999997615814,0.446999996900558,900720000,0.408868104219437
"2010-04-15",0.448500007390976,0.453000009059906,0.444000005722046,0.450249999761581,957596000,0.411840975284576
"2010-04-16",0.432000011205673,0.433750003576279,0.416999995708466,0.426499992609024,1917736000,0.390116989612579
"2010-04-19",0.423249989748001,0.425749987363815,0.410250008106232,0.424499988555908,1094492000,0.388287603855133
"2010-04-20",0.427500009536743,0.432000011205673,0.420500010251999,0.425999999046326,678188000,0.389659702777863
"2010-04-21",0.428250014781952,0.42875000834465,0.409999996423721,0.41499999165535,895908000,0.379597991704941
"2010-04-22",0.408250004053116,0.418000012636185,0.402500003576279,0.416750013828278,656932000,0.381198704242706
"2010-04-23",0.415499985218048,0.416500002145767,0.403750002384186,0.41100001335144,752916000,0.375939249992371
"2010-04-26",0.411500006914139,0.419999986886978,0.41075000166893,0.41499999165535,491092000,0.379597991704941
"2010-04-27",0.412000000476837,0.416249990463257,0.40200001001358,0.403250008821487,606704000,0.368850350379944
"2010-04-28",0.402999997138977,0.409750014543533,0.395749986171722,0.404000014066696,672164000,0.369536310434341
"2010-04-29",0.405250012874603,0.416750013828278,0.399250000715256,0.416249990463257,987128000,0.38074141740799
"2010-04-30",0.411249995231628,0.412000000476837,0.392500013113022,0.39274999499321,1068048000,0.359246045351028
"2010-05-03",0.394749999046326,0.397000014781952,0.382499992847443,0.38850000500679,1078972000,0.355358570814133
"2010-05-04",0.382499992847443,0.383249998092651,0.363249987363815,0.368750005960464,1311376000,0.337293416261673
"2010-05-05",0.361250013113022,0.371749997138977,0.358000010251999,0.362500011920929,1330840000,0.331576704978943
"2010-05-06",0.360000014305115,0.367500007152557,0.32600000500679,0.354999989271164,1002888000,0.324716359376907
"2010-05-07",0.358249992132187,0.358249992132187,0.336499989032745,0.349000006914139,1153712000,0.319228261709213
"2010-05-10",0.370000004768372,0.374500006437302,0.360000014305115,0.363999992609024,979156000,0.332948744297028
"2010-05-11",0.360500007867813,0.367249995470047,0.35725000500679,0.360000014305115,829124000,0.329289853572845
"2010-05-12",0.362500011920929,0.368999987840652,0.360249996185303,0.367000013589859,901236000,0.33569273352623
"2010-05-13",0.365500003099442,0.382250010967255,0.362749993801117,0.36625000834465,1.252e+09,0.335006713867188
"2010-05-14",0.341500014066696,0.342500001192093,0.314999997615814,0.324000000953674,2493068000,0.29636088013649
"2010-05-17",0.324499994516373,0.328750014305115,0.314500004053116,0.324750006198883,856060000,0.29704686999321
"2010-05-18",0.327499985694885,0.329499989748001,0.31224998831749,0.314000010490417,674112000,0.287214010953903
"2010-05-19",0.3125,0.319499999284744,0.310250014066696,0.319000005722046,826520000,0.291787385940552
"2010-05-20",0.309749990701675,0.319000005722046,0.300249993801117,0.311500012874603,1129136000,0.284927248954773
"2010-05-21",0.302500009536743,0.326999992132187,0.302500009536743,0.318250000476837,1069600000,0.291101276874542
"2010-05-24",0.31725001335144,0.321000009775162,0.30799999833107,0.308999985456467,664564000,0.28264045715332
"2010-05-25",0.29925000667572,0.318749994039536,0.296249985694885,0.31725001335144,966652000,0.290186733007431
"2010-05-26",0.330000013113022,0.336250007152557,0.317750006914139,0.318749994039536,995028000,0.29155883193016
"2010-05-27",0.326750010251999,0.337500005960464,0.32600000500679,0.337500005960464,713560000,0.30870932340622
"2010-05-28",0.337000012397766,0.337000012397766,0.323500007390976,0.328500002622604,545116000,0.300476968288422
"2010-06-01",0.324000000953674,0.327749997377396,0.314249992370605,0.314500004053116,527492000,0.28767129778862
"2010-06-02",0.314999997615814,0.318500012159348,0.312999993562698,0.317999988794327,649088000,0.290872633457184
"2010-06-03",0.311500012874603,0.318250000476837,0.310499995946884,0.317499995231628,586360000,0.2904152572155
"2010-06-04",0.30825001001358,0.313749998807907,0.300749987363815,0.302500009536743,671456000,0.276695042848587
"2010-06-07",0.30375000834465,0.305750012397766,0.286249995231628,0.287499994039536,577248000,0.262974619865417
"2010-06-08",0.286249995231628,0.286249995231628,0.27224999666214,0.279500007629395,967636000,0.255656898021698
"2010-06-09",0.28099998831749,0.288500010967255,0.271750003099442,0.272749990224838,697152000,0.249482795596123
"2010-06-10",0.278250008821487,0.284999996423721,0.277500003576279,0.283749997615814,611768000,0.259544372558594
"2010-06-11",0.280750006437302,0.291500002145767,0.280000001192093,0.29025000333786,442104000,0.265489965677261
"2010-06-14",0.29449999332428,0.294999986886978,0.283250004053116,0.284000009298325,375080000,0.259773194789886
"2010-06-15",0.287250012159348,0.299499988555908,0.286749988794327,0.298000007867813,528632000,0.272578805685043
"2010-06-16",0.296000003814697,0.298750013113022,0.29025000333786,0.294250011444092,366480000,0.269148796796799
"2010-06-17",0.304500013589859,0.306250005960464,0.293999999761581,0.305500000715256,859068000,0.279439032077789
"2010-06-18",0.307249993085861,0.311250001192093,0.305000007152557,0.307500004768372,932832000,0.281268388032913
"2010-06-21",0.314000010490417,0.314749985933304,0.297500014305115,0.300249993801117,579836000,0.27463686466217
"2010-06-22",0.303999990224838,0.30774998664856,0.287499994039536,0.289000004529953,818164000,0.264346539974213
"2010-06-23",0.291750013828278,0.295249998569489,0.283499985933304,0.292250007390976,614060000,0.26731938123703
"2010-06-24",0.290499985218048,0.291999995708466,0.27674999833107,0.277749985456467,725028000,0.254056215286255
"2010-06-25",0.279749989509583,0.280000001192093,0.27250000834465,0.27700001001358,507220000,0.253370225429535
"2010-06-28",0.279000014066696,0.28150001168251,0.27250000834465,0.277500003576279,372008000,0.253827631473541
"2010-06-29",0.271499991416931,0.271750003099442,0.260250002145767,0.261999994516373,660808000,0.239649787545204
"2010-06-30",0.262499988079071,0.265249997377396,0.255250006914139,0.255250006914139,623072000,0.233475685119629
"2010-07-01",0.256000012159348,0.261249989271164,0.248249992728233,0.259499996900558,737008000,0.237363055348396
"2010-07-02",0.260500013828278,0.261000007390976,0.247500002384186,0.256249994039536,737096000,0.234390333294868
"2010-07-06",0.255250006914139,0.26350000500679,0.251249998807907,0.253500014543533,712020000,0.231874972581863
"2010-07-07",0.25450000166893,0.267250001430511,0.254000008106232,0.265749990940094,608412000,0.243079960346222
"2010-07-08",0.267500013113022,0.26774999499321,0.25450000166893,0.257750004529953,783272000,0.235762402415276
"2010-07-09",0.25900000333786,0.260500013828278,0.255499988794327,0.25874999165535,571516000,0.23667711019516
"2010-07-12",0.25874999165535,0.266750007867813,0.258500009775162,0.26350000500679,565396000,0.241021946072578
"2010-07-13",0.26774999499321,0.274749994277954,0.266250014305115,0.273000001907349,723316000,0.249711409211159
"2010-07-14",0.284999996423721,0.287000000476837,0.271750003099442,0.275750011205673,1355664000,0.252226948738098
"2010-07-15",0.275999993085861,0.276250004768372,0.264750003814697,0.26800000667572,953088000,0.245137989521027
"2010-07-16",0.26800000667572,0.268750011920929,0.25025001168251,0.251249998807907,1288604000,0.229816898703575
"2010-07-19",0.25475001335144,0.262499988079071,0.252999991178513,0.261500000953674,798440000,0.23919241130352
"2010-07-20",0.25475001335144,0.269499987363815,0.252499997615814,0.26800000667572,1160988000,0.245137989521027
"2010-07-21",0.270500004291534,0.270749986171722,0.256749987602234,0.259249985218048,624940000,0.237134411931038
"2010-07-22",0.261999994516373,0.266250014305115,0.260500013828278,0.26350000500679,462612000,0.241021946072578
"2010-07-23",0.26324999332428,0.26350000500679,0.256500005722046,0.25900000333786,817604000,0.23690576851368
"2010-07-26",0.258249998092651,0.264750003814697,0.25424998998642,0.263749986886978,683548000,0.241250589489937
"2010-07-27",0.264499992132187,0.264999985694885,0.258249998092651,0.261500000953674,683472000,0.23919241130352
"2010-07-28",0.257250010967255,0.261750012636185,0.252499997615814,0.253250002861023,1320808000,0.231646284461021
"2010-07-29",0.234999999403954,0.239999994635582,0.226750001311302,0.228249996900558,2664476000,0.208778917789459
"2010-07-30",0.226500004529953,0.233750000596046,0.223000004887581,0.229750007390976,984288000,0.210150942206383
"2010-08-02",0.233750000596046,0.234750002622604,0.228499993681908,0.229499995708466,917020000,0.209922254085541
"2010-08-03",0.22775000333786,0.228000000119209,0.221750006079674,0.223499998450279,955444000,0.204434052109718
"2010-08-04",0.225500002503395,0.233750000596046,0.224500000476837,0.232999995350838,855496000,0.213123708963394
"2010-08-05",0.233750000596046,0.23649999499321,0.229499995708466,0.236000001430511,800504000,0.215867802500725
"2010-08-06",0.234999999403954,0.241249993443489,0.232999995350838,0.238749995827675,739904000,0.218383252620697
"2010-08-09",0.241249993443489,0.241500005125999,0.235249996185303,0.24099999666214,466456000,0.220441207289696
"2010-08-10",0.237000003457069,0.237499997019768,0.230000004172325,0.231000006198883,772560000,0.211294382810593
"2010-08-11",0.226249992847443,0.226249992847443,0.221249997615814,0.222000002861023,796148000,0.203062132000923
"2010-08-12",0.217999994754791,0.229000002145767,0.216250002384186,0.224000006914139,1343584000,0.204891458153725
"2010-08-13",0.231250002980232,0.238000005483627,0.230749994516373,0.234750002622604,1797392000,0.214724406599998
"2010-08-16",0.231499999761581,0.236249998211861,0.225749999284744,0.228750005364418,814008000,0.209236264228821
"2010-08-17",0.231000006198883,0.236000001430511,0.228750005364418,0.231749996542931,481224000,0.21198034286499
"2010-08-18",0.231000006198883,0.234999999403954,0.229499995708466,0.232999995350838,352920000,0.213123708963394
"2010-08-19",0.235499992966652,0.247749999165535,0.234249994158745,0.246999993920326,1615100000,0.225929394364357
"2010-08-20",0.245250001549721,0.255250006914139,0.245000004768372,0.249249994754791,1305308000,0.227987468242645
"2010-08-23",0.25,0.256249994039536,0.244749993085861,0.24549999833107,748620000,0.224557414650917
"2010-08-24",0.237499997019768,0.24549999833107,0.237000003457069,0.243000000715256,641332000,0.222270637750626
"2010-08-25",0.240250006318092,0.25,0.238999992609024,0.247999995946884,757532000,0.226844161748886
"2010-08-26",0.251249998807907,0.254000008106232,0.245000004768372,0.245000004768372,657596000,0.224100008606911
"2010-08-27",0.246500000357628,0.254999995231628,0.240250006318092,0.252999991178513,1060416000,0.231417596340179
"2010-08-30",0.25,0.252000004053116,0.24099999666214,0.24099999666214,602804000,0.220441207289696
"2010-08-31",0.237499997019768,0.245000004768372,0.232500001788139,0.233250007033348,931488000,0.213352397084236
"2010-09-01",0.23675000667572,0.239749997854233,0.233750000596046,0.234999999403954,851440000,0.21495309472084
"2010-09-02",0.235750004649162,0.239999994635582,0.233500003814697,0.239250004291534,596292000,0.218840524554253
"2010-09-03",0.245000004768372,0.248249992728233,0.241999998688698,0.247500002384186,566484000,0.226386725902557
"2010-09-07",0.246749997138977,0.255499988794327,0.246250003576279,0.249750003218651,899820000,0.228444799780846
"2010-09-08",0.25025001168251,0.259750008583069,0.247500002384186,0.257999986410141,1224156000,0.235991016030312
"2010-09-09",0.261249989271164,0.261500000953674,0.251249998807907,0.25450000166893,697748000,0.232789590954781
"2010-09-10",0.256249994039536,0.256999999284744,0.249500006437302,0.251749992370605,609292000,0.230274185538292
"2010-09-13",0.256249994039536,0.269250005483627,0.256249994039536,0.266000002622604,1015792000,0.243308633565903
"2010-09-14",0.263749986886978,0.266999989748001,0.261249989271164,0.26350000500679,698536000,0.241021946072578
"2010-09-15",0.261000007390976,0.264250010251999,0.257499992847443,0.263999998569489,555572000,0.241479232907295
"2010-09-16",0.260500013828278,0.266499996185303,0.260500013828278,0.264250010251999,365280000,0.241707861423492
"2010-09-17",0.266750007867813,0.266999989748001,0.263000011444092,0.263749986886978,416884000,0.241250589489937
"2010-09-20",0.263749986886978,0.268750011920929,0.261249989271164,0.26774999499321,443168000,0.244909226894379
"2010-09-21",0.266250014305115,0.286749988794327,0.266250014305115,0.282249987125397,1779624000,0.258172392845154
"2010-09-22",0.28125,0.287250012159348,0.279500007629395,0.284750014543533,999996000,0.260459035634995
"2010-09-23",0.287999987602234,0.299499988555908,0.28549998998642,0.290499985218048,1240872000,0.265718519687653
"2010-09-24",0.296999990940094,0.307500004768372,0.29475000500679,0.306499987840652,1086976000,0.28035369515419
"2010-09-27",0.308750003576279,0.308999985456467,0.296000003814697,0.300000011920929,999504000,0.274408161640167
"2010-09-28",0.300249993801117,0.30349999666214,0.293999999761581,0.29925000667572,723192000,0.273722171783447
"2010-09-29",0.296499997377396,0.305750012397766,0.293749988079071,0.296999990940094,974904000,0.271664172410965
"2010-09-30",0.300749987363815,0.304250001907349,0.289499998092651,0.291999995708466,787632000,0.267090648412704
"2010-10-01",0.296249985694885,0.296750009059906,0.28150001168251,0.283749997615814,999120000,0.259544372558594
"2010-10-04",0.28099998831749,0.28575000166893,0.275249987840652,0.28099998831749,749500000,0.257028996944427
"2010-10-05",0.287000000476837,0.287499994039536,0.282249987125397,0.282999992370605,753588000,0.258858412504196
"2010-10-06",0.282999992370605,0.284249991178513,0.266750007867813,0.269499987363815,1057604000,0.246510088443756
"2010-10-07",0.270749986171722,0.270999997854233,0.259499996900558,0.267500013113022,761488000,0.244680732488632
"2010-10-08",0.266499996185303,0.273750007152557,0.262749999761581,0.271499991416931,706932000,0.248339369893074
"2010-10-11",0.272749990224838,0.275000005960464,0.268999993801117,0.270249992609024,442680000,0.247196078300476
"2010-10-12",0.26800000667572,0.27674999833107,0.265749990940094,0.275499999523163,605208000,0.251998156309128
"2010-10-13",0.280000001192093,0.287499994039536,0.27700001001358,0.283499985933304,968732000,0.259315729141235
"2010-10-14",0.283749997615814,0.284249991178513,0.277749985456467,0.279000014066696,599172000,0.255199730396271
"2010-10-15",0.283499985933304,0.286749988794327,0.279000014066696,0.282249987125397,639940000,0.258172392845154
"2010-10-18",0.282499998807907,0.285250008106232,0.277500003576279,0.284000009298325,448156000,0.259773194789886
"2010-10-19",0.277749985456467,0.284249991178513,0.275499999523163,0.282249987125397,866136000,0.258172392845154
"2010-10-20",0.282499998807907,0.28999999165535,0.277500003576279,0.282249987125397,763532000,0.258172392845154
"2010-10-21",0.282499998807907,0.282999992370605,0.273000001907349,0.277249991893768,1014428000,0.253598928451538
"2010-10-22",0.279000014066696,0.297250002622604,0.275999993085861,0.294999986886978,1322676000,0.269834816455841
"2010-10-25",0.297250002622604,0.300000011920929,0.29449999332428,0.297749996185303,673136000,0.27235010266304
"2010-10-26",0.294250011444092,0.301250010728836,0.291750013828278,0.296750009059906,675248000,0.271435499191284
"2010-10-27",0.293999999761581,0.301999986171722,0.293249994516373,0.300999999046326,496796000,0.27532297372818
"2010-10-28",0.305000007152557,0.305999994277954,0.298500001430511,0.301250010728836,704448000,0.275551587343216
"2010-10-29",0.300749987363815,0.30375000834465,0.297500014305115,0.300500005483627,554664000,0.274865627288818
"2010-11-01",0.302500009536743,0.307249993085861,0.298500001430511,0.300999999046326,473920000,0.27532297372818
"2010-11-02",0.302249997854233,0.31224998831749,0.300500005483627,0.307249993085861,581036000,0.281039744615555
"2010-11-03",0.309249997138977,0.311500012874603,0.301250010728836,0.309500008821487,671748000,0.283097803592682
"2010-11-04",0.3125,0.315750002861023,0.309500008821487,0.310000002384186,700016000,0.283555150032043
"2010-11-05",0.31224998831749,0.317999988794327,0.310750007629395,0.315250009298325,735116000,0.288357347249985
"2010-11-08",0.314999997615814,0.319249987602234,0.3125,0.316500008106232,605156000,0.289500713348389
"2010-11-09",0.316500008106232,0.319000005722046,0.312999993562698,0.314749985933304,633964000,0.287899971008301
"2010-11-10",0.31700000166893,0.318500012159348,0.3125,0.318500012159348,521016000,0.291330009698868
"2010-11-11",0.310999989509583,0.320499986410141,0.306749999523163,0.315250009298325,1089980000,0.288357347249985
"2010-11-12",0.327250003814697,0.342000007629395,0.32574999332428,0.331499993801117,2142560000,0.303220957517624
"2010-11-15",0.333000004291534,0.337749987840652,0.326750010251999,0.327499985694885,733548000,0.299562215805054
"2010-11-16",0.321999996900558,0.326499998569489,0.31725001335144,0.317750006914139,739356000,0.290644109249115
"2010-11-17",0.317499995231628,0.326750010251999,0.314500004053116,0.323000013828278,551764000,0.295446157455444
"2010-11-18",0.327250003814697,0.336250007152557,0.327250003814697,0.333000004291534,993120000,0.304593116044998
"2010-11-19",0.332249999046326,0.344999998807907,0.331750005483627,0.34375,716484000,0.31442603468895
"2010-11-22",0.341500014066696,0.345999985933304,0.338499993085861,0.34400001168251,462668000,0.314654767513275
"2010-11-23",0.340000003576279,0.34349998831749,0.333499997854233,0.335999995470047,457832000,0.307337135076523
"2010-11-24",0.33950001001358,0.345499992370605,0.33924999833107,0.344249993562698,397784000,0.314883500337601
"2010-11-26",0.34400001168251,0.345999985933304,0.340000003576279,0.340000003576279,143104000,0.31099596619606
"2010-11-29",0.338499993085861,0.344999998807907,0.337000012397766,0.34375,468192000,0.31442603468895
"2010-11-30",0.338499993085861,0.342000007629395,0.333999991416931,0.340249985456467,720936000,0.311224669218063
"2010-12-01",0.347000002861023,0.357499986886978,0.346500009298325,0.355250000953674,626536000,0.324945032596588
"2010-12-02",0.355250000953674,0.36175000667572,0.354999989271164,0.359499990940094,529316000,0.328832566738129
"2010-12-03",0.357749998569489,0.369749993085861,0.35699999332428,0.369749993085861,606044000,0.338208138942719
"2010-12-06",0.370999991893768,0.371749997138977,0.361250013113022,0.362749993801117,438424000,0.331805169582367
"2010-12-07",0.371250003576279,0.383249998092651,0.37049999833107,0.374500006437302,1026812000,0.342553049325943
"2010-12-08",0.374000012874603,0.381749987602234,0.371250003576279,0.377750009298325,613252000,0.345525652170181
"2010-12-09",0.368750005960464,0.374000012874603,0.363499999046326,0.371499985456467,942408000,0.339808911085129
"2010-12-10",0.371499985456467,0.377249985933304,0.37049999833107,0.373750001192093,451900000,0.341866970062256
"2010-12-13",0.37525001168251,0.375999987125397,0.363249987363815,0.364250004291534,609108000,0.333177298307419
"2010-12-14",0.371250003576279,0.377999991178513,0.364250004291534,0.364749997854233,755160000,0.333634674549103
"2010-12-15",0.365500003099442,0.370000004768372,0.356249988079071,0.356750011444092,624176000,0.32631716132164
"2010-12-16",0.360500007867813,0.362500011920929,0.356249988079071,0.35725000500679,631872000,0.326774477958679
"2010-12-17",0.357499986886978,0.361250013113022,0.353249996900558,0.359250009059906,593156000,0.328603833913803
"2010-12-20",0.360500007867813,0.362250000238419,0.357499986886978,0.357749998569489,344088000,0.327231764793396
"2010-12-21",0.361250013113022,0.371749997138977,0.361000001430511,0.371749997138977,466952000,0.340037614107132
"2010-12-22",0.370999991893768,0.376249998807907,0.367500007152557,0.375750005245209,477988000,0.34369620680809
"2010-12-23",0.375750005245209,0.375750005245209,0.371499985456467,0.372999995946884,273784000,0.341180890798569
"2010-12-27",0.372000008821487,0.377750009298325,0.365249991416931,0.375,255500000,0.343010276556015
"2010-12-28",0.375,0.377499997615814,0.371250003576279,0.373499989509583,194260000,0.341638267040253
"2010-12-29",0.373250007629395,0.376249998807907,0.370000004768372,0.373499989509583,177660000,0.341638267040253
"2010-12-30",0.372999995946884,0.377000004053116,0.371749997138977,0.37474998831749,174488000,0.342781513929367
"2010-12-31",0.375,0.385500013828278,0.374500006437302,0.384999990463257,391252000,0.352157086133957
"2011-01-03",0.388000011444092,0.399250000715256,0.387499988079071,0.395500004291534,817448000,0.361761540174484
"2011-01-04",0.396250009536743,0.398000001907349,0.385500013828278,0.394250005483627,651384000,0.360618263483047
"2011-01-05",0.40149998664856,0.425000011920929,0.39750000834465,0.424499988555908,1428216000,0.388287603855133
"2011-01-06",0.435499995946884,0.483500003814697,0.434249997138977,0.483249992132187,3493312000,0.44202584028244
"2011-01-07",0.47775000333786,0.498250007629395,0.467000007629395,0.496749997138977,2579984000,0.454374343156815
"2011-01-10",0.487749993801117,0.516749978065491,0.483999997377396,0.515749990940094,1750348000,0.471753299236298
"2011-01-11",0.522750020027161,0.527750015258789,0.496749997138977,0.507749974727631,2711088000,0.464435935020447
"2011-01-12",0.508000016212463,0.584249973297119,0.506250023841858,0.583750009536743,3431896000,0.533952593803406
"2011-01-13",0.577499985694885,0.596000015735626,0.559499979019165,0.58474999666214,2695192000,0.534867405891418
"2011-01-14",0.574750006198883,0.599500000476837,0.571250021457672,0.589749991893768,1595352000,0.539440929889679
"2011-01-18",0.581749975681305,0.585749983787537,0.561749994754791,0.575999975204468,1813348000,0.526863694190979
"2011-01-19",0.5762500166893,0.589999973773956,0.559000015258789,0.560249984264374,1197896000,0.512457430362701
"2011-01-20",0.554750025272369,0.564000010490417,0.544749975204468,0.560750007629395,1111408000,0.512914776802063
"2011-01-21",0.56674998998642,0.574750006198883,0.554499983787537,0.555499970912933,739244000,0.50811243057251
"2011-01-24",0.580999970436096,0.62625002861023,0.574500024318695,0.618250012397766,2056900000,0.565509617328644
"2011-01-25",0.615499973297119,0.621999979019165,0.595250010490417,0.599250018596649,1086856000,0.548130512237549
"2011-01-26",0.605499982833862,0.625,0.601249992847443,0.613499999046326,1074660000,0.561164855957031
"2011-01-27",0.622250020503998,0.62374997138977,0.600000023841858,0.61175000667572,657396000,0.559564054012299
"2011-01-28",0.613250017166138,0.623499989509583,0.5799999833107,0.593999981880188,1094796000,0.54332834482193
"2011-01-31",0.59500002861023,0.606249988079071,0.585250020027161,0.59799998998642,750160000,0.546986997127533
"2011-02-01",0.603250026702881,0.616249978542328,0.599250018596649,0.61175000667572,654104000,0.559564054012299
"2011-02-02",0.608250021934509,0.654250025749207,0.608250021934509,0.639500021934509,1606616000,0.584946751594543
"2011-02-03",0.640500009059906,0.640500009059906,0.613749980926514,0.627499997615814,1030776000,0.573970437049866
"2011-02-04",0.636250019073486,0.646749973297119,0.633750021457672,0.641749978065491,872900000,0.587005019187927
"2011-02-07",0.633000016212463,0.635749995708466,0.612749993801117,0.615000009536743,934236000,0.562536776065826
"2011-02-08",0.615750014781952,0.619750022888184,0.593999981880188,0.596750020980835,1076584000,0.545843720436096
"2011-02-09",0.598999977111816,0.605000019073486,0.57150000333786,0.582249999046326,1277520000,0.532580673694611
"2011-02-10",0.569249987602234,0.580250024795532,0.564999997615814,0.570500016212463,1042352000,0.521833002567291
"2011-02-11",0.568499982357025,0.605250000953674,0.559249997138977,0.586749970912933,1359276000,0.53669685125351
"2011-02-14",0.59375,0.612500011920929,0.575500011444092,0.577750027179718,1287828000,0.528464376926422
"2011-02-15",0.578750014305115,0.580749988555908,0.56124997138977,0.56375002861023,886980000,0.515658617019653
"2011-02-16",0.571250021457672,0.592750012874603,0.569249987602234,0.584500014781952,1318364000,0.53463876247406
"2011-02-17",0.568000018596649,0.650250017642975,0.565249979496002,0.642000019550323,3470096000,0.587233662605286
"2011-02-18",0.638499975204468,0.648750007152557,0.630750000476837,0.640749990940094,1394412000,0.586090087890625
"2011-02-22",0.619750022888184,0.621500015258789,0.578249990940094,0.580250024795532,1396648000,0.530751287937164
"2011-02-23",0.580250024795532,0.585749983787537,0.54449999332428,0.552749991416931,1491604000,0.505596876144409
"2011-02-24",0.555499970912933,0.575999975204468,0.551500022411346,0.566250026226044,1246120000,0.517945468425751
"2011-02-25",0.581499993801117,0.587499976158142,0.573499977588654,0.578000009059906,775652000,0.528693079948425
"2011-02-28",0.587499976158142,0.587750017642975,0.55349999666214,0.566500008106232,903696000,0.518174290657043
"2011-03-01",0.567499995231628,0.574750006198883,0.541249990463257,0.541249990463257,988448000,0.495078235864639
"2011-03-02",0.540499985218048,0.550750017166138,0.506250023841858,0.518750011920929,1718140000,0.474497556686401
"2011-03-03",0.530749976634979,0.533749997615814,0.505999982357025,0.521749973297119,1593704000,0.477241575717926
"2011-03-04",0.52224999666214,0.527499973773956,0.51324999332428,0.518999993801117,959760000,0.474726110696793
"2011-03-07",0.522750020027161,0.524500012397766,0.498750001192093,0.511749982833862,1019140000,0.468094497919083
"2011-03-08",0.517250001430511,0.519999980926514,0.477999985218048,0.488750010728836,1947184000,0.447056740522385
"2011-03-09",0.487250000238419,0.492000013589859,0.474249988794327,0.478500008583069,1318976000,0.437681049108505
"2011-03-10",0.467500001192093,0.470999985933304,0.447499990463257,0.448000013828278,1722736000,0.409782916307449
"2011-03-11",0.451750010251999,0.463750004768372,0.441500008106232,0.451249986886978,1486832000,0.4127556681633
"2011-03-14",0.454750001430511,0.466250002384186,0.447499990463257,0.455000013113022,1003360000,0.416185915470123
"2011-03-15",0.43274998664856,0.449000000953674,0.425249993801117,0.441500008106232,1256280000,0.403837472200394
"2011-03-16",0.4375,0.458750009536743,0.432500004768372,0.438250005245209,1476520000,0.400864690542221
"2011-03-17",0.449999988079071,0.45074999332428,0.430000007152557,0.44650000333786,1238516000,0.40841081738472
"2011-03-18",0.453500002622604,0.455000013113022,0.439999997615814,0.440499991178513,886960000,0.402922779321671
"2011-03-21",0.449999988079071,0.454499989748001,0.439500004053116,0.444000005722046,751832000,0.406124264001846
"2011-03-22",0.442750006914139,0.446999996900558,0.434249997138977,0.436250001192093,718332000,0.399035304784775
"2011-03-23",0.435499995946884,0.44650000333786,0.425999999046326,0.445250004529953,782396000,0.407267540693283
"2011-03-24",0.454750001430511,0.486250013113022,0.453750014305115,0.480749994516373,1780592000,0.43973907828331
"2011-03-25",0.485000014305115,0.486250013113022,0.465000003576279,0.465750008821487,1196392000,0.426018714904785
"2011-03-28",0.476749986410141,0.49099999666214,0.472499996423721,0.483000010251999,1204284000,0.441797256469727
"2011-03-29",0.483000010251999,0.484750002622604,0.472750008106232,0.479250013828278,715764000,0.43836721777916
"2011-03-30",0.483000010251999,0.485000014305115,0.45524999499321,0.461250007152557,1176320000,0.421902626752853
"2011-03-31",0.462000012397766,0.467000007629395,0.453000009059906,0.461499989032745,655112000,0.422131240367889
"2011-04-01",0.467500001192093,0.467999994754791,0.448749989271164,0.455000013113022,850072000,0.416185915470123
"2011-04-04",0.455000013113022,0.456250011920929,0.435499995946884,0.438749998807907,924328000,0.401322036981583
"2011-04-05",0.445250004529953,0.448749989271164,0.438499987125397,0.439500004053116,821076000,0.402008056640625
"2011-04-06",0.442750006914139,0.443250000476837,0.43274998664856,0.436500012874603,856984000,0.399264007806778
"2011-04-07",0.4375,0.45524999499321,0.435750007629395,0.452499985694885,1021208000,0.413899093866348
"2011-04-08",0.456000000238419,0.456000000238419,0.4375,0.438749998807907,746552000,0.401322036981583
"2011-04-11",0.440499991178513,0.442750006914139,0.428250014781952,0.43299999833107,546208000,0.396062582731247
"2011-04-12",0.42875000834465,0.43724998831749,0.420749992132187,0.434249997138977,840756000,0.397205889225006
"2011-04-13",0.438749998807907,0.446749985218048,0.43325001001358,0.444000005722046,749588000,0.406124264001846
"2011-04-14",0.439999997615814,0.462999999523163,0.4375,0.462749987840652,1254704000,0.423274576663971
"2011-04-15",0.459250003099442,0.47350001335144,0.456999987363815,0.467750012874603,969720000,0.427848100662231
"2011-04-18",0.456750005483627,0.45974999666214,0.444999992847443,0.452250003814697,743584000,0.413670390844345
"2011-04-19",0.452499985694885,0.454250007867813,0.438250005245209,0.450500011444092,659860000,0.412069648504257
"2011-04-20",0.467000007629395,0.473749995231628,0.456750005483627,0.46424999833107,650516000,0.424646705389023
"2011-04-21",0.469249993562698,0.472250014543533,0.462000012397766,0.462999999523163,421300000,0.423503309488297
"2011-04-25",0.465000003576279,0.477999985218048,0.464749991893768,0.470250010490417,619612000,0.430134803056717
"2011-04-26",0.474249988794327,0.487250000238419,0.469500005245209,0.482499986886978,6.76e+08,0.441339939832687
"2011-04-27",0.485000014305115,0.485000014305115,0.472499996423721,0.482499986886978,450004000,0.441339939832687
"2011-04-28",0.482499986886978,0.497500002384186,0.476999998092651,0.487749993801117,6.84e+08,0.446142017841339
"2011-04-29",0.49099999666214,0.510999977588654,0.490249991416931,0.5,8.36e+08,0.457346946001053
"2011-05-02",0.510500013828278,0.510749995708466,0.490750014781952,0.493250012397766,613824000,0.451172828674316
"2011-05-03",0.487500011920929,0.488999992609024,0.463750004768372,0.469749987125397,8.08e+08,0.429677605628967
"2011-05-04",0.471249997615814,0.476500004529953,0.457500010728836,0.466250002384186,639356000,0.426476120948792
"2011-05-05",0.462500005960464,0.472000002861023,0.456250011920929,0.466500014066696,5.44e+08,0.426704794168472
"2011-05-06",0.476249992847443,0.487500011920929,0.472499996423721,0.483000010251999,841080000,0.441797256469727
"2011-05-09",0.484499990940094,0.496250003576279,0.483249992132187,0.493750005960464,706328000,0.451630204916
"2011-05-10",0.497750014066696,0.498250007629395,0.489499986171722,0.494500011205673,690976000,0.452316135168076
"2011-05-11",0.497000008821487,0.501999974250793,0.490000009536743,0.496749997138977,6.16e+08,0.454374343156815
"2011-05-12",0.495000004768372,0.513000011444092,0.493750005960464,0.512499988079071,1.224e+09,0.468780666589737
"2011-05-13",0.479999989271164,0.481249988079071,0.453000009059906,0.456499993801117,2025192000,0.417557835578918
"2011-05-16",0.45524999499321,0.456250011920929,0.44225001335144,0.442499995231628,728188000,0.404752045869827
"2011-05-17",0.441000014543533,0.441249996423721,0.428000003099442,0.440750002861023,1420364000,0.403151303529739
"2011-05-18",0.442499995231628,0.454750001430511,0.441000014543533,0.45100000500679,658844000,0.412527054548264
"2011-05-19",0.454499989748001,0.454750001430511,0.43775001168251,0.444499999284744,650884000,0.406581550836563
"2011-05-20",0.443500012159348,0.453249990940094,0.441500008106232,0.452250003814697,575820000,0.413670390844345
"2011-05-23",0.445749998092651,0.455000013113022,0.439999997615814,0.451750010251999,5.88e+08,0.413213014602661
"2011-05-24",0.453999996185303,0.471749991178513,0.452749997377396,0.453500002622604,720372000,0.414813756942749
"2011-05-25",0.451249986886978,0.462000012397766,0.446749985218048,0.458999991416931,545312000,0.419844508171082
"2011-05-26",0.458999991416931,0.474500000476837,0.457749992609024,0.470499992370605,706436000,0.430363655090332
"2011-05-27",0.472499996423721,0.488249987363815,0.472000002861023,0.487500011920929,658824000,0.445913434028625
"2011-05-31",0.497000008821487,0.50125002861023,0.485000014305115,0.500999987125397,1200716000,0.458261638879776
"2011-06-01",0.498750001192093,0.499500006437302,0.47749999165535,0.478500008583069,762208000,0.437681049108505
"2011-06-02",0.479250013828278,0.482749998569489,0.470499992370605,0.476249992847443,607592000,0.435622990131378
"2011-06-03",0.470750004053116,0.474999994039536,0.459250003099442,0.461499989032745,549300000,0.422131240367889
"2011-06-06",0.460750013589859,0.465000003576279,0.451249986886978,0.451750010251999,435988000,0.413213014602661
"2011-06-07",0.45524999499321,0.457749992609024,0.449499994516373,0.451499998569489,433956000,0.412984430789948
"2011-06-08",0.449250012636185,0.451999992132187,0.435750007629395,0.439249992370605,569288000,0.401779294013977
"2011-06-09",0.439000010490417,0.439999997615814,0.418500006198883,0.434249997138977,741632000,0.397205889225006
"2011-06-10",0.435000002384186,0.43775001168251,0.424499988555908,0.428000003099442,493548000,0.391488999128342
"2011-06-13",0.428000003099442,0.433499991893768,0.421999990940094,0.425000011920929,574760000,0.388744980096817
"2011-06-14",0.42875000834465,0.437999993562698,0.426750004291534,0.42849999666214,534576000,0.39194643497467
"2011-06-15",0.422749996185303,0.425249993801117,0.41049998998642,0.419250011444092,935916000,0.383485347032547
"2011-06-16",0.41949999332428,0.425999999046326,0.398750007152557,0.404749989509583,1024908000,0.370222389698029
"2011-06-17",0.409500002861023,0.409750014543533,0.382750004529953,0.395249992609024,1467884000,0.361532747745514
"2011-06-20",0.391750007867813,0.400000005960464,0.387499988079071,0.390500009059906,745960000,0.357187986373901
"2011-06-21",0.391999989748001,0.40200001001358,0.38824999332428,0.398999989032745,704276000,0.36496290564537
"2011-06-22",0.396250009536743,0.40149998664856,0.39274999499321,0.393500000238419,651720000,0.359932035207748
"2011-06-23",0.38850000500679,0.407999992370605,0.384999990463257,0.405250012874603,744024000,0.370679795742035
"2011-06-24",0.403250008821487,0.406749993562698,0.391000002622604,0.393500000238419,529052000,0.359932035207748
"2011-06-27",0.393500000238419,0.395999997854233,0.371499985456467,0.385250002145767,1142152000,0.352385878562927
"2011-06-28",0.385250002145767,0.391999989748001,0.382499992847443,0.387499988079071,692200000,0.354443848133087
"2011-06-29",0.389999985694885,0.39750000834465,0.376500010490417,0.393500000238419,960544000,0.359932035207748
"2011-06-30",0.394499987363815,0.402749985456467,0.38850000500679,0.398499995470047,652300000,0.364505499601364
"2011-07-01",0.398499995470047,0.405250012874603,0.390500009059906,0.403750002384186,540804000,0.369307786226273
"2011-07-05",0.403250008821487,0.407000005245209,0.393500000238419,0.397000014781952,535296000,0.363133430480957
"2011-07-06",0.396750003099442,0.39750000834465,0.386999994516373,0.391750007867813,529580000,0.358331471681595
"2011-07-07",0.393750011920929,0.395749986171722,0.386249989271164,0.393249988555908,986136000,0.359703481197357
"2011-07-08",0.387749999761581,0.390500009059906,0.382499992847443,0.385749995708466,619516000,0.352843165397644
"2011-07-11",0.378500014543533,0.379999995231628,0.371250003576279,0.372249990701675,714388000,0.340494871139526
"2011-07-12",0.37049999833107,0.374000012874603,0.361000001430511,0.367249995470047,867604000,0.335921406745911
"2011-07-13",0.372249990701675,0.37474998831749,0.363000005483627,0.366499990224838,634368000,0.335235327482224
"2011-07-14",0.368000000715256,0.37024998664856,0.350250005722046,0.351999998092651,1088996000,0.321972280740738
"2011-07-15",0.354000002145767,0.356249988079071,0.345250010490417,0.35249999165535,827736000,0.322429686784744
"2011-07-18",0.349750012159348,0.351749986410141,0.340499997138977,0.344999998807907,818200000,0.315569460391998
"2011-07-19",0.345999985933304,0.356249988079071,0.345999985933304,0.355500012636185,602224000,0.325173735618591
"2011-07-20",0.356750011444092,0.358749985694885,0.349999994039536,0.351000010967255,662956000,0.321057587862015
"2011-07-21",0.351500004529953,0.370000004768372,0.346249997615814,0.367500007152557,1143420000,0.336150079965591
"2011-07-22",0.37075001001358,0.376249998807907,0.36599999666214,0.375,737192000,0.343010276556015
"2011-07-25",0.369249999523163,0.37075001001358,0.363750010728836,0.368999987840652,566920000,0.337522149085999
"2011-07-26",0.358500003814697,0.367500007152557,0.354750007390976,0.360000014305115,698276000,0.329289853572845
"2011-07-27",0.354999989271164,0.356750011444092,0.345499992370605,0.346500009298325,652212000,0.316941440105438
"2011-07-28",0.345250010490417,0.352999985218048,0.339749991893768,0.345750004053116,648176000,0.316255539655685
"2011-07-29",0.342249989509583,0.349000006914139,0.340499997138977,0.345750004053116,677656000,0.316255539655685
"2011-08-01",0.353749990463257,0.365249991416931,0.350749999284744,0.364250004291534,1019620000,0.333177298307419
"2011-08-02",0.36175000667572,0.384499996900558,0.360500007867813,0.360500007867813,1356432000,0.329747229814529
"2011-08-03",0.361250013113022,0.371499985456467,0.357749998569489,0.37024998664856,765236000,0.338665515184402
"2011-08-04",0.363499999046326,0.363499999046326,0.33500000834465,0.33500000834465,979732000,0.306422472000122
"2011-08-05",0.342750012874603,0.347000002861023,0.314999997615814,0.323749989271164,1270588000,0.296132266521454
"2011-08-08",0.30799999833107,0.319000005722046,0.296249985694885,0.298249989748001,1084180000,0.272807419300079
"2011-08-09",0.303999990224838,0.323749989271164,0.300000011920929,0.323249995708466,1329832000,0.295674800872803
"2011-08-10",0.313749998807907,0.322750002145767,0.306749999523163,0.308499991893768,1140052000,0.282183110713959
"2011-08-11",0.308499991893768,0.339749991893768,0.308499991893768,0.335249990224838,1078792000,0.306651175022125
"2011-08-12",0.370999991893768,0.371499985456467,0.31674998998642,0.321999996900558,3195784000,0.294531464576721
"2011-08-15",0.325249999761581,0.33500000834465,0.323500007390976,0.334250003099442,864152000,0.305736362934113
"2011-08-16",0.33050000667572,0.33500000834465,0.318749994039536,0.324750006198883,716868000,0.29704686999321
"2011-08-17",0.32574999332428,0.331250011920929,0.316000014543533,0.320250004529953,553328000,0.292930752038956
"2011-08-18",0.305750012397766,0.308750003576279,0.294999986886978,0.298500001430511,802564000,0.273036271333694
"2011-08-19",0.293500006198883,0.309749990701675,0.291249990463257,0.293249994516373,761332000,0.268233925104141
"2011-08-22",0.301499992609024,0.305000007152557,0.295249998569489,0.298500001430511,611876000,0.273036271333694
"2011-08-23",0.305750012397766,0.331000000238419,0.305249989032745,0.330749988555908,938312000,0.302535206079483
"2011-08-24",0.330000013113022,0.331000000238419,0.317499995231628,0.32600000500679,687500000,0.298190325498581
"2011-08-25",0.319499999284744,0.325249999761581,0.311500012874603,0.312000006437302,690968000,0.285384505987167
"2011-08-26",0.310750007629395,0.328500002622604,0.305249989032745,0.325249999761581,732660000,0.297504246234894
"2011-08-29",0.334500014781952,0.335249990224838,0.326750010251999,0.333999991416931,601528000,0.305507898330688
"2011-08-30",0.331750005483627,0.344749987125397,0.329499989748001,0.342000007629395,684760000,0.312825351953506
"2011-08-31",0.344500005245209,0.34799998998642,0.330000013113022,0.332749992609024,705808000,0.30436447262764
"2011-09-01",0.337249994277954,0.344500005245209,0.331750005483627,0.331999987363815,762312000,0.303678423166275
"2011-09-02",0.324499994516373,0.328999996185303,0.320499986410141,0.323000013828278,471356000,0.295446157455444
"2011-09-06",0.3125,0.33024999499321,0.309500008821487,0.329499989748001,696248000,0.30139172077179
"2011-09-07",0.356249988079071,0.36599999666214,0.346500009298325,0.356249988079071,1606620000,0.325859695672989
"2011-09-08",0.35275000333786,0.361250013113022,0.348749995231628,0.354499995708466,880164000,0.324259042739868
"2011-09-09",0.351500004529953,0.361000001430511,0.34400001168251,0.347000002861023,869828000,0.3173987865448
"2011-09-12",0.342249989509583,0.358249992132187,0.342249989509583,0.355250000953674,916480000,0.324945032596588
"2011-09-13",0.358249992132187,0.365000009536743,0.35275000333786,0.363249987363815,853836000,0.332262605428696
"2011-09-14",0.372750014066696,0.386750012636185,0.372500002384186,0.381999999284744,1547192000,0.349413156509399
"2011-09-15",0.390500009059906,0.392500013113022,0.38400000333786,0.387499988079071,752908000,0.354443848133087
"2011-09-16",0.38824999332428,0.402500003576279,0.384499996900558,0.386500000953674,1391588000,0.353529185056686
"2011-09-19",0.379999995231628,0.382750004529953,0.368750005960464,0.378500014543533,968204000,0.346211701631546
"2011-09-20",0.383249998092651,0.384750008583069,0.367000013589859,0.368750005960464,792436000,0.337293416261673
"2011-09-21",0.37075001001358,0.377249985933304,0.36149999499321,0.36175000667572,715252000,0.330890536308289
"2011-09-22",0.347499996423721,0.34799998998642,0.331250011920929,0.337749987840652,1314632000,0.308937877416611
"2011-09-23",0.335750013589859,0.354499995708466,0.333750009536743,0.344749987125397,1011440000,0.315340667963028
"2011-09-26",0.349000006914139,0.349999994039536,0.330000013113022,0.345499992370605,972124000,0.316026777029037
"2011-09-27",0.354250013828278,0.35725000500679,0.343250006437302,0.345999985933304,781388000,0.316484093666077
"2011-09-28",0.346749991178513,0.355500012636185,0.330000013113022,0.335500001907349,1236532000,0.306879997253418
"2011-09-29",0.341500014066696,0.347250014543533,0.318749994039536,0.327250003814697,866416000,0.29933363199234
"2011-09-30",0.321999996900558,0.323749989271164,0.31224998831749,0.31275001168251,677784000,0.286070555448532
"2011-10-03",0.308750003576279,0.318500012159348,0.295249998569489,0.295249998569489,949896000,0.270063310861588
"2011-10-04",0.287999987602234,0.322499990463257,0.286749988794327,0.322499990463257,1361548000,0.294988721609116
"2011-10-05",0.321749985218048,0.337000012397766,0.315250009298325,0.333999991416931,856708000,0.305507898330688
"2011-10-06",0.335750013589859,0.34825000166893,0.335249990224838,0.347250014543533,773192000,0.317627489566803
"2011-10-07",0.348749995231628,0.358999997377396,0.341500014066696,0.353749990463257,806976000,0.323572963476181
"2011-10-10",0.359750002622604,0.369500011205673,0.358999997377396,0.369500011205673,534376000,0.33797949552536
"2011-10-11",0.366499990224838,0.372500002384186,0.364250004291534,0.365500003099442,816080000,0.334320694208145
"2011-10-12",0.372500002384186,0.372750014066696,0.365000009536743,0.365249991416931,612064000,0.334091931581497
"2011-10-13",0.363499999046326,0.387250006198883,0.362500011920929,0.386500000953674,854832000,0.353529185056686
"2011-10-14",0.393249988555908,0.39724999666214,0.383500009775162,0.39300000667572,702452000,0.359474807977676
"2011-10-17",0.38850000500679,0.38850000500679,0.371499985456467,0.373499989509583,611780000,0.341638267040253
"2011-10-18",0.371499985456467,0.388000011444092,0.369249999523163,0.386999994516373,590916000,0.353986620903015
"2011-10-19",0.387499988079071,0.394250005483627,0.378250002861023,0.37924998998642,557568000,0.346897661685944
"2011-10-20",0.368999987840652,0.37049999833107,0.345999985933304,0.360249996185303,990308000,0.329518586397171
"2011-10-21",0.364749997854233,0.37075001001358,0.356000006198883,0.361999988555908,628428000,0.331119328737259
"2011-10-24",0.363499999046326,0.381249994039536,0.362749993801117,0.375499993562698,535256000,0.343467384576797
"2011-10-25",0.37024998664856,0.373250007629395,0.360500007867813,0.361250013113022,577996000,0.330433189868927
"2011-10-26",0.368250012397766,0.37024998664856,0.354999989271164,0.365500003099442,503116000,0.334320694208145
"2011-10-27",0.379000008106232,0.384999990463257,0.37049999833107,0.381249994039536,577732000,0.348727166652679
"2011-10-28",0.377999991178513,0.393500000238419,0.377000004053116,0.389999985694885,490156000,0.356730610132217
"2011-10-31",0.377499997615814,0.37975001335144,0.370000004768372,0.370000004768372,519984000,0.338436663150787
"2011-11-01",0.356499999761581,0.357499986886978,0.34799998998642,0.351500004529953,790824000,0.321514964103699
"2011-11-02",0.354999989271164,0.356750011444092,0.338250011205673,0.345499992370605,961608000,0.316026777029037
"2011-11-03",0.349249988794327,0.367000013589859,0.340000003576279,0.36625000834465,749372000,0.335006713867188
"2011-11-04",0.363000005483627,0.371749997138977,0.35725000500679,0.37049999833107,654840000,0.338894098997116
"2011-11-07",0.367749989032745,0.374000012874603,0.360000014305115,0.368499994277954,613536000,0.337064832448959
"2011-11-08",0.373250007629395,0.37924998998642,0.367249995470047,0.377000004053116,549728000,0.344839841127396
"2011-11-09",0.368250012397766,0.372999995946884,0.356499999761581,0.358000010251999,532244000,0.327460557222366
"2011-11-10",0.366750001907349,0.37049999833107,0.35275000333786,0.36175000667572,990484000,0.330890536308289
"2011-11-11",0.372000008821487,0.377499997615814,0.351749986410141,0.374500006437302,1751560000,0.342553049325943
"2011-11-14",0.374500006437302,0.378250002861023,0.36625000834465,0.367249995470047,500292000,0.335921406745911
"2011-11-15",0.363750010728836,0.37474998831749,0.362749993801117,0.372000008821487,505660000,0.340266108512878
"2011-11-16",0.365000009536743,0.37474998831749,0.363249987363815,0.364499986171722,512420000,0.333405941724777
"2011-11-17",0.363750010728836,0.364749997854233,0.344999998807907,0.351500004529953,657504000,0.321514964103699
"2011-11-18",0.353500008583069,0.353500008583069,0.344500005245209,0.34825000166893,501352000,0.318542152643204
"2011-11-21",0.342750012874603,0.369249999523163,0.337500005960464,0.365750014781952,1330788000,0.334549278020859
"2011-11-22",0.369749993085861,0.379000008106232,0.367749989032745,0.377000004053116,1287480000,0.344839841127396
"2011-11-23",0.372999995946884,0.375750005245209,0.360749989748001,0.361000001430511,825340000,0.330204457044601
"2011-11-25",0.356249988079071,0.364499986171722,0.349999994039536,0.351000010967255,406620000,0.321057587862015
"2011-11-28",0.362500011920929,0.376249998807907,0.362500011920929,0.37075001001358,690616000,0.339122712612152
"2011-11-29",0.37024998664856,0.377499997615814,0.366750001907349,0.372750014066696,623440000,0.34095224738121
"2011-11-30",0.38400000333786,0.391750007867813,0.380750000476837,0.390749990940094,730324000,0.357416719198227
"2011-12-01",0.387499988079071,0.396499991416931,0.385749995708466,0.395500004291534,529760000,0.361761540174484
"2011-12-02",0.399749994277954,0.401250004768372,0.389250010251999,0.39300000667572,546464000,0.359474807977676
"2011-12-05",0.399500012397766,0.400000005960464,0.38374999165535,0.386999994516373,644696000,0.353986620903015
"2011-12-06",0.389250010251999,0.389999985694885,0.377499997615814,0.381500005722046,573832000,0.348955810070038
"2011-12-07",0.379000008106232,0.381999999284744,0.371250003576279,0.37924998998642,510016000,0.346897661685944
"2011-12-08",0.375499993562698,0.381749987602234,0.36599999666214,0.367249995470047,491488000,0.335921406745911
"2011-12-09",0.364499986171722,0.375499993562698,0.359499990940094,0.372500002384186,555840000,0.340723484754562
"2011-12-12",0.364499986171722,0.36599999666214,0.356499999761581,0.363249987363815,573208000,0.332262605428696
"2011-12-13",0.368000000715256,0.372500002384186,0.351000010967255,0.353249996900558,516596000,0.323115646839142
"2011-12-14",0.350250005722046,0.352250009775162,0.335750013589859,0.33950001001358,636020000,0.310538738965988
"2011-12-15",0.345250010490417,0.347499996423721,0.335750013589859,0.336499989032745,435148000,0.307794541120529
"2011-12-16",0.33924999833107,0.345750004053116,0.336250007152557,0.337749987840652,619116000,0.308937877416611
"2011-12-19",0.33924999833107,0.343250006437302,0.327749997377396,0.328999996185303,463276000,0.30093440413475
"2011-12-20",0.336499989032745,0.348749995231628,0.336499989032745,0.347499996423721,445208000,0.317856281995773
"2011-12-21",0.345499992370605,0.349249988794327,0.336250007152557,0.342999994754791,548424000,0.313739955425262
"2011-12-22",0.34400001168251,0.358749985694885,0.34400001168251,0.357749998569489,576560000,0.327231764793396
"2011-12-23",0.359499990940094,0.360000014305115,0.351249992847443,0.354250013828278,248948000,0.324030369520187
"2011-12-27",0.35275000333786,0.35699999332428,0.350499987602234,0.351500004529953,195712000,0.321514964103699
"2011-12-28",0.351500004529953,0.352250009775162,0.342500001192093,0.342750012874603,233960000,0.313511371612549
"2011-12-29",0.346249997615814,0.349999994039536,0.341250002384186,0.349249988794327,211112000,0.319456934928894
"2011-12-30",0.34799998998642,0.351749986410141,0.345999985933304,0.346500009298325,186956000,0.316941440105438
"2012-01-03",0.357499986886978,0.360000014305115,0.350250005722046,0.351000010967255,468044000,0.321057587862015
"2012-01-04",0.351249992847443,0.356499999761581,0.34799998998642,0.354999989271164,347372000,0.324716359376907
"2012-01-05",0.353249996900558,0.369500011205673,0.351749986410141,0.367749989032745,563548000,0.336378782987595
"2012-01-06",0.367500007152557,0.367749989032745,0.359250009059906,0.363499999046326,533252000,0.332491248846054
"2012-01-09",0.363750010728836,0.37049999833107,0.361000001430511,0.363499999046326,508244000,0.332491248846054
"2012-01-10",0.368999987840652,0.369249999523163,0.359499990940094,0.361999988555908,546328000,0.331119328737259
"2012-01-11",0.358749985694885,0.361999988555908,0.353249996900558,0.354750007390976,484272000,0.324487656354904
"2012-01-12",0.355500012636185,0.355749994516373,0.344749987125397,0.35249999165535,652364000,0.322429686784744
"2012-01-13",0.349999994039536,0.350749999284744,0.341500014066696,0.343250006437302,504300000,0.313968807458878
"2012-01-17",0.34850001335144,0.34850001335144,0.337500005960464,0.337999999523163,627176000,0.309166610240936
"2012-01-18",0.344500005245209,0.352250009775162,0.342750012874603,0.349500000476837,632676000,0.319685518741608
"2012-01-19",0.35249999165535,0.359250009059906,0.348749995231628,0.358749985694885,608312000,0.328146457672119
"2012-01-20",0.358249992132187,0.362500011920929,0.354250013828278,0.355500012636185,546272000,0.325173735618591
"2012-01-23",0.355749994516373,0.365500003099442,0.351249992847443,0.365249991416931,562792000,0.334091931581497
"2012-01-24",0.362749993801117,0.375,0.362500011920929,0.373499989509583,730920000,0.341638267040253
"2012-01-25",0.363499999046326,0.372249990701675,0.352999985218048,0.371250003576279,1274152000,0.339580088853836
"2012-01-26",0.376749992370605,0.381000012159348,0.365750014781952,0.367749989032745,799672000,0.336378782987595
"2012-01-27",0.365500003099442,0.37474998831749,0.362500011920929,0.372750014066696,449996000,0.34095224738121
"2012-01-30",0.36625000834465,0.371749997138977,0.360749989748001,0.370000004768372,399076000,0.338436663150787
"2012-01-31",0.370999991893768,0.371250003576279,0.362749993801117,0.369249999523163,357900000,0.337750762701035
"2012-02-01",0.373499989509583,0.377499997615814,0.368250012397766,0.373250007629395,428020000,0.341409474611282
"2012-02-02",0.37525001168251,0.388749986886978,0.371499985456467,0.387250006198883,696236000,0.354215353727341
"2012-02-03",0.39300000667572,0.398750007152557,0.392250001430511,0.395500004291534,495232000,0.361761540174484
"2012-02-06",0.393500000238419,0.393999993801117,0.388999998569489,0.392500013113022,278868000,0.35901752114296
"2012-02-07",0.39300000667572,0.395749986171722,0.386500000953674,0.393500000238419,410296000,0.359932035207748
"2012-02-08",0.393500000238419,0.415499985218048,0.391499996185303,0.407750010490417,847612000,0.372966438531876
"2012-02-09",0.412750005722046,0.41499999165535,0.406749993562698,0.407499998807907,561944000,0.37273782491684
"2012-02-10",0.403499990701675,0.405000001192093,0.395249992609024,0.39750000834465,440268000,0.363590955734253
"2012-02-13",0.407499998807907,0.409000009298325,0.395500004291534,0.403750002384186,610668000,0.369307786226273
"2012-02-14",0.403750002384186,0.409500002861023,0.400249987840652,0.40599998831749,453756000,0.371365785598755
"2012-02-15",0.409750014543533,0.422500014305115,0.403250008821487,0.404249995946884,1110856000,0.369765013456345
"2012-02-16",0.376500010490417,0.414499998092651,0.375,0.411249995231628,1888588000,0.376167953014374
"2012-02-17",0.411500006914139,0.414249986410141,0.392500013113022,0.396250009536743,1020360000,0.362447500228882
"2012-02-21",0.395999997854233,0.407999992370605,0.395249992609024,0.398250013589859,518176000,0.36427691578865
"2012-02-22",0.396250009536743,0.40599998831749,0.395000010728836,0.395500004291534,492432000,0.361761540174484
"2012-02-23",0.396250009536743,0.400000005960464,0.389999985694885,0.397749990224838,323968000,0.363819450139999
"2012-02-24",0.398999989032745,0.399500012397766,0.39300000667572,0.394749999046326,366668000,0.361075520515442
"2012-02-27",0.389750003814697,0.391499996185303,0.381249994039536,0.386750012636185,745268000,0.353757977485657
"2012-02-28",0.386750012636185,0.391250014305115,0.37924998998642,0.383249998092651,699884000,0.350556463003159
"2012-02-29",0.384499996900558,0.391000002622604,0.378500014543533,0.378749996423721,689196000,0.346440404653549
"2012-03-01",0.380250006914139,0.385749995708466,0.378749996423721,0.381249994039536,449944000,0.348727166652679
"2012-03-02",0.379999995231628,0.389999985694885,0.379999995231628,0.384499996900558,684076000,0.351700037717819
"2012-03-05",0.381749987602234,0.382499992847443,0.368750005960464,0.371499985456467,514848000,0.339808911085129
"2012-03-06",0.367249995470047,0.37024998664856,0.36149999499321,0.368000000715256,471400000,0.336607426404953
"2012-03-07",0.370000004768372,0.371749997138977,0.365000009536743,0.37024998664856,441984000,0.338665515184402
"2012-03-08",0.371250003576279,0.37525001168251,0.369249999523163,0.371499985456467,430852000,0.339808911085129
"2012-03-09",0.372500002384186,0.37525001168251,0.368499994277954,0.37049999833107,367836000,0.338894098997116
"2012-03-12",0.372000008821487,0.374500006437302,0.363750010728836,0.364749997854233,299948000,0.333634674549103
"2012-03-13",0.36625000834465,0.371749997138977,0.364499986171722,0.369749993085861,553288000,0.338208138942719
"2012-03-14",0.369749993085861,0.37049999833107,0.358000010251999,0.359250009059906,735708000,0.328603833913803
"2012-03-15",0.360249996185303,0.366499990224838,0.358999997377396,0.364499986171722,382380000,0.333405941724777
"2012-03-16",0.364749997854233,0.366499990224838,0.362749993801117,0.365000009536743,428340000,0.333863377571106
"2012-03-19",0.367000013589859,0.368750005960464,0.364250004291534,0.36599999666214,405400000,0.334777981042862
"2012-03-20",0.363999992609024,0.363999992609024,0.356750011444092,0.360000014305115,449616000,0.329289853572845
"2012-03-21",0.360000014305115,0.364749997854233,0.356000006198883,0.36149999499321,467840000,0.330661863088608
"2012-03-22",0.358749985694885,0.363999992609024,0.357749998569489,0.361000001430511,425372000,0.330204457044601
"2012-03-23",0.360000014305115,0.364749997854233,0.357499986886978,0.363750010728836,315456000,0.332719922065735
"2012-03-26",0.367249995470047,0.369749993085861,0.363750010728836,0.368000000715256,288600000,0.336607426404953
"2012-03-27",0.369500011205673,0.375,0.368750005960464,0.37049999833107,419968000,0.338894098997116
"2012-03-28",0.37525001168251,0.38400000333786,0.372500002384186,0.379000008106232,892448000,0.346668928861618
"2012-03-29",0.378500014543533,0.38374999165535,0.373750001192093,0.380750000476837,372700000,0.348269879817963
"2012-03-30",0.38400000333786,0.387250006198883,0.378500014543533,0.384999990463257,527240000,0.352157086133957
"2012-04-02",0.38400000333786,0.387250006198883,0.377750009298325,0.383249998092651,407776000,0.350556463003159
"2012-04-03",0.386000007390976,0.386500000953674,0.375,0.377000004053116,430476000,0.344839841127396
"2012-04-04",0.371250003576279,0.375999987125397,0.363999992609024,0.36625000834465,495896000,0.335006713867188
"2012-04-05",0.366750001907349,0.371250003576279,0.364499986171722,0.365750014781952,369424000,0.334549278020859
"2012-04-09",0.360000014305115,0.362250000238419,0.354000002145767,0.361000001430511,365504000,0.330204457044601
"2012-04-10",0.359499990940094,0.364499986171722,0.352250009775162,0.354000002145767,470360000,0.323801696300507
"2012-04-11",0.358749985694885,0.36625000834465,0.357499986886978,0.358500003814697,372960000,0.327917814254761
"2012-04-12",0.358999997377396,0.368999987840652,0.357499986886978,0.367000013589859,384868000,0.33569273352623
"2012-04-13",0.363750010728836,0.365750014781952,0.353749990463257,0.354000002145767,311324000,0.323801696300507
"2012-04-16",0.356499999761581,0.357499986886978,0.34400001168251,0.349750012159348,463468000,0.319914191961288
"2012-04-17",0.350749999284744,0.354999989271164,0.349249988794327,0.350499987602234,460696000,0.320600211620331
"2012-04-18",0.34825000166893,0.349999994039536,0.342500001192093,0.346749991178513,400764000,0.317170083522797
"2012-04-19",0.342249989509583,0.355250000953674,0.339749991893768,0.341500014066696,667188000,0.312368005514145
"2012-04-20",0.34349998831749,0.344500005245209,0.333999991416931,0.33474999666214,509592000,0.306193858385086
"2012-04-23",0.328999996185303,0.332249999046326,0.322750002145767,0.330749988555908,706244000,0.302535206079483
"2012-04-24",0.331750005483627,0.334500014781952,0.318749994039536,0.320499986410141,730440000,0.293159425258636
"2012-04-25",0.325249999761581,0.329499989748001,0.319249987602234,0.326999992132187,727112000,0.299104899168015
"2012-04-26",0.326750010251999,0.330000013113022,0.324499994516373,0.327250003814697,539208000,0.29933363199234
"2012-04-27",0.326750010251999,0.328750014305115,0.321000009775162,0.324499994516373,475356000,0.296818315982819
"2012-04-30",0.322750002145767,0.326750010251999,0.320499986410141,0.324999988079071,262268000,0.297275543212891
"2012-05-01",0.323249995708466,0.334250003099442,0.323249995708466,0.330749988555908,408680000,0.302535206079483
"2012-05-02",0.329499989748001,0.330749988555908,0.319499999284744,0.32124999165535,684008000,0.293845564126968
"2012-05-03",0.321999996900558,0.324000000953674,0.313749998807907,0.315750002861023,419536000,0.288814723491669
"2012-05-04",0.313749998807907,0.315499991178513,0.306499987840652,0.306499987840652,545092000,0.28035369515419
"2012-05-07",0.312000006437302,0.31725001335144,0.309249997138977,0.311749994754791,604440000,0.285156011581421
"2012-05-08",0.308999985456467,0.313499987125397,0.30349999666214,0.311500012874603,462312000,0.284927248954773
"2012-05-09",0.305999994277954,0.315250009298325,0.303000003099442,0.31275001168251,520608000,0.286070555448532
"2012-05-10",0.315750002861023,0.316249996423721,0.305500000715256,0.310499995946884,597092000,0.284012496471405
"2012-05-11",0.336250007152557,0.342000007629395,0.328999996185303,0.33024999499321,1435140000,0.302077621221542
"2012-05-14",0.327499985694885,0.333249986171722,0.320749998092651,0.328249990940094,437472000,0.300248324871063
"2012-05-15",0.328249990940094,0.335500001907349,0.323500007390976,0.324999988079071,599940000,0.297275543212891
"2012-05-16",0.325500011444092,0.329250007867813,0.317499995231628,0.318500012159348,470484000,0.291330009698868
"2012-05-17",0.319750010967255,0.322750002145767,0.316249996423721,0.316249996423721,335364000,0.289271980524063
"2012-05-18",0.31700000166893,0.318500012159348,0.300500005483627,0.301999986171722,567288000,0.276237666606903
"2012-05-21",0.302500009536743,0.308750003576279,0.300500005483627,0.307249993085861,416260000,0.281039744615555
"2012-05-22",0.307000011205673,0.307500004768372,0.29899999499321,0.30349999666214,410140000,0.277609556913376
"2012-05-23",0.300249993801117,0.311500012874603,0.295749992132187,0.310999989509583,4.96e+08,0.284469872713089
"2012-05-24",0.31275001168251,0.313250005245209,0.300500005483627,0.302749991416931,520420000,0.276923567056656
"2012-05-25",0.302500009536743,0.3125,0.302500009536743,0.310000002384186,391752000,0.283555150032043
"2012-05-29",0.314999997615814,0.319999992847443,0.313749998807907,0.317999988794327,3.1e+08,0.290872633457184
"2012-05-30",0.314500004053116,0.31674998998642,0.308750003576279,0.314249992370605,379792000,0.287442564964294
"2012-05-31",0.314249992370605,0.315499991178513,0.306749999523163,0.310750007629395,358192000,0.284241318702698
"2012-06-01",0.304250001907349,0.307249993085861,0.29899999499321,0.299499988555908,440984000,0.273950845003128
"2012-06-04",0.300999999046326,0.302749991416931,0.290749996900558,0.293249994516373,432856000,0.268233925104141
"2012-06-05",0.291750013828278,0.302500009536743,0.291750013828278,0.301750004291534,365224000,0.276008933782578
"2012-06-06",0.303999990224838,0.310499995946884,0.301750004291534,0.309749990701675,368968000,0.283326387405396
"2012-06-07",0.314249992370605,0.316000014543533,0.296999990940094,0.297250002622604,526780000,0.271892905235291
"2012-06-08",0.298249989748001,0.303999990224838,0.297749996185303,0.303000003099442,370308000,0.277152359485626
"2012-06-11",0.31275001168251,0.318250000476837,0.305750012397766,0.306499987840652,839080000,0.28035369515419
"2012-06-12",0.310000002384186,0.315750002861023,0.309500008821487,0.31275001168251,496128000,0.286070555448532
"2012-06-13",0.3125,0.313250005245209,0.303000003099442,0.304500013589859,494276000,0.278524398803711
"2012-06-14",0.303999990224838,0.306499987840652,0.297749996185303,0.300749987363815,589884000,0.275094211101532
"2012-06-15",0.303000003099442,0.307500004768372,0.300249993801117,0.307249993085861,385288000,0.281039744615555
"2012-06-18",0.305000007152557,0.3125,0.302500009536743,0.310000002384186,304424000,0.283555150032043
"2012-06-19",0.322750002145767,0.335750013589859,0.32124999165535,0.331000000238419,960476000,0.302763670682907
"2012-06-20",0.334250003099442,0.342500001192093,0.332249999046326,0.336250007152557,972720000,0.307565897703171
"2012-06-21",0.335999995470047,0.335999995470047,0.320250004529953,0.321000009775162,516376000,0.293616831302643
"2012-06-22",0.324999988079071,0.328750014305115,0.320499986410141,0.324999988079071,865360000,0.297275543212891
"2012-06-25",0.325249999761581,0.326249986886978,0.313499987125397,0.314749985933304,494616000,0.287899971008301
"2012-06-26",0.316500008106232,0.320499986410141,0.312000006437302,0.318250000476837,437152000,0.291101276874542
"2012-06-27",0.318500012159348,0.330749988555908,0.318500012159348,0.328500002622604,506064000,0.300476968288422
"2012-06-28",0.325500011444092,0.333000004291534,0.322750002145767,0.331000000238419,545896000,0.302763670682907
"2012-06-29",0.338750004768372,0.346249997615814,0.338499993085861,0.345499992370605,616508000,0.316026777029037
"2012-07-02",0.347250014543533,0.347499996423721,0.333499997854233,0.336250007152557,581684000,0.307565897703171
"2012-07-03",0.336250007152557,0.345750004053116,0.335999995470047,0.344999998807907,219284000,0.315569460391998
"2012-07-05",0.342750012874603,0.344249993562698,0.336250007152557,0.341500014066696,280076000,0.312368005514145
"2012-07-06",0.33899998664856,0.340000003576279,0.331250011920929,0.33500000834465,382760000,0.306422472000122
"2012-07-09",0.333000004291534,0.334500014781952,0.327749997377396,0.33050000667572,306336000,0.30230638384819
"2012-07-10",0.326999992132187,0.336750000715256,0.317999988794327,0.320499986410141,512028000,0.293159425258636
"2012-07-11",0.32150000333786,0.325500011444092,0.313749998807907,0.315250009298325,485216000,0.288357347249985
"2012-07-12",0.311749994754791,0.31224998831749,0.307249993085861,0.310000002384186,472160000,0.283555150032043
"2012-07-13",0.310250014066696,0.315499991178513,0.30825001001358,0.314000010490417,324260000,0.287214010953903
"2012-07-16",0.312000006437302,0.317499995231628,0.308999985456467,0.314999997615814,334460000,0.288128554821014
"2012-07-17",0.316000014543533,0.317750006914139,0.303999990224838,0.309249997138977,447476000,0.282869100570679
"2012-07-18",0.308499991893768,0.331000000238419,0.307000011205673,0.326499998569489,616008000,0.298647612333298
"2012-07-19",0.328750014305115,0.333999991416931,0.326499998569489,0.329750001430511,403036000,0.301620274782181
"2012-07-20",0.327749997377396,0.330000013113022,0.31674998998642,0.320250004529953,4.51e+08,0.292930752038956
"2012-07-23",0.311749994754791,0.326750010251999,0.30825001001358,0.324499994516373,451584000,0.296818315982819
"2012-07-24",0.324999988079071,0.326999992132187,0.31725001335144,0.321000009775162,351164000,0.293616831302643
"2012-07-25",0.319999992847443,0.33050000667572,0.318500012159348,0.327250003814697,415044000,0.29933363199234
"2012-07-26",0.333249986171722,0.337000012397766,0.326249986886978,0.328750014305115,338440000,0.300705760717392
"2012-07-27",0.330000013113022,0.337999999523163,0.327499985694885,0.337000012397766,376516000,0.308251827955246
"2012-07-30",0.337000012397766,0.341250002384186,0.33050000667572,0.333249986171722,363552000,0.304821878671646
"2012-07-31",0.333249986171722,0.343250006437302,0.332749992609024,0.338499993085861,387788000,0.309623777866364
"2012-08-01",0.340499997138977,0.34375,0.333249986171722,0.33474999666214,335912000,0.306193858385086
"2012-08-02",0.333000004291534,0.340999990701675,0.327499985694885,0.335999995470047,367912000,0.307337135076523
"2012-08-03",0.341250002384186,0.346500009298325,0.333249986171722,0.342999994754791,326548000,0.313739955425262
"2012-08-06",0.346249997615814,0.351999998092651,0.345750004053116,0.350250005722046,360324000,0.320371508598328
"2012-08-07",0.354499995708466,0.357499986886978,0.351749986410141,0.353749990463257,407340000,0.323572963476181
"2012-08-08",0.353500008583069,0.359499990940094,0.35249999165535,0.355749994516373,517064000,0.325402438640594
"2012-08-09",0.356249988079071,0.368499994277954,0.355749994516373,0.367749989032745,822300000,0.336378782987595
"2012-08-10",0.377499997615814,0.380499988794327,0.360749989748001,0.365500003099442,1278744000,0.334320694208145
"2012-08-13",0.36599999666214,0.37049999833107,0.364499986171722,0.37024998664856,447244000,0.338665515184402
"2012-08-14",0.371499985456467,0.372000008821487,0.363249987363815,0.364749997854233,388828000,0.333634674549103
"2012-08-15",0.36599999666214,0.368999987840652,0.360249996185303,0.361999988555908,594404000,0.331119328737259
"2012-08-16",0.365249991416931,0.37075001001358,0.363999992609024,0.369500011205673,371008000,0.33797949552536
"2012-08-17",0.369500011205673,0.369500011205673,0.363000005483627,0.36625000834465,309864000,0.335006713867188
"2012-08-20",0.365000009536743,0.366750001907349,0.360749989748001,0.36625000834465,314392000,0.335006713867188
"2012-08-21",0.367500007152557,0.369749993085861,0.36149999499321,0.365249991416931,340248000,0.334091931581497
"2012-08-22",0.363000005483627,0.367500007152557,0.36175000667572,0.36599999666214,313556000,0.334777981042862
"2012-08-23",0.365249991416931,0.365500003099442,0.356249988079071,0.357749998569489,379040000,0.327231764793396
"2012-08-24",0.357749998569489,0.366750001907349,0.35699999332428,0.365000009536743,347724000,0.333863377571106
"2012-08-27",0.364749997854233,0.365750014781952,0.358500003814697,0.358749985694885,340944000,0.328146457672119
"2012-08-28",0.356000006198883,0.360749989748001,0.355250000953674,0.35725000500679,310764000,0.326774477958679
"2012-08-29",0.35699999332428,0.360249996185303,0.356249988079071,0.358000010251999,250412000,0.327460557222366
"2012-08-30",0.35725000500679,0.358500003814697,0.349500000476837,0.351249992847443,307488000,0.321286290884018
"2012-08-31",0.353749990463257,0.356249988079071,0.347250014543533,0.350749999284744,485064000,0.320828914642334
"2012-09-04",0.344999998807907,0.346249997615814,0.328750014305115,0.331999987363815,694452000,0.303678423166275
"2012-09-05",0.333249986171722,0.337999999523163,0.329499989748001,0.333000004291534,480256000,0.304593116044998
"2012-09-06",0.335500001907349,0.352250009775162,0.335249990224838,0.343250006437302,657296000,0.313968807458878
"2012-09-07",0.334500014781952,0.337249994277954,0.323749989271164,0.33500000834465,781064000,0.306422472000122
"2012-09-10",0.334250003099442,0.33899998664856,0.331250011920929,0.331999987363815,371108000,0.303678423166275
"2012-09-11",0.331750005483627,0.341250002384186,0.33050000667572,0.335999995470047,382808000,0.307337135076523
"2012-09-12",0.338750004768372,0.341500014066696,0.335500001907349,0.339749991893768,322608000,0.310767233371735
"2012-09-13",0.342750012874603,0.34400001168251,0.335500001907349,0.342000007629395,433836000,0.312825351953506
"2012-09-14",0.341749995946884,0.351999998092651,0.341749995946884,0.345999985933304,339468000,0.316484093666077
"2012-09-17",0.346749991178513,0.346749991178513,0.332749992609024,0.336499989032745,493348000,0.307794541120529
"2012-09-18",0.332749992609024,0.342750012874603,0.332500010728836,0.338750004768372,359952000,0.309852749109268
"2012-09-19",0.33950001001358,0.347499996423721,0.335500001907349,0.342750012874603,451936000,0.313511371612549
"2012-09-20",0.342000007629395,0.34375,0.337500005960464,0.340249985456467,320596000,0.311224669218063
"2012-09-21",0.340750008821487,0.34375,0.33950001001358,0.341749995946884,340136000,0.312596708536148
"2012-09-24",0.336250007152557,0.342000007629395,0.335750013589859,0.341500014066696,357832000,0.312368005514145
"2012-09-25",0.345999985933304,0.347499996423721,0.33474999666214,0.335249990224838,481544000,0.306651175022125
"2012-09-26",0.333999991416931,0.334250003099442,0.325500011444092,0.329499989748001,436812000,0.30139172077179
"2012-09-27",0.33024999499321,0.332500010728836,0.327499985694885,0.331999987363815,558888000,0.303678423166275
"2012-09-28",0.33050000667572,0.338250011205673,0.326249986886978,0.333499997854233,485508000,0.305050373077393
"2012-10-01",0.33500000834465,0.337000012397766,0.326750010251999,0.328000009059906,504236000,0.300019681453705
"2012-10-02",0.33024999499321,0.33024999499321,0.325500011444092,0.329250007867813,295492000,0.301163107156754
"2012-10-03",0.330000013113022,0.331000000238419,0.324250012636185,0.32600000500679,430872000,0.298190325498581
"2012-10-04",0.326750010251999,0.342500001192093,0.324999988079071,0.340499997138977,502608000,0.311453282833099
"2012-10-05",0.341500014066696,0.344999998807907,0.331250011920929,0.332500010728836,483068000,0.304135710000992
"2012-10-08",0.331250011920929,0.332749992609024,0.326750010251999,0.329250007867813,240596000,0.301163107156754
"2012-10-09",0.328750014305115,0.329750001430511,0.32124999165535,0.322250008583069,366360000,0.294760197401047
"2012-10-10",0.320749998092651,0.322250008583069,0.315499991178513,0.31674998998642,326568000,0.289729326963425
"2012-10-11",0.319750010967255,0.320749998092651,0.316000014543533,0.318500012159348,320516000,0.291330009698868
"2012-10-12",0.316249996423721,0.318749994039536,0.313749998807907,0.315750002861023,260696000,0.288814723491669
"2012-10-15",0.316249996423721,0.319999992847443,0.3125,0.319750010967255,249580000,0.292473375797272
"2012-10-16",0.322499990463257,0.330000013113022,0.319499999284744,0.328999996185303,367696000,0.30093440413475
"2012-10-17",0.324999988079071,0.328000009059906,0.321749985218048,0.326499998569489,391752000,0.298647612333298
"2012-10-18",0.32574999332428,0.32574999332428,0.320250004529953,0.32150000333786,254772000,0.294074088335037
"2012-10-19",0.31674998998642,0.319000005722046,0.300999999046326,0.302749991416931,709412000,0.276923567056656
"2012-10-22",0.303999990224838,0.305750012397766,0.296750009059906,0.29925000667572,480840000,0.273722171783447
"2012-10-23",0.296499997377396,0.310250014066696,0.295749992132187,0.30825001001358,573948000,0.281954437494278
"2012-10-24",0.310250014066696,0.311500012874603,0.301250010728836,0.304250001907349,332916000,0.27829572558403
"2012-10-25",0.306749999523163,0.310000002384186,0.303250014781952,0.304500013589859,307356000,0.278524398803711
"2012-10-26",0.305000007152557,0.306749999523163,0.301250010728836,0.301250010728836,389376000,0.275551587343216
"2012-10-31",0.302500009536743,0.305000007152557,0.298750013113022,0.299499988555908,347112000,0.273950845003128
"2012-11-01",0.300999999046326,0.314000010490417,0.300749987363815,0.313749998807907,473220000,0.286985218524933
"2012-11-02",0.31700000166893,0.317499995231628,0.310250014066696,0.31224998831749,256700000,0.285613179206848
"2012-11-05",0.311500012874603,0.326750010251999,0.311500012874603,0.325500011444092,444840000,0.29773274064064
"2012-11-06",0.326249986886978,0.326249986886978,0.319750010967255,0.325249999761581,350804000,0.297504246234894
"2012-11-07",0.322750002145767,0.324750006198883,0.313749998807907,0.315250009298325,324620000,0.288357347249985
"2012-11-08",0.318749994039536,0.326999992132187,0.316249996423721,0.31700000166893,839024000,0.289957940578461
"2012-11-09",0.318749994039536,0.322499990463257,0.30375000834465,0.304749995470047,846280000,0.278753012418747
"2012-11-12",0.305249989032745,0.306499987840652,0.294999986886978,0.298000007867813,643624000,0.272578805685043
"2012-11-13",0.296499997377396,0.303250014781952,0.295500010251999,0.295749992132187,492120000,0.270520776510239
"2012-11-14",0.297500014305115,0.300500005483627,0.288249999284744,0.288500010967255,619300000,0.263889253139496
"2012-11-15",0.29025000333786,0.297749996185303,0.287750005722046,0.289750009775162,466688000,0.265032559633255
"2012-11-16",0.289750009775162,0.290749996900558,0.278750002384186,0.284500002861023,624552000,0.260230362415314
"2012-11-19",0.289750009775162,0.293500006198883,0.286249995231628,0.292499989271164,404092000,0.267548054456711
"2012-11-20",0.289499998092651,0.290749996900558,0.284249991178513,0.287250012159348,336976000,0.264440923929214
"2012-11-21",0.287250012159348,0.296249985694885,0.287000000476837,0.295500010251999,422312000,0.272035866975784
"2012-11-23",0.296750009059906,0.300999999046326,0.295249998569489,0.297500014305115,276932000,0.273877054452896
"2012-11-26",0.298000007867813,0.30349999666214,0.297500014305115,0.302749991416931,364600000,0.278710186481476
"2012-11-27",0.301499992609024,0.308499991893768,0.29899999499321,0.303999990224838,451404000,0.279860883951187
"2012-11-28",0.302749991416931,0.30799999833107,0.29899999499321,0.306499987840652,398332000,0.282162427902222
"2012-11-29",0.307000011205673,0.308499991893768,0.300000011920929,0.300999999046326,488688000,0.277099221944809
"2012-11-30",0.300749987363815,0.303000003099442,0.297500014305115,0.29925000667572,460504000,0.275488168001175
"2012-12-03",0.303000003099442,0.303000003099442,0.293000012636185,0.293749988079071,391380000,0.270424902439117
"2012-12-04",0.294250011444092,0.303000003099442,0.292499989271164,0.302500009536743,528068000,0.278480112552643
"2012-12-05",0.300000011920929,0.301999986171722,0.29475000500679,0.29899999499321,633024000,0.275257915258408
"2012-12-06",0.298249989748001,0.301499992609024,0.297250002622604,0.299499988555908,412896000,0.275718212127686
"2012-12-07",0.299750000238419,0.301250010728836,0.295500010251999,0.29899999499321,338288000,0.275257915258408
"2012-12-10",0.29899999499321,0.311250001192093,0.298249989748001,0.308999985456467,513644000,0.284464061260223
"2012-12-11",0.310000002384186,0.320250004529953,0.309249997138977,0.316249996423721,816724000,0.291138261556625
"2012-12-12",0.31725001335144,0.319000005722046,0.311749994754791,0.312999993562698,399404000,0.288146197795868
"2012-12-13",0.3125,0.319249987602234,0.310250014066696,0.313250005245209,377556000,0.28837639093399
"2012-12-14",0.314500004053116,0.317999988794327,0.31224998831749,0.314749985933304,338660000,0.289757519960403
"2012-12-17",0.314000010490417,0.315750002861023,0.308750003576279,0.313499987125397,445232000,0.288606613874435
"2012-12-18",0.313499987125397,0.317499995231628,0.3125,0.314000010490417,416436000,0.289066851139069
"2012-12-19",0.316249996423721,0.319999992847443,0.314999997615814,0.316249996423721,458544000,0.291138261556625
"2012-12-20",0.317499995231628,0.317750006914139,0.3125,0.316000014543533,334332000,0.290908008813858
"2012-12-21",0.311749994754791,0.311749994754791,0.305249989032745,0.308750003576279,462172000,0.284233778715134
"2012-12-24",0.308499991893768,0.309500008821487,0.305249989032745,0.306250005960464,127376000,0.281932294368744
"2012-12-26",0.305500000715256,0.310499995946884,0.304749995470047,0.305999994277954,196740000,0.281702220439911
"2012-12-27",0.306499987840652,0.307000011205673,0.300500005483627,0.303999990224838,299804000,0.279860883951187
"2012-12-28",0.301250010728836,0.307249993085861,0.300749987363815,0.302500009536743,220600000,0.278480112552643
"2012-12-31",0.301499992609024,0.30774998664856,0.300749987363815,0.306499987840652,326460000,0.282162427902222
"2013-01-02",0.314000010490417,0.318250000476837,0.31275001168251,0.317999988794327,478836000,0.292749315500259
"2013-01-03",0.317999988794327,0.321749985218048,0.314500004053116,0.318250000476837,298888000,0.292979389429092
"2013-01-04",0.318749994039536,0.329750001430511,0.317750006914139,0.328750014305115,524968000,0.302645742893219
"2013-01-07",0.328500002622604,0.329499989748001,0.31700000166893,0.319249987602234,610732000,0.293900042772293
"2013-01-08",0.319999992847443,0.321000009775162,0.310000002384186,0.31224998831749,466424000,0.287455856800079
"2013-01-09",0.314749985933304,0.316249996423721,0.303250014781952,0.305249989032745,695020000,0.281011670827866
"2013-01-10",0.30799999833107,0.309500008821487,0.303999990224838,0.305750012397766,506368000,0.281471937894821
"2013-01-11",0.307000011205673,0.307249993085861,0.302249997854233,0.305249989032745,513172000,0.281011670827866
"2013-01-14",0.307249993085861,0.307249993085861,0.301499992609024,0.305000007152557,305684000,0.28078156709671
"2013-01-15",0.30349999666214,0.30349999666214,0.297749996185303,0.299499988555908,375888000,0.275718212127686
"2013-01-16",0.29899999499321,0.304749995470047,0.29899999499321,0.302249997854233,337376000,0.27824991941452
"2013-01-17",0.303250014781952,0.307500004768372,0.302500009536743,0.306250005960464,580736000,0.281932294368744
"2013-01-18",0.306250005960464,0.306250005960464,0.300500005483627,0.304250001907349,397088000,0.280091136693954
"2013-01-22",0.303999990224838,0.306749999523163,0.301250010728836,0.302749991416931,308224000,0.278710186481476
"2013-01-23",0.30375000834465,0.303999990224838,0.300000011920929,0.303250014781952,421808000,0.279170662164688
"2013-01-24",0.302249997854233,0.305999994277954,0.300749987363815,0.304749995470047,396980000,0.28055140376091
"2013-01-25",0.305249989032745,0.310499995946884,0.30375000834465,0.310250014066696,393920000,0.28561469912529
"2013-01-28",0.311749994754791,0.31725001335144,0.310999989509583,0.315250009298325,422492000,0.290217667818069
"2013-01-29",0.314000010490417,0.314749985933304,0.307249993085861,0.308499991893768,388872000,0.284003615379333
"2013-01-30",0.308750003576279,0.312999993562698,0.307000011205673,0.30799999833107,287592000,0.283543318510056
"2013-01-31",0.30799999833107,0.311500012874603,0.304500013589859,0.306499987840652,470544000,0.282162427902222
"2013-02-01",0.308999985456467,0.310250014066696,0.306499987840652,0.309249997138977,288816000,0.284694135189056
"2013-02-04",0.307500004768372,0.313749998807907,0.30375000834465,0.303999990224838,511744000,0.279860883951187
"2013-02-05",0.305500000715256,0.31275001168251,0.304500013589859,0.310999989509583,367296000,0.286305129528046
"2013-02-06",0.30349999666214,0.310999989509583,0.301750004291534,0.308499991893768,530688000,0.284003615379333
"2013-02-07",0.307500004768372,0.310000002384186,0.304250001907349,0.307249993085861,4.4e+08,0.2828528881073
"2013-02-08",0.309249997138977,0.311749994754791,0.307249993085861,0.309249997138977,307232000,0.284694135189056
"2013-02-11",0.311749994754791,0.316000014543533,0.308750003576279,0.31275001168251,408308000,0.287916213274002
"2013-02-12",0.310000002384186,0.314249992370605,0.309500008821487,0.310750007629395,277804000,0.28607502579689
"2013-02-13",0.310999989509583,0.31674998998642,0.30825001001358,0.309249997138977,856396000,0.284694135189056
"2013-02-14",0.305000007152557,0.318500012159348,0.301250010728836,0.318250000476837,882096000,0.292979389429092
"2013-02-15",0.317499995231628,0.319750010967255,0.311250001192093,0.318250000476837,733860000,0.292979389429092
"2013-02-19",0.318500012159348,0.318749994039536,0.312000006437302,0.314000010490417,433552000,0.289066851139069
"2013-02-20",0.314999997615814,0.319999992847443,0.308499991893768,0.309500008821487,713012000,0.284924209117889
"2013-02-21",0.308999985456467,0.3125,0.306499987840652,0.307249993085861,580408000,0.2828528881073
"2013-02-22",0.309249997138977,0.313250005245209,0.307500004768372,0.312999993562698,370148000,0.288146197795868
"2013-02-25",0.313749998807907,0.316249996423721,0.307000011205673,0.307500004768372,644444000,0.283082962036133
"2013-02-26",0.306250005960464,0.310999989509583,0.305249989032745,0.309249997138977,487504000,0.286440700292587
"2013-02-27",0.309249997138977,0.31725001335144,0.308499991893768,0.314999997615814,476980000,0.291766673326492
"2013-02-28",0.314000010490417,0.32124999165535,0.31275001168251,0.316500008106232,591392000,0.293155997991562
"2013-03-01",0.314249992370605,0.318749994039536,0.311500012874603,0.317750006914139,389396000,0.294313788414001
"2013-03-04",0.315499991178513,0.319499999284744,0.312999993562698,0.316500008106232,353680000,0.293155997991562
"2013-03-05",0.318250000476837,0.320499986410141,0.31674998998642,0.319999992847443,366168000,0.296397715806961
"2013-03-06",0.321999996900558,0.324999988079071,0.318250000476837,0.319750010967255,342928000,0.296166270971298
"2013-03-07",0.32150000333786,0.324750006198883,0.31725001335144,0.319000005722046,314824000,0.295471578836441
"2013-03-08",0.319750010967255,0.321999996900558,0.318250000476837,0.320499986410141,246464000,0.296860933303833
"2013-03-11",0.31725001335144,0.318749994039536,0.314749985933304,0.317499995231628,299748000,0.294082164764404
"2013-03-12",0.31700000166893,0.319499999284744,0.314000010490417,0.318500012159348,310856000,0.295008450746536
"2013-03-13",0.318500012159348,0.324000000953674,0.315499991178513,0.318500012159348,485840000,0.295008450746536
"2013-03-14",0.320499986410141,0.32150000333786,0.31674998998642,0.318749994039536,383304000,0.295239984989166
"2013-03-15",0.318749994039536,0.318749994039536,0.314749985933304,0.316000014543533,355776000,0.292692720890045
"2013-03-18",0.314000010490417,0.31674998998642,0.311500012874603,0.313749998807907,298312000,0.290608793497086
"2013-03-19",0.314000010490417,0.315499991178513,0.309500008821487,0.311749994754791,355480000,0.288756340742111
"2013-03-20",0.314749985933304,0.316500008106232,0.312000006437302,0.315499991178513,340588000,0.292229652404785
"2013-03-21",0.313749998807907,0.314249992370605,0.310000002384186,0.310499995946884,339032000,0.28759840130806
"2013-03-22",0.311500012874603,0.313250005245209,0.310250014066696,0.312000006437302,232476000,0.288987904787064
"2013-03-25",0.313749998807907,0.314000010490417,0.30799999833107,0.310250014066696,362076000,0.287366926670074
"2013-03-26",0.310999989509583,0.31275001168251,0.309749990701675,0.3125,232540000,0.289450943470001
"2013-03-27",0.311250001192093,0.317999988794327,0.310499995946884,0.316249996423721,254944000,0.292924463748932
"2013-03-28",0.315499991178513,0.321000009775162,0.313250005245209,0.320749998092651,349276000,0.297092407941818
"2013-04-01",0.319999992847443,0.319999992847443,0.30799999833107,0.310250014066696,442828000,0.287366926670074
"2013-04-02",0.310499995946884,0.311250001192093,0.305000007152557,0.307000011205673,371524000,0.284356713294983
"2013-04-03",0.306499987840652,0.30825001001358,0.300999999046326,0.303250014781952,353156000,0.280883252620697
"2013-04-04",0.302249997854233,0.307249993085861,0.301250010728836,0.306250005960464,294676000,0.283661901950836
"2013-04-05",0.301750004291534,0.311500012874603,0.300999999046326,0.311500012874603,551352000,0.288524836301804
"2013-04-08",0.311749994754791,0.311749994754791,0.305000007152557,0.310750007629395,326660000,0.287829995155334
"2013-04-09",0.310999989509583,0.317999988794327,0.308750003576279,0.315750002861023,380584000,0.292461216449738
"2013-04-10",0.316000014543533,0.32124999165535,0.315250009298325,0.320749998092651,384688000,0.297092407941818
"2013-04-11",0.316249996423721,0.32124999165535,0.307500004768372,0.319249987602234,969220000,0.295703142881393
"2013-04-12",0.320749998092651,0.330749988555908,0.317999988794327,0.327250003814697,770548000,0.303112864494324
"2013-04-15",0.326249986886978,0.327250003814697,0.318500012159348,0.320499986410141,430420000,0.296860933303833
"2013-04-16",0.323500007390976,0.326249986886978,0.321749985218048,0.324000000953674,468844000,0.300102710723877
"2013-04-17",0.32150000333786,0.324499994516373,0.317750006914139,0.319750010967255,532948000,0.296166270971298
"2013-04-18",0.320499986410141,0.322499990463257,0.313499987125397,0.313499987125397,402548000,0.290377259254456
"2013-04-19",0.313250005245209,0.315250009298325,0.309249997138977,0.314249992370605,303028000,0.291071981191635
"2013-04-22",0.314000010490417,0.317499995231628,0.311500012874603,0.314749985933304,245568000,0.29153510928154
"2013-04-23",0.317499995231628,0.326249986886978,0.31700000166893,0.323000013828278,376948000,0.299176573753357
"2013-04-24",0.324000000953674,0.336750000715256,0.323749989271164,0.333999991416931,556556000,0.309365212917328
"2013-04-25",0.335750013589859,0.337500005960464,0.332749992609024,0.336750000715256,353224000,0.311912298202515
"2013-04-26",0.336250007152557,0.336750000715256,0.333499997854233,0.335249990224838,324332000,0.3105229139328
"2013-04-29",0.335750013589859,0.340499997138977,0.334250003099442,0.33924999833107,269712000,0.314227998256683
"2013-04-30",0.340000003576279,0.344249993562698,0.337749987840652,0.344249993562698,276712000,0.318859219551086
"2013-05-01",0.344249993562698,0.346500009298325,0.340000003576279,0.341250002384186,341316000,0.316080451011658
"2013-05-02",0.340999990701675,0.346249997615814,0.33899998664856,0.345250010490417,323480000,0.319785445928574
"2013-05-03",0.347499996423721,0.349249988794327,0.345499992370605,0.346749991178513,293864000,0.321174830198288
"2013-05-06",0.346749991178513,0.348749995231628,0.34375,0.345750004053116,217116000,0.320248544216156
"2013-05-07",0.345750004053116,0.346500009298325,0.337999999523163,0.341250002384186,448068000,0.316080451011658
"2013-05-08",0.341749995946884,0.349500000476837,0.340499997138977,0.347499996423721,334032000,0.321869492530823
"2013-05-09",0.341250002384186,0.349249988794327,0.340750008821487,0.347750008106232,566800000,0.322101026773453
"2013-05-10",0.354999989271164,0.365000009536743,0.354999989271164,0.363499999046326,861136000,0.33668926358223
"2013-05-13",0.361000001430511,0.362500011920929,0.354499995708466,0.356000006198883,289812000,0.329742550849915
"2013-05-14",0.360249996185303,0.364250004291534,0.356750011444092,0.361250013113022,454140000,0.334605365991592
"2013-05-15",0.359499990940094,0.368750005960464,0.359499990940094,0.367500007152557,313172000,0.34039431810379
"2013-05-16",0.367000013589859,0.37075001001358,0.364499986171722,0.365750014781952,308368000,0.338773399591446
"2013-05-17",0.367500007152557,0.374249994754791,0.364749997854233,0.371749997138977,312116000,0.344330757856369
"2013-05-20",0.37024998664856,0.372500002384186,0.368999987840652,0.370999991893768,236380000,0.343636304140091
"2013-05-21",0.371250003576279,0.374500006437302,0.367000013589859,0.372999995946884,357784000,0.347243666648865
"2013-05-22",0.374500006437302,0.374500006437302,0.358500003814697,0.360000014305115,480404000,0.335141271352768
"2013-05-23",0.355749994516373,0.367000013589859,0.354750007390976,0.365750014781952,393884000,0.340494245290756
"2013-05-24",0.363750010728836,0.366750001907349,0.359499990940094,0.363499999046326,283304000,0.338399529457092
"2013-05-28",0.36625000834465,0.367249995470047,0.359750002622604,0.363249987363815,279300000,0.338166832923889
"2013-05-29",0.361000001430511,0.363249987363815,0.359499990940094,0.361000001430511,335052000,0.33607217669487
"2013-05-30",0.360500007867813,0.369500011205673,0.359499990940094,0.365750014781952,284504000,0.340494245290756
"2013-05-31",0.363750010728836,0.368999987840652,0.36175000667572,0.36175000667572,577508000,0.336770474910736
"2013-06-03",0.362250000238419,0.365000009536743,0.353749990463257,0.361250013113022,444468000,0.33630508184433
"2013-06-04",0.363499999046326,0.370000004768372,0.359499990940094,0.36175000667572,363676000,0.336770474910736
"2013-06-05",0.361250013113022,0.363999992609024,0.352999985218048,0.354000002145767,464520000,0.329555600881577
"2013-06-06",0.354000002145767,0.358999997377396,0.353749990463257,0.356249988079071,341044000,0.331650286912918
"2013-06-07",0.358749985694885,0.363499999046326,0.35725000500679,0.361250013113022,274584000,0.33630508184433
"2013-06-10",0.360249996185303,0.363249987363815,0.358249992132187,0.361000001430511,224148000,0.33607217669487
"2013-06-11",0.356249988079071,0.361250013113022,0.354250013828278,0.354250013828278,296336000,0.329788357019424
"2013-06-12",0.356000006198883,0.358999997377396,0.349249988794327,0.351249992847443,312588000,0.326995581388474
"2013-06-13",0.349999994039536,0.361000001430511,0.349750012159348,0.359250009059906,236256000,0.334443032741547
"2013-06-14",0.360500007867813,0.361000001430511,0.356249988079071,0.358749985694885,236012000,0.333977669477463
"2013-06-17",0.36149999499321,0.365500003099442,0.359499990940094,0.362250000238419,255336000,0.337236046791077
"2013-06-18",0.363999992609024,0.368000000715256,0.35699999332428,0.360000014305115,486772000,0.335141271352768
"2013-06-19",0.363249987363815,0.386999994516373,0.361999988555908,0.370999991893768,1159588000,0.345381826162338
"2013-06-20",0.368000000715256,0.368499994277954,0.358500003814697,0.361000001430511,628696000,0.33607217669487
"2013-06-21",0.363000005483627,0.364250004291534,0.354499995708466,0.360500007867813,714228000,0.335606813430786
"2013-06-24",0.355250000953674,0.359750002622604,0.347750008106232,0.352999985218048,580772000,0.328624725341797
"2013-06-25",0.356750011444092,0.357499986886978,0.351749986410141,0.355500012636185,457360000,0.330952048301697
"2013-06-26",0.359499990940094,0.360000014305115,0.351999998092651,0.353500008583069,579752000,0.329090118408203
"2013-06-27",0.354499995708466,0.354999989271164,0.346500009298325,0.350250005722046,808036000,0.326064676046371
"2013-06-28",0.350250005722046,0.354499995708466,0.345750004053116,0.351000010967255,431536000,0.326762855052948
"2013-07-01",0.353500008583069,0.354250013828278,0.350250005722046,0.35249999165535,199524000,0.328159153461456
"2013-07-02",0.350499987602234,0.357499986886978,0.349000006914139,0.352250009775162,256392000,0.327926516532898
"2013-07-03",0.349249988794327,0.357499986886978,0.349249988794327,0.353249996900558,140388000,0.328857362270355
"2013-07-05",0.354250013828278,0.356750011444092,0.351999998092651,0.356000006198883,184684000,0.331417471170425
"2013-07-08",0.35699999332428,0.358749985694885,0.352250009775162,0.354250013828278,262084000,0.329788357019424
"2013-07-09",0.354999989271164,0.358249992132187,0.354000002145767,0.356000006198883,157364000,0.331417471170425
"2013-07-10",0.356000006198883,0.36175000667572,0.354999989271164,0.360749989748001,208468000,0.335839569568634
"2013-07-11",0.362749993801117,0.36625000834465,0.361999988555908,0.365750014781952,239832000,0.340494245290756
"2013-07-12",0.365000009536743,0.369500011205673,0.363750010728836,0.36599999666214,216360000,0.340727001428604
"2013-07-15",0.366750001907349,0.366750001907349,0.359499990940094,0.365249991416931,201332000,0.340028762817383
"2013-07-16",0.366750001907349,0.369249999523163,0.365000009536743,0.367249995470047,162560000,0.341890722513199
"2013-07-17",0.367249995470047,0.368499994277954,0.364250004291534,0.365249991416931,166100000,0.340028762817383
"2013-07-18",0.364749997854233,0.36599999666214,0.358999997377396,0.363750010728836,344488000,0.338632255792618
"2013-07-19",0.36149999499321,0.363249987363815,0.352250009775162,0.356000006198883,480532000,0.331417471170425
"2013-07-22",0.358749985694885,0.361999988555908,0.354250013828278,0.355749994516373,292384000,0.331184804439545
"2013-07-23",0.360249996185303,0.360249996185303,0.353500008583069,0.355250000953674,246792000,0.330719292163849
"2013-07-24",0.358500003814697,0.359499990940094,0.354750007390976,0.355250000953674,284252000,0.330719292163849
"2013-07-25",0.354999989271164,0.361250013113022,0.35249999165535,0.356499999761581,243320000,0.331882894039154
"2013-07-26",0.352250009775162,0.35725000500679,0.352250009775162,0.354999989271164,227360000,0.330486536026001
"2013-07-29",0.354250013828278,0.358749985694885,0.353249996900558,0.354250013828278,179540000,0.329788357019424
"2013-07-30",0.355500012636185,0.365000009536743,0.355250000953674,0.360249996185303,266076000,0.335373997688293
"2013-07-31",0.358500003814697,0.364499986171722,0.358249992132187,0.361000001430511,270160000,0.33607217669487
"2013-08-01",0.362250000238419,0.366750001907349,0.358000010251999,0.36599999666214,277648000,0.340727001428604
"2013-08-02",0.365249991416931,0.369749993085861,0.362749993801117,0.368999987840652,209628000,0.343519866466522
"2013-08-05",0.368000000715256,0.372000008821487,0.36599999666214,0.37075001001358,185188000,0.345148950815201
"2013-08-06",0.370999991893768,0.371749997138977,0.364499986171722,0.365249991416931,206608000,0.340028762817383
"2013-08-07",0.363249987363815,0.368750005960464,0.363000005483627,0.365000009536743,244380000,0.339796036481857
"2013-08-08",0.367000013589859,0.369249999523163,0.362749993801117,0.367500007152557,345696000,0.342123419046402
"2013-08-09",0.352999985218048,0.367749989032745,0.35275000333786,0.362250000238419,906224000,0.337236046791077
"2013-08-12",0.347499996423721,0.364499986171722,0.327749997377396,0.359250009059906,257568000,0.334443032741547
"2013-08-13",0.359750002622604,0.361999988555908,0.357499986886978,0.360500007867813,197468000,0.335606813430786
"2013-08-14",0.359750002622604,0.377999991178513,0.359499990940094,0.375750005245209,828508000,0.349803626537323
"2013-08-15",0.371749997138977,0.381249994039536,0.37024998664856,0.378250002861023,723616000,0.35213103890419
"2013-08-16",0.377499997615814,0.384999990463257,0.376749992370605,0.37975001335144,660456000,0.353527516126633
"2013-08-19",0.377499997615814,0.378749996423721,0.373499989509583,0.373750001192093,393432000,0.347941875457764
"2013-08-20",0.371749997138977,0.376249998807907,0.371250003576279,0.373750001192093,234192000,0.349696099758148
"2013-08-21",0.371499985456467,0.376249998807907,0.37049999833107,0.372000008821487,261540000,0.348058730363846
"2013-08-22",0.371749997138977,0.377499997615814,0.371749997138977,0.374000012874603,129016000,0.349930047988892
"2013-08-23",0.374500006437302,0.377499997615814,0.373250007629395,0.374000012874603,245120000,0.349930047988892
"2013-08-26",0.374249994754791,0.375750005245209,0.373250007629395,0.37474998831749,300152000,0.350631892681122
"2013-08-27",0.371250003576279,0.373750001192093,0.368750005960464,0.370000004768372,277464000,0.346187472343445
"2013-08-28",0.37075001001358,0.373499989509583,0.368499994277954,0.370000004768372,318824000,0.346187472343445
"2013-08-29",0.368750005960464,0.372750014066696,0.367749989032745,0.369249999523163,276216000,0.345485776662827
"2013-08-30",0.369500011205673,0.37049999833107,0.367000013589859,0.368750005960464,378120000,0.345017910003662
"2013-09-03",0.369749993085861,0.374249994754791,0.366750001907349,0.368999987840652,284680000,0.345251977443695
"2013-09-04",0.368999987840652,0.37474998831749,0.368499994277954,0.372500002384186,222080000,0.348526567220688
"2013-09-05",0.370999991893768,0.375,0.37075001001358,0.373499989509583,174904000,0.349462121725082
"2013-09-06",0.373750001192093,0.375750005245209,0.369249999523163,0.372000008821487,226756000,0.348058730363846
"2013-09-09",0.375,0.378250002861023,0.374000012874603,0.378250002861023,246408000,0.353906512260437
"2013-09-10",0.381000012159348,0.386500000953674,0.37924998998642,0.386249989271164,292132000,0.361391752958298
"2013-09-11",0.385749995708466,0.393750011920929,0.382999986410141,0.39274999499321,396164000,0.36747345328331
"2013-09-12",0.390749990940094,0.39750000834465,0.390749990940094,0.392500013113022,303808000,0.367239475250244
"2013-09-13",0.393750011920929,0.396750003099442,0.391000002622604,0.395000010728836,159696000,0.369578629732132
"2013-09-16",0.398250013589859,0.400999993085861,0.393750011920929,0.395249992609024,231412000,0.369812309741974
"2013-09-17",0.396750003099442,0.399749994277954,0.395000010728836,0.396499991416931,168608000,0.37098217010498
"2013-09-18",0.396750003099442,0.400999993085861,0.394749999046326,0.400000005960464,268168000,0.374256789684296
"2013-09-19",0.40174999833107,0.402500003576279,0.396499991416931,0.398250013589859,227572000,0.372619479894638
"2013-09-20",0.399250000715256,0.40174999833107,0.393999993801117,0.394749999046326,356036000,0.369344592094421
"2013-09-23",0.394499987363815,0.397749990224838,0.388749986886978,0.391000002622604,271244000,0.36583611369133
"2013-09-24",0.391250014305115,0.393999993801117,0.388999998569489,0.392500013113022,229732000,0.367239475250244
"2013-09-25",0.391750007867813,0.395999997854233,0.389999985694885,0.39300000667572,233156000,0.367707282304764
"2013-09-26",0.393999993801117,0.394749999046326,0.389499992132187,0.391750007867813,148816000,0.366537660360336
"2013-09-27",0.388749986886978,0.391999989748001,0.387250006198883,0.389499992132187,151920000,0.364432543516159
"2013-09-30",0.385500013828278,0.391750007867813,0.383249998092651,0.388999998569489,226640000,0.36396461725235
"2013-10-01",0.389499992132187,0.391250014305115,0.386500000953674,0.388749986886978,226976000,0.363730937242508
"2013-10-02",0.384750008583069,0.389999985694885,0.384750008583069,0.38850000500679,162036000,0.363496869802475
"2013-10-03",0.388749986886978,0.392250001430511,0.382750004529953,0.384499996900558,436768000,0.359754383563995
"2013-10-04",0.38400000333786,0.39300000667572,0.382999986410141,0.389750003814697,246228000,0.364666372537613
"2013-10-07",0.38824999332428,0.392500013113022,0.386249989271164,0.389750003814697,169952000,0.364666372537613
"2013-10-08",0.388749986886978,0.394250005483627,0.383500009775162,0.386500000953674,290712000,0.361625581979752
"2013-10-09",0.388999998569489,0.389250010251999,0.378500014543533,0.380499988794327,275860000,0.356011748313904
"2013-10-10",0.383249998092651,0.385749995708466,0.380499988794327,0.384750008583069,223484000,0.359988212585449
"2013-10-11",0.378749996423721,0.383500009775162,0.377499997615814,0.381500005722046,213704000,0.35694745182991
"2013-10-14",0.380499988794327,0.387250006198883,0.380499988794327,0.387250006198883,166628000,0.362327456474304
"2013-10-15",0.387250006198883,0.389499992132187,0.384999990463257,0.385250002145767,208820000,0.360455960035324
"2013-10-16",0.387499988079071,0.391499996185303,0.386999994516373,0.389999985694885,210072000,0.364900410175323
"2013-10-17",0.386999994516373,0.391750007867813,0.386999994516373,0.390749990940094,213324000,0.365602135658264
"2013-10-18",0.389999985694885,0.396499991416931,0.38850000500679,0.395249992609024,255068000,0.369812309741974
"2013-10-21",0.400000005960464,0.400249987840652,0.395000010728836,0.396250009536743,195008000,0.37074813246727
"2013-10-22",0.396250009536743,0.396499991416931,0.390749990940094,0.394250005483627,179452000,0.368876904249191
"2013-10-23",0.393500000238419,0.393500000238419,0.386249989271164,0.387499988079071,252216000,0.36256131529808
"2013-10-24",0.38850000500679,0.391000002622604,0.38400000333786,0.384750008583069,236436000,0.359988212585449
"2013-10-25",0.386750012636185,0.386999994516373,0.37975001335144,0.381000012159348,330492000,0.356479585170746
"2013-10-28",0.380499988794327,0.382250010967255,0.375,0.380250006914139,394024000,0.355777829885483
"2013-10-29",0.37975001335144,0.381500005722046,0.376249998807907,0.380750000476837,387952000,0.356245636940002
"2013-10-30",0.381999999284744,0.38374999165535,0.377249985933304,0.380499988794327,204032000,0.356011748313904
"2013-10-31",0.381000012159348,0.38374999165535,0.379000008106232,0.37975001335144,293368000,0.355309993028641
"2013-11-01",0.381749987602234,0.383249998092651,0.378749996423721,0.381500005722046,206136000,0.35694745182991
"2013-11-04",0.382750004529953,0.382750004529953,0.369749993085861,0.37049999833107,410264000,0.346655309200287
"2013-11-05",0.368250012397766,0.371749997138977,0.364250004291534,0.370000004768372,422368000,0.346187472343445
"2013-11-06",0.370000004768372,0.372750014066696,0.36625000834465,0.372500002384186,198044000,0.348526567220688
"2013-11-07",0.371250003576279,0.372249990701675,0.363000005483627,0.363750010728836,553076000,0.340339630842209
"2013-11-08",0.375,0.390249997377396,0.373499989509583,0.388999998569489,734532000,0.36396461725235
"2013-11-11",0.387499988079071,0.393249988555908,0.386750012636185,0.392250001430511,297624000,0.367005705833435
"2013-11-12",0.393999993801117,0.396250009536743,0.38850000500679,0.39300000667572,316032000,0.367707282304764
"2013-11-13",0.391999989748001,0.403750002384186,0.391250014305115,0.403750002384186,332792000,0.377765536308289
"2013-11-14",0.402500003576279,0.407999992370605,0.402249991893768,0.405499994754791,307980000,0.379402875900269
"2013-11-15",0.407000005245209,0.407499998807907,0.400249987840652,0.404249995946884,450332000,0.378233194351196
"2013-11-18",0.395500004291534,0.398999989032745,0.393500000238419,0.394499987363815,316948000,0.369110733270645
"2013-11-19",0.390500009059906,0.393999993801117,0.385500013828278,0.386000007390976,206716000,0.363113671541214
"2013-11-20",0.386249989271164,0.387250006198883,0.37950000166893,0.380250006914139,204776000,0.357704639434814
"2013-11-21",0.380750000476837,0.38400000333786,0.379000008106232,0.383249998092651,213568000,0.360526770353317
"2013-11-22",0.38374999165535,0.38374999165535,0.378749996423721,0.37950000166893,158668000,0.356999099254608
"2013-11-25",0.37950000166893,0.38824999332428,0.37950000166893,0.387749999761581,248208000,0.36475995182991
"2013-11-26",0.391999989748001,0.395249992609024,0.389499992132187,0.391000002622604,753176000,0.367817312479019
"2013-11-27",0.390749990940094,0.393750011920929,0.38824999332428,0.392500013113022,181272000,0.369228363037109
"2013-11-29",0.392500013113022,0.393500000238419,0.387499988079071,0.389999985694885,116964000,0.366876482963562
"2013-12-02",0.38850000500679,0.396499991416931,0.387749999761581,0.393750011920929,373872000,0.370404154062271
"2013-12-03",0.393750011920929,0.398999989032745,0.391000002622604,0.393500000238419,290560000,0.37016898393631
"2013-12-04",0.392500013113022,0.399749994277954,0.391499996185303,0.398999989032745,493176000,0.375342935323715
"2013-12-05",0.399749994277954,0.399749994277954,0.391999989748001,0.392500013113022,271812000,0.369228363037109
"2013-12-06",0.39724999666214,0.39724999666214,0.385749995708466,0.386750012636185,2.81e+08,0.363819241523743
"2013-12-09",0.386750012636185,0.388000011444092,0.37950000166893,0.380250006914139,385220000,0.357704639434814
"2013-12-10",0.380250006914139,0.390749990940094,0.37975001335144,0.388999998569489,524268000,0.365935862064362
"2013-12-11",0.389750003814697,0.390249997377396,0.384499996900558,0.385250002145767,414156000,0.362408220767975
"2013-12-12",0.38400000333786,0.386000007390976,0.377000004053116,0.377750009298325,258724000,0.355352848768234
"2013-12-13",0.378500014543533,0.381249994039536,0.375,0.375499993562698,184588000,0.353236198425293
"2013-12-16",0.375750005245209,0.37924998998642,0.375499993562698,0.375999987125397,237620000,0.35370659828186
"2013-12-17",0.375750005245209,0.378749996423721,0.372500002384186,0.377750009298325,274104000,0.355352848768234
"2013-12-18",0.378500014543533,0.38374999165535,0.373750001192093,0.382999986410141,426232000,0.360291570425034
"2013-12-19",0.382499992847443,0.384999990463257,0.379999995231628,0.384499996900558,258544000,0.361702740192413
"2013-12-20",0.385250002145767,0.392500013113022,0.384249985218048,0.392250001430511,382080000,0.368993252515793
"2013-12-23",0.394499987363815,0.397749990224838,0.391250014305115,0.394499987363815,168568000,0.3711097240448
"2013-12-24",0.396750003099442,0.396750003099442,0.391499996185303,0.395500004291534,79600000,0.372050374746323
"2013-12-26",0.397000014781952,0.398250013589859,0.390749990940094,0.391750007867813,168920000,0.368522763252258
"2013-12-27",0.393750011920929,0.394749999046326,0.391499996185303,0.393999993801117,210976000,0.370639443397522
"2013-12-30",0.394250005483627,0.399500012397766,0.393750011920929,0.399250000715256,248180000,0.375578165054321
"2013-12-31",0.400000005960464,0.402500003576279,0.39750000834465,0.400499999523163,235776000,0.37675404548645
"2014-01-02",0.398000001907349,0.399500012397766,0.39300000667572,0.396499991416931,260092000,0.372991234064102
"2014-01-03",0.39724999666214,0.398000001907349,0.390500009059906,0.391750007867813,259332000,0.368522763252258
"2014-01-06",0.395749986171722,0.400000005960464,0.391999989748001,0.397000014781952,409492000,0.37346151471138
"2014-01-07",0.400999993085861,0.405000001192093,0.398250013589859,0.403499990701675,333288000,0.379576146602631
"2014-01-08",0.405000001192093,0.41100001335144,0.403499990701675,0.409000009298325,308192000,0.384750008583069
"2014-01-09",0.402749985456467,0.403499990701675,0.392500013113022,0.393750011920929,292172000,0.370404154062271
"2014-01-10",0.395000010728836,0.397749990224838,0.389750003814697,0.393249988555908,218492000,0.369933784008026
"2014-01-13",0.393249988555908,0.395749986171722,0.383249998092651,0.38400000333786,243332000,0.361232340335846
"2014-01-14",0.386000007390976,0.396750003099442,0.384249985218048,0.395999997854233,241828000,0.372520864009857
"2014-01-15",0.397749990224838,0.40174999833107,0.395999997854233,0.400249987840652,175044000,0.376518815755844
"2014-01-16",0.400249987840652,0.402249991893768,0.398499995470047,0.40149998664856,220652000,0.377694755792618
"2014-01-17",0.40149998664856,0.40625,0.39724999666214,0.399749994277954,340400000,0.376048535108566
"2014-01-21",0.400249987840652,0.403750002384186,0.397000014781952,0.401250004768372,246076000,0.377459436655045
"2014-01-22",0.40200001001358,0.402500003576279,0.395999997854233,0.400750011205673,337940000,0.376989275217056
"2014-01-23",0.399500012397766,0.403750002384186,0.396250009536743,0.399250000715256,185028000,0.375578165054321
"2014-01-24",0.395999997854233,0.39750000834465,0.388999998569489,0.388999998569489,246696000,0.365935862064362
"2014-01-27",0.388999998569489,0.394499987363815,0.384249985218048,0.386500000953674,233812000,0.363584071397781
"2014-01-28",0.385749995708466,0.390500009059906,0.384249985218048,0.390249997377396,167996000,0.36711174249649
"2014-01-29",0.388749986886978,0.391000002622604,0.386249989271164,0.386500000953674,162944000,0.363584071397781
"2014-01-30",0.388749986886978,0.393750011920929,0.387499988079071,0.39300000667572,202896000,0.36969867348671
"2014-01-31",0.387499988079071,0.394749999046326,0.387250006198883,0.392500013113022,335348000,0.369228363037109
"2014-02-03",0.395249992609024,0.395749986171722,0.385749995708466,0.387250006198883,431728000,0.364289700984955
"2014-02-04",0.386999994516373,0.390249997377396,0.384999990463257,0.389499992132187,280692000,0.366406202316284
"2014-02-05",0.386750012636185,0.388000011444092,0.382999986410141,0.386000007390976,214676000,0.363113671541214
"2014-02-06",0.386500000953674,0.391999989748001,0.386000007390976,0.391000002622604,168380000,0.367817312479019
"2014-02-07",0.391999989748001,0.39724999666214,0.38850000500679,0.396750003099442,157248000,0.373226314783096
"2014-02-10",0.396250009536743,0.403250008821487,0.395999997854233,0.398000001907349,324372000,0.374402284622192
"2014-02-11",0.400249987840652,0.407249987125397,0.398250013589859,0.40625,235384000,0.382163047790527
"2014-02-12",0.407499998807907,0.423750013113022,0.407499998807907,0.420749992132187,744528000,0.395803362131119
"2014-02-13",0.431250005960464,0.436500012874603,0.423750013113022,0.433999985456467,902836000,0.408267736434937
"2014-02-14",0.430000007152557,0.448749989271164,0.429749995470047,0.447750002145767,817536000,0.421202421188354
"2014-02-18",0.448000013828278,0.449499994516373,0.443749994039536,0.447499990463257,428988000,0.42096734046936
"2014-02-19",0.447499990463257,0.457500010728836,0.445499986410141,0.453500002622604,450340000,0.426611572504044
"2014-02-20",0.454499989748001,0.470499992370605,0.453750014305115,0.469500005245209,398088000,0.441662967205048
"2014-02-21",0.46875,0.474750012159348,0.462999999523163,0.465999990701675,451052000,0.438370555639267
"2014-02-24",0.465000003576279,0.476249992847443,0.460750013589859,0.472750008106232,403112000,0.444720327854156
"2014-02-25",0.469999998807907,0.472000002861023,0.463499993085861,0.46849998831749,242184000,0.442712306976318
"2014-02-26",0.467500001192093,0.474500000476837,0.466250002384186,0.467750012874603,360884000,0.442003428936005
"2014-02-27",0.467750012874603,0.472499996423721,0.461250007152557,0.462500005960464,388848000,0.437042593955994
"2014-02-28",0.46000000834465,0.46450001001358,0.452749997377396,0.459500014781952,321692000,0.434207618236542
"2014-03-03",0.449250012636185,0.457249999046326,0.445250004529953,0.457249999046326,375948000,0.432081431150436
"2014-03-04",0.459500014781952,0.465000003576279,0.458750009536743,0.462000012397766,260344000,0.436570107936859
"2014-03-05",0.461499989032745,0.466250002384186,0.459500014781952,0.465999990701675,241472000,0.440349876880646
"2014-03-06",0.466749995946884,0.469249993562698,0.458750009536743,0.459500014781952,290144000,0.434207618236542
"2014-03-07",0.461499989032745,0.462249994277954,0.45550000667572,0.458999991416931,268452000,0.433735013008118
"2014-03-10",0.457500010728836,0.459500014781952,0.450249999761581,0.452250003814697,300888000,0.427356719970703
"2014-03-11",0.454499989748001,0.460750013589859,0.453000009059906,0.456750005483627,297220000,0.431608945131302
"2014-03-12",0.454499989748001,0.460750013589859,0.452749997377396,0.458000004291534,239428000,0.432790160179138
"2014-03-13",0.458999991416931,0.460750013589859,0.441249996423721,0.443500012159348,385172000,0.419088333845139
"2014-03-14",0.439000010490417,0.449499994516373,0.439000010490417,0.445499986410141,460048000,0.42097818851471
"2014-03-17",0.446749985218048,0.449999988079071,0.444999992847443,0.445499986410141,299656000,0.42097818851471
"2014-03-18",0.447250008583069,0.458999991416931,0.445250004529953,0.456000000238419,293904000,0.430900245904922
"2014-03-19",0.459500014781952,0.472750008106232,0.458249986171722,0.46399998664856,366168000,0.438459753990173
"2014-03-20",0.461499989032745,0.468250006437302,0.459500014781952,0.46424999833107,191800000,0.43869623541832
"2014-03-21",0.468250006437302,0.472000002861023,0.460999995470047,0.463499993085861,566116000,0.437987327575684
"2014-03-24",0.463750004768372,0.467500001192093,0.454499989748001,0.461250007152557,306096000,0.435861200094223
"2014-03-25",0.466250002384186,0.466749995946884,0.457749992609024,0.461250007152557,304424000,0.435861200094223
"2014-03-26",0.465499997138977,0.474249988794327,0.446749985218048,0.45074999332428,557756000,0.4259392619133
"2014-03-27",0.449750006198883,0.453500002622604,0.439749985933304,0.444750010967255,540728000,0.420269578695297
"2014-03-28",0.444000005722046,0.450249999761581,0.442750006914139,0.447499990463257,398820000,0.422868132591248
"2014-03-31",0.448249995708466,0.452250003814697,0.445250004529953,0.447750002145767,273404000,0.423104375600815
"2014-04-01",0.462000012397766,0.471749991178513,0.456499993801117,0.466250002384186,656272000,0.440586060285568
"2014-04-02",0.466250002384186,0.467249989509583,0.461250007152557,0.463250011205673,239948000,0.437751203775406
"2014-04-03",0.46424999833107,0.479499995708466,0.46399998664856,0.468250006437302,599548000,0.442476034164429
"2014-04-04",0.470750004053116,0.47350001335144,0.451750010251999,0.453750014305115,368032000,0.428774029016495
"2014-04-07",0.453999996185303,0.46399998664856,0.451499998569489,0.45524999499321,428576000,0.430191487073898
"2014-04-08",0.45524999499321,0.472750008106232,0.454499989748001,0.471500009298325,470692000,0.445547044277191
"2014-04-09",0.473749995231628,0.47775000333786,0.467249989509583,0.470999985933304,421968000,0.445074588060379
"2014-04-10",0.46900001168251,0.475499987602234,0.458000004291534,0.459500014781952,372748000,0.434207618236542
"2014-04-11",0.456000000238419,0.462999999523163,0.446999996900558,0.453000009059906,353112000,0.428065359592438
"2014-04-14",0.456000000238419,0.45974999666214,0.453000009059906,0.458000004291534,290184000,0.432790160179138
"2014-04-15",0.458499997854233,0.463750004768372,0.453999996185303,0.461250007152557,304636000,0.435861200094223
"2014-04-16",0.463499993085861,0.46399998664856,0.456499993801117,0.462249994277954,235136000,0.436806201934814
"2014-04-17",0.460500001907349,0.468250006437302,0.459500014781952,0.46399998664856,153532000,0.438459753990173
"2014-04-21",0.46424999833107,0.46900001168251,0.461250007152557,0.467750012874603,117004000,0.442003428936005
"2014-04-22",0.46849998831749,0.474750012159348,0.465999990701675,0.471749991178513,255120000,0.445783317089081
"2014-04-23",0.472499996423721,0.478500008583069,0.471749991178513,0.477250009775162,261580000,0.450980603694916
"2014-04-24",0.480500012636185,0.48649999499321,0.480500012636185,0.481499999761581,391492000,0.454996556043625
"2014-04-25",0.480500012636185,0.485000014305115,0.467249989509583,0.468250006437302,313600000,0.442476034164429
"2014-04-28",0.472000002861023,0.474500000476837,0.460500001907349,0.466250002384186,226788000,0.440586060285568
"2014-04-29",0.467999994754791,0.46900001168251,0.462000012397766,0.467249989509583,171300000,0.441531002521515
"2014-04-30",0.466500014066696,0.467000007629395,0.460750013589859,0.461750000715256,305740000,0.436333775520325
"2014-05-01",0.46875,0.469749987125397,0.460500001907349,0.46424999833107,198104000,0.43869623541832
"2014-05-02",0.466500014066696,0.466500014066696,0.458000004291534,0.460750013589859,156376000,0.435388833284378
"2014-05-05",0.460249990224838,0.469249993562698,0.45974999666214,0.465750008821487,239260000,0.440113574266434
"2014-05-06",0.470250010490417,0.474249988794327,0.455000013113022,0.456250011920929,416188000,0.431136548519135
"2014-05-07",0.456250011920929,0.460500001907349,0.451750010251999,0.456750005483627,293900000,0.431608945131302
"2014-05-08",0.455000013113022,0.469749987125397,0.452749997377396,0.462500005960464,432728000,0.437042593955994
"2014-05-09",0.448500007390976,0.452749997377396,0.442750006914139,0.451249986886978,539532000,0.4264115691185
"2014-05-12",0.452250003814697,0.465499997138977,0.451999992132187,0.46450001001358,299856000,0.43893238902092
"2014-05-13",0.458249986171722,0.465750008821487,0.45550000667572,0.456999987363815,221104000,0.431845158338547
"2014-05-14",0.457249999046326,0.458999991416931,0.452250003814697,0.452499985694885,214320000,0.427592933177948
"2014-05-15",0.451499998569489,0.453999996185303,0.445499986410141,0.449999988079071,325896000,0.425230443477631
"2014-05-16",0.44650000333786,0.452250003814697,0.44650000333786,0.449000000953674,283960000,0.424285441637039
"2014-05-19",0.453750014305115,0.465999990701675,0.451750010251999,0.463499993085861,360076000,0.437987327575684
"2014-05-20",0.461499989032745,0.462749987840652,0.453750014305115,0.456000000238419,256200000,0.432884901762009
"2014-05-21",0.457749992609024,0.461750000715256,0.453249990940094,0.456000000238419,216712000,0.432884901762009
"2014-05-22",0.455000013113022,0.460500001907349,0.455000013113022,0.458000004291534,130364000,0.434783548116684
"2014-05-23",0.460500001907349,0.46450001001358,0.457749992609024,0.462249994277954,182656000,0.438817977905273
"2014-05-27",0.465000003576279,0.470499992370605,0.463499993085861,0.470499992370605,209680000,0.446649819612503
"2014-05-28",0.472250014543533,0.47749999165535,0.467750012874603,0.474500000476837,224676000,0.450447171926498
"2014-05-29",0.474249988794327,0.478249996900558,0.472750008106232,0.473749995231628,171884000,0.449735105037689
"2014-05-30",0.473749995231628,0.476249992847443,0.471249997615814,0.474999994039536,239128000,0.450921684503555
"2014-06-02",0.476500004529953,0.479499995708466,0.469500005245209,0.47350001335144,181500000,0.449497908353806
"2014-06-03",0.474500000476837,0.474999994039536,0.465249985456467,0.471500009298325,243212000,0.447599202394485
"2014-06-04",0.470250010490417,0.475499987602234,0.469999998807907,0.472000002861023,161236000,0.448073863983154
"2014-06-05",0.472750008106232,0.475499987602234,0.469999998807907,0.474000006914139,188696000,0.449972450733185
"2014-06-06",0.476249992847443,0.479999989271164,0.474500000476837,0.475749999284744,161052000,0.45163369178772
"2014-06-09",0.475250005722046,0.480749994516373,0.472000002861023,0.476249992847443,247456000,0.452108383178711
"2014-06-10",0.474500000476837,0.481000006198883,0.472499996423721,0.478749990463257,217608000,0.45448163151741
"2014-06-11",0.476999998092651,0.486250013113022,0.476999998092651,0.485000014305115,266228000,0.460414797067642
"2014-06-12",0.485000014305115,0.490249991416931,0.480749994516373,0.488000005483627,337148000,0.463262766599655
"2014-06-13",0.493000000715256,0.493250012397766,0.483749985694885,0.488499999046326,227852000,0.463737368583679
"2014-06-16",0.486250013113022,0.490249991416931,0.482749998569489,0.486999988555908,198620000,0.462313532829285
"2014-06-17",0.487500011920929,0.492249995470047,0.485000014305115,0.490249991416931,157608000,0.465398699045181
"2014-06-18",0.488999992609024,0.492000013589859,0.484499990940094,0.489749997854233,215536000,0.46492400765419
"2014-06-19",0.480749994516373,0.483249992132187,0.474999994039536,0.478500008583069,474592000,0.454244464635849
"2014-06-20",0.479750007390976,0.481499999761581,0.469500005245209,0.47325000166893,353148000,0.44926044344902
"2014-06-23",0.467000007629395,0.467999994754791,0.461499989032745,0.467750012874603,414200000,0.444039285182953
"2014-06-24",0.467000007629395,0.470750004053116,0.458499997854233,0.460500001907349,275780000,0.437156796455383
"2014-06-25",0.461750000715256,0.465499997138977,0.457500010728836,0.465249985456467,215420000,0.441666066646576
"2014-06-26",0.465249985456467,0.465499997138977,0.457500010728836,0.458999991416931,256908000,0.435732841491699
"2014-06-27",0.458499997854233,0.462249994277954,0.455749988555908,0.459500014781952,302820000,0.436207503080368
"2014-06-30",0.457749992609024,0.464749991893768,0.457749992609024,0.463499993085861,180512000,0.440004616975784
"2014-07-01",0.462999999523163,0.471500009298325,0.461499989032745,0.46875,321180000,0.444988578557968
"2014-07-02",0.467000007629395,0.46900001168251,0.46424999833107,0.467000007629395,179284000,0.443327277898788
"2014-07-03",0.462749987840652,0.472499996423721,0.462749987840652,0.471249997615814,136892000,0.447361946105957
"2014-07-07",0.472000002861023,0.472250014543533,0.466749995946884,0.467500001192093,127496000,0.443801879882812
"2014-07-08",0.466250002384186,0.468250006437302,0.459250003099442,0.463750004768372,221940000,0.440242052078247
"2014-07-09",0.467750012874603,0.479750007390976,0.46424999833107,0.47775000333786,387668000,0.45353239774704
"2014-07-10",0.46875,0.477250009775162,0.465000003576279,0.475250005722046,266308000,0.451159089803696
"2014-07-11",0.475749999284744,0.47775000333786,0.474000006914139,0.476249992847443,191188000,0.452108383178711
"2014-07-14",0.478249996900558,0.483500003814697,0.476500004529953,0.48225000500679,272636000,0.457804173231125
"2014-07-15",0.483000010251999,0.485500007867813,0.479750007390976,0.484250009059906,395440000,0.459702968597412
"2014-07-16",0.486250013113022,0.490000009536743,0.481000006198883,0.483749985694885,319728000,0.459228247404099
"2014-07-17",0.478249996900558,0.487500011920929,0.478249996900558,0.482499986886978,324832000,0.45804151892662
"2014-07-18",0.472499996423721,0.476249992847443,0.460249990224838,0.460999995470047,567816000,0.437631398439407
"2014-07-21",0.459250003099442,0.467000007629395,0.459250003099442,0.463750004768372,243364000,0.440242052078247
"2014-07-22",0.467249989509583,0.469749987125397,0.460750013589859,0.461750000715256,298816000,0.438343554735184
"2014-07-23",0.462000012397766,0.462249994277954,0.451499998569489,0.451999992132187,297352000,0.429087609052658
"2014-07-24",0.454499989748001,0.455749988555908,0.449499994516373,0.452749997377396,254576000,0.429799735546112
"2014-07-25",0.451249986886978,0.452250003814697,0.444000005722046,0.444750010967255,266132000,0.422205209732056
"2014-07-28",0.446749985218048,0.446749985218048,0.435499995946884,0.442999988794327,330352000,0.420543760061264
"2014-07-29",0.443250000476837,0.450500011444092,0.442999988794327,0.444499999284744,217972000,0.42196786403656
"2014-07-30",0.447250008583069,0.453249990940094,0.446000009775162,0.451999992132187,246184000,0.429087609052658
"2014-07-31",0.44650000333786,0.449999988079071,0.436749994754791,0.4375,401880000,0.415322631597519
"2014-08-01",0.4375,0.444750010967255,0.435999989509583,0.44225001335144,219884000,0.419831871986389
"2014-08-04",0.44174998998642,0.445499986410141,0.439000010490417,0.441249996423721,241724000,0.418882548809052
"2014-08-05",0.439999997615814,0.448000013828278,0.436250001192093,0.441500008106232,298136000,0.419119954109192
"2014-08-06",0.438499987125397,0.44650000333786,0.435250014066696,0.441000014543533,223456000,0.418645203113556
"2014-08-07",0.444750010967255,0.448749989271164,0.433499991893768,0.436500012874603,407696000,0.414373427629471
"2014-08-08",0.45550000667572,0.47749999165535,0.45550000667572,0.474999994039536,894348000,0.450921684503555
"2014-08-11",0.475499987602234,0.47749999165535,0.471249997615814,0.472499996423721,344624000,0.448548465967178
"2014-08-12",0.472250014543533,0.474999994039536,0.467249989509583,0.472499996423721,296152000,0.448548465967178
"2014-08-13",0.47325000166893,0.479250013828278,0.470250010490417,0.475250005722046,256596000,0.451159089803696
"2014-08-14",0.476999998092651,0.476999998092651,0.467999994754791,0.469999998807907,255992000,0.446175247430801
"2014-08-15",0.471500009298325,0.478749990463257,0.467000007629395,0.476000010967255,369796000,0.451871067285538
"2014-08-18",0.477999985218048,0.483000010251999,0.47325000166893,0.482499986886978,284076000,0.45804151892662
"2014-08-19",0.480500012636185,0.48675000667572,0.478749990463257,0.484250009059906,248260000,0.461736500263214
"2014-08-20",0.482499986886978,0.484750002622604,0.479999989271164,0.481249988079071,221468000,0.458875954151154
"2014-08-21",0.479999989271164,0.482499986886978,0.476000010967255,0.476749986410141,272796000,0.454585194587708
"2014-08-22",0.476249992847443,0.481000006198883,0.47325000166893,0.476999998092651,251224000,0.454823434352875
"2014-08-25",0.479000002145767,0.48225000500679,0.476749986410141,0.47775000333786,153380000,0.455538630485535
"2014-08-26",0.479000002145767,0.487250000238419,0.477250009775162,0.486250013113022,269636000,0.46364352107048
"2014-08-27",0.483249992132187,0.486999988555908,0.479999989271164,0.480749994516373,182972000,0.458399176597595
"2014-08-28",0.479750007390976,0.485749989748001,0.478249996900558,0.484750002622604,179704000,0.462213188409805
"2014-08-29",0.48649999499321,0.487250000238419,0.481249988079071,0.486250013113022,207932000,0.46364352107048
"2014-09-02",0.487500011920929,0.487500011920929,0.483000010251999,0.487500011920929,192636000,0.464835375547409
"2014-09-03",0.490000009536743,0.493750005960464,0.48675000667572,0.492000013589859,259456000,0.4691261947155
"2014-09-04",0.49125000834465,0.503750026226044,0.49099999666214,0.500750005245209,491832000,0.477469265460968
"2014-09-05",0.500249981880188,0.502499997615814,0.495999991893768,0.499249994754791,253792000,0.476038962602615
"2014-09-08",0.498750001192093,0.49974998831749,0.492749989032745,0.494749993085861,319288000,0.471748173236847
"2014-09-09",0.492500007152557,0.49575001001358,0.488000005483627,0.488499999046326,198588000,0.465788751840591
"2014-09-10",0.49125000834465,0.492000013589859,0.485749989748001,0.490249991416931,172376000,0.467457473278046
"2014-09-11",0.48675000667572,0.488499999046326,0.479999989271164,0.485249996185303,250720000,0.462689876556396
"2014-09-12",0.488249987363815,0.488249987363815,0.47749999165535,0.477999985218048,262536000,0.455776929855347
"2014-09-15",0.479499995708466,0.480250000953674,0.469500005245209,0.471500009298325,294152000,0.449579209089279
"2014-09-16",0.470250010490417,0.481000006198883,0.46875,0.478500008583069,219936000,0.456253856420517
"2014-09-17",0.477250009775162,0.483249992132187,0.474999994039536,0.478749990463257,173584000,0.456492066383362
"2014-09-18",0.481750011444092,0.48649999499321,0.480250000953674,0.486000001430511,219604000,0.463404983282089
"2014-09-19",0.487500011920929,0.488000005483627,0.476249992847443,0.476999998092651,601316000,0.454823434352875
"2014-09-22",0.48675000667572,0.48675000667572,0.471749991178513,0.472250014543533,221464000,0.450294375419617
"2014-09-23",0.469749987125397,0.475499987602234,0.467999994754791,0.470250010490417,196144000,0.448387295007706
"2014-09-24",0.469999998807907,0.474500000476837,0.469500005245209,0.47299998998642,159592000,0.451009422540665
"2014-09-25",0.472499996423721,0.473749995231628,0.461750000715256,0.462749987840652,298440000,0.441236048936844
"2014-09-26",0.46424999833107,0.467249989509583,0.462249994277954,0.463750004768372,241188000,0.442189484834671
"2014-09-29",0.46000000834465,0.466250002384186,0.45550000667572,0.462999999523163,208540000,0.441474348306656
"2014-09-30",0.460999995470047,0.46450001001358,0.455749988555908,0.461250007152557,277204000,0.439805805683136
"2014-10-01",0.462000012397766,0.465249985456467,0.45550000667572,0.456750005483627,350976000,0.435514867305756
"2014-10-02",0.456000000238419,0.458249986171722,0.444249987602234,0.454750001430511,288996000,0.433607846498489
"2014-10-03",0.457500010728836,0.463750004768372,0.455749988555908,0.455749988555908,239140000,0.434561401605606
"2014-10-06",0.457500010728836,0.461250007152557,0.449999988079071,0.453000009059906,199032000,0.43193930387497
"2014-10-07",0.45100000500679,0.45550000667572,0.447750002145767,0.448249995708466,301896000,0.427410036325455
"2014-10-08",0.447750002145767,0.458750009536743,0.444249987602234,0.456499993801117,260172000,0.435276567935944
"2014-10-09",0.454499989748001,0.455000013113022,0.444000005722046,0.447750002145767,306956000,0.426933318376541
"2014-10-10",0.444249987602234,0.445749998092651,0.421000003814697,0.421249985694885,691376000,0.401665389537811
"2014-10-13",0.42399999499321,0.432500004768372,0.419250011444092,0.41975000500679,397628000,0.400235146284103
"2014-10-14",0.425500005483627,0.441249996423721,0.423000007867813,0.429500013589859,376620000,0.409531801939011
"2014-10-15",0.423249989748001,0.438250005245209,0.420500010251999,0.435999989509583,404428000,0.415729522705078
"2014-10-16",0.428250014781952,0.441249996423721,0.427249997854233,0.436250001192093,351116000,0.415968120098114
"2014-10-17",0.441500008106232,0.44650000333786,0.433750003576279,0.435499995946884,290716000,0.415252774953842
"2014-10-20",0.435499995946884,0.443250000476837,0.432500004768372,0.439249992370605,200336000,0.418828517198563
"2014-10-21",0.442499995231628,0.458499997854233,0.441249996423721,0.458000004291534,351092000,0.436706900596619
"2014-10-22",0.457249999046326,0.458750009536743,0.447250008583069,0.447250008583069,239512000,0.426456570625305
"2014-10-23",0.455000013113022,0.460500001907349,0.451750010251999,0.457249999046326,214476000,0.435991704463959
"2014-10-24",0.46000000834465,0.464749991893768,0.457249999046326,0.462000012397766,210156000,0.440520912408829
"2014-10-27",0.461750000715256,0.46399998664856,0.456750005483627,0.462249994277954,145092000,0.440759122371674
"2014-10-28",0.460999995470047,0.473749995231628,0.460500001907349,0.47325000166893,192580000,0.451247781515121
"2014-10-29",0.471249997615814,0.474000006914139,0.465999990701675,0.470250010490417,168340000,0.448387295007706
"2014-10-30",0.46900001168251,0.470999985933304,0.461250007152557,0.467249989509583,170260000,0.445526659488678
"2014-10-31",0.477999985218048,0.488750010728836,0.475499987602234,0.488499999046326,256316000,0.465788751840591
"2014-11-03",0.49974998831749,0.501500010490417,0.494249999523163,0.496749997138977,308732000,0.473655343055725
"2014-11-04",0.5,0.504999995231628,0.491750001907349,0.503250002861023,360196000,0.479853093624115
"2014-11-05",0.506250023841858,0.506500005722046,0.499500006437302,0.503250002861023,335652000,0.479853093624115
"2014-11-06",0.50424998998642,0.506250023841858,0.496499985456467,0.505500018596649,394088000,0.481998413801193
"2014-11-07",0.511250019073486,0.517250001430511,0.489749997854233,0.494749993085861,450800000,0.471748173236847
"2014-11-10",0.494249999523163,0.503750026226044,0.493000000715256,0.500500023365021,293388000,0.477230936288834
"2014-11-11",0.497500002384186,0.500249981880188,0.490249991416931,0.494500011205673,212992000,0.471509784460068
"2014-11-12",0.492749989032745,0.493999987840652,0.484499990940094,0.49125000834465,204584000,0.468410938978195
"2014-11-13",0.493000000715256,0.493750005960464,0.484750002622604,0.488750010728836,225328000,0.466027289628983
"2014-11-14",0.489250004291534,0.494749993085861,0.484499990940094,0.494749993085861,160248000,0.471748173236847
"2014-11-17",0.492500007152557,0.497750014066696,0.489250004291534,0.492500007152557,158732000,0.469602942466736
"2014-11-18",0.492749989032745,0.505500018596649,0.491499990224838,0.50424998998642,207772000,0.480806469917297
"2014-11-19",0.502499997615814,0.504000008106232,0.495000004768372,0.500249981880188,240300000,0.479011237621307
"2014-11-20",0.496749997138977,0.50900000333786,0.49524998664856,0.508499979972839,220968000,0.486910760402679
"2014-11-21",0.513000011444092,0.513750016689301,0.507000029087067,0.511250019073486,198976000,0.489544302225113
"2014-11-24",0.512499988079071,0.516749978065491,0.510500013828278,0.514500021934509,136004000,0.492656171321869
"2014-11-25",0.513499975204468,0.51800000667572,0.512499988079071,0.514249980449677,190240000,0.492416828870773
"2014-11-26",0.511250019073486,0.523500025272369,0.510999977588654,0.523000001907349,219264000,0.500795304775238
"2014-11-28",0.524749994277954,0.527249991893768,0.519999980926514,0.524249970912933,124832000,0.501991927623749
"2014-12-01",0.522000014781952,0.524999976158142,0.513750016689301,0.514500021934509,190060000,0.492656171321869
"2014-12-02",0.513999998569489,0.517499983310699,0.509249985218048,0.515250027179718,245952000,0.493374317884445
"2014-12-03",0.517750024795532,0.528750002384186,0.516250014305115,0.528500020503998,284424000,0.506061732769012
"2014-12-04",0.527750015258789,0.529749989509583,0.520250022411346,0.523750007152557,185332000,0.501513421535492
"2014-12-05",0.523999989032745,0.529500007629395,0.523750007152557,0.526750028133392,165680000,0.504386186599731
"2014-12-08",0.526000022888184,0.53125,0.515749990940094,0.519999980926514,226944000,0.497922718524933
"2014-12-09",0.516749978065491,0.519500017166138,0.50900000333786,0.518249988555908,239448000,0.496246755123138
"2014-12-10",0.516749978065491,0.518750011920929,0.506250023841858,0.506749987602234,204364000,0.485235124826431
"2014-12-11",0.509750008583069,0.51324999332428,0.505500018596649,0.506500005722046,135652000,0.48499596118927
"2014-12-12",0.49974998831749,0.50424998998642,0.490249991416931,0.490750014781952,323964000,0.469914466142654
"2014-12-15",0.496499985456467,0.505500018596649,0.487749993801117,0.489250004291534,254696000,0.468478143215179
"2014-12-16",0.488750010728836,0.496499985456467,0.483500003814697,0.483749985694885,185308000,0.463211804628372
"2014-12-17",0.493499994277954,0.50424998998642,0.47749999165535,0.503499984741211,345596000,0.482123136520386
"2014-12-18",0.509750008583069,0.515749990940094,0.500750005245209,0.505500018596649,226156000,0.484038054943085
"2014-12-19",0.50900000333786,0.512499988079071,0.50424998998642,0.510500013828278,325528000,0.488825857639313
"2014-12-22",0.509999990463257,0.519500017166138,0.508249998092651,0.519500017166138,148976000,0.497444063425064
"2014-12-23",0.523500025272369,0.526000022888184,0.515749990940094,0.516250014305115,109280000,0.494331777095795
"2014-12-24",0.517499983310699,0.518249988555908,0.513750016689301,0.514249980449677,45644000,0.492416828870773
"2014-12-26",0.514249980449677,0.517499983310699,0.513000011444092,0.514750003814697,52636000,0.492895513772964
"2014-12-29",0.51324999332428,0.517499983310699,0.510749995708466,0.513999998569489,82944000,0.492177456617355
"2014-12-30",0.510500013828278,0.513000011444092,0.508499979972839,0.509249985218048,112120000,0.487628996372223
"2014-12-31",0.509999990463257,0.512750029563904,0.49974998831749,0.50125002861023,166300000,0.479968786239624
"2015-01-02",0.503250002861023,0.507000029087067,0.49524998664856,0.503250002861023,113680000,0.481883764266968
"2015-01-05",0.503250002861023,0.50475001335144,0.492500007152557,0.494749993085861,197952000,0.473744690418243
"2015-01-06",0.49549999833107,0.495999991893768,0.479250013828278,0.479750007390976,197764000,0.459381580352783
"2015-01-07",0.483249992132187,0.487500011920929,0.476999998092651,0.478500008583069,321808000,0.458184629678726
"2015-01-08",0.483999997377396,0.499500006437302,0.483749985694885,0.496499985456467,283780000,0.475420355796814
"2015-01-09",0.498250007629395,0.502250015735626,0.491499990224838,0.498499989509583,209540000,0.477335453033447
"2015-01-12",0.49974998831749,0.5,0.487749993801117,0.492249995470047,190732000,0.471350878477097
"2015-01-13",0.495999991893768,0.505999982357025,0.488000005483627,0.491499990224838,236720000,0.470632702112198
"2015-01-14",0.486250013113022,0.495000004768372,0.485000014305115,0.493499994277954,155260000,0.472547709941864
"2015-01-15",0.497000008821487,0.5,0.489749997854233,0.490000009536743,188932000,0.4691963493824
"2015-01-16",0.489250004291534,0.499500006437302,0.487749993801117,0.499000012874603,181512000,0.477814197540283
"2015-01-20",0.502499997615814,0.505249977111816,0.494249999523163,0.500500023365021,140308000,0.47925066947937
"2015-01-21",0.497750014066696,0.508750021457672,0.494249999523163,0.507499992847443,144780000,0.48595342040062
"2015-01-22",0.508499979972839,0.517750024795532,0.503250002861023,0.516250014305115,159712000,0.494331777095795
"2015-01-23",0.516749978065491,0.518750011920929,0.512499988079071,0.517750024795532,120416000,0.495768189430237
"2015-01-26",0.515500009059906,0.51800000667572,0.512250006198883,0.515500009059906,133240000,0.493613809347153
"2015-01-27",0.507499992847443,0.508000016212463,0.489749997854233,0.490750014781952,357948000,0.469914466142654
"2015-01-28",0.496749997138977,0.498750001192093,0.482499986886978,0.482749998569489,272728000,0.462254136800766
"2015-01-29",0.483000010251999,0.497249990701675,0.480749994516373,0.494500011205673,235340000,0.473505318164825
"2015-01-30",0.49099999666214,0.496749997138977,0.479250013828278,0.479999989271164,298200000,0.459620922803879
"2015-02-02",0.483000010251999,0.492500007152557,0.47350001335144,0.490500003099442,259604000,0.469675153493881
"2015-02-03",0.493999987840652,0.503250002861023,0.491499990224838,0.502749979496002,183468000,0.481405138969421
"2015-02-04",0.50125002861023,0.509750008583069,0.49974998831749,0.504000008106232,181516000,0.482601970434189
"2015-02-05",0.504499971866608,0.512499988079071,0.504000008106232,0.512250006198883,140448000,0.490501761436462
"2015-02-06",0.511749982833862,0.517750024795532,0.507749974727631,0.509999990463257,210524000,0.488347262144089
"2015-02-09",0.507000029087067,0.510999977588654,0.503750026226044,0.509500026702881,273944000,0.487868398427963
"2015-02-10",0.509999990463257,0.523999989032745,0.507749974727631,0.523750007152557,226204000,0.501513421535492
"2015-02-11",0.524999976158142,0.524999976158142,0.516749978065491,0.520250022411346,320832000,0.498162001371384
"2015-02-12",0.550000011920929,0.5625,0.546750009059906,0.557500004768372,676904000,0.533830523490906
"2015-02-13",0.556249976158142,0.558499991893768,0.547749996185303,0.55774998664856,310084000,0.534069955348969
"2015-02-17",0.556749999523163,0.562250018119812,0.553250014781952,0.559499979019165,203340000,0.535745561122894
"2015-02-18",0.558749973773956,0.559750020503998,0.551999986171722,0.552999973297119,170948000,0.529521703720093
"2015-02-19",0.560000002384186,0.560999989509583,0.551999986171722,0.554499983787537,169432000,0.530957937240601
"2015-02-20",0.554000020027161,0.558749973773956,0.550000011920929,0.558499991893768,157752000,0.534788250923157
"2015-02-23",0.55825001001358,0.55825001001358,0.551249980926514,0.554000020027161,125008000,0.530479311943054
"2015-02-24",0.554000020027161,0.55774998664856,0.549000024795532,0.55774998664856,149356000,0.536126375198364
"2015-02-25",0.555499970912933,0.558000028133392,0.550999999046326,0.55349999666214,123820000,0.532041072845459
"2015-02-26",0.554000020027161,0.55825001001358,0.550499975681305,0.555000007152557,152864000,0.533482909202576
"2015-02-27",0.55349999666214,0.554750025272369,0.549499988555908,0.551500022411346,157492000,0.530118882656097
"2015-03-02",0.550000011920929,0.568000018596649,0.54925000667572,0.564999997615814,301512000,0.543095350265503
"2015-03-03",0.560750007629395,0.563499987125397,0.552749991416931,0.554499983787537,160344000,0.533002436161041
"2015-03-04",0.552500009536743,0.561999976634979,0.550249993801117,0.560750007629395,226840000,0.539010047912598
"2015-03-05",0.560750007629395,0.572499990463257,0.559249997138977,0.57150000333786,323056000,0.549343109130859
"2015-03-06",0.568250000476837,0.570999979972839,0.563250005245209,0.56375002861023,257392000,0.541893720626831
"2015-03-09",0.564000010490417,0.569500029087067,0.562749981880188,0.565249979496002,222388000,0.543335497379303
"2015-03-10",0.567749977111816,0.578750014305115,0.56674998998642,0.574999988079071,527212000,0.552707612514496
"2015-03-11",0.574999988079071,0.582499980926514,0.570500016212463,0.572000026702881,262120000,0.549823999404907
"2015-03-12",0.566500008106232,0.570749998092651,0.555999994277954,0.56674998998642,406972000,0.544777452945709
"2015-03-13",0.564000010490417,0.569000005722046,0.556249976158142,0.567499995231628,359288000,0.545498371124268
"2015-03-16",0.572000026702881,0.577750027179718,0.568250000476837,0.574249982833862,236956000,0.551986992359161
"2015-03-17",0.573000013828278,0.581499993801117,0.569000005722046,0.581250011920929,299900000,0.558715283870697
"2015-03-18",0.581250011920929,0.584249973297119,0.566500008106232,0.571749985218048,413844000,0.549583673477173
"2015-03-19",0.573750019073486,0.582499980926514,0.569500029087067,0.58050000667572,310756000,0.557994365692139
"2015-03-20",0.585250020027161,0.590250015258789,0.579750001430511,0.586749970912933,462084000,0.56400203704834
"2015-03-23",0.569249987602234,0.576749980449677,0.567499995231628,0.567749977111816,426012000,0.545738637447357
"2015-03-24",0.565999984741211,0.569999992847443,0.557500004768372,0.560000002384186,330480000,0.53828901052475
"2015-03-25",0.559750020503998,0.559750020503998,0.524249970912933,0.526000022888184,542552000,0.505607306957245
"2015-03-26",0.515250027179718,0.52649998664856,0.511500000953674,0.524249970912933,311920000,0.50392484664917
"2015-03-27",0.527249991893768,0.536499977111816,0.518750011920929,0.534500002861023,318288000,0.513777792453766
"2015-03-30",0.537000000476837,0.539499998092651,0.52999997138977,0.536750018596649,253252000,0.515940368175507
"2015-03-31",0.535250008106232,0.535749971866608,0.522750020027161,0.523249983787537,357276000,0.502964019775391
"2015-04-01",0.525250017642975,0.52700001001358,0.516250014305115,0.525250017642975,330768000,0.504886269569397
"2015-04-02",0.528249979019165,0.529749989509583,0.522000014781952,0.52649998664856,192204000,0.506087720394135
"2015-04-06",0.524249970912933,0.543500006198883,0.518750011920929,0.541750013828278,515864000,0.520746648311615
"2015-04-07",0.541750013828278,0.552500009536743,0.538749992847443,0.546500027179718,413964000,0.525312602519989
"2015-04-08",0.546999990940094,0.552500009536743,0.541750013828278,0.550499975681305,366432000,0.52915745973587
"2015-04-09",0.546249985694885,0.564999997615814,0.546000003814697,0.563250005245209,379432000,0.541413247585297
"2015-04-10",0.56375002861023,0.569249987602234,0.561749994754791,0.569000005722046,258728000,0.546940207481384
"2015-04-13",0.567749977111816,0.570999979972839,0.56124997138977,0.56375002861023,236724000,0.541893720626831
"2015-04-14",0.561500012874603,0.56375002861023,0.55349999666214,0.559000015258789,220276000,0.537327945232391
"2015-04-15",0.560500025749207,0.569999992847443,0.55774998664856,0.565750002861023,243560000,0.543816268444061
"2015-04-16",0.5625,0.56725001335144,0.55825001001358,0.562250018119812,155284000,0.540451943874359
"2015-04-17",0.550499975681305,0.560500025749207,0.550249993801117,0.555000007152557,293636000,0.533482909202576
"2015-04-20",0.557500004768372,0.560999989509583,0.551249980926514,0.552250027656555,231624000,0.530839622020721
"2015-04-21",0.559000015258789,0.559000015258789,0.548749983310699,0.551500022411346,230456000,0.530118882656097
"2015-04-22",0.554750025272369,0.558499991893768,0.546249985694885,0.55774998664856,207420000,0.536126375198364
"2015-04-23",0.547500014305115,0.560750007629395,0.541249990463257,0.555499970912933,259380000,0.533963561058044
"2015-04-24",0.555249989032745,0.555499970912933,0.54449999332428,0.550750017166138,240960000,0.529397666454315
"2015-04-27",0.552500009536743,0.564750015735626,0.547749996185303,0.555000007152557,248456000,0.533482909202576
"2015-04-28",0.554000020027161,0.559750020503998,0.548749983310699,0.55774998664856,234484000,0.536126375198364
"2015-04-29",0.553749978542328,0.559249997138977,0.551249980926514,0.55349999666214,195156000,0.532041072845459
"2015-04-30",0.550750017166138,0.55774998664856,0.549499988555908,0.555000007152557,218844000,0.533482909202576
"2015-05-01",0.559499979019165,0.570500016212463,0.556999981403351,0.568750023841858,256968000,0.546699821949005
"2015-05-04",0.568250000476837,0.572000026702881,0.563499987125397,0.565249979496002,200720000,0.543335497379303
"2015-05-05",0.563250005245209,0.564000010490417,0.548250019550323,0.550750017166138,292928000,0.529397666454315
"2015-05-06",0.553749978542328,0.559000015258789,0.545249998569489,0.552500009536743,316484000,0.531079888343811
"2015-05-07",0.550249993801117,0.564000010490417,0.548500001430511,0.562250018119812,534564000,0.540451943874359
"2015-05-08",0.525250017642975,0.546000003814697,0.512250006198883,0.520749986171722,1146552000,0.500560641288757
"2015-05-11",0.513499975204468,0.521000027656555,0.509500026702881,0.515749990940094,544144000,0.49575474858284
"2015-05-12",0.512000024318695,0.524999976158142,0.511749982833862,0.520749986171722,388800000,0.500560641288757
"2015-05-13",0.524500012397766,0.528500020503998,0.518750011920929,0.523750007152557,308524000,0.50344443321228
"2015-05-14",0.525250017642975,0.535000026226044,0.523999989032745,0.532249987125397,293052000,0.511614918708801
"2015-05-15",0.534500002861023,0.537000000476837,0.529250025749207,0.53250002861023,215824000,0.51185530424118
"2015-05-18",0.53125,0.535000026226044,0.528750002384186,0.531750023365021,324972000,0.511134266853333
"2015-05-19",0.52999997138977,0.531750023365021,0.524999976158142,0.526000022888184,253808000,0.507947623729706
"2015-05-20",0.526250004768372,0.53250002861023,0.525499999523163,0.526000022888184,196824000,0.507947623729706
"2015-05-21",0.526250004768372,0.528500020503998,0.521749973297119,0.52224999666214,239692000,0.504326403141022
"2015-05-22",0.523500025272369,0.525499999523163,0.520250022411346,0.521499991416931,212592000,0.503602385520935
"2015-05-26",0.518999993801117,0.522499978542328,0.514249980449677,0.518249988555908,259732000,0.500463426113129
"2015-05-27",0.521749973297119,0.548500001430511,0.519999980926514,0.546000003814697,432332000,0.527261316776276
"2015-05-28",0.546000003814697,0.555249989032745,0.545000016689301,0.55349999666214,327656000,0.534503698348999
"2015-05-29",0.55349999666214,0.556999981403351,0.552500009536743,0.553250014781952,335168000,0.534262478351593
"2015-06-01",0.556749999523163,0.564999997615814,0.553250014781952,0.559499979019165,372660000,0.540297746658325
"2015-06-02",0.555999994277954,0.559000015258789,0.547999978065491,0.548500001430511,224304000,0.529675304889679
"2015-06-03",0.550000011920929,0.554250001907349,0.541499972343445,0.542500019073486,250788000,0.523881554603577
"2015-06-04",0.539250016212463,0.554000020027161,0.539250016212463,0.552250027656555,323712000,0.533296823501587
"2015-06-05",0.550499975681305,0.559000015258789,0.544749975204468,0.556500017642975,313320000,0.537400841712952
"2015-06-08",0.554750025272369,0.558499991893768,0.537500023841858,0.543749988079071,342812000,0.525088489055634
"2015-06-09",0.544250011444092,0.550499975681305,0.543250024318695,0.546500027179718,256888000,0.527744054794312
"2015-06-10",0.540000021457672,0.543500006198883,0.533749997615814,0.536750018596649,529460000,0.518328607082367
"2015-06-11",0.536750018596649,0.546249985694885,0.536750018596649,0.542500019073486,283052000,0.523881554603577
"2015-06-12",0.538999974727631,0.542249977588654,0.52649998664856,0.527750015258789,323728000,0.509637653827667
"2015-06-15",0.524999976158142,0.529250025749207,0.521000027656555,0.526750028133392,306548000,0.508672118186951
"2015-06-16",0.525749981403351,0.533999979496002,0.520500004291534,0.533249974250793,256892000,0.514948844909668
"2015-06-17",0.532999992370605,0.542500019073486,0.531750023365021,0.539499998092651,233544000,0.520984292030334
"2015-06-18",0.544000029563904,0.551999986171722,0.542500019073486,0.548500001430511,299404000,0.529675304889679
"2015-06-19",0.548500001430511,0.552999973297119,0.541750013828278,0.546750009059906,355656000,0.527985334396362
"2015-06-22",0.547749996185303,0.550750017166138,0.536249995231628,0.54449999332428,514236000,0.525812864303589
"2015-06-23",0.545499980449677,0.549749970436096,0.526250004768372,0.530499994754791,414064000,0.5122931599617
"2015-06-24",0.529749989509583,0.53250002861023,0.522750020027161,0.525250017642975,253368000,0.507223129272461
"2015-06-25",0.525250017642975,0.53250002861023,0.525250017642975,0.529250025749207,350460000,0.511086046695709
"2015-06-26",0.524999976158142,0.525499999523163,0.516250014305115,0.518499970436096,421296000,0.500704944133759
"2015-06-29",0.512499988079071,0.517750024795532,0.502250015735626,0.503000020980835,391724000,0.485737055540085
"2015-06-30",0.505999982357025,0.508249998092651,0.499249994754791,0.502749979496002,315916000,0.485495656728745
"2015-07-01",0.515250027179718,0.522499978542328,0.505500018596649,0.509999990463257,302892000,0.492496728897095
"2015-07-02",0.509750008583069,0.513750016689301,0.507250010967255,0.510500013828278,145764000,0.492979377508163
"2015-07-06",0.506250023841858,0.51324999332428,0.500500023365021,0.50424998998642,214776000,0.486944019794464
"2015-07-07",0.50125002861023,0.503250002861023,0.479000002145767,0.494749993085861,594252000,0.477770149707794
"2015-07-08",0.492000013589859,0.495000004768372,0.487250000238419,0.49125000834465,332492000,0.474390357732773
"2015-07-09",0.499000012874603,0.50125002861023,0.48225000500679,0.485249996185303,357588000,0.46859610080719
"2015-07-10",0.491499990224838,0.498250007629395,0.490249991416931,0.493750005960464,216708000,0.476804465055466
"2015-07-13",0.498750001192093,0.49974998831749,0.493750005960464,0.497000008821487,212472000,0.479942888021469
"2015-07-14",0.497750014066696,0.498250007629395,0.490750014781952,0.497249990701675,249216000,0.480184316635132
"2015-07-15",0.495999991893768,0.499249994754791,0.489250004291534,0.493750005960464,265732000,0.476804465055466
"2015-07-16",0.496749997138977,0.50475001335144,0.495000004768372,0.50475001335144,282848000,0.487426936626434
"2015-07-17",0.503000020980835,0.503499984741211,0.49524998664856,0.501749992370605,220372000,0.484529942274094
"2015-07-20",0.501749992370605,0.503750026226044,0.49125000834465,0.492500007152557,188412000,0.475597441196442
"2015-07-21",0.491499990224838,0.501749992370605,0.491499990224838,0.494749993085861,149720000,0.477770149707794
"2015-07-22",0.49125000834465,0.49125000834465,0.479250013828278,0.485249996185303,356472000,0.46859610080719
"2015-07-23",0.486250013113022,0.498499989509583,0.485249996185303,0.49125000834465,169916000,0.474390357732773
"2015-07-24",0.494749993085861,0.49524998664856,0.483500003814697,0.485500007867813,188844000,0.468837648630142
"2015-07-27",0.481249988079071,0.488249987363815,0.477250009775162,0.482749998569489,192420000,0.46618190407753
"2015-07-28",0.483999997377396,0.496499985456467,0.479000002145767,0.493250012397766,198308000,0.476321518421173
"2015-07-29",0.492249995470047,0.503250002861023,0.490249991416931,0.499249994754791,232680000,0.482115626335144
"2015-07-30",0.497999995946884,0.505500018596649,0.497999995946884,0.500500023365021,190180000,0.483322948217392
"2015-07-31",0.502499997615814,0.502749979496002,0.49575001001358,0.498750001192093,218340000,0.481632888317108
"2015-08-03",0.502749979496002,0.507749974727631,0.496250003576279,0.507250010967255,397132000,0.489841252565384
"2015-08-04",0.505500018596649,0.510749995708466,0.503499984741211,0.509249985218048,260100000,0.491772472858429
"2015-08-05",0.521749973297119,0.52224999666214,0.513499975204468,0.514500021934509,234628000,0.496842354536057
"2015-08-06",0.51324999332428,0.517000019550323,0.502749979496002,0.511250019073486,655676000,0.49370402097702
"2015-08-07",0.561500012874603,0.584249973297119,0.546999990940094,0.574500024318695,1405248000,0.554782807826996
"2015-08-10",0.570500016212463,0.598749995231628,0.566999971866608,0.594500005245209,662304000,0.574096620082855
"2015-08-11",0.585749983787537,0.597249984741211,0.585749983787537,0.591499984264374,435008000,0.571199834346771
"2015-08-12",0.582000017166138,0.597249984741211,0.582000017166138,0.592999994754791,384048000,0.572648108005524
"2015-08-13",0.59375,0.59500002861023,0.586499989032745,0.587999999523163,276884000,0.567819774150848
"2015-08-14",0.587499976158142,0.592000007629395,0.583999991416931,0.588500022888184,214652000,0.568302690982819
"2015-08-17",0.587499976158142,0.587499976158142,0.577499985694885,0.58474999666214,273880000,0.5646812915802
"2015-08-18",0.58050000667572,0.584500014781952,0.572499990463257,0.577000021934509,287084000,0.559541702270508
"2015-08-19",0.5762500166893,0.582750022411346,0.568499982357025,0.574750006198883,249248000,0.557359874248505
"2015-08-20",0.568250000476837,0.570999979972839,0.551249980926514,0.554000020027161,426932000,0.537237703800201
"2015-08-21",0.550000011920929,0.559249997138977,0.536249995231628,0.536750018596649,382664000,0.520509421825409
"2015-08-24",0.506749987602234,0.545750021934509,0.5,0.517750024795532,682284000,0.50208443403244
"2015-08-25",0.540499985218048,0.542500019073486,0.507000029087067,0.507000029087067,622684000,0.491659671068192
"2015-08-26",0.523500025272369,0.545750021934509,0.519500017166138,0.545249998569489,614976000,0.528752386569977
"2015-08-27",0.550999999046326,0.565999984741211,0.547749996185303,0.565750002861023,463764000,0.548632025718689
"2015-08-28",0.565750002861023,0.571749985218048,0.561749994754791,0.568250000476837,320944000,0.551056444644928
"2015-08-31",0.565500020980835,0.569500029087067,0.559750020503998,0.561999976634979,219352000,0.544995546340942
"2015-09-01",0.545750021934509,0.555000007152557,0.535000026226044,0.538999974727631,353408000,0.522691547870636
"2015-09-02",0.553749978542328,0.555499970912933,0.54449999332428,0.555249989032745,344044000,0.538449764251709
"2015-09-03",0.563499987125397,0.566250026226044,0.555750012397766,0.556749999523163,262556000,0.539904356002808
"2015-09-04",0.547249972820282,0.555999994277954,0.543500006198883,0.543749988079071,287972000,0.527297854423523
"2015-09-08",0.556999981403351,0.569249987602234,0.554750025272369,0.566999971866608,238448000,0.549844145774841
"2015-09-09",0.568750023841858,0.573499977588654,0.554499983787537,0.555750012397766,289392000,0.538934469223022
"2015-09-10",0.552500009536743,0.57150000333786,0.550000011920929,0.564499974250793,357076000,0.547419846057892
"2015-09-11",0.55825001001358,0.569999992847443,0.555999994277954,0.566250026226044,301584000,0.549117088317871
"2015-09-14",0.569000005722046,0.570749998092651,0.564249992370605,0.56725001335144,192460000,0.550086796283722
"2015-09-15",0.567499995231628,0.576499998569489,0.565750002861023,0.573499977588654,327976000,0.556147515773773
"2015-09-16",0.572499990463257,0.580749988555908,0.568250000476837,0.577499985694885,173508000,0.5600266456604
"2015-09-17",0.587499976158142,0.592750012874603,0.581499993801117,0.582750022411346,268712000,0.56511777639389
"2015-09-18",0.574750006198883,0.587249994277954,0.571250021457672,0.582249999046326,326412000,0.564632833003998
"2015-09-21",0.583000004291534,0.58950001001358,0.5799999833107,0.588249981403351,281840000,0.570451438426971
"2015-09-22",0.575500011444092,0.579500019550323,0.569249987602234,0.572250008583069,228356000,0.554935336112976
"2015-09-23",0.572749972343445,0.578499972820282,0.570500016212463,0.574999988079071,161632000,0.557602226734161
"2015-09-24",0.57150000333786,0.592000007629395,0.5625,0.586000025272369,382440000,0.568269550800323
"2015-09-25",0.593249976634979,0.601750016212463,0.584500014781952,0.590250015258789,369692000,0.572390735149384
"2015-09-28",0.590250015258789,0.593999981880188,0.578750014305115,0.582499980926514,395584000,0.564875066280365
"2015-09-29",0.588750004768372,0.59375,0.58050000667572,0.592750012874603,380736000,0.574815034866333
"2015-09-30",0.598249971866608,0.616999983787537,0.594749987125397,0.616249978542328,556380000,0.597604215145111
"2015-10-01",0.616249978542328,0.617999970912933,0.586749970912933,0.604250013828278,489296000,0.585967302322388
"2015-10-02",0.601000010967255,0.620000004768372,0.594749987125397,0.620000004768372,386144000,0.601240456104279
"2015-10-05",0.624000012874603,0.643249988555908,0.62075001001358,0.635500013828278,482024000,0.616271615028381
"2015-10-06",0.628750026226044,0.646499991416931,0.62625002861023,0.643750011920929,453216000,0.624271988868713
"2015-10-07",0.645250022411346,0.657000005245209,0.634750008583069,0.650499999523163,310152000,0.630817830562592
"2015-10-08",0.647750020027161,0.656000018119812,0.636749982833862,0.654250025749207,460068000,0.634454607963562
"2015-10-09",0.650749981403351,0.657000005245209,0.639500021934509,0.651750028133392,423248000,0.632029950618744
"2015-10-12",0.652499973773956,0.662500023841858,0.647750020027161,0.658749997615814,227588000,0.638818383216858
"2015-10-13",0.653500020503998,0.663999974727631,0.651250004768372,0.660000026226044,298444000,0.64003050327301
"2015-10-14",0.660749971866608,0.694750010967255,0.660000026226044,0.684000015258789,612148000,0.663304209709167
"2015-10-15",0.685249984264374,0.699750006198883,0.678250014781952,0.685750007629395,526048000,0.665001392364502
"2015-10-16",0.688000023365021,0.703000009059906,0.68624997138977,0.69650000333786,448396000,0.675425887107849
"2015-10-19",0.698750019073486,0.702000021934509,0.687250018119812,0.695249974727631,294712000,0.674213767051697
"2015-10-20",0.69225001335144,0.697499990463257,0.686999976634979,0.694249987602234,264824000,0.673243820667267
"2015-10-21",0.698499977588654,0.702750027179718,0.684000015258789,0.685249984264374,386280000,0.664516389369965
"2015-10-22",0.693250000476837,0.712249994277954,0.69225001335144,0.709999978542328,306884000,0.688517510890961
"2015-10-23",0.716250002384186,0.719500005245209,0.70550000667572,0.714749991893768,381776000,0.693123877048492
"2015-10-26",0.715250015258789,0.717000007629395,0.7049999833107,0.711499989032745,247436000,0.689971923828125
"2015-10-27",0.708000004291534,0.715499997138977,0.707499980926514,0.711000025272369,208268000,0.689487397670746
"2015-10-28",0.715499997138977,0.716750025749207,0.7049999833107,0.716750025749207,217036000,0.695063233375549
"2015-10-29",0.705250024795532,0.712499976158142,0.690750002861023,0.691999971866608,327168000,0.671062231063843
"2015-10-30",0.699500024318695,0.714250028133392,0.694249987602234,0.709249973297119,301160000,0.687790215015411
"2015-11-02",0.711499989032745,0.718249976634979,0.707249999046326,0.71749997138977,190088000,0.695790529251099
"2015-11-03",0.713249981403351,0.717249989509583,0.704500019550323,0.712499976158142,376768000,0.6909419298172
"2015-11-04",0.710500001907349,0.715749979019165,0.697499990463257,0.70074999332428,442264000,0.679547429084778
"2015-11-05",0.704249978065491,0.706250011920929,0.690750002861023,0.692749977111816,478800000,0.671789407730103
"2015-11-06",0.761250019073486,0.798500001430511,0.745500028133392,0.788749992847443,1172272000,0.764884948730469
"2015-11-09",0.781000018119812,0.787500023841858,0.774249970912933,0.785250008106232,492568000,0.761490881443024
"2015-11-10",0.774999976158142,0.779250025749207,0.753750026226044,0.770250022411346,552260000,0.746944665908813
"2015-11-11",0.770749986171722,0.776250004768372,0.759999990463257,0.762750029563904,619896000,0.739671528339386
"2015-11-12",0.760999977588654,0.76800000667572,0.756749987602234,0.759999990463257,291080000,0.73700475692749
"2015-11-13",0.760749995708466,0.763999998569489,0.741249978542328,0.745000004768372,292940000,0.72245854139328
"2015-11-16",0.75475001335144,0.760500013828278,0.74874997138977,0.759999990463257,344280000,0.73700475692749
"2015-11-17",0.762000024318695,0.766499996185303,0.756749987602234,0.759999990463257,257048000,0.73700475692749
"2015-11-18",0.760249972343445,0.776750028133392,0.751999974250793,0.775749981403351,350216000,0.755134701728821
"2015-11-19",0.778500020503998,0.785749971866608,0.77224999666214,0.777999997138977,254072000,0.757325053215027
"2015-11-20",0.783749997615814,0.789250016212463,0.778999984264374,0.784749984741211,239744000,0.763895571231842
"2015-11-23",0.791249990463257,0.791249990463257,0.770250022411346,0.773000001907349,242552000,0.752457857131958
"2015-11-24",0.773000001907349,0.78600001335144,0.769500017166138,0.779250025749207,195428000,0.758541584014893
"2015-11-25",0.777750015258789,0.787000000476837,0.775499999523163,0.778249979019165,138300000,0.757568180561066
"2015-11-27",0.779749989509583,0.787249982357025,0.775749981403351,0.784749984741211,86996000,0.763895571231842
"2015-11-30",0.78549998998642,0.796500027179718,0.784749984741211,0.792999982833862,327244000,0.77192622423172
"2015-12-01",0.800000011920929,0.819500029087067,0.79925000667572,0.818750023841858,409496000,0.796992182731628
"2015-12-02",0.819999992847443,0.828499972820282,0.810750007629395,0.8125,294240000,0.790907979011536
"2015-12-03",0.819000005722046,0.827499985694885,0.806749999523163,0.810750007629395,246656000,0.7892045378685
"2015-12-04",0.810750007629395,0.845250010490417,0.810750007629395,0.84375,458756000,0.82132762670517
"2015-12-07",0.843500018119812,0.843500018119812,0.825250029563904,0.827750027179718,333588000,0.805752873420715
"2015-12-08",0.817499995231628,0.84249997138977,0.812250018119812,0.83899998664856,314488000,0.816703855991364
"2015-12-09",0.838750004768372,0.84375,0.809249997138977,0.817749977111816,372676000,0.796018660068512
"2015-12-10",0.820249974727631,0.828999996185303,0.817499995231628,0.824500024318695,236596000,0.802589237689972
"2015-12-11",0.816250026226044,0.822000026702881,0.810500025749207,0.812250018119812,227320000,0.790664911270142
"2015-12-14",0.813000023365021,0.818750023841858,0.804499983787537,0.814249992370605,275892000,0.792611718177795
"2015-12-15",0.823499977588654,0.8299999833107,0.819000005722046,0.824249982833862,307296000,0.802345871925354
"2015-12-16",0.825999975204468,0.832000017166138,0.818750023841858,0.829249978065491,236356000,0.807212769985199
"2015-12-17",0.83050000667572,0.83899998664856,0.816250026226044,0.81674998998642,254160000,0.79504519701004
"2015-12-18",0.810999989509583,0.819249987602234,0.802500009536743,0.80349999666214,395896000,0.782147169113159
"2015-12-21",0.812250018119812,0.823249995708466,0.805000007152557,0.822499990463257,284216000,0.800642371177673
"2015-12-22",0.824999988079071,0.831499993801117,0.818250000476837,0.823249995708466,130012000,0.801372230052948
"2015-12-23",0.824500024318695,0.829750001430511,0.823000013828278,0.826499998569489,122524000,0.80453610420227
"2015-12-24",0.824000000953674,0.831250011920929,0.822749972343445,0.829249978065491,52448000,0.807212769985199
"2015-12-28",0.820500016212463,0.828499972820282,0.809000015258789,0.828499972820282,142024000,0.806482672691345
"2015-12-29",0.828999996185303,0.844500005245209,0.826749980449677,0.842000007629395,203660000,0.819624364376068
"2015-12-30",0.841250002384186,0.84850001335144,0.834500014781952,0.83474999666214,180344000,0.812566637992859
"2015-12-31",0.833500027656555,0.837249994277954,0.824000000953674,0.824000000953674,148528000,0.802102446556091
"2016-01-04",0.807250022888184,0.814499974250793,0.800999999046326,0.809249997138977,358076000,0.787744343280792
"2016-01-05",0.824500024318695,0.836000025272369,0.8125,0.822250008583069,490272000,0.8003990650177
"2016-01-06",0.808749973773956,0.8125,0.778999984264374,0.788250029087067,449344000,0.767302393913269
"2016-01-07",0.768499970436096,0.773750007152557,0.746999979019165,0.757000029087067,645304000,0.736882925033569
"2016-01-08",0.766749978065491,0.7674999833107,0.739250004291534,0.740750014781952,398472000,0.721064865589142
"2016-01-11",0.741500020027161,0.747250020503998,0.728749990463257,0.741999983787537,409372000,0.722281694412231
"2016-01-12",0.755249977111816,0.765500009059906,0.749249994754791,0.754499971866608,469356000,0.73444938659668
"2016-01-13",0.760249972343445,0.765250027179718,0.730750024318695,0.731500029563904,481672000,0.712060689926147
"2016-01-14",0.716499984264374,0.725000023841858,0.695500016212463,0.716750025749207,600236000,0.697702527046204
"2016-01-15",0.688000023365021,0.696250021457672,0.666000008583069,0.677749991416931,841452000,0.659739017486572
"2016-01-19",0.69174998998642,0.711250007152557,0.680499970912933,0.68325001001358,457140000,0.665092945098877
"2016-01-20",0.670249998569489,0.695749998092651,0.661249995231628,0.686999976634979,481180000,0.668743073940277
"2016-01-21",0.694500029087067,0.705749988555908,0.680249989032745,0.694999992847443,481456000,0.676530718803406
"2016-01-22",0.708249986171722,0.716000020503998,0.706749975681305,0.711250007152557,257996000,0.692348778247833
"2016-01-25",0.711000025272369,0.719250023365021,0.708999991416931,0.710500001907349,270728000,0.691618621349335
"2016-01-26",0.712000012397766,0.720499992370605,0.704750001430511,0.71749997138977,227944000,0.698432505130768
"2016-01-27",0.716499984264374,0.71875,0.695500016212463,0.708999991416931,231700000,0.690158724784851
"2016-01-28",0.714749991893768,0.717249989509583,0.6875,0.7012500166893,276776000,0.68261456489563
"2016-01-29",0.707249999046326,0.733749985694885,0.704500019550323,0.732249975204468,310504000,0.712790727615356
"2016-02-01",0.731500029563904,0.7362499833107,0.725250005722046,0.7325000166893,289884000,0.713033974170685
"2016-02-02",0.725000023841858,0.728749990463257,0.69650000333786,0.701499998569489,341908000,0.682857871055603
"2016-02-03",0.707000017166138,0.711250007152557,0.68875002861023,0.7049999833107,326772000,0.686264753341675
"2016-02-04",0.705999970436096,0.721249997615814,0.698249995708466,0.705250024795532,348140000,0.686508119106293
"2016-02-05",0.700500011444092,0.708249986171722,0.658749997615814,0.660749971866608,600428000,0.643190860748291
"2016-02-08",0.650749981403351,0.653999984264374,0.621249973773956,0.630500018596649,608852000,0.613744676113129
"2016-02-09",0.623000025749207,0.663749992847443,0.620000004768372,0.637250006198883,425372000,0.620315372943878
"2016-02-10",0.641250014305115,0.659749984741211,0.632250010967255,0.635749995708466,335800000,0.618855059146881
"2016-02-11",0.619499981403351,0.638999998569489,0.619499981403351,0.632499992847443,340144000,0.615691483020782
"2016-02-12",0.6424999833107,0.644500017166138,0.618749976158142,0.643249988555908,340816000,0.62615579366684
"2016-02-16",0.652499973773956,0.675750017166138,0.650499999523163,0.674749970436096,485352000,0.656818985939026
"2016-02-17",0.68325001001358,0.698000013828278,0.680499970912933,0.691500008106232,771468000,0.673123836517334
"2016-02-18",0.748250007629395,0.774500012397766,0.747500002384186,0.750999987125397,1068660000,0.731042146682739
"2016-02-19",0.746999979019165,0.767750024795532,0.741249978542328,0.760999977588654,525628000,0.740776717662811
"2016-02-22",0.772000014781952,0.796750009059906,0.770500004291534,0.787999987602234,449668000,0.767059147357941
"2016-02-23",0.781750023365021,0.797500014305115,0.777999997138977,0.790000021457672,369380000,0.769006013870239
"2016-02-24",0.786750018596649,0.796750009059906,0.764999985694885,0.795499980449677,336852000,0.774359822273254
"2016-02-25",0.798500001430511,0.801249980926514,0.782999992370605,0.797249972820282,349616000,0.776063501834869
"2016-02-26",0.800999999046326,0.802999973297119,0.783999979496002,0.791999995708466,361964000,0.770952939987183
"2016-02-29",0.79025000333786,0.800499975681305,0.783500015735626,0.783999979496002,323344000,0.765945792198181
"2016-03-01",0.78600001335144,0.818750023841858,0.784749984741211,0.818750023841858,348700000,0.799895644187927
"2016-03-02",0.814249992370605,0.826499998569489,0.812749981880188,0.823499977588654,233812000,0.80453634262085
"2016-03-03",0.822499990463257,0.825999975204468,0.805249989032745,0.816250026226044,302004000,0.797453284263611
"2016-03-04",0.822499990463257,0.823249995708466,0.807500004768372,0.81375002861023,175304000,0.795010805130005
"2016-03-07",0.809249997138977,0.814750015735626,0.797999978065491,0.808499991893768,239968000,0.789881825447083
"2016-03-08",0.800249993801117,0.805000007152557,0.791249990463257,0.793749988079071,274940000,0.775471329689026
"2016-03-09",0.800750017166138,0.801999986171722,0.782999992370605,0.793250024318695,222788000,0.774982750415802
"2016-03-10",0.797999978065491,0.802500009536743,0.776000022888184,0.791999995708466,286084000,0.773761630058289
"2016-03-11",0.803749978542328,0.805750012397766,0.794250011444092,0.805499970912933,277400000,0.786950826644897
"2016-03-14",0.801750004291534,0.810750007629395,0.797999978065491,0.807500004768372,190312000,0.788904666900635
"2016-03-15",0.803250014781952,0.808499991893768,0.789250016212463,0.80349999666214,226216000,0.784996628761292
"2016-03-16",0.797500014305115,0.830250024795532,0.793749988079071,0.827499985694885,363644000,0.80844396352768
"2016-03-17",0.824500024318695,0.828499972820282,0.809249997138977,0.820500016212463,353680000,0.801605463027954
"2016-03-18",0.830250024795532,0.856249988079071,0.824999988079071,0.845250010490417,545512000,0.825785577297211
"2016-03-21",0.837750017642975,0.84799998998642,0.828750014305115,0.847750008106232,337780000,0.828227758407593
"2016-03-22",0.84500002861023,0.852249979972839,0.835749983787537,0.846249997615814,242012000,0.826762616634369
"2016-03-23",0.850000023841858,0.866999983787537,0.846249997615814,0.860750019550323,429008000,0.840928435325623
"2016-03-24",0.852999985218048,0.863499999046326,0.850250005722046,0.861999988555908,244956000,0.842149674892426
"2016-03-28",0.860499978065491,0.874499976634979,0.859499990940094,0.87075001001358,265388000,0.850698351860046
"2016-03-29",0.866999983787537,0.886749982833862,0.865000009536743,0.884750008583069,261812000,0.86437577009201
"2016-03-30",0.888000011444092,0.90625,0.887499988079071,0.893999993801117,376700000,0.873412728309631
"2016-03-31",0.898000001907349,0.899999976158142,0.883750021457672,0.890749990940094,379884000,0.870237827301025
"2016-04-01",0.885249972343445,0.904250025749207,0.878499984741211,0.903750002384186,348292000,0.882938325405121
"2016-04-04",0.911249995231628,0.916000008583069,0.891499996185303,0.894999980926514,393940000,0.874389946460724
"2016-04-05",0.887000024318695,0.90200001001358,0.883499979972839,0.893750011920929,339568000,0.873168587684631
"2016-04-06",0.882499992847443,0.895500004291534,0.865750014781952,0.894999980926514,453376000,0.874389946460724
"2016-04-07",0.889249980449677,0.89724999666214,0.882000029087067,0.885749995708466,378104000,0.865352690219879
"2016-04-08",0.89300000667572,0.898750007152557,0.882749974727631,0.891499996185303,255936000,0.870970129966736
"2016-04-11",0.896749973297119,0.911750018596649,0.893999993801117,0.897000014781952,387524000,0.876343786716461
"2016-04-12",0.899999976158142,0.901250004768372,0.878499984741211,0.896000027656555,292764000,0.875366806983948
"2016-04-13",0.899999976158142,0.918749988079071,0.899999976158142,0.918500006198883,350716000,0.897348523139954
"2016-04-14",0.916000008583069,0.925000011920929,0.912249982357025,0.921000003814697,416564000,0.899791061878204
"2016-04-15",0.920750021934509,0.936500012874603,0.917750000953674,0.928250014781952,436972000,0.906874060630798
"2016-04-18",0.926500022411346,0.926500022411346,0.91525000333786,0.92425000667572,307320000,0.902966320514679
"2016-04-19",0.927749991416931,0.929499983787537,0.90200001001358,0.907750010490417,309152000,0.886846303939819
"2016-04-20",0.90625,0.916750013828278,0.905250012874603,0.911249995231628,200172000,0.890265762805939
"2016-04-21",0.911499977111816,0.915750026702881,0.90625,0.910250008106232,178280000,0.889288485050201
"2016-04-22",0.913250029087067,0.91949999332428,0.903750002384186,0.906750023365021,223540000,0.885869145393372
"2016-04-25",0.907000005245209,0.916249990463257,0.904500007629395,0.911249995231628,191972000,0.890265762805939
"2016-04-26",0.916750013828278,0.927250027656555,0.907999992370605,0.912000000476837,214536000,0.890998303890228
"2016-04-27",0.909749984741211,0.93325001001358,0.907999992370605,0.93274998664856,352396000,0.911270380020142
"2016-04-28",0.926999986171722,0.932500004768372,0.902750015258789,0.90499997138977,381224000,0.884159505367279
"2016-04-29",0.901250004768372,0.903249979019165,0.878499984741211,0.88824999332428,321904000,0.867794990539551
"2016-05-02",0.896749973297119,0.905499994754791,0.8924999833107,0.899999976158142,256076000,0.879274547100067
"2016-05-03",0.889750003814697,0.893499970436096,0.881500005722046,0.889249980449677,224024000,0.868772327899933
"2016-05-04",0.878499984741211,0.87924998998642,0.860000014305115,0.869000017642975,525764000,0.848988592624664
"2016-05-05",0.87625002861023,0.884500026702881,0.867749989032745,0.874249994754791,246884000,0.854117751121521
"2016-05-06",0.872749984264374,0.885500013828278,0.870999991893768,0.883249998092651,183240000,0.862910389900208
"2016-05-09",0.885500013828278,0.889249980449677,0.874750018119812,0.882000029087067,333336000,0.861689209938049
"2016-05-10",0.887499988079071,0.900499999523163,0.879000008106232,0.898999989032745,269676000,0.878297626972198
"2016-05-11",0.901750028133392,0.911499977111816,0.896749973297119,0.90149998664856,328176000,0.880740106105804
"2016-05-12",0.907999992370605,0.912000000476837,0.873250007629395,0.889249980449677,670540000,0.868772327899933
"2016-05-13",0.979749977588654,1.02499997615814,0.975000023841858,1.02450001239777,2110256000,1.00090742111206
"2016-05-16",1.01674997806549,1.07000005245209,1.01349997520447,1.05474996566772,973032000,1.03046095371246
"2016-05-17",1.04999995231628,1.06449997425079,1.03649997711182,1.057000041008,628392000,1.03265964984894
"2016-05-18",1.04999995231628,1.09625005722046,1.04999995231628,1.08399999141693,541072000,1.05903744697571
"2016-05-19",1.07974994182587,1.09650003910065,1.07825005054474,1.08875000476837,398880000,1.06367802619934
"2016-05-20",1.09549999237061,1.11275005340576,1.09375,1.10825002193451,391084000,1.08272933959961
"2016-05-23",1.11300003528595,1.11724996566772,1.10325002670288,1.11000001430511,413636000,1.08443892002106
"2016-05-24",1.11049997806549,1.13750004768372,1.10749995708466,1.13399994373322,415788000,1.11076307296753
"2016-05-25",1.13750004768372,1.14224994182587,1.12024998664856,1.12925004959106,458076000,1.10611033439636
"2016-05-26",1.13125002384186,1.14950001239777,1.12800002098083,1.14125001430511,309964000,1.11786448955536
"2016-05-27",1.14250004291534,1.14925003051758,1.13874995708466,1.14750003814697,277416000,1.12398612499237
"2016-05-31",1.1525000333786,1.17050004005432,1.15174996852875,1.16799998283386,412524000,1.14406621456146
"2016-06-01",1.16250002384186,1.18149995803833,1.15900003910065,1.17025005817413,387132000,1.14627003669739
"2016-06-02",1.1764999628067,1.18850004673004,1.16499996185303,1.17850005626678,329208000,1.15435111522675
"2016-06-03",1.16700005531311,1.16849994659424,1.1414999961853,1.16199994087219,461076000,1.13818955421448
"2016-06-06",1.16499996185303,1.17400002479553,1.14999997615814,1.15600001811981,322512000,1.13231194019318
"2016-06-07",1.16299998760223,1.16949999332428,1.15775001049042,1.15824997425079,193400000,1.1345157623291
"2016-06-08",1.15849995613098,1.16275000572205,1.14499998092651,1.15450000762939,234616000,1.13084256649017
"2016-06-09",1.15050005912781,1.18624997138977,1.14800000190735,1.18449997901917,472168000,1.16022789478302
"2016-06-10",1.17050004005432,1.18099999427795,1.15349996089935,1.15499997138977,400024000,1.13133299350739
"2016-06-13",1.15625,1.19249999523163,1.15625,1.16974997520447,475588000,1.1457804441452
"2016-06-14",1.16700005531311,1.17750000953674,1.15400004386902,1.17200005054474,298344000,1.14798414707184
"2016-06-15",1.18175005912781,1.19424998760223,1.16875004768372,1.18400001525879,301036000,1.15973794460297
"2016-06-16",1.17525005340576,1.19075000286102,1.16375005245209,1.18875002861023,246456000,1.16439116001129
"2016-06-17",1.19025003910065,1.19050002098083,1.16324996948242,1.16799998283386,4.71e+08,1.14406621456146
"2016-06-20",1.18675005435944,1.20424997806549,1.18599998950958,1.18900001049042,293768000,1.16463577747345
"2016-06-21",1.19400000572205,1.19725000858307,1.17999994754791,1.18175005912781,212508000,1.1575345993042
"2016-06-22",1.18424999713898,1.19200003147125,1.17875003814697,1.18075001239777,202620000,1.15655505657196
"2016-06-23",1.19200003147125,1.21350002288818,1.1912499666214,1.21224999427795,297880000,1.18740940093994
"2016-06-24",1.16250002384186,1.18400001525879,1.13250005245209,1.14324998855591,1017684000,1.11982345581055
"2016-06-27",1.13374996185303,1.14250004291534,1.11424994468689,1.13100004196167,449088000,1.10782480239868
"2016-06-28",1.1525000333786,1.15374994277954,1.13174998760223,1.14750003814697,381920000,1.12398612499237
"2016-06-29",1.15750002861023,1.17525005340576,1.15450000762939,1.16624999046326,318932000,1.14235234260559
"2016-06-30",1.16824996471405,1.18250000476837,1.15875005722046,1.17525005340576,430940000,1.15116763114929
"2016-07-01",1.16875004768372,1.18400001525879,1.16250002384186,1.16649997234344,218488000,1.14259660243988
"2016-07-05",1.1599999666214,1.18575000762939,1.150750041008,1.1837500333786,371084000,1.15949392318726
"2016-07-06",1.17550003528595,1.19825005531311,1.16949999332428,1.1912499666214,273104000,1.16683959960938
"2016-07-07",1.19924998283386,1.22650003433228,1.19375002384186,1.22224998474121,395400000,1.19720482826233
"2016-07-08",1.2352499961853,1.27725005149841,1.23049998283386,1.27125000953674,481932000,1.24520063400269
"2016-07-11",1.28949999809265,1.30999994277954,1.28799998760223,1.30050003528595,448776000,1.27385139465332
"2016-07-12",1.31500005722046,1.33200001716614,1.29849994182587,1.32000005245209,436760000,1.29295182228088
"2016-07-13",1.32249999046326,1.33000004291534,1.31749999523163,1.31949996948242,324604000,1.29246187210083
"2016-07-14",1.32650005817413,1.34500002861023,1.31550002098083,1.33299994468689,316892000,1.30568504333496
"2016-07-15",1.31599998474121,1.3235000371933,1.2960000038147,1.31749999523163,428616000,1.29050302505493
"2016-07-18",1.33375000953674,1.33574998378754,1.31924998760223,1.32424998283386,252992000,1.297114610672
"2016-07-19",1.3235000371933,1.34325003623962,1.32099997997284,1.33800005912781,382652000,1.31058239936829
"2016-07-20",1.34249997138977,1.36275005340576,1.33700001239777,1.35549998283386,296460000,1.32772409915924
"2016-07-21",1.35249996185303,1.35675001144409,1.32599997520447,1.33050000667572,361308000,1.30323684215546
"2016-07-22",1.33525002002716,1.36675000190735,1.32550001144409,1.36675000190735,315768000,1.33874368667603
"2016-07-25",1.375,1.3952499628067,1.36899995803833,1.39199995994568,312528000,1.3634762763977
"2016-07-26",1.40425002574921,1.42299997806549,1.40225005149841,1.41575002670288,514508000,1.38673985004425
"2016-07-27",1.42799997329712,1.43050003051758,1.39300000667572,1.40149998664856,446676000,1.37278175354004
"2016-07-28",1.40474998950958,1.41499996185303,1.40024995803833,1.40450000762939,221916000,1.37571954727173
"2016-07-29",1.40974998474121,1.43124997615814,1.38450002670288,1.42750000953674,409588000,1.39824891090393
"2016-08-01",1.43350005149841,1.43875002861023,1.40900003910065,1.41824996471405,301120000,1.38918828964233
"2016-08-02",1.42499995231628,1.42575001716614,1.38750004768372,1.40100002288818,282748000,1.37229192256927
"2016-08-03",1.39925003051758,1.40750002861023,1.3914999961853,1.40474998950958,299828000,1.37596499919891
"2016-08-04",1.41149997711182,1.43725001811981,1.40875005722046,1.43075001239777,272712000,1.40143191814423
"2016-08-05",1.44725000858307,1.45574998855591,1.44025003910065,1.45500004291534,371588000,1.42518532276154
"2016-08-08",1.47500002384186,1.47850000858307,1.45299994945526,1.46850001811981,305064000,1.43840873241425
"2016-08-09",1.47574996948242,1.48650002479553,1.46850001811981,1.47224998474121,372344000,1.44208157062531
"2016-08-10",1.4852499961853,1.48749995231628,1.45799994468689,1.46274995803833,375740000,1.43277621269226
"2016-08-11",1.47049999237061,1.49874997138977,1.46749997138977,1.49249994754791,681064000,1.46191644668579
"2016-08-12",1.54750001430511,1.58449995517731,1.51575005054474,1.57599997520447,1425744000,1.54370617866516
"2016-08-15",1.57774996757507,1.58749997615814,1.55324995517731,1.57449996471405,573304000,1.542236328125
"2016-08-16",1.57225000858307,1.57474994659424,1.56025004386902,1.56500005722046,287652000,1.53293120861053
"2016-08-17",1.56500005722046,1.56850004196167,1.5164999961853,1.52874994277954,595212000,1.49742388725281
"2016-08-18",1.52649998664856,1.55499994754791,1.52049994468689,1.55250000953674,331684000,1.52068710327148
"2016-08-19",1.55174994468689,1.56824994087219,1.54499995708466,1.55649995803833,291560000,1.52460515499115
"2016-08-22",1.56124997138977,1.56525003910065,1.54275000095367,1.56299996376038,244748000,1.53097248077393
"2016-08-23",1.57599997520447,1.58299994468689,1.56824994087219,1.57274997234344,339764000,1.5433611869812
"2016-08-24",1.57825005054474,1.5789999961853,1.54124999046326,1.54849994182587,298448000,1.51956462860107
"2016-08-25",1.54900002479553,1.5497499704361,1.51900005340576,1.53824996948242,406032000,1.50950598716736
"2016-08-26",1.5422500371933,1.55949997901917,1.52999997138977,1.55075001716614,300024000,1.52177226543427
"2016-08-29",1.557000041008,1.56324994564056,1.54725003242493,1.5497499704361,274652000,1.52079129219055
"2016-08-30",1.5477499961853,1.55599999427795,1.53649997711182,1.54075002670288,285544000,1.51195931434631
"2016-08-31",1.54375004768372,1.54799997806549,1.52900004386902,1.53349995613098,388544000,1.50484478473663
"2016-09-01",1.53474998474121,1.58449995517731,1.53349995613098,1.57875001430511,428492000,1.5492490530014
"2016-09-02",1.58200001716614,1.58375000953674,1.54550004005432,1.56324994564056,323148000,1.53403878211975
"2016-09-06",1.56875002384186,1.57799994945526,1.56075000762939,1.57799994945526,306812000,1.5485132932663
"2016-09-07",1.57299995422363,1.58074998855591,1.54575002193451,1.55474996566772,397988000,1.52569770812988
"2016-09-08",1.55324995517731,1.56850004196167,1.53550004959106,1.56599998474121,315808000,1.53673732280731
"2016-09-09",1.54875004291534,1.55750000476837,1.47500002384186,1.48800003528595,697760000,1.46019506454468
"2016-09-12",1.46825003623962,1.52174997329712,1.43299996852875,1.51874995231628,598260000,1.49037003517151
"2016-09-13",1.51499998569489,1.53250002861023,1.48825001716614,1.49674999713898,471768000,1.46878159046173
"2016-09-14",1.50024998188019,1.51499998569489,1.48775005340576,1.50999999046326,319048000,1.48178398609161
"2016-09-15",1.51250004768372,1.56900000572205,1.50899994373322,1.56725001335144,515212000,1.53796398639679
"2016-09-16",1.57274997234344,1.58124995231628,1.55299997329712,1.57099997997284,902444000,1.5416442155838
"2016-09-19",1.58749997615814,1.63150000572205,1.58025002479553,1.59175002574921,417128000,1.56200623512268
"2016-09-20",1.61000001430511,1.61000001430511,1.56850004196167,1.5772500038147,331112000,1.54777717590332
"2016-09-21",1.58200001716614,1.62450003623962,1.58175003528595,1.62150001525879,336212000,1.5912002325058
"2016-09-22",1.63100004196167,1.6360000371933,1.61625003814697,1.62549996376038,308732000,1.59512555599213
"2016-09-23",1.62750005722046,1.63224995136261,1.61650002002716,1.62374997138977,276132000,1.59340798854828
"2016-09-26",1.60525000095367,1.61500000953674,1.588250041008,1.6085000038147,230040000,1.57844316959381
"2016-09-27",1.60224997997284,1.66600000858307,1.60150003433228,1.66349995136261,402752000,1.63241565227509
"2016-09-28",1.66600000858307,1.67075002193451,1.64824998378754,1.66949999332428,319788000,1.63830363750458
"2016-09-29",1.66674995422363,1.69025003910065,1.65125000476837,1.68499994277954,336684000,1.65351366996765
"2016-09-30",1.69424998760223,1.7297500371933,1.68424999713898,1.71300005912781,429932000,1.68099093437195
"2016-10-03",1.71300005912781,1.73775005340576,1.70825004577637,1.71124994754791,242596000,1.67927324771881
"2016-10-04",1.71375000476837,1.74249994754791,1.69474995136261,1.70749998092651,281624000,1.6755930185318
"2016-10-05",1.72200000286102,1.73950004577637,1.70050001144409,1.70574998855591,305440000,1.67387628555298
"2016-10-06",1.68525004386902,1.69574999809265,1.65649998188019,1.68350005149841,360212000,1.65204203128815
"2016-10-07",1.69474995136261,1.69924998283386,1.66649997234344,1.67124998569489,286260000,1.6400203704834
"2016-10-10",1.67999994754791,1.68900001049042,1.661749958992,1.67750000953674,287876000,1.64615392684937
"2016-10-11",1.67200005054474,1.67449998855591,1.64049994945526,1.65324997901917,388540000,1.62235724925995
"2016-10-12",1.64649999141693,1.66949999332428,1.63275003433228,1.66075003147125,419920000,1.62971675395966
"2016-10-13",1.64125001430511,1.64499998092651,1.59249997138977,1.63374996185303,390116000,1.60322153568268
"2016-10-14",1.65374994277954,1.66499996185303,1.63999998569489,1.64974999427795,330636000,1.61892235279083
"2016-10-17",1.64950001239777,1.66499996185303,1.63800001144409,1.64024996757507,195328000,1.60960006713867
"2016-10-18",1.66299998760223,1.6747499704361,1.65625,1.66524994373322,269372000,1.63413286209106
"2016-10-19",1.65400004386902,1.66949999332428,1.64549994468689,1.661749958992,199060000,1.63069832324982
"2016-10-20",1.68124997615814,1.69875001907349,1.65750002861023,1.69324994087219,312084000,1.66160953044891
"2016-10-21",1.68725001811981,1.69149994850159,1.67250001430511,1.68850004673004,279508000,1.65694868564606
"2016-10-24",1.70000004768372,1.76974999904633,1.69974994659424,1.76775002479553,339836000,1.73471736907959
"2016-10-25",1.7647500038147,1.80750000476837,1.75625002384186,1.79674994945526,397460000,1.7631756067276
"2016-10-26",1.78174996376038,1.82375001907349,1.77999997138977,1.80400002002716,333792000,1.77029013633728
"2016-10-27",1.81774997711182,1.82124996185303,1.75975000858307,1.76699995994568,388664000,1.73398160934448
"2016-10-28",1.77550005912781,1.80250000953674,1.76075005531311,1.76400005817413,290856000,1.73103785514832
"2016-10-31",1.76974999904633,1.79075002670288,1.76874995231628,1.77900004386902,252388000,1.7457572221756
"2016-11-01",1.78550004959106,1.79525005817413,1.70724999904633,1.72625005245209,473224000,1.69399309158325
"2016-11-02",1.73950004577637,1.76300001144409,1.71599996089935,1.71899998188019,295848000,1.68687856197357
"2016-11-03",1.72699999809265,1.72850000858307,1.66600000858307,1.69900000095367,309664000,1.66725194454193
"2016-11-04",1.68774998188019,1.71825003623962,1.66449999809265,1.68924999237061,328780000,1.65768456459045
"2016-11-07",1.73874998092651,1.79299998283386,1.73749995231628,1.78174996376038,487580000,1.74845564365387
"2016-11-08",1.78849995136261,1.79425001144409,1.76250004768372,1.77900004386902,429884000,1.7457572221756
"2016-11-09",1.73074996471405,1.77250003814697,1.71800005435944,1.74899995326996,456532000,1.7163177728653
"2016-11-10",1.78725004196167,1.78750002384186,1.6690000295639,1.69424998760223,869280000,1.66259098052979
"2016-11-11",1.98775005340576,2.21924996376038,1.96249997615814,2.19924998283386,2175344000,2.15815424919128
"2016-11-14",2.2022500038147,2.20475006103516,2.09050011634827,2.09100008010864,1348796000,2.05192756652832
"2016-11-15",2.10724997520447,2.18624997138977,2.09824991226196,2.15475010871887,626092000,2.11448621749878
"2016-11-16",2.18350005149841,2.31399989128113,2.15875005722046,2.29075002670288,987984000,2.24794411659241
"2016-11-17",2.30774998664856,2.36975002288818,2.26624989509583,2.30975008010864,832988000,2.26659035682678
"2016-11-18",2.30975008010864,2.35824990272522,2.29500007629395,2.33400011062622,576060000,2.29038524627686
"2016-11-21",2.35225009918213,2.35875010490417,2.30999994277954,2.32450008392334,436436000,2.28106355667114
"2016-11-22",2.33249998092651,2.34349989891052,2.30949997901917,2.34124994277954,330368000,2.29750061035156
"2016-11-23",2.34299993515015,2.38124990463257,2.31925010681152,2.34925007820129,443236000,2.30880284309387
"2016-11-25",2.36050009727478,2.37750005722046,2.33524990081787,2.35400009155273,195564000,2.31347036361694
"2016-11-28",2.34675002098083,2.36849999427795,2.33999991416931,2.3527500629425,278736000,2.31224274635315
"2016-11-29",2.34999990463257,2.36100006103516,2.31325006484985,2.33124995231628,444568000,2.29111313819885
"2016-11-30",2.33999991416931,2.35400009155273,2.30250000953674,2.3050000667572,440500000,2.26531505584717
"2016-12-01",2.30250000953674,2.30425000190735,2.11925005912781,2.19099998474121,1035524000,2.15327715873718
"2016-12-02",2.15625,2.22000002861023,2.12800002098083,2.2112500667572,478292000,2.17317891120911
"2016-12-05",2.24974989891052,2.31524991989136,2.22499990463257,2.29699993133545,602284000,2.2574520111084
"2016-12-06",2.3052499294281,2.34325003623962,2.28924989700317,2.3347499370575,498796000,2.29455161094666
"2016-12-07",2.32100009918213,2.3824999332428,2.30250000953674,2.37674999237061,480804000,2.33583068847656
"2016-12-08",2.37975001335144,2.4154999256134,2.32625007629395,2.33699989318848,381544000,2.29676461219788
"2016-12-09",2.35500001907349,2.35675001144409,2.26775002479553,2.29550004005432,382312000,2.25597834587097
"2016-12-12",2.24624991416931,2.24874997138977,2.18849992752075,2.23974990844727,601332000,2.20118856430054
"2016-12-13",2.25224995613098,2.30725002288818,2.25125002861023,2.27924990653992,387796000,2.24000811576843
"2016-12-14",2.31349992752075,2.42775011062622,2.28924989700317,2.41125011444092,983980000,2.36973595619202
"2016-12-15",2.42249989509583,2.49850010871887,2.41499996185303,2.46775007247925,746548000,2.42526316642761
"2016-12-16",2.49574995040894,2.51749992370605,2.44324994087219,2.51025009155273,1089528000,2.46703100204468
"2016-12-19",2.4925000667572,2.56124997138977,2.47499990463257,2.54075002670288,744656000,2.49700593948364
"2016-12-20",2.61450004577637,2.65324997901917,2.6029999256134,2.62925004959106,848056000,2.58398294448853
"2016-12-21",2.64100003242493,2.6487500667572,2.59275007247925,2.64575004577637,576136000,2.60019874572754
"2016-12-22",2.67050004005432,2.72175002098083,2.66324996948242,2.67775011062622,718612000,2.63164663314819
"2016-12-23",2.65949988365173,2.74600005149841,2.65674996376038,2.74449992179871,647692000,2.6972484588623
"2016-12-27",2.80150008201599,2.93400001525879,2.78049993515015,2.93300008773804,1194272000,2.88250279426575
"2016-12-28",2.99000000953674,2.99825000762939,2.71725010871887,2.73125004768372,2295764000,2.68422603607178
"2016-12-29",2.62249994277954,2.78725004196167,2.5699999332428,2.78574991226196,2175368000,2.73778772354126
"2016-12-30",2.78375005722046,2.79800009727478,2.65750002861023,2.66849994659424,1212932000,2.62255644798279
"2017-01-03",2.60999989509583,2.65925002098083,2.48449993133545,2.55025005340576,1501996000,2.506343126297
"2017-01-04",2.58500003814697,2.63750004768372,2.53824996948242,2.60975003242493,1199220000,2.56481790542603
"2017-01-05",2.61325001716614,2.64549994468689,2.52624988555908,2.54349994659424,984296000,2.49970817565918
"2017-01-06",2.57124996185303,2.60625004768372,2.52999997138977,2.57750010490417,822856000,2.53312349319458
"2017-01-09",2.58750009536743,2.70000004768372,2.58750009536743,2.68199992179871,916248000,2.63582420349121
"2017-01-10",2.69525003433228,2.72974991798401,2.64074993133545,2.66175007820129,880920000,2.61592316627502
"2017-01-11",2.65000009536743,2.65499997138977,2.60374999046326,2.62899994850159,525664000,2.58373665809631
"2017-01-12",2.60575008392334,2.6175000667572,2.5404999256134,2.58599996566772,625616000,2.54147744178772
"2017-01-13",2.58999991416931,2.625,2.57649993896484,2.58575010299683,457820000,2.54123187065125
"2017-01-17",2.57500004768372,2.57999992370605,2.51425004005432,2.52775001525879,580612000,2.48423027992249
"2017-01-18",2.50600004196167,2.58074998855591,2.4777500629425,2.57375001907349,654424000,2.52943825721741
"2017-01-19",2.57675004005432,2.66149997711182,2.57450008392334,2.62899994850159,644872000,2.58373665809631
"2017-01-20",2.65199995040894,2.67000007629395,2.57800006866455,2.60025000572205,492024000,2.55548167228699
"2017-01-23",2.59500002861023,2.64750003814697,2.59249997138977,2.62724995613098,369904000,2.58201622962952
"2017-01-24",2.63750004768372,2.68950009346008,2.62249994277954,2.68324995040894,428052000,2.63705229759216
"2017-01-25",2.7262499332428,2.73250007629395,2.65825009346008,2.6947500705719,522760000,2.64835381507874
"2017-01-26",2.69749999046326,2.74874997138977,2.66750001907349,2.74125003814697,458800000,2.6940541267395
"2017-01-27",2.74825000762939,2.79725003242493,2.72125005722046,2.79425001144409,471996000,2.74614119529724
"2017-01-30",2.77300000190735,2.77524995803833,2.69775009155273,2.75049996376038,496004000,2.70314478874207
"2017-01-31",2.72375011444092,2.75125002861023,2.70499992370605,2.72950005531311,362756000,2.68250608444214
"2017-02-01",2.76449990272522,2.8529999256134,2.74650001525879,2.84875011444092,590004000,2.79970288276672
"2017-02-02",2.83249998092651,2.89350008964539,2.80150008201599,2.88474988937378,483240000,2.83508348464966
"2017-02-03",2.88625001907349,2.89750003814697,2.84750008583069,2.85949993133545,372744000,2.81026768684387
"2017-02-06",2.84999990463257,2.93324995040894,2.84999990463257,2.93274998664856,506768000,2.88225698471069
"2017-02-07",2.96749997138977,3.02300000190735,2.94749999046326,2.97825002670288,746224000,2.92697358131409
"2017-02-08",2.96000003814697,2.98274993896484,2.90949988365173,2.96525001525879,449580000,2.91419696807861
"2017-02-09",2.97149991989136,2.97650003433228,2.89000010490417,2.90949988365173,842568000,2.85940718650818
"2017-02-10",2.99825000762939,3.01749992370605,2.81500005722046,2.84050011634827,1651092000,2.79159498214722
"2017-02-13",2.8347499370575,2.84949994087219,2.70499992370605,2.7095000743866,1180724000,2.66285085678101
"2017-02-14",2.69974994659424,2.75375008583069,2.65724992752075,2.71950006484985,850632000,2.67267894744873
"2017-02-15",2.72250008583069,2.74499988555908,2.69400000572205,2.72499990463257,373020000,2.67808389663696
"2017-02-16",2.73475003242493,2.73600006103516,2.6414999961853,2.68125009536743,647176000,2.63508701324463
"2017-02-17",2.66750001907349,2.68525004386902,2.61975002288818,2.68074989318848,563740000,2.63459539413452
"2017-02-21",2.70574998855591,2.78075003623962,2.70549988746643,2.77675008773804,551952000,2.72894239425659
"2017-02-22",2.78550004959106,2.79500007629395,2.74974989891052,2.76900005340576,433772000,2.72476124763489
"2017-02-23",2.63750004768372,2.65974998474121,2.49200010299683,2.51224994659424,1592888000,2.47211194038391
"2017-02-24",2.42674994468689,2.54999995231628,2.39249992370605,2.53649997711182,1029904000,2.49597549438477
"2017-02-27",2.5550000667572,2.62549996376038,2.53900003433228,2.6102499961853,715400000,2.56854701042175
"2017-02-28",2.61999988555908,2.63000011444092,2.51950001716614,2.53699994087219,625360000,2.49646759033203
"2017-03-01",2.59474992752075,2.60925006866455,2.52775001525879,2.5697500705719,504804000,2.52869391441345
"2017-03-02",2.55675005912781,2.57100009918213,2.47224998474121,2.47499990463257,754332000,2.43545722961426
"2017-03-03",2.46425008773804,2.46924996376038,2.40549993515015,2.46075010299683,864692000,2.42143559455872
"2017-03-06",2.42400002479553,2.45250010490417,2.37925004959106,2.44175004959106,883568000,2.40273904800415
"2017-03-07",2.44175004959106,2.48825001716614,2.42875003814697,2.46849989891052,603400000,2.42906165122986
"2017-03-08",2.51749992370605,2.53250002861023,2.46175003051758,2.46399998664856,638712000,2.42463397979736
"2017-03-09",2.44775009155273,2.48624992370605,2.43499994277954,2.46350002288818,478060000,2.4241418838501
"2017-03-10",2.49025011062622,2.50224995613098,2.4595000743866,2.4779999256134,499740000,2.43840980529785
"2017-03-13",2.48850011825562,2.55625009536743,2.48775005340576,2.54625010490417,774136000,2.50556993484497
"2017-03-14",2.55925011634827,2.56874990463257,2.51174998283386,2.54450011253357,522016000,2.5038480758667
"2017-03-15",2.55625009536743,2.57474994659424,2.50799989700317,2.56375002861023,615036000,2.52278876304626
"2017-03-16",2.57450008392334,2.59575009346008,2.56025004386902,2.59524989128113,523100000,2.553786277771
"2017-03-17",2.61299991607666,2.65300011634827,2.59524989128113,2.65175008773804,1119688000,2.60938405990601
"2017-03-20",2.66950011253357,2.74025011062622,2.65324997901917,2.73624992370605,748568000,2.69253301620483
"2017-03-21",2.71875,2.74900007247925,2.6397500038147,2.64774990081787,913484000,2.60544800758362
"2017-03-22",2.63649988174438,2.70650005340576,2.6324999332428,2.70175004005432,616764000,2.65858578681946
"2017-03-23",2.69374990463257,2.71399998664856,2.66750001907349,2.67724990844727,533940000,2.63447642326355
"2017-03-24",2.72425007820129,2.73224997520447,2.66050004959106,2.68674993515015,439500000,2.64382386207581
"2017-03-27",2.63949990272522,2.71024990081787,2.58949995040894,2.70624995231628,506644000,2.6630129814148
"2017-03-28",2.70749998092651,2.72224998474121,2.68175005912781,2.69225001335144,432444000,2.64923667907715
"2017-03-29",2.69974994659424,2.71224999427795,2.68125009536743,2.68350005149841,349992000,2.64062643051147
"2017-03-30",2.69074988365173,2.75,2.68499994277954,2.73499989509583,525532000,2.69130396842957
"2017-03-31",2.72525000572205,2.74725008010864,2.71000003814697,2.72324991226196,440808000,2.67974138259888
"2017-04-03",2.72375011444092,2.74125003814697,2.68549990653992,2.7095000743866,445232000,2.66621160507202
"2017-04-04",2.58500003814697,2.61050009727478,2.50850009918213,2.51950001716614,1271280000,2.47924661636353
"2017-04-05",2.50049996376038,2.55925011634827,2.48749995231628,2.50075006484985,747048000,2.46079659461975
"2017-04-06",2.50600004196167,2.53125,2.46024990081787,2.51900005340576,635120000,2.47875499725342
"2017-04-07",2.52550005912781,2.54325008392334,2.49300003051758,2.50824999809265,429068000,2.46817588806152
"2017-04-10",2.5090000629425,2.51574993133545,2.44000005722046,2.44425010681152,756332000,2.40519881248474
"2017-04-11",2.4137499332428,2.47250008583069,2.40875005722046,2.45300006866455,618148000,2.41380953788757
"2017-04-12",2.45300006866455,2.46749997138977,2.42750000953674,2.43274998664856,414092000,2.39388275146484
"2017-04-13",2.40825009346008,2.4302499294281,2.38724994659424,2.38724994659424,506892000,2.34911012649536
"2017-04-17",2.40024995803833,2.48099994659424,2.39499998092651,2.48075008392334,497292000,2.44111633300781
"2017-04-18",2.46624994277954,2.48850011825562,2.44000005722046,2.48224997520447,370116000,2.44259142875671
"2017-04-19",2.5,2.52449989318848,2.4852499961853,2.49200010299683,380828000,2.45218586921692
"2017-04-20",2.50675010681152,2.53625011444092,2.4852499961853,2.53150010108948,404016000,2.49105548858643
"2017-04-21",2.52099990844727,2.54474997520447,2.5090000629425,2.54200005531311,341896000,2.50138711929321
"2017-04-24",2.57399988174438,2.58699989318848,2.55275011062622,2.57375001907349,371820000,2.53263068199158
"2017-04-25",2.58850002288818,2.63324999809265,2.56675004959106,2.61849999427795,388440000,2.57666540145874
"2017-04-26",2.6322500705719,2.63474988937378,2.59850001335144,2.60050010681152,327004000,2.55895328521729
"2017-04-27",2.60800004005432,2.64949989318848,2.58975005149841,2.64100003242493,319700000,2.59880518913269
"2017-04-28",2.6340000629425,2.64100003242493,2.60174989700317,2.60750007629395,348248000,2.56584095954895
"2017-05-01",2.61849999427795,2.67125010490417,2.61124992370605,2.66599988937378,307732000,2.62340617179871
"2017-05-02",2.63875007629395,2.64000010490417,2.56399989128113,2.58699989318848,629972000,2.54566860198975
"2017-05-03",2.57999992370605,2.6159999370575,2.56500005722046,2.60625004768372,336904000,2.56461071968079
"2017-05-04",2.61249995231628,2.62374997138977,2.58824992179871,2.59625005722046,209788000,2.55477142333984
"2017-05-05",2.5845000743866,2.60374999046326,2.56874990463257,2.59649991989136,228428000,2.55501699447632
"2017-05-08",2.6085000038147,2.60999989509583,2.55774998664856,2.56925010681152,365240000,2.52820181846619
"2017-05-09",2.57500004768372,2.62325000762939,2.56649994850159,2.57349991798401,847672000,2.53238439559937
"2017-05-10",2.85724997520447,3.04550004005432,2.85050010681152,3.03224992752075,2129096000,2.98380446434021
"2017-05-11",3.00125002861023,3.26075005531311,2.99775004386902,3.16249990463257,1939792000,3.11197376251221
"2017-05-12",3.16575002670288,3.24000000953674,3.14450001716614,3.19724988937378,962620000,3.14616870880127
"2017-05-15",3.23900008201599,3.3602499961853,3.23449993133545,3.35774993896484,1087540000,3.30410408973694
"2017-05-16",3.40949988365173,3.43600010871887,3.33400011062622,3.42024993896484,1120700000,3.36560606956482
"2017-05-17",3.35249996185303,3.37150001525879,3.18875002861023,3.19300007820129,1271368000,3.14198708534241
"2017-05-18",3.23749995231628,3.33575010299683,3.17624998092651,3.32675004005432,1156032000,3.27359962463379
"2017-05-19",3.42575001716614,3.45549988746643,3.38050007820129,3.40000009536743,1018372000,3.34920310974121
"2017-05-22",3.44425010681152,3.48699998855591,3.43324995040894,3.47250008583069,836608000,3.42062044143677
"2017-05-23",3.4925000667572,3.49475002288818,3.39275002479553,3.42575001716614,681248000,3.37456774711609
"2017-05-24",3.5239999294281,3.52675008773804,3.45199990272522,3.46425008773804,815996000,3.41249346733093
"2017-05-25",3.5,3.50075006484985,3.41100001335144,3.45650005340576,608228000,3.40485906600952
"2017-05-26",3.44825005531311,3.63199996948242,3.42775011062622,3.5460000038147,779140000,3.49302220344543
"2017-05-30",3.59249997138977,3.65724992752075,3.57625007629395,3.62175011634827,989652000,3.56764030456543
"2017-05-31",3.66724991798401,3.67499995231628,3.55124998092651,3.60875010490417,887316000,3.55483412742615
"2017-06-01",3.62474989891052,3.62575006484985,3.56299996376038,3.60899996757507,503340000,3.5550811290741
"2017-06-02",3.60599994659424,3.6324999332428,3.58500003814697,3.59100008010864,487456000,3.53734946250916
"2017-06-05",3.57450008392334,3.71324992179871,3.56275010108948,3.70024991035461,817376000,3.64496660232544
"2017-06-06",3.69549989700317,3.74224996566772,3.67000007629395,3.68350005149841,758728000,3.62846755981445
"2017-06-07",3.70825004577637,3.74699997901917,3.69250011444092,3.7279999256134,612612000,3.67230272293091
"2017-06-08",3.8364999294281,4,3.79474997520447,3.99850010871887,1161744000,3.93876147270203
"2017-06-09",4.11850023269653,4.21250009536743,3.56874990463257,3.74000000953674,3692928000,3.68412303924561
"2017-06-12",3.6470000743866,3.79250001907349,3.55275011062622,3.74924993515015,1697532000,3.69323420524597
"2017-06-13",3.85999989509583,3.86925005912781,3.64124989509583,3.78500008583069,1672504000,3.72845125198364
"2017-06-14",3.78800010681152,3.85150003433228,3.71250009536743,3.79299998283386,1184640000,3.73633146286011
"2017-06-15",3.67400002479553,3.83999991416931,3.66249990463257,3.80925011634827,963824000,3.75233817100525
"2017-06-16",3.81900000572205,3.8675000667572,3.75600004196167,3.7904999256134,924960000,3.73386907577515
"2017-06-19",3.83524990081787,3.93825006484985,3.83150005340576,3.93300008773804,778176000,3.87423944473267
"2017-06-20",3.97574996948242,4.04349994659424,3.92300009727478,3.92724990844727,1095444000,3.86857581138611
"2017-06-21",3.95525002479553,3.99049997329712,3.89249992370605,3.98674988746643,682652000,3.92718625068665
"2017-06-22",3.99499988555908,4.00850009918213,3.93499994277954,3.95924997329712,469132000,3.90009784698486
"2017-06-23",3.96700000762939,3.98300004005432,3.83049988746643,3.84575009346008,1088588000,3.78829312324524
"2017-06-26",3.87899994850159,3.91499996185303,3.70825004577637,3.80375003814697,1063960000,3.74692106246948
"2017-06-27",3.78600001335144,3.79474997520447,3.65875005722046,3.66449999809265,999492000,3.60975098609924
"2017-06-28",3.73300004005432,3.79850006103516,3.64374995231628,3.79375004768372,994948000,3.73707032203674
"2017-06-29",3.76500010490417,3.76799988746643,3.60199999809265,3.66700005531311,1064424000,3.61221432685852
"2017-06-30",3.68449997901917,3.69825005531311,3.58750009536743,3.61400008201599,731060000,3.56000590324402
"2017-07-03",3.62625002861023,3.64124989509583,3.46449995040894,3.48324990272522,709072000,3.4312093257904
"2017-07-05",3.54749989509583,3.60549998283386,3.52824997901917,3.57625007629395,820188000,3.52281928062439
"2017-07-06",3.54675006866455,3.63450002670288,3.49399995803833,3.58699989318848,746284000,3.53340911865234
"2017-07-07",3.64450001716614,3.6875,3.62124991416931,3.66899991035461,654972000,3.6141836643219
"2017-07-10",3.74349999427795,3.84999990463257,3.71700000762939,3.84249997138977,958492000,3.78509140014648
"2017-07-11",3.84625005722046,3.90475010871887,3.80375003814697,3.8970000743866,757956000,3.83877801895142
"2017-07-12",3.95749998092651,4.07499980926514,3.91400003433228,4.0627498626709,1145208000,4.00205230712891
"2017-07-13",4.07499980926514,4.15749979019165,3.96875,4.01574993133545,1369132000,3.9557535648346
"2017-07-14",4.03224992752075,4.1252498626709,4.02524995803833,4.12375020980835,941948000,4.06214046478271
"2017-07-17",4.1582498550415,4.1875,4.04374980926514,4.10624980926514,930792000,4.04490184783936
"2017-07-18",4.04449987411499,4.16375017166138,4.03249979019165,4.14900016784668,776640000,4.08701324462891
"2017-07-19",4.1582498550415,4.18499994277954,4.11525011062622,4.12750005722046,687044000,4.06583309173584
"2017-07-20",4.14825010299683,4.1877498626709,4.09775018692017,4.1875,699596000,4.12493753433228
"2017-07-21",4.16674995422363,4.23250007629395,4.15224981307983,4.2024998664856,648332000,4.13971376419067
"2017-07-24",4.20975017547607,4.21950006484985,4.14300012588501,4.15374994277954,652524000,4.09169244766235
"2017-07-25",4.13049983978271,4.14825010299683,4.08949995040894,4.13374996185303,496556000,4.07198905944824
"2017-07-26",4.19199991226196,4.24825000762939,4.14624977111816,4.18149995803833,640404000,4.11902761459351
"2017-07-27",4.20674991607666,4.2185001373291,3.93899989128113,4.04349994659424,782856000,3.98308897018433
"2017-07-28",4.00724983215332,4.13450002670288,3.98200011253357,4.10974979400635,513348000,4.04834842681885
"2017-07-31",4.12349987030029,4.15999984741211,4.01550006866455,4.0627498626709,559672000,4.00205230712891
"2017-08-01",4.05324983596802,4.11399984359741,4.02500009536743,4.11224985122681,431384000,4.05081224441528
"2017-08-02",4.14375019073486,4.14774990081787,4.03175020217896,4.10974979400635,478444000,4.04834842681885
"2017-08-03",4.10925006866455,4.16575002670288,4.09200000762939,4.16200017929077,442420000,4.09981822967529
"2017-08-04",4.18499994277954,4.25174999237061,4.16200017929077,4.18025016784668,589096000,4.11779451370239
"2017-08-07",4.20975017547607,4.30924987792969,4.19999980926514,4.30875015258789,717412000,4.24437618255615
"2017-08-08",4.34724998474121,4.36399984359741,4.21775007247925,4.25750017166138,755336000,4.19389247894287
"2017-08-09",4.21075010299683,4.30525016784668,4.19175004959106,4.30275011062622,530784000,4.23846578598022
"2017-08-10",4.30399990081787,4.31650018692017,4.1082501411438,4.11850023269653,1328088000,4.05696821212769
"2017-08-11",3.9284999370575,3.97499990463257,3.82275009155273,3.8989999294281,1497196000,3.84074783325195
"2017-08-14",3.99175000190735,4.21374988555908,3.98000001907349,4.21000003814697,1279020000,4.1471004486084
"2017-08-15",4.21525001525879,4.24174976348877,4.1397500038147,4.17449998855591,764532000,4.11213207244873
"2017-08-16",4.18975019454956,4.21350002288818,4.09600019454956,4.12874984741211,596632000,4.06706523895264
"2017-08-17",4.12025022506714,4.13749980926514,4.03450012207031,4.03674983978271,525444000,3.97643971443176
"2017-08-18",4.0917501449585,4.10900020599365,3.9909999370575,4.03749990463257,601204000,3.97717952728271
"2017-08-21",4.0622501373291,4.07375001907349,3.93425011634827,3.97874999046326,623672000,3.91930627822876
"2017-08-22",4.01224994659424,4.06974983215332,3.9927499294281,4.06374979019165,450456000,4.00655937194824
"2017-08-23",4.03000020980835,4.15625,4.02124977111816,4.14499998092651,579520000,4.08666610717773
"2017-08-24",4.17749977111816,4.18200016021729,4.10300016403198,4.12974977493286,469700000,4.07163095474243
"2017-08-25",4.1542501449585,4.16450023651123,4.08874988555908,4.09525012969971,357200000,4.03761720657349
"2017-08-28",4.11450004577637,4.12750005722046,4.05824995040894,4.12424993515015,389496000,4.0662088394165
"2017-08-29",4.06475019454956,4.1395001411438,4.05649995803833,4.11749982833862,324096000,4.05955362319946
"2017-08-30",4.13749980926514,4.15325021743774,4.10675001144409,4.14200019836426,384400000,4.08371067047119
"2017-08-31",4.16249990463257,4.23999977111816,4.15500020980835,4.23600006103516,612684000,4.17638635635376
"2017-09-01",4.24875020980835,4.2975001335144,4.23999977111816,4.26149988174438,445432000,4.20152616500854
"2017-09-05",4.20949983596802,4.21449995040894,4.08900022506714,4.14774990081787,695364000,4.08937740325928
"2017-09-06",4.18100023269653,4.19500017166138,4.1100001335144,4.14524984359741,397672000,4.08691263198853
"2017-09-07",4.16225004196167,4.19724988937378,4.12375020980835,4.16450023651123,352868000,4.10589265823364
"2017-09-08",4.15275001525879,4.16774988174438,4.06774997711182,4.09224987030029,498856000,4.03465986251831
"2017-09-11",4.13850021362305,4.23575019836426,4.13299989700317,4.22499990463257,567444000,4.1655421257019
"2017-09-12",4.25,4.25,4.17425012588501,4.24025011062622,411488000,4.18057727813721
"2017-09-13",4.21474981307983,4.28849983215332,4.18200016021729,4.25925016403198,580960000,4.19931030273438
"2017-09-14",4.21974992752075,4.31400012969971,4.19500017166138,4.2350001335144,513712000,4.17540168762207
"2017-09-15",4.32149982452393,4.50274991989136,4.31624984741211,4.50274991989136,1364792000,4.43938207626343
"2017-09-18",4.62849998474121,4.78000020980835,4.62150001525879,4.68874979019165,1684460000,4.62276363372803
"2017-09-19",4.63775014877319,4.74625015258789,4.61549997329712,4.68375015258789,874280000,4.61783456802368
"2017-09-20",4.6875,4.7354998588562,4.60524988174438,4.64599990844727,724920000,4.58061504364014
"2017-09-21",4.54099988937378,4.56750011444092,4.44024991989136,4.51900005340576,1075600000,4.45540380477905
"2017-09-22",4.50750017166138,4.55775022506714,4.46500015258789,4.47499990463257,491232000,4.41202163696289
"2017-09-25",4.44374990463257,4.44500017166138,4.25400018692017,4.27500009536743,874580000,4.21483898162842
"2017-09-26",4.41125011444092,4.46700000762939,4.25874996185303,4.29899978637695,1125620000,4.23850107192993
"2017-09-27",4.39050006866455,4.40675020217896,4.31874990463257,4.39324998855591,713720000,4.33142423629761
"2017-09-28",4.40049982070923,4.40450000762939,4.3439998626709,4.39200019836426,435244000,4.33019208908081
"2017-09-29",4.47700023651123,4.49324989318848,4.43125009536743,4.46925020217896,619092000,4.40635538101196
"2017-10-02",4.51999998092651,4.54949998855591,4.42500019073486,4.47499990463257,503480000,4.41202163696289
"2017-10-03",4.48124980926514,4.5145001411438,4.4394998550415,4.48425006866455,390332000,4.42114210128784
"2017-10-04",4.49049997329712,4.54425001144409,4.45349979400635,4.52174997329712,427848000,4.45811414718628
"2017-10-05",4.54650020599365,4.55000019073486,4.48899984359741,4.51924991607666,437364000,4.45565032958984
"2017-10-06",4.49125003814697,4.5460000038147,4.47499990463257,4.53249979019165,318800000,4.46871376037598
"2017-10-09",4.56974983215332,4.66825008392334,4.55074977874756,4.63474988937378,563492000,4.56952476501465
"2017-10-10",4.78574991226196,4.82375001907349,4.68149995803833,4.72324991226196,974876000,4.65677928924561
"2017-10-11",4.73999977111816,4.77500009536743,4.69350004196167,4.77349996566772,529508000,4.70632171630859
"2017-10-12",4.77699995040894,4.8272500038147,4.74825000762939,4.77575016021729,528292000,4.70854139328003
"2017-10-13",4.83874988555908,4.875,4.79125022888184,4.86474990844727,628728000,4.79628705978394
"2017-10-16",4.89499998092651,4.95125007629395,4.83099985122681,4.94824981689453,576640000,4.8786129951477
"2017-10-17",4.92724990844727,4.97249984741211,4.90875005722046,4.94374990463257,478596000,4.87417554855347
"2017-10-18",4.95275020599365,4.95349979400635,4.83300018310547,4.9394998550415,567316000,4.86998605728149
"2017-10-19",4.86100006103516,4.94999980926514,4.81125020980835,4.94500017166138,570772000,4.87541055679321
"2017-10-20",4.96225023269653,4.98974990844727,4.91349983215332,4.9225001335144,451620000,4.85322666168213
"2017-10-23",4.94449996948242,4.97125005722046,4.89499998092651,4.91550016403198,428696000,4.84632349014282
"2017-10-24",4.92474985122681,4.96875,4.89849996566772,4.96700000762939,407244000,4.89709854125977
"2017-10-25",4.92700004577637,4.98050022125244,4.7792501449585,4.84149980545044,828160000,4.77336406707764
"2017-10-26",4.86950016021729,4.90399980545044,4.84525012969971,4.89225006103516,322744000,4.82340288162231
"2017-10-27",4.94500017166138,5.04675006866455,4.91874980926514,5.04650020599365,572192000,4.97548055648804
"2017-10-30",5.04650020599365,5.15224981307983,5.03049993515015,5.09600019454956,504056000,5.02428340911865
"2017-10-31",5.12825012207031,5.19724988937378,5.12249994277954,5.17024993896484,411908000,5.09748888015747
"2017-11-01",5.2337498664856,5.24924993515015,5.11499977111816,5.17999982833862,502576000,5.10710144042969
"2017-11-02",5.15000009536743,5.19525003433228,5.09124994277954,5.14849996566772,342308000,5.07604503631592
"2017-11-03",5.17999982833862,5.21724987030029,5.13350009918213,5.21724987030029,353640000,5.14382886886597
"2017-11-06",5.17999982833862,5.24949979782104,5.16750001907349,5.24074983596802,389944000,5.16699647903442
"2017-11-07",5.26375007629395,5.32250022888184,5.25150012969971,5.30074977874756,427700000,5.22615242004395
"2017-11-08",5.2962498664856,5.30000019073486,5.18100023269653,5.22900009155273,522988000,5.15541172027588
"2017-11-09",5.13175010681152,5.1582498550415,5.00925016403198,5.13299989700317,978564000,5.06076335906982
"2017-11-10",5.3270001411438,5.4667501449585,5.29075002670288,5.40350008010864,1253256000,5.32745695114136
"2017-11-13",5.40350008010864,5.42924976348877,5.30025005340576,5.31575012207031,582376000,5.24094200134277
"2017-11-14",5.32499980926514,5.36999988555908,5.28074979782104,5.35449981689453,529292000,5.27914524078369
"2017-11-15",5.29874992370605,5.30000019073486,5.19500017166138,5.24949979782104,501948000,5.17562484741211
"2017-11-16",5.32450008392334,5.35500001907349,5.28125,5.29024982452393,441768000,5.21579790115356
"2017-11-17",5.34800004959106,5.38374996185303,5.26875019073486,5.28399991989136,515664000,5.20963621139526
"2017-11-20",5.29974985122681,5.36425018310547,5.26249980926514,5.35200023651123,396100000,5.27668190002441
"2017-11-21",5.39225006103516,5.41300010681152,5.3600001335144,5.40124988555908,399176000,5.32523632049561
"2017-11-22",5.42500019073486,5.42500019073486,5.34025001525879,5.37325000762939,356640000,5.30131196975708
"2017-11-24",5.3897500038147,5.42500019073486,5.36499977111816,5.42399978637695,180752000,5.35138416290283
"2017-11-27",5.43275022506714,5.43400001525879,5.35024976730347,5.35349988937378,422896000,5.28182744979858
"2017-11-28",5.3587498664856,5.36824989318848,5.20599985122681,5.26774978637695,512752000,5.19722557067871
"2017-11-29",5.2502498626709,5.25299978256226,4.78074979782104,4.91050004959106,1396788000,4.84475708007812
"2017-11-30",4.98000001907349,5.06699991226196,4.91625022888184,5.01774978637695,823768000,4.9505729675293
"2017-12-01",4.98274993896484,5.00325012207031,4.81174993515015,4.94199991226196,811548000,4.87583684921265
"2017-12-04",5.00124979019165,5.00750017166138,4.61250019073486,4.66650009155273,1240844000,4.6040244102478
"2017-12-05",4.55999994277954,4.81750011444092,4.5145001411438,4.69350004196167,981488000,4.63066339492798
"2017-12-06",4.64249992370605,4.75349998474121,4.62099981307983,4.73150014877319,467032000,4.66815423965454
"2017-12-07",4.79899978637695,4.84000015258789,4.75299978256226,4.79974985122681,542600000,4.73548936843872
"2017-12-08",4.85024976730347,4.86950016021729,4.77874994277954,4.78725004196167,466876000,4.72315692901611
"2017-12-11",4.80149984359741,4.86950016021729,4.78550004959106,4.86649990081787,372748000,4.80134725570679
"2017-12-12",4.82250022888184,4.84600019454956,4.74725008010864,4.77099990844727,455016000,4.70712518692017
"2017-12-13",4.8125,4.81374979019165,4.64699983596802,4.65450000762939,554280000,4.59218502044678
"2017-12-14",4.64799976348877,4.7335000038147,4.61499977111816,4.66174983978271,438164000,4.5993390083313
"2017-12-15",4.70625019073486,4.80950021743774,4.64050006866455,4.78900003433228,670036000,4.72488498687744
"2017-12-18",4.82999992370605,4.95050001144409,4.80000019073486,4.94750022888184,477704000,4.88126277923584
"2017-12-19",4.93800020217896,4.94325017929077,4.87400007247925,4.90275001525879,373100000,4.83711242675781
"2017-12-20",4.94250011444092,4.95174980163574,4.86374998092651,4.92000007629395,288820000,4.85412883758545
"2017-12-21",4.92350006103516,4.94875001907349,4.88875007629395,4.89725017547607,300904000,4.83168458938599
"2017-12-22",4.8600001335144,4.8912501335144,4.78125,4.88175010681152,466276000,4.81639337539673
"2017-12-26",4.82574987411499,4.94374990463257,4.79549980163574,4.93599987030029,355080000,4.86991739273071
"2017-12-27",4.9225001335144,4.99924993515015,4.90775012969971,4.92924976348877,329488000,4.86325788497925
"2017-12-28",4.95324993133545,4.98449993133545,4.92875003814697,4.93499994277954,240248000,4.86892986297607
"2017-12-29",4.96150016784668,4.96150016784668,4.83750009536743,4.83750009536743,279964000,4.77273416519165
"2018-01-02",4.89449977874756,4.98750019073486,4.86250019073486,4.9837498664856,355616000,4.91702795028687
"2018-01-03",5.10249996185303,5.34250020980835,5.09375,5.31174993515015,914704000,5.24063682556152
"2018-01-04",5.39400005340576,5.45125007629395,5.31724977493286,5.33974981307983,583268000,5.2682614326477
"2018-01-05",5.35475015640259,5.4227499961853,5.27699995040894,5.38500022888184,580124000,5.31290292739868
"2018-01-08",5.51000022888184,5.625,5.46449995040894,5.55000019073486,881216000,5.4756965637207
"2018-01-09",5.55550003051758,5.59549999237061,5.46600008010864,5.54850006103516,4.97e+08,5.47421741485596
"2018-01-10",5.45499992370605,5.59549999237061,5.40000009536743,5.59200000762939,582664000,5.5171332359314
"2018-01-11",5.625,5.65675020217896,5.58024978637695,5.60200023651123,406032000,5.52700090408325
"2018-01-12",5.59000015258789,5.6247501373291,5.53350019454956,5.57450008392334,359916000,5.49986839294434
"2018-01-16",5.60125017166138,5.6877498626709,5.41725015640259,5.50274991989136,702348000,5.42907953262329
"2018-01-17",5.51749992370605,5.62799978256226,5.4225001335144,5.61800003051758,538408000,5.54278707504272
"2018-01-18",5.59849977493286,5.66599988937378,5.56699991226196,5.61100006103516,408632000,5.53588104248047
"2018-01-19",5.7022500038147,5.77724981307983,5.67500019073486,5.75274991989136,609380000,5.67573118209839
"2018-01-22",5.76074981689453,5.8439998626709,5.7024998664856,5.84224987030029,550944000,5.76403427124023
"2018-01-23",5.89624977111816,5.99574995040894,5.87750005722046,5.97275018692017,475228000,5.89278650283813
"2018-01-24",5.97599983215332,6.01224994659424,5.83874988555908,5.89499998092651,579972000,5.816077709198
"2018-01-25",5.94999980926514,5.99375009536743,5.89375019073486,5.90875005722046,409884000,5.82964420318604
"2018-01-26",5.95300006866455,6.08349990844727,5.94000005722046,6.08325004577637,516356000,6.00180768966675
"2018-01-29",6.06850004196167,6.20275020599365,6.01525020599365,6.1712498664856,455116000,6.08862781524658
"2018-01-30",6.02775001525879,6.16050004959106,5.96024990081787,6.06799983978271,570832000,5.98676156997681
"2018-01-31",6.14424991607666,6.23175001144409,6.11124992370605,6.14499998092651,478576000,6.06273078918457
"2018-02-01",5.96299982070923,6.1725001335144,5.95149993896484,6.01249980926514,519224000,5.93200397491455
"2018-02-02",5.92500019073486,5.94925022125244,5.7792501449585,5.83799982070923,718464000,5.75984001159668
"2018-02-05",5.67500019073486,5.83074998855591,5.125,5.34250020980835,1165204000,5.27097368240356
"2018-02-06",5.1100001335144,5.64249992370605,5.09999990463257,5.6395001411438,1114800000,5.56399822235107
"2018-02-07",5.73950004577637,5.87424993515015,5.66750001907349,5.71999979019165,802932000,5.6434211730957
"2018-02-08",5.84700012207031,5.88049983978271,5.4377498626709,5.43800020217896,1.144e+09,5.3651967048645
"2018-02-09",5.95625019073486,5.97224998474121,5.43800020217896,5.80200004577637,1674604000,5.72432327270508
"2018-02-12",5.88399982452393,5.88700008392334,5.62575006484985,5.70074987411499,1093172000,5.62442779541016
"2018-02-13",5.66400003433228,5.86250019073486,5.63124990463257,5.81575012207031,625524000,5.7378888130188
"2018-02-14",5.77500009536743,6.06475019454956,5.76375007629395,6.03550004959106,744988000,5.9546971321106
"2018-02-15",6.11975002288818,6.20924997329712,6.03800010681152,6.16249990463257,698900000,6.07999515533447
"2018-02-16",6.13500022888184,6.25,6.08675003051758,6.09600019454956,637656000,6.01438570022583
"2018-02-20",6.11875009536743,6.29675006866455,6.11499977111816,6.22700023651123,686240000,6.14363384246826
"2018-02-21",6.29225015640259,6.29925012588501,6.03399991989136,6.03774976730347,892292000,5.95691680908203
"2018-02-22",6.06825017929077,6.14074993133545,5.98750019073486,6.05375003814697,534364000,5.97641229629517
"2018-02-23",6.11425018310547,6.14825010299683,6.06300020217896,6.14825010299683,415300000,6.0697078704834
"2018-02-26",6.19500017166138,6.19950008392334,6.10150003433228,6.16450023651123,469312000,6.08574914932251
"2018-02-27",6.13749980926514,6.22275018692017,6.12825012207031,6.15150022506714,455436000,6.07291650772095
"2018-02-28",6.16249990463257,6.2024998664856,6.03824996948242,6.05000019073486,523116000,5.97271203994751
"2018-03-01",6.0477499961853,6.10225009918213,5.70300006866455,5.80525016784668,1040120000,5.73108816146851
"2018-03-02",5.69649982452393,5.92000007629395,5.5462498664856,5.91349983215332,913428000,5.83795595169067
"2018-03-05",5.86275005340576,5.93125009536743,5.73799991607666,5.8912501335144,620776000,5.81598997116089
"2018-03-06",5.97749996185303,6.07350015640259,5.93400001525879,6.05399990081787,636808000,5.97666025161743
"2018-03-07",5.94999980926514,6.09875011444092,5.94875001907349,6.0460000038147,581208000,5.96876430511475
"2018-03-08",6.07375001907349,6.07375001907349,5.98474979400635,6.0295000076294,411912000,5.9524736404419
"2018-03-09",6.0774998664856,6.14624977111816,6.06125020980835,6.13325023651123,505524000,6.05489778518677
"2018-03-12",6.17500019073486,6.32499980926514,6.16674995422363,6.24399995803833,605060000,6.16423511505127
"2018-03-13",6.28725004196167,6.36250019073486,6.15100002288818,6.19274997711182,619772000,6.11363840103149
"2018-03-14",6.23624992370605,6.26375007629395,6.15549993515015,6.2185001373291,505496000,6.13905906677246
"2018-03-15",6.23225021362305,6.31549978256226,6.19099998474121,6.2335000038147,401952000,6.15386724472046
"2018-03-16",6.25,6.28125,6.21199989318848,6.26200008392334,399456000,6.18200254440308
"2018-03-19",6.20450019836426,6.2337498664856,5.92500019073486,6.02500009536743,713772000,5.94803094863892
"2018-03-20",6.02799987792969,6.27874994277954,6.02799987792969,6.23950004577637,554696000,6.15979051589966
"2018-03-21",6.23299980163574,6.30000019073486,6.18324995040894,6.21400022506714,438688000,6.13461685180664
"2018-03-22",6.15000009536743,6.19700002670288,6.00850009918213,6.0462498664856,551196000,5.96901035308838
"2018-03-23",6.05999994277954,6.0625,5.81300020217896,5.82425022125244,735620000,5.74984645843506
"2018-03-26",5.94999980926514,6.11324977874756,5.89750003814697,6.11199998855591,611424000,6.03391885757446
"2018-03-27",6.19374990463257,6.25,5.49625015258789,5.63800001144409,1.409e+09,5.5659761428833
"2018-03-28",5.60325002670288,5.73474979400635,5.42500019073486,5.53375005722046,945904000,5.4630560874939
"2018-03-29",5.60274982452393,5.88749980926514,5.51749992370605,5.78975009918213,916628000,5.71578645706177
"2018-04-02",5.7185001373291,5.86625003814697,5.4375,5.52624988555908,922092000,5.45565176010132
"2018-04-03",5.69500017166138,5.75874996185303,5.53375005722046,5.63374996185303,667432000,5.5617790222168
"2018-04-04",5.3752498626709,5.66650009155273,5.34999990463257,5.6560001373291,789168000,5.5837459564209
"2018-04-05",5.71500015258789,5.72825002670288,5.46225023269653,5.53450012207031,701240000,5.46379613876343
"2018-04-06",5.43074989318848,5.53999996185303,5.32674980163574,5.35624980926514,662988000,5.28782367706299
"2018-04-09",5.42000007629395,5.54925012588501,5.36499977111816,5.38525009155273,499524000,5.3164529800415
"2018-04-10",5.61800003051758,5.72499990463257,5.56024980545044,5.69775009155273,761676000,5.62496376037598
"2018-04-11",5.68275022506714,5.72450017929077,5.6230001449585,5.6560001373291,460244000,5.5837459564209
"2018-04-12",5.75,5.88299989700317,5.70524978637695,5.86499977111816,593920000,5.79007434844971
"2018-04-13",5.92924976348877,5.9377498626709,5.73874998092651,5.78749990463257,503036000,5.71356630325317
"2018-04-16",5.79425001144409,5.82100009918213,5.69199991226196,5.78725004196167,350792000,5.71331930160522
"2018-04-17",5.84000015258789,5.96000003814697,5.78375005722046,5.93849992752075,447224000,5.86263704299927
"2018-04-18",5.88749980926514,5.98124980926514,5.81925010681152,5.90924978256226,391364000,5.83375930786133
"2018-04-19",5.79374980926514,5.8274998664856,5.67000007629395,5.72599983215332,471996000,5.65285110473633
"2018-04-20",5.71724987030029,5.80249977111816,5.68625020980835,5.71775007247925,386200000,5.64470767974854
"2018-04-23",5.73575019836426,5.78749990463257,5.57075023651123,5.59700012207031,427508000,5.52549839019775
"2018-04-24",5.6230001449585,5.71999979019165,5.46400022506714,5.53000020980835,414596000,5.45935440063477
"2018-04-25",5.5,5.53950023651123,5.25750017166138,5.41650009155273,588492000,5.34730386734009
"2018-04-26",5.57999992370605,5.63875007629395,5.51324987411499,5.63049983978271,375824000,5.55856990814209
"2018-04-27",5.73750019073486,5.75750017166138,5.61549997329712,5.6582498550415,400848000,5.58596706390381
"2018-04-30",5.67474985122681,5.72499990463257,5.60300016403198,5.62249994277954,327844000,5.55067300796509
"2018-05-01",5.61425018310547,5.68125009536743,5.55499982833862,5.67850017547607,253788000,5.60595750808716
"2018-05-02",5.67500019073486,5.71999979019165,5.63124990463257,5.65775012969971,268248000,5.58547353744507
"2018-05-03",5.69000005722046,5.85125017166138,5.64424991607666,5.82474994659424,443144000,5.75033903121948
"2018-05-04",5.7957501411438,5.97975015640259,5.77825021743774,5.97650003433228,400660000,5.90015172958374
"2018-05-07",6.08225011825562,6.27475023269653,6.07224988937378,6.2170000076294,687616000,6.13757801055908
"2018-05-08",6.21724987030029,6.26275014877319,6.16774988174438,6.26000022888184,506616000,6.18003034591675
"2018-05-09",6.28025007247925,6.39674997329712,6.25274991989136,6.39449977874756,596760000,6.31280994415283
"2018-05-10",6.44799995422363,6.51249980926514,6.42999982833862,6.50325012207031,994080000,6.42017269134521
"2018-05-11",6.31949996948242,6.49475002288818,6.26350021362305,6.36324977874756,1214456000,6.28196048736572
"2018-05-14",6.40175008773804,6.46225023269653,6.3600001335144,6.38399982452393,523140000,6.30244445800781
"2018-05-15",6.31974983215332,6.32250022888184,6.03749990463257,6.13899993896484,963528000,6.06057500839233
"2018-05-16",6.09999990463257,6.21299982070923,6.0627498626709,6.15024995803833,553828000,6.07168006896973
"2018-05-17",6.15199995040894,6.28749990463257,6.13574981689453,6.19274997711182,519784000,6.11363840103149
"2018-05-18",6.24525022506714,6.30924987792969,6.14349985122681,6.14849996566772,483716000,6.06995391845703
"2018-05-21",6.24700021743774,6.25075006484985,6.01224994659424,6.10599994659424,640624000,6.02799701690674
"2018-05-22",6.11950016021729,6.14499998092651,6.00624990463257,6.06750011444092,518264000,5.98998880386353
"2018-05-23",6.00699996948242,6.18975019454956,6.00624990463257,6.18849992752075,442956000,6.11322021484375
"2018-05-24",6.18475008010864,6.2350001335144,6.13100004196167,6.19224977493286,437372000,6.11692428588867
"2018-05-25",6.20499992370605,6.24849987030029,6.16900014877319,6.23199987411499,292112000,6.15619277954102
"2018-05-29",6.21374988555908,6.28350019454956,6.16750001907349,6.21474981307983,352684000,6.13915109634399
"2018-05-30",6.24875020980835,6.33349990844727,6.22375011444092,6.32474994659424,390996000,6.24781370162964
"2018-05-31",6.29250001907349,6.38000011444092,6.28175020217896,6.30474996566772,493868000,6.22805547714233
"2018-06-01",6.34999990463257,6.44675016403198,6.34124994277954,6.44049978256226,421968000,6.36215543746948
"2018-06-04",6.47499990463257,6.64349985122681,6.44250011444092,6.62125015258789,642024000,6.54070711135864
"2018-06-05",6.62449979782104,6.66475009918213,6.5792498588562,6.6267499923706,391712000,6.54613971710205
"2018-06-06",6.53574991226196,6.63199996948242,6.51924991607666,6.62874984741211,371356000,6.54811477661133
"2018-06-07",6.625,6.63700008392334,6.48124980926514,6.57250022888184,369448000,6.49254941940308
"2018-06-08",6.49900007247925,6.59999990463257,6.48000001907349,6.55700016021729,360456000,6.47723865509033
"2018-06-11",6.54425001144409,6.58624982833862,6.50250005722046,6.51550006866455,265372000,6.43624210357666
"2018-06-12",6.54225015640259,6.57674980163574,6.49149990081787,6.5644998550415,319160000,6.48464679718018
"2018-06-13",6.56599998474121,6.6417498588562,6.55074977874756,6.55999994277954,338208000,6.48020219802856
"2018-06-14",6.60550022125244,6.73000001907349,6.59049987792969,6.6727499961853,430016000,6.59157943725586
"2018-06-15",6.61499977111816,6.68699979782104,6.58374977111816,6.63149976730347,432260000,6.5508303642273
"2018-06-18",6.58699989318848,6.64499998092651,6.55950021743774,6.62725019454956,356268000,6.54663419723511
"2018-06-19",6.52299976348877,6.59100008010864,6.37550020217896,6.50425004959106,594932000,6.42513036727905
"2018-06-20",6.5457501411438,6.61124992370605,6.50699996948242,6.55775022506714,369780000,6.47797870635986
"2018-06-21",6.59000015258789,6.6085000038147,6.42000007629395,6.42775011062622,359516000,6.34955978393555
"2018-06-22",6.44875001907349,6.46225023269653,6.25825023651123,6.27374982833862,434160000,6.19743299484253
"2018-06-25",6.16625022888184,6.17000007629395,5.88850021362305,5.97800016403198,665816000,5.90528202056885
"2018-06-26",6.09250020980835,6.1412501335144,5.99774980545044,6.04974985122681,478884000,5.976158618927
"2018-06-27",6.09375,6.16074991226196,5.88749980926514,5.89300012588501,453892000,5.82131576538086
"2018-06-28",5.88299989700317,6.03350019454956,5.8752498626709,6.02150011062622,338012000,5.94825315475464
"2018-06-29",6.08725023269653,6.09999990463257,5.9212498664856,5.9225001335144,392300000,5.85045576095581
"2018-07-02",5.85225009918213,6.05975008010864,5.83150005340576,6.05600023269653,357572000,5.98233318328857
"2018-07-03",6.09100008010864,6.09700012207031,5.91249990463257,5.9210000038147,222732000,5.84897375106812
"2018-07-05",5.97674989700317,6.07324981689453,5.9375,6.06825017929077,306216000,5.99443340301514
"2018-07-06",6.04349994659424,6.19175004959106,6.02199983596802,6.18324995040894,296352000,6.10803365707397
"2018-07-09",6.25825023651123,6.26800012588501,6.15175008773804,6.23124980926514,303880000,6.15544986724854
"2018-07-10",6.24375009536743,6.35349988937378,6.20300006866455,6.33125019073486,360016000,6.25423526763916
"2018-07-11",6.23750019073486,6.27250003814697,6.17749977111816,6.18825006484985,367508000,6.1129732131958
"2018-07-12",6.23400020599365,6.3292498588562,6.22399997711182,6.28074979782104,345508000,6.20434761047363
"2018-07-13",6.29949998855591,6.29949998855591,6.19049978256226,6.23299980163574,246988000,6.15717792510986
"2018-07-16",6.20499992370605,6.25850009918213,6.19250011444092,6.20499992370605,197036000,6.12951946258545
"2018-07-17",6.15525007247925,6.35750007629395,6.12949991226196,6.34224987030029,362136000,6.26510047912598
"2018-07-18",6.33475017547607,6.34875011444092,6.24100017547607,6.29250001907349,277640000,6.21595525741577
"2018-07-19",6.27349996566772,6.33475017547607,6.25825023651123,6.30074977874756,235752000,6.22410440444946
"2018-07-20",6.29825019836426,6.33750009536743,6.26125001907349,6.27225017547607,222352000,6.19595289230347
"2018-07-23",6.24550008773804,6.24725008010864,6.08199977874756,6.2352499961853,301584000,6.15940237045288
"2018-07-24",6.28375005722046,6.37125015258789,6.19999980926514,6.21775007247925,354620000,6.14211511611938
"2018-07-25",6.22725009918213,6.30950021743774,6.16874980926514,6.29675006866455,319112000,6.22015380859375
"2018-07-26",6.27650022506714,6.4082498550415,6.25950002670288,6.37099981307983,325124000,6.29350137710571
"2018-07-27",6.4079999923706,6.41499996185303,6.24599981307983,6.30049991607666,295420000,6.22385835647583
"2018-07-30",6.31475019454956,6.32075023651123,6.06799983978271,6.10325002670288,340340000,6.02900791168213
"2018-07-31",6.09275007247925,6.19700002670288,6.05350017547607,6.12150001525879,283988000,6.04703617095947
"2018-08-01",6.15325021743774,6.20900011062622,6.09724998474121,6.16174983978271,283556000,6.08679676055908
"2018-08-02",6.08974981307983,6.26949977874756,6.03025007247925,6.26550006866455,269668000,6.18928384780884
"2018-08-03",6.29024982452393,6.32649993896484,6.27325010299683,6.30249977111816,214288000,6.22583436965942
"2018-08-06",6.28975009918213,6.35424995422363,6.24275016784668,6.35074996948242,207508000,6.27349662780762
"2018-08-07",6.40000009536743,6.44250011444092,6.3730001449585,6.42374992370605,258132000,6.34560918807983
"2018-08-08",6.42500019073486,6.50600004196167,6.3897500038147,6.46049976348877,262100000,6.38191175460815
"2018-08-09",6.47849988937378,6.48124980926514,6.40374994277954,6.41149997711182,204280000,6.3335075378418
"2018-08-10",6.3287501335144,6.40250015258789,6.31750011444092,6.36975002288818,256396000,6.29226589202881
"2018-08-13",6.37849998474121,6.52500009536743,6.3767499923706,6.40299987792969,375208000,6.32510995864868
"2018-08-14",6.50950002670288,6.55000019073486,6.42549991607666,6.53574991226196,466220000,6.4562463760376
"2018-08-15",6.55674982070923,6.59100008010864,6.39750003814697,6.47700023651123,591136000,6.39821195602417
"2018-08-16",6.5475001335144,6.55000019073486,6.3752498626709,6.43599987030029,801260000,6.35771036148071
"2018-08-17",6.32350015640259,6.32425022125244,6.09324979782104,6.12050008773804,1143188000,6.04604816436768
"2018-08-20",6.07950019836426,6.32999992370605,5.96799993515015,6.19600009918213,854388000,6.12063026428223
"2018-08-21",6.21250009536743,6.33750009536743,6.19250011444092,6.33300018310547,673988000,6.25596332550049
"2018-08-22",6.30000019073486,6.57550001144409,6.29650020599365,6.57049989700317,749856000,6.49057245254517
"2018-08-23",6.5314998626709,6.73699998855591,6.51749992370605,6.6710000038147,720684000,6.58985137939453
"2018-08-24",6.67950010299683,6.82025003433228,6.67500019073486,6.80550003051758,531512000,6.72271537780762
"2018-08-27",6.83549976348877,6.97249984741211,6.80375003814697,6.89750003814697,505776000,6.81359577178955
"2018-08-28",6.8914999961853,6.91450023651123,6.73824977874756,6.85949993133545,475384000,6.77605819702148
"2018-08-29",6.84800004959106,6.98750019073486,6.8270001411438,6.96225023269653,420108000,6.88132286071777
"2018-08-30",6.93074989318848,7.04300022125244,6.9079999923706,6.94525003433228,346608000,6.8645167350769
"2018-08-31",6.92500019073486,7.03000020980835,6.91499996185303,7.01700019836426,306592000,6.93543529510498
"2018-09-04",7.00374984741211,7.13049983978271,6.97499990463257,7.09250020980835,391720000,7.01005744934082
"2018-09-05",7.07474994659424,7.1104998588562,6.87874984741211,6.96049976348877,393156000,6.87959003448486
"2018-09-06",6.94399976730347,6.94649982452393,6.78474998474121,6.81799983978271,322796000,6.73874759674072
"2018-09-07",6.72499990463257,6.92325019836426,6.67974996566772,6.79650020599365,295420000,6.71749830245972
"2018-09-10",6.81925010681152,6.89825010299683,6.77500009536743,6.86824989318848,220140000,6.78841161727905
"2018-09-11",6.82149982452393,6.90999984741211,6.80049991607666,6.82000017166138,243112000,6.74072456359863
"2018-09-12",6.77974987030029,6.79949998855591,6.5479998588562,6.70499992370605,419092000,6.62706089019775
"2018-09-13",6.77150011062622,6.875,6.75400018692017,6.78350019454956,305536000,6.7046480178833
"2018-09-14",6.8747501373291,6.97749996185303,6.83750009536743,6.91074991226196,386936000,6.83041906356812
"2018-09-17",6.88500022888184,6.93450021743774,6.8287501335144,6.84824991226196,205528000,6.76864576339722
"2018-09-18",6.85225009918213,6.95599985122681,6.76875019073486,6.77549982070923,299520000,6.69674110412598
"2018-09-19",6.75675010681152,6.81750011444092,6.70625019073486,6.79949998855591,224860000,6.72046327590942
"2018-09-20",6.67624998092651,6.7189998626709,6.60249996185303,6.65700006484985,430584000,6.57961845397949
"2018-09-21",6.66900014877319,6.71500015258789,6.55275011062622,6.58624982833862,435128000,6.50969171524048
"2018-09-24",6.55499982833862,6.64599990844727,6.4670000076294,6.64249992370605,293912000,6.5652871131897
"2018-09-25",6.70924997329712,6.7354998588562,6.62274980545044,6.71024990081787,280388000,6.63224935531616
"2018-09-26",6.71525001525879,6.75600004196167,6.65700006484985,6.6729998588562,268548000,6.59543180465698
"2018-09-27",6.70849990844727,6.73000001907349,6.65325021743774,6.68499994277954,214428000,6.60729217529297
"2018-09-28",6.81825017929077,7.0479998588562,6.78999996185303,7.02549982070923,709396000,6.94383478164673
"2018-10-01",7.10400009155273,7.30149984359741,7.06500005722046,7.23400020599365,622060000,7.14991092681885
"2018-10-02",7.20625019073486,7.31899976730347,7.1395001411438,7.16200017929077,383964000,7.07874965667725
"2018-10-03",7.23299980163574,7.24049997329712,7.06325006484985,7.16825008392334,320552000,7.08492612838745
"2018-10-04",7.13175010681152,7.15625,6.9045000076294,6.98225021362305,391220000,6.90108919143677
"2018-10-05",6.95725011825562,7.01999998092651,6.68849992752075,6.74650001525879,426636000,6.66807794570923
"2018-10-08",6.66249990463257,6.77899980545044,6.5019998550415,6.64424991607666,408612000,6.56701707839966
"2018-10-09",6.62349987030029,6.7189998626709,6.57000017166138,6.63850021362305,273500000,6.56133317947388
"2018-10-10",6.5314998626709,6.57775020599365,6.1399998664856,6.14225006103516,684940000,6.07085227966309
"2018-10-11",6.05424976348877,6.18900012969971,5.85650014877319,5.87825012207031,725436000,5.8099217414856
"2018-10-12",6.13775014877319,6.23850011825562,5.99125003814697,6.16349983215332,608236000,6.09185600280762
"2018-10-15",6.15000009536743,6.15000009536743,5.88350009918213,5.88450002670288,449760000,5.81609869003296
"2018-10-16",5.9982500076294,6.15700006484985,5.94850015640259,6.14575004577637,408712000,6.07431221008301
"2018-10-17",6.20849990844727,6.24700021743774,6.02699995040894,6.07649993896484,329668000,6.00586652755737
"2018-10-18",6.14650011062622,6.18524980545044,5.92724990844727,5.98824977874756,524020000,5.91864204406738
"2018-10-19",6.04400014877319,6.06374979019165,5.69250011444092,5.72924995422363,613608000,5.66265153884888
"2018-10-22",5.78200006484985,5.88299989700317,5.67675018310547,5.78049993515015,368844000,5.71330690383911
"2018-10-23",5.51074981689453,5.60475015640259,5.41774988174438,5.52650022506714,626436000,5.46225881576538
"2018-10-24",5.48775005340576,5.53474998474121,4.97125005722046,4.9852499961853,884288000,4.92730045318604
"2018-10-25",4.88675022125244,5.24375009536743,4.84200000762939,5.19600009918213,951720000,5.13560247421265
"2018-10-26",4.95774984359741,5.12099981307983,4.82800006866455,4.95725011825562,664784000,4.89962720870972
"2018-10-29",5.09975004196167,5.10325002670288,4.40024995803833,4.64050006866455,758016000,4.58656024932861
"2018-10-30",4.66375017166138,5.08500003814697,4.64050006866455,5.07499980926514,807192000,5.0160083770752
"2018-10-31",5.24125003814697,5.31475019454956,5.10024976730347,5.27075004577637,745772000,5.20948123931885
"2018-11-01",5.30749988555908,5.46225023269653,5.17974996566772,5.45275020599365,566528000,5.38936758041382
"2018-11-02",5.44325017929077,5.55000019073486,5.25524997711182,5.3730001449585,452960000,5.31054401397705
"2018-11-05",5.35974979400635,5.38325023651123,5.13199996948242,5.29425001144409,379332000,5.23270845413208
"2018-11-06",5.28625011444092,5.37125015258789,5.23899984359741,5.27650022506714,299012000,5.21516466140747
"2018-11-07",5.34375,5.43524980545044,5.27950000762939,5.34474992752075,483812000,5.28262186050415
"2018-11-08",5.28499984741211,5.28574991226196,5.0957498550415,5.14975023269653,511352000,5.08988952636719
"2018-11-09",5.05999994277954,5.23299980163574,5.02600002288818,5.1417498588562,413240000,5.08198165893555
"2018-11-12",5.04949998855591,5.07175016403198,4.71649980545044,4.73850011825562,617116000,4.68342161178589
"2018-11-13",4.83725023269653,5.10524988174438,4.83099985122681,4.98274993896484,644712000,4.9248309135437
"2018-11-14",5.15749979019165,5.17199993133545,4.82075023651123,4.92974996566772,526580000,4.87244701385498
"2018-11-15",4.92374992370605,5.13250017166138,4.88749980926514,5.05975008010864,840708000,5.00093650817871
"2018-11-16",4.08300018310547,4.2664999961853,4.04024982452393,4.11075019836426,1963520000,4.06296730041504
"2018-11-19",4.04475021362305,4.04549980163574,3.6157500743866,3.6175000667572,1697820000,3.57544946670532
"2018-11-20",3.35150003433228,3.85649991035461,3.33275008201599,3.72699999809265,1692032000,3.68367719650269
"2018-11-21",3.86549997329712,3.8824999332428,3.59025001525879,3.6177499294281,1025496000,3.57569694519043
"2018-11-23",3.58275008201599,3.73974990844727,3.5697500705719,3.625,411968000,3.58286285400391
"2018-11-26",3.74725008010864,3.83675003051758,3.66400003433228,3.82625007629395,814832000,3.78177332878113
"2018-11-27",3.79999995231628,3.92525005340576,3.76375007629395,3.84325003623962,738060000,3.79857587814331
"2018-11-28",3.96199989318848,4.00699996948242,3.82824993133545,4.00174999237061,804524000,3.95523262023926
"2018-11-29",4,4.03749990463257,3.90350008010864,3.93400001525879,549172000,3.89216208457947
"2018-11-30",3.94374990463257,4.09649991989136,3.89299988746643,4.08575010299683,729564000,4.04229831695557
"2018-12-03",4.31500005722046,4.36700010299683,4.18349981307983,4.25099992752075,890804000,4.2057900428772
"2018-12-04",4.20599985122681,4.21099996566772,3.91249990463257,3.92775011062622,812112000,3.88597774505615
"2018-12-06",3.78600001335144,3.96224999427795,3.77025008201599,3.95725011825562,692308000,3.91516470909119
"2018-12-07",3.9614999294281,3.97175002098083,3.64050006866455,3.69024991989136,681676000,3.65100407600403
"2018-12-10",3.64499998092651,3.8215000629425,3.64124989509583,3.79649996757507,629472000,3.75612425804138
"2018-12-11",3.88899993896484,3.8972499370575,3.625,3.70475006103516,671912000,3.66534924507141
"2018-12-12",3.71050000190735,3.81949996948242,3.62050008773804,3.72250008583069,654136000,3.68291091918945
"2018-12-13",3.76975011825562,3.8345000743866,3.68600010871887,3.72224998474121,471384000,3.68266320228577
"2018-12-14",3.6802499294281,3.7647500038147,3.63750004768372,3.66125011444092,471820000,3.62231230735779
"2018-12-17",3.63100004196167,3.70374989509583,3.53099989891052,3.58949995040894,662868000,3.55132460594177
"2018-12-18",3.63374996185303,3.75824999809265,3.60625004768372,3.67350006103516,564372000,3.63443183898926
"2018-12-19",3.63949990272522,3.69350004196167,3.41074991226196,3.46274995803833,745364000,3.42592287063599
"2018-12-20",3.45425009727478,3.54500007629395,3.31725001335144,3.37750005722046,749588000,3.34157991409302
"2018-12-21",3.40424990653992,3.4375,3.2114999294281,3.23924994468689,863740000,3.20480036735535
"2018-12-24",3.16225004196167,3.24950003623962,3.11249995231628,3.17700004577637,463840000,3.14321231842041
"2018-12-26",3.22350001335144,3.32850003242493,3.11150002479553,3.32750010490417,695100000,3.29211211204529
"2018-12-27",3.27474999427795,3.30949997901917,3.12949991226196,3.27924990653992,637044000,3.24437499046326
"2018-12-28",3.29999995231628,3.43475008010864,3.25775003433228,3.34124994277954,628728000,3.30571532249451
"2018-12-31",3.38499999046326,3.41774988174438,3.30649995803833,3.33750009536743,465140000,3.30200529098511
"2019-01-02",3.26600003242493,3.46199989318848,3.25125002861023,3.40549993515015,508752000,3.36928153038025
"2019-01-03",3.34474992752075,3.37899994850159,3.19225001335144,3.19974994659424,705552000,3.16572046279907
"2019-01-04",3.27349996566772,3.44324994087219,3.2425000667572,3.40475010871887,585620000,3.3685405254364
"2019-01-07",3.46250009536743,3.62225008010864,3.41074991226196,3.58500003814697,709160000,3.54687261581421
"2019-01-08",3.66724991798401,3.66950011253357,3.42249989509583,3.49574995040894,786016000,3.45857191085815
"2019-01-09",3.54749989509583,3.61225008964539,3.49650001525879,3.56450009346008,617260000,3.52659106254578
"2019-01-10",3.54500007629395,3.63949990272522,3.48399996757507,3.63074994087219,523156000,3.59213733673096
"2019-01-11",3.60824990272522,3.74375009536743,3.58025002479553,3.72075009346008,874764000,3.68118023872375
"2019-01-14",3.66799998283386,3.78649997711182,3.64424991607666,3.76099991798401,730168000,3.72100114822388
"2019-01-15",3.79399991035461,3.83375000953674,3.72825002670288,3.74675011634827,617012000,3.70690250396729
"2019-01-16",3.77425003051758,3.80749988555908,3.71550011634827,3.72099995613098,470104000,3.68142628669739
"2019-01-17",3.68775010108948,3.83325004577637,3.66024994850159,3.79299998283386,493436000,3.75266122817993
"2019-01-18",3.84325003623962,3.94950008392334,3.79124999046326,3.92324995994568,651336000,3.88152527809143
"2019-01-22",3.89275002479553,3.90450000762939,3.68875002861023,3.71924996376038,661552000,3.67969536781311
"2019-01-23",3.77500009536743,3.86450004577637,3.70075011253357,3.73224997520447,591020000,3.69255638122559
"2019-01-24",3.81750011444092,3.96374988555908,3.81275010108948,3.94600009918213,708972000,3.90403437614441
"2019-01-25",3.88599991798401,4.02199983596802,3.78250002861023,4.00374984741211,1154572000,3.96116971969604
"2019-01-28",3.4137499332428,3.54099988937378,3.27500009536743,3.45024991035461,2511528000,3.41355633735657
"2019-01-29",3.40374994277954,3.45250010490417,3.27524995803833,3.28999996185303,1153932000,3.25501108169556
"2019-01-30",3.36675000190735,3.44924998283386,3.28649997711182,3.43475008010864,974228000,3.39822149276733
"2019-01-31",3.43149995803833,3.62975001335144,3.40949988365173,3.59375,842852000,3.55553007125854
"2019-02-01",3.61249995231628,3.66974997520447,3.56450009346008,3.61824989318848,625048000,3.5797688961029
"2019-02-04",3.6342499256134,3.76699995994568,3.61199998855591,3.72950005531311,528592000,3.68983626365662
"2019-02-05",3.74149990081787,3.78574991226196,3.70749998092651,3.74874997138977,542424000,3.70888185501099
"2019-02-06",3.78224992752075,3.89000010490417,3.77675008773804,3.82500004768372,702464000,3.78432106971741
"2019-02-07",3.77824997901917,3.78049993515015,3.64225006103516,3.68549990653992,637120000,3.6463041305542
"2019-02-08",3.6177499294281,3.71499991416931,3.60325002670288,3.70425009727478,461604000,3.66485524177551
"2019-02-11",3.65974998474121,3.71449995040894,3.61249995231628,3.66125011444092,495180000,3.62231230735779
"2019-02-12",3.70000004768372,3.79500007629395,3.68549990653992,3.77924990653992,591060000,3.73905754089355
"2019-02-13",3.80900001525879,3.89575004577637,3.79524993896484,3.82200002670288,605372000,3.78135204315186
"2019-02-14",3.82100009918213,3.89175009727478,3.77749991416931,3.86325001716614,827264000,3.8221640586853
"2019-02-15",4.07375001907349,4.09674978256226,3.91050004959106,3.93350005149841,1516748000,3.89166712760925
"2019-02-19",3.9227499961853,3.99725008010864,3.90350008010864,3.91599988937378,551892000,3.87435269355774
"2019-02-20",3.94549989700317,4.0314998626709,3.93425011634827,3.96374988555908,540988000,3.92159533500671
"2019-02-21",3.97650003433228,4.00124979019165,3.87949991226196,3.89424991607666,448548000,3.85283398628235
"2019-02-22",3.9465000629425,3.99874997138977,3.93274998664856,3.97974991798401,401740000,3.937424659729
"2019-02-25",4.06400012969971,4.13199996948242,3.95849990844727,3.96725010871887,656020000,3.92505764961243
"2019-02-26",3.96250009536743,4.01900005340576,3.89374995231628,3.92750000953674,488464000,3.88572931289673
"2019-02-27",3.91300010681152,3.93974995613098,3.82774996757507,3.88525009155273,500256000,3.84393000602722
"2019-02-28",3.875,3.89750003814697,3.83400011062622,3.85649991035461,324944000,3.81941723823547
"2019-03-01",3.90674996376038,3.95374989509583,3.84800004959106,3.91125011444092,357188000,3.87364196777344
"2019-03-04",3.95000004768372,3.97300004959106,3.86249995231628,3.91950011253357,409992000,3.88181257247925
"2019-03-05",3.90374994277954,3.95149993896484,3.84899997711182,3.91300010681152,362924000,3.87537455558777
"2019-03-06",3.90400004386902,3.91249990463257,3.79850006103516,3.80124998092651,403524000,3.76469898223877
"2019-03-07",3.77749991416931,3.78725004196167,3.68499994277954,3.73149991035461,450104000,3.69562005996704
"2019-03-08",3.6414999961853,3.77675008773804,3.61999988555908,3.76600003242493,422416000,3.72978806495667
"2019-03-11",3.78975009918213,4.05149984359741,3.74224996566772,4.02850008010864,859728000,3.98976445198059
"2019-03-12",4.05649995803833,4.10974979400635,3.97974991798401,4.06300020217896,579576000,4.02393293380737
"2019-03-13",4.10074996948242,4.24499988555908,4.09324979782104,4.21549987792969,768900000,4.17496585845947
"2019-03-14",4.22475004196167,4.23675012588501,4.13124990463257,4.13899993896484,519384000,4.09920120239258
"2019-03-15",4.18249988555908,4.28824996948242,4.17899990081787,4.24525022506714,661484000,4.204430103302
"2019-03-18",4.27699995040894,4.33125019073486,4.19649982452393,4.22375011444092,486992000,4.18313550949097
"2019-03-19",4.31899976730347,4.4375,4.30200004577637,4.39274978637695,854972000,4.35051202774048
"2019-03-20",4.42199993133545,4.47574996948242,4.32499980926514,4.3600001335144,719148000,4.31807708740234
"2019-03-21",4.38325023651123,4.625,4.37825012207031,4.59849977493286,824312000,4.55428409576416
"2019-03-22",4.57100009918213,4.61999988555908,4.42350006103516,4.4375,747644000,4.39483165740967
"2019-03-25",4.39650011062622,4.46124982833862,4.27775001525879,4.34450006484985,525212000,4.30272579193115
"2019-03-26",4.48724985122681,4.54374980926514,4.36499977111816,4.42175006866455,703508000,4.37923192977905
"2019-03-27",4.44750022888184,4.49424982070923,4.34250020980835,4.41249990463257,474372000,4.37007188796997
"2019-03-28",4.43874979019165,4.49749994277954,4.37774991989136,4.43125009536743,480264000,4.38864135742188
"2019-03-29",4.49849987030029,4.51350021362305,4.44775009155273,4.48899984359741,456896000,4.44583606719971
"2019-04-01",4.58150005340576,4.58750009536743,4.50925016403198,4.55700016021729,483824000,4.51318168640137
"2019-04-02",4.58125019073486,4.61975002288818,4.53800010681152,4.57499980926514,440920000,4.53101062774658
"2019-04-03",4.625,4.77500009536743,4.61999988555908,4.71549987792969,783504000,4.67015838623047
"2019-04-04",4.69999980926514,4.74924993515015,4.64324998855591,4.70650005340576,457376000,4.66124486923218
"2019-04-05",4.75,4.79125022888184,4.71325016021729,4.77374982833862,481744000,4.72784900665283
"2019-04-08",4.74300003051758,4.82000017166138,4.71875,4.79475021362305,424192000,4.7486457824707
"2019-04-09",4.76100015640259,4.77225017547607,4.68900012969971,4.73150014877319,439972000,4.68600511550903
"2019-04-10",4.73075008392334,4.82849979400635,4.72625017166138,4.80249977111816,444772000,4.75632095336914
"2019-04-11",4.80499982833862,4.83675003051758,4.73874998092651,4.78849983215332,374600000,4.74245595932007
"2019-04-12",4.8274998664856,4.83150005340576,4.74149990081787,4.7502498626709,471708000,4.70457410812378
"2019-04-15",4.74249982833862,4.74749994277954,4.5774998664856,4.61749982833862,440092000,4.5730996131897
"2019-04-16",4.65700006484985,4.72424983978271,4.62400007247925,4.70524978637695,394964000,4.66000747680664
"2019-04-17",4.74049997329712,4.76149988174438,4.65974998474121,4.68225002288818,351004000,4.63722801208496
"2019-04-18",4.68900012969971,4.72324991226196,4.62949991226196,4.65749979019165,380988000,4.61271572113037
"2019-04-22",4.63374996185303,4.72749996185303,4.60200023651123,4.71175003051758,279936000,4.66644477844238
"2019-04-23",4.72499990463257,4.79825019836426,4.71525001525879,4.7667498588562,346856000,4.7209153175354
"2019-04-24",4.77724981307983,4.82025003433228,4.71600008010864,4.7792501449585,318204000,4.73329639434814
"2019-04-25",4.73874998092651,4.76125001907349,4.59250020980835,4.6727499961853,499296000,4.62781953811646
"2019-04-26",4.51774978637695,4.52225017547607,4.33249998092651,4.4522500038147,868988000,4.40944147109985
"2019-04-29",4.46024990081787,4.51125001907349,4.38749980926514,4.4832501411438,391920000,4.44014167785645
"2019-04-30",4.45074987411499,4.55074977874756,4.43149995803833,4.52500009536743,362920000,4.48149061203003
"2019-05-01",4.57775020599365,4.62025022506714,4.51149988174438,4.51175022125244,354280000,4.46836805343628
"2019-05-02",4.52150011062622,4.62174987792969,4.47800016403198,4.57975006103516,394684000,4.53571367263794
"2019-05-03",4.58825016021729,4.59824991226196,4.51324987411499,4.57525014877319,336824000,4.53125858306885
"2019-05-06",4.38749980926514,4.50850009918213,4.34999990463257,4.49625015258789,422176000,4.45301675796509
"2019-05-07",4.44750022888184,4.44750022888184,4.2792501449585,4.32775020599365,555220000,4.28613710403442
"2019-05-08",4.30000019073486,4.42875003814697,4.28800010681152,4.34800004959106,419168000,4.30619239807129
"2019-05-09",4.27850008010864,4.28824996948242,4.13500022888184,4.25474977493286,660248000,4.21383953094482
"2019-05-10",4.22375011444092,4.28975009918213,4.09999990463257,4.22049999237061,569500000,4.17991876602173
"2019-05-13",4.08750009536743,4.11075019836426,3.94525003433228,3.9612500667572,656912000,3.92316055297852
"2019-05-14",4.00124979019165,4.08650016784668,3.96224999427795,4.05100011825562,524880000,4.01204776763916
"2019-05-15",3.99499988555908,4.02624988555908,3.93525004386902,3.98950004577637,502320000,3.95113945007324
"2019-05-16",3.98399996757507,4.0477499961853,3.94125008583069,4.00474977493286,781088000,3.96624207496643
"2019-05-17",3.96250009536743,4.09275007247925,3.87350010871887,3.91324996948242,1022068000,3.87562227249146
"2019-05-20",3.81375002861023,3.86925005912781,3.76874995231628,3.79375004768372,572064000,3.75727152824402
"2019-05-21",3.85500001907349,3.89249992370605,3.81599998474121,3.87649989128113,361848000,3.83922576904297
"2019-05-22",3.83750009536743,3.86374998092651,3.79399991035461,3.8050000667572,325868000,3.76841282844543
"2019-05-23",3.74224996566772,3.74224996566772,3.62275004386902,3.68300008773804,591844000,3.64758658409119
"2019-05-24",3.70199990272522,3.73749995231628,3.62199997901917,3.62875008583069,357584000,3.59385848045349
"2019-05-28",3.64650011062622,3.67950010299683,3.58124995231628,3.58325004577637,428356000,3.5487961769104
"2019-05-29",3.53524994850159,3.57049989700317,3.47350001335144,3.50850009918213,559800000,3.47476434707642
"2019-05-30",3.50775003433228,3.54375004768372,3.43924999237061,3.4777500629425,394300000,3.44824051856995
"2019-05-31",3.4284999370575,3.49624991416931,3.38474988937378,3.38649988174438,389720000,3.35776567459106
"2019-06-03",3.39774990081787,3.43674993515015,3.31500005722046,3.34450006484985,478644000,3.31612181663513
"2019-06-04",3.40899991989136,3.58025002479553,3.38674998283386,3.57500004768372,641836000,3.54466605186462
"2019-06-05",3.64925003051758,3.65475010871887,3.49550008773804,3.53200006484985,511616000,3.50203061103821
"2019-06-06",3.53625011444092,3.61925005912781,3.53375005722046,3.59450006484985,408140000,3.56400084495544
"2019-06-07",3.60050010681152,3.67199993133545,3.58124995231628,3.63750004768372,348856000,3.60663557052612
"2019-06-10",3.69400000572205,3.77975010871887,3.69400000572205,3.71075010299683,402780000,3.67926383018494
"2019-06-11",3.77099990844727,3.80900001525879,3.72900009155273,3.76874995231628,383872000,3.73677158355713
"2019-06-12",3.72499990463257,3.73125004768372,3.6397500038147,3.65499997138977,358892000,3.62398719787598
"2019-06-13",3.67724990844727,3.72499990463257,3.65949988365173,3.70650005340576,308080000,3.67505025863647
"2019-06-14",3.61275005340576,3.63724994659424,3.57100009918213,3.6159999370575,394428000,3.58531856536865
"2019-06-17",3.61424994468689,3.66300010681152,3.59124994277954,3.62575006484985,276040000,3.59498596191406
"2019-06-18",3.6875,3.87774991989136,3.67650008201599,3.82200002670288,581920000,3.78956985473633
"2019-06-19",3.85750007629395,3.86899995803833,3.80174994468689,3.82800006866455,331644000,3.79551982879639
"2019-06-20",3.91925001144409,3.93324995040894,3.83800005912781,3.85249996185303,350168000,3.81981205940247
"2019-06-21",3.83750009536743,3.88700008392334,3.78749990463257,3.79399991035461,434428000,3.76180768013
"2019-06-24",3.81550002098083,3.84625005722046,3.76799988746643,3.81649994850159,282948000,3.78411626815796
"2019-06-25",3.8215000629425,3.8970000743866,3.78425002098083,3.78699994087219,311868000,3.75486707687378
"2019-06-26",3.9152500629425,4.04300022125244,3.90225005149841,3.98149991035461,584072000,3.94771552085876
"2019-06-27",4.06774997711182,4.09999990463257,4.0314998626709,4.08074998855591,445440000,4.04612588882446
"2019-06-28",4.125,4.13425016403198,4.05875015258789,4.10575008392334,397668000,4.07091283798218
"2019-07-01",4.31424999237061,4.34875011444092,4.11649990081787,4.1542501449585,709756000,4.11899995803833
"2019-07-02",4.13749980926514,4.15875005722046,4.04250001907349,4.05574989318848,400228000,4.0213360786438
"2019-07-03",4.0792498588562,4.08500003814697,4.00850009918213,4.06874990463257,246636000,4.03422737121582
"2019-07-05",4.01000022888184,4.0145001411438,3.94199991226196,4.00575017929077,396552000,3.97176146507263
"2019-07-08",3.94574999809265,3.96475005149841,3.90000009536743,3.9302499294281,329788000,3.89690184593201
"2019-07-09",3.88774991035461,3.96099996566772,3.875,3.93274998664856,342860000,3.89937996864319
"2019-07-10",3.97650003433228,4.05924987792969,3.96250009536743,4.00150012969971,452076000,3.96754741668701
"2019-07-11",4.07499980926514,4.19799995422363,4.03749990463257,4.15700006484985,682560000,4.12172794342041
"2019-07-12",4.18499994277954,4.26175022125244,4.18499994277954,4.19024991989136,506392000,4.15469598770142
"2019-07-15",4.21150016784668,4.22774982452393,4.15325021743774,4.18174982070923,289840000,4.14626789093018
"2019-07-16",4.16674995422363,4.2042498588562,4.12099981307983,4.17700004577637,341444000,4.14155769348145
"2019-07-17",4.17875003814697,4.2497501373291,4.14925003051758,4.24275016784668,348204000,4.20675086975098
"2019-07-18",4.25325012207031,4.31774997711182,4.19624996185303,4.25449991226196,442192000,4.21840000152588
"2019-07-19",4.29300022125244,4.29949998855591,4.20499992370605,4.21099996566772,344896000,4.17526960372925
"2019-07-22",4.23250007629395,4.2960000038147,4.22499990463257,4.28299999237061,315940000,4.24665832519531
"2019-07-23",4.32250022888184,4.39349985122681,4.30674982070923,4.3914999961853,428176000,4.35423755645752
"2019-07-24",4.43499994277954,4.47224998474121,4.3585000038147,4.46649980545044,366236000,4.42860221862793
"2019-07-25",4.42474985122681,4.4375,4.31099987030029,4.33449983596802,392700000,4.29772138595581
"2019-07-26",4.36175012588501,4.42374992370605,4.36175012588501,4.37674999237061,274160000,4.33961200714111
"2019-07-29",4.36950016021729,4.38675022125244,4.28175020217896,4.37050008773804,248160000,4.33341693878174
"2019-07-30",4.32375001907349,4.39849996566772,4.30924987792969,4.38625001907349,197772000,4.34903192520142
"2019-07-31",4.35449981689453,4.35550022125244,4.17549991607666,4.21799993515015,359416000,4.18220901489258
"2019-08-01",4.22849988937378,4.31949996948242,4.07049989700317,4.1230001449585,421212000,4.08801698684692
"2019-08-02",4.02974987030029,4.09950017929077,3.98200011253357,4.02974987030029,428348000,3.9955563545227
"2019-08-05",3.84500002861023,3.84625005722046,3.72250008583069,3.76975011825562,589156000,3.73776316642761
"2019-08-06",3.84500002861023,3.89074993133545,3.76075005531311,3.80874991416931,361272000,3.77643251419067
"2019-08-07",3.74749994277954,3.85925006866455,3.73000001907349,3.84724998474121,372560000,3.81460571289062
"2019-08-08",3.90525007247925,3.95775008201599,3.84750008583069,3.95650005340576,309300000,3.92292904853821
"2019-08-09",3.9152500629425,3.91875004768372,3.80375003814697,3.85450005531311,341816000,3.82179427146912
"2019-08-12",3.80200004577637,3.85450005531311,3.76425004005432,3.78625011444092,279200000,3.75412392616272
"2019-08-13",3.78474998474121,3.94749999046326,3.74550008773804,3.90124988555908,351956000,3.86814665794373
"2019-08-14",3.8125,3.82375001907349,3.70775008201599,3.75174999237061,419880000,3.71991562843323
"2019-08-15",3.77075004577637,3.79075002670288,3.68475008010864,3.71924996376038,477200000,3.6876916885376
"2019-08-16",3.98375010490417,4.03849983215332,3.92199993133545,3.98900008201599,1007960000,3.95515251159668
"2019-08-19",4.10300016403198,4.28550004959106,4.08675003051758,4.26949977874756,815112000,4.23327207565308
"2019-08-20",4.26399993896484,4.2645001411438,4.17549991607666,4.19675016403198,463188000,4.16113996505737
"2019-08-21",4.26324987411499,4.33624982833862,4.24149990081787,4.28074979782104,427244000,4.24442768096924
"2019-08-22",4.29050016403198,4.33325004577637,4.24749994277954,4.28700017929077,303488000,4.25062465667725
"2019-08-23",4.21000003814697,4.2647500038147,4.04099988937378,4.06099987030029,568056000,4.02654218673706
"2019-08-26",4.14025020599365,4.16450023651123,4.09775018692017,4.13625001907349,318208000,4.10115528106689
"2019-08-27",4.17474985122681,4.17749977111816,4.01550006866455,4.04500007629395,290968000,4.01067733764648
"2019-08-28",4.0145001411438,4.08349990844727,3.97499990463257,4.03049993515015,255612000,4.00025749206543
"2019-08-29",4.12249994277954,4.20749998092651,4.11899995803833,4.17500019073486,357976000,4.14367151260376
"2019-08-30",4.22149991989136,4.27150011062622,4.16949987411499,4.1877498626709,290616000,4.15632677078247
"2019-09-03",4.11450004577637,4.14774990081787,4.08125019073486,4.10424995422363,296140000,4.07345390319824
"2019-09-04",4.16524982452393,4.22650003433228,4.16524982452393,4.2189998626709,227728000,4.18734169006348
"2019-09-05",4.32175016403198,4.4997501373291,4.32000017166138,4.49350023269653,695676000,4.45978355407715
"2019-09-06",4.46999979019165,4.52724981307983,4.42799997329712,4.46624994277954,376976000,4.43273687362671
"2019-09-09",4.49749994277954,4.59950017929077,4.49599981307983,4.51249980926514,417524000,4.47864007949829
"2019-09-10",4.47949981689453,4.60624980926514,4.46974992752075,4.57950019836426,352812000,4.54513788223267
"2019-09-11",4.59425020217896,4.65675020217896,4.56500005722046,4.6082501411438,361512000,4.57367134094238
"2019-09-12",4.65500020980835,4.71000003814697,4.59875011444092,4.60675001144409,327840000,4.57218265533447
"2019-09-13",4.53975009918213,4.5770001411438,4.50449991226196,4.54850006103516,324592000,4.51436948776245
"2019-09-16",4.47300004959106,4.53999996185303,4.46250009536743,4.50524997711182,231832000,4.47144603729248
"2019-09-17",4.51200008392334,4.5310001373291,4.46525001525879,4.52675008773804,223048000,4.49278450012207
"2019-09-18",4.51975011825562,4.53550004959106,4.41249990463257,4.49949979782104,258152000,4.46573972702026
"2019-09-19",4.50549983978271,4.52400016784668,4.41274976730347,4.42350006103516,245476000,4.3903079032898
"2019-09-20",4.4225001335144,4.44624996185303,4.30700016021729,4.31724977493286,350244000,4.28485488891602
"2019-09-23",4.31750011444092,4.41674995422363,4.31374979019165,4.37099981307983,249712000,4.33820104598999
"2019-09-24",4.40250015258789,4.43225002288818,4.27750015258789,4.31325006484985,317268000,4.28088569641113
"2019-09-25",4.3127498626709,4.47550010681152,4.26774978637695,4.45574998855591,308432000,4.42231607437134
"2019-09-26",4.44600009918213,4.45475006103516,4.38224983215332,4.43349981307983,234564000,4.40023231506348
"2019-09-27",4.3914999961853,4.44250011444092,4.23299980163574,4.29400014877319,362056000,4.26177978515625
"2019-09-30",4.32000017166138,4.36199998855591,4.28849983215332,4.35174989700317,186184000,4.31909704208374
"2019-10-01",4.375,4.52500009536743,4.34525012969971,4.34999990463257,366008000,4.31735897064209
"2019-10-02",4.32800006866455,4.34000015258789,4.25325012207031,4.32600021362305,293372000,4.29354000091553
"2019-10-03",4.33050012588501,4.53900003433228,4.30000019073486,4.53275012969971,450588000,4.49873876571655
"2019-10-04",4.53499984741211,4.5787501335144,4.46950006484985,4.54925012588501,265524000,4.51511526107788
"2019-10-07",4.61450004577637,4.70849990844727,4.60575008392334,4.6082501411438,480984000,4.57367134094238
"2019-10-08",4.51599979400635,4.51599979400635,4.41249990463257,4.43074989318848,444436000,4.3975043296814
"2019-10-09",4.50799989700317,4.56750011444092,4.47900009155273,4.51774978637695,292412000,4.48385095596313
"2019-10-10",4.51550006866455,4.6269998550415,4.51025009155273,4.57574987411499,309124000,4.54141521453857
"2019-10-11",4.66025018692017,4.7335000038147,4.6412501335144,4.64975023269653,446404000,4.61486053466797
"2019-10-14",4.64099979400635,4.68424987792969,4.60974979400635,4.66324996948242,200040000,4.62825775146484
"2019-10-15",4.75400018692017,4.98225021362305,4.73999977111816,4.90924978256226,664124000,4.87241363525391
"2019-10-16",4.875,4.98050022125244,4.84375,4.85524988174438,428944000,4.81881809234619
"2019-10-17",4.90000009536743,4.94525003433228,4.80249977111816,4.85725021362305,263436000,4.82080221176147
"2019-10-18",4.85774993896484,4.89050006866455,4.6875,4.76224994659424,307440000,4.72651672363281
"2019-10-21",4.82399988174438,4.91375017166138,4.80499982833862,4.90024995803833,261868000,4.86348104476929
"2019-10-22",4.95749998092651,5.06325006484985,4.88250017166138,4.89025020599365,328720000,4.85355710983276
"2019-10-23",4.80775022506714,4.8914999961853,4.77575016021729,4.87725019454956,279916000,4.84065389633179
"2019-10-24",4.91874980926514,4.95524978637695,4.88450002670288,4.92150020599365,232020000,4.88457155227661
"2019-10-25",5.00250005722046,5.13450002670288,4.99475002288818,5.11350011825562,423092000,5.07513046264648
"2019-10-28",5.15749979019165,5.22249984741211,5.12799978256226,5.16975021362305,330792000,5.13095808029175
"2019-10-29",5.15574979782104,5.16225004196167,5.05350017547607,5.07299995422363,211236000,5.03493452072144
"2019-10-30",5.09999990463257,5.10575008392334,5.00649976730347,5.07499980926514,205960000,5.03692007064819
"2019-10-31",5.05399990081787,5.07499980926514,4.94525003433228,5.02549982070923,209732000,4.98779010772705
"2019-11-01",4.98999977111816,5.09724998474121,4.96474981307983,5.06475019454956,283640000,5.02674722671509
"2019-11-04",5.14624977111816,5.27500009536743,5.1230001449585,5.26249980926514,376716000,5.2230110168457
"2019-11-05",5.26224994659424,5.28849983215332,5.19199991226196,5.24025011062622,300868000,5.20092868804932
"2019-11-06",5.21600008010864,5.24174976348877,5.10274982452393,5.19075012207031,269012000,5.15180158615112
"2019-11-07",5.27775001525879,5.29250001907349,5.16349983215332,5.20849990844727,280340000,5.16941785812378
"2019-11-08",5.19150018692017,5.22625017166138,5.15374994277954,5.19449996948242,189100000,5.15552234649658
"2019-11-11",5.19374990463257,5.22774982452393,5.10699987411499,5.20450019836426,243436000,5.16544771194458
"2019-11-12",5.24300003051758,5.29650020599365,5.20774984359741,5.24025011062622,283504000,5.20092868804932
"2019-11-13",5.20874977111816,5.23649978637695,5.14750003814697,5.21425008773804,300188000,5.17512464523315
"2019-11-14",5.22324991226196,5.24700021743774,5.16300010681152,5.24475002288818,518080000,5.20539569854736
"2019-11-15",5.24249982833862,5.29449987411499,5.01599979400635,5.10475015640259,1053628000,5.06644725799561
"2019-11-18",5.09724998474121,5.33374977111816,5.09425020217896,5.30700016021729,574588000,5.26718044281006
"2019-11-19",5.27575016021729,5.29949998855591,5.1412501335144,5.19974994659424,414564000,5.16073226928711
"2019-11-20",5.17675018310547,5.36374998092651,5.16400003433228,5.27950000762939,472588000,5.2398853302002
"2019-11-21",5.27500009536743,5.33099985122681,5.23274993896484,5.25449991226196,288388000,5.21507215499878
"2019-11-22",5.27724981307983,5.32399988174438,5.24849987030029,5.27225017547607,224100000,5.23268938064575
"2019-11-25",5.40100002288818,5.53525018692017,5.38800001144409,5.53025007247925,506476000,5.48875379562378
"2019-11-26",5.51249980926514,5.51725006103516,5.41849994659424,5.42500019073486,385244000,5.38429355621338
"2019-11-27",5.4667501449585,5.50124979019165,5.42950010299683,5.45599985122681,215784000,5.4190559387207
"2019-11-29",5.42500019073486,5.45349979400635,5.39449977874756,5.41849994659424,141556000,5.38181018829346
"2019-12-02",5.41149997711182,5.42500019073486,5.21600008010864,5.23124980926514,372036000,5.19582891464233
"2019-12-03",5.04675006866455,5.19549989700317,5.00925016403198,5.19150018692017,465232000,5.15634679794312
"2019-12-04",5.27549982070923,5.2979998588562,5.20674991607666,5.2354998588562,273424000,5.20004987716675
"2019-12-05",5.25750017166138,5.27325010299683,5.1877498626709,5.2185001373291,184884000,5.18316411972046
"2019-12-06",5.28800010681152,5.33725023269653,5.27799987792969,5.30424976348877,232236000,5.26833343505859
"2019-12-09",5.28125,5.35925006866455,5.27250003814697,5.30424976348877,211880000,5.26833343505859
"2019-12-10",5.33449983596802,5.40150022506714,5.2814998626709,5.34950017929077,256388000,5.31327772140503
"2019-12-11",5.3600001335144,5.43900012969971,5.35750007629395,5.43349981307983,233796000,5.39670848846436
"2019-12-12",5.40450000762939,5.61999988555908,5.39550018310547,5.60174989700317,404348000,5.56381940841675
"2019-12-13",5.60475015640259,5.72450017929077,5.54549980163574,5.59975004196167,454704000,5.56183338165283
"2019-12-16",5.64750003814697,5.70149993896484,5.61924982070923,5.62874984741211,320976000,5.59063816070557
"2019-12-17",5.64750003814697,5.73000001907349,5.63800001144409,5.70725011825562,321196000,5.66860437393188
"2019-12-18",5.74224996566772,5.79850006103516,5.7337498664856,5.73775005340576,343548000,5.69889736175537
"2019-12-19",5.77250003814697,5.90000009536743,5.76749992370605,5.88649988174438,445360000,5.84664058685303
"2019-12-20",5.95324993133545,6.00974988937378,5.93400001525879,5.98425006866455,603044000,5.94372892379761
"2019-12-23",6.01300001144409,6.04524993896484,5.95975017547607,5.9704999923706,355060000,5.93007278442383
"2019-12-24",5.95499992370605,5.98274993896484,5.92049980163574,5.96549987792969,138864000,5.92510747909546
"2019-12-26",5.9689998626709,6.00799989700317,5.94999980926514,5.97975015640259,182852000,5.93925905227661
"2019-12-27",5.99499988555908,6.00850009918213,5.89524984359741,5.92175006866455,254644000,5.8816499710083
"2019-12-30",5.89975023269653,5.90500020980835,5.77650022506714,5.80800008773804,258056000,5.76867246627808
"2019-12-31",5.77250003814697,5.89200019836426,5.75325012207031,5.88250017166138,231004000,5.84266757965088
"2020-01-02",5.96875,5.99774980545044,5.91800022125244,5.99774980545044,237536000,5.95713806152344
"2020-01-03",5.87750005722046,5.94575023651123,5.85249996185303,5.90175008773804,205384000,5.86178779602051
"2020-01-06",5.80800008773804,5.93174982070923,5.78175020217896,5.92649984359741,262636000,5.88637018203735
"2020-01-07",5.95499992370605,6.04425001144409,5.90974998474121,5.9982500076294,314856000,5.95763397216797
"2020-01-08",5.99399995803833,6.05100011825562,5.9537501335144,6.00950002670288,277108000,5.96880912780762
"2020-01-09",6.09625005722046,6.14825010299683,6.02150011062622,6.07550001144409,255112000,6.03436088562012
"2020-01-10",6.18324995040894,6.21374988555908,6.09375,6.10799980163574,316296000,6.06664085388184
"2020-01-13",6.19150018692017,6.32474994659424,6.16874980926514,6.29949998855591,319840000,6.25684499740601
"2020-01-14",6.25649976730347,6.28200006484985,6.16874980926514,6.18200016021729,359088000,6.14014005661011
"2020-01-15",6.19474983215332,6.21724987030029,6.11324977874756,6.13924980163574,263104000,6.09767961502075
"2020-01-16",6.19299983978271,6.22924995422363,6.16949987411499,6.22324991226196,284192000,6.1811113357544
"2020-01-17",6.24249982833862,6.25,6.18424987792969,6.23199987411499,253792000,6.18980169296265
"2020-01-21",6.19525003433228,6.23225021362305,6.16424989700317,6.19850015640259,217916000,6.15652894973755
"2020-01-22",6.24399995803833,6.33974981307983,6.22499990463257,6.25274991989136,239240000,6.21041059494019
"2020-01-23",6.29300022125244,6.32999992370605,6.2037501335144,6.32149982452393,244516000,6.27869462966919
"2020-01-24",6.4375,6.48750019073486,6.20749998092651,6.26200008392334,373512000,6.21959829330444
"2020-01-27",5.95599985122681,6.05625009536743,5.80574989318848,6.00500011444092,470536000,5.9643383026123
"2020-01-28",6.07124996185303,6.23175001144409,6.01774978637695,6.19925022125244,310976000,6.15727376937866
"2020-01-29",6.18475008010864,6.22100019454956,6.09849977493286,6.13850021362305,258848000,6.0969352722168
"2020-01-30",6.04024982452393,6.15875005722046,5.9850001335144,6.14524984359741,290504000,6.10363864898682
"2020-01-31",6.09924983978271,6.11124992370605,5.86875009536743,5.91074991226196,370420000,5.87072610855103
"2020-02-03",5.89249992370605,6.02775001525879,5.88625001907349,6.00825023651123,255564000,5.96756792068481
"2020-02-04",6.15075016021729,6.19750022888184,6.10050010681152,6.17824983596802,271544000,6.13641548156738
"2020-02-05",6.29974985122681,6.30999994277954,6.18524980545044,6.26900005340576,208220000,6.22655057907104
"2020-02-06",6.30350017547607,6.35624980926514,6.22200012207031,6.35624980926514,218284000,6.31321001052856
"2020-02-07",6.31599998474121,6.33825016021729,6.26424980163574,6.28975009918213,189752000,6.24715995788574
"2020-02-10",6.3125,6.57499980926514,6.30749988555908,6.57425022125244,529608000,6.52973556518555
"2020-02-11",6.68300008773804,6.8125,6.62074995040894,6.69724988937378,638556000,6.6519021987915
"2020-02-12",6.7502498626709,6.82000017166138,6.71124982833862,6.81349992752075,374644000,6.76736497879028
"2020-02-13",6.75524997711182,6.83699989318848,6.72774982452393,6.76949977874756,528016000,6.72366189956665
"2020-02-14",7.18149995803833,7.37424993515015,7.15000009536743,7.24475002288818,1041924000,7.19569444656372
"2020-02-18",7.14099979400635,7.43275022506714,7.12150001525879,7.41424989700317,620164000,7.36404705047607
"2020-02-19",7.53725004196167,7.88525009155273,7.53725004196167,7.86749982833862,694332000,7.81422758102417
"2020-02-20",7.81925010681152,7.9079999923706,7.40875005722046,7.71750020980835,810052000,7.66524362564087
"2020-02-21",7.60475015640259,7.63000011444092,7.2664999961853,7.35174989700317,768180000,7.30196905136108
"2020-02-24",6.75474977493286,7.04675006866455,6.69999980926514,6.83199977874756,856916000,6.78573846817017
"2020-02-25",6.90749979019165,6.96974992752075,6.44899988174438,6.55124998092651,1055496000,6.50689029693604
"2020-02-26",6.55149984359741,6.88625001907349,6.55000019073486,6.69124984741211,747732000,6.64594173431396
"2020-02-27",6.37249994277954,6.67500019073486,6.22224998474121,6.31500005722046,906416000,6.27599191665649
"2020-02-28",6.06150007247925,6.81150007247925,6.04475021362305,6.7517499923706,1133252000,6.71004390716553
"2020-03-02",6.9225001335144,6.93975019454956,6.52500009536743,6.91074991226196,890744000,6.86806106567383
"2020-03-03",6.9667501449585,7.02675008773804,6.56150007247925,6.64725017547607,652792000,6.60618782043457
"2020-03-04",6.75500011444092,7.12225008010864,6.67999982833862,7.11275005340576,597408000,7.06881284713745
"2020-03-05",6.91249990463257,7.07999992370605,6.78749990463257,6.83225011825562,540328000,6.79004573822021
"2020-03-06",6.65199995040894,6.70975017547607,6.44999980926514,6.65100002288818,515412000,6.60991525650024
"2020-03-09",5.99749994277954,6.4850001335144,5.95450019836426,6.13600015640259,614160000,6.09809637069702
"2020-03-10",6.41349983215332,6.52699995040894,6.14975023269653,6.52699995040894,580648000,6.48668193817139
"2020-03-11",6.38649988174438,6.41499996185303,6.0642499923706,6.16174983978271,499964000,6.12368726730347
"2020-03-12",5.63649988174438,5.90299987792969,5.39499998092651,5.40775012969971,816540000,5.3743462562561
"2020-03-13",5.76249980926514,6.02549982070923,5.49025011062622,6.02099990844727,634836000,5.98380613327026
"2020-03-16",5.31024980545044,5.65250015258789,4.84999990463257,4.90999984741211,726972000,4.87966966629028
"2020-03-17",5.02274990081787,5.52150011062622,4.77500009536743,5.43174982070923,833632000,5.39819717407227
"2020-03-18",5.00250005722046,5.24849987030029,4.51700019836426,5.07049989700317,874268000,5.03917932510376
"2020-03-19",5.04899978637695,5.41825008392334,4.83475017547607,5.32425022125244,765512000,5.2913613319397
"2020-03-20",5.47499990463257,5.75799989700317,5.12825012207031,5.14375019073486,804636000,5.11197662353516
"2020-03-23",5.14274978637695,5.41200017929077,4.96299982070923,5.31724977493286,643876000,5.28440380096436
"2020-03-24",5.72499990463257,6.31650018692017,5.70125007629395,6.22949981689453,1101644000,6.1910195350647
"2020-03-25",6.34499979019165,6.54549980163574,6.09149980545044,6.14050006866455,793432000,6.10256958007812
"2020-03-26",6.34849977493286,6.55550003051758,6.25,6.43100023269653,696108000,6.39127540588379
"2020-03-27",6.25,6.57800006866455,6.2170000076294,6.31825017929077,638828000,6.27922058105469
"2020-03-30",6.38399982452393,6.64900016784668,6.33974981307983,6.6397500038147,602252000,6.59873628616333
"2020-03-31",6.67999982833862,6.88500022888184,6.44374990463257,6.59000015258789,949960000,6.54929351806641
"2020-04-01",6.3912501335144,6.53824996948242,6.03200006484985,6.07674980163574,656912000,6.03921222686768
"2020-04-02",6.10599994659424,6.40000009536743,6.05775022506714,6.38675022125244,675764000,6.34729766845703
"2020-04-03",6.34899997711182,6.39074993133545,5.95975017547607,6.09775018692017,663212000,6.06008338928223
"2020-04-06",6.38100004196167,6.74700021743774,6.32324981689453,6.71000003814697,727884000,6.66855049133301
"2020-04-07",6.93249988555908,6.95625019073486,6.43249988555908,6.47574996948242,784520000,6.43574857711792
"2020-04-08",6.58524990081787,6.69875001907349,6.5149998664856,6.67374992370605,542444000,6.63252639770508
"2020-04-09",6.80000019073486,6.82299995422363,6.51049995422363,6.57375001907349,525564000,6.53314161300659
"2020-04-13",6.51375007629395,6.75500011444092,6.42500019073486,6.74625015258789,398408000,6.70457696914673
"2020-04-14",6.875,7.13299989700317,6.84724998474121,7.09875011444092,530948000,7.0548996925354
"2020-04-15",6.92999982833862,7.10424995422363,6.88450002670288,7.02099990844727,366148000,6.97763156890869
"2020-04-16",7.17700004577637,7.47499990463257,7.16375017166138,7.36749982833862,745620000,7.32199048995972
"2020-04-17",7.44999980926514,7.47149991989136,7.17350006103516,7.30800008773804,539120000,7.26285696029663
"2020-04-20",7.18100023269653,7.33750009536743,7.13175010681152,7.17624998092651,449388000,7.13192176818848
"2020-04-21",7.05775022506714,7.11924982070923,6.67775011062622,6.73775005340576,735160000,6.69612884521484
"2020-04-22",6.93074989318848,7.19675016403198,6.88500022888184,7.15374994277954,483356000,7.10956001281738
"2020-04-23",7.19600009918213,7.32849979400635,7.07499980926514,7.10024976730347,424160000,7.05639123916626
"2020-04-24",7.09000015258789,7.24174976348877,7.0149998664856,7.23974990844727,352328000,7.19502973556519
"2020-04-27",7.3747501373291,7.58750009536743,7.34999990463257,7.42700004577637,479388000,7.38112258911133
"2020-04-28",7.57499980926514,7.60500001907349,7.27850008010864,7.28399991989136,442904000,7.23900604248047
"2020-04-29",7.41925001144409,7.5145001411438,7.34375,7.46150016784668,379160000,7.41540956497192
"2020-04-30",7.40724992752075,7.46150016784668,7.29300022125244,7.30700016021729,375916000,7.26186370849609
"2020-05-01",7.1087498664856,7.22249984741211,7.02099990844727,7.06949996948242,342096000,7.02583026885986
"2020-05-04",7.02199983596802,7.2960000038147,7.02199983596802,7.28224992752075,317556000,7.23726654052734
"2020-05-05",7.38675022125244,7.50675010681152,7.28224992752075,7.3435001373291,368896000,7.29813861846924
"2020-05-06",7.42325019836426,7.55000019073486,7.38525009155273,7.44474983215332,323464000,7.39876222610474
"2020-05-07",7.58449983596802,7.68524980545044,7.5329999923706,7.62174987792969,373732000,7.57466888427734
"2020-05-08",7.69374990463257,7.81874990463257,7.65974998474121,7.8125,339216000,7.7642412185669
"2020-05-11",7.80749988555908,8.11250019073486,7.77874994277954,8.06550025939941,469060000,8.01567840576172
"2020-05-12",8.12349987030029,8.17249965667725,7.79274988174438,7.80249977111816,493060000,7.75430345535278
"2020-05-13",7.91750001907349,8.07849979400635,7.59474992752075,7.78000020980835,625852000,7.73194217681885
"2020-05-14",7.8417501449585,8.03600025177002,7.6875,8.0305004119873,602312000,7.98089504241943
"2020-05-15",7.8897500038147,8.5004997253418,7.87400007247925,8.49075031280518,987660000,8.43830013275146
"2020-05-18",8.76049995422363,8.91650009155273,8.68050003051758,8.7502498626709,774460000,8.69619846343994
"2020-05-19",8.79024982452393,9.08749961853027,8.76274967193604,8.80550003051758,717320000,8.7511100769043
"2020-05-20",8.99100017547607,9.04300022125244,8.88875007629395,8.97000026702881,587536000,8.91459083557129
"2020-05-21",9.05150032043457,9.05249977111816,8.73750019073486,8.77525043487549,761068000,8.72104358673096
"2020-05-22",8.82524967193604,9.0930004119873,8.71325016021729,9.02624988555908,1038764000,8.97049427032471
"2020-05-26",9.1567497253418,9.18175029754639,8.67199993133545,8.71774959564209,770780000,8.66389846801758
"2020-05-27",8.625,8.63274955749512,7.99674987792969,8.52525043487549,1175892000,8.47258853912354
"2020-05-28",8.41224956512451,8.76049995422363,8.37924957275391,8.48700046539307,734896000,8.43457698822021
"2020-05-29",8.55449962615967,8.8754997253418,8.48499965667725,8.8754997253418,745256000,8.82067489624023
"2020-06-01",8.83325004577637,8.84074974060059,8.6894998550415,8.80624961853027,389876000,8.75185298919678
"2020-06-02",8.79625034332275,8.83724975585938,8.6579999923706,8.82524967193604,391320000,8.77073287963867
"2020-06-03",8.82225036621094,8.86625003814697,8.69999980926514,8.76949977874756,365440000,8.71532821655273
"2020-06-04",8.72799968719482,8.94324970245361,8.67749977111816,8.76650047302246,424280000,8.7163257598877
"2020-06-05",8.79450035095215,8.99699974060059,8.70800018310547,8.92000007629395,481748000,8.86894798278809
"2020-06-08",8.8772497177124,8.88974952697754,8.6857500076294,8.80500030517578,387736000,8.75460529327393
"2020-06-09",8.80000019073486,9.10974979400635,8.75125026702881,9.04599952697754,468488000,8.99422359466553
"2020-06-10",9.16775035858154,9.5,9.15349960327148,9.36674976348877,632180000,9.31313800811768
"2020-06-11",9.14999961853027,9.26124954223633,8.78600025177002,8.79625034332275,583652000,8.74590396881104
"2020-06-12",9.16250038146973,9.1872501373291,8.70324993133545,8.93249988555908,570908000,8.88137340545654
"2020-06-15",8.81525039672852,9.18225002288818,8.74374961853027,9.17374992370605,400004000,9.12124061584473
"2020-06-16",9.22500038146973,9.26675033569336,8.83874988555908,9.06849956512451,535716000,9.01659488677979
"2020-06-17",9.11375045776367,9.29899978637695,9.07024955749512,9.23600006103516,408304000,9.18313598632812
"2020-06-18",9.22700023651123,9.28250026702881,9.11450004577637,9.2180004119873,254408000,9.16524124145508
"2020-06-19",9.24250030517578,9.44499969482422,9.22725009918213,9.26124954223633,524160000,9.20824432373047
"2020-06-22",9.30000019073486,9.53125,9.27324962615967,9.52674961090088,398468000,9.47222328186035
"2020-06-23",9.55099964141846,9.64249992370605,9.40750026702881,9.44999980926514,375108000,9.39591121673584
"2020-06-24",9.47624969482422,9.55650043487549,9.14449977874756,9.23550033569336,449372000,9.18264007568359
"2020-06-25",9.35575008392334,9.50500011444092,9.18225002288818,9.48999977111816,376072000,9.43568134307861
"2020-06-26",9.5,9.5,9.125,9.15499973297119,592084000,9.10259914398193
"2020-06-29",9.16975021362305,9.20450019836426,8.89999961853027,9.19999980926514,342248000,9.14734077453613
"2020-06-30",9.31400012969971,9.52624988555908,9.26650047302246,9.4977502822876,367892000,9.44338798522949
"2020-07-01",9.52075004577637,9.57575035095215,9.41300010681152,9.52999973297119,326648000,9.47545719146729
"2020-07-02",9.63899993896484,9.73750019073486,9.57824993133545,9.61225032806396,364056000,9.5572338104248
"2020-07-06",9.74174976348877,9.9087495803833,9.71249961853027,9.83924961090088,315892000,9.78293323516846
"2020-07-07",9.94624996185303,10.0699996948242,9.85074996948242,9.87174987792969,357800000,9.81524658203125
"2020-07-08",9.99374961853027,10.2250003814697,9.96549987792969,10.2159996032715,365480000,10.1575260162354
"2020-07-09",10.3802499771118,10.5699996948242,10.2334995269775,10.5089998245239,494548000,10.4488496780396
"2020-07-10",10.5887498855591,10.6552495956421,10.3787498474121,10.4792499542236,497676000,10.4192714691162
"2020-07-13",10.5950002670288,10.7922496795654,10.0249996185303,10.0522499084473,457076000,9.99471378326416
"2020-07-14",10.0749998092651,10.4027500152588,9.78549957275391,10.3769998550415,542676000,10.3176078796387
"2020-07-15",10.4142503738403,10.4329996109009,10.0557498931885,10.2272500991821,403984000,10.1687154769897
"2020-07-16",10.0150003433228,10.2067499160767,9.89550018310547,10.1347503662109,344964000,10.0767431259155
"2020-07-17",10.2255001068115,10.2484998703003,10.0877504348755,10.2014999389648,266284000,10.1431112289429
"2020-07-20",10.2742500305176,10.53125,10.1567497253418,10.5107498168945,284852000,10.4505910873413
"2020-07-21",10.5129995346069,10.5600004196167,10.2867498397827,10.3284997940063,277036000,10.2693853378296
"2020-07-22",10.3675003051758,10.602499961853,10.2915000915527,10.4387502670288,367292000,10.3790006637573
"2020-07-23",10.4499998092651,10.5469999313354,10.03125,10.12975025177,411660000,10.0717687606812
"2020-07-24",9.875,10.3647499084473,9.77700042724609,10.1944999694824,473292000,10.1361484527588
"2020-07-27",10.232250213623,10.4417495727539,10.2177495956421,10.4215002059937,292132000,10.361852645874
"2020-07-28",10.3742504119873,10.3819999694824,10.2092504501343,10.2154998779297,271636000,10.1570291519165
"2020-07-29",10.3907499313354,10.5162496566772,10.3470001220703,10.4654998779297,284508000,10.4055986404419
"2020-07-30",10.375,10.6230001449585,10.2952499389648,10.6140003204346,308880000,10.5532484054565
"2020-07-31",10.5632495880127,10.7665004730225,10.4329996109009,10.6147499084473,386080000,10.5539951324463
"2020-08-03",10.7325000762939,11.0987501144409,10.7152500152588,11.0102500915527,412720000,10.9472322463989
"2020-08-04",11.0500001907349,11.2277498245239,10.9060001373291,11.2277498245239,310336000,11.1634855270386
"2020-08-05",11.2440004348755,11.3717498779297,11.1662502288818,11.2867498397827,249924000,11.2221479415894
"2020-08-06",11.3497495651245,11.3579998016357,11.178750038147,11.3354997634888,244316000,11.270619392395
"2020-08-07",11.3125,11.50475025177,11.0375003814697,11.1995000839233,342516000,11.1354026794434
"2020-08-10",11.3342504501343,11.4082498550415,10.856499671936,11.164999961853,427796000,11.1010971069336
"2020-08-11",11.0737495422363,11.1367502212524,10.7957496643066,10.8500003814697,354512000,10.787899017334
"2020-08-12",10.9907503128052,11.4670000076294,10.9582500457764,11.4402503967285,464412000,11.3747692108154
"2020-08-13",11.5459995269775,11.7217502593994,11.3557500839233,11.4429998397827,374460000,11.3775053024292
"2020-08-14",11.5299997329712,11.7047500610352,11.4405002593994,11.5640001296997,366436000,11.4978113174438
"2020-08-17",11.8512496948242,12.4097499847412,11.81725025177,12.3369998931885,621300000,12.2663898468018
"2020-08-18",12.4499998092651,12.496000289917,12.0862503051758,12.2607498168945,503448000,12.1905736923218
"2020-08-19",12.2965002059937,12.3149995803833,12.0979995727539,12.138500213623,622624000,12.0690240859985
"2020-08-20",11.9750003814697,12.375,11.8787498474121,12.1409997940063,921388000,12.0715112686157
"2020-08-21",12.2017498016357,12.8087501525879,12.1952495574951,12.683500289917,999868000,12.6109018325806
"2020-08-24",12.883749961853,12.9125003814697,12.5074996948242,12.7202501296997,490564000,12.6474466323853
"2020-08-25",12.6307497024536,12.7612495422363,12.5737495422363,12.75,289076000,12.6770238876343
"2020-08-26",12.7992496490479,12.8684997558594,12.6777496337891,12.7729997634888,321244000,12.6998920440674
"2020-08-27",12.7814998626709,12.8500003814697,12.566499710083,12.6282501220703,317604000,12.5559740066528
"2020-08-28",12.6750001907349,13.1479997634888,12.6424999237061,13.1477499008179,537160000,13.0724973678589
"2020-08-31",13.18274974823,13.5749998092651,13.0377502441406,13.3745002746582,500840000,13.2979507446289
"2020-09-01",13.4799995422363,13.9937496185303,13.4364995956421,13.8210000991821,511316000,13.7460060119629
"2020-09-02",14.7037496566772,14.7267503738403,13.8999996185303,14.3465003967285,874012000,14.2686567306519
"2020-09-03",13.8287496566772,13.8844995498657,12.8787498474121,13.0155000686646,945128000,12.9448757171631
"2020-09-04",12.7837495803833,13.1750001907349,11.7047500610352,12.6225004196167,1463684000,12.5540084838867
"2020-09-08",11.7344999313354,12.5500001907349,11.7042503356934,11.9130001068115,795728000,11.8483591079712
"2020-09-09",12.3999996185303,12.8092498779297,12.2317495346069,12.7150001525879,736200000,12.6460075378418
"2020-09-10",12.9892501831055,13.0652503967285,12.1669998168945,12.3117504119873,698684000,12.244945526123
"2020-09-11",12.4855003356934,12.6525001525879,11.8957500457764,12.1645002365112,636928000,12.0984945297241
"2020-09-14",13.081000328064,13.3149995803833,12.6312503814697,12.8722496032715,1201744000,12.8024044036865
"2020-09-15",13.2799997329712,13.2987499237061,12.8277502059937,12.9910001754761,727556000,12.9205102920532
"2020-09-16",12.9572496414185,13.0927495956421,12.5137500762939,12.5144996643066,556384000,12.4465951919556
"2020-09-17",12.1322498321533,12.589750289917,12.0347499847412,12.4635000228882,792512000,12.3958711624146
"2020-09-18",12.59375,12.6324996948242,11.9887504577637,12.1892499923706,698460000,12.1231079101562
"2020-09-21",11.9250001907349,12.522500038147,11.9045000076294,12.5172500610352,721044000,12.4493274688721
"2020-09-22",12.5749998092651,12.6479997634888,12.1555004119873,12.637749671936,646452000,12.5691766738892
"2020-09-23",12.5754995346069,12.7270002365112,12.0792503356934,12.1237497329712,647012000,12.0579662322998
"2020-09-24",12.0722503662109,12.5694999694824,12.0139999389648,12.3479995727539,731240000,12.2809982299805
"2020-09-25",12.4475002288818,12.8835000991821,12.2457504272461,12.8737497329712,588016000,12.8038949966431
"2020-09-28",13.0402498245239,13.0517501831055,12.75,13.0349998474121,573808000,12.9642696380615
"2020-09-29",12.9375,13.4427499771118,12.9332504272461,13.2257499694824,621460000,13.1539850234985
"2020-09-30",13.1575002670288,13.6225004196167,13.1502504348755,13.5305004119873,689184000,13.4570817947388
"2020-10-01",13.7580003738403,13.762749671936,13.4607496261597,13.6145000457764,525004000,13.5406265258789
"2020-10-02",13.2250003814697,13.5194997787476,13.0509996414185,13.0622501373291,552496000,12.9913730621338
"2020-10-05",13.2360000610352,13.6442499160767,13.222749710083,13.6424999237061,479820000,13.5684757232666
"2020-10-06",13.8299999237061,14.1420001983643,13.664999961853,13.736499786377,784420000,13.6619625091553
"2020-10-07",13.9997501373291,14.1192502975464,13.8634996414185,13.96399974823,418084000,13.8882293701172
"2020-10-08",14.0749998092651,14.0845003128052,13.7580003738403,13.8387498855591,378900000,13.7636575698853
"2020-10-09",13.7670001983643,13.8242502212524,13.6607503890991,13.762749671936,346892000,13.6880731582642
"2020-10-12",13.9895000457764,14.3470001220703,13.9125003814697,14.2259998321533,434744000,14.1488075256348
"2020-10-13",14.2965002059937,14.34850025177,14.0187501907349,14.2482500076294,344604000,14.170934677124
"2020-10-14",14.2904996871948,14.3427495956421,13.960000038147,14.0952501296997,276100000,14.0187664031982
"2020-10-15",13.8107500076294,14.0057497024536,13.767749786377,13.9700002670288,267224000,13.8941974639893
"2020-10-16",14.0367498397827,14.1215000152588,13.7924995422363,13.8114995956421,242392000,13.7365579605103
"2020-10-19",13.9029998779297,13.9834995269775,13.4067497253418,13.4977502822876,298068000,13.4245090484619
"2020-10-20",13.5834999084473,13.799750328064,13.5069999694824,13.6455001831055,229212000,13.571457862854
"2020-10-21",13.625,13.7915000915527,13.477499961853,13.5247497558594,219596000,13.451361656189
"2020-10-22",13.522500038147,13.6117496490479,13.2317495346069,13.3610000610352,290480000,13.2885007858276
"2020-10-23",13.4499998092651,13.5932502746582,13.2912502288818,13.5902500152588,233484000,13.516508102417
"2020-10-26",13.4270000457764,13.6927499771118,13.0384998321533,13.1412496566772,336896000,13.0699453353882
"2020-10-27",13.3059997558594,13.4420003890991,13.191499710083,13.3967504501343,250520000,13.3240585327148
"2020-10-28",13.1979999542236,13.2600002288818,12.6090002059937,12.6269998550415,376520000,12.5584831237793
"2020-10-29",12.8385000228882,13.1927499771118,12.75,13.0240001678467,320080000,12.9533309936523
"2020-10-30",12.8500003814697,12.9364995956421,12.3000001907349,12.5340003967285,416820000,12.4659872055054
"2020-11-02",12.6577501296997,12.8367500305176,12.3950004577637,12.5807504653931,299652000,12.5124845504761
"2020-11-03",12.7084999084473,13.1049995422363,12.6027498245239,13.0194997787476,272900000,12.9488554000854
"2020-11-04",13.3892498016357,13.8275003433228,13.3369998931885,13.7942495346069,410228000,13.7194023132324
"2020-11-05",14.1625003814697,14.33899974823,13.9910001754761,14.1599998474121,319028000,14.0831661224365
"2020-11-06",14.1097497940063,14.5887498855591,13.8950004577637,14.5620002746582,383348000,14.4829845428467
"2020-11-09",14.5524997711182,14.691499710083,13.6107501983643,13.6307497024536,582976000,13.556788444519
"2020-11-10",13.606499671936,13.606499671936,12.6282501220703,12.7700004577637,644068000,12.7007102966309
"2020-11-11",13.053750038147,13.4350004196167,12.9482498168945,13.4180002212524,404744000,13.3451929092407
"2020-11-12",13.4790000915527,13.7659997940063,13.3159999847412,13.4567499160767,365812000,13.383731842041
"2020-11-13",13.6272497177124,13.6687498092651,13.0592498779297,13.2969999313354,346312000,13.2248477935791
"2020-11-16",13.1724996566772,13.6494998931885,13.1560001373291,13.5152502059937,413776000,13.441915512085
"2020-11-17",13.5524997711182,13.5962495803833,13.303750038147,13.4222497940063,312028000,13.349419593811
"2020-11-18",13.4652500152588,13.6057500839233,13.1850004196167,13.428750038147,510924000,13.355884552002
"2020-11-19",13.2127504348755,13.4875001907349,13.1000003814697,13.4402503967285,565936000,13.3673219680786
"2020-11-20",13.4540004730225,13.4945001602173,13.0649995803833,13.0877504348755,341088000,13.0167331695557
"2020-11-23",13.1712503433228,13.3824996948242,13.0155000686646,13.1400003433228,361356000,13.068699836731
"2020-11-24",13.1424999237061,13.1619997024536,12.8850002288818,12.9577503204346,346500000,12.8874406814575
"2020-11-25",13.0325002670288,13.2694997787476,13.0200004577637,13.2347497940063,259916000,13.1629371643066
"2020-11-27",13.375,13.4075002670288,13.1704998016357,13.2612495422363,167276000,13.1892938613892
"2020-11-30",13.2650003433228,13.4125003814697,12.9722499847412,13.40149974823,286952000,13.3287811279297
"2020-12-01",13.4922504425049,13.5287504196167,13.2282495498657,13.3900003433228,296948000,13.317343711853
"2020-12-02",13.3505001068115,13.6735000610352,13.2342500686646,13.5445003509521,283360000,13.471004486084
"2020-12-03",13.5874996185303,13.6599998474121,13.3290004730225,13.3959999084473,199520000,13.3272485733032
"2020-12-04",13.4484996795654,13.5600004196167,13.3887500762939,13.5582504272461,202244000,13.4886655807495
"2020-12-07",13.6012496948242,13.7312498092651,13.5,13.6067495346069,223244000,13.5369148254395
"2020-12-08",13.585000038147,13.5987501144409,13.2814998626709,13.3500003814697,271920000,13.2814855575562
"2020-12-09",13.3004999160767,13.4139995574951,12.8682498931885,12.9307498931885,401300000,12.8643865585327
"2020-12-10",12.8690004348755,13.0687503814697,12.8494997024536,12.9722499847412,207764000,12.9056739807129
"2020-12-11",12.9672498703003,13.0200004577637,12.8229999542236,13.0132503509521,209264000,12.9464597702026
"2020-12-14",13.0880002975464,13.3887500762939,13.0775003433228,13.3087501525879,270156000,13.2404460906982
"2020-12-15",13.4397497177124,13.46399974823,13.1867504119873,13.3605003356934,193016000,13.2919292449951
"2020-12-16",13.4224996566772,13.4372501373291,13.2124996185303,13.2425003051758,223116000,13.1745357513428
"2020-12-17",13.3667497634888,13.3795003890991,13.1785001754761,13.3412504196167,231384000,13.2727794647217
"2020-12-18",13.378999710083,13.4049997329712,13.0705003738403,13.2720003128052,342064000,13.2038822174072
"2020-12-21",13.0747499465942,13.3699998855591,12.9674997329712,13.3322496414185,302332000,13.2638263702393
"2020-12-22",13.3192501068115,13.3372497558594,13.0539999008179,13.2782497406006,185580000,13.2101020812988
"2020-12-23",13.2559995651245,13.2749996185303,13.0050001144409,13.0092496871948,179144000,12.9424810409546
"2020-12-24",13.0372495651245,13.1324996948242,12.9387502670288,12.9937496185303,97884000,12.9270629882812
"2020-12-28",13.0625,13.0625,12.7632503509521,12.8999996185303,212564000,12.8337917327881
"2020-12-29",12.9250001907349,13.0725002288818,12.8422498703003,12.9432497024536,170372000,12.8768224716187
"2020-12-30",12.9902496337891,13.2137498855591,12.8967504501343,13.1457500457764,225396000,13.0782833099365
"2020-12-31",13.1365003585815,13.1510000228882,12.914999961853,13.0550003051758,192424000,12.9879989624023
"2021-01-04",13.1042499542236,13.6525001525879,12.9624996185303,13.1134996414185,560640000,13.0461950302124
"2021-01-05",13.0997495651245,13.4434995651245,13.0869998931885,13.4047498703003,322760000,13.3359518051147
"2021-01-06",13.2224998474121,13.2449998855591,12.5860004425049,12.6145000457764,580424000,12.5497579574585
"2021-01-07",12.9674997329712,13.3777503967285,12.8865003585815,13.3439998626709,461480000,13.2755126953125
"2021-01-08",13.3625001907349,13.4209995269775,13.0419998168945,13.2767496109009,292528000,13.208610534668
"2021-01-11",13.4187498092651,13.9610004425049,13.3625001907349,13.6215000152588,518344000,13.5515918731689
"2021-01-12",13.7524995803833,13.7545003890991,13.3450002670288,13.4847497940063,291476000,13.4155426025391
"2021-01-13",13.4899997711182,13.625,13.3850002288818,13.5317497253418,210028000,13.4623012542725
"2021-01-14",13.5749998092651,13.5997495651245,13.1805000305176,13.200249671936,283120000,13.1325016021729
"2021-01-15",13.2279996871948,13.325249671936,12.84850025177,12.8594999313354,277780000,12.7935018539429
"2021-01-19",13.0162496566772,13.0939998626709,12.8439998626709,13.0252504348755,226188000,12.9583988189697
"2021-01-20",13.1117496490479,13.4305000305176,13.0567502975464,13.3657503128052,258572000,13.2971544265747
"2021-01-21",13.4184999465942,13.9992504119873,13.2530002593994,13.8675003051758,337780000,13.7963275909424
"2021-01-22",13.7399997711182,13.8417501449585,13.6272497177124,13.7124996185303,246820000,13.6421251296997
"2021-01-25",13.7817497253418,13.8284997940063,13.236499786377,13.6532497406006,251112000,13.583176612854
"2021-01-26",13.5804996490479,13.6447496414185,13.3874998092651,13.4352502822876,163980000,13.3662958145142
"2021-01-27",13.2299995422363,13.2327499389648,12.7937498092651,12.9177503585815,371272000,12.8514528274536
"2021-01-28",12.9962501525879,13.339750289917,12.9604997634888,13.0509996414185,228316000,12.984016418457
"2021-01-29",13.0749998092651,13.3347501754761,12.9114999771118,12.9897499084473,271552000,12.9230813980103
"2021-02-01",13.0532503128052,13.2707500457764,12.9027500152588,13.2370004653931,217204000,13.1690626144409
"2021-02-02",13.3987503051758,13.5719995498657,13.2854995727539,13.5567502975464,220440000,13.48717212677
"2021-02-03",13.6359996795654,13.9317502975464,13.5165004730225,13.5305004119873,245408000,13.4610576629639
"2021-02-04",13.5310001373291,13.6735000610352,13.3377504348755,13.6642503738403,201340000,13.5941190719604
"2021-02-05",13.7250003814697,13.737250328064,13.5457496643066,13.5909996032715,169152000,13.5212440490723
"2021-02-08",13.7272500991821,14.4737501144409,13.7272500991821,14.4387502670288,434624000,14.3646450042725
"2021-02-09",14.3407497406006,14.5832500457764,14.2224998474121,14.2632503509521,287560000,14.1900463104248
"2021-02-10",14.4632501602173,14.9049997329712,14.3415002822876,14.7642498016357,485352000,14.688473701477
"2021-02-11",14.9802503585815,15.2722501754761,14.9250001907349,15.2507495880127,450828000,15.1724796295166
"2021-02-12",15.0500001907349,15.2912502288818,14.7749996185303,14.9612503051758,374756000,14.8844661712646
"2021-02-16",15.0642499923706,15.3725004196167,14.9499998092651,15.330249786377,321960000,15.2515687942505
"2021-02-17",15.1709995269775,15.22350025177,14.7799997329712,14.9060001373291,274756000,14.829496383667
"2021-02-18",14.7290000915527,14.8732500076294,14.5749998092651,14.8290004730225,233868000,14.7528924942017
"2021-02-19",15.0244998931885,15.1770000457764,14.8467502593994,14.9265003204346,271724000,14.849892616272
"2021-02-22",14.7747497558594,15.1332502365112,14.3249998092651,14.3557500839233,325884000,14.2820720672607
"2021-02-23",14.075249671936,14.2387504577637,13.3894996643066,14.1420001983643,391780000,14.0694198608398
"2021-02-24",14.1227502822876,14.5067501068115,13.7559995651245,14.4989995956421,448320000,14.4245862960815
"2021-02-25",14.0454998016357,14.3747501373291,13.2162504196167,13.3074998855591,824436000,13.2392024993896
"2021-02-26",13.7524995803833,13.8544998168945,13.3610000610352,13.7145004272461,500932000,13.6441144943237
"2021-03-01",13.875,13.9250001907349,13.5532503128052,13.8417501449585,353184000,13.7707090377808
"2021-03-02",13.8999996185303,13.9204998016357,13.3959999084473,13.40625,264116000,13.3374443054199
"2021-03-03",13.4262504577637,13.4514999389648,12.7987499237061,12.8047504425049,377592000,12.7390327453613
"2021-03-04",12.8007497787476,12.9750003814697,12.0837497711182,12.37024974823,573344000,12.3067636489868
"2021-03-05",12.5500001907349,12.5500001907349,11.6792497634888,12.4615001678467,542840000,12.3975448608398
"2021-03-08",12.4499998092651,12.4712495803833,11.566499710083,11.5932502746582,543112000,11.5337495803833
"2021-03-09",12.1302499771118,12.6167497634888,12.0592498779297,12.5202503204346,521824000,12.4602928161621
"2021-03-10",12.8404998779297,12.9799995422363,12.4575004577637,12.4682502746582,384376000,12.4085378646851
"2021-03-11",12.9499998092651,13.0462503433228,12.7344999313354,12.9934997558594,299916000,12.9312753677368
"2021-03-12",12.6482496261597,12.8887500762939,12.5900001525879,12.8559999465942,243964000,12.7944326400757
"2021-03-15",12.8647499084473,13.2067499160767,12.7672500610352,13.1912498474121,221988000,13.1280784606934
"2021-03-16",13.356499671936,13.5124998092651,13.1167497634888,13.2912502288818,272128000,13.2276010513306
"2021-03-17",13.0397500991821,13.4532499313354,12.9895000457764,13.3412504196167,243864000,13.277361869812
"2021-03-18",13.1365003585815,13.1840000152588,12.7170000076294,12.7224998474121,293896000,12.6615734100342
"2021-03-19",12.75,12.9215002059937,12.6125001907349,12.8457498550415,299208000,12.784236907959
"2021-03-22",12.9127502441406,13.3944997787476,12.9067497253418,13.1862497329712,297804000,13.1231002807617
"2021-03-23",13.2542495727539,13.3444995880127,13.0212497711182,13.0707502365112,222048000,13.0081577301025
"2021-03-24",13.1512498855591,13.1592502593994,12.6367502212524,12.6429996490479,245840000,12.5824546813965
"2021-03-25",12.4995002746582,12.714750289917,12.2720003128052,12.535249710083,295144000,12.4752197265625
"2021-03-26",12.5544996261597,12.8562498092651,12.3734998703003,12.8392496109009,363968000,12.7777624130249
"2021-03-29",12.8202495574951,13.0625,12.6999998092651,12.9482498168945,273520000,12.8862447738647
"2021-03-30",12.8420000076294,12.9752502441406,12.7049999237061,12.8717498779297,200204000,12.8101091384888
"2021-03-31",13.0155000686646,13.4704999923706,12.9825000762939,13.3482503890991,314776000,13.2843284606934
"2021-04-01",13.5722503662109,13.8699998855591,13.5112495422363,13.8117504119873,308276000,13.745608329773
"2021-04-05",13.8675003051758,14.0139999389648,13.7329998016357,13.9875001907349,255672000,13.9205150604248
"2021-04-06",13.9997501373291,14.0542497634888,13.7735004425049,13.861499786377,191744000,13.7951173782349
"2021-04-07",13.8807497024536,14.2434997558594,13.7115001678467,14.143500328064,251284000,14.0757694244385
"2021-04-08",14.2527503967285,14.4715003967285,14.2489995956421,14.3170003890991,244416000,14.2484369277954
"2021-04-09",14.21399974823,14.4079999923706,14.1750001907349,14.3999996185303,195172000,14.3310394287109
"2021-04-12",14.2897500991821,15.352499961853,14.1392498016357,15.2089996337891,869324000,15.1361656188965
"2021-04-13",15.231499671936,15.6999998092651,15.1257495880127,15.6794996261597,676212000,15.6044139862061
"2021-04-14",15.625,15.7204999923706,15.227499961853,15.2770004272461,385500000,15.203839302063
"2021-04-15",15.6625003814697,16.2142505645752,15.6315002441406,16.1372509002686,598480000,16.0599727630615
"2021-04-16",16.05299949646,16.16575050354,15.8652496337891,15.9125003814697,335208000,15.8362951278687
"2021-04-19",15.5364999771118,15.8074998855591,15.2329998016357,15.3617496490479,404420000,15.288182258606
"2021-04-20",15.3232498168945,15.4969997406006,14.9630002975464,15.1712503433228,334132000,15.098596572876
"2021-04-21",15.1187496185303,15.3625001907349,15.1022500991821,15.3605003356934,216776000,15.2869396209717
"2021-04-22",15.375,15.4385004043579,14.7834997177124,14.8502502441406,277788000,14.7791328430176
"2021-04-23",14.9342498779297,15.335000038147,14.9002504348755,15.2652502059937,227500000,15.1921482086182
"2021-04-26",15.1850004196167,15.4790000915527,15.125,15.4779996871948,197796000,15.4038782119751
"2021-04-27",15.5784997940063,15.6704998016357,15.3544998168945,15.3817501068115,164572000,15.3080883026123
"2021-04-28",15.3645000457764,15.5322504043579,15.2154998779297,15.2767496109009,209416000,15.2035903930664
"2021-04-29",15.3999996185303,15.4364995956421,15.0714998245239,15.3247499465942,173196000,15.2513599395752
"2021-04-30",15.1745004653931,15.3649997711182,14.9969997406006,15.0094995498657,201912000,14.9376201629639
"2021-05-03",15.125,15.2467498779297,14.7875003814697,14.8367500305176,203912000,14.765700340271
"2021-05-04",14.6372499465942,14.6374998092651,14.0102500915527,14.3512496948242,405324000,14.2825202941895
"2021-05-05",14.7089996337891,14.8135004043579,14.3874998092651,14.4584999084473,292024000,14.3892602920532
"2021-05-06",14.49524974823,14.571249961853,14.2180004119873,14.5229997634888,193380000,14.4534511566162
"2021-05-07",14.8082504272461,14.9707498550415,14.6717500686646,14.8122501373291,229328000,14.7413148880005
"2021-05-10",14.7872495651245,14.8059997558594,14.25,14.2657499313354,268904000,14.1974334716797
"2021-05-11",13.8249998092651,14.3547496795654,13.75,14.3062496185303,285584000,14.237738609314
"2021-05-12",14.0094995498657,14.2602500915527,13.7092504501343,13.7585000991821,303408000,13.6926126480103
"2021-05-13",14.0337495803833,14.0807504653931,13.4589996337891,13.6652498245239,285404000,13.5998077392578
"2021-05-14",13.8900003433228,14.3280000686646,13.7484998703003,14.2430000305176,258616000,14.1747913360596
"2021-05-17",14.1569995880127,14.1692495346069,13.8535003662109,14.1654996871948,216980000,14.0976619720459
"2021-05-18",14.2670001983643,14.4042501449585,14.003999710083,14.0157499313354,186256000,13.9486303329468
"2021-05-19",13.566499710083,14.0795001983643,13.5432500839233,14.0657501220703,3.44e+08,13.9983911514282
"2021-05-20",14.3024997711182,14.6837501525879,14.2705001831055,14.6125001907349,321592000,14.5425233840942
"2021-05-21",15.1637496948242,15.2220001220703,14.8695001602173,14.9917497634888,672992000,14.9199562072754
"2021-05-24",15.2124996185303,15.7449998855591,15.1759996414185,15.6120004653931,554816000,15.5372362136841
"2021-05-25",15.7659997940063,15.8184995651245,15.4825000762939,15.6477499008179,435408000,15.5728149414062
"2021-05-26",15.7342500686646,15.7937498092651,15.5862503051758,15.6999998092651,370440000,15.6248140335083
"2021-05-27",15.6997499465942,15.75,15.460000038147,15.4879999160767,581476000,15.4138288497925
"2021-05-28",15.5010004043579,16.2775001525879,15.5010004043579,16.244499206543,644536000,16.1667079925537
"2021-06-01",16.2700004577637,16.3882503509521,15.9032497406006,16.2644996643066,472804000,16.1866111755371
"2021-06-02",16.2522506713867,16.9187507629395,16.2355003356934,16.7782497406006,594168000,16.6978969573975
"2021-06-03",16.7007503509521,17.2590007781982,16.5830001831055,16.9697494506836,580008000,16.8884868621826
"2021-06-04",17.1124992370605,17.6609992980957,17.0955009460449,17.5782508850098,617120000,17.4940700531006
"2021-06-07",17.5712509155273,17.8125,17.1927509307861,17.6189994812012,575756000,17.5346221923828
"2021-06-08",17.527250289917,17.6215000152588,17.2509994506836,17.4570007324219,323848000,17.3734016418457
"2021-06-09",17.5157508850098,17.5750007629395,17.2557506561279,17.3582496643066,381656000,17.2790794372559
"2021-06-10",17.3500003814697,17.492000579834,17.1760005950928,17.4249992370605,287772000,17.3455238342285
"2021-06-11",17.4794998168945,17.9392509460449,17.4437503814697,17.8252506256104,416308000,17.7439498901367
"2021-06-14",17.9060001373291,18.0394992828369,17.6627502441406,18.0187492370605,321376000,17.9365673065186
"2021-06-15",17.9150009155273,18.0162506103516,17.7280006408691,17.7884998321533,243032000,17.7073707580566
"2021-06-16",17.79075050354,17.9547500610352,17.5844993591309,17.8102493286133,307124000,17.7290229797363
"2021-06-17",17.7744998931885,18.8349990844727,17.7562503814697,18.6572494506836,809656000,18.5721607208252
"2021-06-18",18.7840003967285,19.375,18.5839996337891,18.6387500762939,968856000,18.5537395477295
"2021-06-21",18.4352493286133,18.5365009307861,17.8227500915527,18.4272499084473,672384000,18.3432102203369
"2021-06-22",18.4715003967285,18.9637508392334,18.3859996795654,18.8867492675781,580144000,18.8006076812744
"2021-06-23",19.0077495574951,19.1527500152588,18.9077491760254,19.0572490692139,332356000,18.970329284668
"2021-06-24",19.2277507781982,19.4200000762939,19.088249206543,19.2054996490479,320924000,19.1179122924805
"2021-06-25",19.2805004119873,19.3455009460449,18.8945007324219,19.0310001373291,278364000,18.9442024230957
"2021-06-28",19.3612499237061,20.0787506103516,19.3190002441406,19.9850006103516,495436000,19.8938503265381
"2021-06-29",19.8824996948242,20.0987491607666,19.6569995880127,20.0267505645752,367632000,19.935417175293
"2021-06-30",19.9992504119873,20.1625003814697,19.8637504577637,20.0025005340576,326568000,19.9112758636475
"2021-07-01",20.125,20.4559993743896,20.0189990997314,20.2119998931885,480136000,20.119815826416
"2021-07-02",20.4402503967285,20.5052509307861,20.2877502441406,20.4869995117188,342764000,20.3935642242432
"2021-07-06",20.7374992370605,20.8419990539551,20.3502502441406,20.6984996795654,446708000,20.6041030883789
"2021-07-07",20.8535003662109,20.875,20.3320007324219,20.3717498779297,418428000,20.2788410186768
"2021-07-08",19.8565006256104,20.132999420166,19.7007503509521,19.9027500152588,503300000,19.8119773864746
"2021-07-09",19.9624996185303,20.080249786377,19.7542495727539,20.0502490997314,296624000,19.9588069915771
"2021-07-12",20.2399997711182,20.5327491760254,20.1877498626709,20.5125007629395,321984000,20.4189472198486
"2021-07-13",20.4004993438721,20.4612503051758,20.1140003204346,20.25,290708000,20.1576480865479
"2021-07-14",20.3577499389648,20.4177494049072,19.7527503967285,19.8414993286133,380100000,19.7510070800781
"2021-07-15",19.8117504119873,19.8470001220703,18.8584995269775,18.9662494659424,550564000,18.8797492980957
"2021-07-16",19.0305004119873,19.1569995880127,18.0729999542236,18.1609992980957,688224000,18.0781764984131
"2021-07-19",17.9152507781982,19.0419998168945,17.86549949646,18.7797508239746,749060000,18.6940994262695
"2021-07-20",18.7299995422363,18.8379993438721,18.1639995574951,18.6119995117188,434687000,18.5271129608154
"2021-07-21",18.8819999694824,19.5270004272461,18.742000579834,19.4099998474121,371017000,19.3214721679688
"2021-07-22",19.6420001983643,19.886999130249,19.2759990692139,19.5939998626709,323826000,19.5046367645264
"2021-07-23",19.6560001373291,19.7000007629395,19.25,19.5580005645752,195672000,19.4687995910645
"2021-07-26",19.3110008239746,19.4419994354248,18.9139995574951,19.2940006256104,203943000,19.2060070037842
"2021-07-27",19.2649993896484,19.6219997406006,18.7409992218018,19.2080001831055,248863000,19.120397567749
"2021-07-28",19.3190002441406,19.6459999084473,18.9950008392334,19.5030002593994,202191000,19.4140510559082
"2021-07-29",19.5189990997314,19.8530006408691,19.3279991149902,19.6620006561279,190781000,19.572322845459
"2021-07-30",19.4179992675781,19.6299991607666,19.2630004882812,19.4990005493164,183497000,19.4100685119629
"2021-08-02",19.7000007629395,19.9610004425049,19.3610000610352,19.75,217444000,19.6599216461182
"2021-08-03",19.7399997711182,20.2220001220703,19.2199993133545,19.8150005340576,301811000,19.7246265411377
"2021-08-04",19.9899997711182,20.318000793457,19.8279991149902,20.2740001678467,231309000,20.1815319061279
"2021-08-05",20.5,20.7329998016357,20.3419990539551,20.636999130249,211435000,20.542875289917
"2021-08-06",20.5240001678467,20.5699996948242,20.2099990844727,20.3659992218018,178497000,20.2731151580811
"2021-08-09",20.4459991455078,20.507999420166,20.1429996490479,20.2950000762939,146443000,20.2024383544922
"2021-08-10",20.32200050354,20.4300003051758,19.8349990844727,19.9360008239746,179238000,19.8450736999512
"2021-08-11",20.0429992675781,20.048999786377,19.4300003051758,19.6989994049072,185925000,19.6091556549072
"2021-08-12",19.8700008392334,20.0289993286133,19.6200008392334,19.9050006866455,151652000,19.8142166137695
"2021-08-13",19.9050006866455,20.2140007019043,19.8509998321533,20.1879997253418,183063000,20.0959243774414
"2021-08-16",20.1350002288818,20.2870006561279,19.4529991149902,19.9500007629395,210876000,19.8590106964111
"2021-08-17",19.6849994659424,19.7700004577637,19.2670001983643,19.4580001831055,204585000,19.3692569732666
"2021-08-18",19.5,19.6340007781982,19,19.0400009155273,285913000,18.9531631469727
"2021-08-19",19.4939994812012,20.4950008392334,18.761999130249,19.7980003356934,766555000,19.7077026367188
"2021-08-20",19.9909992218018,20.8649997711182,19.9330005645752,20.8159999847412,675741000,20.7210655212402
"2021-08-23",20.9710006713867,21.9969997406006,20.9500007629395,21.9580001831055,575807000,21.8578548431396
"2021-08-24",21.7530002593994,21.9589996337891,21.5349998474121,21.7929992675781,297299000,21.6936073303223
"2021-08-25",21.7369995117188,22.4699993133545,21.7220001220703,22.2129993438721,347701000,22.1116847991943
"2021-08-26",22.2000007629395,22.3400001525879,21.7900009155273,22.068000793457,237940000,21.967357635498
"2021-08-27",22.1840000152588,22.7220001220703,22.1669998168945,22.6359996795654,304722000,22.5327587127686
"2021-08-30",22.8299999237061,23.0429992675781,22.5510005950928,22.6879997253418,262580000,22.5845222473145
"2021-08-31",22.6949996948242,22.6949996948242,22.1200008392334,22.3850002288818,259850000,22.2868347167969
"2021-09-01",22.4850006103516,22.69700050354,22.3570003509521,22.4409999847412,201767000,22.3425922393799
"2021-09-02",22.5179996490479,22.5930004119873,22.2950000762939,22.3959999084473,187834000,22.2977924346924
"2021-09-03",22.3250007629395,22.9860000610352,22.2000007629395,22.8430004119873,280532000,22.7428302764893
"2021-09-07",22.8330001831055,22.8990001678467,22.5219993591309,22.6620006561279,198107000,22.5626201629639
"2021-09-08",22.5130004882812,22.6100006103516,21.9769992828369,22.3390007019043,254434000,22.2410335540771
"2021-09-09",22.3120002746582,22.5380001068115,22.1310005187988,22.1770000457764,196856000,22.0797500610352
"2021-09-10",22.3479995727539,22.6259994506836,22.2700004577637,22.4780006408691,248376000,22.3794269561768
"2021-09-13",22.6840000152588,22.9640007019043,21.8579998016357,22.1520004272461,297500000,22.0548610687256
"2021-09-14",22.2749996185303,22.4099998474121,22.0860004425049,22.242000579834,199755000,22.1444606781006
"2021-09-15",22.3090000152588,22.367000579834,21.9659996032715,22.3409996032715,166538000,22.2430267333984
"2021-09-16",22.1830005645752,22.2770004272461,21.9270000457764,22.242000579834,156033000,22.1444606781006
"2021-09-17",22.2999992370605,22.3209991455078,21.8299999237061,21.8999996185303,294503000,21.8039627075195
"2021-09-20",21.1459999084473,21.4330005645752,20.6620006561279,21.113000869751,349440000,21.0204162597656
"2021-09-21",21.4169998168945,21.4249992370605,20.9500007629395,21.246000289917,204688000,21.1528282165527
"2021-09-22",21.3659992218018,21.9599990844727,21.1959991455078,21.9409999847412,268726000,21.8447856903076
"2021-09-23",22.1399993896484,22.5349998474121,21.8899993896484,22.4820003509521,248555000,22.3834133148193
"2021-09-24",22.0699996948242,22.1490001678467,21.8610000610352,22.0809993743896,217655000,21.9841690063477
"2021-09-27",21.7099990844727,21.798999786377,21.3250007629395,21.6599998474121,245215000,21.5650119781494
"2021-09-28",21.2140007019043,21.4190006256104,20.6509990692139,20.6989994049072,343069000,20.6082324981689
"2021-09-29",20.9400005340576,21.0170001983643,20.4669990539551,20.5170001983643,218394000,20.4270248413086
"2021-09-30",20.7679996490479,21.0659999847412,20.6879997253418,20.7159996032715,221009000,20.6251525878906
"2021-10-01",20.75,20.8589992523193,20.2029991149902,20.742000579834,240978000,20.6510448455811
"2021-10-04",20.503999710083,20.5419998168945,19.5550003051758,19.7320003509521,345635000,19.6454658508301
"2021-10-05",19.9500007629395,20.6480007171631,19.8540000915527,20.451000213623,279282000,20.3613185882568
"2021-10-06",20.1200008392334,20.7199993133545,20.0799999237061,20.7000007629395,297202000,20.6092338562012
"2021-10-07",21.0919990539551,21.32200050354,20.9720001220703,21.0750007629395,256919000,20.9825782775879
"2021-10-08",21.1009998321533,21.2059993743896,20.7749996185303,20.8309993743896,151258000,20.7396507263184
"2021-10-11",20.5750007629395,21.0629997253418,20.5109996795654,20.6949996948242,163388000,20.6042499542236
"2021-10-12",20.8279991149902,21.056999206543,20.5279998779297,20.6709995269775,162134000,20.5803527832031
"2021-10-13",20.9179992675781,20.9899997711182,20.7129993438721,20.9389991760254,180652000,20.8471775054932
"2021-10-14",21.2880001068115,21.7549991607666,21.1219997406006,21.746000289917,243589000,21.6506404876709
"2021-10-15",21.8099994659424,21.9309997558594,21.6620006561279,21.8619995117188,226994000,21.7661304473877
"2021-10-18",21.7490005493164,22.2910003662109,21.6439990997314,22.2220001220703,189494000,22.1245536804199
"2021-10-19",22.2759990692139,22.378999710083,22.0370006561279,22.2900009155273,161473000,22.1922512054443
"2021-10-20",22.3050003051758,22.4330005645752,21.9820003509521,22.1030006408691,146276000,22.0060691833496
"2021-10-21",22.0970001220703,22.7110004425049,22.0830001831055,22.6919994354248,187590000,22.5924892425537
"2021-10-22",22.8229999542236,23.1299991607666,22.5610008239746,22.7259998321533,249384000,22.6263370513916
"2021-10-25",22.9729995727539,23.3549995422363,22.7700004577637,23.1660003662109,230235000,23.0644092559814
"2021-10-26",23.9890003204346,25.2590007781982,23.923999786377,24.7169990539551,485898000,24.6086101531982
"2021-10-27",24.4740009307861,25.0900001525879,24.2819995880127,24.451000213623,245990000,24.3437747955322
"2021-10-28",24.8780002593994,24.9500007629395,24.5230007171631,24.9409999847412,234204000,24.8316307067871
"2021-10-29",25.0009994506836,25.7089996337891,25,25.5669994354248,292503000,25.4548816680908
"2021-11-01",25.6490001678467,25.8939990997314,25.2269992828369,25.8269996643066,265740000,25.7137432098389
"2021-11-02",25.82200050354,26.67799949646,25.7999992370605,26.4009990692139,294112000,26.2852230072021
"2021-11-03",26.6700000762939,26.7840003967285,26.2350006103516,26.5979995727539,239910000,26.4813613891602
"2021-11-04",27.2290000915527,31.3649997711182,27.1180000305176,29.8010005950928,1153631000,29.6703147888184
"2021-11-05",30.1870002746582,31.3999996185303,29.4099998474121,29.7520008087158,851260000,29.621524810791
"2021-11-08",30.1490001678467,31.1000003814697,29.9069995880127,30.8040008544922,503101000,30.6689167022705
"2021-11-09",32.2820014953613,32.310001373291,29.9640007019043,30.6569995880127,646746000,30.5225620269775
"2021-11-10",29.3560009002686,30.8500003814697,28.7779998779297,29.4589996337891,636206000,29.32981300354
"2021-11-11",30.4680004119873,30.5900001525879,29.7770004272461,30.3899993896484,332172000,30.2567272186279
"2021-11-12",30.0100002288818,30.6800003051758,29.6299991607666,30.3899993896484,413054000,30.2567272186279
"2021-11-15",30.5520000457764,30.6439990997314,29.2469997406006,30.0249996185303,384909000,29.8933296203613
"2021-11-16",29.7590007781982,30.3899993896484,29.7059993743896,30.2029991149902,264484000,30.0705509185791
"2021-11-17",30.4179992675781,30.5090007781982,28.7999992370605,29.2609996795654,428508000,29.1326789855957
"2021-11-18",32.367000579834,32.7599983215332,31.3209991455078,31.6749992370605,781711000,31.5360927581787
"2021-11-19",32.2430000305176,33.0880012512207,31.9050006866455,32.9850006103516,533867000,32.8403587341309
"2021-11-22",33.5169982910156,34.6469993591309,31.8999996185303,31.9559993743896,754335000,31.815860748291
"2021-11-23",31.5349998474121,32.3600006103516,30.8799991607666,31.746000289917,532163000,31.6067848205566
"2021-11-24",31.4610004425049,32.8549995422363,30.92799949646,32.673999786377,435162000,32.5307159423828
"2021-11-26",32.5999984741211,32.7099990844727,31.3500003814697,31.5030002593994,283069000,31.3648509979248
"2021-11-29",32.3660011291504,33.4119987487793,32.0359992980957,33.3759994506836,454964000,33.2296371459961
"2021-11-30",33.1689987182617,33.3530006408691,31.8640003204346,32.6759986877441,622066000,32.5327072143555
"2021-12-01",33.2190017700195,33.2890014648438,31.3799991607666,31.4349994659424,484368000,31.3009853363037
"2021-12-02",31.2140007019043,32.4780006408691,31.0249996185303,32.1259994506836,472890000,31.9890270233154
"2021-12-03",32,32.1290016174316,30.1299991607666,30.693000793457,544325000,30.5621452331543
"2021-12-06",29.8799991607666,30.2409992218018,28.0380001068115,30.0370006561279,658938000,29.9089374542236
"2021-12-07",30.9570007324219,32.4490013122559,30.6509990692139,32.4269981384277,593053000,32.2887573242188
"2021-12-08",31.9990005493164,32.2900009155273,31.4209995269775,31.826000213623,475551000,31.690315246582
"2021-12-09",31.7339992523193,32.2050018310547,30.42799949646,30.4899997711182,488507000,30.3600101470947
"2021-12-10",31.1499996185303,31.3050003051758,29.8610000610352,30.1979999542236,488825000,30.0692520141602
"2021-12-13",30.2490005493164,30.2940006256104,28.1159992218018,28.1609992980957,598344000,28.0409412384033
"2021-12-14",27.6989994049072,28.67799949646,27.25,28.3369998931885,667035000,28.2161922454834
"2021-12-15",28.3999996185303,30.5,27.8379993438721,30.4589996337891,698297000,30.3291416168213
"2021-12-16",31.1520004272461,31.1599998474121,28.0930004119873,28.386999130249,707366000,28.2659721374512
"2021-12-17",27.9850006103516,28.9220008850098,27.7600002288818,27.8010005950928,713758000,27.6824760437012
"2021-12-20",27.3050003051758,28.1439990997314,27.1450004577637,27.7189998626709,461847000,27.6008281707764
"2021-12-21",28.3740005493164,29.1200008392334,27.4009990692139,29.0750007629395,524385000,28.951042175293
"2021-12-22",28.8910007476807,29.5550003051758,28.4489994049072,29.3999996185303,395184000,29.274658203125
"2021-12-23",29.7549991607666,30.0590000152588,29.4309997558594,29.6399993896484,343022000,29.5136337280273
"2021-12-27",29.6599998474121,31.0869998931885,29.6399993896484,30.9449996948242,403686000,30.8130741119385
"2021-12-28",31.3120002746582,31.3299999237061,30.011999130249,30.32200050354,420591000,30.1927261352539
"2021-12-29",30.2730007171631,30.5480003356934,29.3659992218018,30.0009994506836,343139000,29.8730926513672
"2021-12-30",29.8269996643066,30.4570007324219,29.5400009155273,29.5860004425049,308864000,29.4598636627197
"2021-12-31",29.673999786377,30.0300006866455,29.3309993743896,29.4109992980957,266530000,29.285608291626
"2022-01-03",29.8150005340576,30.7110004425049,29.7849998474121,30.121000289917,391547000,29.992582321167
"2022-01-04",30.2770004272461,30.4680004119873,28.3490009307861,29.2900009155273,527154000,29.1651306152344
"2022-01-05",28.9489994049072,29.4160003662109,27.5330009460449,27.6040000915527,498064000,27.4863128662109
"2022-01-06",27.6399993896484,28.4379997253418,27.0650005340576,28.17799949646,454186000,28.0578632354736
"2022-01-07",28.1410007476807,28.4220008850098,27.056999206543,27.2469997406006,409939000,27.1308364868164
"2022-01-10",26.5809993743896,27.4689998626709,25.6439990997314,27.3999996185303,594681000,27.283182144165
"2022-01-11",27.3229999542236,28.0650005340576,26.8390007019043,27.8169994354248,404089000,27.6984024047852
"2022-01-12",28.0669994354248,28.5949993133545,27.6079998016357,27.9990005493164,383413000,27.8796310424805
"2022-01-13",28.378999710083,28.4799995422363,26.4979991912842,26.5750007629395,540171000,26.4617004394531
"2022-01-14",26.2999992370605,27.19700050354,26.2099990844727,26.9419994354248,395832000,26.8271369934082
"2022-01-18",26.2600002288818,26.6380004882812,25.7700004577637,25.9029998779297,424270000,25.7925643920898
"2022-01-19",26.0790004730225,26.5429992675781,25.0520000457764,25.0669994354248,488315000,24.9601306915283
"2022-01-20",25.3040008544922,25.5790004730225,24.0779991149902,24.1499996185303,435181000,24.0470371246338
"2022-01-21",23.5069999694824,24.8229999542236,23.2630004882812,23.3740005493164,718958000,23.2743473052979
"2022-01-24",22.3299999237061,23.3799991607666,20.8880004882812,23.3719997406006,913982000,23.2723579406738
"2022-01-25",22.5459995269775,22.943000793457,22,22.3239994049072,664616000,22.2288246154785
"2022-01-26",23.2399997711182,24.056999206543,22.2999992370605,22.7719993591309,755959000,22.6749153137207
"2022-01-27",23.568000793457,23.9950008392334,21.6749992370605,21.9440002441406,573353000,21.8504467010498
"2022-01-28",22.011999130249,22.8579998016357,21.2959995269775,22.8400001525879,543774000,22.7426280975342
"2022-01-31",23.181999206543,24.5090007781982,23.0520000457764,24.4860000610352,564680000,24.3816070556641
"2022-02-01",25.1040000915527,25.1450004577637,23.8899993896484,24.6380004882812,518925000,24.5329627990723
"2022-02-02",25.7940006256104,25.8169994354248,24.55299949646,25.242000579834,543419000,25.1343841552734
"2022-02-03",24.4580001831055,25.0769996643066,23.7800006866455,23.9479999542236,410178000,23.8458976745605
"2022-02-04",23.9720001220703,24.6350002288818,23.6319999694824,24.3190002441406,354829000,24.2153167724609
"2022-02-07",24.3719997406006,25.181999206543,24.2019996643066,24.7280006408691,376868000,24.6225776672363
"2022-02-08",24.3589992523193,25.2299995422363,23.9799995422363,25.1079998016357,410359000,25.0009574890137
"2022-02-09",25.6219997406006,26.7250003814697,25.3530006408691,26.7049999237061,524282000,26.5911464691162
"2022-02-10",25.9950008392334,26.9249992370605,25.6000003814697,25.8239994049072,513200000,25.713903427124
"2022-02-11",25.9160003662109,26.1520004272461,23.7730007171631,23.9489994049072,605472000,23.8468952178955
"2022-02-14",23.9340000152588,24.875,23.7549991607666,24.2670001983643,440424000,24.1635437011719
"2022-02-15",24.9489994049072,26.5450000762939,24.7840003967285,26.4950008392334,699869000,26.382043838501
"2022-02-16",26.2590007781982,26.5820007324219,25.5520000457764,26.5109996795654,732676000,26.3979740142822
"2022-02-17",25.6299991607666,25.7849998474121,24.1650009155273,24.5069999694824,810595000,24.4025192260742
"2022-02-18",24.6679992675781,24.9860000610352,23.1000003814697,23.6420001983643,761255000,23.5412063598633
"2022-02-22",23.0349998474121,24.0639991760254,23,23.3899993896484,633422000,23.2902774810791
"2022-02-23",23.8020000457764,24.1550006866455,22.3010005950928,22.386999130249,566511000,22.2915534973145
"2022-02-24",21.0149993896484,23.7999992370605,20.8899993896484,23.7479991912842,735801000,23.6467533111572
"2022-02-25",23.7210006713867,24.2169990539551,23.3810005187988,24.1569995880127,528866000,24.0540103912354
"2022-02-28",23.992000579834,24.6650009155273,23.7070007324219,24.3850002288818,477319000,24.2810382843018
"2022-03-01",24.2910003662109,24.3770008087158,23.1319999694824,23.4769992828369,412056000,23.3769073486328
"2022-03-02",23.7560005187988,24.4090003967285,23.4150009155273,24.2199993133545,389642000,24.120849609375
"2022-03-03",24.261999130249,24.326000213623,23.4689998626709,23.7140007019043,365095000,23.61692237854
"2022-03-04",23.3840007781982,23.6800003051758,22.4820003509521,22.9360008239746,431415000,22.8421058654785
"2022-03-07",22.8169994354248,23.0330009460449,21.3299999237061,21.3519992828369,450821000,21.2645893096924
"2022-03-08",21.3090000152588,22.3729991912842,20.6499996185303,21.5139999389648,557467000,21.4259262084961
"2022-03-09",22.386999130249,23.2199993133545,22.2469997406006,23.0139999389648,492742000,22.9197845458984
"2022-03-10",22.5310001373291,22.7880001068115,21.8819999694824,22.6580009460449,428066000,22.565242767334
"2022-03-11",23.0219993591309,23.1450004577637,22.0459995269775,22.1000003814697,367209000,22.0095233917236
"2022-03-14",21.8689994812012,22.261999130249,21.1590003967285,21.3299999237061,385354000,21.2426795959473
"2022-03-15",21.5179996490479,23.0380001068115,21.32200050354,22.9729995727539,491996000,22.8789577484131
"2022-03-16",23.5,24.5970001220703,23.1720008850098,24.496000289917,671422000,24.395715713501
"2022-03-17",24.1200008392334,24.8419990539551,23.9060001373291,24.7660007476807,471941000,24.6646175384521
"2022-03-18",24.798999786377,26.5690002441406,24.6240005493164,26.4529991149902,730719000,26.344705581665
"2022-03-21",26.5069999694824,27.1520004272461,25.9669990539551,26.7339992523193,591727000,26.6245536804199
"2022-03-22",26.7269992828369,27.238000869751,26.07200050354,26.5240001678467,547007000,26.4154148101807
"2022-03-23",26.1259994506836,26.6119995117188,25.5750007629395,25.6340007781982,502120000,25.5290565490723
"2022-03-24",26.1660003662109,28.3199996948242,25.9069995880127,28.1499996185303,877379000,28.0347595214844
"2022-03-25",27.8859996795654,28.3579998016357,27.2709999084473,27.6919994354248,579016000,27.5786361694336
"2022-03-28",27.7560005187988,28.25,27.2059993743896,28.2189998626709,425494000,28.1034774780273
"2022-03-29",28.6949996948242,28.9459991455078,27.9799995422363,28.6560001373291,488984000,28.538688659668
"2022-03-30",28.3040008544922,28.496000289917,27.5030002593994,27.6900005340576,463487000,27.5766448974609
"2022-03-31",27.7819995880127,28.2479991912842,27.2700004577637,27.2859992980957,523440000,27.1742973327637
"2022-04-01",27.375,27.496000289917,26.2670001983643,26.7119998931885,517235000,26.6026496887207
"2022-04-04",26.7280006408691,27.5580005645752,26.613000869751,27.3600006103516,397120000,27.2479953765869
"2022-04-05",27.253999710083,27.3190002441406,25.8199996948242,25.9309997558594,436615000,25.8248481750488
"2022-04-06",24.9340000152588,25.2999992370605,24.0030002593994,24.4069995880127,703833000,24.3070812225342
"2022-04-07",24.4409999847412,24.7220001220703,23.4780006408691,24.2080001831055,557992000,24.1088981628418
"2022-04-08",23.9169998168945,23.9230003356934,23.0620002746582,23.1189994812012,524781000,23.0243606567383
"2022-04-11",22.2140007019043,22.3199996948242,21.6599998474121,21.9169998168945,575207000,21.8272819519043
"2022-04-12",22.5370006561279,22.7250003814697,21.2819995880127,21.503999710083,662258000,21.4159679412842
"2022-04-13",21.7280006408691,22.5,21.4549999237061,22.2029991149902,516943000,22.1121063232422
"2022-04-14",22.5049991607666,22.7770004272461,21.1630001068115,21.257999420166,569097000,21.1709728240967
"2022-04-18",21.2000007629395,22.0879993438721,21.0790004730225,21.7830009460449,525701000,21.6938285827637
"2022-04-19",21.7199993133545,22.3729991912842,21.3139991760254,22.1979999542236,512781000,22.1071243286133
"2022-04-20",22.5170001983643,22.6700000762939,21.2000007629395,21.4820003509521,468974000,21.3940620422363
"2022-04-21",21.7089996337891,22.3920001983643,20,20.1830005645752,656209000,20.1003742218018
"2022-04-22",20.30299949646,20.4860000610352,19.5,19.5149993896484,624713000,19.4351081848145
"2022-04-25",19.2019996643066,19.9449996948242,19.0960006713867,19.9020004272461,641566000,19.8205280303955
"2022-04-26",19.7180004119873,19.7880001068115,18.6700000762939,18.7880001068115,653143000,18.7110900878906
"2022-04-27",18.5979995727539,19.1669998168945,18.2900009155273,18.4150009155273,499460000,18.3396186828613
"2022-04-28",18.9669990539551,20.0370006561279,18.4899997711182,19.7819995880127,570327000,19.7010192871094
"2022-04-29",19.4020004272461,20.1280002593994,18.5170001983643,18.5470008850098,500435000,18.4710693359375
"2022-05-02",18.5410003662109,19.5739994049072,18.3910007476807,19.5330009460449,572049000,19.4530410766602
"2022-05-03",19.3999996185303,19.8250007629395,19.132999420166,19.6019992828369,475751000,19.5217533111572
"2022-05-04",19.9230003356934,20.3999996185303,18.7509994506836,20.3339996337891,648855000,20.2507591247559
"2022-05-05",19.867000579834,19.9249992370605,18.5,18.8439998626709,626331000,18.7668552398682
"2022-05-06",18.7360000610352,19.511999130249,17.9899997711182,18.6749992370605,633297000,18.5985507965088
"2022-05-09",18.0340003967285,18.2549991607666,16.8269996643066,16.9500007629395,644455000,16.8806095123291
"2022-05-10",17.6889991760254,18.1979999542236,17.0249996185303,17.5949993133545,761474000,17.522970199585
"2022-05-11",17.3470001220703,17.7530002593994,16.568000793457,16.6299991607666,670167000,16.5619220733643
"2022-05-12",16.2189998626709,16.7880001068115,15.5670003890991,16.1749992370605,708728000,16.1087856292725
"2022-05-13",16.7880001068115,17.92799949646,16.5930004119873,17.7059993743896,670437000,17.6335163116455
"2022-05-16",17.5090007781982,17.7880001068115,17.1060009002686,17.2639999389648,521446000,17.1933269500732
"2022-05-17",18.0739994049072,18.371000289917,17.6340007781982,18.1770000457764,585830000,18.1025905609131
"2022-05-18",17.7049999237061,18.1180000305176,16.8640003204346,16.9379997253418,545161000,16.8686580657959
"2022-05-19",16.9370002746582,17.6870002746582,16.7339992523193,17.1240005493164,621310000,17.0538997650146
"2022-05-20",17.3320007324219,17.4099998474121,15.7550001144409,16.6940002441406,739105000,16.6256580352783
"2022-05-23",16.2740001678467,16.9150009155273,16.1790008544922,16.8980007171631,639889000,16.8288230895996
"2022-05-24",16.5100002288818,16.5970001220703,15.7799997329712,16.1539993286133,588550000,16.0878715515137
"2022-05-25",16.0200004577637,17.1110000610352,16,16.9750003814697,781132000,16.9055099487305
"2022-05-26",16.0359992980957,18.0919990539551,16.0219993591309,17.8509998321533,996575000,17.7779197692871
"2022-05-27",18.1860008239746,18.8810005187988,18.1000003814697,18.8110008239746,738379000,18.7339954376221
"2022-05-31",18.9799995422363,19.2000007629395,18.3500003814697,18.6720008850098,664100000,18.5955619812012
"2022-06-01",18.7240009307861,19.05299949646,18.1219997406006,18.3199996948242,544514000,18.2450008392334
"2022-06-02",18.2919998168945,19.6189994812012,18.1979999542236,19.5919990539551,648656000,19.5117931365967
"2022-06-03",19.0820007324219,19.3320007324219,18.5219993591309,18.7199993133545,598779000,18.6433658599854
"2022-06-06",19.1389999389648,19.3369998931885,18.5639991760254,18.7859992980957,422406000,18.7090969085693
"2022-06-07",18.4720001220703,19,18.1879997253418,18.9260005950928,388914000,18.8485221862793
"2022-06-08",18.798999786377,19.1800003051758,18.5349998474121,18.6480007171631,363252000,18.575590133667
"2022-06-09",18.4810009002686,18.9330005645752,18.0410003662109,18.0480003356934,395574000,17.9779205322266
"2022-06-10",17.6000003814697,17.69700050354,16.8689994812012,16.9740009307861,465248000,16.9080867767334
"2022-06-13",16,16.3120002746582,15.6059999465942,15.6470003128052,604153000,15.5862407684326
"2022-06-14",15.7309999465942,16.0659999847412,15.4119997024536,15.8360004425049,469680000,15.7745046615601
"2022-06-15",16.0949993133545,16.8680000305176,15.9259996414185,16.5270004272461,563936000,16.4628238677979
"2022-06-16",15.8599996566772,15.9420003890991,15.4010000228882,15.6009998321533,545749000,15.5404186248779
"2022-06-17",15.6479997634888,15.9949998855591,15.3280000686646,15.8800001144409,630334000,15.8183364868164
"2022-06-21",16.4750003814697,17.007999420166,16.4069995880127,16.5659999847412,483089000,16.5016689300537
"2022-06-22",16.2259998321533,16.6620006561279,16.1800003051758,16.3600006103516,437135000,16.2964725494385
"2022-06-23",16.5189990997314,16.5849990844727,15.8529996871948,16.2250003814697,463680000,16.1619911193848
"2022-06-24",16.5,17.1399993896484,16.3099994659424,17.1259994506836,472153000,17.0594959259033
"2022-06-27",17.3120002746582,17.3299999237061,16.6259994506836,16.8689994812012,427968000,16.8034934997559
"2022-06-28",16.8999996185303,17.2019996643066,15.9449996948242,15.9820003509521,461149000,15.919939994812
"2022-06-29",15.8140001296997,15.8199996948242,15.1700000762939,15.5419998168945,482352000,15.4816474914551
"2022-06-30",15.3610000610352,15.5670003890991,14.8620004653931,15.1590003967285,686070000,15.1001348495483
"2022-07-01",14.8990001678467,15.0629997253418,14.3920001983643,14.5229997634888,577610000,14.4666061401367
"2022-07-05",14.1750001907349,14.9709997177124,14.0550003051758,14.96399974823,651397000,14.9058923721313
"2022-07-06",15.0100002288818,15.3190002441406,14.7889995574951,15.1300001144409,529066000,15.0712471008301
"2022-07-07",15.456000328064,15.9449996948242,15.3889999389648,15.8579998016357,492903000,15.7964210510254
"2022-07-08",15.4300003051758,16.0370006561279,15.3889999389648,15.8380002975464,467972000,15.7764987945557
"2022-07-11",15.5260000228882,15.5270004272461,15.0380001068115,15.1520004272461,437321000,15.0931625366211
"2022-07-12",15.2679996490479,15.4309997558594,14.8769998550415,15.0819997787476,458483000,15.0234327316284
"2022-07-13",14.5900001525879,15.375,14.4650001525879,15.1639995574951,521918000,15.1051149368286
"2022-07-14",15.1079998016357,15.4729995727539,14.7279996871948,15.3719997406006,456235000,15.3123073577881
"2022-07-15",15.6590003967285,15.7819995880127,15.4449996948242,15.7620000839233,385935000,15.7007942199707
"2022-07-18",16.3020000457764,16.8969993591309,16.0020008087158,16.1009998321533,670517000,16.0384769439697
"2022-07-19",16.4860000610352,17.1100006103516,16.1720008850098,16.992000579834,702366000,16.9260177612305
"2022-07-20",16.94700050354,17.9330005645752,16.8010005950928,17.806999206543,760538000,17.7378540039062
"2022-07-21",17.8850002288818,18.1439990997314,17.5450000762939,18.0499992370605,557049000,17.979907989502
"2022-07-22",17.8929996490479,17.9669990539551,17.136999130249,17.3190002441406,536671000,17.2517471313477
"2022-07-25",17.0189990997314,17.1240005493164,16.6490001678467,17.0240001678467,480748000,16.957893371582
"2022-07-26",16.8889999389648,16.9190006256104,16.4780006408691,16.5330009460449,397865000,16.4687976837158
"2022-07-27",17.0319995880127,17.9360008239746,16.9130001068115,17.7900009155273,569776000,17.7209205627441
"2022-07-28",17.9750003814697,18.1399993896484,17.4400005340576,17.9839992523193,474646000,17.9141635894775
"2022-07-29",17.8129997253418,18.2439994812012,17.6919994354248,18.1630001068115,435460000,18.0924663543701
"2022-08-01",18.181999206543,18.8460006713867,17.9899997711182,18.4409999847412,476469000,18.3693923950195
"2022-08-02",18.1219997406006,18.9379997253418,18.0919990539551,18.5259990692139,489527000,18.4540596008301
"2022-08-03",18.1840000152588,18.9680004119873,18.136999130249,18.8929996490479,418146000,18.819637298584
"2022-08-04",18.8490009307861,19.2740001678467,18.7600002288818,19.2150001525879,409652000,19.1403827667236
"2022-08-05",18.8099994659424,19.2290000915527,18.6660003662109,18.9890003204346,386068000,18.91526222229
"2022-08-08",17.5020008087158,18.2390003204346,17.242000579834,17.7929992675781,981859000,17.7239055633545
"2022-08-09",17.2520008087158,17.44700050354,16.7240009307861,17.0860004425049,668263000,17.0196552276611
"2022-08-10",17.6979999542236,18.1180000305176,17.3169994354248,18.0970001220703,597422000,18.026725769043
"2022-08-11",18.1310005187988,18.7070007324219,17.8759994506836,17.9419994354248,509327000,17.8723258972168
"2022-08-12",18.1599998474121,18.7180004119873,17.9529991149902,18.7089996337891,478094000,18.6363468170166
"2022-08-15",18.701000213623,19.1639995574951,18.613000869751,19.0319995880127,457666000,18.9580917358398
"2022-08-16",18.9200000762939,19.1420001983643,18.5009994506836,18.878999710083,451240000,18.8056888580322
"2022-08-17",18.5230007171631,18.6879997253418,18.1450004577637,18.3349990844727,446799000,18.263801574707
"2022-08-18",18.3010005950928,18.8649997711182,18.1830005645752,18.7730007171631,415447000,18.7000999450684
"2022-08-19",18.4060001373291,18.5200004577637,17.7700004577637,17.8490009307861,441588000,17.7796859741211
"2022-08-22",17.4899997711182,17.5580005645752,16.9659996032715,17.0340003967285,409593000,16.9678554534912
"2022-08-23",16.9890003204346,17.4650001525879,16.9699993133545,17.1809997558594,369986000,17.1142826080322
"2022-08-24",17.011999130249,17.4060001373291,16.8950004577637,17.2220001220703,522661000,17.1551208496094
"2022-08-25",16.8439998626709,17.94700050354,16.8330001831055,17.9130001068115,770691000,17.8434410095215
"2022-08-26",17.8570003509521,17.923999786377,16.2369995117188,16.2600002288818,769127000,16.1968593597412
"2022-08-29",16.0200004577637,16.3379993438721,15.7670001983643,15.8009996414185,496132000,15.7396421432495
"2022-08-30",15.960000038147,16.0389995574951,15.1820001602173,15.4680004119873,530181000,15.4079370498657
"2022-08-31",15.3839998245239,15.539999961853,14.9589996337891,15.0939998626709,573710000,15.0353851318359
"2022-09-01",14.2089996337891,14.3800001144409,13.2700004577637,13.9370002746582,1178865000,13.8828792572021
"2022-09-02",14.1000003814697,14.1709995269775,13.5909996032715,13.6470003128052,743157000,13.5940074920654
"2022-09-06",13.7309999465942,13.7790002822876,13.3509998321533,13.4650001525879,535751000,13.412712097168
"2022-09-07",13.5629997253418,13.8380002975464,13.3459997177124,13.71399974823,512657000,13.6648044586182
"2022-09-08",13.4589996337891,14.0080003738403,13.3690004348755,13.9899997711182,624873000,13.9398155212402
"2022-09-09",14.1569995880127,14.4739999771118,14.1260004043579,14.3870000839233,486612000,14.3353891372681
"2022-09-12",14.3690004348755,14.5469999313354,14.1979999542236,14.5050001144409,484159000,14.4529666900635
"2022-09-13",13.8020000457764,13.9219999313354,13.0989999771118,13.1309995651245,714956000,13.0838956832886
"2022-09-14",13.253999710083,13.289999961853,12.9130001068115,13.1280002593994,588507000,13.080906867981
"2022-09-15",13.0150003433228,13.2329998016357,12.789999961853,12.9289999008179,523625000,12.8826217651367
"2022-09-16",12.7419996261597,13.2119998931885,12.6169996261597,13.1979999542236,670751000,13.15065574646
"2022-09-19",13.0120000839233,13.4630002975464,13.0100002288818,13.3819999694824,569685000,13.3339986801147
"2022-09-20",13.2150001525879,13.4829998016357,13.0570001602173,13.1759996414185,524818000,13.1287355422974
"2022-09-21",13.2130002975464,14.0310001373291,13.1099996566772,13.2609996795654,807679000,13.2134304046631
"2022-09-22",13.0699996948242,13.1490001678467,12.4280004501343,12.5609998703003,759162000,12.5159406661987
"2022-09-23",12.4200000762939,12.6110000610352,12.2569999694824,12.5159997940063,663309000,12.4711036682129
"2022-09-26",12.4910001754761,12.6590003967285,12.21399974823,12.2279996871948,547343000,12.1841373443604
"2022-09-27",12.5069999694824,12.7360000610352,12.2580003738403,12.4130001068115,553854000,12.3684730529785
"2022-09-28",12.4099998474121,12.8229999542236,12.3540000915527,12.7360000610352,542414000,12.6903142929077
"2022-09-29",12.4479999542236,12.5,11.9460000991821,12.2200002670288,532763000,12.1761655807495
"2022-09-30",12.0869998931885,12.6330003738403,12.0749998092651,12.1389999389648,565638000,12.095456123352
"2022-10-03",12.3470001220703,12.6780004501343,12.1049995422363,12.5120000839233,547478000,12.4671182632446
"2022-10-04",12.878999710083,13.2200002670288,12.878999710083,13.1669998168945,584182000,13.1197662353516
"2022-10-05",12.91100025177,13.3210000991821,12.621000289917,13.2089996337891,507131000,13.161618232727
"2022-10-06",13.2200002670288,13.6560001373291,13.1029996871948,13.1300001144409,644157000,13.0829000473022
"2022-10-07",12.5050001144409,12.6700000762939,12.0220003128052,12.076000213623,672478000,12.0326814651489
"2022-10-10",12.0369997024536,12.1239995956421,11.4079999923706,11.6700000762939,698699000,11.6281366348267
"2022-10-11",11.5609998703003,11.8459997177124,11.2829999923706,11.5860004425049,667482000,11.5444393157959
"2022-10-12",11.5790004730225,11.7349996566772,11.3450002670288,11.5,492590000,11.4587469100952
"2022-10-13",10.9709997177124,12.0780000686646,10.8129997253418,11.960000038147,850103000,11.9170961380005
"2022-10-14",12.0570001602173,12.1110000610352,11.2040004730225,11.2270002365112,713432000,11.1867265701294
"2022-10-17",11.5179996490479,11.9479999542236,11.5170001983643,11.8879995346069,580774000,11.8453550338745
"2022-10-18",12.3439998626709,12.4919996261597,11.6180000305176,11.9670000076294,659362000,11.9240732192993
"2022-10-19",11.878999710083,12.3500003814697,11.8339996337891,12.0509996414185,523131000,12.0077695846558
"2022-10-20",12.1129999160767,12.7690000534058,12.1049995422363,12.1940002441406,652398000,12.1502590179443
"2022-10-21",12.0979995727539,12.4980001449585,11.8870000839233,12.4659996032715,609494000,12.4212846755981
"2022-10-24",12.5080003738403,12.710000038147,12.0640001296997,12.5989999771118,517457000,12.5538063049316
"2022-10-25",12.6940002441406,13.3000001907349,12.6639995574951,13.2609996795654,505482000,13.2134304046631
"2022-10-26",12.8690004348755,13.3879995346069,12.7080001831055,12.8959999084473,532953000,12.849739074707
"2022-10-27",13.6300001144409,13.8380002975464,13.1219997406006,13.1759996414185,583113000,13.1287355422974
"2022-10-28",13.1040000915527,13.8500003814697,13.0609998703003,13.8339996337891,521040000,13.7843732833862
"2022-10-31",13.7779998779297,13.8380002975464,13.2969999313354,13.4969997406006,486341000,13.4485855102539
"2022-11-01",13.8109998703003,13.9250001907349,13.5190000534058,13.5430002212524,432817000,13.4944190979004
"2022-11-02",13.8500003814697,14.210000038147,13.2110004425049,13.2189998626709,672628000,13.1715812683105
"2022-11-03",13.0430002212524,13.7810001373291,12.956000328064,13.4209995269775,500065000,13.3728561401367
"2022-11-04",13.9860000610352,14.2290000915527,13.6969995498657,14.1560001373291,612576000,14.1052188873291
"2022-11-07",14.2279996871948,14.4119997024536,13.9540004730225,14.3009996414185,410061000,14.249698638916
"2022-11-08",14.8009996414185,14.8909997940063,14.2159996032715,14.6020002365112,595292000,14.5496206283569
"2022-11-09",14.1619997024536,14.2110004425049,13.7589998245239,13.7760000228882,454414000,13.726583480835
"2022-11-10",14.8000001907349,15.7729997634888,14.5469999313354,15.75,700819000,15.6935014724731
"2022-11-11",15.8070001602173,16.3889999389648,15.4820003509521,16.3269996643066,655487000,16.2684307098389
"2022-11-14",16.2180004119873,16.5400009155273,15.9219999313354,16.2950000762939,527852000,16.2365455627441
"2022-11-15",16.7220001220703,16.9979991912842,16.3819999694824,16.6660003662109,545876000,16.6062145233154
"2022-11-16",16.1620006561279,16.3619995117188,15.8730001449585,15.9099998474121,649547000,15.8529272079468
"2022-11-17",15.7150001525879,16.2660007476807,15.5349998474121,15.6770000457764,710894000,15.6207647323608
"2022-11-18",15.9659996032715,16.0020008087158,15.1199998855591,15.4090003967285,492072000,15.3537254333496
"2022-11-21",15.1470003128052,15.4770002365112,15.0799999237061,15.3170003890991,404739000,15.2620544433594
"2022-11-22",15.3280000686646,16.0580005645752,15.1219997406006,16.0380001068115,472866000,15.9804697036743
"2022-11-23",16.0979995727539,16.5270004272461,16.0480003356934,16.5189990997314,427241000,16.4597434997559
"2022-11-25",16.318000793457,16.4869995117188,16.1720008850098,16.2700004577637,167934000,16.2116374969482
"2022-11-28",16.0259990692139,16.3570003509521,15.7250003814697,15.8269996643066,303741000,15.7702255249023
"2022-11-29",15.8269996643066,15.9320001602173,15.5200004577637,15.6389999389648,298384000,15.5829000473022
"2022-11-30",15.6969995498657,16.9300003051758,15.5970001220703,16.9230003356934,565298000,16.866605758667
"2022-12-01",16.9990005493164,17.2649993896484,16.6350002288818,17.1350002288818,470977000,17.0778999328613
"2022-12-02",16.6590003967285,16.9330005645752,16.4449996948242,16.8759994506836,371389000,16.8197631835938
"2022-12-05",16.6790008544922,16.9950008392334,16.4720001220703,16.6100006103516,352255000,16.5546531677246
"2022-12-06",16.5300006866455,16.5729999542236,15.8190002441406,15.9870004653931,352694000,15.9337282180786
"2022-12-07",15.7720003128052,16.1860008239746,15.6669998168945,16.1200008392334,372388000,16.0662860870361
"2022-12-08",16.2730007171631,17.1790008544922,15.9589996337891,17.1690006256104,515456000,17.1117897033691
"2022-12-09",17.1599998474121,17.5830001831055,16.9750003814697,17.0009994506836,465338000,16.9443492889404
"2022-12-12",17.0370006561279,17.5380001068115,16.7970008850098,17.5349998474121,457328000,17.4765701293945
"2022-12-13",18.5310001373291,18.7900009155273,17.7110004425049,18.07200050354,656589000,18.0117778778076
"2022-12-14",17.9869995117188,18.2520008087158,17.4200000762939,17.673999786377,496888000,17.6151065826416
"2022-12-15",17.1459999084473,17.3199996948242,16.7000007629395,16.9519996643066,478542000,16.8955135345459
"2022-12-16",16.8640003204346,17.0410003662109,16.4099998474121,16.5709991455078,478232000,16.5157794952393
"2022-12-19",16.57200050354,16.6089992523193,16.1450004577637,16.253999710083,354039000,16.199836730957
"2022-12-20",16.0639991760254,16.3099994659424,15.8520002365112,16.0849990844727,403260000,16.0313987731934
"2022-12-21",16.1140003204346,16.6270008087158,16.1019992828369,16.5009994506836,325025000,16.4460124969482
"2022-12-22",16.0939998626709,16.1380004882812,14.8819999694824,15.33899974823,565045000,15.2878856658936
"2022-12-23",15.1960000991821,15.33899974823,14.8830003738403,15.206000328064,349326000,15.1553287506104
"2022-12-27",15.0740003585815,15.1000003814697,14.0559997558594,14.121000289917,464902000,14.0739440917969
"2022-12-28",13.9270000457764,14.2620000839233,13.8839998245239,14.03600025177,351066000,13.9892292022705
"2022-12-29",14.4020004272461,14.6829996109009,14.2270002365112,14.6029996871948,354923000,14.5543394088745
"2022-12-30",14.3339996337891,14.628999710083,14.2329998016357,14.6140003204346,310490000,14.5653018951416
"2023-01-03",14.8509998321533,14.996000289917,14.0959997177124,14.3149995803833,401277000,14.267297744751
"2023-01-04",14.5670003890991,14.8529996871948,14.2410001754761,14.7489995956421,431324000,14.6998510360718
"2023-01-05",14.4910001754761,14.5640001296997,14.1479997634888,14.2650003433228,389168000,14.2174654006958
"2023-01-06",14.4739999771118,15.0100002288818,14.0340003967285,14.8590002059937,405044000,14.8094835281372
"2023-01-09",15.2840003967285,16.0559997558594,15.1409997940063,15.6280002593994,504231000,15.575924873352
"2023-01-10",15.5069999694824,15.9619998931885,15.4720001220703,15.9090003967285,384101000,15.8559865951538
"2023-01-11",15.8400001525879,16.0279998779297,15.5629997253418,16.0009994506836,353285000,15.9476776123047
"2023-01-12",16.1000003814697,16.636999130249,15.4919996261597,16.5109996795654,551409000,16.4559803009033
"2023-01-13",16.2779998779297,16.9220008850098,16.1650009155273,16.8990001678467,447287000,16.8426876068115
"2023-01-17",16.8990001678467,17.7280006408691,16.8990001678467,17.7019996643066,511102000,17.6430149078369
"2023-01-18",17.6669998168945,17.8729991912842,17.2819995880127,17.3770008087158,439624000,17.3190975189209
"2023-01-19",17.0359992980957,17.19700050354,16.7310009002686,16.7649993896484,452932000,16.7091312408447
"2023-01-20",17.0109996795654,17.8560009002686,16.8250007629395,17.8390007019043,564967000,17.7795562744141
"2023-01-23",18.0639991760254,19.2450008392334,17.818000793457,19.193000793457,655163000,19.1290416717529
"2023-01-24",18.8269996643066,19.4950008392334,18.8199996948242,19.2649993896484,496204000,19.2008018493652
"2023-01-25",18.9130001068115,19.3700008392334,18.5799999237061,19.3229999542236,449537000,19.2586135864258
"2023-01-26",19.701000213623,20.1660003662109,19.2779998779297,19.8020000457764,489535000,19.7360153198242
"2023-01-27",19.4619998931885,20.6280002593994,19.4050006866455,20.3649997711182,542142000,20.2971420288086
"2023-01-30",19.9500007629395,20.1399993896484,19.1499996185303,19.1620006561279,488611000,19.0981483459473
"2023-01-31",19.1700000762939,19.6870002746582,18.9500007629395,19.5370006561279,498017000,19.4718971252441
"2023-02-01",19.6909999847412,21.1919994354248,19.6110000610352,20.943000793457,660477000,20.8732147216797
"2023-02-02",21,21.9489994049072,20.7000007629395,21.7089996337891,564276000,21.6366577148438
"2023-02-03",21,21.7450008392334,20.7889995574951,21.1000003814697,429366000,21.0296878814697
"2023-02-06",20.8059997558594,21.5699996948242,20.7859992980957,21.0890007019043,452197000,21.018726348877
"2023-02-07",21.3819999694824,22.2590007781982,21.1499996185303,22.1730003356934,664150000,22.0991153717041
"2023-02-08",22.386999130249,22.8780002593994,22.007999420166,22.2049999237061,559651000,22.1310062408447
"2023-02-09",22.6060009002686,23.0200004577637,22.1200008392334,22.3369998931885,523876000,22.262565612793
"2023-02-10",21.6900005340576,22.0779991149902,20.8110008239746,21.2649993896484,550737000,21.1941375732422
"2023-02-13",21.5380001068115,22.0480003356934,20.9619998931885,21.7880001068115,474919000,21.7153949737549
"2023-02-14",21.5779991149902,23.048999786377,21.3659992218018,22.9710006713867,675474000,22.8944568634033
"2023-02-15",22.548999786377,22.8549995422363,22.1060009002686,22.7639999389648,420575000,22.6881446838379
"2023-02-16",22.132999420166,22.5499992370605,21.9270000457764,22.0020008087158,412026000,21.9286861419678
"2023-02-17",21.6310005187988,21.7399997711182,20.9750003814697,21.3880004882812,465888000,21.3167343139648
"2023-02-21",21,21.4939994812012,20.6180000305176,20.6550006866455,410015000,20.5861721038818
"2023-02-22",20.7070007324219,21.1040000915527,20.4209995269775,20.753999710083,513184000,20.6848411560059
"2023-02-23",23.4400005340576,23.8880004882812,23.0249996185303,23.6639995574951,1117995000,23.5851440429688
"2023-02-24",23.2250003814697,23.4740009307861,22.94700050354,23.2859992980957,589716000,23.2084007263184
"2023-02-27",23.6700000762939,23.8799991607666,23.4540004730225,23.5009994506836,452994000,23.4226837158203
"2023-02-28",23.3719997406006,23.8250007629395,23.2059993743896,23.2159996032715,455963000,23.1386375427246
"2023-03-01",23.1919994354248,23.2560005187988,22.507999420166,22.6979999542236,460026000,22.6223640441895
"2023-03-02",22.488000869751,23.3799991607666,22.431999206543,23.3139991760254,389415000,23.2363109588623
"2023-03-03",23.3199996948242,23.8999996185303,23.1299991607666,23.8899993896484,412393000,23.8103904724121
"2023-03-06",23.8910007476807,24.2479991912842,23.4869995117188,23.5540008544922,437429000,23.475513458252
"2023-03-07",23.6000003814697,24.125,23.2409992218018,23.2880001068115,515154000,23.2143402099609
"2023-03-08",23.4869995117188,24.2000007629395,23.423999786377,24.1809997558594,513573000,24.1045150756836
"2023-03-09",24.1749992370605,24.4540004730225,23.382999420166,23.4360008239746,501257000,23.3618717193604
"2023-03-10",23.4090003967285,23.6270008087158,22.7259998321533,22.9650001525879,474866000,22.8923625946045
"2023-03-13",22.7520008087158,23.2980003356934,22.2970008850098,22.9659996032715,421890000,22.8933582305908
"2023-03-14",23.496000289917,24.2189998626709,23.4599990844727,24.0629997253418,474910000,23.9868907928467
"2023-03-15",23.7609996795654,24.2859992980957,23.3600006103516,24.2280006408691,524486000,24.1513690948486
"2023-03-16",24.0270004272461,25.5879993438721,23.8939990997314,25.5410003662109,583253000,25.4602146148682
"2023-03-17",25.9820003509521,26.3990001678467,25.6679992675781,25.7250003814697,848547000,25.6436309814453
"2023-03-20",25.6149997711182,26.0240001678467,25.1299991607666,25.8999996185303,432747000,25.8180809020996
"2023-03-21",26.1800003051758,26.3920001983643,25.3810005187988,26.1989994049072,547408000,26.1161289215088
"2023-03-22",26.4249992370605,27.5890007019043,26.2369995117188,26.4680004119873,797295000,26.3842792510986
"2023-03-23",27.1149997711182,27.4990005493164,26.6900005340576,27.1909999847412,564889000,27.1049900054932
"2023-03-24",27.0310001373291,27.1669998168945,26.3549995422363,26.7789993286133,454920000,26.6942977905273
"2023-03-27",26.8369998931885,27,26.3649997711182,26.5310001373291,361026000,26.4470844268799
"2023-03-28",26.44700050354,26.5130004882812,25.8500003814697,26.4099998474121,356104000,26.3264656066895
"2023-03-29",26.8250007629395,27.0779991149902,26.5970001220703,26.9839992523193,393694000,26.898645401001
"2023-03-30",27.2290000915527,27.4990005493164,27.1019992828369,27.382999420166,364516000,27.2963886260986
"2023-03-31",27.1399993896484,27.8339996337891,27.1049995422363,27.7770004272461,433933000,27.6891422271729
"2023-04-03",27.5090007781982,28,27.3360004425049,27.9650001525879,398716000,27.8765487670898
"2023-04-04",27.9659996032715,28,27.306999206543,27.4529991149902,368592000,27.3661651611328
"2023-04-05",26.8290004730225,26.9979991912842,26.3950004577637,26.8810005187988,515015000,26.7959766387939
"2023-04-06",26.5839996337891,27.0799999237061,26.4270000457764,27.0370006561279,397654000,26.9514846801758
"2023-04-10",26.8229999542236,27.621000289917,26.6690006256104,27.5790004730225,395279000,27.4917678833008
"2023-04-11",27.7240009307861,27.7900009155273,27.1259994506836,27.1690006256104,314378000,27.083065032959
"2023-04-12",27.3700008392334,27.4680004119873,26.4479999542236,26.4950008392334,446259000,26.4111957550049
"2023-04-13",26.7339992523193,26.886999130249,26.3290004730225,26.4629993438721,353615000,26.3792991638184
"2023-04-14",26.503999710083,26.882999420166,26.2199993133545,26.757999420166,395660000,26.6733627319336
"2023-04-17",26.5650005340576,27.0060005187988,26.4330005645752,27.0020008087158,321471000,26.916597366333
"2023-04-18",27.5330009460449,28.1100006103516,27.3570003509521,27.6669998168945,604812000,27.5794944763184
"2023-04-19",27.3610000610352,28,27.2320003509521,27.9309997558594,358660000,27.8426551818848
"2023-04-20",27.6709995269775,28.0300006866455,27,27.1040000915527,427713000,27.0182685852051
"2023-04-21",26.9519996643066,27.1830005645752,26.7220001220703,27.1189994812012,345103000,27.0332221984863
"2023-04-24",27.0130004882812,27.3659992218018,26.6709995269775,27.0419998168945,339282000,26.9564666748047
"2023-04-25",27.0779991149902,27.2469997406006,26.2250003814697,26.2409992218018,378527000,26.1579971313477
"2023-04-26",27.0020008087158,27.3299999237061,26.7049999237061,26.9559993743896,406337000,26.8707408905029
"2023-04-27",27.363000869751,27.4950008392334,26.625,27.2259998321533,377161000,27.1398849487305
"2023-04-28",27.2250003814697,27.757999420166,27.0709991455078,27.7490005493164,292216000,27.6612300872803
"2023-05-01",27.8400001525879,29.0580005645752,27.7800006866455,28.9099998474121,570329000,28.8185558319092
"2023-05-02",28.6800003051758,28.8360004425049,28.0830001831055,28.2099990844727,402730000,28.1207733154297
"2023-05-03",27.8400001525879,28.367000579834,27.4720001220703,27.8020000457764,383387000,27.7140617370605
"2023-05-04",27.6509990692139,27.8589992523193,27.2399997711182,27.5620002746582,321850000,27.4748249053955
"2023-05-05",27.826000213623,28.7549991607666,27.7310009002686,28.6800003051758,361494000,28.5892868041992
"2023-05-08",28.5219993591309,29.2199993133545,28.3500003814697,29.1509990692139,344979000,29.0587940216064
"2023-05-09",28.8990001678467,28.9729995727539,28.4500007629395,28.5709991455078,314869000,28.4806270599365
"2023-05-10",29.0049991607666,29.113000869751,28.4610004425049,28.8850002288818,369350000,28.7936325073242
"2023-05-11",28.8959999084473,28.9500007629395,28.246000289917,28.5779991149902,322149000,28.487606048584
"2023-05-12",28.5289993286133,28.7800006866455,28.0459995269775,28.3400001525879,274222000,28.2503623962402
"2023-05-15",28.507999420166,28.9689998626709,28.1520004272461,28.9529991149902,293926000,28.8614234924316
"2023-05-16",28.8409996032715,29.8700008392334,28.8320007324219,29.2129993438721,449405000,29.1205959320068
"2023-05-17",29.5839996337891,30.1989994049072,29.4300003051758,30.17799949646,432535000,30.0825481414795
"2023-05-18",30.4099998474121,31.8279991149902,30.3199996948242,31.67799949646,748725000,31.5778007507324
"2023-05-19",31.5359992980957,31.5799999237061,30.9160003662109,31.2639999389648,473908000,31.165111541748
"2023-05-22",30.9009990692139,31.5200004577637,30.6800003051758,31.1760005950928,3.72e+08,31.0773887634277
"2023-05-23",31,31.2880001068115,30.6310005187988,30.6879997253418,356253000,30.590934753418
"2023-05-24",30.2099990844727,30.6070003509521,29.8059997558594,30.5380001068115,721419000,30.44140625
"2023-05-25",38.5229988098145,39.4799995422363,36.6349983215332,37.9799995422363,1543911000,37.8598709106445
"2023-05-26",37.8899993896484,39.1699981689453,37.5499992370605,38.9459991455078,714397000,38.8228149414062
"2023-05-30",40.5950012207031,41.9379997253418,39.9490013122559,40.1110000610352,923401000,39.9841270446777
"2023-05-31",39.4879989624023,40.2949981689453,37.8219985961914,37.8339996337891,1002580000,37.7143325805664
"2023-06-01",38.4889984130859,40.0499992370605,38.3400001525879,39.7700004577637,635873000,39.6442108154297
"2023-06-02",40.0970001220703,40.5,39.0579986572266,39.3269996643066,482731000,39.2026100158691
"2023-06-05",38.9090003967285,39.564998626709,38.7070007324219,39.1710014343262,396094000,39.0471076965332
"2023-06-06",38.8300018310547,39.1599998474121,38.1479988098145,38.6539993286133,388729000,38.5317344665527
"2023-06-07",38.9150009155273,39.4990005493164,37.3559989929199,37.4749984741211,511998000,37.3603363037109
"2023-06-08",37.7239990234375,38.8639984130859,37.5050010681152,38.5099983215332,417772000,38.392162322998
"2023-06-09",39.0369987487793,39.7109985351562,38.5670013427734,38.7700004577637,427717000,38.6513710021973
"2023-06-12",39.2000007629395,39.5299987792969,38.6180000305176,39.4819984436035,388701000,39.3611869812012
"2023-06-13",40.1860008239746,41.101001739502,39.7400016784668,41.0219993591309,613208000,40.8964767456055
"2023-06-14",40.8240013122559,43,40.5519981384277,42.9970016479492,740465000,42.8654365539551
"2023-06-15",42.6020011901855,43.2890014648438,42.1469993591309,42.6529998779297,568622000,42.5224838256836
"2023-06-16",43.4500007629395,43.7210006713867,42.6609992980957,42.6920013427734,655709000,42.5613670349121
"2023-06-20",42.9980010986328,43.9900016784668,42.673999786377,43.8079986572266,451153000,43.6739540100098
"2023-06-21",43.5009994506836,43.6150016784668,42.0800018310547,43.0449981689453,551603000,42.9132919311523
"2023-06-22",42.2529983520508,43.4259986877441,42.234001159668,43.0250015258789,417737000,42.8933563232422
"2023-06-23",42.4640007019043,42.8089981079102,42.0149993896484,42.2089996337891,358140000,42.0798530578613
"2023-06-26",42.4609985351562,42.7639999389648,40.0999984741211,40.6319999694824,594322000,40.5076751708984
"2023-06-27",40.798999786377,41.939998626709,40.4480018615723,41.8759994506836,462175000,41.7478675842285
"2023-06-28",40.6599998474121,41.8450012207031,40.5180015563965,41.117000579834,582639000,40.9911880493164
"2023-06-29",41.5579986572266,41.5999984741211,40.5999984741211,40.8219985961914,380514000,40.697093963623
"2023-06-30",41.6800003051758,42.5499992370605,41.5009994506836,42.3019981384277,501148000,42.1725616455078
"2023-07-03",42.5169982910156,42.8979988098145,42.2019996643066,42.4129981994629,198209000,42.2832183837891
"2023-07-05",42.1349983215332,43.1769981384277,42.0849990844727,42.3170013427734,323618000,42.1875152587891
"2023-07-06",41.8440017700195,42.1790008544922,41.3460006713867,42.1030006408691,303582000,41.9741744995117
"2023-07-07",42.3219985961914,43.2140007019043,42.1800003051758,42.5029983520508,355881000,42.3729515075684
"2023-07-10",42.6570014953613,42.8110008239746,41.648998260498,42.1800003051758,353908000,42.0509262084961
"2023-07-11",42.4809989929199,42.757999420166,42.0670013427734,42.4049987792969,298244000,42.2752380371094
"2023-07-12",43.0330009460449,43.935001373291,42.7770004272461,43.9020004272461,481277000,43.7676658630371
"2023-07-13",44.5180015563965,46.1549987792969,44.492000579834,45.9770011901855,478204000,45.8363189697266
"2023-07-14",46.5830001831055,48.0880012512207,45.060001373291,45.4690017700195,772075000,45.3298759460449
"2023-07-17",46.2890014648438,46.4959983825684,45.2620010375977,46.4609985351562,510488000,46.3188362121582
"2023-07-18",46.701000213623,47.8959999084473,45.734001159668,47.4939994812012,569164000,47.3486747741699
"2023-07-19",47.4640007019043,47.818000793457,46.742000579834,47.0769996643066,427502000,46.9329528808594
"2023-07-20",46.5069999694824,47.0870018005371,45.0620002746582,45.5200004577637,537865000,45.3807182312012
"2023-07-21",45.7879981994629,45.8660011291504,44.0999984741211,44.3089981079102,963769000,44.1734161376953
"2023-07-24",44.7309989929199,45.109001159668,44.0400009155273,44.6119995117188,382516000,44.4754943847656
"2023-07-25",44.9410018920898,46.1829986572266,44.9230003356934,45.6790008544922,348081000,45.539234161377
"2023-07-26",46.0209999084473,46.0530014038086,44.6300010681152,45.4519996643066,364237000,45.3129234313965
"2023-07-27",46.5190010070801,47.3950004577637,45.75,45.9000015258789,455976000,45.7595558166504
"2023-07-28",46.6679992675781,47.0270004272461,46.3810005187988,46.75,331194000,46.6069602966309
"2023-07-31",46.7540016174316,47.1300010681152,46.5060005187988,46.7290000915527,251055000,46.586009979248
"2023-08-01",46.4599990844727,46.9000015258789,46.0270004272461,46.5069999694824,237858000,46.3646965026855
"2023-08-02",45.8310012817383,45.8400001525879,43.3870010375977,44.2690010070801,530142000,44.1335487365723
"2023-08-03",43.7999992370605,45.1180000305176,43.7999992370605,44.5149993896484,324176000,44.378791809082
"2023-08-04",44.9850006103516,45.6419982910156,44.3930015563965,44.6800003051758,362666000,44.5432891845703
"2023-08-07",45.1110000610352,45.5400009155273,44.5629997253418,45.4169998168945,322154000,45.2780342102051
"2023-08-08",44.8530006408691,45.242000579834,44.0559997558594,44.6640014648438,353843000,44.5273284912109
"2023-08-09",44.273998260498,44.3120002746582,42.1339988708496,42.5540008544922,586449000,42.4237976074219
"2023-08-10",42.1599998474121,43.5740013122559,41.8349990844727,42.3880004882812,492705000,42.2582931518555
"2023-08-11",41.7509994506836,42.0180015563965,40.6389999389648,40.8549995422363,533085000,40.7299880981445
"2023-08-14",40.4860000610352,43.7999992370605,40.3110008239746,43.7529983520508,690286000,43.6191177368164
"2023-08-15",44.560001373291,45.2680015563965,43.7099990844727,43.939998626709,676512000,43.8055534362793
"2023-08-16",44.5200004577637,44.6749992370605,43.4059982299805,43.4860000610352,527451000,43.3529396057129
"2023-08-17",43.9700012207031,44.0620002746582,43.0009994506836,43.3440017700195,452395000,43.2113723754883
"2023-08-18",42.6349983215332,43.5779991149902,41.6599998474121,43.298999786377,583768000,43.1665115356445
"2023-08-21",44.4939994812012,47.064998626709,44.2220001220703,46.9669990539551,692573000,46.8232955932617
"2023-08-22",48.1349983215332,48.1870002746582,45.3330001831055,45.6679992675781,755293000,45.5282592773438
"2023-08-23",45.8660011291504,47.2000007629395,45.2080001831055,47.1160011291504,779046000,46.9718322753906
"2023-08-24",50.2159996032715,50.265998840332,47.1590003967285,47.1629981994629,1156044000,47.0186920166016
"2023-08-25",47.0120010375977,47.8050003051758,45.023998260498,46.0180015563965,925341000,45.877197265625
"2023-08-28",46.4819984436035,46.9799995422363,44.8880004882812,46.8349990844727,685192000,46.6916885375977
"2023-08-29",46.6660003662109,49.0810012817383,46.390998840332,48.7840003967285,701397000,48.6347274780273
"2023-08-30",49.0439987182617,49.9269981384277,48.4249992370605,49.2639999389648,735206000,49.1132659912109
"2023-08-31",49.3800010681152,49.7439994812012,48.9580001831055,49.3549995422363,528570000,49.203987121582
"2023-09-01",49.7620010375977,49.7999992370605,48.1419982910156,48.5089988708496,463830000,48.3605728149414
"2023-09-05",48.2229995727539,48.851001739502,47.8600006103516,48.5480003356934,382653000,48.3994522094727
"2023-09-06",48.4410018920898,48.548999786377,46.5800018310547,47.0610008239746,468670000,46.9208641052246
"2023-09-07",45.5250015258789,46.3440017700195,45.1520004272461,46.2410011291504,433330000,46.1033058166504
"2023-09-08",45.9420013427734,46.6059989929199,45.2709999084473,45.5719985961914,473069000,45.4362945556641
"2023-09-11",46.1479988098145,46.1629981994629,44.3120002746582,45.1780014038086,473966000,45.0434761047363
"2023-09-12",44.7379989624023,45.6730003356934,44.5309982299805,44.8699989318848,349256000,44.7363929748535
"2023-09-13",44.5999984741211,45.9300003051758,44.5029983520508,45.4850006103516,398355000,45.3495559692383
"2023-09-14",45.9500007629395,45.9869995117188,45.1310005187988,45.5810012817383,370097000,45.4452781677246
"2023-09-15",45.3409996032715,45.5989990234375,43.8079986572266,43.9000015258789,506831000,43.7692756652832
"2023-09-18",42.7480010986328,44.242000579834,42,43.9659996032715,500271000,43.8350791931152
"2023-09-19",43.8330001831055,43.9659996032715,43.0019989013672,43.5200004577637,373064000,43.3904113769531
"2023-09-20",43.5999984741211,43.9029998779297,42.2229995727539,42.2389984130859,367108000,42.1132164001465
"2023-09-21",41.5830001831055,42.0999984741211,40.9799995422363,41.0169982910156,450736000,40.8948593139648
"2023-09-22",41.5719985961914,42.1150016784668,41.2309989929199,41.6100006103516,479236000,41.4860992431641
"2023-09-25",41.5909996032715,42.5359992980957,41.1769981384277,42.2220001220703,419091000,42.0962791442871
"2023-09-26",42.0009994506836,42.8199996948242,41.6549987792969,41.9109992980957,402282000,41.7861938476562
"2023-09-27",42.3300018310547,42.8720016479492,41.6290016174316,42.4679985046387,444935000,42.3415412902832
"2023-09-28",42.4599990844727,43.4459991455078,42.1150016784668,43.0890007019043,424663000,42.960693359375
"2023-09-29",43.8269996643066,44.1440010070801,43.306999206543,43.4990005493164,397830000,43.3694686889648
"2023-10-02",44.0299987792969,45.1749992370605,43.8610000610352,44.7820014953613,433298000,44.6486473083496
"2023-10-03",44.8079986572266,45.1300010681152,43.2459983825684,43.5169982910156,470850000,43.3874206542969
"2023-10-04",43.742000579834,44.1430015563965,43.2919998168945,44.0410003662109,361821000,43.9098587036133
"2023-10-05",44.0499992370605,44.9000015258789,43.8880004882812,44.6879997253418,393483000,44.5549278259277
"2023-10-06",44.193000793457,45.7890014648438,44.0260009765625,45.7620010375977,434436000,45.6257438659668
"2023-10-09",44.8419990539551,45.6049995422363,44.3680000305176,45.2729988098145,409675000,45.13818359375
"2023-10-10",45.310001373291,46.2589988708496,45.0880012512207,45.7980003356934,368582000,45.6616325378418
"2023-10-11",46.1959991455078,46.859001159668,46.0499992370605,46.8059997558594,378137000,46.6666259765625
"2023-10-12",46.7770004272461,47.609001159668,46.3300018310547,46.9449996948242,481325000,46.8052062988281
"2023-10-13",46.9599990844727,47.1160011291504,45.2799987792969,45.4609985351562,474115000,45.3256301879883
"2023-10-16",45.0629997253418,46.2249984741211,44.9119987487793,46.0950012207031,375099000,45.9577445983887
"2023-10-17",44,44.7540016174316,42.4799995422363,43.9379997253418,812333000,43.8071670532227
"2023-10-18",42.5909996032715,43.2190017700195,41.8250007629395,42.1959991455078,627294000,42.0703506469727
"2023-10-19",42.8110008239746,43.2970008850098,41.8819999694824,42.101001739502,501233000,41.9756393432617
"2023-10-20",41.8899993896484,42.4700012207031,41.0779991149902,41.3870010375977,477266000,41.2637710571289
"2023-10-23",41.2290000915527,43.2480010986328,40.9449996948242,42.9749984741211,478530000,42.8470344543457
"2023-10-24",43.0769996643066,43.6969985961914,42.6910018920898,43.6629981994629,401463000,43.5329780578613
"2023-10-25",43.3979988098145,43.6500015258789,41.5550003051758,41.7789993286133,398379000,41.6545906066895
"2023-10-26",41.8530006408691,42.2560005187988,39.8800010681152,40.326000213623,541001000,40.2059211730957
"2023-10-27",41.1300010681152,41.2060012817383,40.0149993896484,40.5,416784000,40.3794059753418
"2023-10-30",41.0870018005371,41.765998840332,40.4809989929199,41.1609992980957,388028000,41.0384368896484
"2023-10-31",40.4500007629395,40.8790016174316,39.2299995422363,40.7799987792969,517969000,40.658561706543
"2023-11-01",40.8839988708496,42.3810005187988,40.8689994812012,42.3250007629395,437593000,42.1989707946777
"2023-11-02",43.3279991149902,43.8839988708496,42.8940010070801,43.5060005187988,409172000,43.3764533996582
"2023-11-03",44.0200004577637,45.3089981079102,43.7229995727539,45.0050010681152,424610000,44.8709907531738
"2023-11-06",45.2849998474121,45.935001373291,44.898998260498,45.7509994506836,400733000,45.6147689819336
"2023-11-07",45.7190017700195,46.2179985046387,45.1580009460449,45.9550018310547,343165000,45.8181610107422
"2023-11-08",46.0999984741211,46.867000579834,45.9679985046387,46.5740013122559,346719000,46.4353179931641
"2023-11-09",47.4669990539551,48.2299995422363,46.75,46.9500007629395,540496000,46.8101959228516
"2023-11-10",47.5,48.4720001220703,47.2830009460449,48.3349990844727,421245000,48.1910743713379
"2023-11-13",48.3199996948242,49.1160011291504,48.0989990234375,48.6199989318848,384136000,48.4752159118652
"2023-11-14",49.6800003051758,49.8339996337891,49.0400009155273,49.6559982299805,416954000,49.5081329345703
"2023-11-15",49.935001373291,49.9599990844727,48.2000007629395,48.8880004882812,475497000,48.7424240112305
"2023-11-16",48.6790008544922,49.5250015258789,48.3300018310547,49.4799995422363,339756000,49.3326644897461
"2023-11-17",49.523998260498,49.7169990539551,49.0069999694824,49.2980003356934,325205000,49.1512031555176
"2023-11-20",49.3120002746582,50.5480003356934,49.1809997558594,50.4090003967285,414120000,50.2588996887207
"2023-11-21",50.1259994506836,50.5169982910156,49.2220001220703,49.9440002441406,565747000,49.795280456543
"2023-11-22",49.8520011901855,50.3349990844727,47.689998626709,48.7159996032715,899420000,48.5709419250488
"2023-11-24",48.4700012207031,48.9210014343262,47.7449989318848,47.7760009765625,294645000,47.6337356567383
"2023-11-27",47.7999992370605,48.5299987792969,47.6520004272461,48.242000579834,395662000,48.0983428955078
"2023-11-28",48.2360000610352,48.3230018615723,47.4729995727539,47.8209991455078,401491000,47.678596496582
"2023-11-29",48.3790016174316,48.7620010375977,47.8600006103516,48.1399993896484,382005000,47.996654510498
"2023-11-30",48.023998260498,48.1100006103516,46.4220008850098,46.7700004577637,526247000,46.630729675293
"2023-12-01",46.5250015258789,47.2000007629395,46.1870002746582,46.7649993896484,369317000,46.6257476806641
"2023-12-04",46.0769996643066,46.0769996643066,45.0099983215332,45.5099983215332,437543000,45.3744850158691
"2023-12-05",45.4659996032715,46.5999984741211,45.2709999084473,46.5660018920898,371718000,46.4314231872559
"2023-12-06",47.2150001525879,47.3870010375977,45.4119987487793,45.5029983520508,380590000,45.3714904785156
"2023-12-07",45.7000007629395,46.6290016174316,45.6040000915527,46.5960006713867,350823000,46.4613380432129
"2023-12-08",46.5950012207031,47.7410011291504,46.5499992370605,47.5060005187988,359224000,47.3687133789062
"2023-12-11",47.4910011291504,47.5309982299805,45.8300018310547,46.6269989013672,509728000,46.4922409057617
"2023-12-12",46.0460014343262,47.6660003662109,46.0460014343262,47.6570014953613,372387000,47.5192680358887
"2023-12-13",47.6290016174316,48.5940017700195,47.6080017089844,48.0880012512207,447792000,47.9490280151367
"2023-12-14",48.3899993896484,48.6699981689453,47.4220008850098,48.3499984741211,391232000,48.2102584838867
"2023-12-15",48.1940002441406,49.4039993286133,48.1199989318848,48.8899993896484,479948000,48.7487030029297
"2023-12-18",49.4000015258789,50.4329986572266,49.1500015258789,50.0769996643066,412587000,49.9322738647461
"2023-12-19",49.423999786377,49.7000007629395,48.8950004577637,49.6040000915527,464444000,49.4606437683105
"2023-12-20",49.6549987792969,49.9990005493164,48.0979995727539,48.1110000610352,397894000,47.9719543457031
"2023-12-21",48.8110008239746,49.0950012207031,48.4189987182617,48.9900016784668,300425000,48.8484153747559
"2023-12-22",49.1949996948242,49.382999420166,48.4669990539551,48.8300018310547,252507000,48.6888809204102
"2023-12-26",48.9679985046387,49.5999984741211,48.9599990844727,49.2789993286133,244200000,49.1365814208984
"2023-12-27",49.5110015869141,49.6800003051758,49.0849990844727,49.4169998168945,233648000,49.2741889953613
"2023-12-28",49.6430015563965,49.8839988708496,49.4119987487793,49.5219993591309,246587000,49.3788795471191
"2023-12-29",49.8129997253418,49.9970016479492,48.7509994506836,49.5219993591309,389293000,49.3788795471191
"2024-01-02",49.2439994812012,49.2949981689453,47.5950012207031,48.1679992675781,411254000,48.0287895202637
"2024-01-03",47.4850006103516,48.1839981079102,47.3199996948242,47.5690002441406,320896000,47.4315223693848
"2024-01-04",47.7669982910156,48.5,47.507999420166,47.9980010986328,306535000,47.8592872619629
"2024-01-05",48.4620018005371,49.5470008850098,48.3059997558594,49.0970001220703,415039000,48.9551010131836
"2024-01-08",49.5120010375977,52.2750015258789,49.4790000915527,52.2529983520508,642510000,52.1019821166992
"2024-01-09",52.4010009765625,54.3250007629395,51.689998626709,53.1399993896484,773100000,52.9864158630371
"2024-01-10",53.6160011291504,54.5999984741211,53.4889984130859,54.3499984741211,533796000,54.1929244995117
"2024-01-11",54.9990005493164,55.3460006713867,53.560001373291,54.8219985961914,596759000,54.6635627746582
"2024-01-12",54.6199989318848,54.9700012207031,54.3300018310547,54.7099990844727,352994000,54.551887512207
"2024-01-16",55.0180015563965,56.8349990844727,54.9000015258789,56.3819999694824,449580000,56.219051361084
"2024-01-17",56.3470001220703,56.4710006713867,54.7400016784668,56.0530014038086,474394000,55.8910064697266
"2024-01-18",57.2599983215332,57.5999984741211,56.1069984436035,57.1069984436035,491650000,56.9419593811035
"2024-01-19",57.9889984130859,59.5,57.2249984741211,59.4910011291504,543501000,59.3190689086914
"2024-01-22",60.048999786377,60.3310012817383,59.0699996948242,59.6539993286133,452955000,59.4815979003906
"2024-01-23",59.5699996948242,59.9099998474121,58.5849990844727,59.8730010986328,294654000,59.6999626159668
"2024-01-24",60.3040008544922,62.8489990234375,59.9379997253418,61.3619995117188,560271000,61.1846618652344
"2024-01-25",62.3499984741211,62.7190017700195,60.8499984741211,61.617000579834,482777000,61.4389228820801
"2024-01-26",60.9599990844727,61.7830009460449,60.5730018615723,61.0309982299805,390309000,60.854606628418
"2024-01-29",61.2319984436035,62.4889984130859,60.9070014953613,62.4650001525879,348733000,62.2844772338867
"2024-01-30",62.9000015258789,63.4930000305176,62.2599983215332,62.773998260498,410735000,62.5925750732422
"2024-01-31",61.439998626709,62.2690010070801,60.7000007629395,61.5270004272461,453795000,61.349178314209
"2024-02-01",62.0999984741211,63.1910018920898,61.6500015258789,63.0270004272461,369146000,62.8448448181152
"2024-02-02",63.9739990234375,66.5999984741211,63.689998626709,66.1600036621094,476578000,65.9688034057617
"2024-02-05",68.2249984741211,69.4970016479492,67.2050018310547,69.3320007324219,680078000,69.1316299438477
"2024-02-06",69.629997253418,69.7539978027344,66.3000030517578,68.2229995727539,683111000,68.0258331298828
"2024-02-07",68.3190002441406,70.2200012207031,67.5999984741211,70.0989990234375,495575000,69.8964004516602
"2024-02-08",70.0739974975586,70.7939987182617,69.4550018310547,69.640998840332,414422000,69.4397354125977
"2024-02-09",70.5329971313477,72.1849975585938,70.2119979858398,72.1330032348633,436637000,71.9245223999023
"2024-02-12",72.5999984741211,74.6110000610352,71.25,72.2480010986328,613710000,72.0391998291016
"2024-02-13",70.4000015258789,73.4499969482422,69.620002746582,72.1279983520508,602580000,71.9195327758789
"2024-02-14",73.2020034790039,74.2360000610352,71.9380035400391,73.9000015258789,504917000,73.686408996582
"2024-02-15",73.8690032958984,73.9749984741211,72.4000015258789,72.6579971313477,420122000,72.4480285644531
"2024-02-16",74.0999984741211,74.4020004272461,72.5009994506836,72.6129989624023,495327000,72.4031448364258
"2024-02-20",71.9469985961914,71.9560012817383,67.734001159668,69.4520034790039,704833000,69.2512817382812
"2024-02-21",68.0059967041016,68.8880004882812,66.2480010986328,67.4720001220703,673755000,67.2770004272461
"2024-02-22",75.0250015258789,78.5749969482422,74.2200012207031,78.5380020141602,865100000,78.3110275268555
"2024-02-23",80.7900009155273,82.3939971923828,77.5699996948242,78.8170013427734,829388000,78.5892181396484
"2024-02-26",79.6999969482422,80.6460037231445,78.504997253418,79.0920028686523,503973000,78.8634262084961
"2024-02-27",79.3809967041016,79.4800033569336,77.1620025634766,78.7009963989258,391705000,78.4735412597656
"2024-02-28",77.620002746582,78.9329986572266,77.125,77.6630020141602,393110000,77.4385604858398
"2024-02-29",79.0940017700195,79.9899978637695,78.3499984741211,79.1119995117188,507289000,78.8833465576172
"2024-03-01",80,82.3000030517578,79.4349975585938,82.2789993286133,479135000,82.0412063598633
"2024-03-04",84.129997253418,87.6949996948242,83.7190017700195,85.2369995117188,615616000,84.9906616210938
"2024-03-05",85.2699966430664,86.0970001220703,83.4169998168945,85.963996887207,520639000,85.7195816040039
"2024-03-06",88.0220031738281,89.7239990234375,87.0299987792969,88.6999969482422,582520000,88.4477920532227
"2024-03-07",90.1579971313477,92.7669982910156,89.6019973754883,92.6689987182617,608119000,92.405517578125
"2024-03-08",95.1380004882812,97.4000015258789,86.5059967041016,87.5279998779297,1142269000,87.2791442871094
"2024-03-11",86.4290008544922,88.7969970703125,84.1660003662109,85.7740020751953,678364000,85.5301208496094
"2024-03-12",88.0490036010742,91.9599990844727,86.1500015258789,91.9130020141602,668075000,91.6516799926758
"2024-03-13",91.0550003051758,91.5039978027344,88.4349975585938,90.8880004882812,635713000,90.6295852661133
"2024-03-14",89.5770034790039,90.6460037231445,86.5999984741211,87.9440002441406,602318000,87.6939544677734
"2024-03-15",86.9300003051758,89.5459976196289,86.2570037841797,87.8369979858398,642086000,87.5872650146484
"2024-03-18",90.3880004882812,92.4049987792969,87.0849990844727,88.4550018310547,668976000,88.2034912109375
"2024-03-19",86.6999969482422,90.5439987182617,85.0100021362305,89.3980026245117,672171000,89.1438217163086
"2024-03-20",89.7969970703125,90.4100036621094,88.2229995727539,90.3720016479492,479063000,90.1150588989258
"2024-03-21",92.3000030517578,92.6480026245117,90.4049987792969,91.4349975585938,480372000,91.1750335693359
"2024-03-22",91.140998840332,94.7779998779297,90.8339996337891,94.2890014648438,586719000,94.0209197998047
"2024-03-25",93.9410018920898,96.765998840332,93.5100021362305,95.0019989013672,552136000,94.7318878173828
"2024-03-26",95.8509979248047,96.375,92.5019989013672,92.5609970092773,513648000,92.2978210449219
"2024-03-27",93.1119995117188,93.2399978637695,89.1230010986328,90.25,586067000,89.9933929443359
"2024-03-28",90,91.3000030517578,89.193000793457,90.3560028076172,435212000,90.0991058349609
"2024-04-01",90.2990036010742,92.2249984741211,89.2040023803711,90.3629989624023,452441000,90.106071472168
"2024-04-02",88.447998046875,90.0940017700195,87.620002746582,89.4520034790039,433064000,89.1976623535156
"2024-04-03",88.484001159668,90.3740005493164,88.4000015258789,88.963996887207,370067000,88.7110443115234
"2024-04-04",90.4059982299805,90.6340026855469,85.879997253418,85.9049987792969,434965000,85.6607360839844
"2024-04-05",86.8659973144531,88.4810028076172,85.9260025024414,88.0080032348633,399678000,87.7577743530273
"2024-04-08",88.6999969482422,88.8300018310547,86.7320022583008,87.1330032348633,283220000,86.8852615356445
"2024-04-09",87.4420013427734,87.6350021362305,83.0220031738281,85.3539962768555,501700000,85.1113128662109
"2024-04-10",83.9260025024414,87.4000015258789,83.7089996337891,87.0390014648438,431929000,86.7915267944336
"2024-04-11",87.4199981689453,90.7389984130859,86.9260025024414,90.6159973144531,431637000,90.3583526611328
"2024-04-12",89.6989974975586,90.1750030517578,87.5299987792969,88.1859970092773,426805000,87.9352722167969
"2024-04-15",89.0979995727539,90.6129989624023,85.9290008544922,86.0009994506836,443077000,85.7564697265625
"2024-04-16",86.4329986572266,88.1179962158203,86.0640029907227,87.4150009155273,370453000,87.1664733886719
"2024-04-17",88.3399963378906,88.7750015258789,83.9499969482422,84.0350036621094,495400000,83.7960739135742
"2024-04-18",84.9700012207031,86.1900024414062,82.4020004272461,84.6709976196289,447260000,84.4302444458008
"2024-04-19",83.1500015258789,84.3239974975586,75.6060028076172,76.1999969482422,875198000,75.9833450317383
"2024-04-22",78.1039962768555,80.072998046875,76.4000015258789,79.5179977416992,596341000,79.2919082641602
"2024-04-23",80.7689971923828,82.7689971923828,80.2639999389648,82.4229965209961,438559000,82.1886520385742
"2024-04-24",83.9499969482422,84.0820007324219,79.1829986572266,79.677001953125,512208000,79.4504470825195
"2024-04-25",78.8679962158203,83.322998046875,78.2229995727539,82.6320037841797,424641000,82.3970565795898
"2024-04-26",83.818000793457,88.3310012817383,83.3870010375977,87.7350006103516,551011000,87.4855499267578
"2024-04-29",87.5950012207031,87.9919967651367,85.265998840332,87.7570037841797,388971000,87.5074768066406
"2024-04-30",87.2399978637695,88.8190002441406,86.3000030517578,86.4020004272461,363709000,86.1563339233398
"2024-05-01",85.0770034790039,86,81.254997253418,83.0410003662109,559863000,82.8048934936523
"2024-05-02",84.4489974975586,86.2369995117188,83.1999969482422,85.8170013427734,377898000,85.5730056762695
"2024-05-03",87.7890014648438,89.2809982299805,87.0400009155273,88.7890014648438,398341000,88.5365447998047
"2024-05-06",89.3899993896484,92.2200012207031,89.0550003051758,92.1399993896484,376203000,91.8780212402344
"2024-05-07",91.0979995727539,91.7809982299805,89.0110015869141,90.5540008544922,437342000,90.2965240478516
"2024-05-08",89.4830017089844,91.1940002441406,89.4199981689453,90.4120025634766,325721000,90.1549377441406
"2024-05-09",90.5289993286133,91.0719985961914,88.2310028076172,88.7470016479492,378013000,88.4946746826172
"2024-05-10",90.3050003051758,91.4010009765625,89.2269973754883,89.8779983520508,335325000,89.622444152832
"2024-05-13",90.4779968261719,90.9980010986328,88.5289993286133,90.3990020751953,289680000,90.141975402832
"2024-05-14",89.5989990234375,91.6510009765625,88.9339981079102,91.3560028076172,296507000,91.0962677001953
"2024-05-15",92.4720001220703,94.8619995117188,91.5989990234375,94.629997253418,417735000,94.3609390258789
"2024-05-16",94.9100036621094,95.8190002441406,94.1029968261719,94.359001159668,323952000,94.090705871582
"2024-05-17",94.3690032958984,94.7399978637695,91.8059997558594,92.4789962768555,359691000,92.2160568237305
"2024-05-20",93.75,95.1999969482422,93.4400024414062,94.7799987792969,318764000,94.5105056762695
"2024-05-21",93.5989990234375,95.4000015258789,93.1800003051758,95.3860015869141,328946000,95.1147842407227
"2024-05-22",95.4589996337891,96.0199966430664,93.2490005493164,94.9499969482422,548648000,94.6800231933594
"2024-05-23",102.02799987793,106.319999694824,101.519996643066,103.799003601074,835065000,103.503883361816
"2024-05-24",104.448997497559,106.474998474121,103,106.46900177002,429494000,106.166290283203
"2024-05-28",110.244003295898,114.939002990723,109.883003234863,113.901000976562,652728000,113.5771484375
"2024-05-29",113.050003051758,115.491996765137,110.901000976562,114.824996948242,557442000,114.498504638672
"2024-05-30",114.650001525879,115.819000244141,109.66300201416,110.5,484553000,110.185813903809
"2024-05-31",112.519996643066,112.717002868652,106.940002441406,109.633003234863,613263000,109.3212890625
"2024-06-03",113.621002197266,115,112.002998352051,115,438392000,114.673011779785
"2024-06-04",115.716003417969,116.599998474121,114.044998168945,116.436996459961,403324000,116.105934143066
"2024-06-05",118.371002197266,122.448997497559,117.468002319336,122.440002441406,528402000,122.09188079834
"2024-06-06",124.047996520996,125.58699798584,118.319999694824,120.998001098633,664696000,120.65397644043
"2024-06-07",119.769996643066,121.692001342773,118.022003173828,120.888000488281,412386000,120.544281005859
"2024-06-10",120.370002746582,123.099998474121,117.01000213623,121.790000915527,313434100,121.443717956543
"2024-06-11",121.769996643066,122.870002746582,118.73999786377,120.910003662109,222551200,120.576126098633
"2024-06-12",123.059997558594,126.879997253418,122.569999694824,125.199996948242,299595000,124.854270935059
"2024-06-13",129.389999389648,129.800003051758,127.160003662109,129.610000610352,260704500,129.252090454102
"2024-06-14",129.960006713867,132.839996337891,128.320007324219,131.880004882812,309320400,131.515838623047
"2024-06-17",132.990005493164,133.729995727539,129.580001831055,130.979995727539,288504400,130.618316650391
"2024-06-18",131.139999389648,136.330001831055,130.690002441406,135.580001831055,294335100,135.205642700195
"2024-06-20",139.800003051758,140.759994506836,129.520004272461,130.779998779297,517768400,130.418853759766
"2024-06-21",127.120002746582,130.630004882812,124.300003051758,126.569999694824,649445800,126.220489501953
"2024-06-24",123.23999786377,124.459999084473,118.040000915527,118.110000610352,476060900,117.783851623535
"2024-06-25",121.199996948242,126.5,119.319999694824,126.089996337891,414192600,125.741821289062
"2024-06-26",126.129997253418,128.119995117188,122.599998474121,126.400001525879,362975900,126.050964355469
"2024-06-27",124.099998474121,126.410003662109,122.919998168945,123.98999786377,252571700,123.647605895996
"2024-06-28",124.580001831055,127.709999084473,122.75,123.540000915527,315516700,123.198867797852
"2024-07-01",123.470001220703,124.839996337891,118.830001831055,124.300003051758,284885500,123.956764221191
"2024-07-02",121.129997253418,123.410003662109,121.029998779297,122.669998168945,218374000,122.331260681152
"2024-07-03",121.660003662109,128.279998779297,121.360000610352,128.279998779297,215749000,127.925773620605
"2024-07-05",127.379997253418,128.850006103516,125.680000305176,125.830001831055,214176700,125.482543945312
"2024-07-08",127.48999786377,130.770004272461,127.040000915527,128.199996948242,237677300,127.845985412598
"2024-07-09",130.350006103516,133.820007324219,128.649993896484,131.380004882812,285366600,131.017211914062
"2024-07-10",134.029998779297,135.100006103516,132.419998168945,134.910003662109,248978600,134.537490844727
"2024-07-11",135.75,136.149993896484,127.050003051758,127.400001525879,374782700,127.048202514648
"2024-07-12",128.259994506836,131.919998168945,127.220001220703,129.240005493164,252680500,128.883117675781
"2024-07-15",130.559997558594,131.389999389648,127.180000305176,128.440002441406,208326200,128.085357666016
"2024-07-16",128.440002441406,129.039993286133,124.580001831055,126.360000610352,214769500,126.011077880859
"2024-07-17",121.349998474121,121.849998474121,116.720001220703,117.98999786377,390086200,117.664184570312
"2024-07-18",121.849998474121,122.400001525879,116.559997558594,121.089996337891,320979500,120.755615234375
"2024-07-19",120.349998474121,121.599998474121,117.370002746582,117.930000305176,217223800,117.604339599609
"2024-07-22",120.349998474121,124.069999694824,119.860000610352,123.540000915527,258068900,123.198867797852
"2024-07-23",122.779998779297,124.690002441406,122.099998474121,122.589996337891,173911000,122.251480102539
"2024-07-24",119.169998168945,119.949996948242,113.440002441406,114.25,327776900,113.934501647949
"2024-07-25",113.040000915527,116.629997253418,106.300003051758,112.279998779297,460067000,111.969947814941
"2024-07-26",116.190002441406,116.199996948242,111.580001831055,113.059997558594,293399100,112.747802734375
"2024-07-29",113.690002441406,116.279998779297,111.300003051758,111.589996337891,248152100,111.281852722168
"2024-07-30",111.519996643066,111.98999786377,102.540000915527,103.730003356934,486833300,103.443565368652
"2024-07-31",112.900001525879,118.339996337891,110.879997253418,117.019996643066,473174200,116.69686126709
"2024-08-01",117.529998779297,120.160003662109,106.809997558594,109.209999084473,523462300,108.90843963623
"2024-08-02",103.76000213623,108.720001220703,101.370002746582,107.269996643066,482027500,106.973770141602
"2024-08-05",92.0599975585938,103.410003662109,90.6900024414062,100.449996948242,552842400,100.172622680664
"2024-08-06",103.839996337891,107.709999084473,100.550003051758,104.25,409012100,103.962127685547
"2024-08-07",107.809997558594,108.800003051758,98.6900024414062,98.9100036621094,411440400,98.6368789672852
"2024-08-08",102,105.5,97.5199966430664,104.970001220703,391910000,104.680137634277
"2024-08-09",105.639999389648,106.599998474121,103.430000305176,104.75,290844200,104.460746765137
"2024-08-12",106.319999694824,111.069999694824,106.26000213623,109.019996643066,325559900,108.718955993652
"2024-08-13",112.440002441406,116.230003356934,111.580001831055,116.139999389648,312646700,115.819290161133
"2024-08-14",118.529998779297,118.599998474121,114.069999694824,118.080001831055,339246400,117.753936767578
"2024-08-15",118.76000213623,123.23999786377,117.470001220703,122.860000610352,318086700,122.52074432373
"2024-08-16",121.940002441406,125,121.180000305176,124.580001831055,302589900,124.235984802246
"2024-08-19",124.279998779297,130,123.419998168945,130,318333600,129.641021728516
"2024-08-20",128.399993896484,129.880004882812,125.889999389648,127.25,300087400,126.898620605469
"2024-08-21",127.319999694824,129.350006103516,126.660003662109,128.5,257883600,128.145156860352
"2024-08-22",130.020004272461,130.75,123.099998474121,123.73999786377,376189100,123.398300170898
"2024-08-23",125.860000610352,129.600006103516,125.220001220703,129.369995117188,323230300,129.012786865234
"2024-08-26",129.570007324219,131.259994506836,124.370002746582,126.459999084473,331964700,126.110794067383
"2024-08-27",125.050003051758,129.199996948242,123.879997253418,128.300003051758,303134600,127.945693969727
"2024-08-28",128.119995117188,128.330001831055,122.639999389648,125.610000610352,448101100,125.263153076172
"2024-08-29",121.360000610352,124.430000305176,116.709999084473,117.589996337891,453023300,117.265289306641
"2024-08-30",119.529998779297,121.75,117.220001220703,119.370002746582,333751600,119.040367126465
"2024-09-03",116.01000213623,116.209999084473,107.290000915527,108,477155100,107.701774597168
"2024-09-04",105.410003662109,113.269996643066,104.120002746582,106.209999084473,372470300,105.916709899902
"2024-09-05",104.98999786377,109.650001525879,104.76000213623,107.209999084473,306850700,106.913955688477
"2024-09-06",108.040000915527,108.150001525879,100.949996948242,102.830001831055,413638100,102.546043395996
"2024-09-09",104.879997253418,106.550003051758,103.690002441406,106.470001220703,273912000,106.176002502441
"2024-09-10",107.809997558594,109.400001525879,104.949996948242,108.099998474121,268283700,107.801490783691
"2024-09-11",109.389999389648,117.190002441406,107.419998168945,116.910003662109,441422400,116.587173461914
"2024-09-12",116.839996337891,120.790000915527,115.379997253418,119.139999389648,366052700,118.821166992188
"2024-09-13",119.080001831055,119.959999084473,117.599998474121,119.099998474121,238358300,118.781288146973
"2024-09-16",116.790000915527,118.180000305176,114.360000610352,116.779998779297,248772300,116.467498779297
"2024-09-17",118.169998168945,118.800003051758,114.830001831055,115.589996337891,231925900,115.280670166016
"2024-09-18",115.889999389648,117.699996948242,113.220001220703,113.370002746582,310318900,113.066619873047
"2024-09-19",117.349998474121,119.660003662109,117.25,117.870002746582,293506400,117.554580688477
"2024-09-20",117.059997558594,118.620002746582,115.389999389648,116,382462400,115.689582824707
"2024-09-23",116.550003051758,116.98999786377,114.860000610352,116.26000213623,206228500,115.948883056641
"2024-09-24",116.519996643066,121.800003051758,115.379997253418,120.870002746582,354966800,120.546562194824
"2024-09-25",122.019996643066,124.940002441406,121.610000610352,123.51000213623,284692900,123.179496765137
"2024-09-26",126.800003051758,127.669998168945,121.800003051758,124.040000915527,302582900,123.708061218262
"2024-09-27",123.970001220703,124.029998779297,119.26000213623,121.400001525879,271009200,121.075126647949
"2024-09-30",118.309997558594,121.5,118.150001525879,121.440002441406,226553700,121.115028381348
"2024-10-01",121.769996643066,122.440002441406,115.790000915527,117,302094500,116.686912536621
"2024-10-02",116.440002441406,119.379997253418,115.139999389648,118.849998474121,221845900,118.531951904297
"2024-10-03",120.919998168945,124.360000610352,120.339996337891,122.849998474121,277118000,122.52124786377
"2024-10-04",124.940002441406,125.040000915527,121.830001831055,124.919998168945,243678100,124.585708618164
"2024-10-07",124.98999786377,130.639999389648,124.949996948242,127.720001220703,346250200,127.378219604492
"2024-10-08",130.259994506836,133.479995727539,129.419998168945,132.889999389648,285722500,132.534393310547
"2024-10-09",134.110000610352,134.520004272461,131.380004882812,132.649993896484,246191600,132.295013427734
"2024-10-10",131.910003662109,135,131,134.809997558594,242311300,134.44921875
"2024-10-11",134.009994506836,135.779998779297,133.660003662109,134.800003051758,170209500,134.439270019531
"2024-10-14",136.470001220703,139.600006103516,136.300003051758,138.070007324219,232347700,137.70051574707
"2024-10-15",137.869995117188,138.570007324219,128.740005493164,131.600006103516,377831000,131.247833251953
"2024-10-16",133.979995727539,136.619995117188,131.580001831055,135.720001220703,264879700,135.356811523438
"2024-10-17",139.339996337891,140.889999389648,136.869995117188,136.929992675781,306435900,136.563552856445
"2024-10-18",138.669998168945,138.899993896484,137.279998779297,138,176090200,137.630706787109
"2024-10-21",138.130004882812,143.710006713867,138,143.710006713867,264554500,143.325424194336
"2024-10-22",142.910003662109,144.419998168945,141.779998779297,143.589996337891,226311600,143.20573425293
"2024-10-23",142.029998779297,142.429992675781,137.460006713867,139.559997558594,285930000,139.186538696289
"2024-10-24",140.820007324219,141.350006103516,138.460006713867,140.410003662109,172354900,140.034286499023
"2024-10-25",140.929992675781,144.130004882812,140.800003051758,141.539993286133,205122100,141.161224365234
"2024-10-28",143,143.139999389648,140.050003051758,140.520004272461,173586700,140.143951416016
"2024-10-29",140.289993286133,142.259994506836,138.899993896484,141.25,157593600,140.872009277344
"2024-10-30",139.539993286133,140.330001831055,136.809997558594,139.339996337891,179418100,138.967102050781
"2024-10-31",137.600006103516,137.610000610352,132.110000610352,132.759994506836,270039600,132.404708862305
"2024-11-01",134.699996948242,137.309997558594,134.570007324219,135.399993896484,207127800,135.037643432617
"2024-11-04",137.210006713867,138.960006713867,135.570007324219,136.050003051758,187528200,135.685913085938
"2024-11-05",137.449996948242,140.369995117188,137.330001831055,139.910003662109,160537400,139.535598754883
"2024-11-06",142.960006713867,146.490005493164,141.960006713867,145.610000610352,242043900,145.220321655273
"2024-11-07",146.389999389648,148.929992675781,146.169998168945,148.880004882812,207323300,148.481597900391
"2024-11-08",148.770004272461,149.770004272461,146.259994506836,147.630004882812,175665800,147.234924316406
"2024-11-11",148.679992675781,148.850006103516,143.570007324219,145.259994506836,182325600,144.871292114258
"2024-11-12",146.779998779297,149.649993896484,146.009994506836,148.289993286133,198634700,147.893157958984
"2024-11-13",149.070007324219,149.330001831055,145.899993896484,146.270004272461,191903300,145.87858581543
"2024-11-14",147.639999389648,149,145.550003051758,146.759994506836,194463300,146.367263793945
"2024-11-15",144.869995117188,145.240005493164,140.080001831055,141.979995727539,250132900,141.600067138672
"2024-11-18",139.5,141.550003051758,137.149993896484,140.149993896484,221205300,139.774917602539
"2024-11-19",141.320007324219,147.130004882812,140.990005493164,147.009994506836,227834900,146.616592407227
"2024-11-20",147.410003662109,147.559997558594,142.729995727539,145.889999389648,309871700,145.499588012695
"2024-11-21",149.350006103516,152.889999389648,140.699996948242,146.669998168945,400946600,146.277496337891
"2024-11-22",145.929992675781,147.160003662109,141.100006103516,141.949996948242,236406200,141.57014465332
"2024-11-25",141.990005493164,142.050003051758,135.820007324219,136.020004272461,344941900,135.656021118164
"2024-11-26",137.699996948242,139.300003051758,135.669998168945,136.919998168945,190287700,136.553588867188
"2024-11-27",135.009994506836,137.220001220703,131.800003051758,135.339996337891,226370900,134.977828979492
"2024-11-29",136.779998779297,139.350006103516,136.050003051758,138.25,141863200,137.880004882812
"2024-12-02",138.830001831055,140.449996948242,137.820007324219,138.630004882812,171682800,138.259017944336
"2024-12-03",138.259994506836,140.539993286133,137.949996948242,140.259994506836,164414000,139.884643554688
"2024-12-04",142,145.789993286133,140.289993286133,145.139999389648,231224300,144.751571655273
"2024-12-05",145.110000610352,146.539993286133,143.949996948242,145.059997558594,172621200,144.681777954102
"2024-12-06",144.600006103516,145.699996948242,141.309997558594,142.440002441406,188505600,142.068603515625
"2024-12-09",138.970001220703,139.949996948242,137.130004882812,138.809997558594,189308600,138.448059082031
"2024-12-10",139.009994506836,141.820007324219,133.789993286133,135.070007324219,210020900,134.717834472656
"2024-12-11",137.360000610352,140.169998168945,135.210006713867,139.309997558594,184905200,138.94677734375
"2024-12-12",137.080001831055,138.440002441406,135.800003051758,137.339996337891,159211400,136.981918334961
"2024-12-13",138.940002441406,139.600006103516,132.539993286133,134.25,231514900,133.899963378906
"2024-12-16",134.179992675781,134.399993896484,130.419998168945,132,237951100,131.655822753906
"2024-12-17",129.089996337891,131.589996337891,126.860000610352,130.389999389648,259410300,130.050018310547
"2024-12-18",133.860000610352,136.699996948242,128.279998779297,128.910003662109,277444500,128.573883056641
"2024-12-19",131.759994506836,134.029998779297,129.550003051758,130.679992675781,209719200,130.339263916016
"2024-12-20",129.809997558594,135.279998779297,128.220001220703,134.699996948242,306528600,134.34880065918
"2024-12-23",136.279998779297,139.789993286133,135.119995117188,139.669998168945,176053500,139.305816650391
"2024-12-24",140,141.899993896484,138.649993896484,140.220001220703,105157000,139.854385375977
"2024-12-26",139.699996948242,140.850006103516,137.729995727539,139.929992675781,116205600,139.565139770508
"2024-12-27",138.550003051758,139.020004272461,134.710006713867,137.009994506836,170582600,136.652770996094
"2024-12-30",134.830001831055,140.270004272461,134.020004272461,137.490005493164,167734700,137.13151550293
"2024-12-31",138.029998779297,138.070007324219,133.830001831055,134.289993286133,155659200,133.939849853516
"2025-01-02",136,138.880004882812,134.630004882812,138.309997558594,198247200,137.949371337891
"2025-01-03",140.009994506836,144.899993896484,139.729995727539,144.470001220703,229322500,144.093322753906
"2025-01-06",148.589996337891,152.160003662109,147.820007324219,149.429992675781,265377400,149.040374755859
"2025-01-07",153.029998779297,153.130004882812,140.009994506836,140.139999389648,351782200,139.77458190918
"2025-01-08",142.580001831055,143.949996948242,137.559997558594,140.110000610352,227349900,139.744705200195
"2025-01-10",137.449996948242,139.919998168945,134.220001220703,135.910003662109,207602500,135.555648803711
"2025-01-13",129.990005493164,133.490005493164,129.509994506836,133.229995727539,204808900,132.882614135742
"2025-01-14",136.050003051758,136.380004882812,130.050003051758,131.759994506836,195590500,131.416458129883
"2025-01-15",133.649993896484,136.449996948242,131.289993286133,136.240005493164,185217300,135.884796142578
"2025-01-16",138.639999389648,138.75,133.490005493164,133.570007324219,209235600,133.221755981445
"2025-01-17",136.690002441406,138.5,135.460006713867,137.710006713867,201188800,137.350952148438
"2025-01-21",139.160003662109,141.830001831055,137.089996337891,140.830001831055,197749000,140.462814331055
"2025-01-22",144.660003662109,147.789993286133,143.669998168945,147.070007324219,237651400,146.686538696289
"2025-01-23",145.050003051758,147.229995727539,143.720001220703,147.220001220703,155915500,146.836151123047
"2025-01-24",148.369995117188,148.970001220703,141.880004882812,142.619995117188,234657600,142.248123168945
"2025-01-27",124.800003051758,128.399993896484,116.699996948242,118.419998168945,818830900,118.111236572266
"2025-01-28",121.809997558594,129,116.25,128.990005493164,579666400,128.653671264648
"2025-01-29",126.5,126.889999389648,120.050003051758,123.699996948242,467120600,123.377456665039
"2025-01-30",123.099998474121,125,118.099998474121,124.650001525879,392925500,124.325004577637
"2025-01-31",123.779998779297,127.849998474121,119.190002441406,120.069999694824,388161100,119.756935119629
"2025-02-03",114.75,118.569999694824,113.01000213623,116.660003662109,371235700,116.355827331543
"2025-02-04",116.959999084473,121.199996948242,116.699996948242,118.650001525879,256550000,118.340637207031
"2025-02-05",121.76000213623,125,120.76000213623,124.830001831055,262230800,124.504524230957
"2025-02-06",127.419998168945,128.770004272461,125.209999084473,128.679992675781,251483600,128.344482421875
"2025-02-07",129.220001220703,130.369995117188,125,129.839996337891,228186300,129.501449584961
"2025-02-10",130.089996337891,135,129.960006713867,133.570007324219,216989100,133.221755981445
"2025-02-11",132.580001831055,134.479995727539,131.020004272461,132.800003051758,178902400,132.453750610352
"2025-02-12",130.020004272461,132.240005493164,129.080001831055,131.139999389648,160278600,130.798065185547
"2025-02-13",131.559997558594,136.5,131.169998168945,135.289993286133,197430000,134.937255859375
"2025-02-14",136.479995727539,139.25,135.5,138.850006103516,195479600,138.487976074219
"2025-02-18",141.270004272461,143.440002441406,137.929992675781,139.399993896484,219176600,139.036529541016
"2025-02-19",139.509994506836,141.360000610352,137.220001220703,139.229995727539,167536000,138.866989135742
"2025-02-20",140.029998779297,140.660003662109,136.789993286133,140.110000610352,143903600,139.744705200195
"2025-02-21",140.039993286133,141.460006713867,134.029998779297,134.429992675781,228217600,134.079513549805
"2025-02-24",136.559997558594,138.589996337891,130.080001831055,130.279998779297,251381100,129.940322875977
"2025-02-25",129.979995727539,130.199996948242,124.440002441406,126.629997253418,271428700,126.299835205078
"2025-02-26",129.990005493164,133.729995727539,128.490005493164,131.279998779297,322553800,130.937728881836
"2025-02-27",135,135.009994506836,120.01000213623,120.150001525879,443175800,119.836723327637
"2025-02-28",118.019996643066,125.089996337891,116.400001525879,124.919998168945,389091100,124.594291687012
"2025-03-03",123.51000213623,123.699996948242,112.279998779297,114.059997558594,411381400,113.762596130371
"2025-03-04",110.650001525879,119.309997558594,110.110000610352,115.98999786377,398163300,115.687568664551
"2025-03-05",117.580001831055,118.279998779297,114.51000213623,117.300003051758,284337900,116.994163513184
"2025-03-06",113.529998779297,115.349998474121,110.220001220703,110.569999694824,321181900,110.281700134277
"2025-03-07",111.25,113.480003356934,107.559997558594,112.690002441406,341755500,112.396179199219
"2025-03-10",109.900001525879,111.849998474121,105.459999084473,106.980003356934,366487400,106.701057434082
"2025-03-11",106.98999786377,112.23999786377,104.769996643066,108.76000213623,354865700,108.476425170898
"2025-03-12",114.120002746582,116.76000213623,112.879997253418,115.73999786377,323857500,115.448837280273
"2025-03-13",117.029998779297,117.76000213623,113.790000915527,115.580001831055,299033100,115.289260864258
"2025-03-14",118.610000610352,121.879997253418,118.150001525879,121.669998168945,277593500,121.363922119141
"2025-03-17",122.73999786377,122.889999389648,118.029998779297,119.529998779297,255501500,119.229316711426
"2025-03-18",118,119.019996643066,114.540000915527,115.430000305176,299686900,115.139633178711
"2025-03-19",117.269996643066,120.449996948242,115.680000305176,117.519996643066,273426200,117.22435760498
"2025-03-20",116.550003051758,120.199996948242,116.470001220703,118.529998779297,248829700,118.231819152832
"2025-03-21",116.940002441406,117.98999786377,115.419998168945,117.699996948242,266498500,117.403907775879
"2025-03-24",119.879997253418,122.220001220703,119.339996337891,121.410003662109,228452500,121.104583740234
"2025-03-25",120.550003051758,121.290000915527,118.919998168945,120.690002441406,167447200,120.386390686035
"2025-03-26",118.730003356934,118.839996337891,112.709999084473,113.76000213623,293463300,113.473823547363
"2025-03-27",111.349998474121,114.449996948242,110.660003662109,111.430000305176,236902100,111.149681091309
"2025-03-28",111.48999786377,112.870002746582,109.069999694824,109.669998168945,229872500,109.394104003906
"2025-03-31",105.129997253418,110.959999084473,103.650001525879,108.379997253418,299212700,108.107353210449
"2025-04-01",108.519996643066,110.199996948242,106.470001220703,110.150001525879,222614000,109.872901916504
"2025-04-02",107.290000915527,111.980003356934,106.790000915527,110.419998168945,220601200,110.142219543457
"2025-04-03",103.51000213623,105.629997253418,101.599998474121,101.800003051758,338769400,101.543914794922
"2025-04-04",98.9100036621094,100.129997253418,92.1100006103516,94.3099975585938,532273800,94.0727615356445
"2025-04-07",87.4599990844727,101.75,86.620002746582,97.6399993896484,611041300,97.3943710327148
"2025-04-08",103.809997558594,105.849998474121,94.4599990844727,96.3000030517578,476243400,96.0577545166016
"2025-04-09",98.8899993896484,115.099998474121,97.5299987792969,114.330001831055,612918300,114.04239654541
"2025-04-10",109.370002746582,110.860000610352,99.1500015258789,107.569999694824,437812400,107.299392700195
"2025-04-11",108.5,111.550003051758,107.480003356934,110.930000305176,313417300,110.650947570801
"2025-04-14",114.110000610352,114.290000915527,109.069999694824,110.709999084473,264705000,110.431503295898
"2025-04-15",110.970001220703,113.620002746582,110.5,112.199996948242,228966900,111.917747497559
"2025-04-16",104.550003051758,106.790000915527,100.449996948242,104.48999786377,397016900,104.227142333984
"2025-04-17",104.449996948242,104.470001220703,100.050003051758,101.48999786377,292517500,101.234687805176
"2025-04-21",98.7699966430664,99.4400024414062,95.0400009155273,96.9100036621094,288501100,96.6662216186523
"2025-04-22",98.7799987792969,99.8099975585938,97.2799987792969,98.8899993896484,241004800,98.641227722168
"2025-04-23",104.519996643066,104.800003051758,102.019996643066,102.709999084473,247526000,102.451614379883
"2025-04-24",103.480003356934,106.540000915527,103.110000610352,106.430000305176,220815000,106.162261962891
"2025-04-25",106.849998474121,111.919998168945,105.730003356934,111.01000213623,251064700,110.730743408203
"2025-04-28",109.690002441406,110.370002746582,106.019996643066,108.730003356934,207708500,108.456489562988
"2025-04-29",107.669998168945,110.199996948242,107.440002441406,109.019996643066,170444300,108.745742797852
"2025-04-30",104.470001220703,108.919998168945,104.080001831055,108.919998168945,235044600,108.64599609375
"2025-05-01",113.080001831055,114.940002441406,111.300003051758,111.610000610352,236121500,111.329238891602
"2025-05-02",114.180000305176,115.400001525879,113.370002746582,114.5,190194800,114.211959838867
"2025-05-05",112.910003662109,114.669998168945,112.660003662109,113.819999694824,133163200,113.533668518066
"2025-05-06",111.480003356934,114.73999786377,110.819999694824,113.540000915527,158525600,113.254371643066
"2025-05-07",113.050003051758,117.680000305176,112.279998779297,117.059997558594,206758800,116.765525817871
"2025-05-08",118.25,118.680000305176,115.849998474121,117.370002746582,198428100,117.074745178223
"2025-05-09",117.349998474121,118.230003356934,115.209999084473,116.650001525879,132972200,116.356559753418
"2025-05-12",121.970001220703,123,120.279998779297,123,225023300,122.690574645996
"2025-05-13",124.980003356934,131.220001220703,124.470001220703,129.929992675781,330430100,129.603149414062
"2025-05-14",133.199996948242,135.440002441406,131.679992675781,135.339996337891,281180800,134.999542236328
"2025-05-15",134.289993286133,136.300003051758,132.660003662109,134.830001831055,226632600,134.490829467773
"2025-05-16",136.220001220703,136.350006103516,133.460006713867,135.399993896484,226542500,135.059387207031
"2025-05-19",132.389999389648,135.869995117188,132.389999389648,135.570007324219,193154600,135.228973388672
"2025-05-20",134.289993286133,134.580001831055,132.619995117188,134.380004882812,161514200,134.041961669922
"2025-05-21",133.059997558594,137.399993896484,130.589996337891,131.800003051758,270608700,131.468460083008
"2025-05-22",132.229995727539,134.25,131.550003051758,132.830001831055,187344000,132.495834350586
"2025-05-23",130,132.679992675781,129.160003662109,131.289993286133,198821300,130.959732055664
"2025-05-27",134.149993896484,135.660003662109,133.309997558594,135.5,192953600,135.159149169922
"2025-05-28",136.029998779297,137.25,134.789993286133,134.809997558594,304021100,134.47087097168
"2025-05-29",142.25,143.490005493164,137.910003662109,139.190002441406,369241900,138.839859008789
"2025-05-30",138.720001220703,139.619995117188,132.919998168945,135.130004882812,333170900,134.790084838867
"2025-06-02",135.490005493164,138.119995117188,135.399993896484,137.380004882812,197663100,137.034408569336
"2025-06-03",138.779998779297,142,137.949996948242,141.220001220703,225578800,140.86474609375
"2025-06-04",142.190002441406,142.389999389648,139.539993286133,141.919998168945,167120800,141.56298828125
"2025-06-05",142.169998168945,144,138.830001831055,139.990005493164,231397900,139.637847900391
"2025-06-06",142.509994506836,143.270004272461,141.509994506836,141.720001220703,153986200,141.363510131836
"2025-06-09",143.190002441406,145,141.940002441406,142.630004882812,185114500,142.271194458008
"2025-06-10",142.690002441406,144.289993286133,141.529998779297,143.960006713867,155881900,143.597839355469
"2025-06-11",144.610000610352,144.990005493164,141.869995117188,142.830001831055,167694000,142.480590820312
"2025-06-12",141.970001220703,145,141.850006103516,145,162365000,144.645278930664
"2025-06-13",142.479995727539,143.580001831055,140.850006103516,141.970001220703,180820600,141.622711181641
"2025-06-16",143.350006103516,146.179992675781,143.199996948242,144.690002441406,183133700,144.336044311523
"2025-06-17",144.490005493164,145.220001220703,143.779998779297,144.119995117188,139108000,143.767425537109
"2025-06-18",144.009994506836,145.649993896484,143.119995117188,145.479995727539,161494100,145.124130249023
"2025-06-20",145.449996948242,146.199996948242,142.649993896484,143.850006103516,242956200,143.498107910156
"2025-06-23",142.5,144.779998779297,142.029998779297,144.169998168945,154308900,143.817321777344
"2025-06-24",145.559997558594,147.960006713867,145.5,147.899993896484,187566100,147.538177490234
"2025-06-25",149.270004272461,154.449996948242,149.259994506836,154.309997558594,269146500,153.932510375977
"2025-06-26",155.979995727539,156.720001220703,154,155.020004272461,198145700,154.64079284668
"2025-06-27",156.039993286133,158.710006713867,155.259994506836,157.75,263234500,157.36408996582
"2025-06-30",158.399993896484,158.660003662109,155.960006713867,157.990005493164,194580300,157.603500366211
"2025-07-01",156.289993286133,157.199996948242,151.490005493164,153.300003051758,213143600,152.924987792969
"2025-07-02",152.979995727539,157.600006103516,152.970001220703,157.25,171224100,156.865310668945
"2025-07-03",158.369995117188,160.979995727539,157.770004272461,159.339996337891,143716100,158.950180053711
"2025-07-07",158.199996948242,159.309997558594,157.339996337891,158.240005493164,140139000,157.852890014648
"2025-07-08",159.330001831055,160.220001220703,158.389999389648,160,138133000,159.608581542969
"2025-07-09",161.220001220703,164.419998168945,161.160003662109,162.880004882812,183656400,162.481552124023
"2025-07-10",164.320007324219,164.5,161.610000610352,164.100006103516,167704100,163.698577880859
"2025-07-11",163.720001220703,167.889999389648,163.470001220703,164.919998168945,193633300,164.516555786133
"2025-07-14",165.369995117188,165.490005493164,162.020004272461,164.070007324219,136975800,163.668640136719
"2025-07-15",171.190002441406,172.399993896484,169.199996948242,170.699996948242,230627400,170.282409667969
"2025-07-16",171.059997558594,171.75,168.899993896484,171.369995117188,158831500,170.950759887695
"2025-07-17",172.020004272461,174.160003662109,170.830001831055,173,160841100,172.576797485352
"2025-07-18",173.639999389648,174.25,171.259994506836,172.410003662109,146456400,171.988220214844
"2025-07-21",172.75,173.380004882812,171,171.380004882812,123126100,170.960739135742
"2025-07-22",171.339996337891,171.389999389648,164.580001831055,167.029998779297,193114300,166.621368408203
"2025-07-23",169.529998779297,171.259994506836,167.970001220703,170.779998779297,154082200,170.362213134766
"2025-07-24",172.440002441406,173.830001831055,171.300003051758,173.740005493164,128984600,173.314987182617
"2025-07-25",173.610000610352,174.720001220703,172.960006713867,173.5,122316800,173.075546264648
"2025-07-28",174.020004272461,177,173.970001220703,176.75,140023500,176.317611694336
"2025-07-29",177.960006713867,179.380004882812,175.020004272461,175.509994506836,154077500,175.080627441406
"2025-07-30",176.509994506836,179.889999389648,176.039993286133,179.270004272461,174312200,178.831451416016
"2025-07-31",182.899993896484,183.300003051758,175.929992675781,177.869995117188,221685400,177.434860229492
"2025-08-01",174.089996337891,176.539993286133,170.889999389648,173.720001220703,204529000,173.295043945312
"2025-08-04",175.160003662109,180.199996948242,174.520004272461,180,148174600,179.559646606445
"2025-08-05",179.619995117188,180.259994506836,175.899993896484,178.259994506836,156407600,177.82389831543
"2025-08-06",176.330001831055,179.899993896484,176.25,179.419998168945,137192300,178.981063842773
"2025-08-07",181.570007324219,183.880004882812,178.800003051758,180.770004272461,151878400,180.327789306641
"2025-08-08",181.550003051758,183.300003051758,180.399993896484,182.699996948242,123396700,182.253036499023
"2025-08-11",182.050003051758,183.839996337891,180.25,182.059997558594,138323200,181.614624023438
"2025-08-12",182.960006713867,184.479995727539,179.460006713867,183.160003662109,145485700,182.711944580078
"2025-08-13",182.619995117188,183.970001220703,179.350006103516,181.589996337891,179871700,181.145782470703
"2025-08-14",179.75,183.020004272461,179.460006713867,182.020004272461,129554000,181.574722290039
"2025-08-15",181.880004882812,181.899993896484,178.039993286133,180.449996948242,156602200,180.008560180664
"2025-08-18",180.600006103516,182.940002441406,180.589996337891,182.009994506836,132008000,181.564743041992
"2025-08-19",182.429992675781,182.5,175.490005493164,175.639999389648,185229200,175.210327148438
"2025-08-20",175.169998168945,176,168.800003051758,175.399993896484,215142700,174.970916748047
"2025-08-21",174.850006103516,176.899993896484,173.809997558594,174.979995727539,140040900,174.551940917969
"2025-08-22",172.610000610352,178.589996337891,171.199996948242,177.990005493164,172789400,177.554565429688
"2025-08-25",178.350006103516,181.910003662109,176.570007324219,179.809997558594,163012800,179.370132446289
"2025-08-26",180.059997558594,182.389999389648,178.809997558594,181.770004272461,168688200,181.325332641602
"2025-08-27",181.979995727539,182.490005493164,179.100006103516,181.600006103516,235518900,181.15576171875
"2025-08-28",180.820007324219,184.470001220703,176.410003662109,180.169998168945,281787800,179.729248046875
"2025-08-29",178.110000610352,178.149993896484,173.149993896484,174.179992675781,243257900,173.753890991211
"2025-09-02",170,172.380004882812,167.220001220703,170.779998779297,231164900,170.362213134766
"2025-09-03",171.059997558594,172.410003662109,168.880004882812,170.619995117188,164424900,170.202606201172
"2025-09-04",170.570007324219,171.860000610352,169.410003662109,171.660003662109,141670100,171.24006652832
"2025-09-05",168.029998779297,169.029998779297,164.070007324219,167.020004272461,224441400,166.611404418945
"2025-09-08",167.550003051758,170.960006713867,167.350006103516,168.309997558594,163769100,167.89826965332
"2025-09-09",169.089996337891,170.979995727539,166.740005493164,170.759994506836,157548400,170.342254638672
"2025-09-10",176.639999389648,179.289993286133,175.470001220703,177.330001831055,226852000,176.896209716797
"2025-09-11",179.679992675781,180.279998779297,176.479995727539,177.169998168945,151159300,176.746536254883
"2025-09-12",177.770004272461,178.600006103516,176.449996948242,177.820007324219,124911000,177.395004272461
"2025-09-15",175.669998168945,178.850006103516,174.509994506836,177.75,147061600,177.325164794922
"2025-09-16",177,177.5,174.380004882812,174.880004882812,140737800,174.462020874023
"2025-09-17",172.639999389648,173.199996948242,168.410003662109,170.289993286133,211843800,169.88298034668
"2025-09-18",173.979995727539,177.100006103516,172.960006713867,176.240005493164,191763300,175.818786621094
"2025-09-19",175.770004272461,178.080001831055,175.179992675781,176.669998168945,237182100,176.247741699219
"2025-09-22",175.300003051758,184.550003051758,174.710006713867,183.610000610352,269637000,183.171157836914
"2025-09-23",181.970001220703,182.419998168945,176.210006713867,178.429992675781,192559600,178.003540039062
"2025-09-24",179.770004272461,179.779998779297,175.399993896484,176.970001220703,143564100,176.547027587891
"2025-09-25",174.479995727539,180.259994506836,173.130004882812,177.690002441406,191586700,177.265289306641
"2025-09-26",178.169998168945,179.770004272461,174.929992675781,178.190002441406,148573700,177.764129638672
"2025-09-29",180.429992675781,184,180.320007324219,181.850006103516,193063500,181.41535949707
"2025-09-30",182.080001831055,187.350006103516,181.479995727539,186.580001831055,236981000,186.134063720703
"2025-10-01",185.240005493164,188.139999389648,183.899993896484,187.240005493164,173844900,186.792495727539
"2025-10-02",189.600006103516,191.050003051758,188.059997558594,188.889999389648,136805800,188.438552856445
"2025-10-03",189.190002441406,190.360000610352,185.380004882812,187.619995117188,137596900,187.17155456543
"2025-10-06",185.5,187.229995727539,183.330001831055,185.539993286133,157678100,185.096542358398
"2025-10-07",186.229995727539,189.059997558594,184,185.039993286133,140088000,184.597732543945
"2025-10-08",186.570007324219,189.600006103516,186.539993286133,189.110000610352,130168900,188.658020019531
"2025-10-09",192.229995727539,195.300003051758,191.059997558594,192.570007324219,182997200,192.109741210938
"2025-10-10",193.509994506836,195.619995117188,182.050003051758,183.160003662109,268774400,182.722244262695
"2025-10-13",187.970001220703,190.110000610352,185.960006713867,188.320007324219,153482800,187.869918823242
"2025-10-14",184.770004272461,184.800003051758,179.699996948242,180.029998779297,205641400,179.599716186523
"2025-10-15",184.800003051758,184.869995117188,177.289993286133,179.830001831055,214450500,179.400192260742
"2025-10-16",182.229995727539,183.279998779297,179.770004272461,181.809997558594,179723300,181.375442504883
"2025-10-17",180.179992675781,184.100006103516,179.75,183.220001220703,173135200,182.782089233398
"2025-10-20",183.130004882812,185.199996948242,181.729995727539,182.639999389648,128544700,182.203475952148
"2025-10-21",182.789993286133,182.789993286133,179.800003051758,181.160003662109,124240200,180.727020263672
"2025-10-22",181.139999389648,183.440002441406,176.759994506836,180.279998779297,162249600,179.849105834961
"2025-10-23",180.419998168945,183.029998779297,179.789993286133,182.160003662109,111363700,181.724639892578
"2025-10-24",183.839996337891,187.470001220703,183.5,186.259994506836,131296700,185.814804077148
"2025-10-27",189.990005493164,192,188.429992675781,191.490005493164,153452700,191.032333374023
"2025-10-28",193.050003051758,203.149993896484,191.910003662109,201.029998779297,297986200,200.549530029297
"2025-10-29",207.979995727539,212.190002441406,204.779998779297,207.039993286133,308829600,206.545150756836
"2025-10-30",205.149993896484,206.160003662109,201.410003662109,202.889999389648,178864400,202.405075073242
"2025-10-31",206.449996948242,207.970001220703,202.070007324219,202.490005493164,179802200,202.006042480469
"2025-11-03",208.080001831055,211.339996337891,205.559997558594,206.880004882812,180267300,206.385543823242
"2025-11-04",203,203.970001220703,197.929992675781,198.690002441406,188919300,198.215118408203
"2025-11-05",198.770004272461,202.919998168945,194.649993896484,195.210006713867,171350300,194.743438720703
"2025-11-06",196.419998168945,197.619995117188,186.380004882812,188.080001831055,223029800,187.630477905273
"2025-11-07",184.899993896484,188.320007324219,178.910003662109,188.149993896484,264942300,187.700286865234
"2025-11-10",195.110000610352,199.940002441406,193.789993286133,199.050003051758,198897100,198.574279785156
"2025-11-11",195.160003662109,195.419998168945,191.300003051758,193.160003662109,176483300,192.698333740234
"2025-11-12",195.720001220703,195.889999389648,191.130004882812,193.800003051758,154935300,193.336807250977
"2025-11-13",191.050003051758,191.440002441406,183.850006103516,186.860000610352,207423100,186.413391113281
"2025-11-14",182.860000610352,191.009994506836,180.580001831055,190.169998168945,186591900,189.715469360352
"2025-11-17",185.970001220703,189,184.320007324219,186.600006103516,173628900,186.154022216797
"2025-11-18",183.380004882812,184.800003051758,179.649993896484,181.360000610352,213598900,180.926513671875
"2025-11-19",184.789993286133,187.860000610352,182.830001831055,186.520004272461,247246400,186.074188232422
"2025-11-20",195.949996948242,196,179.850006103516,180.639999389648,343504800,180.208251953125
"2025-11-21",181.240005493164,184.559997558594,172.929992675781,178.880004882812,346926200,178.452453613281
"2025-11-24",179.490005493164,183.5,176.479995727539,182.550003051758,256618300,182.113693237305
"2025-11-25",174.910003662109,178.160003662109,169.550003051758,177.820007324219,320600300,177.395004272461
"2025-11-26",181.630004882812,182.910003662109,178.240005493164,180.259994506836,183852000,179.829147338867
"2025-11-28",179.009994506836,179.289993286133,176.5,177,121332800,176.576965332031
"2025-12-01",174.759994506836,180.300003051758,173.679992675781,179.919998168945,188131000,179.489974975586
"2025-12-02",181.759994506836,185.660003662109,180,181.460006713867,182632200,181.026306152344
"2025-12-03",181.080001831055,182.449996948242,179.110000610352,179.589996337891,165138000,179.160766601562
"2025-12-04",181.619995117188,184.520004272461,179.960006713867,183.380004882812,167364900,182.951889038086
"2025-12-05",183.889999389648,184.660003662109,180.910003662109,182.410003662109,143971100,181.984161376953
"2025-12-08",182.639999389648,188,182.399993896484,185.550003051758,204378100,185.116821289062
"2025-12-09",185.559997558594,185.720001220703,183.320007324219,184.970001220703,144719700,184.538192749023
"2025-12-10",184.970001220703,185.479995727539,182.039993286133,183.779998779297,162785400,183.350952148438
"2025-12-11",180.279998779297,181.320007324219,176.619995117188,180.929992675781,182136600,180.507598876953
"2025-12-12",181.110000610352,182.820007324219,174.619995117188,175.020004272461,204274900,174.611419677734
"2025-12-15",177.940002441406,178.419998168945,175.029998779297,176.289993286133,164775600,175.878433227539
"2025-12-16",176.259994506836,178.490005493164,174.899993896484,177.720001220703,148588100,177.305099487305
"2025-12-17",176.100006103516,176.130004882812,170.309997558594,170.940002441406,222775500,170.540939331055
"2025-12-18",174.529998779297,176.149993896484,171.820007324219,174.139999389648,176096000,173.733459472656
"2025-12-19",176.669998168945,181.449996948242,176.339996337891,180.990005493164,324925900,180.567474365234
"2025-12-22",183.919998168945,184.160003662109,182.350006103516,183.690002441406,129064400,183.261169433594
"2025-12-23",182.970001220703,189.330001831055,182.899993896484,189.210006713867,174873600,188.768295288086
"2025-12-24",187.940002441406,188.910003662109,186.589996337891,188.610000610352,65528500,188.169677734375
"2025-12-26",189.919998168945,192.690002441406,188,190.529998779297,139740300,190.085205078125
"2025-12-29",187.710006713867,188.759994506836,185.910003662109,188.220001220703,120006100,187.78059387207
"2025-12-30",188.240005493164,188.990005493164,186.929992675781,187.539993286133,97687300,187.102188110352
"2025-12-31",189.570007324219,190.559997558594,186.490005493164,186.5,120100500,186.064605712891
"2026-01-02",189.839996337891,192.929992675781,188.259994506836,188.850006103516,148240500,188.409133911133
"2026-01-05",191.759994506836,193.630004882812,186.149993896484,188.119995117188,183529700,187.68083190918
"2026-01-06",190.520004272461,192.169998168945,186.820007324219,187.240005493164,176862600,186.80290222168
"2026-01-07",188.570007324219,191.369995117188,186.559997558594,189.110000610352,153543200,188.668518066406
"2026-01-08",189.110000610352,189.550003051758,183.710006713867,185.039993286133,172457000,184.608001708984
"2026-01-09",185.080001831055,186.339996337891,183.669998168945,184.860000610352,131327500,184.428436279297
"2026-01-12",183.220001220703,187.119995117188,183.020004272461,184.940002441406,137968500,184.508255004883
"2026-01-13",185,188.110000610352,183.399993896484,185.809997558594,160128900,185.376220703125
"2026-01-14",184.320007324219,184.460006713867,180.800003051758,183.139999389648,159586100,182.712448120117
"2026-01-15",186.5,189.699996948242,186.330001831055,187.050003051758,206188600,186.613327026367
"2026-01-16",189.080001831055,190.440002441406,186.080001831055,186.229995727539,187967200,185.79524230957
"2026-01-20",181.899993896484,182.380004882812,177.610000610352,178.070007324219,223345300,177.654281616211
"2026-01-21",179.050003051758,185.380004882812,178.399993896484,183.320007324219,200381000,182.892044067383
"2026-01-22",184.75,186.169998168945,183.929992675781,184.839996337891,139636600,184.408477783203
"2026-01-23",187.5,189.600006103516,186.820007324219,187.669998168945,142748100,187.231872558594
"2026-01-26",187.160003662109,189.119995117188,185.990005493164,186.470001220703,124799600,186.03466796875
"2026-01-27",187.240005493164,190,185.699996948242,188.520004272461,143711600,188.079895019531
"2026-01-28",191.270004272461,192.350006103516,189.839996337891,191.520004272461,148552700,191.072875976562
"2026-01-29",191.339996337891,193.479995727539,186.059997558594,192.509994506836,171764400,192.060577392578
"2026-01-30",191.210006713867,194.490005493164,189.470001220703,191.130004882812,179489500,190.683807373047
"2026-02-02",187.199996948242,190.300003051758,184.880004882812,185.610000610352,165794100,185.176681518555
"2026-02-03",186.240005493164,186.270004272461,176.229995727539,180.339996337891,204019600,179.918975830078
"2026-02-04",179.460006713867,179.580001831055,171.910003662109,174.190002441406,207014100,173.783355712891
"2026-02-05",174.929992675781,176.820007324219,171.029998779297,171.880004882812,206312900,171.478744506836
"2026-02-06",176.690002441406,187,174.600006103516,185.410003662109,231346200,184.977157592773
"2026-02-09",184.259994506836,193.660003662109,183.949996948242,190.039993286133,196387400,189.596343994141
"2026-02-10",191.380004882812,192.479995727539,188.119995117188,188.539993286133,136764800,188.099838256836
"2026-02-11",192.449996948242,193.259994506836,188.770004272461,190.050003051758,144192700,189.606338500977
"2026-02-12",193.029998779297,193.610000610352,186.509994506836,186.940002441406,189932500,186.503601074219
"2026-02-13",187.479995727539,187.5,181.589996337891,182.809997558594,161888000,182.383209228516
"2026-02-17",181.75,187.149993896484,179.179992675781,184.970001220703,162276900,184.538192749023
"2026-02-18",188.75,190.369995117188,186.759994506836,187.979995727539,164749100,187.541137695312
"2026-02-19",187.059997558594,188.429992675781,185.660003662109,187.899993896484,126554500,187.461318969727
"2026-02-20",186.570007324219,190.330001831055,185.940002441406,189.820007324219,178422300,189.376861572266
"2026-02-23",191.399993896484,193.949996948242,189.580001831055,191.550003051758,171584800,191.102813720703
"2026-02-24",191.490005493164,193.770004272461,187.399993896484,192.850006103516,175123600,192.399795532227
"2026-02-25",194.449996948242,197.630004882812,193.789993286133,195.559997558594,250637100,195.103454589844
"2026-02-26",194.270004272461,194.289993286133,184.320007324219,184.889999389648,360807900,184.458374023438
"2026-02-27",181.25,182.589996337891,176.380004882812,177.190002441406,311636500,176.776336669922
"2026-03-02",175.009994506836,183.460006713867,174.639999389648,182.479995727539,209095300,182.053970336914
"2026-03-03",178.490005493164,180.899993896484,176.919998168945,180.050003051758,178099400,179.629669189453
"2026-03-04",180.440002441406,184.699996948242,180.059997558594,183.039993286133,177731200,182.612686157227
"2026-03-05",181.169998168945,184.059997558594,177.880004882812,183.339996337891,198779700,182.911972045898
"2026-03-06",179.839996337891,182.759994506836,176.820007324219,177.820007324219,189021900,177.404876708984
"2026-03-09",176.830001831055,182.910003662109,175.559997558594,182.649993896484,177213600,182.223587036133
"2026-03-10",182.399993896484,186.440002441406,182.009994506836,184.770004272461,179118500,184.338653564453
"2026-03-11",185.910003662109,187.619995117188,184.449996948242,186.029998779297,145280400,185.605743408203
"2026-03-12",184.050003051758,184.940002441406,181.75,183.139999389648,155762700,182.72233581543
"2026-03-13",184.919998168945,186.089996337891,179.940002441406,180.25,160988400,179.838943481445
"2026-03-16",182.970001220703,188.880004882812,181.410003662109,183.220001220703,217307400,182.802154541016
"2026-03-17",185.059997558594,185.399993896484,181.679992675781,181.929992675781,182497800,181.515106201172
"2026-03-18",182.479995727539,183.380004882812,180.330001831055,180.399993896484,156683100,179.988586425781
"2026-03-19",178.009994506836,179.979995727539,175.789993286133,178.559997558594,170968500,178.152770996094
"2026-03-20",178,178.259994506836,171.720001220703,172.699996948242,241323500,172.30615234375
"2026-03-23",177.259994506836,178.369995117188,174.759994506836,175.639999389648,182836300,175.239440917969
"2026-03-24",174.830001831055,176.220001220703,173.979995727539,175.199996948242,147667800,174.800445556641
"2026-03-25",177.100006103516,181.220001220703,176.850006103516,178.679992675781,162602100,178.272506713867
"2026-03-26",176.070007324219,176.509994506836,171.139999389648,171.240005493164,186152200,170.849487304688
"2026-03-27",170,170.970001220703,167.009994506836,167.520004272461,196212700,167.137969970703
"2026-03-30",168.779998779297,169.449996948242,164.270004272461,165.169998168945,185627000,164.793319702148
"2026-03-31",166.970001220703,174.619995117188,166.960006713867,174.399993896484,226181300,174.002258300781
"2026-04-01",176,177.369995117188,174.75,175.75,168132000,175.349182128906
"2026-04-02",172.179992675781,177.490005493164,171.369995117188,177.389999389648,143143200,176.985458374023
"2026-04-06",177.160003662109,177.789993286133,175.759994506836,177.639999389648,107564300,177.234878540039
"2026-04-07",175.729995727539,178.229995727539,173.660003662109,178.100006103516,132534900,177.693832397461
"2026-04-08",184.5,185.259994506836,180.300003051758,182.080001831055,147732700,181.664764404297
"2026-04-09",181.839996337891,184.080001831055,180.619995117188,183.910003662109,116428500,183.490600585938
"2026-04-10",184.309997558594,190,184.300003051758,188.630004882812,160459500,188.199829101562
"2026-04-13",186.029998779297,189.660003662109,185.740005493164,189.309997558594,133648200,188.878265380859
"2026-04-14",190.839996337891,196.509994506836,190.770004272461,196.509994506836,161307000,196.06184387207
"2026-04-15",196.539993286133,200.399993896484,195.740005493164,198.869995117188,185338400,198.416473388672
"2026-04-16",197.429992675781,199.850006103516,195.809997558594,198.350006103516,134012900,197.897659301758
"2026-04-17",199.899993896484,201.699996948242,199.270004272461,201.679992675781,160324400,201.22004699707
"2026-04-20",199.979995727539,202.169998168945,197.839996337891,202.059997558594,119381400,201.599182128906
"2026-04-21",202.130004882812,202.75,199,199.880004882812,107945300,199.424179077148
"2026-04-22",200.990005493164,202.5,199,202.5,107501000,202.038192749023
"2026-04-23",202.460006713867,203.830001831055,197.220001220703,199.639999389648,113561800,199.184707641602
"2026-04-24",199.960006713867,210.949996948242,199.809997558594,208.270004272461,214134400,207.795028686523
"2026-04-27",209.649993896484,216.830001831055,207.380004882812,216.610000610352,187172400,216.116012573242
"2026-04-28",209.490005493164,214.729995727539,208.199996948242,213.169998168945,180275400,212.683853149414
"2026-04-29",212.699996948242,212.720001220703,207.580001831055,209.25,123711800,208.772796630859
"2026-04-30",209.929992675781,210.300003051758,198.699996948242,199.570007324219,225239200,199.114868164062
"2026-05-01",201.279998779297,203,197.119995117188,198.449996948242,128647000,197.997436523438
"2026-05-04",199.5,201.729995727539,194.740005493164,198.479995727539,125368100,198.02734375
"2026-05-05",199.300003051758,200.240005493164,196.029998779297,196.5,113406600,196.051864624023
"2026-05-06",199.889999389648,208.270004272461,198.610000610352,207.830001831055,188362800,207.356033325195
"2026-05-07",208.339996337891,214.199996948242,206.5,211.5,168307900,211.017669677734
"2026-05-08",213.029998779297,217.800003051758,212.889999389648,215.199996948242,136421400,214.709228515625
"2026-05-11",214.039993286133,222.300003051758,213.889999389648,219.440002441406,160685800,218.939559936523
"2026-05-12",218.550003051758,223.75,214.919998168945,220.779998779297,159176600,220.276504516602
"2026-05-13",224.929992675781,227.839996337891,221.570007324219,225.830001831055,150405400,225.314987182617
"2026-05-14",229.850006103516,236.539993286133,229.300003051758,235.740005493164,180782900,235.202392578125
"2026-05-15",229.759994506836,231.5,224.240005493164,225.320007324219,180977600,224.80615234375
"2026-05-18",229.869995117188,230,218.369995117188,222.320007324219,146280900,221.813003540039
"2026-05-19",219.619995117188,224.479995727539,217.910003662109,220.610000610352,140948200,220.106887817383
"2026-05-20",223.179992675781,226.130004882812,220.5,223.470001220703,184201600,222.960372924805
"2026-05-21",222.289993286133,227.399993896484,217.929992675781,219.509994506836,203381800,219.009399414062
"2026-05-22",220.899993896484,221.009994506836,214.800003051758,215.330001831055,169275700,214.838928222656
"2026-05-26",216.539993286133,218.179992675781,212,214.860000610352,187202600,214.370010375977
"2026-05-27",214.119995117188,214.149993896484,208.779998779297,212.600006103516,167601200,212.115158081055
"2026-05-28",211.279998779297,215.520004272461,211.220001220703,214.25,143996000,213.76139831543
"2026-05-29",214.580001831055,217.860000610352,211.130004882812,211.139999389648,289410600,210.658493041992
"2026-06-01",215.729995727539,224.869995117188,215.699996948242,224.360000610352,212850700,223.848342895508
"2026-06-02",227.179992675781,232.279998779297,221.350006103516,222.820007324219,193362900,222.31184387207
"2026-06-03",221.720001220703,222.820007324219,214.509994506836,214.75,160907000,214.26025390625
"2026-06-04",213.910003662109,221.600006103516,210.970001220703,218.660003662109,169022200,218.415603637695
"2026-06-05",214.529998779297,214.869995117188,204.330001831055,205.100006103516,219655500,204.870758056641
"2026-06-08",210.179992675781,210.470001220703,206,208.639999389648,138372800,208.406799316406
"2026-06-09",210.619995117188,211.399993896484,199.339996337891,208.190002441406,180962500,207.957305908203
"2026-06-10",204.429992675781,207.220001220703,199.919998168945,200.419998168945,161746600,200.195983886719
"2026-06-11",201.490005493164,205.660003662109,199.539993286133,204.869995117188,158643200,204.641006469727
"2026-06-12",204.860000610352,207.070007324219,203.440002441406,205.190002441406,112001800,204.960662841797
"2026-06-15",208.919998168945,212.710006713867,208.339996337891,212.449996948242,149936700,212.212539672852
"2026-06-16",211.179992675781,211.490005493164,207.289993286133,207.410003662109,125694100,207.178176879883
"2026-06-17",208.529998779297,209.210006713867,203.080001831055,204.649993896484,128363500,204.421249389648
"2026-06-18",207.330001831055,211.389999389648,206.5,210.690002441406,241272000,210.454513549805
"2026-06-22",211.440002441406,213.990005493164,207.720001220703,208.649993896484,122041400,208.416778564453
"2026-06-23",202.169998168945,203.770004272461,200,200.039993286133,153496200,199.81640625
"2026-06-24",200.119995117188,201.669998168945,196.580001831055,199,151810700,198.777572631836
"2026-06-25",200.080001831055,200.800003051758,192.130004882812,195.740005493164,149550000,195.521224975586
"2026-06-26",193.119995117188,195.550003051758,191.220001220703,192.529998779297,179304100,192.314804077148
"2026-06-29",193.850006103516,196.179992675781,189.800003051758,194.970001220703,148835700,194.752075195312
"2026-06-30",197.240005493164,200.630004882812,195.110000610352,200.089996337891,166476700,199.866348266602
"2026-07-01",196.199996948242,199.850006103516,193.449996948242,197.580001831055,146147600,197.359161376953
"2026-07-02",197.139999389648,200.059997558594,192.350006103516,194.830001831055,142068700,194.612243652344
"2026-07-06",194.419998168945,197.550003051758,193.990005493164,195.550003051758,108999000,195.331436157227
"2026-07-07",192.369995117188,198.410003662109,191.139999389648,196.929992675781,124154600,196.709884643555
"2026-07-08",195.179992675781,205.160003662109,195.059997558594,204.119995117188,147419100,203.891845703125
"2026-07-09",204.460006713867,204.589996337891,198.960006713867,202.779998779297,132037400,202.553344726562
"2026-07-10",202,211,201.919998168945,210.960006713867,148421000,210.724212646484
"2026-07-13",208.539993286133,210.570007324219,203,203.529998779297,121411000,203.302505493164
"2026-07-14",208.199996948242,212.550003051758,203.800003051758,211.800003051758,124379600,211.563278198242
"2026-07-15",211.960006713867,213.809997558594,206.039993286133,212.5,124797200,212.262481689453
"2026-07-16",210.169998168945,211.080001831055,205.850006103516,207.399993896484,122986100,207.168182373047
"2026-07-17",202.639999389648,206.649993896484,197.970001220703,202.809997558594,144281900,202.583312988281
"2026-07-20",205.869995117188,207.740005493164,202.279998779297,203.279998779297,88701500,203.052795410156
"2026-07-21",207.539993286133,208.649993896484,204.009994506836,207.289993286133,108685600,207.058303833008
"2026-07-22",205.809997558594,214.389999389648,204.949996948242,212.059997558594,137645600,211.822982788086
"2026-07-23",209.460006713867,210.869995117188,205.960006713867,208.759994506836,110505300,208.526657104492
"2026-07-24",207.449996948242,211.910003662109,204.809997558594,206.839996337891,114836800,206.608810424805
"2026-07-27",208.199996948242,208.75,195.440002441406,196.509994506836,154353700,196.29035949707
"2026-07-28",195,198.699996948242,192.740005493164,197.009994506836,134111500,196.789794921875
"2026-07-29",195.850006103516,197.070007324219,190.009994506836,190.009994506836,147680800,189.797622680664
"2026-07-30",193.449996948242,197.25,191.520004272461,195.039993286133,129010200,194.821990966797
"2026-07-31",198.440002441406,202,194.949996948242,200.75,139961200,200.525619506836
"2026-08-03",197.690002441406,208.740005493164,196.850006103516,206.639999389648,128406900,206.409042358398
"2026-08-04",211.300003051758,213.059997558594,209.050003051758,211.940002441406,134922000,211.703109741211
"2026-08-05",216.860000610352,222.220001220703,216.399993896484,219.220001220703,158187400,218.974975585938
"2026-08-06",221.529998779297,223.630004882812,217,218.990005493164,113940600,218.745239257812
"2026-08-07",221.539993286133,224.759994506836,220.660003662109,223.960006713867,105669400,223.709686279297
"2026-08-10",223.399993896484,224.139999389648,216.770004272461,217.550003051758,115846600,217.306838989258
"2026-08-11",222.169998168945,222.199996948242,216.199996948242,217.5,101273100,217.256896972656
"2026-08-12",221.039993286133,225.100006103516,220.199996948242,224.089996337891,108783600,223.83952331543
"2026-08-13",225.059997558594,227.229995727539,223.710006713867,225.300003051758,98867200,225.048187255859
"2026-08-14",226.770004272461,227.490005493164,224.5,225.160003662109,75680900,224.908340454102
"2026-08-17",225.979995727539,227.919998168945,224.860000610352,225.009994506836,93678700,224.758499145508
"2026-08-18",220.449996948242,221.639999389648,218.690002441406,219.740005493164,103128200,219.494400024414
"2026-08-19",221.669998168945,222.869995117188,216.759994506836,217.559997558594,96797300,217.316833496094
"2026-08-20",218.360000610352,219.860000610352,215.660003662109,216.850006103516,92457000,216.607635498047
"2026-08-21",218.419998168945,218.740005493164,214.5,214.720001220703,98869300,214.480010986328
"2026-08-24",215.529998779297,215.589996337891,207.25,208.479995727539,135187300,208.246978759766
"2026-08-25",211.029998779297,214.729995727539,210.110000610352,213.050003051758,122309000,212.811874389648
"2026-08-26",212.639999389648,213.600006103516,209.229995727539,209.660003662109,179900000,209.425659179688
"2026-08-27",222.860000610352,230.470001220703,220.899993896484,227.979995727539,298909800,227.725173950195
"2026-08-28",227.360000610352,229.259994506836,216.809997558594,217.550003051758,195116400,217.306838989258
"2026-08-31",218.869995117188,221.300003051758,216.210006713867,220.779998779297,124702700,220.533233642578
"2026-09-01",216.75,220.410003662109,215.100006103516,217.440002441406,109756200,217.196975708008
"2026-09-02",218.789993286133,227.949996948242,218.479995727539,224.410003662109,157104700,224.1591796875
"2026-09-03",226.020004272461,230.399993896484,224.75,228.449996948242,134681600,228.19465637207
"2026-09-04",231.089996337891,234.759994506836,229.630004882812,230.360000610352,135352400,230.102523803711
"2026-09-08",233.110000610352,233.710006713867,224.850006103516,225.729995727539,122965600,225.477691650391
"2026-09-09",225.279998779297,226.179992675781,223.460006713867,223.669998168945,82955500,223.419998168945
"2026-09-10",220.529998779297,220.990005493164,217.199996948242,218.360000610352,105768000,218.360000610352
"2026-09-11",221.240005493164,222,218.149993896484,218.289993286133,89060100,218.289993286133
"2026-09-14",211.240005493164,212.770004272461,208.929992675781,210.960006713867,132267200,210.960006713867
"2026-09-15",213.380004882812,213.940002441406,211.160003662109,212.169998168945,88059700,212.169998168945
"2026-09-16",214.139999389648,216.759994506836,212.5,213.899993896484,96563600,213.899993896484
"2026-09-17",218.380004882812,219.910003662109,217.149993896484,219.339996337891,94191300,219.339996337891
"2026-09-18",219.350006103516,222.729995727539,218.029998779297,222.270004272461,190287400,222.270004272461
"2026-09-21",222.940002441406,228.5,221.559997558594,227.380004882812,109806100,227.380004882812
"2026-09-22",226.850006103516,229.979995727539,226.5,228.869995117188,95746700,228.869995117188
"2026-09-23",228.029998779297,228.949996948242,224.020004272461,225.509994506836,89547300,225.509994506836
"2026-09-24",222.080001831055,224.940002441406,221.089996337891,224.580001831055,77469900,224.580001831055
"2026-09-25",225.130004882812,226.940002441406,223.130004882812,225.070007324219,89808400,225.070007324219
