"Date","Open","High","Low","Close","Volume","Adjusted"
"2010-01-04",61.1100006103516,61.310001373291,60.6300010681152,61.1199989318848,9190800,37.5805511474609
"2010-01-05",61.1300010681152,61.2799987792969,60.5999984741211,61.1399993896484,8649400,37.5928573608398
"2010-01-06",60.939998626709,60.9599990844727,60.5,60.8499984741211,9908400,37.4145469665527
"2010-01-07",60.5800018310547,60.7000007629395,60.2400016784668,60.5200004577637,8972800,37.2116317749023
"2010-01-08",60.3600006103516,60.5299987792969,60.060001373291,60.439998626709,8464600,37.1624450683594
"2010-01-11",60.0800018310547,60.2700004577637,59.0099983215332,60.2000007629395,14774600,37.0148735046387
"2010-01-12",60.7000007629395,61.3600006103516,60.5,60.8899993896484,13460700,37.439136505127
"2010-01-13",61.0400009155273,61.7900009155273,60.9099998474121,61.5200004577637,16968100,37.8265075683594
"2010-01-14",61.4199981689453,61.7400016784668,61.3800010681152,61.5800018310547,9139500,37.8633880615234
"2010-01-15",61.5999984741211,61.8600006103516,60.439998626709,60.8199996948242,15768300,37.3960876464844
"2010-01-19",60.7999992370605,61.8300018310547,60.7999992370605,61.7200012207031,11577700,37.9494781494141
"2010-01-20",60.9700012207031,61.0400009155273,60.0999984741211,60.4500007629395,11557800,37.4354858398438
"2010-01-21",60.560001373291,60.9300003051758,59.4500007629395,59.8400001525879,14298400,37.0577087402344
"2010-01-22",59.75,60.689998626709,59.2200012207031,60.310001373291,17703200,37.3487701416016
"2010-01-25",60.8300018310547,60.9799995422363,60.1500015258789,60.6300010681152,11630800,37.5469436645508
"2010-01-26",60.1699981689453,60.9500007629395,60,60.689998626709,13079000,37.584098815918
"2010-01-27",60.4599990844727,60.9799995422363,59.9500007629395,60.810001373291,15228400,37.6584053039551
"2010-01-28",61.6699981689453,63.310001373291,61.5800018310547,61.6800003051758,26930000,38.1971778869629
"2010-01-29",61.9099998474121,62.2400016784668,61.4700012207031,61.5499992370605,17067100,38.1166801452637
"2010-02-01",61.8499984741211,62.2400016784668,61.5099983215332,61.9900016784668,12908100,38.38916015625
"2010-02-02",61.9300003051758,63.0400009155273,61.6599998474121,62.9000015258789,17680700,38.9527015686035
"2010-02-03",62.7400016784668,62.8600006103516,62.3600006103516,62.6500015258789,11083500,38.7978858947754
"2010-02-04",62.2000007629395,62.3400001525879,61.310001373291,61.4000015258789,14306600,38.0237922668457
"2010-02-05",61.0900001525879,61.439998626709,60.4300003051758,61.2999992370605,14844400,37.961856842041
"2010-02-08",61.060001373291,61.5099983215332,60.810001373291,61.0099983215332,11431800,37.782283782959
"2010-02-09",61.3800010681152,62,61.0099983215332,61.7599983215332,11427100,38.2467193603516
"2010-02-10",61.7400016784668,61.8499984741211,61.2200012207031,61.6699981689453,9854600,38.1909942626953
"2010-02-11",61.4199981689453,62.1599998474121,61.2700004577637,61.9599990844727,10383400,38.3705825805664
"2010-02-12",61.7599983215332,62.1300010681152,61.2900009155273,61.7599983215332,16188300,38.2467193603516
"2010-02-16",62.5999984741211,62.8699989318848,62.3499984741211,62.8300018310547,13273100,38.909351348877
"2010-02-17",62.7999992370605,62.9700012207031,62.5099983215332,62.8499984741211,14384400,38.9217491149902
"2010-02-18",62.7299995422363,63.5,62.3499984741211,63.3899993896484,17709000,39.2561569213867
"2010-02-19",63.2700004577637,63.7400016784668,63.0200004577637,63.4500007629395,10897800,39.2933158874512
"2010-02-22",63.689998626709,63.8800010681152,63.2999992370605,63.4199981689453,9675300,39.2747383117676
"2010-02-23",63.2299995422363,63.8199996948242,62.9199981689453,63.2099990844727,11948500,39.1446838378906
"2010-02-24",63.2200012207031,63.9599990844727,63.1300010681152,63.8899993896484,12808800,39.5657920837402
"2010-02-25",63.2299995422363,63.8600006103516,63.0099983215332,63.7000007629395,10085600,39.4481315612793
"2010-02-26",63.75,63.8800010681152,63.1399993896484,63.2799987792969,10640900,39.1880302429199
"2010-03-01",63.4599990844727,63.7999992370605,63.1500015258789,63.5099983215332,7748600,39.3304672241211
"2010-03-02",63.7200012207031,63.8699989318848,63.3400001525879,63.7099990844727,8004000,39.4543190002441
"2010-03-03",63.6599998474121,63.9000015258789,63.4300003051758,63.5499992370605,8608300,39.3552474975586
"2010-03-04",63.6500015258789,64.1500015258789,63.4099998474121,63.6699981689453,8600300,39.4295501708984
"2010-03-05",63.689998626709,63.7799987792969,63.0499992370605,63.689998626709,10101100,39.4419479370117
"2010-03-08",63.5499992370605,63.6699981689453,63.0299987792969,63.189998626709,11293300,39.1323051452637
"2010-03-09",63.0800018310547,63.5,63.0499992370605,63.2999992370605,7100900,39.2004127502441
"2010-03-10",63.2299995422363,63.2900009155273,62.8600006103516,63.0099983215332,9813200,39.0208358764648
"2010-03-11",62.7599983215332,63.1800003051758,62.5099983215332,63.1699981689453,10047900,39.1199073791504
"2010-03-12",63.3300018310547,63.5499992370605,63.060001373291,63.3199996948242,8099000,39.2128105163574
"2010-03-15",63.189998626709,63.7000007629395,63.189998626709,63.7000007629395,7674900,39.4481315612793
"2010-03-16",63.7200012207031,63.9000015258789,63.4199981689453,63.5299987792969,8939300,39.342845916748
"2010-03-17",63.7799987792969,64.0299987792969,63.3699989318848,64.0100021362305,10135400,39.6401100158691
"2010-03-18",63.9000015258789,64.129997253418,63.6500015258789,63.7299995422363,8867400,39.4667167663574
"2010-03-19",63.8400001525879,64,63.5200004577637,63.8400001525879,17458100,39.5348358154297
"2010-03-22",63.5200004577637,64.0999984741211,63.5200004577637,63.8800010681152,9648000,39.5596160888672
"2010-03-23",63.9300003051758,64.5800018310547,63.6599998474121,64.5299987792969,11807900,39.9621276855469
"2010-03-24",64.3300018310547,64.4000015258789,63.4799995422363,63.6100006103516,11732100,39.3923950195312
"2010-03-25",63.939998626709,64.120002746582,63.5800018310547,63.6199989318848,8203200,39.3985824584961
"2010-03-26",63.6800003051758,63.9300003051758,63.4000015258789,63.689998626709,10630300,39.4419479370117
"2010-03-29",63.7299995422363,64.0400009155273,63.5900001525879,63.7299995422363,8176700,39.4667167663574
"2010-03-30",63.7299995422363,63.9700012207031,63.5099983215332,63.6599998474121,6113600,39.4233589172363
"2010-03-31",63.5299987792969,63.6699981689453,63.1800003051758,63.2700004577637,8193800,39.1818466186523
"2010-04-01",63.4700012207031,63.7000007629395,63.2000007629395,63.3600006103516,10554900,39.2375679016113
"2010-04-05",63.3899993896484,63.8899993896484,63.2999992370605,63.7599983215332,8579800,39.4852905273438
"2010-04-06",63.5800018310547,63.5900001525879,63.0099983215332,63.1100006103516,11052300,39.082763671875
"2010-04-07",62.9099998474121,63,62.2099990844727,62.5,14043500,38.7049980163574
"2010-04-08",62.4500007629395,62.8499984741211,62.1199989318848,62.560001373291,8458800,38.7421455383301
"2010-04-09",62.5699996948242,63,62.5099983215332,62.7299995422363,9146700,38.8474349975586
"2010-04-12",62.4500007629395,62.9799995422363,62.4099998474121,62.7000007629395,9164400,38.8288612365723
"2010-04-13",62.5999984741211,63.3400001525879,62.5800018310547,63,11229400,39.0146255493164
"2010-04-14",62.9199981689453,63.2299995422363,62.7099990844727,63.189998626709,7685600,39.1323051452637
"2010-04-15",63.0299987792969,63.1399993896484,62.7200012207031,63,11314800,39.0146255493164
"2010-04-16",62.7999992370605,63.4900016784668,62.6300010681152,62.8499984741211,12568700,38.9217491149902
"2010-04-19",62.8199996948242,63.25,62.7000007629395,63.2200012207031,9548900,39.1508636474609
"2010-04-20",63.4700012207031,63.4900016784668,63.0299987792969,63.189998626709,11230400,39.1323051452637
"2010-04-21",63.2099990844727,63.6599998474121,63.1199989318848,63.6300010681152,9858500,39.4047775268555
"2010-04-22",63.5099983215332,63.7400016784668,63.2299995422363,63.5900001525879,8372900,39.380012512207
"2010-04-23",63.4799995422363,63.6399993896484,63.2000007629395,63.5400009155273,8452600,39.349063873291
"2010-04-26",63.4500007629395,64,63.4000015258789,63.939998626709,9262400,39.5967712402344
"2010-04-27",63.2400016784668,63.9000015258789,63.0400009155273,63.1100006103516,12849900,39.082763671875
"2010-04-28",62.6500015258789,63.4599990844727,62.4099998474121,63.1699981689453,13090000,39.4209899902344
"2010-04-29",62.2799987792969,62.9700012207031,60.8300018310547,62.2000007629395,27302400,38.8156547546387
"2010-04-30",62.5299987792969,63,62.1100006103516,62.1599998474121,15768900,38.7906875610352
"2010-05-03",62.4199981689453,62.8400001525879,61.8400001525879,62.6800003051758,9756600,39.1152076721191
"2010-05-04",62.2999992370605,62.5299987792969,61.560001373291,61.7099990844727,11402600,38.5098838806152
"2010-05-05",61.6199989318848,62.5699996948242,61.5,62.1599998474121,11611000,38.7906875610352
"2010-05-06",61.9099998474121,62.6699981689453,39.3699989318848,60.75,28560400,37.9108009338379
"2010-05-07",60.6100006103516,61.2000007629395,60,60.310001373291,23976600,37.6362342834473
"2010-05-10",61.5699996948242,62.7000007629395,61.1599998474121,62.4199981689453,16011300,38.9529609680176
"2010-05-11",62.0400009155273,62.9700012207031,61.9799995422363,62.3699989318848,12397400,38.921760559082
"2010-05-12",62.1100006103516,63.1300010681152,62.0999984741211,63.0200004577637,11004800,39.3273811340332
"2010-05-13",62.9099998474121,63.4199981689453,62.7299995422363,62.75,11157600,39.1588973999023
"2010-05-14",62.7599983215332,63.2000007629395,62.1500015258789,62.5400009155273,14651600,39.0278396606445
"2010-05-17",63.0099983215332,63.4799995422363,62.6599998474121,63.3800010681152,14659000,39.5520477294922
"2010-05-18",63.4000015258789,63.9500007629395,63.1300010681152,63.2099990844727,15873100,39.4459495544434
"2010-05-19",63.0999984741211,63.5999984741211,62.810001373291,63.2200012207031,15928300,39.4521980285645
"2010-05-20",62.4700012207031,62.5400009155273,61.5800018310547,61.6100006103516,23365800,38.4474716186523
"2010-05-21",60.4000015258789,61.8800010681152,60.3699989318848,61.8499984741211,23162500,38.5972442626953
"2010-05-24",61.4300003051758,61.9799995422363,61,61.4000015258789,12718900,38.3164329528809
"2010-05-25",60.1500015258789,61.1199989318848,60.0499992370605,61.0499992370605,18250900,38.098014831543
"2010-05-26",60.8699989318848,61.2099990844727,60.3300018310547,60.439998626709,17432200,37.717342376709
"2010-05-27",60.8800010681152,61.1699981689453,60.6100006103516,60.9500007629395,14963400,38.0356025695801
"2010-05-28",60.9500007629395,61.6800003051758,60.8499984741211,61.0900001525879,13952100,38.1229820251465
"2010-06-01",60.8899993896484,61.7400016784668,60.5200004577637,61.1599998474121,15341700,38.1666412353516
"2010-06-02",61.1599998474121,61.8300018310547,61.0400009155273,61.7400016784668,12985200,38.5285987854004
"2010-06-03",61.9700012207031,62.1399993896484,61.7000007629395,61.7999992370605,10739800,38.5660438537598
"2010-06-04",61.1199989318848,61.1199989318848,60.5699996948242,60.7999992370605,17909700,37.9419937133789
"2010-06-07",60.7200012207031,61.0699996948242,60.5900001525879,60.6199989318848,13182300,37.8296775817871
"2010-06-08",60.6800003051758,62.2400016784668,60.4900016784668,62.1399993896484,15336800,38.7782287597656
"2010-06-09",62.4500007629395,62.5999984741211,61.2700004577637,61.4700012207031,14211600,38.3601112365723
"2010-06-10",61.9700012207031,62.2900009155273,61.6699981689453,61.9099998474121,14756000,38.6346855163574
"2010-06-11",61.3499984741211,61.4000015258789,60.3800010681152,61.0099983215332,19772400,38.0730400085449
"2010-06-14",61.3899993896484,61.7200012207031,61.2099990844727,61.25,10972800,38.222827911377
"2010-06-15",61.6100006103516,61.9300003051758,61.3400001525879,61.9099998474121,11944100,38.6346855163574
"2010-06-16",61.5200004577637,61.7400016784668,60.8300018310547,61.189998626709,14628800,38.1853713989258
"2010-06-17",61.1800003051758,61.8199996948242,60.8300018310547,61.7599983215332,12060100,38.541088104248
"2010-06-18",61.7999992370605,61.939998626709,61.2000007629395,61.2999992370605,17518700,38.2540245056152
"2010-06-21",61.7200012207031,61.7900009155273,60.7799987792969,61.0999984741211,9688200,38.1292114257812
"2010-06-22",61.060001373291,61.6500015258789,60.689998626709,60.7200012207031,13228700,37.8920822143555
"2010-06-23",60.8899993896484,61.5699996948242,60.7099990844727,61.3800010681152,13424400,38.3039474487305
"2010-06-24",61.0699996948242,61.3800010681152,60.75,60.8699989318848,12932700,37.9856758117676
"2010-06-25",60.8899993896484,60.9900016784668,59.7900009155273,59.7900009155273,44195600,37.3117141723633
"2010-06-28",60,60.939998626709,59.5699996948242,60.6199989318848,14115500,37.8296775817871
"2010-06-29",60.3300018310547,60.5400009155273,59.75,60.3199996948242,17814300,37.642463684082
"2010-06-30",60.1300010681152,60.5400009155273,59.7099990844727,59.9799995422363,17273600,37.430290222168
"2010-07-01",59.8400001525879,60.2900009155273,59.3600006103516,59.5400009155273,19338700,37.1557083129883
"2010-07-02",59.6300010681152,59.8899993896484,59.2099990844727,59.3800010681152,12101900,37.0558547973633
"2010-07-06",59.8800010681152,59.9300003051758,58.9199981689453,59.3400001525879,13959000,37.0308837890625
"2010-07-07",59.5,60.9099998474121,59.1300010681152,60.8199996948242,15470000,37.9544944763184
"2010-07-08",60.8400001525879,61.9700012207031,60.7799987792969,61.9500007629395,14770600,38.6596565246582
"2010-07-09",61.939998626709,61.939998626709,61.3600006103516,61.75,9626800,38.5348358154297
"2010-07-12",61.5400009155273,62.1599998474121,61.3400001525879,62.0900001525879,8324500,38.7470207214355
"2010-07-13",62.2999992370605,62.8499984741211,62.1699981689453,62.3899993896484,10497300,38.9342384338379
"2010-07-14",62.2099990844727,62.7900009155273,62,62.6599998474121,13797100,39.1027183532715
"2010-07-15",62.6199989318848,62.8899993896484,62.3499984741211,62.7299995422363,10267200,39.1464004516602
"2010-07-16",62.4500007629395,62.6699981689453,61.6300010681152,61.9900016784668,14142400,38.6846008300781
"2010-07-19",61.9900016784668,62.2900009155273,61.7099990844727,61.8600006103516,9643600,38.6034927368164
"2010-07-20",61.6300010681152,62.1199989318848,61.2099990844727,62.0699996948242,10930100,38.7345428466797
"2010-07-21",61.7200012207031,61.8199996948242,60.8600006103516,61.1100006103516,14913600,38.4338989257812
"2010-07-22",61.060001373291,61.9199981689453,61.0099983215332,61.3699989318848,13007300,38.5974311828613
"2010-07-23",61.4000015258789,61.9599990844727,61.2099990844727,61.9099998474121,8461600,38.9370460510254
"2010-07-26",61.6599998474121,62.5800018310547,61.6599998474121,62.5200004577637,7807300,39.3206939697266
"2010-07-27",62.7200012207031,63.3600006103516,62.3499984741211,63.0800018310547,12532500,39.6728897094727
"2010-07-28",62.8800010681152,63.1300010681152,62.560001373291,62.7000007629395,7844500,39.433910369873
"2010-07-29",62.2000007629395,62.3800010681152,61.2200012207031,61.6699981689453,15776400,38.7861099243164
"2010-07-30",61.1599998474121,61.5299987792969,60.8199996948242,61.1599998474121,11931700,38.4653511047363
"2010-08-02",61.9500007629395,62.0900001525879,61.5099983215332,62.060001373291,11167800,39.0313911437988
"2010-08-03",59.8600006103516,60.2000007629395,59.5499992370605,59.939998626709,24449800,37.6980514526367
"2010-08-04",60.0699996948242,60.5699996948242,59.5499992370605,59.5499992370605,19654100,37.4527740478516
"2010-08-05",59.5499992370605,60.2000007629395,59.4000015258789,59.8600006103516,12620400,37.6477470397949
"2010-08-06",59.5,60.0400009155273,59.1699981689453,60.0200004577637,12649700,37.7483749389648
"2010-08-09",60.3899993896484,60.8300018310547,59.8600006103516,60.3800010681152,11104800,37.9747886657715
"2010-08-10",60.0999984741211,61.3400001525879,60.0800018310547,60.7799987792969,13450200,38.226375579834
"2010-08-11",60.1800003051758,60.6399993896484,60,60.2700004577637,12946800,37.9056205749512
"2010-08-12",59.9900016784668,60.4799995422363,59.3800010681152,59.9900016784668,11580500,37.7294998168945
"2010-08-13",59.7400016784668,60.5999984741211,59.689998626709,59.8199996948242,8805300,37.6225891113281
"2010-08-16",59.6300010681152,60.2000007629395,59.3199996948242,59.7700004577637,13138100,37.5911445617676
"2010-08-17",60.310001373291,60.9199981689453,59.9300003051758,60.2900009155273,10878200,37.9181747436523
"2010-08-18",60.1599998474121,61.060001373291,60.0400009155273,60.75,10739300,38.2074851989746
"2010-08-19",60.5499992370605,60.6300010681152,59.8499984741211,60.189998626709,9822700,37.8552932739258
"2010-08-20",59.939998626709,60.1699981689453,59.6699981689453,59.9799995422363,12107000,37.7232093811035
"2010-08-23",60.0099983215332,60.3899993896484,59.8600006103516,60.0299987792969,8468500,37.7546577453613
"2010-08-24",59.7000007629395,60.0200004577637,59.5800018310547,59.6599998474121,13728400,37.5219612121582
"2010-08-25",59.7900009155273,59.9000015258789,59.4000015258789,59.6699981689453,10394900,37.5282592773438
"2010-08-26",59.9099998474121,59.9099998474121,59.4000015258789,59.5400009155273,10264400,37.4464874267578
"2010-08-27",59.7099990844727,59.9199981689453,59.25,59.7999992370605,10317400,37.6100120544434
"2010-08-30",59.7099990844727,59.9099998474121,59.3400001525879,59.3699989318848,7462000,37.3395805358887
"2010-08-31",59.310001373291,59.75,59.25,59.6699981689453,12590100,37.5282592773438
"2010-09-01",59.9000015258789,60.0499992370605,59.5299987792969,59.7999992370605,14748800,37.6100120544434
"2010-09-02",59.7400016784668,60.2999992370605,59.7099990844727,60.0699996948242,10257800,37.7798233032227
"2010-09-03",60.2599983215332,60.5,59.8300018310547,60.2900009155273,8970100,37.9181747436523
"2010-09-07",60.0099983215332,60.4500007629395,59.9199981689453,60.1399993896484,7420600,37.823844909668
"2010-09-08",60.1500015258789,60.5,60.1500015258789,60.3699989318848,7719500,37.9685096740723
"2010-09-09",60.6699981689453,60.689998626709,60.2099990844727,60.2900009155273,7937500,37.9181747436523
"2010-09-10",60.5099983215332,60.6300010681152,60.2799987792969,60.4000015258789,7379100,37.9873733520508
"2010-09-13",60.6500015258789,60.7400016784668,60.2200012207031,60.4799995422363,9808100,38.0377006530762
"2010-09-14",60.3899993896484,60.939998626709,60.3199996948242,60.6399993896484,11011300,38.1383209228516
"2010-09-15",60.560001373291,61.4099998474121,60.5299987792969,61.1100006103516,9189700,38.4338989257812
"2010-09-16",60.8699989318848,61.1100006103516,60.6599998474121,61.1100006103516,7647900,38.4338989257812
"2010-09-17",61.310001373291,61.4700012207031,60.810001373291,60.9700012207031,17798000,38.3458518981934
"2010-09-20",61.0099983215332,61.5900001525879,60.9099998474121,61.4300003051758,9053600,38.6351699829102
"2010-09-21",61.4500007629395,61.8600006103516,61.2299995422363,61.5200004577637,11303600,38.691780090332
"2010-09-22",61.5299987792969,62,61.4199981689453,61.7900009155273,9646300,38.8615837097168
"2010-09-23",61.4199981689453,61.5800018310547,61.1500015258789,61.2200012207031,10107400,38.5030975341797
"2010-09-24",61.5,61.810001373291,61.3600006103516,61.6399993896484,10602800,38.7672233581543
"2010-09-27",61.4500007629395,61.7000007629395,61.0200004577637,61.0400009155273,10284100,38.3898811340332
"2010-09-28",61.0099983215332,61.1300010681152,60.3499984741211,60.6199989318848,11367300,38.1257247924805
"2010-09-29",60.4599990844727,60.6199989318848,60.0299987792969,60.25,9709400,37.8930320739746
"2010-09-30",60.3199996948242,60.6500015258789,59.8400001525879,59.9700012207031,13101700,37.7169303894043
"2010-10-01",60.0900001525879,60.3699989318848,59.9500007629395,60.1599998474121,10253300,37.8364372253418
"2010-10-04",60.0099983215332,60.3499984741211,59.6800003051758,59.9599990844727,11620700,37.710636138916
"2010-10-05",60.2599983215332,60.9099998474121,59.9900016784668,60.8199996948242,11412700,38.2515296936035
"2010-10-06",60.75,60.9900016784668,60.2999992370605,60.8699989318848,7229800,38.2829742431641
"2010-10-07",60.9900016784668,61.1399993896484,60.75,60.7999992370605,23255800,38.2389526367188
"2010-10-08",61,62,60.9000015258789,61.8600006103516,30692500,38.9056091308594
"2010-10-11",61.9199981689453,62.2099990844727,61.8600006103516,62.1399993896484,7425200,39.0816917419434
"2010-10-12",62.0099983215332,62.1800003051758,61.560001373291,62.0200004577637,24975000,39.0062408447266
"2010-10-13",62.2299995422363,62.9300003051758,62.0800018310547,62.6300010681152,9906000,39.3898811340332
"2010-10-14",62.6699981689453,62.8400001525879,62.5200004577637,62.7999992370605,8771400,39.4968070983887
"2010-10-15",62.9700012207031,63,62.5499992370605,62.7599983215332,9943500,39.4716453552246
"2010-10-18",62.8800010681152,63.5200004577637,62.6399993896484,63.3499984741211,11449200,39.8427085876465
"2010-10-19",62.9799995422363,63.560001373291,62.9000015258789,63.1800003051758,12109100,39.7357864379883
"2010-10-20",62.8800010681152,63.6199989318848,62.7700004577637,63.3699989318848,10344900,40.1616897583008
"2010-10-21",63.5900001525879,63.9799995422363,62.5999984741211,63.5099983215332,9612900,40.250415802002
"2010-10-22",63.5299987792969,63.7000007629395,63.1300010681152,63.4000015258789,5933400,40.1806793212891
"2010-10-25",63.7299995422363,63.810001373291,63.4799995422363,63.5400009155273,8928400,40.2694129943848
"2010-10-26",63.1199989318848,63.439998626709,62.5200004577637,62.8600006103516,12935900,39.8384628295898
"2010-10-27",63.3300018310547,63.3499984741211,62.7299995422363,63.0800018310547,13348100,39.9778785705566
"2010-10-28",63.1300010681152,63.560001373291,63.060001373291,63.189998626709,9231200,40.047607421875
"2010-10-29",63.2299995422363,63.8499984741211,63.189998626709,63.5699996948242,11368300,40.2884368896484
"2010-11-01",63.8800010681152,64.1399993896484,63.4000015258789,63.6199989318848,11926700,40.3201217651367
"2010-11-02",63.8699989318848,64.2799987792969,63.8499984741211,64.0199966430664,8129000,40.573616027832
"2010-11-03",64,64.3600006103516,63.8300018310547,64.3099975585938,8621300,40.7574310302734
"2010-11-04",64.5299987792969,65,64.3899993896484,65,11807500,41.194709777832
"2010-11-05",64.9100036621094,65,64.620002746582,65,9747000,41.194709777832
"2010-11-08",64.870002746582,64.9199981689453,64.5699996948242,64.75,7203100,41.0362777709961
"2010-11-09",64.7799987792969,64.9400024414062,64.6100006103516,64.8099975585938,8461200,41.0743026733398
"2010-11-10",64.6699981689453,64.8000030517578,64.3600006103516,64.5699996948242,8151400,40.9221954345703
"2010-11-11",64.3199996948242,64.5800018310547,64.0599975585938,64.3600006103516,7003900,40.7891044616699
"2010-11-12",64.2600021362305,64.5199966430664,64.0199966430664,64.3300018310547,9280400,40.770092010498
"2010-11-15",64.5500030517578,64.9100036621094,64.1399993896484,64.2900009155273,10861200,40.7447509765625
"2010-11-16",64.3600006103516,64.370002746582,63.0999984741211,63.4500007629395,14384500,40.2123794555664
"2010-11-17",63.3899993896484,63.5,63.1399993896484,63.2700004577637,7938500,40.0983047485352
"2010-11-18",63.5900001525879,64.2699966430664,63.5099983215332,64.0199966430664,11296700,40.573616027832
"2010-11-19",64.2300033569336,64.2399978637695,63.6100006103516,64.0500030517578,9495800,40.5926475524902
"2010-11-22",63.5800018310547,63.7900009155273,63.0299987792969,63.560001373291,9139700,40.2821044921875
"2010-11-23",63.0699996948242,63.1300010681152,62.3199996948242,62.6100006103516,10488100,39.6800270080566
"2010-11-24",62.9599990844727,62.9700012207031,62.4000015258789,62.5999984741211,8766300,39.6736793518066
"2010-11-26",62.2799987792969,62.5,62.0299987792969,62.1300010681152,3916500,39.3758163452148
"2010-11-29",62.0499992370605,62.2400016784668,61.6699981689453,62.1300010681152,8433700,39.3758163452148
"2010-11-30",61.5099983215332,61.6599998474121,61.0200004577637,61.0699996948242,17675200,38.7040214538574
"2010-12-01",61.5699996948242,62.3400001525879,61.5,62.1500015258789,11598600,39.388484954834
"2010-12-02",62.1500015258789,62.4900016784668,61.9599990844727,62.3600006103516,7866500,39.5215873718262
"2010-12-03",62.4500007629395,62.5,61.9700012207031,62.3300018310547,8971900,39.502571105957
"2010-12-06",62.25,62.3300018310547,62.0499992370605,62.060001373291,5849500,39.3314476013184
"2010-12-07",62.189998626709,62.6300010681152,62.0099983215332,62.1500015258789,9882400,39.388484954834
"2010-12-08",62.2799987792969,62.6800003051758,62.2799987792969,62.6300010681152,8344500,39.692699432373
"2010-12-09",62.6599998474121,62.9700012207031,62.5299987792969,62.8699989318848,8541200,39.8448028564453
"2010-12-10",63.2999992370605,63.7900009155273,63.060001373291,63.2000007629395,11510100,40.0539398193359
"2010-12-13",63.310001373291,63.5200004577637,63.1500015258789,63.189998626709,8783600,40.047607421875
"2010-12-14",63.3300018310547,63.7000007629395,63.2000007629395,63.5499992370605,8626100,40.275764465332
"2010-12-15",63.6100006103516,63.9099998474121,63.560001373291,63.6399993896484,11074500,40.3328056335449
"2010-12-16",63.8600006103516,64.75,63.1500015258789,64.5,14337400,40.8778419494629
"2010-12-17",64.5400009155273,65.0400009155273,64.2900009155273,64.8099975585938,23534700,41.0743026733398
"2010-12-20",64.8600006103516,65.3099975585938,64.6699981689453,64.9700012207031,10616100,41.1757125854492
"2010-12-21",65.2200012207031,65.379997253418,64.6399993896484,64.870002746582,8193900,41.1123161315918
"2010-12-22",64.2799987792969,64.9700012207031,64.2699966430664,64.9499969482422,7083400,41.1630210876465
"2010-12-23",64.7600021362305,65.2900009155273,64.7600021362305,65.2399978637695,5950800,41.3468170166016
"2010-12-27",65.0400009155273,65.1100006103516,64.370002746582,64.6699981689453,7195800,40.9855766296387
"2010-12-28",64.8000030517578,64.8300018310547,64.4000015258789,64.7600021362305,4648400,41.0426292419434
"2010-12-29",64.7200012207031,64.8000030517578,64.3499984741211,64.4000015258789,4916400,40.814453125
"2010-12-30",64.4800033569336,64.4899978637695,64.0599975585938,64.2799987792969,3819900,40.7384033203125
"2010-12-31",64.0800018310547,64.4499969482422,64.0100021362305,64.3300018310547,5245600,40.770092010498
"2011-01-03",64.3899993896484,64.8899993896484,64,64.7699966430664,10004000,41.048942565918
"2011-01-04",64.4100036621094,64.9599990844727,64.3499984741211,64.9499969482422,11333200,41.1630210876465
"2011-01-05",64.6699981689453,65.0899963378906,64.6399993896484,64.8000030517578,7459600,41.0679779052734
"2011-01-06",64.6900024414062,64.7799987792969,64.3099975585938,64.6900024414062,11585100,40.9982604980469
"2011-01-07",64.629997253418,64.870002746582,64.1699981689453,64.5,11940000,40.8778419494629
"2011-01-10",64.4000015258789,64.5299987792969,64.1500015258789,64.3600006103516,12253700,40.7891044616699
"2011-01-11",64.5,64.5999984741211,63.7400016784668,64.0400009155273,9624200,40.5863037109375
"2011-01-12",64.4100036621094,65,63.4000015258789,64.9700012207031,10150600,41.1757125854492
"2011-01-13",64.9199981689453,65.5,64.9100036621094,65.4800033569336,9899100,41.4989280700684
"2011-01-14",65.3499984741211,65.6600036621094,65.2699966430664,65.5299987792969,10947000,41.5305976867676
"2011-01-18",65.6500015258789,65.9400024414062,65.4400024414062,65.5,12395900,41.5116119384766
"2011-01-19",65.1100006103516,65.6699981689453,65.0500030517578,65.3499984741211,11763500,41.7235832214355
"2011-01-20",65.4400024414062,65.9000015258789,65.3499984741211,65.8000030517578,12492800,42.0108871459961
"2011-01-21",65.9000015258789,65.9499969482422,65.5199966430664,65.9100036621094,9554100,42.0811195373535
"2011-01-24",65.9000015258789,66.6999969482422,65.7900009155273,66.5800018310547,10568200,42.5088958740234
"2011-01-25",66.5699996948242,66.9499969482422,66.4700012207031,66.6999969482422,11064100,42.5854835510254
"2011-01-26",66.8899993896484,66.9199981689453,66.0699996948242,66.1100006103516,9499500,42.208797454834
"2011-01-27",64.3600006103516,64.5,63.1399993896484,64.1800003051758,23967100,40.9765777587891
"2011-01-28",63.9000015258789,64.3399963378906,63.8400001525879,64.1999969482422,14927400,40.9893379211426
"2011-01-31",64.3499984741211,64.3600006103516,63.0099983215332,63.1300010681152,12568400,40.3061866760254
"2011-02-01",63.4300003051758,63.6100006103516,62.7200012207031,62.9199981689453,14623900,40.1721038818359
"2011-02-02",62.7599983215332,62.9500007629395,62.2999992370605,62.7900009155273,11626100,40.0891151428223
"2011-02-03",62.6599998474121,63.1300010681152,62.6500015258789,62.9000015258789,8546700,40.1593475341797
"2011-02-04",62.8300018310547,63.7099990844727,62.7700004577637,63.6100006103516,9827300,40.6126594543457
"2011-02-07",63.9500007629395,64.8000030517578,63.7999992370605,64.5500030517578,12847100,41.2128028869629
"2011-02-08",64.3899993896484,64.75,64.3000030517578,64.6399993896484,8193700,41.2702598571777
"2011-02-09",64.6399993896484,64.879997253418,64.0800018310547,64.3899993896484,11019900,41.1106414794922
"2011-02-10",64.629997253418,64.7900009155273,64.0800018310547,64.5800018310547,10977000,41.2319564819336
"2011-02-11",64.0800018310547,64.9700012207031,64.0800018310547,64.7300033569336,8951600,41.3277244567871
"2011-02-14",64.8099975585938,64.870002746582,64.3499984741211,64.5400009155273,7093800,41.2064208984375
"2011-02-15",64.6999969482422,64.6999969482422,63.6699981689453,63.9199981689453,11785000,40.8105697631836
"2011-02-16",64.0999984741211,64.1100006103516,63.7000007629395,63.7599983215332,9851200,40.7084159851074
"2011-02-17",63.5800018310547,64.2099990844727,63.4500007629395,64,7364600,40.861644744873
"2011-02-18",64.1399993896484,64.379997253418,63.9300003051758,64.3000030517578,9093700,41.0531959533691
"2011-02-22",63.7299995422363,64.370002746582,63.6199989318848,64.0699996948242,9437500,40.9063301086426
"2011-02-23",64.0100021362305,64.4000015258789,63.9000015258789,64.1500015258789,11711100,40.9574203491211
"2011-02-24",64.3199996948242,64.3899993896484,62.8300018310547,63.0499992370605,15218000,40.2551116943359
"2011-02-25",62.9599990844727,63.1100006103516,62.5299987792969,62.8400001525879,11370400,40.1210289001465
"2011-02-28",62.7999992370605,63.2400016784668,62.6199989318848,63.0499992370605,11558200,40.2551116943359
"2011-03-01",63.4300003051758,63.6500015258789,62.6500015258789,62.7400016784668,12134200,40.057186126709
"2011-03-02",62.5999984741211,62.8400001525879,62.3199996948242,62.4099998474121,10020700,39.8464889526367
"2011-03-03",62.7000007629395,62.9500007629395,62.1100006103516,62.5499992370605,14193800,39.9358673095703
"2011-03-04",62.5099983215332,62.7299995422363,61.560001373291,62.0299987792969,11875900,39.6038818359375
"2011-03-07",62,62.1300010681152,61.4700012207031,61.7099990844727,11300700,39.3995742797852
"2011-03-08",61.75,62.25,61.7299995422363,62.0499992370605,10944000,39.6166343688965
"2011-03-09",62.0900001525879,62.2999992370605,61.75,62,8781500,39.5847244262695
"2011-03-10",61.7200012207031,61.9199981689453,61.2099990844727,61.4900016784668,12106800,39.2591094970703
"2011-03-11",61.2000007629395,61.7000007629395,61.1199989318848,61.4900016784668,9586700,39.2591094970703
"2011-03-14",61.0400009155273,61.3899993896484,60.7900009155273,61.3499984741211,9135600,39.1697082519531
"2011-03-15",60.6199989318848,60.8600006103516,60.310001373291,60.6599998474121,13092400,38.7291679382324
"2011-03-16",60.4799995422363,60.5099983215332,59.7000007629395,59.7299995422363,16378600,38.1354179382324
"2011-03-17",60.7000007629395,60.7000007629395,60,60.4300003051758,10646900,38.5823287963867
"2011-03-18",60.9199981689453,61.0699996948242,60.1199989318848,60.5999984741211,17016800,38.6908760070801
"2011-03-21",60.9599990844727,61.5200004577637,60.7999992370605,61.2999992370605,9602500,39.1377906799316
"2011-03-22",61.0499992370605,61.4199981689453,60.8800010681152,60.9300003051758,7772900,38.9015617370605
"2011-03-23",60.8400001525879,61.0900001525879,60.5400009155273,60.9099998474121,7998200,38.888801574707
"2011-03-24",61.2299995422363,61.2799987792969,60.75,61.1399993896484,8197900,39.0356330871582
"2011-03-25",61.1800003051758,61.3800010681152,60.7099990844727,60.8800010681152,7757900,38.8696479797363
"2011-03-28",61.0800018310547,61.3400001525879,60.6100006103516,60.6599998474121,8381500,38.7291679382324
"2011-03-29",60.6100006103516,61.4199981689453,60.6100006103516,61.2799987792969,7684300,39.1250228881836
"2011-03-30",61.4599990844727,61.9700012207031,61.3800010681152,61.9700012207031,7552100,39.565559387207
"2011-03-31",61.7599983215332,62,61.5900001525879,61.5999984741211,11569500,39.3293266296387
"2011-04-01",61.8800010681152,62.2999992370605,61.7400016784668,62.0800018310547,8243700,39.6358070373535
"2011-04-04",62.1699981689453,62.3300018310547,61.9300003051758,62.2599983215332,6438000,39.7507133483887
"2011-04-05",62.0200004577637,62.2599983215332,61.5999984741211,61.6699981689453,9105800,39.3740348815918
"2011-04-06",61.8800010681152,61.939998626709,61.5400009155273,61.7599983215332,8249600,39.4314842224121
"2011-04-07",61.6199989318848,62.1500015258789,61.4700012207031,62.1300010681152,7692800,39.6677169799805
"2011-04-08",62.2000007629395,62.2299995422363,61.6300010681152,61.9000015258789,7271400,39.5208778381348
"2011-04-11",62.0200004577637,62.5,61.9000015258789,62.189998626709,7649500,39.7060317993164
"2011-04-12",62.0299987792969,62.9900016784668,62,62.8899993896484,11415700,40.152961730957
"2011-04-13",62.8400001525879,63.0699996948242,62.7200012207031,62.9900016784668,10414900,40.2167892456055
"2011-04-14",62.7599983215332,63.4900016784668,62.7599983215332,63.2999992370605,10027100,40.4147148132324
"2011-04-15",63.4599990844727,64.2099990844727,63.0900001525879,64.1800003051758,12378300,40.9765777587891
"2011-04-18",63.6699981689453,64.1500015258789,63.560001373291,64,11323800,40.861644744873
"2011-04-19",64.2200012207031,64.3199996948242,63.560001373291,63.8600006103516,9284200,40.7722663879395
"2011-04-20",64.2600021362305,64.3399963378906,63.560001373291,63.7200012207031,8844700,40.6828765869141
"2011-04-21",63.6100006103516,63.75,63,63.2700004577637,10600800,40.3955612182617
"2011-04-25",63.0800018310547,63.3899993896484,62.5999984741211,63.3699989318848,7369600,40.4594192504883
"2011-04-26",63.4500007629395,64,63.2799987792969,63.8300018310547,9500000,40.753116607666
"2011-04-27",63.6399993896484,64.1600036621094,63.560001373291,64.0199966430664,9896600,41.2133865356445
"2011-04-28",63.2400016784668,64.5899963378906,62.9300003051758,64.5,13366000,41.5223960876465
"2011-04-29",64.5800018310547,65.0999984741211,64.4100036621094,64.9000015258789,13357700,41.7798957824707
"2011-05-02",65.2399978637695,65.4499969482422,65,65.1800003051758,8909000,41.9601631164551
"2011-05-03",65.2600021362305,65.7900009155273,65.1600036621094,65.7099990844727,9924100,42.3013458251953
"2011-05-04",65.6999969482422,66.5,65.5800018310547,66.4700012207031,14236900,42.7906074523926
"2011-05-05",66.0800018310547,66.3899993896484,65.629997253418,65.879997253418,10812500,42.4107818603516
"2011-05-06",66.2099990844727,66.3399963378906,65.0400009155273,65.2699966430664,11125800,42.0180816650391
"2011-05-09",64.9300003051758,65.3899993896484,64.8600006103516,65.1399993896484,8698800,41.9344100952148
"2011-05-10",65.2900009155273,65.8899993896484,65.25,65.7300033569336,8076200,42.3142318725586
"2011-05-11",65.7900009155273,66.120002746582,65.6500015258789,65.9199981689453,9176300,42.4365310668945
"2011-05-12",66.0299987792969,66.9899978637695,65.8199996948242,66.8399963378906,11100000,43.0287933349609
"2011-05-13",66.6699981689453,67.3099975585938,66.5500030517578,66.8600006103516,12601200,43.041675567627
"2011-05-16",66.6600036621094,67.3000030517578,66.5100021362305,66.9400024414062,9880600,43.0931663513184
"2011-05-17",66.6399993896484,67.7200012207031,66.6399993896484,67.4199981689453,12185600,43.4021682739258
"2011-05-18",67.4000015258789,67.5,66.9700012207031,67.379997253418,8870300,43.3764152526855
"2011-05-19",67.2900009155273,67.4599990844727,66.9000015258789,67.4599990844727,7425400,43.427921295166
"2011-05-20",67.4199981689453,67.5999984741211,67.1800003051758,67.3600006103516,9361500,43.3635520935059
"2011-05-23",66.879997253418,67.2300033569336,66.7099990844727,67.0500030517578,9406300,43.163990020752
"2011-05-24",66.9800033569336,67.25,66.8000030517578,67.0100021362305,7105200,43.1382293701172
"2011-05-25",66.5999984741211,66.8300018310547,65.9000015258789,66.379997253418,11639200,42.7326622009277
"2011-05-26",66.1900024414062,66.3000030517578,65.7600021362305,66.1900024414062,8946700,42.6103363037109
"2011-05-27",66.0400009155273,66.7200012207031,66.0100021362305,66.1999969482422,7973400,42.6167793273926
"2011-05-31",66.3300018310547,67,66.3300018310547,67,10603900,43.1318092346191
"2011-06-01",66.9599990844727,66.9899978637695,66.3399963378906,66.4000015258789,9579500,42.745532989502
"2011-06-02",66.4599990844727,66.5,65.6600036621094,66.0100021362305,8540400,42.4944839477539
"2011-06-03",65.5599975585938,65.8199996948242,65.25,65.4300003051758,8579100,42.12109375
"2011-06-06",65.3600006103516,65.6399993896484,65.2099990844727,65.5,7668800,42.1661605834961
"2011-06-07",65.4599990844727,65.5400009155273,65.0100021362305,65.0599975585938,8892500,41.8828926086426
"2011-06-08",65.0400009155273,65.0500030517578,64.6900024414062,64.8499984741211,11292100,41.7477149963379
"2011-06-09",65.0299987792969,65.4499969482422,64.8600006103516,65.0100021362305,10219500,41.850715637207
"2011-06-10",64.9199981689453,65.0500030517578,64.6500015258789,64.6999969482422,10509000,41.6511497497559
"2011-06-13",64.6500015258789,65.1800003051758,64.5100021362305,64.7699966430664,8873100,41.6962203979492
"2011-06-14",65.0299987792969,65.2200012207031,64.6600036621094,64.7600021362305,7240100,41.6897773742676
"2011-06-15",64.5100021362305,64.5199966430664,63.3300018310547,63.7599983215332,11790300,41.0460319519043
"2011-06-16",63.8699989318848,64.3300018310547,63.5,64.2600021362305,8894300,41.3678970336914
"2011-06-17",64.6500015258789,65.120002746582,64.5299987792969,64.6900024414062,10057200,41.6447219848633
"2011-06-20",64.5100021362305,65.2900009155273,64.5100021362305,65.0899963378906,5911700,41.9021987915039
"2011-06-21",65.2399978637695,65.2399978637695,64.1600036621094,64.2200012207031,11024200,41.3421669006348
"2011-06-22",64.0800018310547,64.4300003051758,63.8699989318848,64.0599975585938,9107100,41.2391548156738
"2011-06-23",63.7299995422363,63.7299995422363,62.7999992370605,63.4599990844727,11693900,40.8528861999512
"2011-06-24",63.4500007629395,63.5,62.439998626709,62.5900001525879,15278300,40.2928161621094
"2011-06-27",62.7599983215332,63.25,62.6300010681152,62.8199996948242,6705500,40.4408874511719
"2011-06-28",63.1100006103516,63.3400001525879,62.5299987792969,62.7200012207031,8551500,40.376522064209
"2011-06-29",62.8699989318848,62.9000015258789,62.3600006103516,62.5499992370605,11386200,40.2670860290527
"2011-06-30",62.7299995422363,63.6500015258789,62.5800018310547,63.5699996948242,11807400,40.9237060546875
"2011-07-01",63.4700012207031,64.4400024414062,63.3400001525879,64.2699966430664,9700500,41.374324798584
"2011-07-05",64.0999984741211,64.5,63.9500007629395,64.2600021362305,9224100,41.3678970336914
"2011-07-06",64.5299987792969,64.9400024414062,64.3399963378906,64.6999969482422,9334700,41.6511497497559
"2011-07-07",64.9800033569336,65.1399993896484,64.7200012207031,64.9499969482422,8973600,41.8120765686035
"2011-07-08",65.0400009155273,65.1100006103516,64.5299987792969,64.9300003051758,9227800,41.7992172241211
"2011-07-11",64.2900009155273,64.7399978637695,64.2600021362305,64.7200012207031,9206700,41.6640090942383
"2011-07-12",64.4800033569336,65.0599975585938,64.3899993896484,64.5299987792969,11583700,41.5417022705078
"2011-07-13",64.8399963378906,65.0199966430664,64.4899978637695,64.6399993896484,9154200,41.6125297546387
"2011-07-14",64.5500030517578,64.8000030517578,64.3600006103516,64.5999984741211,13269400,41.5867881774902
"2011-07-15",64.6800003051758,64.8499984741211,64.3300018310547,64.8300018310547,20588800,41.7348403930664
"2011-07-18",64.6900024414062,64.7900009155273,64.2799987792969,64.5500030517578,13343700,41.5545959472656
"2011-07-19",64.5999984741211,64.7900009155273,64.3199996948242,64.6100006103516,8393800,41.593204498291
"2011-07-20",64.2600021362305,64.4400024414062,64.0400009155273,64.1999969482422,13089600,41.6678657531738
"2011-07-21",64.3499984741211,64.8499984741211,64.2399978637695,64.4899978637695,8564400,41.856071472168
"2011-07-22",64.4599990844727,64.7399978637695,64.1399993896484,64.25,6047200,41.7003059387207
"2011-07-25",63.9599990844727,63.9799995422363,63.2200012207031,63.310001373291,8801200,41.0902099609375
"2011-07-26",63.4700012207031,63.7000007629395,63.0800018310547,63.0900001525879,8715200,40.9474143981934
"2011-07-27",63.0299987792969,63.1199989318848,62.1500015258789,62.2000007629395,11165200,40.3697891235352
"2011-07-28",62.1599998474121,62.4300003051758,61.8499984741211,61.9199981689453,7535600,40.188045501709
"2011-07-29",61.6800003051758,62.1800003051758,61.4900016784668,61.4900016784668,10380300,39.908992767334
"2011-08-01",62.1599998474121,62.310001373291,61,61.4300003051758,10103800,39.8700256347656
"2011-08-02",61.1300010681152,61.3499984741211,60.75,60.8699989318848,9609000,39.5065650939941
"2011-08-03",60.7599983215332,60.9900016784668,60.4900016784668,60.7299995422363,13107900,39.415714263916
"2011-08-04",60.3699989318848,61,59.5,59.5800018310547,17790100,38.6693115234375
"2011-08-05",61.060001373291,61.4000015258789,59.3199996948242,60.5900001525879,23699300,39.3248481750488
"2011-08-08",60.1199989318848,61.3499984741211,59.2400016784668,59.2900009155273,30994600,38.4811172485352
"2011-08-09",60.5200004577637,60.9000015258789,57.560001373291,60.2200012207031,31875700,39.0847129821777
"2011-08-10",59.9700012207031,60.0900001525879,58.310001373291,58.5099983215332,23417700,37.974853515625
"2011-08-11",58.7200012207031,61.0900001525879,58.6100006103516,60.4500007629395,18713900,39.2339973449707
"2011-08-12",60.7799987792969,61.7200012207031,60.5900001525879,61.1399993896484,13520700,39.6818046569824
"2011-08-15",61.8699989318848,61.9599990844727,61.060001373291,61.8800010681152,12111500,40.1621055603027
"2011-08-16",61.4700012207031,61.8699989318848,61.1699981689453,61.6199989318848,9420600,39.9933433532715
"2011-08-17",61.7799987792969,62.1199989318848,61.25,61.6699981689453,7973100,40.025806427002
"2011-08-18",60.8199996948242,61.2700004577637,60.0499992370605,60.8600006103516,17846200,39.5000953674316
"2011-08-19",60.5099983215332,61.5099983215332,60.2299995422363,60.9599990844727,16297700,39.5649795532227
"2011-08-22",61.7400016784668,61.9099998474121,61.4500007629395,61.7099990844727,12676600,40.0517654418945
"2011-08-23",61.9500007629395,63.2200012207031,61.7599983215332,63.0200004577637,15222400,40.9020080566406
"2011-08-24",62.7200012207031,63.3800010681152,62.3800010681152,63.310001373291,8417200,41.0902099609375
"2011-08-25",63.25,63.4700012207031,62.2000007629395,62.5299987792969,15063000,40.5839691162109
"2011-08-26",62.2400016784668,62.6500015258789,61.1699981689453,62.5699996948242,10374200,40.6099243164062
"2011-08-29",62.7799987792969,63.2900009155273,62.7799987792969,63.0900001525879,9147700,40.9474143981934
"2011-08-30",63.0900001525879,63.8899993896484,62.8899993896484,63.5,9181100,41.2135238647461
"2011-08-31",63.4599990844727,63.9500007629395,63.3899993896484,63.6800003051758,8972600,41.3303451538086
"2011-09-01",63.6199989318848,64.25,63.189998626709,63.2599983215332,8871400,41.0577545166016
"2011-09-02",62.7999992370605,63.0699996948242,62.4099998474121,62.5499992370605,8817300,40.5969505310059
"2011-09-06",61.1800003051758,62.5499992370605,61.0999984741211,62.3800010681152,11458200,40.4865989685059
"2011-09-07",62.75,63.0499992370605,62.6199989318848,62.7200012207031,8874900,40.7072792053223
"2011-09-08",62.5900001525879,63.8300018310547,62.3899993896484,62.9099998474121,11124300,40.8306083679199
"2011-09-09",62.4099998474121,62.5099983215332,61.5699996948242,61.8400001525879,12286400,40.1361351013184
"2011-09-12",61.25,61.9199981689453,61,61.8300018310547,9865500,40.1296463012695
"2011-09-13",61.7700004577637,62.0999984741211,61.1699981689453,61.939998626709,8329200,40.201042175293
"2011-09-14",62.1199989318848,62.9500007629395,61.5299987792969,62.3400001525879,11547700,40.4606704711914
"2011-09-15",62.4500007629395,62.7799987792969,62.0999984741211,62.7799987792969,9161300,40.746223449707
"2011-09-16",63.2200012207031,64.6999969482422,63.0099983215332,64.3300018310547,24690100,41.7522163391113
"2011-09-19",63.6399993896484,64.0999984741211,63.5200004577637,63.810001373291,11022700,41.4147262573242
"2011-09-20",63.8499984741211,64.6800003051758,63.4799995422363,64.0800018310547,8215800,41.5899772644043
"2011-09-21",64.370002746582,64.4599990844727,62.9599990844727,63.0200004577637,9649100,40.9020080566406
"2011-09-22",61.5800018310547,61.9099998474121,60.2999992370605,61.1699981689453,17381200,39.7012939453125
"2011-09-23",60.939998626709,61.2700004577637,60.4000015258789,61.25,9122500,39.7532119750977
"2011-09-26",61.6699981689453,62.7900009155273,61.6300010681152,62.5400009155273,13364100,40.5904579162598
"2011-09-27",63.0800018310547,63.9799995422363,62.7599983215332,63.2599983215332,10732400,41.0577545166016
"2011-09-28",63.3600006103516,63.8800010681152,62.5699996948242,62.7299995422363,9031800,40.7137794494629
"2011-09-29",63.5400009155273,64.0500030517578,62.9900016784668,63.7000007629395,9798600,41.3433532714844
"2011-09-30",63.4000015258789,64.4000015258789,63.1699981689453,63.1800003051758,11358100,41.0058326721191
"2011-10-03",63.689998626709,64.2200012207031,62.75,62.8400001525879,12323800,40.7851638793945
"2011-10-04",62.2999992370605,63.4900016784668,61.7799987792969,63.3699989318848,12800000,41.1291465759277
"2011-10-05",63.25,63.6399993896484,62.7900009155273,63.3400001525879,12023100,41.1096839904785
"2011-10-06",63.060001373291,63.6599998474121,62.6300010681152,63.6100006103516,8691600,41.2849311828613
"2011-10-07",63.9700012207031,64.4000015258789,63.6500015258789,63.9099998474121,8902000,41.4796447753906
"2011-10-10",64.370002746582,64.8199996948242,64.129997253418,64.8000030517578,6663600,42.0572700500488
"2011-10-11",64.2399978637695,64.8399963378906,64.2399978637695,64.5699996948242,5705600,41.9079856872559
"2011-10-12",64.7200012207031,65.3399963378906,64.5400009155273,64.8899993896484,10206200,42.1156883239746
"2011-10-13",64.5100021362305,64.8000030517578,63.9700012207031,64.6500015258789,7305200,41.9599189758301
"2011-10-14",65,65.1699981689453,64.370002746582,64.8899993896484,7485100,42.1156883239746
"2011-10-17",64.8399963378906,65.4499969482422,64.0599975585938,64.2600021362305,7165000,41.7067947387695
"2011-10-18",64.1600036621094,65.5899963378906,64.0999984741211,64.9199981689453,11796600,42.1351547241211
"2011-10-19",64.3300018310547,65.3199996948242,64.2799987792969,64.75,9099100,42.3674468994141
"2011-10-20",64.9000015258789,65.2799987792969,64.4700012207031,65.0899963378906,7728400,42.5898933410645
"2011-10-21",65.6100006103516,66.3000030517578,65.4700012207031,66.2600021362305,13026800,43.3554649353027
"2011-10-24",65.75,65.8899993896484,65.0100021362305,65.370002746582,9819000,42.7731094360352
"2011-10-25",65.0899963378906,65.370002746582,64.370002746582,64.5100021362305,8919200,42.2103996276855
"2011-10-26",64.9000015258789,65.0100021362305,64.1800003051758,64.9499969482422,9401200,42.4983024597168
"2011-10-27",65.370002746582,65.6699981689453,64.3099975585938,65.2600021362305,16764300,42.7011413574219
"2011-10-28",64.8300018310547,65.0299987792969,64.3199996948242,64.7300033569336,10656200,42.3543395996094
"2011-10-31",64.5500030517578,64.8300018310547,63.939998626709,63.9900016784668,9438800,41.8701553344727
"2011-11-01",63.3699989318848,63.5999984741211,62.5099983215332,62.7099990844727,13462600,41.0326156616211
"2011-11-02",63.4000015258789,63.5499992370605,62.4000015258789,62.8600006103516,8783200,41.1307601928711
"2011-11-03",63.310001373291,63.5200004577637,62.8899993896484,63.2099990844727,8532600,41.3597869873047
"2011-11-04",62.8899993896484,63.189998626709,62.3699989318848,63.0299987792969,7758200,41.2419891357422
"2011-11-07",63.0299987792969,63.5699996948242,62.689998626709,63.4599990844727,6559500,41.5233497619629
"2011-11-08",63.4799995422363,64.3399963378906,63.4799995422363,64.2099990844727,7422000,42.0141105651855
"2011-11-09",63.7999992370605,63.8300018310547,62.560001373291,62.7200012207031,9701300,41.0391731262207
"2011-11-10",63.5099983215332,63.6500015258789,62.7999992370605,63.2400016784668,6143700,41.3794097900391
"2011-11-11",63.75,64.1399993896484,63.5800018310547,63.8899993896484,5731100,41.8047218322754
"2011-11-14",63.439998626709,63.5400009155273,62.9300003051758,63.0499992370605,6832800,41.2550811767578
"2011-11-15",63.3800010681152,63.9000015258789,63.0999984741211,63.560001373291,7673800,41.5888137817383
"2011-11-16",63.1100006103516,63.8899993896484,63.0200004577637,63.2799987792969,9228000,41.4055862426758
"2011-11-17",63.1500015258789,63.6500015258789,62.5400009155273,62.939998626709,8525500,41.1831092834473
"2011-11-18",63.1100006103516,63.5,63.060001373291,63.2400016784668,7624000,41.3794097900391
"2011-11-21",62.5400009155273,62.9700012207031,61.4500007629395,61.6599998474121,13254400,40.3455848693848
"2011-11-22",61.5200004577637,62.25,61.4900016784668,61.689998626709,8321500,40.3652114868164
"2011-11-23",61.310001373291,61.5099983215332,61,61.060001373291,7488200,39.9529914855957
"2011-11-25",61.2000007629395,61.7900009155273,61,61,4734800,39.9137153625488
"2011-11-28",61.6500015258789,62.4599990844727,61.5699996948242,62.2400016784668,7673200,40.7250785827637
"2011-11-29",62.4799995422363,62.9500007629395,62.3600006103516,62.5299987792969,6442700,40.9148445129395
"2011-11-30",63.2299995422363,64.5899963378906,63.189998626709,64.5699996948242,15034500,42.2496566772461
"2011-12-01",64.5800018310547,64.7900009155273,63.8699989318848,64.0800018310547,9387600,41.9290466308594
"2011-12-02",64.6800003051758,64.8600006103516,64.2699966430664,64.6600036621094,9952600,42.3085556030273
"2011-12-05",64.8899993896484,64.9400024414062,64.4499969482422,64.8399963378906,9820200,42.4263229370117
"2011-12-06",64.6500015258789,65,64.4899978637695,64.8399963378906,8315400,42.4263229370117
"2011-12-07",64.7900009155273,65.5,64.6500015258789,65.2300033569336,11144700,42.6815223693848
"2011-12-08",64.870002746582,65,64.3000030517578,64.4700012207031,8352600,42.1842155456543
"2011-12-09",64.6600036621094,65.1699981689453,64.5999984741211,64.9700012207031,7647800,42.5113983154297
"2011-12-12",64.5800018310547,64.9199981689453,63.939998626709,64.3099975585938,8793500,42.0795364379883
"2011-12-13",64.5400009155273,65.3300018310547,64.4000015258789,64.7300033569336,11126100,42.3543395996094
"2011-12-14",64.4700012207031,64.9499969482422,64.3199996948242,64.4499969482422,10326700,42.171142578125
"2011-12-15",64.8300018310547,65.2099990844727,64.6500015258789,64.9899978637695,9654800,42.5244750976562
"2011-12-16",65.4300003051758,65.629997253418,64.8199996948242,65.1399993896484,18291900,42.6226272583008
"2011-12-19",65.3499984741211,65.5899963378906,64.7399978637695,64.9499969482422,8172300,42.4983024597168
"2011-12-20",65.2399978637695,65.9100036621094,65.2099990844727,65.7900009155273,9797100,43.047924041748
"2011-12-21",65.5,66,65.5,66,9479000,43.1853408813477
"2011-12-22",65.8399963378906,66.2399978637695,65.7900009155273,66.1900024414062,7666300,43.3096618652344
"2011-12-23",66.2099990844727,66.6900024414062,66.0100021362305,66.6699981689453,5209800,43.6237335205078
"2011-12-27",66.129997253418,66.9499969482422,66.0699996948242,66.7900009155273,5604700,43.702262878418
"2011-12-28",66.9100036621094,66.9499969482422,66.4499969482422,66.5400009155273,4152000,43.5386848449707
"2011-12-29",66.7300033569336,66.9800033569336,66.6500015258789,66.9700012207031,4425900,43.8200492858887
"2011-12-30",66.879997253418,66.9599990844727,66.5899963378906,66.7099990844727,4062300,43.6498985290527
"2012-01-03",66.3000030517578,67,66.2699966430664,66.8300018310547,11565900,43.7284317016602
"2012-01-04",66.629997253418,66.879997253418,66.3399963378906,66.8000030517578,10595400,43.7088088989258
"2012-01-05",66.4400024414062,66.6500015258789,66.25,66.5199966430664,10085300,43.5255928039551
"2012-01-06",66.5100021362305,66.629997253418,65.9300003051758,66.3600006103516,8421200,43.4209022521973
"2012-01-09",66.25,66.75,66.2200012207031,66.6399993896484,7836100,43.6041030883789
"2012-01-10",66.8499984741211,66.870002746582,66.0699996948242,66.3300018310547,10318900,43.4012680053711
"2012-01-11",66.0999984741211,66.3099975585938,65.4700012207031,65.6800003051758,14676800,42.9759521484375
"2012-01-12",66,66,65.5599975585938,65.8099975585938,29758100,43.0610237121582
"2012-01-13",65.5599975585938,65.8300018310547,65.370002746582,65.8099975585938,33539100,43.0610237121582
"2012-01-17",65.9599990844727,66.5100021362305,65.9499969482422,66.2600021362305,35728800,43.3554649353027
"2012-01-18",65.9000015258789,66.129997253418,65.8199996948242,66.0299987792969,10386800,43.5500183105469
"2012-01-19",65.9599990844727,66.25,65.4199981689453,66.0800018310547,9346600,43.5830078125
"2012-01-20",65.629997253418,66.25,65.4499969482422,66.2300033569336,12190100,43.6819343566895
"2012-01-23",65.9100036621094,65.9400024414062,64.7799987792969,65,14828100,42.8707008361816
"2012-01-24",64.6399993896484,64.75,64.0400009155273,64.5,9742400,42.5409317016602
"2012-01-25",64.379997253418,65.1500015258789,64.1800003051758,64.9800033569336,10913100,42.8575096130371
"2012-01-26",65.0999984741211,65.379997253418,64.7300033569336,64.8000030517578,11932100,42.7387924194336
"2012-01-27",64.3099975585938,64.9700012207031,63.6599998474121,64.3000030517578,10979900,42.4090194702148
"2012-01-30",63.7999992370605,63.7999992370605,63.0299987792969,63.2099990844727,12492000,41.6901016235352
"2012-01-31",63.4199981689453,63.5499992370605,62.7000007629395,63.0400009155273,11358600,41.5779800415039
"2012-02-01",63.4199981689453,63.7000007629395,63.189998626709,63.2099990844727,12900500,41.6901016235352
"2012-02-02",63.3499984741211,63.6300010681152,63.25,63.3199996948242,12613100,41.7626419067383
"2012-02-03",63.3600006103516,63.8600006103516,62.560001373291,62.7700004577637,17440500,41.3998985290527
"2012-02-06",62.8600006103516,63.6100006103516,62.7799987792969,63.5099983215332,9851200,41.8879699707031
"2012-02-07",63.560001373291,63.9099998474121,63.3699989318848,63.7000007629395,8901600,42.0132789611816
"2012-02-08",63.7200012207031,63.7799987792969,63.439998626709,63.6399993896484,8174800,41.9737129211426
"2012-02-09",63.8400001525879,64.0999984741211,63.5299987792969,64.0400009155273,9152000,42.2375259399414
"2012-02-10",63.5999984741211,63.9799995422363,63.5499992370605,63.8800010681152,8295500,42.1320152282715
"2012-02-13",64.1500015258789,64.379997253418,64.0599975585938,64.2300033569336,6899400,42.3628387451172
"2012-02-14",64.0999984741211,64.4800033569336,64.0899963378906,64.4800033569336,6997700,42.5277328491211
"2012-02-15",64.8199996948242,64.9400024414062,64.379997253418,64.5500030517578,11651700,42.5738906860352
"2012-02-16",64.7799987792969,65.4000015258789,64.6500015258789,65.1999969482422,10823300,43.0026092529297
"2012-02-17",65.4899978637695,65.5400009155273,64.9000015258789,64.9100036621094,10281600,42.8113441467285
"2012-02-21",64.9899978637695,65.0699996948242,64.3499984741211,64.4199981689453,10037700,42.488151550293
"2012-02-22",64.2399978637695,64.7099990844727,64.1699981689453,64.4400024414062,7029500,42.5013618469238
"2012-02-23",64.3499984741211,66.5699996948242,64.25,66.4199981689453,20163300,43.8072509765625
"2012-02-24",66.7399978637695,66.9499969482422,66.5199966430664,66.7099990844727,17777100,43.9985237121582
"2012-02-27",66.5699996948242,67.0400009155273,66.129997253418,66.6999969482422,17903200,43.9919319152832
"2012-02-28",66.5899963378906,67.4899978637695,66.5400009155273,67.3899993896484,13468100,44.447021484375
"2012-02-29",67.4100036621094,67.7699966430664,67.3099975585938,67.620002746582,14742500,44.5987129211426
"2012-03-01",67.4400024414062,67.6900024414062,66.4599990844727,66.6600036621094,11967000,43.9655494689941
"2012-03-02",66.7200012207031,66.879997253418,66.4000015258789,66.6699981689453,7022200,43.9721412658691
"2012-03-05",66.6100006103516,66.9700012207031,66.4599990844727,66.9499969482422,6933400,44.1568222045898
"2012-03-06",66.5,67.0899963378906,66.1999969482422,66.8399963378906,9827000,44.0842628479004
"2012-03-07",66.8199996948242,67.0699996948242,66.4199981689453,66.5800018310547,7470800,43.9127807617188
"2012-03-08",66.9499969482422,67.0599975585938,66.7699966430664,66.9000015258789,5811500,44.1238479614258
"2012-03-09",67.0599975585938,67.0599975585938,66.5999984741211,66.9300003051758,5710200,44.143611907959
"2012-03-12",66.7699966430664,67.7799987792969,66.7300033569336,67.7099990844727,8825500,44.6580772399902
"2012-03-13",67.8499984741211,67.9000015258789,67.5699996948242,67.9000015258789,9056700,44.7834053039551
"2012-03-14",67.7300033569336,67.9499969482422,67.6900024414062,67.8499984741211,8056200,44.7504081726074
"2012-03-15",67.6900024414062,67.7900009155273,67.5,67.6800003051758,8611500,44.6382827758789
"2012-03-16",67.8300018310547,67.8499984741211,67.129997253418,67.25,15713500,44.3546867370605
"2012-03-19",67.0299987792969,67.4800033569336,66.9599990844727,67.2099990844727,7038900,44.328296661377
"2012-03-20",66.9599990844727,67.4499969482422,66.9000015258789,67.2099990844727,6139000,44.328296661377
"2012-03-21",67.2099990844727,67.3600006103516,66.8600006103516,67.1999969482422,6120400,44.3217010498047
"2012-03-22",67,67.7600021362305,66.9499969482422,67.5199966430664,7321000,44.5327491760254
"2012-03-23",67.5100021362305,67.5400009155273,67.2699966430664,67.4300003051758,6006400,44.4734001159668
"2012-03-26",67.5400009155273,67.8300018310547,67.25,67.4599990844727,7818800,44.4931831359863
"2012-03-27",67.5100021362305,67.7300033569336,66.9599990844727,67.1500015258789,7936900,44.2887229919434
"2012-03-28",67.120002746582,67.3099975585938,66.9499969482422,67.1900024414062,7534600,44.3150978088379
"2012-03-29",66.9800033569336,67.1500015258789,66.7600021362305,67.0100021362305,6917400,44.1963844299316
"2012-03-30",67.1500015258789,67.4800033569336,67.0100021362305,67.2099990844727,8670300,44.328296661377
"2012-04-02",67.4300003051758,67.9199981689453,67.4000015258789,67.5599975585938,8595200,44.559139251709
"2012-04-03",67.4300003051758,67.5999984741211,66.9400024414062,67.0899963378906,6954100,44.249153137207
"2012-04-04",66.7099990844727,67.5599975585938,66.7099990844727,67.2600021362305,8372200,44.3612785339355
"2012-04-05",66.9199981689453,67.4800033569336,66.8300018310547,67.3099975585938,7696300,44.3942604064941
"2012-04-09",66.7200012207031,67.129997253418,66.7099990844727,66.8099975585938,6890400,44.0644721984863
"2012-04-10",66.7399978637695,66.9000015258789,66.2900009155273,66.3499984741211,9436700,43.7610816955566
"2012-04-11",66.7399978637695,66.9199981689453,66.3199996948242,66.4400024414062,7593800,43.8204460144043
"2012-04-12",66.1699981689453,66.370002746582,65.9499969482422,66.0899963378906,27847200,43.5896072387695
"2012-04-13",66.0400009155273,66.5,65.8000030517578,65.8099975585938,29792000,43.4049263000488
"2012-04-16",66.0100021362305,67.0999984741211,65.879997253418,66.7799987792969,32810100,44.0446815490723
"2012-04-17",66.9100036621094,67.1999969482422,66.8300018310547,67.0199966430664,8894700,44.2029914855957
"2012-04-18",66.9300003051758,67.1999969482422,66.7300033569336,66.75,6081800,44.0249137878418
"2012-04-19",66.879997253418,66.9100036621094,66.2300033569336,66.5699996948242,7721200,43.9061813354492
"2012-04-20",66.7099990844727,67.6100006103516,66.5899963378906,67.5100021362305,11092600,44.5261688232422
"2012-04-23",66.9100036621094,67,66.379997253418,66.6500015258789,8420500,43.9589385986328
"2012-04-24",66.8300018310547,67,66.5599975585938,67,6962300,44.1898040771484
"2012-04-25",66.6699981689453,66.9899978637695,66.5,66.8899993896484,6994200,44.4904327392578
"2012-04-26",66.6399993896484,67.1399993896484,66.629997253418,66.870002746582,8415000,44.4771308898926
"2012-04-27",65.0999984741211,65.2600021362305,63.9500007629395,64.4400024414062,30719500,42.8608779907227
"2012-04-30",63.5800018310547,64.1600036621094,63.2900009155273,63.6399993896484,19195000,42.3287658691406
"2012-05-01",63.3400001525879,63.7400016784668,63.2900009155273,63.5699996948242,11899600,42.2822113037109
"2012-05-02",63.6599998474121,64.1100006103516,63.4000015258789,63.9799995422363,9689200,42.5549087524414
"2012-05-03",64.2900009155273,64.7600021362305,64.1600036621094,64.5100021362305,12079900,42.9074249267578
"2012-05-04",64.5299987792969,64.75,64.2399978637695,64.2799987792969,12006500,42.7544364929199
"2012-05-07",63.4599990844727,64.5,63.3600006103516,64.25,11124300,42.7345085144043
"2012-05-08",64.129997253418,64.4400024414062,64.1100006103516,64.1600036621094,11481800,42.6746292114258
"2012-05-09",63.9300003051758,64.2900009155273,63.5699996948242,63.6699981689453,13842600,42.3487205505371
"2012-05-10",64,64.3399963378906,63.8300018310547,64.1399993896484,8109500,42.6613388061523
"2012-05-11",64.0599975585938,64.1500015258789,63.6199989318848,63.6800003051758,11318000,42.3553695678711
"2012-05-14",63.5,63.7599983215332,63.2999992370605,63.5800018310547,9902700,42.2888450622559
"2012-05-15",63.7200012207031,64.2200012207031,63.5,63.7200012207031,12824700,42.3819770812988
"2012-05-16",64.3399963378906,64.8099975585938,64,64.2900009155273,12375000,42.7611045837402
"2012-05-17",64.120002746582,64.4000015258789,63.9099998474121,63.9599990844727,10261800,42.5415992736816
"2012-05-18",64.1900024414062,64.25,63.4000015258789,63.5200004577637,11583100,42.2489433288574
"2012-05-21",63.6599998474121,63.7999992370605,62.9500007629395,63.3899993896484,9553100,42.1624755859375
"2012-05-22",63.4300003051758,63.5499992370605,62.9799995422363,63.1500015258789,7535500,42.0028495788574
"2012-05-23",63,63.0499992370605,62.0400009155273,62.3899993896484,13765400,41.4973564147949
"2012-05-24",62.4900016784668,62.9799995422363,62.2299995422363,62.5699996948242,9178100,41.6170806884766
"2012-05-25",62.5800018310547,63.2000007629395,62.4000015258789,62.4900016784668,7377700,41.5638618469238
"2012-05-29",62.6399993896484,63.0299987792969,62.6199989318848,62.9500007629395,7401000,41.8698272705078
"2012-05-30",62.6399993896484,62.8899993896484,62.2400016784668,62.3199996948242,7493400,41.4507904052734
"2012-05-31",62.5999984741211,62.6199989318848,61.9799995422363,62.2900009155273,9268400,41.430850982666
"2012-06-01",61.7599983215332,61.939998626709,61.2000007629395,61.5499992370605,12728000,40.938648223877
"2012-06-04",61.689998626709,61.7000007629395,61.0999984741211,61.4000015258789,7768200,40.8388748168945
"2012-06-05",61.2099990844727,61.3300018310547,61.0200004577637,61.1699981689453,7855500,40.6858978271484
"2012-06-06",61.2700004577637,61.8899993896484,61.1599998474121,61.7999992370605,9622000,41.1049346923828
"2012-06-07",62.0800018310547,62.8400001525879,61.7200012207031,62.7599983215332,13904700,41.7434501647949
"2012-06-08",63.0400009155273,63.189998626709,62.5699996948242,62.75,7697800,41.7368049621582
"2012-06-11",62.9900016784668,63.060001373291,62.5,62.5400009155273,6345500,41.5971298217773
"2012-06-12",62.5,62.7700004577637,62.2099990844727,62.7599983215332,7814500,41.7434501647949
"2012-06-13",62.6100006103516,62.7700004577637,62.2700004577637,62.5699996948242,6838500,41.6170806884766
"2012-06-14",62.7599983215332,63.4300003051758,62.7000007629395,63.1800003051758,8389100,42.0228042602539
"2012-06-15",63.5299987792969,63.6699981689453,62.5200004577637,62.8800010681152,14126800,41.8232650756836
"2012-06-18",62.560001373291,62.75,61.7900009155273,62.2900009155273,10289300,41.430850982666
"2012-06-19",62.4099998474121,62.75,62.0999984741211,62.2099990844727,12844900,41.3776359558105
"2012-06-20",60.8899993896484,60.8899993896484,59.7400016784668,60.3899993896484,39133900,40.1671028137207
"2012-06-21",60.3600006103516,60.4799995422363,59.75,59.75,18876100,39.7414169311523
"2012-06-22",59.7700004577637,60.2999992370605,59.7599983215332,59.8300018310547,14395600,39.7946319580078
"2012-06-25",59.5400009155273,59.9300003051758,59.25,59.310001373291,11745100,39.4487571716309
"2012-06-26",59.4500007629395,59.5800018310547,59.0699996948242,59.2700004577637,8794100,39.4221572875977
"2012-06-27",59.2400016784668,60,59.1500015258789,59.9799995422363,11454100,39.8943862915039
"2012-06-28",59.7000007629395,60.2900009155273,59.3300018310547,60.2900009155273,9207600,40.1005744934082
"2012-06-29",60.6500015258789,61.2700004577637,60.5400009155273,61.25,13301800,40.7391090393066
"2012-07-02",61.0400009155273,61.2599983215332,60.7799987792969,61.189998626709,8914300,40.6991996765137
"2012-07-03",61.1300010681152,61.4000015258789,60.8199996948242,61.3600006103516,4817400,40.8122634887695
"2012-07-05",61.439998626709,61.5999984741211,61.189998626709,61.3499984741211,35413700,40.8056221008301
"2012-07-06",61.2200012207031,61.3899993896484,60.8600006103516,61.2799987792969,36773400,40.7590484619141
"2012-07-09",61.1199989318848,61.7999992370605,61.1199989318848,61.5499992370605,33492400,40.938648223877
"2012-07-10",61.7099990844727,61.9000015258789,61.4900016784668,61.7299995422363,8651900,41.0583801269531
"2012-07-11",61.7700004577637,61.7700004577637,60.9799995422363,61.4000015258789,9975600,40.8388748168945
"2012-07-12",62.8400001525879,64.2699966430664,62.7000007629395,63.7000007629395,37140900,42.3686714172363
"2012-07-13",63.9300003051758,65.75,63.7700004577637,65.0899963378906,29170000,43.2931976318359
"2012-07-16",64.620002746582,65,64.2399978637695,64.8099975585938,10675900,43.1069717407227
"2012-07-17",64.6399993896484,65.4000015258789,64.5400009155273,65.3499984741211,12565600,43.466136932373
"2012-07-18",64.8300018310547,65.1399993896484,64.3499984741211,64.8199996948242,13387400,43.4875984191895
"2012-07-19",64.9499969482422,65.0699996948242,64.5299987792969,64.9199981689453,8077600,43.5546913146973
"2012-07-20",64.5199966430664,64.9199981689453,64.4000015258789,64.7300033569336,10121500,43.4272308349609
"2012-07-23",64.4000015258789,64.7200012207031,64.2300033569336,64.3899993896484,10711100,43.1991233825684
"2012-07-24",64.4800033569336,64.5699996948242,63.7200012207031,64.0199966430664,8271700,42.9508895874023
"2012-07-25",64.120002746582,64.3099975585938,63.8899993896484,64.0199966430664,9424700,42.9508895874023
"2012-07-26",64.5899963378906,65.0999984741211,64.4400024414062,64.5599975585938,10472200,43.3131675720215
"2012-07-27",64.6800003051758,65.2699966430664,64.5599975585938,65.0899963378906,11141800,43.6687355041504
"2012-07-30",64.8899993896484,65.2900009155273,64.5,65.0999984741211,8388600,43.6754417419434
"2012-07-31",64.7900009155273,64.9899978637695,64.5,64.5400009155273,9327200,43.2997703552246
"2012-08-01",64.870002746582,64.9700012207031,63.9000015258789,64.0100021362305,7782900,42.9441909790039
"2012-08-02",63.6599998474121,63.9799995422363,63.2400016784668,63.5099983215332,9462400,42.608715057373
"2012-08-03",64.7099990844727,65.9000015258789,64.6999969482422,65.5,15279100,43.9438095092773
"2012-08-06",65.2300033569336,66.2399978637695,65.1999969482422,65.8099975585938,10034400,44.1517944335938
"2012-08-07",65.9199981689453,66.4499969482422,65.9100036621094,66.2200012207031,10463300,44.4268684387207
"2012-08-08",66.0100021362305,66.8000030517578,65.9599990844727,66.7200012207031,9673200,44.7622985839844
"2012-08-09",66.5899963378906,66.9300003051758,66.4000015258789,66.7300033569336,9677800,44.7690238952637
"2012-08-10",66.6800003051758,66.7699966430664,66.2099990844727,66.7699966430664,7293600,44.7958526611328
"2012-08-13",66.5599975585938,66.75,66.3499984741211,66.4800033569336,6633900,44.6013031005859
"2012-08-14",66.5299987792969,66.9899978637695,66.1900024414062,66.7300033569336,8887400,44.7690238952637
"2012-08-15",66.8600006103516,66.9199981689453,66.5599975585938,66.6399993896484,9873600,44.7086296081543
"2012-08-16",66.5800018310547,67,66.4499969482422,67,10165100,44.9501647949219
"2012-08-17",66.870002746582,67.3000030517578,66.629997253418,67,9394300,44.9501647949219
"2012-08-20",66.9300003051758,67.0500030517578,66.5500030517578,66.75,8938700,44.7824363708496
"2012-08-21",66.7600021362305,67.1399993896484,66.6800003051758,66.7699966430664,9145400,44.7958526611328
"2012-08-22",66.5699996948242,66.8600006103516,66.5100021362305,66.8499984741211,7749600,44.8495178222656
"2012-08-23",66.8000030517578,66.8300018310547,66.5899963378906,66.6800003051758,8006500,44.7354736328125
"2012-08-24",66.5999984741211,67.1800003051758,66.3300018310547,67.0199966430664,8580200,44.9635734558105
"2012-08-27",66.9300003051758,67.370002746582,66.8600006103516,67.1100006103516,6419600,45.0239639282227
"2012-08-28",66.870002746582,67.2200012207031,66.8499984741211,66.9899978637695,7605400,44.9434356689453
"2012-08-29",66.9700012207031,67.1800003051758,66.8000030517578,66.870002746582,6752200,44.8629531860352
"2012-08-30",66.6399993896484,66.9400024414062,66.620002746582,66.879997253418,7285600,44.8696517944336
"2012-08-31",67.1399993896484,67.4499969482422,66.8899993896484,67.1900024414062,10088600,45.07763671875
"2012-09-04",67.2200012207031,67.4700012207031,67.0100021362305,67.4000015258789,7628600,45.2185173034668
"2012-09-05",67.2099990844727,67.5400009155273,67.2099990844727,67.2900009155273,7741100,45.1447257995605
"2012-09-06",67.6800003051758,68.25,67.5999984741211,68.2399978637695,13200500,45.7820777893066
"2012-09-07",68.1600036621094,68.5999984741211,67.9800033569336,68.5199966430664,12656300,45.9699211120605
"2012-09-10",68.4100036621094,68.5800018310547,68.120002746582,68.5100021362305,8920600,45.9632225036621
"2012-09-11",68.4300003051758,68.6500015258789,68.0800018310547,68.2600021362305,8840900,45.795482635498
"2012-09-12",68.3499984741211,68.5899963378906,68.0500030517578,68.0999984741211,6896000,45.6881408691406
"2012-09-13",67.8899993896484,68.9800033569336,67.8899993896484,68.9100036621094,10495400,46.2315711975098
"2012-09-14",68.8099975585938,69.2200012207031,68.7699966430664,69.1600036621094,12269800,46.3993110656738
"2012-09-17",68.879997253418,69.25,68.8600006103516,69.25,11274600,46.4596672058105
"2012-09-18",69.1900024414062,69.6900024414062,69.1100006103516,69.2200012207031,12833500,46.4395484924316
"2012-09-19",69.0999984741211,69.5800018310547,69.0199966430664,69.2600021362305,8682900,46.466381072998
"2012-09-20",69.1100006103516,69.6399993896484,69.1100006103516,69.5599975585938,8652700,46.667667388916
"2012-09-21",69.6999969482422,69.8300018310547,69.379997253418,69.4199981689453,20290300,46.5737380981445
"2012-09-24",69.3399963378906,69.8499984741211,69.2399978637695,69.7600021362305,8361000,46.8018531799316
"2012-09-25",69.6999969482422,69.9700012207031,69.5400009155273,69.5899963378906,10026700,46.6877937316895
"2012-09-26",69.4899978637695,69.8499984741211,69.3000030517578,69.3000030517578,7698400,46.4932327270508
"2012-09-27",69.4100036621094,69.5599975585938,69.0599975585938,69.3000030517578,6773100,46.4932327270508
"2012-09-28",69.25,69.4199981689453,68.6399993896484,69.3600006103516,8955100,46.5334777832031
"2012-10-01",69.3300018310547,69.7699966430664,69.0999984741211,69.4499969482422,8588600,46.5938529968262
"2012-10-02",69.5299987792969,69.7200012207031,68.5199966430664,68.7900009155273,11241400,46.1510848999023
"2012-10-03",69.0199966430664,69.5400009155273,68.7300033569336,69.1699981689453,8869500,46.406005859375
"2012-10-04",69.3600006103516,69.7799987792969,69.3099975585938,69.379997253418,7792700,46.5468902587891
"2012-10-05",69.7799987792969,69.8499984741211,69.4100036621094,69.629997253418,6907800,46.7146186828613
"2012-10-08",69.4800033569336,69.4800033569336,68.8899993896484,69.0999984741211,6577000,46.3590393066406
"2012-10-09",68.9199981689453,69.2799987792969,68.5199966430664,68.6999969482422,8200100,46.0906944274902
"2012-10-10",68.7900009155273,68.9400024414062,67.9499969482422,68.1399993896484,8937500,45.714958190918
"2012-10-11",68.3300018310547,68.3899993896484,67.8199996948242,68,6600700,45.6210403442383
"2012-10-12",68.2300033569336,68.4599990844727,67.870002746582,67.9400024414062,6537400,45.5808067321777
"2012-10-15",68.2699966430664,68.8899993896484,67.9700012207031,68.7099990844727,8359300,46.0974082946777
"2012-10-16",68.9599990844727,69.2600021362305,68.7900009155273,69,7702700,46.2919578552246
"2012-10-17",68.5500030517578,69.6399993896484,68.5100021362305,69.4700012207031,11061000,46.9899940490723
"2012-10-18",69.4499969482422,69.5,69.0400009155273,69.4700012207031,7358100,46.9899940490723
"2012-10-19",69.3600006103516,69.4899978637695,68.4499969482422,68.5699996948242,10125600,46.3812370300293
"2012-10-22",68.3499984741211,68.5500030517578,67.870002746582,68.5,7516800,46.3338966369629
"2012-10-23",67.9800033569336,68.129997253418,67.2600021362305,67.4400024414062,8030800,45.616886138916
"2012-10-24",67.370002746582,68.370002746582,67.370002746582,68.0800018310547,10209600,46.0498161315918
"2012-10-25",69.75,70.8300018310547,69.5800018310547,70.0699996948242,24479700,47.3958587646484
"2012-10-26",69.7399978637695,70.3600006103516,69.3899993896484,69.4400024414062,11945200,46.9697113037109
"2012-10-31",69.5100021362305,69.9499969482422,69.0100021362305,69.2399978637695,9095400,46.8344268798828
"2012-11-01",69.1600036621094,69.5100021362305,69.1399993896484,69.25,7703800,46.8412017822266
"2012-11-02",69.7399978637695,69.7699966430664,69.0599975585938,69.1900024414062,6963100,46.8006210327148
"2012-11-05",69.2200012207031,69.2200012207031,68.3499984741211,68.6699981689453,6525700,46.4488754272461
"2012-11-06",68.5999984741211,69,68.3600006103516,68.9300003051758,6639800,46.6247444152832
"2012-11-07",68.8199996948242,68.870002746582,67.7900009155273,68.0599975585938,8849600,46.0362586975098
"2012-11-08",67.9800033569336,68.0899963378906,66.9000015258789,66.9100036621094,7917700,45.2584075927734
"2012-11-09",66.8300018310547,67.4599990844727,66.7600021362305,67.0100021362305,8147700,45.3260345458984
"2012-11-12",67.1500015258789,67.4000015258789,66.9100036621094,67.0800018310547,4371300,45.3733787536621
"2012-11-13",66.7699966430664,67.5999984741211,66.7699966430664,66.8499984741211,6769100,45.2178192138672
"2012-11-14",66.8899993896484,67.0599975585938,66.2900009155273,66.5299987792969,9680100,45.0013656616211
"2012-11-15",66.7600021362305,67,65.8300018310547,66.3199996948242,9290000,44.8593292236328
"2012-11-16",66.3600006103516,66.9700012207031,66.1399993896484,66.8199996948242,11354200,45.1975250244141
"2012-11-19",66.9899978637695,67.9199981689453,66.8600006103516,67.9199981689453,8741400,45.941577911377
"2012-11-20",67.8099975585938,68.4899978637695,67.7600021362305,68.3000030517578,7611600,46.198616027832
"2012-11-21",68.1600036621094,68.5,67.9700012207031,68.4700012207031,6201400,46.3135948181152
"2012-11-23",68.75,69.6100006103516,68.7099990844727,69.5899963378906,4598200,47.0711669921875
"2012-11-26",69.1399993896484,69.5699996948242,69.0500030517578,69.4800033569336,7493600,46.9967803955078
"2012-11-27",69.1999969482422,69.4800033569336,68.9100036621094,68.9899978637695,8154300,46.6653366088867
"2012-11-28",69,69.7399978637695,68.9000015258789,69.4400024414062,11255800,46.9697113037109
"2012-11-29",69.4100036621094,69.8000030517578,69.129997253418,69.5,8783800,47.0102996826172
"2012-11-30",69.370002746582,69.8899993896484,69.370002746582,69.8300018310547,8886800,47.2335205078125
"2012-12-03",69.8399963378906,69.9300003051758,69.5,69.5800018310547,7404600,47.0644035339355
"2012-12-04",69.5,69.8499984741211,69.0699996948242,69.3099975585938,6634900,46.881778717041
"2012-12-05",69.4800033569336,69.879997253418,69.0800018310547,69.4100036621094,7623400,46.9494285583496
"2012-12-06",69.4800033569336,70.2399978637695,69.4400024414062,69.9499969482422,10686900,47.3146781921387
"2012-12-07",69.8499984741211,70.6600036621094,69.8499984741211,70.2900009155273,11590900,47.5446662902832
"2012-12-10",70.120002746582,70.4199981689453,70.0299987792969,70.2200012207031,8124100,47.497314453125
"2012-12-11",70.2900009155273,70.9700012207031,70.1399993896484,70.6600036621094,9298000,47.7949371337891
"2012-12-12",70.7600021362305,70.9899978637695,70.6100006103516,70.7600021362305,8405900,47.8625602722168
"2012-12-13",70.5500030517578,70.6399993896484,69.9000015258789,70.129997253418,8478200,47.4364166259766
"2012-12-14",69.9199981689453,70.4700012207031,69.7799987792969,69.9300003051758,8997600,47.301155090332
"2012-12-17",69.9499969482422,70.1500015258789,69.620002746582,69.9300003051758,8791500,47.301155090332
"2012-12-18",69.8899993896484,70.2799987792969,69.4300003051758,69.9700012207031,13568900,47.3282089233398
"2012-12-19",69.7600021362305,69.9899978637695,68.7699966430664,69.3399963378906,10304800,46.9020843505859
"2012-12-20",69.3000030517578,70.25,69.3000030517578,69.8199996948242,10218200,47.2267456054688
"2012-12-21",69.4300003051758,69.8199996948242,68.379997253418,68.7200012207031,17746900,46.4827041625977
"2012-12-24",68.6699981689453,68.6900024414062,68.2399978637695,68.5199966430664,3578800,46.3474273681641
"2012-12-26",68.5699996948242,68.5899963378906,67.6999969482422,68,6937000,45.9956817626953
"2012-12-27",67.879997253418,68.1600036621094,67.4100036621094,67.9700012207031,7648800,45.9754028320312
"2012-12-28",67.7300033569336,67.9100036621094,67.0599975585938,67.1500015258789,6463300,45.4207382202148
"2012-12-31",67,67.9700012207031,66.8300018310547,67.8899993896484,9061900,45.9213027954102
"2013-01-02",68.6500015258789,69.3899993896484,68.3499984741211,69.3899993896484,9987000,46.9358978271484
"2013-01-03",69.4400024414062,69.5,68.9400024414062,68.9499969482422,7741900,46.6382713317871
"2013-01-04",69.0100021362305,69.1699981689453,68.6800003051758,69.0899963378906,5853700,46.7329711914062
"2013-01-07",68.9199981689453,68.9199981689453,68.379997253418,68.620002746582,5269800,46.4150695800781
"2013-01-08",68.5199966430664,68.7300033569336,68.4000015258789,68.5100021362305,7362000,46.3406562805176
"2013-01-09",68.7699966430664,69.1100006103516,68.6100006103516,68.879997253418,5762900,46.5909118652344
"2013-01-10",68.9800033569336,69.2900009155273,68.6800003051758,69.2699966430664,12855000,46.8547096252441
"2013-01-11",69.3000030517578,69.3000030517578,69.0100021362305,69.2200012207031,12193500,46.8208999633789
"2013-01-14",69.3099975585938,69.9700012207031,69.2300033569336,69.629997253418,11570700,47.0982398986816
"2013-01-15",69.1600036621094,69.9599990844727,69.1500015258789,69.879997253418,7563400,47.2673301696777
"2013-01-16",69.4199981689453,69.6999969482422,69.1100006103516,69.3399963378906,7061000,47.2823448181152
"2013-01-17",69.5599975585938,69.9599990844727,69.3399963378906,69.6699981689453,6263300,47.5073509216309
"2013-01-18",69.6900024414062,70,69.6699981689453,69.9400024414062,10610800,47.691463470459
"2013-01-22",69.8600006103516,69.9800033569336,69.75,69.9499969482422,8313600,47.6982917785645
"2013-01-23",69.8399963378906,70.6999969482422,69.8000030517578,70.6900024414062,10588600,48.2028923034668
"2013-01-24",70.6800003051758,70.8499984741211,70.1999969482422,70.4199981689453,8877200,48.0187835693359
"2013-01-25",71.75,73.25,71.75,73.25,28760300,49.9485397338867
"2013-01-28",73.7300033569336,74.2300033569336,73.1900024414062,73.7699966430664,14010000,50.3031044006348
"2013-01-29",73.5500030517578,75.3099975585938,73.5199966430664,75,17576700,51.1418495178223
"2013-01-30",74.75,75.4800033569336,74.6699981689453,75.0800018310547,12677800,51.1963806152344
"2013-01-31",74.8300018310547,75.2600021362305,74.6699981689453,75.1600036621094,11661500,51.2509613037109
"2013-02-01",75.3000030517578,75.9700012207031,75.1699981689453,75.9199981689453,12204000,51.7691688537598
"2013-02-04",75.6900024414062,75.8000030517578,74.9499969482422,75.25,11086000,51.312328338623
"2013-02-05",75.4400024414062,76.6900024414062,75.3199996948242,75.6999969482422,14851700,51.6191596984863
"2013-02-06",75.3199996948242,76.1900024414062,75.0400009155273,76.1500015258789,17015800,51.9260101318359
"2013-02-07",75.9800033569336,76.4199981689453,75.7900009155273,76.1500015258789,9897000,51.9260101318359
"2013-02-08",76.1500015258789,76.4800033569336,75.5599975585938,75.75,9130700,51.6532592773438
"2013-02-11",75.4100036621094,75.9199981689453,75.120002746582,75.8099975585938,6928200,51.694164276123
"2013-02-12",75.9599990844727,76.3099975585938,75.8099975585938,75.9800033569336,6281000,51.8101081848145
"2013-02-13",76.0100021362305,76.5800018310547,75.9800033569336,76.5599975585938,7113300,52.2055854797363
"2013-02-14",76.3000030517578,76.9700012207031,76.25,76.7799987792969,10049400,52.3556022644043
"2013-02-15",76.7200012207031,76.9599990844727,76.2099990844727,76.5400009155273,11165600,52.1919555664062
"2013-02-19",76.5599975585938,77.7699966430664,76.4899978637695,77.379997253418,11783500,52.7647285461426
"2013-02-20",77.2699966430664,77.5199966430664,76.9199981689453,77.0800018310547,9275400,52.5601844787598
"2013-02-21",76.2799987792969,77.1999969482422,75.9000015258789,77.0400009155273,10305200,52.5328979492188
"2013-02-22",77.0500030517578,77.1900024414062,76.75,76.9899978637695,8433200,52.4988059997559
"2013-02-25",77.0699996948242,77.6699981689453,75.9199981689453,75.9199981689453,9970400,51.7691688537598
"2013-02-26",75.9899978637695,76.379997253418,75.7699966430664,76.0800018310547,8378900,51.8782691955566
"2013-02-27",75.9499969482422,76.9499969482422,75.6999969482422,76.75,7567800,52.3351402282715
"2013-02-28",76.6600036621094,76.9100036621094,76.1699981689453,76.1800003051758,10466900,51.9464797973633
"2013-03-01",75.6999969482422,76.7200012207031,75.5599975585938,76.4899978637695,9599700,52.1578559875488
"2013-03-04",76.25,76.6800003051758,75.9700012207031,76.6800003051758,7631000,52.2874145507812
"2013-03-05",76.7799987792969,77.3899993896484,76.7200012207031,77.0500030517578,9716200,52.5397033691406
"2013-03-06",77.0100021362305,77.4499969482422,76.8099975585938,77.1999969482422,7194700,52.6419792175293
"2013-03-07",77.2200012207031,77.4899978637695,76.7799987792969,76.9000015258789,7111400,52.4374237060547
"2013-03-08",77.0100021362305,77.1999969482422,76.4599990844727,77.1800003051758,7252800,52.6283569335938
"2013-03-11",77.0199966430664,77.3899993896484,76.9000015258789,77.3499984741211,6621000,52.7443084716797
"2013-03-12",77.1900024414062,77.4499969482422,77,77.1699981689453,7016700,52.621524810791
"2013-03-13",77.0699996948242,77.0999984741211,76.5199966430664,76.8000030517578,6340300,52.3692512512207
"2013-03-14",76.870002746582,77.4700012207031,76.8300018310547,77.3899993896484,8079100,52.7715530395508
"2013-03-15",77.0800018310547,77.379997253418,76.3399963378906,76.3399963378906,15237000,52.0555877685547
"2013-03-18",75.9000015258789,76.5500030517578,75.8000030517578,76.1600036621094,7081800,51.9328308105469
"2013-03-19",76.1399993896484,77.1800003051758,76.1100006103516,77.1100006103516,9326400,52.5806274414062
"2013-03-20",77.2900009155273,77.8199996948242,77.2699966430664,77.5800018310547,8615800,52.9011116027832
"2013-03-21",77.4199981689453,77.6699981689453,77.1399993896484,77.2099990844727,6319500,52.6488151550293
"2013-03-22",77.1800003051758,77.4499969482422,77,77.2699966430664,5868400,52.6897201538086
"2013-03-25",77.2699966430664,77.620002746582,76.4400024414062,76.6800003051758,6843600,52.2874145507812
"2013-03-26",77.0199966430664,77.5,76.8899993896484,77.4000015258789,5386000,52.7783813476562
"2013-03-27",76.9800033569336,77.1100006103516,76.5699996948242,77.0599975585938,5274600,52.5465545654297
"2013-03-28",76.9499969482422,77.1600036621094,76.6600036621094,77.0599975585938,8016700,52.5465545654297
"2013-04-01",76.8499984741211,77.8499984741211,76.7300033569336,77.6999969482422,7266000,52.9829444885254
"2013-04-02",77.8399963378906,79.1500015258789,77.6500015258789,78.9599990844727,13373600,53.8421249389648
"2013-04-03",78.879997253418,79.0800018310547,77.8399963378906,78.120002746582,8426700,53.2693405151367
"2013-04-04",78.3199996948242,78.9800033569336,78.25,78.5400009155273,8770600,53.5557289123535
"2013-04-05",77.879997253418,78.3899993896484,77.8300018310547,78.2300033569336,6562600,53.344352722168
"2013-04-08",78.120002746582,78.879997253418,77.879997253418,78.7900009155273,6284500,53.7261962890625
"2013-04-09",78.8199996948242,78.8899993896484,78.0699996948242,78.2600021362305,6760600,53.364803314209
"2013-04-10",78.4899978637695,79.4899978637695,78.4300003051758,79.2399978637695,7947600,54.0330467224121
"2013-04-11",79.370002746582,80.129997253418,79.3300018310547,79.6699981689453,11831600,54.3262748718262
"2013-04-12",79.5100021362305,80.6600036621094,79.4700012207031,80.0800018310547,9383400,54.6058502197266
"2013-04-15",79.7900009155273,80.8399963378906,79.5999984741211,79.6500015258789,10877200,54.3126258850098
"2013-04-16",79.8300018310547,80.2099990844727,79.370002746582,80.0999984741211,9365600,54.6194877624512
"2013-04-17",79.9800033569336,80.1399993896484,78.8499984741211,79.0599975585938,10964600,53.910327911377
"2013-04-18",79.0899963378906,80.1800003051758,79.0599975585938,79.870002746582,10896200,54.4626617431641
"2013-04-19",80.370002746582,81.6999969482422,80.1999969482422,81.4300003051758,13147600,55.5264015197754
"2013-04-22",81.3099975585938,81.5899963378906,81.120002746582,81.4000015258789,7530300,55.5059547424316
"2013-04-23",81.4599990844727,82.5400009155273,80.5100021362305,82.5400009155273,12684800,56.2833023071289
"2013-04-24",79.4899978637695,79.6100006103516,76.9300003051758,77.120002746582,25708200,52.9738273620605
"2013-04-25",77.6699981689453,77.6699981689453,76.3499984741211,76.5800018310547,14702300,52.6028709411621
"2013-04-26",76.7200012207031,77.2200012207031,76.5800018310547,77.0999984741211,8769100,52.960075378418
"2013-04-29",77.5599975585938,77.9800033569336,77.2300033569336,77.6800003051758,6638100,53.358455657959
"2013-04-30",77.8600006103516,77.8899993896484,76.5999984741211,76.7699966430664,9653800,52.7333984375
"2013-05-01",76.8300018310547,77.7699966430664,76.7200012207031,76.9899978637695,8388800,52.8845291137695
"2013-05-02",77.3899993896484,78.2799987792969,77.1399993896484,77.7600021362305,7288200,53.4134368896484
"2013-05-03",78.0999984741211,78.4599990844727,77.6600036621094,78.1900024414062,7884000,53.7087936401367
"2013-05-06",78.0299987792969,78.4000015258789,77.5199966430664,77.75,7204200,53.4065628051758
"2013-05-07",77.9800033569336,78.1999969482422,77.2699966430664,77.9400024414062,9574200,53.5370674133301
"2013-05-08",77.9000015258789,78.5100021362305,77.2300033569336,78.4400024414062,12067300,53.8805274963379
"2013-05-09",78.5699996948242,78.8899993896484,78.0199966430664,78.2099990844727,7189400,53.7225074768066
"2013-05-10",78.4100036621094,78.7900009155273,78.2300033569336,78.7600021362305,6162500,54.1003150939941
"2013-05-13",78.5100021362305,78.9700012207031,78.4199981689453,78.5899963378906,5420200,53.983570098877
"2013-05-14",78.9300003051758,79.4700012207031,78.7399978637695,79.4700012207031,6867400,54.5880317687988
"2013-05-15",79.4700012207031,81,79.4700012207031,80.6800003051758,11154400,55.4191665649414
"2013-05-16",80.4899978637695,80.7399978637695,79.8899993896484,80.1999969482422,8065600,55.0894622802734
"2013-05-17",79.9100036621094,80.1800003051758,79.3099975585938,80.0199966430664,8549900,54.9658126831055
"2013-05-20",79.9800033569336,79.9800033569336,78.7799987792969,79.0899963378906,7307300,54.3270111083984
"2013-05-21",79.1699981689453,79.2200012207031,78.2200012207031,78.8000030517578,7377700,54.1278076171875
"2013-05-22",78.8399963378906,79.6800003051758,78.620002746582,78.8199996948242,8873300,54.1415672302246
"2013-05-23",78.2699966430664,79.1100006103516,78.2300033569336,78.6999969482422,7141200,54.0591239929199
"2013-05-24",81.879997253418,82.3499984741211,81.4400024414062,81.879997253418,25580900,56.2434577941895
"2013-05-28",82.0500030517578,82.129997253418,80.7699966430664,80.8600006103516,14372700,55.5428085327148
"2013-05-29",80.1600036621094,80.25,78.870002746582,78.9000015258789,9992500,54.196475982666
"2013-05-30",78.9000015258789,79.879997253418,78.9000015258789,79.0899963378906,14761500,54.3270111083984
"2013-05-31",78.7900009155273,78.8099975585938,76.75,76.7600021362305,16461900,52.7265167236328
"2013-06-03",76.870002746582,77.6999969482422,76.120002746582,77.6600036621094,11720600,53.3447418212891
"2013-06-04",77.7099990844727,78.4700012207031,76.75,77.370002746582,11379300,53.1455345153809
"2013-06-05",77.0800018310547,77.2099990844727,76.629997253418,76.6600036621094,8826900,52.6578483581543
"2013-06-06",76.5599975585938,76.9700012207031,75.8300018310547,76.8199996948242,11099900,52.767749786377
"2013-06-07",77.4400024414062,78.2799987792969,77.2699966430664,77.75,7839500,53.4065628051758
"2013-06-10",77.6900024414062,78.2200012207031,77.2600021362305,78.0699996948242,8966400,53.6263580322266
"2013-06-11",77.6800003051758,78.75,77.4499969482422,78.120002746582,6781200,53.6607055664062
"2013-06-12",78.6399993896484,78.8899993896484,77.4800033569336,77.5999984741211,7834200,53.303524017334
"2013-06-13",77.5400009155273,78.6900024414062,77.1399993896484,78.4300003051758,6927700,53.8736381530762
"2013-06-14",78.4899978637695,78.7900009155273,77.6699981689453,78.0299987792969,6825900,53.5988998413086
"2013-06-17",78.2600021362305,79.4700012207031,78.25,78.9599990844727,7359900,54.2377014160156
"2013-06-18",78.9499969482422,79.2300033569336,78.6999969482422,79.0400009155273,6051400,54.292667388916
"2013-06-19",79.0500030517578,79.4700012207031,77.5899963378906,77.6100006103516,7424500,53.3103904724121
"2013-06-20",77.2099990844727,77.3300018310547,75.0999984741211,75.25,15555700,51.6893043518066
"2013-06-21",76.25,77.5299987792969,75.6900024414062,77.4300003051758,20055700,53.1867561340332
"2013-06-24",76.9499969482422,77.4300003051758,75.629997253418,76.5800018310547,12563300,52.6028709411621
"2013-06-25",77.0999984741211,77.2399978637695,76.2900009155273,76.6900024414062,7909400,52.6784439086914
"2013-06-26",77.2300033569336,77.5899963378906,77.0199966430664,77.4000015258789,7326500,53.1661376953125
"2013-06-27",77.9599990844727,78.379997253418,77.5699996948242,77.6699981689453,14731500,53.351619720459
"2013-06-28",77.620002746582,77.9400024414062,76.9000015258789,76.9899978637695,9865300,52.8845291137695
"2013-07-01",77.0199966430664,78.4499969482422,77,78.0199966430664,6699200,53.5920257568359
"2013-07-02",77.9499969482422,78.6100006103516,77.7099990844727,78.4400024414062,10228500,53.8805274963379
"2013-07-03",78.2799987792969,78.75,77.4300003051758,78.5699996948242,5339900,53.9698104858398
"2013-07-05",78.8899993896484,79.0199966430664,77.7799987792969,78.3399963378906,7264700,53.8118286132812
"2013-07-08",78.5400009155273,79.0800018310547,78.5,78.7600021362305,11141400,54.1003150939941
"2013-07-09",79.0699996948242,79.9000015258789,79.0699996948242,79.5699996948242,11456200,54.6567192077637
"2013-07-10",79.6500015258789,80.0999984741211,79.3000030517578,79.8000030517578,6862800,54.8147087097168
"2013-07-11",80.5500030517578,80.9899978637695,80.2900009155273,80.7699966430664,9185400,55.4809913635254
"2013-07-12",80.6699981689453,81.6399993896484,80.6699981689453,81.5500030517578,12586300,56.0167999267578
"2013-07-15",81.370002746582,81.5899963378906,80.8499984741211,81.5100021362305,10024700,55.9893112182617
"2013-07-16",81.3199996948242,81.370002746582,80.9100036621094,80.9700012207031,11208600,55.6183776855469
"2013-07-17",80.4899978637695,80.8499984741211,80.0100021362305,80.0899963378906,7644300,55.4259643554688
"2013-07-18",80.0299987792969,80.75,80.0299987792969,80.3000030517578,5526000,55.5713195800781
"2013-07-19",80.3600006103516,81.4100036621094,80.0500030517578,81.370002746582,7862600,56.3118057250977
"2013-07-22",81.2300033569336,81.4499969482422,80.9000015258789,81.2200012207031,4813600,56.2080154418945
"2013-07-23",81.2200012207031,81.4000015258789,80.7799987792969,80.9499969482422,4311700,56.0211563110352
"2013-07-24",80.9499969482422,81,80.129997253418,80.2699966430664,5606600,55.550537109375
"2013-07-25",80.0100021362305,80.5699996948242,79.8399963378906,80.4100036621094,6239900,55.6474494934082
"2013-07-26",80.0199966430664,80.4199981689453,79.3899993896484,80.3899993896484,6543500,55.6336212158203
"2013-07-29",80.0999984741211,80.4499969482422,80.0500030517578,80.0899963378906,4389400,55.4259643554688
"2013-07-30",80.4899978637695,80.9000015258789,80.1600036621094,80.4400024414062,6434100,55.6682205200195
"2013-07-31",80.4400024414062,81.4100036621094,80.1600036621094,80.3000030517578,11857000,55.5713195800781
"2013-08-01",81.620002746582,82.2300033569336,81.2099990844727,81.6399993896484,10724800,56.498664855957
"2013-08-02",81.4199981689453,81.5,80.5599975585938,81.2900009155273,6626300,56.2564544677734
"2013-08-05",81.0500030517578,81.6500015258789,80.9599990844727,81.4000015258789,4662800,56.332576751709
"2013-08-06",81.3000030517578,81.9700012207031,81.3000030517578,81.7399978637695,6212500,56.56787109375
"2013-08-07",81.4100036621094,82.2099990844727,81.379997253418,81.9599990844727,5828500,56.7201271057129
"2013-08-08",82.1100006103516,82.4000015258789,81.5100021362305,82.1699981689453,6207900,56.8654403686523
"2013-08-09",81.9199981689453,82.0599975585938,81.1900024414062,81.6399993896484,6127200,56.498664855957
"2013-08-12",81.2300033569336,81.7300033569336,81.0400009155273,81.620002746582,4922200,56.4848213195801
"2013-08-13",81.7799987792969,81.9899978637695,81.3300018310547,81.6600036621094,4936400,56.5124931335449
"2013-08-14",81.6699981689453,81.7799987792969,81.1900024414062,81.25,5167500,56.2287406921387
"2013-08-15",80.9599990844727,81.0800018310547,80.1699981689453,80.4800033569336,7415300,55.6958999633789
"2013-08-16",80.2699966430664,80.4800033569336,79.0599975585938,79.9000015258789,9451600,55.2944946289062
"2013-08-19",79.6399993896484,80.0899963378906,79.4199981689453,79.5899963378906,5959400,55.079963684082
"2013-08-20",79.7200012207031,80.0999984741211,79.2799987792969,79.5299987792969,5172500,55.0384521484375
"2013-08-21",79.5,80.120002746582,79.0500030517578,79.379997253418,7390900,54.9346237182617
"2013-08-22",79.3000030517578,80.0500030517578,78.870002746582,79.7699966430664,6274400,55.2045440673828
"2013-08-23",79.870002746582,80.0699996948242,79.5899963378906,80.0100021362305,5219600,55.3706283569336
"2013-08-26",79.9199981689453,79.9800033569336,78.5299987792969,78.5400009155273,6385400,54.3533363342285
"2013-08-27",77.870002746582,78.3600006103516,77.3300018310547,77.9700012207031,7052200,53.9588508605957
"2013-08-28",77.8600006103516,77.8600006103516,76.8499984741211,76.8499984741211,9008500,53.1837577819824
"2013-08-29",76.7600021362305,77.8399963378906,76.4199981689453,77.3099975585938,5961000,53.5021057128906
"2013-08-30",77.5299987792969,78.0699996948242,73.6100006103516,77.8899993896484,9039100,53.9034767150879
"2013-09-03",78.2699966430664,78.4199981689453,77.4400024414062,77.75,6743800,53.8066024780273
"2013-09-04",77.5199966430664,77.75,77.120002746582,77.4899978637695,6031300,53.6266822814941
"2013-09-05",77.5800018310547,77.629997253418,76.8300018310547,77.1399993896484,7163200,53.3844451904297
"2013-09-06",77.120002746582,77.6100006103516,76.4000015258789,77.1500015258789,6977400,53.3913688659668
"2013-09-09",77.370002746582,78.1999969482422,77.370002746582,78.1600036621094,6089300,54.0903396606445
"2013-09-10",78.5,78.6399993896484,77.7799987792969,77.9499969482422,6650200,53.9450149536133
"2013-09-11",77.2600021362305,78.2699966430664,77.25,78.2699966430664,7049800,54.1664733886719
"2013-09-12",78.4000015258789,78.8000030517578,78.1699981689453,78.2600021362305,6944900,54.1595573425293
"2013-09-13",78.4400024414062,79.1800003051758,78.4100036621094,79.0500030517578,4894100,54.7062644958496
"2013-09-16",79.7200012207031,80.2099990844727,79.7099990844727,80.1600036621094,7512800,55.4744300842285
"2013-09-17",79.9599990844727,80.25,79.6399993896484,79.8300018310547,5457700,55.2460708618164
"2013-09-18",79.0599975585938,80.4800033569336,78.5299987792969,80.3000030517578,10372100,55.5713195800781
"2013-09-19",80.5,80.5299987792969,79.7799987792969,80.120002746582,8157300,55.4467506408691
"2013-09-20",80.0899963378906,80.1800003051758,79.3899993896484,79.3899993896484,11146100,54.9415512084961
"2013-09-23",79.1999969482422,79.5800018310547,78.6699981689453,79.2799987792969,6304900,54.8654403686523
"2013-09-24",78.9700012207031,79.4800033569336,78.5899963378906,78.620002746582,7692100,54.4086761474609
"2013-09-25",78.8399963378906,79,77.7099990844727,77.7200012207031,7589300,53.7858428955078
"2013-09-26",77.9100036621094,78.1399993896484,77.620002746582,78.0500030517578,4632600,54.0142288208008
"2013-09-27",77.75,77.75,76.7699966430664,77.2099990844727,6551300,53.4328918457031
"2013-09-30",76.8000030517578,77.1600036621094,75.3499984741211,75.5899963378906,15028300,52.3117713928223
"2013-10-01",75.5199966430664,76.5,75.4400024414062,76.1600036621094,8076100,52.7062492370605
"2013-10-02",75.9100036621094,76.1399993896484,75.4199981689453,75.9300003051758,8522900,52.5470771789551
"2013-10-03",75.8899993896484,76.1399993896484,75.1999969482422,75.8399963378906,9251600,52.4847831726074
"2013-10-04",75.9800033569336,76.120002746582,75.5100021362305,76.0199966430664,4984700,52.6093521118164
"2013-10-07",75.6600036621094,76.0999984741211,75.4800033569336,75.6500015258789,6373300,52.3532981872559
"2013-10-08",76.3899993896484,77,76.0500030517578,76.3300018310547,9656600,52.8238906860352
"2013-10-09",76.5800018310547,77.1600036621094,76.0999984741211,76.9499969482422,8470700,53.2529525756836
"2013-10-10",77.4100036621094,77.9199981689453,77.1500015258789,77.8899993896484,10121900,53.9034767150879
"2013-10-11",78,78.4899978637695,77.8099975585938,78.4800033569336,6082200,54.3117904663086
"2013-10-14",78.0100021362305,78.8000030517578,77.9300003051758,78.7399978637695,6326100,54.4917106628418
"2013-10-15",78.379997253418,78.6100006103516,77.4400024414062,77.5999984741211,11192500,53.7027893066406
"2013-10-16",77.3499984741211,78.4899978637695,77.2600021362305,78.3399963378906,6562600,54.6387748718262
"2013-10-17",78.1900024414062,79.4700012207031,77.9800033569336,79.4199981689453,8671300,55.3920249938965
"2013-10-18",79.3899993896484,79.5699996948242,78.7799987792969,79.4100036621094,7958500,55.3850708007812
"2013-10-21",79.2699966430664,79.3199996948242,78.4400024414062,78.9700012207031,6478700,55.078197479248
"2013-10-22",79.3099975585938,80.6100006103516,79.2799987792969,80.379997253418,9572300,56.0615844726562
"2013-10-23",80.3399963378906,81.25,80.25,80.9100036621094,8960700,56.4312477111816
"2013-10-24",80.7699966430664,80.9499969482422,80.25,80.6100006103516,7521100,56.2220191955566
"2013-10-25",80.5500030517578,80.7200012207031,79.5100021362305,80,9606500,55.7965888977051
"2013-10-28",80.1100006103516,81.8600006103516,79.9499969482422,81.3000030517578,9820900,56.7032356262207
"2013-10-29",81.4599990844727,82.620002746582,81.0999984741211,82.4599990844727,9482900,57.5123176574707
"2013-10-30",82.5299987792969,82.5599975585938,81.2300033569336,81.5199966430664,6490000,56.8566856384277
"2013-10-31",81.1999969482422,81.5999984741211,80.7200012207031,80.75,7786800,56.3196678161621
"2013-11-01",80.6800003051758,81.3300018310547,80.6399993896484,81.1500015258789,6802300,56.5986328125
"2013-11-04",81.4599990844727,81.7300033569336,80.9100036621094,81.3300018310547,5460100,56.7241744995117
"2013-11-05",81.129997253418,81.7399978637695,80.8499984741211,81.4300003051758,4949300,56.7939300537109
"2013-11-06",81.6399993896484,83.0999984741211,81.3300018310547,82.8099975585938,9526400,57.7564239501953
"2013-11-07",82.9100036621094,83.0999984741211,82.1100006103516,82.3199996948242,10087700,57.4146537780762
"2013-11-08",82.2799987792969,82.5699996948242,81.6699981689453,82.5100021362305,9768400,57.5471878051758
"2013-11-11",82.3499984741211,82.6800003051758,82.0199966430664,82.2600021362305,6173600,57.3728218078613
"2013-11-12",82.2300033569336,83.0400009155273,82.120002746582,82.8000030517578,8201700,57.7494468688965
"2013-11-13",82.5699996948242,83.5,82.4599990844727,83.5,7581600,58.2376747131348
"2013-11-14",83.4300003051758,84.4599990844727,83.4300003051758,84.3199996948242,7580500,58.8095893859863
"2013-11-15",84.1699981689453,84.9199981689453,84.1600036621094,84.8399963378906,9664700,59.1722450256348
"2013-11-18",84.7900009155273,84.9400024414062,84.1800003051758,84.5699996948242,8507300,58.9839515686035
"2013-11-19",84.3099975585938,84.5899963378906,84.2099990844727,84.3399963378906,7924200,58.8235054016113
"2013-11-20",84.3099975585938,84.9800033569336,84.2399978637695,84.6900024414062,7680900,59.0676460266113
"2013-11-21",84.8399963378906,84.8899993896484,84.5100021362305,84.6699981689453,7287700,59.0536880493164
"2013-11-22",84.5299987792969,85,84.2300033569336,84.9499969482422,7436200,59.2489814758301
"2013-11-25",84.9599990844727,85.8199996948242,84.8499984741211,85.4100036621094,9670500,59.5698127746582
"2013-11-26",85.1999969482422,85.7600021362305,84.6399993896484,84.6399993896484,7111600,59.0327758789062
"2013-11-27",84.879997253418,84.8899993896484,84.0199966430664,84.2799987792969,4905000,58.7816925048828
"2013-11-29",84.7699966430664,85.2099990844727,84.1500015258789,84.2200012207031,4954500,58.7398300170898
"2013-12-02",84.0400009155273,84.1500015258789,83.0999984741211,83.3399963378906,7497500,58.1260681152344
"2013-12-03",83.3000030517578,84,83.2300033569336,83.8300018310547,7533200,58.4678153991699
"2013-12-04",83.379997253418,83.4899978637695,82.5899963378906,83.3499984741211,6807200,58.1330490112305
"2013-12-05",83.3899993896484,83.4499969482422,82.3000030517578,82.6900024414062,8186600,57.6727256774902
"2013-12-06",83.2300033569336,84.5299987792969,83.1699981689453,84.5199966430664,7189400,58.9490623474121
"2013-12-09",84.4800033569336,84.9400024414062,84.3399963378906,84.7799987792969,7395300,59.1304016113281
"2013-12-10",84.4100036621094,84.4300003051758,83.4300003051758,83.6500015258789,7373300,58.34228515625
"2013-12-11",83.7399978637695,84.5,83.6100006103516,84.0199966430664,9787900,58.6003303527832
"2013-12-12",83.8199996948242,83.870002746582,81.9300003051758,82.3000030517578,10176300,57.400707244873
"2013-12-13",82.3199996948242,82.4599990844727,81.5599975585938,82.370002746582,7441600,57.4495315551758
"2013-12-16",82.7200012207031,83.0699996948242,81.5999984741211,81.6900024414062,8849700,56.9752807617188
"2013-12-17",81.7900009155273,81.8499984741211,80.6900024414062,80.9100036621094,11416400,56.4312477111816
"2013-12-18",81.2099990844727,82.4199981689453,80.4800033569336,82.379997253418,12036100,57.4564971923828
"2013-12-19",81.9800033569336,82.2900009155273,81.5100021362305,81.9000015258789,6442600,57.1217346191406
"2013-12-20",81.9800033569336,82.5400009155273,81.8199996948242,81.8399963378906,13206100,57.0798568725586
"2013-12-23",82.1399993896484,82.1399993896484,81.0100021362305,81.3099975585938,8653600,56.7102355957031
"2013-12-24",81.3300018310547,81.6100006103516,81.25,81.3099975585938,2899100,56.7102355957031
"2013-12-26",81.4899978637695,81.8899993896484,81.2900009155273,81.7600021362305,5347000,57.024097442627
"2013-12-27",82.0899963378906,82.4800033569336,81.8600006103516,82.0100021362305,4006000,57.1984481811523
"2013-12-30",82,82.0500030517578,81.5699996948242,82,4145600,57.1914749145508
"2013-12-31",81.8300018310547,82,81.0899963378906,81.4100036621094,5765300,56.7799873352051
"2014-01-02",81.3300018310547,81.3600006103516,80.3199996948242,80.5400009155273,6981700,56.173168182373
"2014-01-03",80.7600021362305,80.8499984741211,80.1900024414062,80.4499969482422,6925600,56.1104125976562
"2014-01-06",80.6100006103516,80.9800033569336,80.3000030517578,80.6399993896484,7208200,56.2429542541504
"2014-01-07",80.7099990844727,81.5800018310547,80.620002746582,81.4199981689453,7158200,56.7869453430176
"2014-01-08",80.9700012207031,81.1500015258789,80.0500030517578,80.2399978637695,13458800,55.9639511108398
"2014-01-09",80.5400009155273,80.8000030517578,80.0299987792969,80.4199981689453,10833900,56.0895004272461
"2014-01-10",80.5899963378906,80.8899993896484,80.1999969482422,80.3000030517578,8448300,56.0058059692383
"2014-01-13",80.0100021362305,80.5,79.6900024414062,80.0100021362305,9360800,55.8035354614258
"2014-01-14",80.0599975585938,80.9199981689453,80.0199966430664,80.870002746582,8737100,56.4033432006836
"2014-01-15",80.6999969482422,81.1800003051758,80.25,80.7900009155273,8221900,56.3475532531738
"2014-01-16",80.6500015258789,80.8300018310547,80.2600021362305,80.5599975585938,11673300,56.1871032714844
"2014-01-17",80.4199981689453,80.6399993896484,79.8000030517578,79.879997253418,13629800,55.7128524780273
"2014-01-21",80.5899963378906,80.7200012207031,79.5400009155273,80.1800003051758,13216400,55.9220886230469
"2014-01-22",79.5699996948242,79.879997253418,79.0500030517578,79.2300033569336,8455600,55.6775665283203
"2014-01-23",78.7099990844727,78.9700012207031,78.120002746582,78.2399978637695,12667700,54.9818496704102
"2014-01-24",79.3300018310547,81.6999969482422,78.7799987792969,79.1800003051758,20163200,55.6424026489258
"2014-01-27",79.2399978637695,79.3000030517578,78.4199981689453,78.4700012207031,10395400,55.1434783935547
"2014-01-28",78.6699981689453,79.5199966430664,78.4300003051758,79.1100006103516,10060800,55.5932121276855
"2014-01-29",78.8000030517578,78.8000030517578,77.379997253418,77.6399993896484,13443100,54.5602111816406
"2014-01-30",78.0500030517578,78.0500030517578,76.7699966430664,76.870002746582,9450500,54.0191230773926
"2014-01-31",76.0299987792969,77.1900024414062,75.2600021362305,76.620002746582,12988800,53.843433380127
"2014-02-03",76.6900024414062,76.7600021362305,75.5999984741211,75.6999969482422,14292700,53.1968879699707
"2014-02-04",76,76.3899993896484,75.4000015258789,76.0899963378906,12055400,53.4709587097168
"2014-02-05",75.9400024414062,76.8000030517578,75.6699981689453,76.4499969482422,9734100,53.7239532470703
"2014-02-06",76.5299987792969,76.9899978637695,76.4800033569336,76.9000015258789,7819700,54.0401840209961
"2014-02-07",76.9899978637695,77.3899993896484,76.75,77.3099975585938,7259200,54.3283081054688
"2014-02-10",77.4300003051758,78.0899963378906,77.1900024414062,78.0299987792969,8959700,54.8342628479004
"2014-02-11",78.0999984741211,79.1100006103516,77.6399993896484,78.8399963378906,10500800,55.4034881591797
"2014-02-12",78.129997253418,78.5299987792969,77.0599975585938,77.4899978637695,11019700,54.4547958374023
"2014-02-13",77.0899963378906,77.9199981689453,77,77.8000030517578,7420600,54.6726493835449
"2014-02-14",77.6900024414062,79.75,77.25,79.4000015258789,10791900,55.7970161437988
"2014-02-18",79.4800033569336,79.629997253418,77.5599975585938,77.9700012207031,15750700,54.7920989990234
"2014-02-19",77.6399993896484,78.9599990844727,77.5500030517578,78.1399993896484,8740000,54.911563873291
"2014-02-20",77.9599990844727,78.4400024414062,77.5,77.9199981689453,8275200,54.756950378418
"2014-02-21",78.0500030517578,78.8899993896484,77.9100036621094,77.9700012207031,8089200,54.7920989990234
"2014-02-24",78.0299987792969,78.7699966430664,77.6100006103516,77.8600006103516,7838700,54.7148208618164
"2014-02-25",77.7300033569336,78.3099975585938,77.4000015258789,78.120002746582,8177500,54.8975219726562
"2014-02-26",78.2300033569336,78.7699966430664,77.8199996948242,77.8600006103516,7764700,54.7148208618164
"2014-02-27",77.7699966430664,78.2300033569336,77.5599975585938,78.1900024414062,6549800,54.9467163085938
"2014-02-28",78.2399978637695,78.9100036621094,78.0100021362305,78.6600036621094,8489600,55.2769889831543
"2014-03-03",78.2600021362305,78.4100036621094,77.3499984741211,77.4800033569336,8598600,54.4477577209473
"2014-03-04",78.0899963378906,78.7200012207031,77.9000015258789,78.4499969482422,8306900,55.1294021606445
"2014-03-05",78.3199996948242,78.4100036621094,77.5500030517578,77.8199996948242,8542300,54.6866874694824
"2014-03-06",78.0400009155273,78.4400024414062,77.8399963378906,78.0599975585938,6475600,54.8553428649902
"2014-03-07",78.4100036621094,78.5999984741211,78.1100006103516,78.379997253418,5865400,55.0802230834961
"2014-03-10",78.2900009155273,78.5699996948242,78.1999969482422,78.5299987792969,5229900,55.1856307983398
"2014-03-11",78.5899963378906,79.3899993896484,78.5699996948242,78.9499969482422,6595800,55.4807929992676
"2014-03-12",78.6600036621094,79.4499969482422,78.620002746582,79.2399978637695,7469300,55.6845588684082
"2014-03-13",79.3199996948242,79.7600021362305,79.1900024414062,79.1900024414062,9676600,55.6494483947754
"2014-03-14",79.0999984741211,79.2300033569336,78.6699981689453,78.9800033569336,14850700,55.5018539428711
"2014-03-17",79.0199966430664,79.9499969482422,79.0199966430664,79.8399963378906,8452100,56.1062240600586
"2014-03-18",79.8399963378906,80.0800018310547,79.5100021362305,79.7699966430664,7703200,56.0570259094238
"2014-03-19",79.6800003051758,79.9100036621094,78.5100021362305,78.7799987792969,8607200,55.3613166809082
"2014-03-20",78.6999969482422,78.9300003051758,78.1500015258789,78.3199996948242,8659500,55.0380630493164
"2014-03-21",79.0400009155273,79.75,77.879997253418,77.879997253418,21244400,54.7288589477539
"2014-03-24",78.5,79.8300018310547,78.4700012207031,79.3000030517578,11221600,55.7267532348633
"2014-03-25",79.5199966430664,79.9899978637695,79.4400024414062,79.8099975585938,8892500,56.0851516723633
"2014-03-26",80.0299987792969,80.1800003051758,79.3300018310547,79.5,8269800,55.8672904968262
"2014-03-27",79.5500030517578,80.4300003051758,79.379997253418,79.6500015258789,8134100,55.9727249145508
"2014-03-28",79.9400024414062,80.3199996948242,79.5199966430664,79.7600021362305,6413500,56.0500221252441
"2014-03-31",80,80.8300018310547,79.5500030517578,80.5999984741211,8492800,56.6402778625488
"2014-04-01",80.5999984741211,80.8399963378906,80.2099990844727,80.3399963378906,8222300,56.4575958251953
"2014-04-02",80.1900024414062,80.3300018310547,79.8000030517578,80.129997253418,6741800,56.3100051879883
"2014-04-03",80.2799987792969,80.5800018310547,79.9300003051758,80.0999984741211,5646000,56.288932800293
"2014-04-04",80.4700012207031,80.5599975585938,79.75,79.7699966430664,8649600,56.0570259094238
"2014-04-07",80.0199966430664,81.0699996948242,79.9300003051758,80.4899978637695,13229000,56.5629997253418
"2014-04-08",80.5100021362305,81.379997253418,80.0199966430664,81.3499984741211,11880700,57.1673431396484
"2014-04-09",81.8000030517578,82.2399978637695,81.3199996948242,81.4899978637695,11550700,57.2657432556152
"2014-04-10",81.5800018310547,82.129997253418,80.8899993896484,81.0899963378906,12194300,56.9846267700195
"2014-04-11",80.9800033569336,81.6600036621094,80.5,80.7600021362305,11831400,56.7527351379395
"2014-04-14",81,81.1999969482422,80.5100021362305,80.8099975585938,7105600,56.7878875732422
"2014-04-15",80.7900009155273,81.0899963378906,80.5199966430664,80.8399963378906,9000800,56.8089485168457
"2014-04-16",81.2799987792969,81.879997253418,81.0299987792969,81.6500015258789,8300700,57.3781585693359
"2014-04-17",81.4700012207031,81.8899993896484,81.3399963378906,81.7600021362305,8374700,57.4554786682129
"2014-04-21",81.8099975585938,81.8099975585938,81.2900009155273,81.5599975585938,6391000,57.3149032592773
"2014-04-22",81.5400009155273,81.6699981689453,81.1500015258789,81.25,9259100,57.0970458984375
"2014-04-23",80.7200012207031,80.7200012207031,79.379997253418,80.3600006103516,9577500,56.9228134155273
"2014-04-24",80.2600021362305,81.379997253418,80.0100021362305,81.1500015258789,9523200,57.4824028015137
"2014-04-25",81.1999969482422,81.5800018310547,80.9700012207031,81.4100036621094,7497400,57.6666030883789
"2014-04-28",81.5400009155273,82.9800033569336,81.5100021362305,82.9400024414062,11595100,58.7503471374512
"2014-04-29",82.75,82.9499969482422,82.3600006103516,82.4400024414062,7214300,58.3961868286133
"2014-04-30",82.3899993896484,82.75,82.2399978637695,82.5500030517578,6243300,58.4741096496582
"2014-05-01",82.3899993896484,82.4700012207031,81.7600021362305,82.3399963378906,5305000,58.3253555297852
"2014-05-02",82.2200012207031,82.5999984741211,81.75,81.9199981689453,6629200,58.0278358459473
"2014-05-05",81.6399993896484,81.879997253418,81.4700012207031,81.6999969482422,4563600,57.8720016479492
"2014-05-06",81.7600021362305,81.7600021362305,81.120002746582,81.129997253418,4591300,57.4682579040527
"2014-05-07",81.4499969482422,82.1399993896484,81.4199981689453,82.0899963378906,6639500,58.1482620239258
"2014-05-08",82.0599975585938,82.3199996948242,81.8199996948242,82.1600036621094,4631200,58.1978378295898
"2014-05-09",82.1999969482422,82.8000030517578,82.1399993896484,82.3899993896484,7303500,58.3607559204102
"2014-05-12",82.6100006103516,82.7099990844727,81.7099990844727,81.7300033569336,7859000,57.8932685852051
"2014-05-13",81.9400024414062,81.9800033569336,81.4199981689453,81.6100006103516,6540200,57.8082504272461
"2014-05-14",81.7399978637695,81.9100036621094,81.120002746582,81.1699981689453,6867200,57.4965896606445
"2014-05-15",81.25,81.370002746582,80.4400024414062,80.5299987792969,9402100,57.0432472229004
"2014-05-16",80.629997253418,80.7600021362305,80,80.3300018310547,11558900,56.9015655517578
"2014-05-19",80.0100021362305,80.0500030517578,79.5400009155273,79.9300003051758,6068100,56.618236541748
"2014-05-20",80.0199966430664,80.5800018310547,79.9700012207031,80.2300033569336,7057200,56.830753326416
"2014-05-21",80.3399963378906,80.6699981689453,80.0199966430664,80.4899978637695,6339800,57.0149040222168
"2014-05-22",80.370002746582,80.6699981689453,80.0500030517578,80.6500015258789,5561100,57.1282424926758
"2014-05-23",80.5100021362305,80.8499984741211,80.4000015258789,80.5199966430664,4472600,57.0361633300781
"2014-05-27",80.5500030517578,80.5800018310547,80.0500030517578,80.0800018310547,7003800,56.724479675293
"2014-05-28",80.0299987792969,80.2799987792969,80.0199966430664,80.0999984741211,4201400,56.738655090332
"2014-05-29",80.0999984741211,80.4000015258789,80.0800018310547,80.4000015258789,3886800,56.9511375427246
"2014-05-30",80.25,80.8499984741211,80.1699981689453,80.7900009155273,7433000,57.2274055480957
"2014-06-02",80.6600036621094,80.6699981689453,80.2900009155273,80.3600006103516,4331700,56.9228134155273
"2014-06-03",80.0400009155273,80.3000030517578,79.5999984741211,79.9300003051758,6970600,56.618236541748
"2014-06-04",80,80.2200012207031,79.6399993896484,79.8600006103516,5427700,56.5686378479004
"2014-06-05",80.1100006103516,80.3099975585938,79.9700012207031,80.1100006103516,5787700,56.7457427978516
"2014-06-06",80.0899963378906,80.2399978637695,79.8199996948242,80.0299987792969,5520500,56.6890640258789
"2014-06-09",79.9100036621094,80.2399978637695,79.8499984741211,80.0899963378906,6352500,56.731559753418
"2014-06-10",80.0299987792969,80.3000030517578,80,80.1500015258789,5658400,56.7740783691406
"2014-06-11",80.0500030517578,80.3000030517578,79.879997253418,80.0599975585938,7453700,56.7103309631348
"2014-06-12",79.8199996948242,80.0299987792969,79.6900024414062,79.7600021362305,6526800,56.4978103637695
"2014-06-13",79.7300033569336,79.9400024414062,79.5,79.6399993896484,5214000,56.4128074645996
"2014-06-16",79.5199966430664,79.9400024414062,79.1100006103516,79.6900024414062,5334600,56.4482345581055
"2014-06-17",79.6100006103516,79.7900009155273,79.3499984741211,79.5800018310547,5337300,56.3703155517578
"2014-06-18",79.4400024414062,79.9400024414062,79.129997253418,79.7900009155273,9614200,56.5190734863281
"2014-06-19",79.8499984741211,80.5699996948242,79.8000030517578,80.2399978637695,12485100,56.8377990722656
"2014-06-20",80.4400024414062,80.5,79.8300018310547,79.9300003051758,11659900,56.618236541748
"2014-06-23",80.0599975585938,80.0599975585938,79.3600006103516,79.5199966430664,6938900,56.3278045654297
"2014-06-24",79.4199981689453,79.4400024414062,78.9199981689453,79.0100021362305,8157300,55.9665451049805
"2014-06-25",79.0400009155273,79.3600006103516,78.6500015258789,79.3199996948242,12569300,56.1861190795898
"2014-06-26",79.2399978637695,79.2900009155273,78.5899963378906,78.620002746582,7258800,55.6902809143066
"2014-06-27",78.5999984741211,79.1900024414062,78.5199966430664,79.0199966430664,8974900,55.9736404418945
"2014-06-30",79.0100021362305,79.4599990844727,78.4300003051758,78.5899963378906,10297700,55.6690368652344
"2014-07-01",78.870002746582,79.4100036621094,78.5100021362305,79.2799987792969,8421200,56.1578063964844
"2014-07-02",79.5599975585938,79.8600006103516,79.4400024414062,79.5599975585938,6276600,56.356128692627
"2014-07-03",79.9300003051758,80.1399993896484,79.6399993896484,79.9800033569336,5501100,56.6536483764648
"2014-07-07",79.75,80.1999969482422,79.6600036621094,80.1900024414062,6673600,56.8023796081543
"2014-07-08",80.0299987792969,80.8499984741211,79.9100036621094,80.5599975585938,9150200,57.0644912719727
"2014-07-09",80.6600036621094,81.8000030517578,80.5,81.6699981689453,12113100,57.850757598877
"2014-07-10",81.2699966430664,81.9100036621094,81.1900024414062,81.6100006103516,8786500,57.8082504272461
"2014-07-11",81.0599975585938,81.5699996948242,81,81.1600036621094,7519300,57.4894943237305
"2014-07-14",81.3600006103516,81.7399978637695,81.3000030517578,81.3199996948242,6802000,57.6028366088867
"2014-07-15",81.5100021362305,81.5199966430664,81.0899963378906,81.2600021362305,9637600,57.5603485107422
"2014-07-16",80.9000015258789,81.1999969482422,80.75,80.9400024414062,8940500,57.7916793823242
"2014-07-17",80.9899978637695,81.2200012207031,80.3899993896484,80.4000015258789,5844700,57.4060859680176
"2014-07-18",80.5500030517578,80.75,80.1600036621094,80.5500030517578,6502400,57.5131912231445
"2014-07-21",80.3300018310547,80.4000015258789,79.9499969482422,80.2799987792969,4434300,57.3204154968262
"2014-07-22",80.2900009155273,80.5800018310547,79.7699966430664,80.0999984741211,6073200,57.1919097900391
"2014-07-23",80.3300018310547,80.5,79.8199996948242,79.9899978637695,5891200,57.113353729248
"2014-07-24",80.120002746582,80.3199996948242,79.8499984741211,80.2600021362305,6273100,57.3061370849609
"2014-07-25",80.0199966430664,80.1600036621094,79.370002746582,79.5599975585938,6293400,56.8063278198242
"2014-07-28",79.4100036621094,79.620002746582,78.8499984741211,79.2600021362305,6757300,56.5921440124512
"2014-07-29",79.0899963378906,79.5,78.6500015258789,78.6500015258789,6419600,56.1565933227539
"2014-07-30",78.6999969482422,79.0100021362305,78.1399993896484,78.1600036621094,8296500,55.8067474365234
"2014-07-31",77.7600021362305,78.0100021362305,77.2900009155273,77.3199996948242,11235600,55.206974029541
"2014-08-01",79.25,80.6699981689453,78.8300018310547,79.6500015258789,18110700,56.87060546875
"2014-08-04",79.4599990844727,79.4599990844727,78.6600036621094,79.2200012207031,12075300,56.5635643005371
"2014-08-05",78.9899978637695,79.7399978637695,78.9800033569336,79.4100036621094,7995900,56.6992263793945
"2014-08-06",79.4000015258789,81.3000030517578,79.2699966430664,81.0899963378906,12839000,57.8987770080566
"2014-08-07",81.0199966430664,81.1800003051758,80.0100021362305,80.1399993896484,7904000,57.2204551696777
"2014-08-08",80.0500030517578,81.0299987792969,80.0400009155273,80.9499969482422,6215600,57.7988090515137
"2014-08-11",81.2300033569336,81.870002746582,81.0299987792969,81.4800033569336,8188000,58.1772155761719
"2014-08-12",81.5,81.8600006103516,81.2099990844727,81.4199981689453,6591200,58.1343765258789
"2014-08-13",81.6399993896484,81.8000030517578,81.1100006103516,81.4800033569336,5472200,58.1772155761719
"2014-08-14",81.5899963378906,82.0400009155273,81.4400024414062,81.9499969482422,5930700,58.5128059387207
"2014-08-15",82.2300033569336,82.2300033569336,81.1800003051758,81.7799987792969,7418400,58.3914222717285
"2014-08-18",81.9899978637695,82.8499984741211,81.8099975585938,82.4400024414062,8450500,58.8626823425293
"2014-08-19",82.3499984741211,82.870002746582,82.120002746582,82.6900024414062,6867700,59.0411796569824
"2014-08-20",82.4599990844727,82.9400024414062,82.4599990844727,82.8099975585938,4581800,59.1268577575684
"2014-08-21",82.8000030517578,83.4700012207031,82.6900024414062,83.2799987792969,7099800,59.4624328613281
"2014-08-22",83.1600036621094,83.6600036621094,83.1399993896484,83.3899993896484,6978500,59.5409927368164
"2014-08-25",83.7399978637695,83.8199996948242,83.3099975585938,83.5400009155273,5586800,59.6481056213379
"2014-08-26",83.6100006103516,83.8300018310547,83.3300018310547,83.379997253418,5188400,59.5338287353516
"2014-08-27",83.4300003051758,83.5999984741211,83.1600036621094,83.3099975585938,4248300,59.4838714599609
"2014-08-28",83.0199966430664,83.2200012207031,82.7600021362305,83.0299987792969,4278700,59.2839546203613
"2014-08-29",83.0899963378906,83.129997253418,82.5999984741211,83.1100006103516,4901300,59.3410530090332
"2014-09-02",83.2099990844727,83.4899978637695,82.7099990844727,82.9800033569336,5528900,59.248233795166
"2014-09-03",83.2600021362305,83.4800033569336,82.7699966430664,82.9000015258789,5851800,59.1911125183105
"2014-09-04",82.9199981689453,83.75,82.7799987792969,83.6999969482422,7444200,59.7623291015625
"2014-09-05",83.4400024414062,83.8000030517578,83.0699996948242,83.7699966430664,5888900,59.8123016357422
"2014-09-08",83.5699996948242,83.5999984741211,83.129997253418,83.3199996948242,4899600,59.4909973144531
"2014-09-09",83.0500030517578,83.2900009155273,82.8300018310547,82.9899978637695,5202900,59.2553825378418
"2014-09-10",83.1999969482422,83.9599990844727,83.1500015258789,83.6399993896484,6715300,59.719482421875
"2014-09-11",83.6100006103516,83.75,83.370002746582,83.4899978637695,6341600,59.6124038696289
"2014-09-12",83.2099990844727,83.379997253418,82.8600006103516,83.2600021362305,6358500,59.4481391906738
"2014-09-15",83.1800003051758,84.25,83.1399993896484,83.870002746582,7004700,59.8837051391602
"2014-09-16",83.5800018310547,84.4499969482422,83.5599975585938,84.0800018310547,7143800,60.0336647033691
"2014-09-17",84.0199966430664,84.5,83.9300003051758,84.1600036621094,8273800,60.0907859802246
"2014-09-18",84.1800003051758,84.4400024414062,84.0699996948242,84.1900024414062,5309200,60.1121940612793
"2014-09-19",84.5199966430664,84.7699966430664,84.1800003051758,84.4700012207031,11377700,60.3121185302734
"2014-09-22",84.6399993896484,84.9499969482422,84.4899978637695,84.8099975585938,8397100,60.554874420166
"2014-09-23",84.6500015258789,84.9199981689453,84.4400024414062,84.4400024414062,7723500,60.2906875610352
"2014-09-24",84.3300018310547,85.4000015258789,84.3300018310547,85.2399978637695,11694700,60.861873626709
"2014-09-25",85.0199966430664,85.129997253418,84.3300018310547,84.3300018310547,8212300,60.2121620178223
"2014-09-26",84.5400009155273,84.7399978637695,83.8600006103516,84.5800018310547,5478000,60.3906555175781
"2014-09-29",84.1100006103516,84.4700012207031,83.6600036621094,84.4400024414062,6360000,60.2906875610352
"2014-09-30",84.3399963378906,84.3600006103516,83.6800003051758,83.7399978637695,8074700,59.7908973693848
"2014-10-01",84.0199966430664,84.0400009155273,83.0299987792969,83.1399993896484,9024700,59.3624534606934
"2014-10-02",83.0999984741211,83.9700012207031,82.9499969482422,83.0500030517578,8858400,59.2981986999512
"2014-10-03",83.4400024414062,83.9499969482422,82.879997253418,83.7900009155273,6701500,59.8265686035156
"2014-10-06",83.5699996948242,83.9400024414062,83.1900024414062,83.5699996948242,5656500,59.6695327758789
"2014-10-07",83.379997253418,83.9199981689453,83.120002746582,83.1600036621094,7378200,59.3767585754395
"2014-10-08",83.3399963378906,84.2799987792969,83.2099990844727,84.1800003051758,8107100,60.1050338745117
"2014-10-09",84.2099990844727,84.879997253418,83.5299987792969,83.6600036621094,7765700,59.7337760925293
"2014-10-10",83.9499969482422,85.2799987792969,83.9100036621094,84.6900024414062,13732400,60.4691925048828
"2014-10-13",84.3099975585938,84.4700012207031,83.3099975585938,83.370002746582,10066100,59.526725769043
"2014-10-14",83.9100036621094,83.9100036621094,83.0299987792969,83.5500030517578,8210300,59.6552467346191
"2014-10-15",82.5899963378906,83.5800018310547,81.7600021362305,82.9499969482422,13283200,59.2268142700195
"2014-10-16",81.6500015258789,82.8000030517578,81.5699996948242,82.2399978637695,11310200,58.7198638916016
"2014-10-17",82.9499969482422,83.4800033569336,82.0299987792969,83.2699966430664,11786600,59.4553108215332
"2014-10-20",83.25,84.3300018310547,82.8300018310547,84.1800003051758,8558100,60.1050338745117
"2014-10-21",84.4700012207031,84.6399993896484,83.6600036621094,84.6100006103516,12389600,60.4120826721191
"2014-10-22",84.0599975585938,84.5899963378906,83.9199981689453,84.2300033569336,9747600,60.6020164489746
"2014-10-23",84.2600021362305,84.3300018310547,82.3000030517578,83.2300033569336,14292100,59.8825378417969
"2014-10-24",85.0999984741211,85.9700012207031,84.9100036621094,85.1600036621094,13465600,61.2711448669434
"2014-10-27",84.9599990844727,86.4800033569336,84.8300018310547,85.9499969482422,10316600,61.839527130127
"2014-10-28",86.1999969482422,86.6500015258789,86.1699981689453,86.4700012207031,9437700,62.2136573791504
"2014-10-29",86.6699981689453,86.6699981689453,85.9100036621094,86.5400009155273,6880600,62.2640380859375
"2014-10-30",86.1600036621094,87,85.6699981689453,86.9400024414062,5560300,62.5518341064453
"2014-10-31",87.0800018310547,87.3600006103516,86.7099990844727,87.2699966430664,9359800,62.7892265319824
"2014-11-03",86.6600036621094,87.3899993896484,86.1999969482422,87.379997253418,7789500,62.8683967590332
"2014-11-04",87.4899978637695,88.870002746582,87.4400024414062,88.6399993896484,10594800,63.7749404907227
"2014-11-05",88.7399978637695,89.4899978637695,88.3600006103516,89,8462000,64.0339431762695
"2014-11-06",89.0800018310547,89.1999969482422,88.5699996948242,88.9000015258789,6628900,63.9620170593262
"2014-11-07",88.7399978637695,89.1999969482422,88.25,89.129997253418,5975700,64.1274719238281
"2014-11-10",88.9199981689453,89.5,88.2600021362305,89.4499969482422,5927100,64.3576889038086
"2014-11-11",89.379997253418,89.7900009155273,89.1699981689453,89.6699981689453,6343900,64.515998840332
"2014-11-12",89.5999984741211,89.879997253418,89.4199981689453,89.4800033569336,6298700,64.3793182373047
"2014-11-13",88.9400024414062,89.8399963378906,88.4599990844727,88.5999984741211,10191600,63.7461357116699
"2014-11-14",88.6999969482422,88.8899993896484,87.9300003051758,88.1100006103516,7559400,63.3936004638672
"2014-11-17",88,88.1800003051758,87.370002746582,87.8399963378906,9475800,63.199348449707
"2014-11-18",88.0199966430664,88.1800003051758,87.4899978637695,87.9499969482422,6419400,63.2784767150879
"2014-11-19",88.2399978637695,88.870002746582,87.9300003051758,88.7300033569336,6570400,63.8397102355957
"2014-11-20",88.3300018310547,88.8000030517578,88.3300018310547,88.4700012207031,5527600,63.6526260375977
"2014-11-21",89.2600021362305,89.4300003051758,88.4599990844727,88.5999984741211,8984100,63.7461357116699
"2014-11-24",88.879997253418,88.8899993896484,87.8600006103516,88.1100006103516,5569200,63.3936004638672
"2014-11-25",88.3600006103516,88.8199996948242,88.0800018310547,88.8000030517578,6439700,63.8900527954102
"2014-11-26",88.8300018310547,88.879997253418,88.4499969482422,88.879997253418,4420000,63.9475975036621
"2014-11-28",89.0899963378906,90.5599975585938,88.9700012207031,90.4300003051758,7661800,65.0628051757812
"2014-12-01",90.1699981689453,90.6699981689453,89.5199966430664,90.0800018310547,6745100,64.8109893798828
"2014-12-02",90.4400024414062,91.1699981689453,90.120002746582,91.0699996948242,7432900,65.5232543945312
"2014-12-03",90.8399963378906,90.9700012207031,89.6399993896484,90,6465600,64.75341796875
"2014-12-04",90.5,90.9400024414062,90.0999984741211,90.5800018310547,6406700,65.1707077026367
"2014-12-05",90.3199996948242,90.4199981689453,89.2099990844727,90.379997253418,6383400,65.0268402099609
"2014-12-08",90.3399963378906,91,90.3199996948242,90.7600021362305,4721900,65.3002395629883
"2014-12-09",90.4700012207031,90.7799987792969,89.870002746582,90.7099990844727,5704000,65.264274597168
"2014-12-10",90.9499969482422,91.0999984741211,89.9599990844727,90,6293300,64.75341796875
"2014-12-11",90,91.2799987792969,89.9800033569336,90.4100036621094,6468700,65.0484085083008
"2014-12-12",90.0100021362305,90.9700012207031,89.5299987792969,89.5500030517578,6574600,64.4296646118164
"2014-12-15",89.6999969482422,90.5999984741211,89.0299987792969,89.1999969482422,6511900,64.1778564453125
"2014-12-16",89.1399993896484,90.9599990844727,88.379997253418,89.3600006103516,8773800,64.29296875
"2014-12-17",89.5599975585938,91.1600036621094,89.4000015258789,90.6999969482422,7412700,65.2570419311523
"2014-12-18",91.0100021362305,92,90.5500030517578,92,8724500,66.1924133300781
"2014-12-19",92.1500015258789,92.7300033569336,91.7600021362305,92.0500030517578,14037800,66.2283401489258
"2014-12-22",92.0999984741211,92.7300033569336,92,92.5999984741211,7157100,66.6240844726562
"2014-12-23",92.7399978637695,93.4800033569336,92.6999969482422,93.2900009155273,5610600,67.1205444335938
"2014-12-24",93.5,93.8899993896484,93.1399993896484,93.1399993896484,2403000,67.0125961303711
"2014-12-26",93.1500015258789,93.8099975585938,93.0599975585938,93.4599990844727,3148700,67.2428207397461
"2014-12-29",93.120002746582,93.4300003051758,92.5,92.6399993896484,4657700,66.6528625488281
"2014-12-30",92.25,92.8199996948242,92.0999984741211,92.4000015258789,4730000,66.4801712036133
"2014-12-31",92.0400009155273,92.5500030517578,91.0299987792969,91.0899963378906,5712100,65.5376434326172
"2015-01-02",90.8399963378906,91,89.9199981689453,90.4400024414062,7251400,65.0700149536133
"2015-01-05",90.2300033569336,91,89.8499984741211,90.0100021362305,8626100,64.760627746582
"2015-01-06",90.3099975585938,90.5599975585938,89.2600021362305,89.5999984741211,7791200,64.4656372070312
"2015-01-07",89.9400024414062,90.370002746582,89.5599975585938,90.0699996948242,5986600,64.8037796020508
"2015-01-08",90.4800033569336,91.2300033569336,90.129997253418,91.0999984741211,6823300,65.5448608398438
"2015-01-09",91.1800003051758,91.1800003051758,90.120002746582,90.25,4872800,64.9332885742188
"2015-01-12",90.4800033569336,90.620002746582,89.5100021362305,89.9199981689453,5250900,64.6958389282227
"2015-01-13",90.7799987792969,91.5,89.7699966430664,90.3000030517578,6727100,64.9692611694336
"2015-01-14",89.7300033569336,90.1600036621094,89.4300003051758,89.9899978637695,6418200,64.7462463378906
"2015-01-15",90.4899978637695,90.5,89.3399963378906,89.8600006103516,6768200,64.6526794433594
"2015-01-16",89.9499969482422,91.3399963378906,89.870002746582,91.25,8815700,65.6528091430664
"2015-01-20",91.25,91.7900009155273,90.5,91.1900024414062,9869900,65.6096267700195
"2015-01-21",90.4000015258789,91.1900024414062,89.629997253418,90.7300033569336,6974500,65.7429656982422
"2015-01-22",91.0400009155273,91.6900024414062,89.870002746582,91.620002746582,7211200,66.3878555297852
"2015-01-23",91.1699981689453,91.1900024414062,89.9499969482422,90.0800018310547,6745700,65.2719573974609
"2015-01-26",89.9499969482422,89.9499969482422,88.7399978637695,89.5800018310547,9371700,64.9096450805664
"2015-01-27",87.0999984741211,87.2099990844727,86.0199966430664,86.4899978637695,14417400,62.6706352233887
"2015-01-28",86.629997253418,86.9100036621094,85.0100021362305,85.1500015258789,14033400,61.6996879577637
"2015-01-29",85.7799987792969,86.1100006103516,85.1500015258789,85.6699981689453,12054500,62.0764694213867
"2015-01-30",85.0899963378906,85.2200012207031,84.25,84.2900009155273,14685300,61.0765228271484
"2015-02-02",84.5800018310547,85.1399993896484,83.6800003051758,85.120002746582,10278700,61.6779327392578
"2015-02-03",85.9499969482422,86,85.120002746582,85.9499969482422,10747900,62.279354095459
"2015-02-04",85.8899993896484,86.4800033569336,85.5500030517578,85.7900009155273,9212800,62.1634101867676
"2015-02-05",86.2399978637695,86.7799987792969,86.0999984741211,86.6999969482422,6531300,62.8227958679199
"2015-02-06",86.5599975585938,86.6100006103516,85.1500015258789,85.6100006103516,8429800,62.0330047607422
"2015-02-09",85.3099975585938,85.4300003051758,84.5899963378906,85.0500030517578,8811500,61.6272239685059
"2015-02-10",85.3300018310547,85.5699996948242,84.8199996948242,85.3899993896484,7059300,61.8735885620117
"2015-02-11",85.9499969482422,86.1999969482422,85.1500015258789,85.6399993896484,7184600,62.0547409057617
"2015-02-12",86.0599975585938,86.1500015258789,85.4100036621094,86.0299987792969,6074600,62.3373260498047
"2015-02-13",86.0299987792969,86.1500015258789,85.5,85.9000015258789,6272000,62.2431106567383
"2015-02-17",86.0599975585938,86.0599975585938,85,85.4899978637695,10310400,61.946044921875
"2015-02-18",85.7600021362305,86.3899993896484,85.5199966430664,86.2600021362305,8132300,62.5039710998535
"2015-02-19",86.1100006103516,86.3000030517578,85.0500030517578,85.2099990844727,7271600,61.7431488037109
"2015-02-20",84.9499969482422,85.0500030517578,84.1900024414062,84.870002746582,9581300,61.4967727661133
"2015-02-23",84.9599990844727,85.5,84.6500015258789,85.3899993896484,7919200,61.8735885620117
"2015-02-24",85.5100021362305,85.7399978637695,85.0100021362305,85.5,6502200,61.9532890319824
"2015-02-25",85.6999969482422,85.8000030517578,85.2399978637695,85.4599990844727,5975800,61.9242744445801
"2015-02-26",85.4199981689453,85.7600021362305,84.8899993896484,85.1699981689453,7964500,61.7141494750977
"2015-02-27",85.0199966430664,85.379997253418,84.5699996948242,85.129997253418,7685000,61.6851615905762
"2015-03-02",85.129997253418,85.4100036621094,84.8399963378906,85.4100036621094,7235200,61.888053894043
"2015-03-03",85.3499984741211,85.4400024414062,84.5400009155273,85.1600036621094,6095600,61.7069320678711
"2015-03-04",85.0400009155273,85.2399978637695,84.2099990844727,84.3499984741211,7370000,61.1199836730957
"2015-03-05",84.620002746582,84.7600021362305,84.0899963378906,84.629997253418,5914200,61.3228645324707
"2015-03-06",84.3399963378906,84.370002746582,82.370002746582,82.6600036621094,11338700,59.8954238891602
"2015-03-09",82.7900009155273,83.2099990844727,82.6800003051758,83.0899963378906,7326700,60.2069969177246
"2015-03-10",82.4700012207031,82.879997253418,81.5400009155273,81.5400009155273,9681400,59.0838775634766
"2015-03-11",81.5299987792969,81.7799987792969,80.8099975585938,81.3899993896484,10066600,58.9752006530762
"2015-03-12",81.5899963378906,82.120002746582,81.5100021362305,82.0899963378906,6951100,59.4823989868164
"2015-03-13",81.9800033569336,82.2799987792969,81.1500015258789,81.8300018310547,7492500,59.2940216064453
"2015-03-16",82.0800018310547,83.9499969482422,81.9899978637695,83.5599975585938,15618300,60.5475578308105
"2015-03-17",83.3600006103516,83.370002746582,82.4300003051758,82.8499984741211,7509300,60.0331039428711
"2015-03-18",82.8600006103516,84.0500030517578,82.0199966430664,83.75,12607900,60.685245513916
"2015-03-19",83.4599990844727,83.75,83.120002746582,83.379997253418,9257500,60.4171104431152
"2015-03-20",83.9899978637695,84.7900009155273,83.7699966430664,84.7399978637695,22580300,61.4025726318359
"2015-03-23",84.370002746582,85.0500030517578,84.3600006103516,84.8600006103516,9891100,61.4895439147949
"2015-03-24",84.8899993896484,85.1100006103516,83.870002746582,83.9199981689453,7478800,60.8083992004395
"2015-03-25",84.370002746582,84.370002746582,82.8600006103516,83.0100021362305,8482200,60.1490287780762
"2015-03-26",82.5800018310547,82.6100006103516,81.9499969482422,82.1500015258789,7311600,59.52587890625
"2015-03-27",82.0800018310547,82.5400009155273,81.9899978637695,82.3099975585938,6440600,59.6418151855469
"2015-03-30",82.629997253418,82.9499969482422,82.1500015258789,82.7200012207031,6416800,59.9388999938965
"2015-03-31",82.7600021362305,82.9300003051758,81.9400024414062,81.9400024414062,8649700,59.3737144470215
"2015-04-01",82.4400024414062,82.4499969482422,81.4499969482422,82.3199996948242,7395300,59.6490364074707
"2015-04-02",82.1699981689453,82.5899963378906,81.9199981689453,82.4300003051758,6169800,59.7287635803223
"2015-04-06",81.9199981689453,83.2300033569336,81.5100021362305,83.0400009155273,6856300,60.1707572937012
"2015-04-07",82.9300003051758,83.2900009155273,82.3300018310547,82.3899993896484,6329900,59.6997756958008
"2015-04-08",82.3000030517578,83.1800003051758,82.2699966430664,82.7699966430664,6523400,59.9750938415527
"2015-04-09",82.629997253418,82.9499969482422,82.0100021362305,82.8899993896484,6185000,60.0620727539062
"2015-04-10",82.8000030517578,83.629997253418,82.7200012207031,83.3499984741211,7001700,60.395393371582
"2015-04-13",83,83.9499969482422,82.9400024414062,83.4300003051758,8290500,60.4533500671387
"2015-04-14",83.3899993896484,83.879997253418,83.0500030517578,83.5999984741211,6792600,60.5765342712402
"2015-04-15",83.8499984741211,84.1999969482422,83.4800033569336,83.5100021362305,7006400,60.5113220214844
"2015-04-16",83.5599975585938,84.0699996948242,83.3499984741211,83.5,7615900,60.5040855407715
"2015-04-17",83,83.2200012207031,82.0299987792969,82.5299987792969,9533800,59.8012237548828
"2015-04-20",83.0899963378906,83.9800033569336,82.8000030517578,82.870002746582,7416000,60.0475997924805
"2015-04-21",83.3899993896484,83.8000030517578,82.9000015258789,83.0800018310547,7696400,60.199764251709
"2015-04-22",83.2200012207031,83.3399963378906,82.5999984741211,83.0899963378906,6753100,60.2069969177246
"2015-04-23",81.4199981689453,82.0999984741211,80.9000015258789,80.9499969482422,14569500,59.1281585693359
"2015-04-24",81.0400009155273,81.5299987792969,80.9000015258789,81,8785500,59.1646766662598
"2015-04-27",80.9100036621094,81.1999969482422,80.4700012207031,80.5999984741211,9192300,58.8725166320801
"2015-04-28",80.7300033569336,80.8199996948242,80.1900024414062,80.4199981689453,8395500,58.7410163879395
"2015-04-29",80,80.3099975585938,79.7200012207031,79.8499984741211,11858500,58.3246841430664
"2015-04-30",79.9499969482422,80.1500015258789,79.0699996948242,79.5100021362305,9409300,58.0763244628906
"2015-05-01",79.7600021362305,80.3199996948242,79.629997253418,80.2900009155273,8193000,58.6460723876953
"2015-05-04",80.4800033569336,80.9700012207031,80.3000030517578,80.3499984741211,7203800,58.6898918151855
"2015-05-05",80.5,80.6500015258789,79.7799987792969,80.0699996948242,6589400,58.4853668212891
"2015-05-06",80.3399963378906,80.5800018310547,79.5199966430664,80.4000015258789,7335700,58.7264022827148
"2015-05-07",80.370002746582,80.5500030517578,80,80.1999969482422,7224300,58.5803337097168
"2015-05-08",80.8899993896484,81.2099990844727,80.8199996948242,80.9599990844727,6929400,59.1354446411133
"2015-05-11",80.9499969482422,80.9899978637695,80.2600021362305,80.2699966430664,5237800,58.6314659118652
"2015-05-12",80.0299987792969,80.2900009155273,79.3600006103516,79.9499969482422,6305800,58.3977279663086
"2015-05-13",80.1600036621094,80.5899963378906,79.5500030517578,79.6999969482422,6459900,58.2151222229004
"2015-05-14",80.1100006103516,80.6900024414062,80.0899963378906,80.5699996948242,5634200,58.8505859375
"2015-05-15",80.8300018310547,81.120002746582,80.7300033569336,81.0500030517578,7454800,59.2012023925781
"2015-05-18",80.9700012207031,81.129997253418,80.5,80.7399978637695,5590800,58.9747505187988
"2015-05-19",80.75,80.9499969482422,80.3300018310547,80.8300018310547,5729500,59.0405006408691
"2015-05-20",80.9300003051758,81,80.4499969482422,80.4800033569336,5487000,58.7848625183105
"2015-05-21",80.1699981689453,80.5800018310547,79.8399963378906,80.4100036621094,6054700,58.7337379455566
"2015-05-22",80.2399978637695,80.4000015258789,79.9199981689453,79.9499969482422,6003600,58.3977279663086
"2015-05-26",79.9700012207031,80.0699996948242,78.9400024414062,79.1399993896484,6698300,57.8060684204102
"2015-05-27",79.2200012207031,79.9400024414062,79.0899963378906,79.3899993896484,8094600,57.9886856079102
"2015-05-28",79.4300003051758,79.4499969482422,79.0199966430664,79.3300018310547,5803400,57.9448547363281
"2015-05-29",79.1800003051758,79.2399978637695,78.1900024414062,78.3899993896484,12551700,57.2582473754883
"2015-06-01",78.6500015258789,79.0699996948242,78.2699966430664,78.8499984741211,7588000,57.5942611694336
"2015-06-02",78.4599990844727,78.7200012207031,78.1699981689453,78.5400009155273,7380800,57.3678207397461
"2015-06-03",78.9100036621094,78.9300003051758,78.2699966430664,78.5599975585938,5985800,57.3824310302734
"2015-06-04",78.4100036621094,78.8399963378906,78.0599975585938,78.1500015258789,7714600,57.0829544067383
"2015-06-05",78.0400009155273,78.120002746582,77.370002746582,77.4300003051758,9439700,56.5570449829102
"2015-06-08",77.4800033569336,77.9800033569336,77.0999984741211,77.7099990844727,10916200,56.7615623474121
"2015-06-09",77.9700012207031,79.3300018310547,77.8199996948242,78.9000015258789,11528900,57.6307716369629
"2015-06-10",79.2300033569336,79.7900009155273,79.0100021362305,79.5400009155273,9483500,58.0982513427734
"2015-06-11",79.9300003051758,79.9300003051758,79.2399978637695,79.4100036621094,7633300,58.0032691955566
"2015-06-12",79.1699981689453,79.3199996948242,78.5699996948242,78.870002746582,6508600,57.6088790893555
"2015-06-15",78.3300018310547,78.4599990844727,77.9300003051758,78.120002746582,7527900,57.0610427856445
"2015-06-16",79.5999984741211,79.5999984741211,78.5400009155273,79.0999984741211,8285700,57.7768630981445
"2015-06-17",79.1999969482422,80.1900024414062,79.1600036621094,80.0800018310547,9305800,58.4926719665527
"2015-06-18",80.3300018310547,81.2200012207031,80.3000030517578,80.8199996948242,10712500,59.0331840515137
"2015-06-19",80.7099990844727,81.1999969482422,80.4800033569336,80.5400009155273,15598800,58.828670501709
"2015-06-22",80.9199981689453,81.1800003051758,80.3300018310547,80.4499969482422,6907900,58.7629547119141
"2015-06-23",80.3300018310547,80.4499969482422,79.620002746582,79.7900009155273,7190600,58.2808685302734
"2015-06-24",79.8000030517578,79.8499984741211,79.5,79.5100021362305,8843700,58.0763244628906
"2015-06-25",79.7099990844727,79.9000015258789,79.3899993896484,79.3899993896484,5855700,57.9886856079102
"2015-06-26",79.5400009155273,79.7399978637695,79.2799987792969,79.3399963378906,7703200,57.9521560668945
"2015-06-29",78.9499969482422,79.370002746582,78.2600021362305,78.3199996948242,7966200,57.2071189880371
"2015-06-30",78.9199981689453,79.0100021362305,78.129997253418,78.2399978637695,8451400,57.1486854553223
"2015-07-01",78.3899993896484,79.7699966430664,78.120002746582,79.7200012207031,8868000,58.2297439575195
"2015-07-02",80.0100021362305,80.3499984741211,79.7699966430664,79.9300003051758,6602500,58.383129119873
"2015-07-06",79.6100006103516,80.2200012207031,79.5,80.0500030517578,6601200,58.470760345459
"2015-07-07",80.0599975585938,81.8300018310547,80.0599975585938,81.7200012207031,11690400,59.6905822753906
"2015-07-08",81.2099990844727,81.6900024414062,80.8899993896484,80.9899978637695,6724700,59.1573600769043
"2015-07-09",81.75,82,80.5199966430664,80.6600036621094,10419800,58.9163665771484
"2015-07-10",81.2300033569336,81.3600006103516,80.7600021362305,80.9499969482422,6892500,59.1281585693359
"2015-07-13",81.5199966430664,82.0400009155273,81.3399963378906,81.9100036621094,7332900,59.8293800354004
"2015-07-14",82.0400009155273,82.4599990844727,81.9800033569336,82.0400009155273,6119500,59.9242973327637
"2015-07-15",81.9100036621094,82.3199996948242,81.8399963378906,82.1500015258789,6673700,60.0046730041504
"2015-07-16",82.4499969482422,82.5500030517578,82.0999984741211,82.3000030517578,6623400,60.1142311096191
"2015-07-17",81.8899993896484,82.379997253418,81.5999984741211,82.2399978637695,5827300,60.0704002380371
"2015-07-20",82.0899963378906,82.3499984741211,82,82.1900024414062,5012900,60.0339012145996
"2015-07-21",82.0100021362305,82.129997253418,81.370002746582,81.629997253418,7512400,59.6248359680176
"2015-07-22",81.0299987792969,81.3000030517578,80.6699981689453,80.8300018310547,6106400,59.5239601135254
"2015-07-23",80.8300018310547,80.8899993896484,80.1399993896484,80.6999969482422,5380900,59.4282302856445
"2015-07-24",80.5100021362305,80.7300033569336,80.2300033569336,80.2900009155273,5660800,59.1262969970703
"2015-07-27",79.8300018310547,80.0699996948242,79.4300003051758,79.9700012207031,8613600,58.8906402587891
"2015-07-28",80.1399993896484,80.6600036621094,79.9100036621094,80.2300033569336,8649900,59.0821151733398
"2015-07-29",80.2600021362305,80.9899978637695,80.1600036621094,80.620002746582,8921500,59.369312286377
"2015-07-30",79.4000015258789,79.4800033569336,77.1500015258789,77.3899993896484,22067800,56.9906997680664
"2015-07-31",77.629997253418,77.7399978637695,76.6600036621094,76.6999969482422,11877200,56.4825897216797
"2015-08-03",76.5100021362305,77.0899963378906,76.0100021362305,76.4000015258789,9511300,56.2616691589355
"2015-08-04",76.0299987792969,76.3399963378906,75.75,75.9100036621094,13369100,55.9008331298828
"2015-08-05",76.0500030517578,76.5400009155273,75.75,75.7699966430664,10895400,55.7977256774902
"2015-08-06",76.0100021362305,76.0100021362305,75.25,75.7399978637695,9353300,55.7756500244141
"2015-08-07",75.5899963378906,75.7200012207031,75.3399963378906,75.4800033569336,10045400,55.5841598510742
"2015-08-10",75.9499969482422,76.5,75.8000030517578,76.379997253418,9165900,56.2469520568848
"2015-08-11",76.0400009155273,76.4499969482422,75.8099975585938,76.2200012207031,7491900,56.1291160583496
"2015-08-12",75.8899993896484,76.4300003051758,75.3399963378906,76.3899993896484,10397700,56.2542877197266
"2015-08-13",76.4899978637695,76.5100021362305,75.629997253418,75.7799987792969,5948000,55.8050956726074
"2015-08-14",75.7399978637695,75.8099975585938,75.379997253418,75.620002746582,5586900,55.6872749328613
"2015-08-17",75.8099975585938,75.8099975585938,74.75,75.5299987792969,8683900,55.6209869384766
"2015-08-18",75.5800018310547,75.8000030517578,75,75.129997253418,7445900,55.3264274597168
"2015-08-19",74.9300003051758,74.9300003051758,74.0199966430664,74.120002746582,9865300,54.5826606750488
"2015-08-20",73.75,74.7200012207031,73.4599990844727,73.9100036621094,10696500,54.4279975891113
"2015-08-21",73.5500030517578,73.9000015258789,71.8300018310547,71.8399963378906,15763900,52.903636932373
"2015-08-24",68.5699996948242,71.0699996948242,65.0199966430664,69.1399993896484,23696300,50.9153289794922
"2015-08-25",72.1800003051758,72.2300033569336,68.3000030517578,68.4199981689453,21476900,50.3851318359375
"2015-08-26",69.9000015258789,71,68.9499969482422,70.9000015258789,17464700,52.2114067077637
"2015-08-27",71.4000015258789,71.75,70.0199966430664,71.4800033569336,13434000,52.6385345458984
"2015-08-28",71.1699981689453,71.2699966430664,70.5899963378906,71.2099990844727,10020000,52.439697265625
"2015-08-31",71,71,70.3000030517578,70.6699981689453,9520900,52.0420455932617
"2015-09-01",69.370002746582,69.879997253418,68.5199966430664,68.9000015258789,15437700,50.738597869873
"2015-09-02",69.6500015258789,69.8499984741211,69.2200012207031,69.8099975585938,8903700,51.4087181091309
"2015-09-03",70.1800003051758,70.4599990844727,69.6999969482422,69.9300003051758,8468300,51.4970970153809
"2015-09-04",69.2799987792969,69.2799987792969,68.5,68.7600021362305,11497500,50.635498046875
"2015-09-08",70.3099975585938,70.4400024414062,69.5599975585938,69.9800033569336,9182300,51.5339088439941
"2015-09-09",70.4400024414062,70.5400009155273,68.370002746582,68.4800033569336,11070600,50.4292984008789
"2015-09-10",68.120002746582,68.9499969482422,67.75,68.3199996948242,12591100,50.3114929199219
"2015-09-11",68.0599975585938,68.5100021362305,67.7300033569336,68.4199981689453,11291400,50.3851318359375
"2015-09-14",68.2300033569336,68.3000030517578,67.3300018310547,68.0599975585938,9712800,50.1199989318848
"2015-09-15",68.0199966430664,69.7399978637695,67.9000015258789,69.4499969482422,11043700,51.143627166748
"2015-09-16",70.120002746582,70.3600006103516,69.6999969482422,70.0999984741211,8704200,51.6222801208496
"2015-09-17",70,71.2699966430664,69.8600006103516,70.2399978637695,11029600,51.7253723144531
"2015-09-18",69.4400024414062,70.7799987792969,69.370002746582,69.9400024414062,18210200,51.5044555664062
"2015-09-21",70.1500015258789,70.879997253418,70.0100021362305,70.6500015258789,7742800,52.0273094177246
"2015-09-22",70.0599975585938,70.6500015258789,69.9800033569336,70.1900024414062,10207800,51.6885604858398
"2015-09-23",70.1800003051758,70.4899978637695,69.9599990844727,70.2600021362305,6294200,51.7401123046875
"2015-09-24",69.8199996948242,71.5800018310547,69.7399978637695,71.3600006103516,13423500,52.550178527832
"2015-09-25",72.3899993896484,73.379997253418,71.9499969482422,72.6699981689453,15080700,53.5148544311523
"2015-09-28",72.3099975585938,72.6699981689453,71.75,71.7699966430664,9207300,52.8520660400391
"2015-09-29",71.7699966430664,72.4100036621094,71.3499984741211,72.2799987792969,9033300,53.2276458740234
"2015-09-30",72.8600006103516,73.0599975585938,71.5500030517578,71.9400024414062,11041900,52.9772796630859
"2015-10-01",71.7600021362305,72.1800003051758,71.4000015258789,71.9499969482422,8547600,52.9846458435059
"2015-10-02",71.3600006103516,72.4199981689453,71.2900009155273,72.4199981689453,9085600,53.3307456970215
"2015-10-05",72.9700012207031,73.4300003051758,72.5,73.2200012207031,9187700,53.9198913574219
"2015-10-06",73.3399963378906,73.7799987792969,72.5899963378906,73.4000015258789,8851500,54.052433013916
"2015-10-07",73.7200012207031,73.870002746582,73.3199996948242,73.7200012207031,8013200,54.2880706787109
"2015-10-08",73.6800003051758,74.4400024414062,73.4899978637695,74.4000015258789,6856600,54.7888374328613
"2015-10-09",74.5899963378906,74.9100036621094,74.3199996948242,74.4800033569336,6880100,54.8477554321289
"2015-10-12",74.6900024414062,74.7600021362305,73.9100036621094,74.3300018310547,6255900,54.7373008728027
"2015-10-13",74.2399978637695,74.2799987792969,73.6600036621094,74.1100006103516,8390200,54.5753059387207
"2015-10-14",74.2099990844727,74.6100006103516,73.9000015258789,74.2099990844727,8479200,54.6489143371582
"2015-10-15",74.6399993896484,74.8399963378906,74.0299987792969,74.2699966430664,8607400,54.6931037902832
"2015-10-16",74.7200012207031,75.0400009155273,74.3399963378906,74.9000015258789,9578900,55.157054901123
"2015-10-19",74.6500015258789,75.1900024414062,74.5299987792969,75.1600036621094,7292200,55.3485260009766
"2015-10-20",74.870002746582,75.0500030517578,74.1600036621094,74.4300003051758,8531900,54.8109397888184
"2015-10-21",73.75,74.5400009155273,73.5,73.5899963378906,8302100,54.6794166564941
"2015-10-22",73.8600006103516,75.6100006103516,73.6100006103516,74.8499984741211,14080900,55.6156272888184
"2015-10-23",76.7600021362305,78.4499969482422,76.3099975585938,77.0299987792969,16451200,57.2354431152344
"2015-10-26",77,77.9000015258789,77,77.4899978637695,11464700,57.5772438049316
"2015-10-27",77.120002746582,77.3600006103516,76.8099975585938,77.2900009155273,9423400,57.4286270141602
"2015-10-28",77.3899993896484,77.5400009155273,75.6900024414062,76.5100021362305,10178400,56.8490562438965
"2015-10-29",76.75,77.1900024414062,76.2399978637695,77.0199966430664,8230700,57.2279930114746
"2015-10-30",76.9800033569336,77.1399993896484,76.379997253418,76.379997253418,9547700,56.7524642944336
"2015-11-02",76.5699996948242,76.7699966430664,76.0500030517578,76.5999984741211,7152900,56.9159278869629
"2015-11-03",76.3000030517578,77.4199981689453,75.9599990844727,77.0500030517578,8013200,57.2502899169922
"2015-11-04",77.0299987792969,77.1399993896484,76.5100021362305,77.0599975585938,6375400,57.257740020752
"2015-11-05",77.0899963378906,77.2600021362305,75.9599990844727,76.3899993896484,6860900,56.7598915100098
"2015-11-06",75.879997253418,76,74.6900024414062,75.5699996948242,9483500,56.1506195068359
"2015-11-09",75.1900024414062,75.629997253418,74.9300003051758,75.4000015258789,8607200,56.0243072509766
"2015-11-10",75.379997253418,76.2399978637695,75.2300033569336,75.7699966430664,6551000,56.2992172241211
"2015-11-11",76.0199966430664,76.4300003051758,75.9199981689453,75.9599990844727,5295900,56.4403953552246
"2015-11-12",75.6699981689453,76.0100021362305,74.6600036621094,74.6600036621094,7678600,55.4744644165039
"2015-11-13",74.6399993896484,74.9800033569336,73.9499969482422,73.9599990844727,8468800,54.9543495178223
"2015-11-16",74.25,75.3300018310547,74.0100021362305,75.3000030517578,7410600,55.950008392334
"2015-11-17",75.3300018310547,76.0100021362305,74.870002746582,75.0699996948242,8761800,55.7791023254395
"2015-11-18",74.9800033569336,75.9599990844727,74.8099975585938,75.9000015258789,6447100,56.3958206176758
"2015-11-19",76.1399993896484,76.9599990844727,76.0199966430664,76.2200012207031,7899500,56.6335868835449
"2015-11-20",76.5500030517578,76.8600006103516,75.6800003051758,75.8199996948242,9533200,56.3363609313965
"2015-11-23",75.8199996948242,76.0599975585938,75.4000015258789,75.9700012207031,9421300,56.4478378295898
"2015-11-24",75.620002746582,76.6900024414062,75.6100006103516,76.4499969482422,7086800,56.8044776916504
"2015-11-25",76.5299987792969,76.7399978637695,75.879997253418,75.9000015258789,4266500,56.3958206176758
"2015-11-27",75.8899993896484,76.370002746582,75.5,75.6999969482422,2390100,56.2471885681152
"2015-11-30",75.5800018310547,75.8099975585938,74.8399963378906,74.8399963378906,8935700,55.6082000732422
"2015-12-01",74.870002746582,76.2200012207031,74.870002746582,75.9400024414062,8391700,56.4255218505859
"2015-12-02",75.7300033569336,76.4599990844727,75.6500015258789,75.7900009155273,8104200,56.3140830993652
"2015-12-03",75.8300018310547,76.1999969482422,75.1699981689453,75.7399978637695,11177800,56.2769546508789
"2015-12-04",75.9800033569336,77.9000015258789,75.9199981689453,77.8300018310547,11961000,57.8298530578613
"2015-12-07",77.5400009155273,78.5,77.5400009155273,78.370002746582,9460000,58.2311019897461
"2015-12-08",77.6800003051758,78.5,77.3499984741211,77.75,8312700,57.7704048156738
"2015-12-09",77.5999984741211,78.9899978637695,77.4400024414062,77.6999969482422,10081900,57.7332534790039
"2015-12-10",77.9100036621094,78.5400009155273,77.5699996948242,77.7900009155273,8984200,57.800163269043
"2015-12-11",77.5100021362305,78.3300018310547,77.1100006103516,77.7799987792969,12280500,57.7926940917969
"2015-12-14",77.629997253418,78.5299987792969,77.4400024414062,78.2900009155273,12179000,58.1716499328613
"2015-12-15",78.7099990844727,80,78.4800033569336,79.6800003051758,14113400,59.204460144043
"2015-12-16",79.9800033569336,81.2300033569336,79.8000030517578,80.9899978637695,14102600,60.1778297424316
"2015-12-17",80.9800033569336,81.0299987792969,80.1999969482422,80.2900009155273,9864200,59.6577072143555
"2015-12-18",79.9499969482422,80.120002746582,78.129997253418,78.129997253418,21342100,58.0527763366699
"2015-12-21",78.629997253418,78.9800033569336,78.1500015258789,78.9499969482422,9105800,58.6620674133301
"2015-12-22",79.1600036621094,79.75,78.879997253418,79.5999984741211,9872200,59.14501953125
"2015-12-23",79.9499969482422,80.4300003051758,79.5,79.9199981689453,8254600,59.3827896118164
"2015-12-24",79.6600036621094,80.1500015258789,79.5999984741211,79.7900009155273,2498000,59.286205291748
"2015-12-28",79.7399978637695,79.9700012207031,79.4700012207031,79.9199981689453,4150000,59.3827896118164
"2015-12-29",80.2200012207031,80.6100006103516,79.8499984741211,80.3600006103516,4406100,59.7097244262695
"2015-12-30",80.4599990844727,80.5,80,80.0699996948242,3793200,59.4942359924316
"2015-12-31",79.9100036621094,80.0400009155273,79.3099975585938,79.4100036621094,5077700,59.0038414001465
"2016-01-04",78.3600006103516,78.5,77.5400009155273,78.370002746582,11529800,58.2311019897461
"2016-01-05",78.4400024414062,78.9599990844727,78.2099990844727,78.620002746582,8133700,58.4168586730957
"2016-01-06",77.6699981689453,78.2900009155273,77.120002746582,77.8600006103516,9551000,57.852165222168
"2016-01-07",76.8499984741211,77.5999984741211,76.0699996948242,77.1800003051758,11973900,57.3468894958496
"2016-01-08",77.3600006103516,77.4800033569336,75.6699981689453,75.9700012207031,9676400,56.4478378295898
"2016-01-11",76.1699981689453,77.0400009155273,75.5999984741211,76.6699981689453,10209200,56.9679183959961
"2016-01-12",77,77.0199966430664,75.75,76.5100021362305,8774700,56.8490562438965
"2016-01-13",76.9700012207031,76.9899978637695,75.7900009155273,75.8499984741211,9310100,56.358642578125
"2016-01-14",76.0999984741211,76.9499969482422,75.879997253418,76.1500015258789,12835100,56.5815811157227
"2016-01-15",74.5,75.6800003051758,74.4700012207031,74.9800033569336,17023900,55.7122230529785
"2016-01-19",75.8000030517578,76.9100036621094,75.7200012207031,76.7300033569336,13457300,57.0125198364258
"2016-01-20",75.2900009155273,76.0899963378906,74.4599990844727,75.8300018310547,17795000,56.8348846435547
"2016-01-21",76.0199966430664,77.1800003051758,75.4100036621094,76.7200012207031,12712900,57.501953125
"2016-01-22",77.4000015258789,77.9700012207031,76.5500030517578,77.3600006103516,9465800,57.9816207885742
"2016-01-25",77.1999969482422,77.3600006103516,76.5599975585938,76.8499984741211,9870400,57.5993843078613
"2016-01-26",78,79.5800018310547,77.5400009155273,78.8099975585938,16374800,59.0684204101562
"2016-01-27",78.5299987792969,79.8499984741211,78.1500015258789,78.8000030517578,10816100,59.0609283447266
"2016-01-28",79.4000015258789,80,78.6100006103516,79.8199996948242,9895100,59.8254165649414
"2016-01-29",79.9800033569336,82,79.8300018310547,81.6900024414062,19895000,61.2269821166992
"2016-02-01",81.2099990844727,81.4000015258789,80.5299987792969,81.120002746582,9657200,60.7997589111328
"2016-02-02",80.0899963378906,80.5400009155273,79.8099975585938,80.2200012207031,9116400,60.1252250671387
"2016-02-03",80.4800033569336,81.2399978637695,80.0199966430664,81.0999984741211,10149600,60.784797668457
"2016-02-04",80.8499984741211,81.0999984741211,80.3300018310547,80.6999969482422,8295100,60.484977722168
"2016-02-05",80.5800018310547,81.1999969482422,80.5699996948242,81.1999969482422,9957600,60.8597221374512
"2016-02-08",80.2900009155273,82.7200012207031,80.2900009155273,82.620002746582,16530200,61.9240455627441
"2016-02-09",81.8300018310547,83,81.0199966430664,82.6399993896484,14308900,61.9390144348145
"2016-02-10",82.9100036621094,83,81.4599990844727,81.620002746582,10585400,61.1745452880859
"2016-02-11",80.3899993896484,80.9899978637695,79.629997253418,79.9000015258789,12343900,59.8853950500488
"2016-02-12",80.3600006103516,81.0199966430664,79.7900009155273,80.9899978637695,9306100,60.7023429870605
"2016-02-16",81.9899978637695,81.9899978637695,80.8399963378906,81.4700012207031,9352600,61.0621109008789
"2016-02-17",81.6500015258789,82.8300018310547,81.5100021362305,82.4499969482422,10892900,61.7966232299805
"2016-02-18",82.2300033569336,82.3199996948242,81.2099990844727,81.9800033569336,7702600,61.4443359375
"2016-02-19",81.9599990844727,82.2600021362305,81.4000015258789,81.7900009155273,7709600,61.3019256591797
"2016-02-22",81.7900009155273,82.6699981689453,81.7099990844727,82.129997253418,6916500,61.556770324707
"2016-02-23",82,82.4599990844727,81.6100006103516,81.8099975585938,5840600,61.3169479370117
"2016-02-24",81.2600021362305,81.6399993896484,80.6600036621094,81.5599975585938,6759800,61.1295433044434
"2016-02-25",81.6999969482422,82.3399963378906,81.4700012207031,82.3399963378906,6789700,61.7141647338867
"2016-02-26",82.5199966430664,82.6500015258789,80.9499969482422,81.0999984741211,9281100,60.784797668457
"2016-02-29",81.0999984741211,81.3499984741211,80.2099990844727,80.2900009155273,11065300,60.1776809692383
"2016-03-01",80.5400009155273,81.3600006103516,80.5299987792969,81.2300033569336,9483900,60.8822250366211
"2016-03-02",81.5800018310547,82.6600036621094,80.8499984741211,82.5500030517578,12096600,61.8715667724609
"2016-03-03",82.5400009155273,82.9300003051758,82.1800003051758,82.8399963378906,8747100,62.0889320373535
"2016-03-04",82.620002746582,83.7399978637695,82.2600021362305,83.4899978637695,9406700,62.5760955810547
"2016-03-07",83.1800003051758,83.6999969482422,83,83.0999984741211,6792400,62.2837905883789
"2016-03-08",82.9700012207031,83.75,82.6699981689453,83.0599975585938,7788400,62.2538146972656
"2016-03-09",83.3000030517578,83.6900024414062,82.6800003051758,82.9599990844727,8954800,62.1788597106934
"2016-03-10",83.129997253418,83.2300033569336,81.75,82.2799987792969,10385600,61.669189453125
"2016-03-11",82.75,82.8000030517578,81.4400024414062,81.75,11109500,61.2719688415527
"2016-03-14",81.5699996948242,81.8499984741211,80.6800003051758,81.1699981689453,12389300,60.8372573852539
"2016-03-15",81,81.4599990844727,80.7600021362305,81.3099975585938,9297800,60.942195892334
"2016-03-16",81.3099975585938,81.8000030517578,80.4800033569336,81.3399963378906,9490300,60.9646682739258
"2016-03-17",81.2900009155273,83.2300033569336,81.2799987792969,82.75,12061500,62.0214576721191
"2016-03-18",82.8600006103516,83.5,82.4400024414062,83.1500015258789,33635200,62.3212738037109
"2016-03-21",83.120002746582,83.870002746582,82.9100036621094,83.3199996948242,8625600,62.4486885070801
"2016-03-22",83.2799987792969,83.3199996948242,82.4899978637695,82.7399978637695,7205900,62.013988494873
"2016-03-23",82.7200012207031,83.4899978637695,82.5800018310547,82.8199996948242,5594600,62.0739326477051
"2016-03-24",82.4599990844727,83.120002746582,82.4300003051758,82.8899993896484,6645700,62.1263999938965
"2016-03-28",82.9899978637695,83.4499969482422,82.5199966430664,82.620002746582,4988500,61.9240455627441
"2016-03-29",82.6600036621094,83.0899963378906,82.1600036621094,82.8000030517578,6731400,62.0589370727539
"2016-03-30",83.0899963378906,83.3600006103516,82.6500015258789,82.6800003051758,6925400,61.9690017700195
"2016-03-31",82.75,83,82.1500015258789,82.3099975585938,6819200,61.691650390625
"2016-04-01",82,83.620002746582,81.9300003051758,83.5299987792969,8028600,62.6060752868652
"2016-04-04",83.6500015258789,83.6500015258789,83.0299987792969,83.2099990844727,5593400,62.3662452697754
"2016-04-05",83.1600036621094,83.5599975585938,82.9899978637695,83.1600036621094,5259100,62.3287734985352
"2016-04-06",83.1399993896484,83.8399963378906,83.0800018310547,83.8099975585938,6292100,62.8159446716309
"2016-04-07",83.2399978637695,83.6800003051758,82.870002746582,83.2399978637695,6655900,62.3887138366699
"2016-04-08",83.4400024414062,83.4499969482422,82.7699966430664,83.1999969482422,5453000,62.3587379455566
"2016-04-11",83.0299987792969,83.3399963378906,82.6600036621094,82.7300033569336,7081500,62.0064506530762
"2016-04-12",82.7099990844727,83.2099990844727,82.4499969482422,82.8300018310547,7081600,62.0814399719238
"2016-04-13",83.0500030517578,83.4300003051758,81.8399963378906,82.4599990844727,11738600,61.8041038513184
"2016-04-14",81.9499969482422,82.370002746582,81.5400009155273,82.0100021362305,6904400,61.9703559875488
"2016-04-15",82.0500030517578,82.4300003051758,81.8499984741211,82.3000030517578,7299300,62.1894798278809
"2016-04-18",82.3000030517578,82.9899978637695,82.0199966430664,82.8300018310547,5628000,62.5899925231934
"2016-04-19",82.9100036621094,83.6999969482422,82.8499984741211,83.2799987792969,6606100,62.9300117492676
"2016-04-20",83.2900009155273,83.3399963378906,81.4800033569336,81.5500030517578,9124200,61.6227569580078
"2016-04-21",81.0400009155273,81.3099975585938,80.5500030517578,80.8000030517578,8802100,61.0560188293457
"2016-04-22",80.4000015258789,80.9499969482422,79.9100036621094,80.9499969482422,8027700,61.1693572998047
"2016-04-25",80.9199981689453,81.4800033569336,80.4199981689453,81.4100036621094,7672800,61.516975402832
"2016-04-26",81.5,81.5,79.2099990844727,79.5500030517578,13742300,60.1114654541016
"2016-04-27",79.4700012207031,80.1500015258789,79.0999984741211,79.8899993896484,7689700,60.3684005737305
"2016-04-28",79.4800033569336,80.2699966430664,79.3899993896484,79.7600021362305,7615900,60.2701644897461
"2016-04-29",79.6699981689453,80.1500015258789,79.370002746582,80.120002746582,9391000,60.5421867370605
"2016-05-02",80.0199966430664,81.3000030517578,80.0199966430664,80.9700012207031,7862600,61.184497833252
"2016-05-03",80.8000030517578,81.6999969482422,80.6900024414062,81.0999984741211,7617500,61.2827262878418
"2016-05-04",80.870002746582,81.7699966430664,80.870002746582,81.5999984741211,7365900,61.6605491638184
"2016-05-05",81.5999984741211,82.0899963378906,80.9199981689453,81.3000030517578,6399500,61.4338493347168
"2016-05-06",81.4199981689453,82.25,81.1699981689453,82.129997253418,6297200,62.0610275268555
"2016-05-09",82.2099990844727,82.7300033569336,81.9700012207031,82.120002746582,6718800,62.0534591674805
"2016-05-10",82.1500015258789,82.6800003051758,82.120002746582,82.4800033569336,6222400,62.3254928588867
"2016-05-11",82.5,82.8899993896484,82.129997253418,82.1500015258789,5975000,62.0761260986328
"2016-05-12",82.4800033569336,82.7399978637695,82.1100006103516,82.4100036621094,4925000,62.2726020812988
"2016-05-13",82.4199981689453,82.4199981689453,81,81.2300033569336,6579000,61.3809547424316
"2016-05-16",81.0100021362305,81.8899993896484,80.75,81.629997253418,6497200,61.6832084655762
"2016-05-17",81.6399993896484,82.0599975585938,80.3300018310547,80.620002746582,10188200,60.9199867248535
"2016-05-18",80.5899963378906,80.7699966430664,79.4100036621094,79.8499984741211,8344100,60.3381614685059
"2016-05-19",79.6399993896484,80.2200012207031,79.4499969482422,80.1900024414062,6242500,60.5950698852539
"2016-05-20",80.4400024414062,80.5,79.7900009155273,80.0199966430664,6526800,60.466609954834
"2016-05-23",80.0500030517578,80.3300018310547,79.8499984741211,80.1999969482422,5620600,60.6026077270508
"2016-05-24",80.3000030517578,81.379997253418,80.3000030517578,80.9700012207031,6293300,61.184497833252
"2016-05-25",81.0800018310547,81.7699966430664,81.0100021362305,81.4800033569336,6049800,61.5698623657227
"2016-05-26",81.4800033569336,81.5999984741211,81.0899963378906,81.2200012207031,4622300,61.3733825683594
"2016-05-27",81.2699966430664,81.6600036621094,81.1600036621094,81.4300003051758,4322200,61.5320663452148
"2016-05-31",81.5800018310547,81.8199996948242,80.7399978637695,81.0400009155273,6705000,61.2373886108398
"2016-06-01",80.9499969482422,81.8000030517578,80.8600006103516,81.7900009155273,6184100,61.8040962219238
"2016-06-02",81.5299987792969,81.9499969482422,81.3300018310547,81.9499969482422,5186300,61.9250221252441
"2016-06-03",81.9300003051758,82.4899978637695,81.7799987792969,82.4700012207031,6306700,62.3179702758789
"2016-06-06",82.4000015258789,82.8300018310547,82.2300033569336,82.7699966430664,5292300,62.5446357727051
"2016-06-07",82.7600021362305,82.8899993896484,82.25,82.3199996948242,6327500,62.2046012878418
"2016-06-08",82.370002746582,82.75,82.0199966430664,82.6500015258789,4712600,62.4539794921875
"2016-06-09",82.5800018310547,83.2600021362305,82.4300003051758,83.1699981689453,6144900,62.8468818664551
"2016-06-10",82.7699966430664,83.3399963378906,82.6100006103516,83.1999969482422,6840800,62.8695678710938
"2016-06-13",82.9599990844727,83.4000015258789,82.5299987792969,82.5699996948242,6167400,62.3935165405273
"2016-06-14",82.5500030517578,83.370002746582,82.2699966430664,83.3499984741211,6868600,62.9829177856445
"2016-06-15",83.4000015258789,83.5,82.8199996948242,82.9499969482422,7082200,62.6806602478027
"2016-06-16",82.6699981689453,83.6100006103516,82.6600036621094,83.4100036621094,6630100,63.0282516479492
"2016-06-17",83.3099975585938,83.4400024414062,82.3499984741211,83.129997253418,11741700,62.8166732788086
"2016-06-20",83.5199966430664,83.6999969482422,83.0299987792969,83.0400009155273,6164300,62.7486572265625
"2016-06-21",83.0899963378906,83.7799987792969,83.0899963378906,83.4100036621094,6594700,63.0282516479492
"2016-06-22",83.5,83.7600021362305,83.2900009155273,83.5699996948242,4940100,63.1491622924805
"2016-06-23",83.8099975585938,84.2099990844727,83.5699996948242,84.2099990844727,7361300,63.6327781677246
"2016-06-24",82.6100006103516,83.8199996948242,81.9899978637695,82.2600021362305,12401100,62.1592483520508
"2016-06-27",81.8300018310547,81.8899993896484,81,81.2300033569336,9601800,61.3809547424316
"2016-06-28",81.4400024414062,82.4899978637695,80.9499969482422,82.4599990844727,9257100,62.3103828430176
"2016-06-29",82.9599990844727,83.9100036621094,82.9100036621094,83.9100036621094,7927500,63.4060554504395
"2016-06-30",83.9100036621094,84.8000030517578,83.8199996948242,84.6699981689453,10969300,63.9803848266602
"2016-07-01",84.5199966430664,84.9899978637695,84.5100021362305,84.7799987792969,9531100,64.0634841918945
"2016-07-05",84.4800033569336,85.9499969482422,84.4499969482422,85.4400024414062,11403100,64.5622024536133
"2016-07-06",85.370002746582,85.5,84.7399978637695,85.0299987792969,8356500,64.2524032592773
"2016-07-07",85.2300033569336,85.2399978637695,84.5299987792969,84.8300018310547,7905700,64.1012649536133
"2016-07-08",84.9800033569336,85.9000015258789,84.7699966430664,85.7699966430664,6827300,64.8115615844727
"2016-07-11",85.6100006103516,85.9499969482422,84.9100036621094,85.75,6156800,64.7964553833008
"2016-07-12",85.4899978637695,85.9400024414062,85.1900024414062,85.75,6649800,64.7964553833008
"2016-07-13",85.8099975585938,86.1500015258789,85.4100036621094,85.8899993896484,7572100,64.9022598266602
"2016-07-14",86.4400024414062,86.8899993896484,85.8499984741211,85.870002746582,11342600,64.8871383666992
"2016-07-15",86.25,86.4800033569336,85.7900009155273,86.0100021362305,8491300,64.9929351806641
"2016-07-18",86.0199966430664,86.0500030517578,85.6999969482422,85.9300003051758,4781300,64.9324798583984
"2016-07-19",85.6699981689453,86.1800003051758,85.5599975585938,86.1699981689453,6078200,65.1138229370117
"2016-07-20",85.379997253418,85.7300033569336,85.129997253418,85.3199996948242,6289000,64.9767379760742
"2016-07-21",85.0199966430664,85.370002746582,84.879997253418,85.2600021362305,5407000,64.9310531616211
"2016-07-22",85.5,85.9800033569336,85.4499969482422,85.7200012207031,6165600,65.281364440918
"2016-07-25",85.5299987792969,85.8000030517578,85.1500015258789,85.8000030517578,5605300,65.3422622680664
"2016-07-26",85.6800003051758,86.0800018310547,85.1699981689453,85.2699966430664,5379300,64.9386672973633
"2016-07-27",85.2399978637695,85.3000030517578,84.3199996948242,84.4599990844727,7744700,64.3218154907227
"2016-07-28",84.4199981689453,84.9800033569336,84.4000015258789,84.8099975585938,5911600,64.5883331298828
"2016-07-29",84.8899993896484,85.7900009155273,84.8000030517578,85.5899963378906,7520900,65.182373046875
"2016-08-01",85.4400024414062,86.5800018310547,85.4199981689453,86.4100036621094,10420600,65.8068466186523
"2016-08-02",87.0199966430664,87.1500015258789,86.2399978637695,86.7600021362305,13083200,66.0733947753906
"2016-08-03",86.5100021362305,86.7200012207031,85.4599990844727,85.9700012207031,8192100,65.4717559814453
"2016-08-04",86.120002746582,86.5299987792969,85.8000030517578,86.0500030517578,5564100,65.5326919555664
"2016-08-05",86.0800018310547,86.4400024414062,85.5299987792969,85.7799987792969,6729700,65.3270874023438
"2016-08-08",85.6100006103516,85.9000015258789,85.129997253418,85.7600021362305,5388200,65.3118362426758
"2016-08-09",85.8600006103516,86.3399963378906,85.6800003051758,85.9899978637695,4158800,65.4869842529297
"2016-08-10",86.2600021362305,86.8199996948242,86,86.3099975585938,5981400,65.7306823730469
"2016-08-11",86.6999969482422,87,86.4000015258789,86.7300033569336,7387100,66.0505447387695
"2016-08-12",86.9199981689453,87.4499969482422,86.7799987792969,87.0400009155273,8063400,66.28662109375
"2016-08-15",87.5199966430664,87.5699996948242,86.9899978637695,87.0199966430664,6871200,66.2714157104492
"2016-08-16",86.9800033569336,87.4000015258789,86.4700012207031,86.5800018310547,8071100,65.9363250732422
"2016-08-17",86.4499969482422,87.1100006103516,85.9700012207031,86.9599990844727,6762100,66.225700378418
"2016-08-18",86.9400024414062,87.4599990844727,86.9400024414062,87.4400024414062,7082800,66.5912704467773
"2016-08-19",87.1999969482422,87.4100036621094,87.0500030517578,87.3099975585938,6199900,66.4922637939453
"2016-08-22",87.1399993896484,87.2099990844727,86.5800018310547,86.8499984741211,5921100,66.1419448852539
"2016-08-23",87.129997253418,87.5,87.0400009155273,87.4000015258789,5420100,66.5607833862305
"2016-08-24",87.3199996948242,87.4499969482422,86.5599975585938,87.3099975585938,5713300,66.4922637939453
"2016-08-25",87.3000030517578,87.9400024414062,87.0400009155273,87.9000015258789,10595500,66.9415740966797
"2016-08-26",87.870002746582,88.5,87.1699981689453,87.5800018310547,16408200,66.697868347168
"2016-08-29",87.3899993896484,88.4000015258789,87.3199996948242,88.3000030517578,8934500,67.2461929321289
"2016-08-30",87.7200012207031,88.3000030517578,87.4599990844727,87.5400009155273,11619400,66.6674194335938
"2016-08-31",87.75,87.8499984741211,87.0299987792969,87.3099975585938,11407800,66.4922637939453
"2016-09-01",87.3600006103516,88.3099975585938,86.9800033569336,88.3099975585938,29793300,67.2538146972656
"2016-09-02",88.4800033569336,88.870002746582,88.0400009155273,88.1999969482422,17470400,67.1700592041016
"2016-09-06",88.25,88.6399993896484,87.879997253418,88.6399993896484,14472100,67.5051498413086
"2016-09-07",88.3099975585938,88.4100036621094,87.7099990844727,87.9499969482422,17556400,66.9796371459961
"2016-09-08",87.9499969482422,88.1800003051758,87.629997253418,87.7799987792969,23465700,66.8501815795898
"2016-09-09",87.0999984741211,87.1699981689453,86.2399978637695,86.2399978637695,21955000,65.6773681640625
"2016-09-12",86.0400009155273,88.379997253418,85.9599990844727,88.25,16105700,67.208137512207
"2016-09-13",87.5500030517578,87.9100036621094,87.0100021362305,87.0500030517578,19682700,66.2942504882812
"2016-09-14",87.120002746582,87.5999984741211,86.870002746582,87.0100021362305,25397900,66.263786315918
"2016-09-15",86.75,88.2699966430664,86.75,88.0599975585938,13833600,67.0634384155273
"2016-09-16",87.620002746582,88.1100006103516,87.3000030517578,88.0500030517578,23518300,67.0558242797852
"2016-09-19",87.9199981689453,88.9499969482422,87.25,88.370002746582,19173900,67.2995071411133
"2016-09-20",88.5,88.9499969482422,88.1800003051758,88.5800018310547,33986500,67.4594573974609
"2016-09-21",88.5400009155273,88.7900009155273,86.4400024414062,87.8000030517578,55409800,66.8654251098633
"2016-09-22",87.7699966430664,89.3000030517578,87.7699966430664,88.9899978637695,52692700,67.7717056274414
"2016-09-23",88.629997253418,88.9400024414062,87.4899978637695,87.7600021362305,48281400,66.8349609375
"2016-09-26",87.4199981689453,88.4300003051758,86.6100006103516,87.8499984741211,60276600,66.9034957885742
"2016-09-27",88.0599975585938,88.8099975585938,87.6600036621094,88.3600006103516,65150800,67.2919235229492
"2016-09-28",88.9800033569336,89.7300033569336,88.4700012207031,89.4599990844727,89806000,68.1296310424805
"2016-09-29",89.1600036621094,89.2699966430664,87.5400009155273,88.2300033569336,74587500,67.1929016113281
"2016-09-30",88.3000030517578,90.2200012207031,88.2900009155273,89.75,123735700,68.3504867553711
"2016-10-03",89.3499984741211,89.4499969482422,88.4100036621094,88.6600036621094,26789500,67.5203704833984
"2016-10-04",88.2900009155273,88.6800003051758,87.9499969482422,88.3499984741211,23317600,67.2843017578125
"2016-10-05",88.4800033569336,89,88.2099990844727,88.8499984741211,64580300,67.6650619506836
"2016-10-06",88.6100006103516,89.7300033569336,88.4700012207031,89.2200012207031,61462800,67.9468383789062
"2016-10-07",89.0100021362305,90.0500030517578,88.3000030517578,90,20518800,68.5408782958984
"2016-10-10",90.1900024414062,90.3300018310547,88.7799987792969,89.0599975585938,15492400,67.8250350952148
"2016-10-11",88.8300018310547,89.120002746582,88.1999969482422,88.5400009155273,11723100,67.4289855957031
"2016-10-12",88.7399978637695,89.0100021362305,88.3300018310547,88.5699996948242,17118000,67.4518432617188
"2016-10-13",88.0500030517578,88.5699996948242,87.5999984741211,88.2399978637695,11158100,67.2005157470703
"2016-10-14",88.5,88.9599990844727,88.2200012207031,88.4300003051758,7369000,67.3452301025391
"2016-10-17",88.4300003051758,88.6500015258789,87.7099990844727,87.8300018310547,7610600,66.8882675170898
"2016-10-18",88.2099990844727,88.2699966430664,87.4400024414062,87.4499969482422,10749500,66.5988616943359
"2016-10-19",86.6500015258789,86.8199996948242,85.4400024414062,85.5400009155273,12788800,65.6472396850586
"2016-10-20",85.379997253418,85.5199966430664,84.7900009155273,84.9300003051758,10175100,65.1791152954102
"2016-10-21",84.4100036621094,84.8600006103516,84.2399978637695,84.3300018310547,13974100,64.7186508178711
"2016-10-24",84.3899993896484,84.6999969482422,84.0599975585938,84.0999984741211,10573200,64.542106628418
"2016-10-25",87.4899978637695,88.0800018310547,86.9700012207031,86.9700012207031,20761200,66.7446975708008
"2016-10-26",86.9100036621094,87.7399978637695,86.7799987792969,87.4000015258789,8464100,67.0746688842773
"2016-10-27",87.5100021362305,87.5999984741211,86.4499969482422,86.5800018310547,6598300,66.4453964233398
"2016-10-28",86.870002746582,87.2300033569336,86.4499969482422,86.8399963378906,7021100,66.6449127197266
"2016-10-31",87.0100021362305,87.4700012207031,86.6900024414062,86.8000030517578,8207100,66.6142196655273
"2016-11-01",86.5800018310547,86.9899978637695,86.4800033569336,86.8499984741211,8564500,66.6526031494141
"2016-11-02",86.7699966430664,87.4100036621094,86.5599975585938,86.7399978637695,7773200,66.5681686401367
"2016-11-03",86.8000030517578,86.9800033569336,86.4700012207031,86.5999984741211,6899900,66.4607467651367
"2016-11-04",86.6900024414062,86.7300033569336,85.0699996948242,85.0800018310547,9378100,65.2942199707031
"2016-11-07",86.0199966430664,86.5699996948242,85.5999984741211,86.5599975585938,8878500,66.430046081543
"2016-11-08",86.7699966430664,87.6900024414062,86.5899963378906,87.4599990844727,7674600,67.120735168457
"2016-11-09",85.2600021362305,86.5400009155273,84.3099975585938,85.9300003051758,11972500,65.9465484619141
"2016-11-10",85.5100021362305,85.6999969482422,82.1800003051758,82.9599990844727,22095000,63.667236328125
"2016-11-11",82.6699981689453,84.0599975585938,82.6500015258789,83.5800018310547,8905700,64.1430435180664
"2016-11-14",83.5599975585938,83.7799987792969,82.7600021362305,83,12862500,63.6979331970215
"2016-11-15",84.5800018310547,84.5800018310547,82.879997253418,83.620002746582,9464000,64.1737365722656
"2016-11-16",83.9800033569336,84.1999969482422,83.1699981689453,83.1900024414062,8542900,63.8437385559082
"2016-11-17",83.2699966430664,83.5,82.9300003051758,83.0699996948242,9083700,63.7516708374023
"2016-11-18",82.9199981689453,83.0999984741211,81.9899978637695,82,14565500,62.9304962158203
"2016-11-21",82,82.75,81.7099990844727,82.6399993896484,11482100,63.4216575622559
"2016-11-22",83.0100021362305,83.1800003051758,82.6600036621094,82.7600021362305,7426500,63.5137786865234
"2016-11-23",82.5899963378906,82.9300003051758,82.5199966430664,82.6800003051758,7693300,63.4523468017578
"2016-11-25",82.9899978637695,83.4599990844727,82.9499969482422,83.4599990844727,3882900,64.0509490966797
"2016-11-28",83.129997253418,83.3600006103516,82.7600021362305,83.0699996948242,6990100,63.7516708374023
"2016-11-29",83.4199981689453,83.4800033569336,82.6900024414062,82.8899993896484,6183100,63.6135139465332
"2016-11-30",82.5199966430664,82.8300018310547,82.2600021362305,82.4599990844727,12115500,63.283504486084
"2016-12-01",82.2099990844727,82.3199996948242,81.1800003051758,81.8600006103516,12516900,62.8230476379395
"2016-12-02",82.3499984741211,82.6800003051758,82.0699996948242,82.4000015258789,9079400,63.2374877929688
"2016-12-05",82.5599975585938,83.0800018310547,82.4800033569336,82.9899978637695,8597500,63.6902618408203
"2016-12-06",83.2399978637695,83.25,82.6100006103516,82.9100036621094,7327200,63.6288871765137
"2016-12-07",82.7399978637695,84.2799987792969,82.7099990844727,84.1800003051758,8567700,64.6035232543945
"2016-12-08",83.7900009155273,84.1800003051758,83.5,83.5,7522800,64.0816650390625
"2016-12-09",83.5199966430664,84.4000015258789,83.4700012207031,84.370002746582,8004500,64.7493209838867
"2016-12-12",84.2099990844727,85.1800003051758,84.2099990844727,85.129997253418,7494100,65.3325881958008
"2016-12-13",84.6699981689453,85.3600006103516,84.5299987792969,85.1800003051758,11795900,65.370964050293
"2016-12-14",85.2900009155273,85.7399978637695,84.1699981689453,84.370002746582,12292200,64.7493209838867
"2016-12-15",84.1500015258789,84.8000030517578,83.6100006103516,84.6800003051758,8768100,64.9872589111328
"2016-12-16",84.9000015258789,85.120002746582,84.1500015258789,84.6800003051758,21172400,64.9872589111328
"2016-12-19",84.75,84.9800033569336,84.3199996948242,84.7099990844727,6431200,65.0102844238281
"2016-12-20",84.5699996948242,84.7099990844727,84.1900024414062,84.5699996948242,7485400,64.9028091430664
"2016-12-21",84.1900024414062,84.7300033569336,84.120002746582,84.2799987792969,6099300,64.6802825927734
"2016-12-22",84,84.6100006103516,83.870002746582,84.4700012207031,7864800,64.8260955810547
"2016-12-23",84.6800003051758,85.1800003051758,84.5500030517578,84.9599990844727,5284200,65.2021179199219
"2016-12-27",84.9000015258789,84.9400024414062,84.4199981689453,84.5999984741211,3782600,64.9258499145508
"2016-12-28",84.4000015258789,84.629997253418,83.9499969482422,84.0699996948242,4298800,64.5191116333008
"2016-12-29",84.2399978637695,84.4899978637695,84.0999984741211,84.3499984741211,3718300,64.7339782714844
"2016-12-30",84.1699981689453,84.4499969482422,83.9199981689453,84.0800018310547,6209800,64.5267944335938
"2017-01-03",83.879997253418,84.3899993896484,83.5,84.1999969482422,8792700,64.6188659667969
"2017-01-04",84.4499969482422,84.5999984741211,84.2399978637695,84.5,8096700,64.8491058349609
"2017-01-05",84.4100036621094,85.4300003051758,84.379997253418,85.0599975585938,6852400,65.2788696289062
"2017-01-06",84.9400024414062,85.25,84.620002746582,85.0299987792969,4799900,65.2558517456055
"2017-01-09",84.0599975585938,84.6600036621094,83.75,84.4000015258789,11000600,64.7723617553711
"2017-01-10",84.3399963378906,84.4300003051758,83.2399978637695,83.4899978637695,10918200,64.073974609375
"2017-01-11",83.3899993896484,83.75,83.2799987792969,83.75,9572300,64.2735137939453
"2017-01-12",83.7099990844727,83.879997253418,83.370002746582,83.8399963378906,6545400,64.3425903320312
"2017-01-13",83.8499984741211,84.0199966430664,83.4400024414062,84.0100021362305,6762800,64.4730682373047
"2017-01-17",83.9000015258789,85.5800018310547,83.879997253418,85.2099990844727,13145100,65.3939743041992
"2017-01-18",84.8000030517578,85.3000030517578,84.5899963378906,84.9300003051758,10520400,65.6956634521484
"2017-01-19",84.629997253418,85,84.2799987792969,84.6999969482422,14074500,65.5177612304688
"2017-01-20",86.8899993896484,87.9800033569336,86.4199981689453,87.4499969482422,22944400,67.6449508666992
"2017-01-23",87.0899963378906,87.3499984741211,86.8499984741211,86.9599990844727,9408900,67.2659225463867
"2017-01-24",87.2200012207031,87.9499969482422,87.2200012207031,87.8600006103516,8704700,67.9620895385742
"2017-01-25",87.8399963378906,87.9000015258789,87.0599975585938,87.1600036621094,8082900,67.4206390380859
"2017-01-26",87.120002746582,87.2300033569336,86.5899963378906,86.5999984741211,6542300,66.9874725341797
"2017-01-27",86.4499969482422,86.8499984741211,86.0199966430664,86.7200012207031,9332300,67.0802993774414
"2017-01-30",86.7799987792969,86.8600006103516,86.5,86.75,7350000,67.1034927368164
"2017-01-31",86.629997253418,87.6600036621094,86.5299987792969,87.5999984741211,9712400,67.7609939575195
"2017-02-01",87.0299987792969,87.5899963378906,86.75,87.3300018310547,8291000,67.5521392822266
"2017-02-02",87.6100006103516,88.3499984741211,87.25,87.7600021362305,8997200,67.8847503662109
"2017-02-03",88.120002746582,88.1699981689453,87.3899993896484,87.4100036621094,7161900,67.6140213012695
"2017-02-06",87.5,87.7900009155273,87.129997253418,87.4000015258789,7483000,67.6062698364258
"2017-02-07",87.6399993896484,88.2799987792969,87.4800033569336,88.0100021362305,6646100,68.0781555175781
"2017-02-08",88.0699996948242,88.3399963378906,87.8099975585938,88.3300018310547,6815800,68.3256607055664
"2017-02-09",88.3300018310547,88.7799987792969,88.0299987792969,88.6699981689453,9914100,68.5886611938477
"2017-02-10",88.5599975585938,88.7300033569336,87.9700012207031,87.9700012207031,11057600,68.0471954345703
"2017-02-13",88.0400009155273,88.3600006103516,87.6399993896484,88.3099975585938,6905100,68.3101501464844
"2017-02-14",88,88.2200012207031,87.2300033569336,87.8600006103516,20123400,67.9620895385742
"2017-02-15",89.8099975585938,91.1500015258789,89.8099975585938,91.120002746582,25847700,70.4838104248047
"2017-02-16",90.9199981689453,91.120002746582,90.5400009155273,90.7900009155273,12408500,70.228515625
"2017-02-17",90.6100006103516,91.3600006103516,90.4499969482422,91.0899963378906,12152400,70.4605865478516
"2017-02-21",90.5800018310547,91.8000030517578,90.5800018310547,91.6699981689453,9018700,70.9092407226562
"2017-02-22",91.4499969482422,91.8000030517578,91.25,91.4400024414062,6749900,70.7313385009766
"2017-02-23",91.6100006103516,91.8000030517578,90.9100036621094,91.129997253418,7611600,70.4915084838867
"2017-02-24",90.9700012207031,91.3399963378906,90.6699981689453,91.0500030517578,6643400,70.4296798706055
"2017-02-27",90.5299987792969,90.9100036621094,90.0599975585938,90.8899993896484,11840300,70.3058700561523
"2017-02-28",90.9000015258789,91.7900009155273,90.6500015258789,91.0699996948242,10535600,70.4451065063477
"2017-03-01",91.0500030517578,91.8899993896484,90.7099990844727,91.6600036621094,8792200,70.901481628418
"2017-03-02",91.4000015258789,91.5899963378906,90.879997253418,90.9100036621094,7031200,70.3213806152344
"2017-03-03",90.9100036621094,90.9100036621094,89.8899993896484,90.5,8334900,70.0042114257812
"2017-03-06",89.8899993896484,90.5100021362305,89.5899963378906,90.370002746582,9533800,69.9036560058594
"2017-03-07",90.1399993896484,90.4899978637695,90.0599975585938,90.2900009155273,5363000,69.8417892456055
"2017-03-08",90.0199966430664,90.3499984741211,89.7600021362305,90.1399993896484,5503700,69.7257385253906
"2017-03-09",90.1399993896484,90.4899978637695,90.0999984741211,90.3399963378906,5587400,69.8804550170898
"2017-03-10",90.8000030517578,91.1600036621094,90.6500015258789,91.0699996948242,6797800,70.4451065063477
"2017-03-13",91.0599975585938,91.4899978637695,90.8499984741211,91.3099975585938,7397500,70.6307601928711
"2017-03-14",91.2600021362305,91.5899963378906,90.8199996948242,91,6686400,70.3909683227539
"2017-03-15",91,91.7799987792969,90.7300033569336,91.4000015258789,7855300,70.7003936767578
"2017-03-16",91.4400024414062,91.7200012207031,91.0999984741211,91.4400024414062,6601200,70.7313385009766
"2017-03-17",91.4499969482422,92,90.9199981689453,91,37010100,70.3909683227539
"2017-03-20",90.9599990844727,91.4100036621094,90.9400024414062,91.2200012207031,7772900,70.5611724853516
"2017-03-21",91.3000030517578,91.75,91.0299987792969,91.1900024414062,8211000,70.537956237793
"2017-03-22",91.3099975585938,91.8000030517578,90.75,90.9899978637695,7798000,70.3832473754883
"2017-03-23",90.9100036621094,91.4599990844727,90.5999984741211,90.7699966430664,6831400,70.2130508422852
"2017-03-24",90.7699966430664,90.9199981689453,90.2099990844727,90.5699996948242,9252000,70.0583343505859
"2017-03-27",90.4499969482422,90.7200012207031,90.1800003051758,90.4899978637695,10072000,69.9964447021484
"2017-03-28",90.1699981689453,91.0599975585938,90.129997253418,90.7600021362305,11855800,70.2053298950195
"2017-03-29",90.5599975585938,90.870002746582,90.3899993896484,90.5999984741211,4252800,70.0815658569336
"2017-03-30",90.5,90.5699996948242,90.0999984741211,90.1999969482422,3691900,69.7721405029297
"2017-03-31",90.0299987792969,90.3399963378906,89.8399963378906,89.8499984741211,6942400,69.5014114379883
"2017-04-03",89.8600006103516,90.0599975585938,89.4499969482422,89.6800003051758,6967400,69.3699035644531
"2017-04-04",89.75,89.9599990844727,89.4199981689453,89.9100036621094,5680800,69.5478286743164
"2017-04-05",90,90.5,89.7600021362305,89.9700012207031,6320100,69.59423828125
"2017-04-06",89.7699966430664,89.8099975585938,89.3099975585938,89.4000015258789,7231500,69.1533432006836
"2017-04-07",89.4599990844727,89.6100006103516,89.1800003051758,89.2300033569336,4739100,69.0218276977539
"2017-04-10",89.129997253418,89.6800003051758,88.75,89.4899978637695,5956000,69.2229232788086
"2017-04-11",89.6600036621094,89.8199996948242,89.2900009155273,89.8000030517578,5186000,69.4627685546875
"2017-04-12",89.6999969482422,90.4199981689453,89.5599975585938,90.3099975585938,6286300,69.8572616577148
"2017-04-13",90.0500030517578,90.5400009155273,89.7900009155273,90.0299987792969,5040100,69.6406631469727
"2017-04-17",90.2300033569336,90.5899963378906,90.129997253418,90.3899993896484,6931700,69.9191207885742
"2017-04-18",90.4000015258789,91.129997253418,90.3399963378906,90.8000030517578,7087800,70.2362747192383
"2017-04-19",90.0999984741211,90.4499969482422,89.5,89.5999984741211,6919000,69.8387603759766
"2017-04-20",89.6999969482422,89.6999969482422,89.3099975585938,89.3300018310547,6983500,69.628288269043
"2017-04-21",89.1699981689453,89.2799987792969,88.6100006103516,88.620002746582,9061200,69.0748901367188
"2017-04-24",89.120002746582,89.6600036621094,89.0100021362305,89.5500030517578,8338500,69.7997817993164
"2017-04-25",89.5800018310547,90.25,89.4700012207031,90,9088400,70.1505279541016
"2017-04-26",89.8499984741211,90,87.6100006103516,87.7399978637695,11951300,68.3889694213867
"2017-04-27",87.5800018310547,88.2399978637695,87.2300033569336,87.6900024414062,8517500,68.3500137329102
"2017-04-28",87.5199966430664,87.5899963378906,87.1500015258789,87.3300018310547,8295400,68.0694122314453
"2017-05-01",87.379997253418,87.5999984741211,87.0800018310547,87.0899963378906,4546600,67.8823471069336
"2017-05-02",87.2900009155273,87.2900009155273,86.0199966430664,86.2200012207031,13197500,67.204216003418
"2017-05-03",86.3000030517578,86.629997253418,85.9000015258789,86.4300003051758,6122000,67.3679046630859
"2017-05-04",86.8499984741211,87.2399978637695,86.3000030517578,86.4499969482422,5986200,67.3834762573242
"2017-05-05",86.5400009155273,86.6100006103516,86.129997253418,86.5,4506200,67.4224548339844
"2017-05-08",86.3300018310547,86.620002746582,86.2399978637695,86.5500030517578,4634600,67.4614334106445
"2017-05-09",86.8000030517578,86.8199996948242,86.2200012207031,86.4000015258789,9577600,67.3445129394531
"2017-05-10",86.4800033569336,86.7900009155273,86.3899993896484,86.4899978637695,6178500,67.4146575927734
"2017-05-11",86.6100006103516,86.629997253418,85.879997253418,86.1699981689453,6064700,67.1652526855469
"2017-05-12",86.2399978637695,86.3199996948242,85.9199981689453,86.1900024414062,5892400,67.1808166503906
"2017-05-15",86.6500015258789,86.7099990844727,86.25,86.3300018310547,5820700,67.2899475097656
"2017-05-16",86.879997253418,87,86.1900024414062,86.2399978637695,6554500,67.2198104858398
"2017-05-17",86.2399978637695,86.629997253418,85.9300003051758,86.2600021362305,7805800,67.2353897094727
"2017-05-18",86.1800003051758,86.2200012207031,85.5199966430664,85.870002746582,6985600,66.931396484375
"2017-05-19",86,86.379997253418,85.6699981689453,86.2399978637695,7320700,67.2198104858398
"2017-05-22",86.25,86.4000015258789,86.0299987792969,86.2099990844727,4260000,67.196403503418
"2017-05-23",86.2799987792969,86.5400009155273,85.9800033569336,86.0800018310547,4394200,67.095085144043
"2017-05-24",86.4499969482422,86.6500015258789,86.2099990844727,86.5,4878800,67.4224548339844
"2017-05-25",86.5800018310547,86.9800033569336,86.5500030517578,86.8600006103516,4368000,67.7030639648438
"2017-05-26",86.9300003051758,87.379997253418,86.8199996948242,87.25,4337000,68.0070266723633
"2017-05-30",87.25,87.6100006103516,87.0999984741211,87.4000015258789,4594500,68.1239547729492
"2017-05-31",87.6699981689453,88.3499984741211,87.4499969482422,88.0899963378906,10146600,68.6617736816406
"2017-06-01",88.0199966430664,88.1399993896484,87.370002746582,88.129997253418,6251300,68.6929550170898
"2017-06-02",88.4000015258789,88.6800003051758,88.0100021362305,88.5899963378906,6136400,69.051513671875
"2017-06-05",88.3000030517578,88.7600021362305,88,88.7399978637695,4115300,69.1684265136719
"2017-06-06",88.7600021362305,88.9700012207031,88.4499969482422,88.8000030517578,6503000,69.2151718139648
"2017-06-07",88.6800003051758,88.8899993896484,88.4000015258789,88.7699966430664,4781600,69.1917953491211
"2017-06-08",88.7699966430664,88.8000030517578,87.3600006103516,87.8499984741211,7712100,68.4746856689453
"2017-06-09",87.8499984741211,88.2099990844727,87.5500030517578,88.1600036621094,9696900,68.7163543701172
"2017-06-12",88.1600036621094,88.6600036621094,88.0899963378906,88.2399978637695,7867700,68.7786865234375
"2017-06-13",88.3600006103516,88.4000015258789,87.7699966430664,88.0599975585938,6419300,68.6383895874023
"2017-06-14",88.4899978637695,88.75,88.0599975585938,88.4400024414062,6183900,68.9345932006836
"2017-06-15",88.2300033569336,89.620002746582,88.2300033569336,89.379997253418,7047500,69.6672592163086
"2017-06-16",89.7200012207031,89.7699966430664,88.8099975585938,89.6600036621094,13855000,69.8855209350586
"2017-06-19",89.5999984741211,89.8600006103516,89.1999969482422,89.8600006103516,5246200,70.041389465332
"2017-06-20",89.7699966430664,90.2099990844727,89.6100006103516,89.629997253418,5674200,69.8621215820312
"2017-06-21",89.620002746582,89.9499969482422,89.2900009155273,89.4000015258789,4164500,69.6828460693359
"2017-06-22",89.2699966430664,89.4100036621094,88.9000015258789,89.0299987792969,4536700,69.3944625854492
"2017-06-23",89.0299987792969,89.8000030517578,88.9000015258789,89.4199981689453,8782100,69.6984710693359
"2017-06-26",89.629997253418,89.6800003051758,89.2699966430664,89.3600006103516,4373300,69.6516876220703
"2017-06-27",89.3600006103516,89.3600006103516,88.6100006103516,88.6100006103516,5180400,69.0670852661133
"2017-06-28",89.0800018310547,89.2099990844727,88.2600021362305,88.370002746582,4875000,68.8800201416016
"2017-06-29",88.0199966430664,88.2200012207031,86.9300003051758,86.9899978637695,8123500,67.8043746948242
"2017-06-30",87.0500030517578,87.4700012207031,87,87.1500015258789,6070300,67.9291076660156
"2017-07-03",87.4000015258789,88,87.1800003051758,87.7399978637695,3607400,68.3889694213867
"2017-07-05",87.8600006103516,88,87.4899978637695,87.6699981689453,4974300,68.3344116210938
"2017-07-06",87.6500015258789,87.9499969482422,87.3600006103516,87.370002746582,6038900,68.1005630493164
"2017-07-07",87.6900024414062,87.8199996948242,87.2799987792969,87.6500015258789,5142200,68.3188095092773
"2017-07-10",87.629997253418,87.870002746582,86.8899993896484,87.0899963378906,5356400,67.8823471069336
"2017-07-11",87.2300033569336,87.4499969482422,86.3099975585938,86.7699966430664,5838600,67.6329040527344
"2017-07-12",87.2399978637695,87.4700012207031,86.8300018310547,86.9599990844727,4374200,67.7809906005859
"2017-07-13",86.7699966430664,87.0500030517578,86.5,86.6999969482422,5448900,67.5783462524414
"2017-07-14",86.9599990844727,87.2900009155273,86.7300033569336,87.0999984741211,4577700,67.8901290893555
"2017-07-17",87.0699996948242,87.9100036621094,86.7399978637695,87.5500030517578,5227800,68.2408828735352
"2017-07-18",87.6100006103516,88.7600021362305,87.4599990844727,88.6399993896484,7492300,69.0904769897461
"2017-07-19",87.870002746582,88.4100036621094,87.5999984741211,88.3499984741211,6008500,69.4047241210938
"2017-07-20",88.3199996948242,89.3099975585938,88.3099975585938,88.5999984741211,7285000,69.6010971069336
"2017-07-21",88.1600036621094,88.6800003051758,87.8099975585938,88.6100006103516,5714800,69.6089477539062
"2017-07-24",88.5500030517578,88.5999984741211,87.9700012207031,88.1800003051758,6202000,69.2711715698242
"2017-07-25",88.6699981689453,89.1999969482422,88.5400009155273,89.1399993896484,6766700,70.0253067016602
"2017-07-26",89,89.4199981689453,88.870002746582,89.3000030517578,6987000,70.151008605957
"2017-07-27",90.2900009155273,90.75,89,90.6800003051758,11089200,71.2350692749023
"2017-07-28",90.5599975585938,91,89.9599990844727,90.2099990844727,6137500,70.8658447265625
"2017-07-31",90.2099990844727,91.0699996948242,90.2099990844727,90.8199996948242,7835700,71.3450469970703
"2017-08-01",91.0299987792969,91.7300033569336,90.7200012207031,91.0999984741211,8662100,71.5649871826172
"2017-08-02",90.9700012207031,91.3000030517578,90.5299987792969,91.0400009155273,7167700,71.5178833007812
"2017-08-03",90.8600006103516,91.75,90.8199996948242,90.8600006103516,6413200,71.3764724731445
"2017-08-04",90.6900024414062,91.0800018310547,90.5299987792969,90.6699981689453,5824400,71.2272262573242
"2017-08-07",90.6699981689453,91.5599975585938,90.5199966430664,91.4400024414062,5011300,71.8320922851562
"2017-08-08",91.4000015258789,91.9400024414062,91.2300033569336,91.5800018310547,5623400,71.9420852661133
"2017-08-09",91.5199966430664,91.9400024414062,91.5199966430664,91.9199981689453,5572800,72.2091903686523
"2017-08-10",91.8600006103516,92,91.6900024414062,91.7399978637695,6338200,72.0677719116211
"2017-08-11",91.9400024414062,92.0800018310547,91.2900009155273,91.3399963378906,7094200,71.7535552978516
"2017-08-14",91.5400009155273,91.9499969482422,91.25,91.6500015258789,5398400,71.9970779418945
"2017-08-15",91.9100036621094,92.3600006103516,91.879997253418,92.1999969482422,5293400,72.4291305541992
"2017-08-16",92.2900009155273,92.9499969482422,92.1900024414062,92.4400024414062,7965500,72.6176834106445
"2017-08-17",92.4000015258789,92.6699981689453,92.0699996948242,92.0699996948242,5711400,72.3270111083984
"2017-08-18",91.9800033569336,92.7799987792969,91.8499984741211,92.4700012207031,6815000,72.6412353515625
"2017-08-21",92.379997253418,92.9599990844727,92.3600006103516,92.8600006103516,4334300,72.947624206543
"2017-08-22",92.9100036621094,92.9599990844727,92.5899963378906,92.7900009155273,4731500,72.8926162719727
"2017-08-23",92.5,92.6600036621094,92.2799987792969,92.4400024414062,3631900,72.6176834106445
"2017-08-24",92.4400024414062,92.5699996948242,92.0400009155273,92.2699966430664,5173700,72.4841232299805
"2017-08-25",92.6500015258789,92.8600006103516,92.4100036621094,92.5100021362305,4933000,72.6726531982422
"2017-08-28",92.5199966430664,92.7099990844727,91.9800033569336,92.4700012207031,5386500,72.6412353515625
"2017-08-29",92.4800033569336,92.6900024414062,92.2399978637695,92.3199996948242,3676300,72.5234069824219
"2017-08-30",92.0800018310547,92.0800018310547,91.6600036621094,91.870002746582,4709600,72.1698989868164
"2017-08-31",91.8899993896484,92.3899993896484,91.8399963378906,92.2699966430664,5864400,72.4841232299805
"2017-09-01",92.4199981689453,92.6600036621094,92.2600021362305,92.5299987792969,4960700,72.6883697509766
"2017-09-05",92.1800003051758,92.7399978637695,92.0400009155273,92.7200012207031,6532100,72.8376235961914
"2017-09-06",92.7900009155273,92.9100036621094,92.3600006103516,92.7200012207031,6747200,72.8376235961914
"2017-09-07",92.7399978637695,93.3600006103516,92.3300018310547,92.9700012207031,7735400,73.0340118408203
"2017-09-08",92.7600021362305,93.1500015258789,92.5100021362305,92.8399963378906,6070100,72.9319152832031
"2017-09-11",93.0899963378906,94.1900024414062,92.9000015258789,93.9899978637695,10177300,73.8353042602539
"2017-09-12",93.7200012207031,93.9800033569336,93.2099990844727,93.5100021362305,5804000,73.4582214355469
"2017-09-13",93.5,93.7699966430664,93.4499969482422,93.5500030517578,5369300,73.489631652832
"2017-09-14",93.2300033569336,93.6500015258789,93.1800003051758,93.5500030517578,5492300,73.489631652832
"2017-09-15",93.8199996948242,93.8199996948242,92.8199996948242,93.2699966430664,12428800,73.2696762084961
"2017-09-18",93.1699981689453,93.5,92.8600006103516,93.1500015258789,6177700,73.1754150390625
"2017-09-19",93.3399963378906,94.4499969482422,93.3399963378906,94.1699981689453,6587200,73.9767074584961
"2017-09-20",94.1699981689453,94.6699981689453,93.8300018310547,94.4000015258789,5941500,74.1573715209961
"2017-09-21",94.1500015258789,94.5,92.4499969482422,92.6399993896484,9376700,72.774772644043
"2017-09-22",92.5500030517578,93,92.0800018310547,92.2399978637695,6837700,72.4605484008789
"2017-09-25",92.4300003051758,93.0899963378906,92.3300018310547,92.7200012207031,6436200,72.8376235961914
"2017-09-26",92.8199996948242,92.8499984741211,92.1999969482422,92.6500015258789,4885200,72.7826614379883
"2017-09-27",92.5199966430664,92.5199966430664,90.3399963378906,90.870002746582,9631200,71.3843536376953
"2017-09-28",90.8600006103516,91.120002746582,90.629997253418,90.8899993896484,4999800,71.4000473022461
"2017-09-29",90.9700012207031,91.4300003051758,90.6999969482422,90.9800033569336,6634500,71.4707489013672
"2017-10-02",91.2600021362305,92.4000015258789,91.2399978637695,91.7699966430664,7302400,72.0913543701172
"2017-10-03",91.9599990844727,92.3399963378906,91.5599975585938,92.120002746582,5909900,72.3662719726562
"2017-10-04",92.120002746582,92.8000030517578,92.0199966430664,92.4199981689453,6140700,72.6019592285156
"2017-10-05",92.4899978637695,92.6500015258789,91.9400024414062,92.0299987792969,6912800,72.2956008911133
"2017-10-06",92,92.3499984741211,91.879997253418,92.3300018310547,5241900,72.5312728881836
"2017-10-09",92.4000015258789,92.620002746582,91.9300003051758,92.120002746582,5149000,72.3662719726562
"2017-10-10",92.370002746582,93.0400009155273,89.8600006103516,91.620002746582,17125600,71.9735107421875
"2017-10-11",91.0899963378906,91.7300033569336,91.0699996948242,91.4599990844727,7115400,71.8478088378906
"2017-10-12",91.4100036621094,92.3099975585938,91.3899993896484,92.1500015258789,5984900,72.3898391723633
"2017-10-13",92.6999969482422,93.5100021362305,92.5899963378906,93.0400009155273,6956700,73.0890045166016
"2017-10-16",92.9700012207031,93.370002746582,92.7099990844727,93.1399993896484,4159100,73.1675643920898
"2017-10-17",93.0400009155273,93.0899963378906,92.4000015258789,92.8000030517578,5316100,72.9004745483398
"2017-10-18",92.7799987792969,92.9499969482422,92.0100021362305,92.7699966430664,7399700,72.8768997192383
"2017-10-19",91.6999969482422,91.9899978637695,91.1399993896484,91.5899963378906,8585000,72.4890670776367
"2017-10-20",89.7200012207031,89.9599990844727,87.5899963378906,88.25,19997800,69.8456497192383
"2017-10-23",88.629997253418,88.8600006103516,86.870002746582,87.3000030517578,13358200,69.0937728881836
"2017-10-24",87.370002746582,87.4199981689453,86.7799987792969,86.9800033569336,11519000,68.8404998779297
"2017-10-25",86.9000015258789,87.1100006103516,86.2799987792969,86.8600006103516,9024300,68.7455368041992
"2017-10-26",87.1900024414062,87.7699966430664,87.0999984741211,87.5,6233800,69.2520523071289
"2017-10-27",87.5299987792969,87.5299987792969,86.4499969482422,87.0400009155273,7433800,68.8879928588867
"2017-10-30",86.9100036621094,87.0800018310547,86.1600036621094,86.2699966430664,5387100,68.2785720825195
"2017-10-31",86.4899978637695,86.5,85.7200012207031,86.3399963378906,7119000,68.3339614868164
"2017-11-01",86.3300018310547,87.1399993896484,86.1100006103516,86.8899993896484,4884100,68.7692489624023
"2017-11-02",86.7799987792969,87.0400009155273,86.2300033569336,86.5100021362305,5021200,68.4684982299805
"2017-11-03",86.7799987792969,87.1600036621094,86.4599990844727,86.5800018310547,5106500,68.5239105224609
"2017-11-06",86.5500030517578,86.6399993896484,86.0299987792969,86.0500030517578,5186700,68.1044540405273
"2017-11-07",86.0400009155273,87,85.4199981689453,86.9800033569336,6875100,68.8404998779297
"2017-11-08",86.9899978637695,87.5999984741211,86.8000030517578,87.5800018310547,6910000,69.3153762817383
"2017-11-09",87.3499984741211,88.1699981689453,87.3000030517578,87.7799987792969,5280000,69.4736633300781
"2017-11-10",87.9899978637695,88.3899993896484,87.7799987792969,88.1600036621094,7227300,69.7744293212891
"2017-11-13",88.6699981689453,89.4100036621094,88.629997253418,89,6873500,70.4392318725586
"2017-11-14",88.7399978637695,89.0500030517578,88.4700012207031,88.870002746582,5035500,70.3363418579102
"2017-11-15",88.7300033569336,88.9400024414062,88,88.2300033569336,6688100,69.8298187255859
"2017-11-16",89.8399963378906,89.9000015258789,88.7699966430664,89.25,7205100,70.6370849609375
"2017-11-17",88.9499969482422,89.0899963378906,88.0800018310547,88.4300003051758,5941800,69.9881134033203
"2017-11-20",88.4300003051758,88.5599975585938,87.7099990844727,88.2699966430664,4926200,69.8614730834961
"2017-11-21",88.1800003051758,89.2099990844727,88.0199966430664,88.7200012207031,6196400,70.2176208496094
"2017-11-22",88.5,88.9100036621094,88.0599975585938,88.3300018310547,6006900,69.9089660644531
"2017-11-24",88.5899963378906,88.9599990844727,88.4199981689453,88.4499969482422,2196700,70.0039520263672
"2017-11-27",88.3300018310547,89.0999984741211,88.1500015258789,88.9599990844727,6199700,70.4075698852539
"2017-11-28",89.4800033569336,89.5199966430664,88.9100036621094,89.4000015258789,4841300,70.7557983398438
"2017-11-29",89.4000015258789,89.8099975585938,89.0299987792969,89.379997253418,5158900,70.7399749755859
"2017-11-30",89.3499984741211,90.370002746582,89.2099990844727,89.9899978637695,9789900,71.222770690918
"2017-12-01",90.1800003051758,90.5299987792969,89.120002746582,90.3600006103516,7953200,71.5156097412109
"2017-12-04",91.7600021362305,91.9100036621094,89.8300018310547,91.4100036621094,9003700,72.3466415405273
"2017-12-05",91.5199966430664,91.8399963378906,91.0699996948242,91.4000015258789,8683000,72.3387145996094
"2017-12-06",91.3899993896484,91.7799987792969,91.0699996948242,91.25,6737400,72.2199935913086
"2017-12-07",91.0500030517578,91.0699996948242,89.8899993896484,90.0999984741211,7273600,71.3098297119141
"2017-12-08",90.0199966430664,90.370002746582,89.5800018310547,90.370002746582,5883400,71.5235214233398
"2017-12-11",90.2300033569336,90.3300018310547,89.75,90.2300033569336,4856000,71.4127578735352
"2017-12-12",90.4499969482422,90.5100021362305,89.8199996948242,89.8499984741211,6558900,71.1119689941406
"2017-12-13",90.0199966430664,91.4100036621094,89.9700012207031,90.879997253418,7141000,71.9271392822266
"2017-12-14",90.9400024414062,91.4300003051758,90.9000015258789,91,5853500,72.0221176147461
"2017-12-15",91.5699996948242,92.2699966430664,91.4800033569336,91.8899993896484,15924000,72.7265396118164
"2017-12-18",91.9800033569336,93.1399993896484,91.8099975585938,91.879997253418,7405700,72.7186126708984
"2017-12-19",92,92.129997253418,91.5800018310547,91.6800003051758,5644400,72.5603256225586
"2017-12-20",91.8000030517578,91.9700012207031,91.3499984741211,91.5299987792969,6938500,72.4415969848633
"2017-12-21",91.6600036621094,92.0800018310547,91.5299987792969,91.6699981689453,4860400,72.5524063110352
"2017-12-22",91.879997253418,92.4300003051758,91.7200012207031,92.129997253418,4919400,72.9164657592773
"2017-12-26",92.3499984741211,92.7699966430664,92.1500015258789,92.4800033569336,3431900,73.1934814453125
"2017-12-27",92.4899978637695,92.75,91.9300003051758,92.0999984741211,4276700,72.8927307128906
"2017-12-28",92.3000030517578,92.5400009155273,91.9100036621094,92.0699996948242,3005400,72.8689956665039
"2017-12-29",92.2399978637695,92.4599990844727,91.879997253418,91.879997253418,4346700,72.7186126708984
"2018-01-02",91.9199981689453,91.9300003051758,90.5500030517578,90.6500015258789,7558900,71.7451171875
"2018-01-03",90.7300033569336,91.0899963378906,90.5199966430664,90.5400009155273,5863600,71.6580810546875
"2018-01-04",90.8300018310547,91.7699966430664,90.6100006103516,91.1800003051758,6322500,72.1645889282227
"2018-01-05",91.2699966430664,91.3000030517578,90.5699996948242,91.2399978637695,5949700,72.2120895385742
"2018-01-08",90.9300003051758,91.7699966430664,90.9300003051758,91.7200012207031,4860700,72.5920104980469
"2018-01-09",91.4700012207031,91.6500015258789,91.0100021362305,91.0500030517578,6630100,72.0617218017578
"2018-01-10",90.9100036621094,90.9100036621094,90.0100021362305,90.4700012207031,6564700,71.6026611328125
"2018-01-11",90.4000015258789,90.5199966430664,89.9199981689453,90.1500015258789,5469700,71.3494033813477
"2018-01-12",90.0500030517578,90.3399963378906,89.3499984741211,89.6100006103516,8111000,70.9220123291016
"2018-01-16",90.1399993896484,90.7699966430664,89.6399993896484,90.2200012207031,9465300,71.4048156738281
"2018-01-17",90.5599975585938,91.7300033569336,90.4300003051758,91.1999969482422,8345500,72.1804580688477
"2018-01-18",90.2399978637695,90.6500015258789,89.6699981689453,90.1800003051758,7699800,71.9172592163086
"2018-01-19",90.2799987792969,91.2600021362305,90.2399978637695,91.0699996948242,9364000,72.6270065307617
"2018-01-22",90.879997253418,91.9199981689453,90.7699966430664,91.8899993896484,8658000,73.2809677124023
"2018-01-23",89.8199996948242,90.2099990844727,88.5999984741211,89.0500030517578,18756300,71.0160980224609
"2018-01-24",89.0599975585938,89.1600036621094,87.6999969482422,88.3099975585938,15141900,70.4259490966797
"2018-01-25",88.6800003051758,89.0500030517578,88.0100021362305,88.3399963378906,11264400,70.4498977661133
"2018-01-26",88.1699981689453,88.1699981689453,87.2300033569336,87.7300033569336,11503100,69.9634094238281
"2018-01-29",87.6900024414062,87.7399978637695,86.6900024414062,86.8600006103516,11685800,69.2695922851562
"2018-01-30",86.8199996948242,87.4400024414062,86.629997253418,86.9499969482422,9662900,69.3413772583008
"2018-01-31",86.8099975585938,87.4100036621094,86.0800018310547,86.3399963378906,11798100,68.8549194335938
"2018-02-01",86.1500015258789,86.5,85.5599975585938,85.8499984741211,8606300,68.4641418457031
"2018-02-02",85.5599975585938,85.6100006103516,84.2099990844727,84.25,12846300,67.1881790161133
"2018-02-05",83.9899978637695,84.370002746582,80.0999984741211,81.0599975585938,17462200,64.6441802978516
"2018-02-06",80.5299987792969,82.4499969482422,80.120002746582,82.379997253418,19955500,65.6968765258789
"2018-02-07",82.3000030517578,83.3899993896484,81.8199996948242,81.8399963378906,11851800,65.266242980957
"2018-02-08",82.0299987792969,82.2200012207031,80.1500015258789,80.2200012207031,14596100,63.9743041992188
"2018-02-09",80.9800033569336,81.0299987792969,78.5899963378906,79.9199981689453,18838800,63.7350654602051
"2018-02-12",80.6100006103516,81.6699981689453,80.5800018310547,81.3300018310547,10769000,64.8595199584961
"2018-02-13",81.1500015258789,81.8300018310547,80.9100036621094,81.5,9278700,64.9950637817383
"2018-02-14",81.0599975585938,81.2600021362305,80.2699966430664,80.6800003051758,9412000,64.3411483764648
"2018-02-15",80.9700012207031,82.4100036621094,80.5,82.4100036621094,8910700,65.7207946777344
"2018-02-16",82.2099990844727,83.25,82.129997253418,82.5999984741211,10371700,65.872314453125
"2018-02-20",82.1900024414062,82.2200012207031,81.0699996948242,81.3399963378906,7087700,64.8674926757812
"2018-02-21",81.3099975585938,81.8099975585938,80.1900024414062,80.2399978637695,9134500,63.9902496337891
"2018-02-22",80.4700012207031,81.2799987792969,80.1699981689453,80.8399963378906,10277700,64.4687194824219
"2018-02-23",81.0100021362305,81.120002746582,80.4800033569336,81.0500030517578,10321800,64.6362075805664
"2018-02-26",81.4499969482422,81.6900024414062,81.0500030517578,81.629997253418,9422200,65.0987396240234
"2018-02-27",81.8899993896484,82,80.5100021362305,80.5400009155273,8919600,64.2295150756836
"2018-02-28",80.6800003051758,80.7900009155273,78.5,78.5199966430664,16862000,62.6185569763184
"2018-03-01",78.4000015258789,79.2799987792969,77.9000015258789,78.6999969482422,13504200,62.7621307373047
"2018-03-02",78.4800033569336,79.6600036621094,78.4199981689453,79.5,9317700,63.4000930786133
"2018-03-05",79.2799987792969,80.3899993896484,79.1500015258789,80.2900009155273,8177000,64.0301284790039
"2018-03-06",80.4100036621094,80.4199981689453,79.370002746582,80.0199966430664,9085300,63.8147926330566
"2018-03-07",79.5299987792969,79.6399993896484,78.9000015258789,79.1600036621094,9089500,63.128978729248
"2018-03-08",79.1699981689453,79.9899978637695,79.0199966430664,79.9700012207031,7951700,63.7749176025391
"2018-03-09",80.1800003051758,80.75,79.9000015258789,80.2900009155273,7662200,64.0301284790039
"2018-03-12",80.2300033569336,80.620002746582,79.7600021362305,79.8600006103516,7182000,63.6872062683105
"2018-03-13",80,80.1900024414062,79.3600006103516,79.7200012207031,9620200,63.575553894043
"2018-03-14",79.6900024414062,79.8399963378906,78.8600006103516,79,8898100,63.0013618469238
"2018-03-15",79.0899963378906,79.1399993896484,78.5400009155273,78.6699981689453,6996900,62.7381935119629
"2018-03-16",78.9300003051758,79.3899993896484,78.8399963378906,78.9700012207031,17715400,62.9774513244629
"2018-03-19",78.9700012207031,79.5699996948242,78.2699966430664,78.6600036621094,8368200,62.7302398681641
"2018-03-20",78.7399978637695,79.0999984741211,77.9599990844727,78.3099975585938,8465500,62.4510955810547
"2018-03-21",78.0500030517578,78.2399978637695,76.879997253418,77.0400009155273,9822800,61.4383125305176
"2018-03-22",76.8300018310547,77.5199966430664,76.370002746582,76.4100036621094,10481600,60.9358749389648
"2018-03-23",76.7900009155273,77.1800003051758,75.8099975585938,75.9100036621094,11728300,60.5371437072754
"2018-03-26",76.5699996948242,76.870002746582,76.0199966430664,76.4100036621094,12937000,60.9358749389648
"2018-03-27",76.5299987792969,78.4400024414062,76.3000030517578,77.7900009155273,11288200,62.0364227294922
"2018-03-28",77.9499969482422,79.1399993896484,77.9499969482422,78.8399963378906,12857800,62.8737564086914
"2018-03-29",79.4300003051758,80.4899978637695,79.1800003051758,79.2799987792969,10036400,63.2246742248535
"2018-04-02",79.2600021362305,79.370002746582,77.0599975585938,77.4000015258789,12017200,61.7253837585449
"2018-04-03",77.5599975585938,78.8000030517578,77.1800003051758,78.4599990844727,11933100,62.5707511901855
"2018-04-04",77.8199996948242,79.5199966430664,77.5899963378906,79.0500030517578,9030800,63.0412673950195
"2018-04-05",79.0899963378906,79.3199996948242,78.5100021362305,78.8000030517578,7864700,62.8418807983398
"2018-04-06",78.370002746582,79.3600006103516,77.9000015258789,78.4300003051758,8300800,62.5467987060547
"2018-04-09",78.8000030517578,78.8499984741211,77.5699996948242,78.1600036621094,9031200,62.3314895629883
"2018-04-10",78.7099990844727,78.8399963378906,77.9400024414062,78.370002746582,6779000,62.4989624023438
"2018-04-11",78.1900024414062,78.6900024414062,78.0400009155273,78.2699966430664,7143500,62.4192008972168
"2018-04-12",78.6399993896484,78.6999969482422,77.7900009155273,77.7900009155273,8282300,62.0364227294922
"2018-04-13",78.0599975585938,78.4400024414062,77.7200012207031,78.370002746582,6198500,62.4989624023438
"2018-04-16",78.5599975585938,78.8600006103516,78.0400009155273,78.6100006103516,5962200,62.6903495788574
"2018-04-17",78.9300003051758,78.9400024414062,78.0999984741211,78.4300003051758,6492400,62.5467987060547
"2018-04-18",78.5800018310547,78.6800003051758,78.0199966430664,78.1999969482422,7349400,62.3633842468262
"2018-04-19",75.3899993896484,75.7200012207031,74.1999969482422,74.9499969482422,16955600,60.3246612548828
"2018-04-20",74.0400009155273,74.9199981689453,73.7399978637695,73.8000030517578,14085000,59.3990669250488
"2018-04-23",73.5899963378906,73.9800033569336,72.7600021362305,73,13653400,58.7551727294922
"2018-04-24",73.0599975585938,73.3300018310547,72.1500015258789,72.5,16551700,58.3527336120605
"2018-04-25",72.4100036621094,72.75,71.9499969482422,72.3000030517578,14208800,58.1917724609375
"2018-04-26",72.5699996948242,73.0100021362305,72.370002746582,72.75,11204300,58.5539512634277
"2018-04-27",72.5299987792969,73.0800018310547,72.2099990844727,72.8099975585938,8144800,58.6022453308105
"2018-04-30",72.9100036621094,72.9199981689453,72.1600036621094,72.3399963378906,13076500,58.2239608764648
"2018-05-01",72.0500030517578,72.3300018310547,71.6600036621094,71.9599990844727,8103800,57.9181137084961
"2018-05-02",71.9400024414062,72.0100021362305,70.7300033569336,70.9400024414062,10830900,57.0971565246582
"2018-05-03",70.8099975585938,71.7200012207031,70.7399978637695,71.3600006103516,9386500,57.4352073669434
"2018-05-04",71.379997253418,72.620002746582,71.3399963378906,72.4300003051758,8107400,58.2964057922363
"2018-05-07",72.6699981689453,73.2200012207031,71.8899993896484,71.9800033569336,6633600,57.9342079162598
"2018-05-08",72.0500030517578,72.120002746582,71.1100006103516,71.4400024414062,8084100,57.4995651245117
"2018-05-09",71.7699966430664,72.5500030517578,71.7399978637695,72.370002746582,7528400,58.2481002807617
"2018-05-10",72.9400024414062,73.3399963378906,72.6900024414062,73.1500015258789,7618500,58.8759078979492
"2018-05-11",73.629997253418,74.0999984741211,73.0500030517578,73.370002746582,7586200,59.0529747009277
"2018-05-14",73.7799987792969,73.7799987792969,73.0899963378906,73.2799987792969,8646900,58.9805221557617
"2018-05-15",73.3099975585938,73.4100036621094,72.5999984741211,72.9499969482422,11502800,58.7149200439453
"2018-05-16",72.9800033569336,73.9300003051758,72.9599990844727,73.5299987792969,8325000,59.1817665100098
"2018-05-17",73.5199966430664,74,73.4000015258789,73.9599990844727,8053600,59.5278358459473
"2018-05-18",73.9800033569336,74.0699996948242,73.1100006103516,73.4499969482422,7042700,59.1173667907715
"2018-05-21",73.75,74.25,73.4199981689453,74.0599975585938,6428400,59.6083221435547
"2018-05-22",74.4599990844727,74.9400024414062,73.8300018310547,74.0299987792969,7744200,59.5841903686523
"2018-05-23",74.0199966430664,74.3000030517578,73.7200012207031,74.1800003051758,6592500,59.7049102783203
"2018-05-24",74.0800018310547,74.3499984741211,73.5899963378906,73.7699966430664,6508900,59.3749237060547
"2018-05-25",73.9000015258789,74.620002746582,73.75,74.3099975585938,7546500,59.8095474243164
"2018-05-29",74.0599975585938,74.6999969482422,73.7699966430664,74.0500030517578,8905600,59.6002655029297
"2018-05-30",74.3300018310547,75.0199966430664,74.0500030517578,74.8899993896484,8128600,60.2763671875
"2018-05-31",74.6699981689453,74.6900024414062,72.8000030517578,73.1699981689453,15526000,58.8919944763184
"2018-06-01",73.3300018310547,73.7399978637695,72.8600006103516,73.4499969482422,7209300,59.1173667907715
"2018-06-04",73.5400009155273,74.620002746582,73.4499969482422,74.1800003051758,8743800,59.7049102783203
"2018-06-05",74.2799987792969,74.379997253418,73.5999984741211,73.9700012207031,6910100,59.5358810424805
"2018-06-06",74.0699996948242,74.4199981689453,73.7200012207031,74.3499984741211,7002900,59.8417320251465
"2018-06-07",74.1800003051758,76.3899993896484,74.0999984741211,75.7600021362305,13476100,60.9765892028809
"2018-06-08",75.8499984741211,77.2099990844727,75.7399978637695,77.1800003051758,13625300,62.1194915771484
"2018-06-11",76.9700012207031,77.6900024414062,76.879997253418,77.5299987792969,9049400,62.4011993408203
"2018-06-12",77.8199996948242,77.8899993896484,77.1100006103516,77.2399978637695,8786000,62.1677742004395
"2018-06-13",77.4000015258789,77.4000015258789,76.1999969482422,76.4700012207031,8022400,61.548038482666
"2018-06-14",76.5599975585938,76.5599975585938,75.6999969482422,75.9899978637695,8895200,61.1617164611816
"2018-06-15",76.1600036621094,77.5100021362305,75.9199981689453,77.379997253418,14943500,62.2804527282715
"2018-06-18",76.8600006103516,77.0999984741211,75.3899993896484,75.8399963378906,7384900,61.0409812927246
"2018-06-19",75.5899963378906,76.6800003051758,75.5699996948242,76.3300018310547,8514000,61.435375213623
"2018-06-20",76.3499984741211,76.3499984741211,75.5400009155273,75.8499984741211,6603500,61.0490303039551
"2018-06-21",75.5299987792969,77.0500030517578,75.5299987792969,76.4400024414062,8691200,61.5239105224609
"2018-06-22",76.7900009155273,77.629997253418,76.7699966430664,77.4300003051758,11446400,62.3207168579102
"2018-06-25",77.2799987792969,77.9400024414062,77.1800003051758,77.7900009155273,11300500,62.610481262207
"2018-06-26",77.7900009155273,78.3099975585938,77.3600006103516,78,9558500,62.7795028686523
"2018-06-27",78.1100006103516,78.7099990844727,77.5599975585938,77.6900024414062,7873300,62.5299758911133
"2018-06-28",77.8600006103516,78.3199996948242,77.6600036621094,78.0500030517578,5714400,62.8197402954102
"2018-06-29",77.9300003051758,78.5400009155273,77.2900009155273,78.0599975585938,7679900,62.8277931213379
"2018-07-02",77.5,78.3099975585938,77.4199981689453,78.129997253418,6092800,62.8841247558594
"2018-07-03",78.5400009155273,78.7600021362305,77.7799987792969,77.9000015258789,5897200,62.6990127563477
"2018-07-05",78.1399993896484,79.25,78.120002746582,79.2099990844727,7956100,63.7533988952637
"2018-07-06",79.379997253418,79.620002746582,78.9000015258789,79.3099975585938,7244000,63.8338775634766
"2018-07-09",78.4599990844727,78.8300018310547,77.7799987792969,77.8600006103516,9095900,62.666820526123
"2018-07-10",78.0699996948242,79.9400024414062,77.9899978637695,79.8199996948242,12773500,64.2443542480469
"2018-07-11",79.629997253418,79.8399963378906,79.0299987792969,79.1600036621094,7851600,63.7131385803223
"2018-07-12",79.3399963378906,79.5199966430664,78.5699996948242,78.8899993896484,8556800,63.495849609375
"2018-07-13",79.0800018310547,79.4700012207031,78.9000015258789,79.3099975585938,6021300,63.8338775634766
"2018-07-16",79.2099990844727,79.629997253418,78.8300018310547,79.5299987792969,6931200,64.0109405517578
"2018-07-17",79.6600036621094,80.5,79.5500030517578,80.0299987792969,8983400,64.4133758544922
"2018-07-18",79.7200012207031,80.2099990844727,79.3300018310547,79.7200012207031,9105100,64.1638717651367
"2018-07-19",78.4199981689453,79.1900024414062,77.8899993896484,78.7300033569336,8010600,63.9421348571777
"2018-07-20",78.3199996948242,79.0599975585938,78.3199996948242,78.6800003051758,8234700,63.9015312194824
"2018-07-23",78.4899978637695,78.9400024414062,78.2399978637695,78.5100021362305,5881600,63.7634620666504
"2018-07-24",77.5400009155273,79.0100021362305,77.5400009155273,78.9899978637695,8297100,64.1533050537109
"2018-07-25",78.7200012207031,79.5999984741211,78.7200012207031,79.4700012207031,6208400,64.5431518554688
"2018-07-26",79.5599975585938,80.7699966430664,79.4700012207031,80.0899963378906,9771100,65.0466766357422
"2018-07-27",79.6699981689453,80.8300018310547,79.4599990844727,80.5800018310547,7492900,65.4446640014648
"2018-07-30",80.0699996948242,80.5,79.8399963378906,80.1999969482422,7090700,65.1360244750977
"2018-07-31",80.3899993896484,80.9800033569336,79.4300003051758,80.879997253418,9878200,65.6883163452148
"2018-08-01",80.4199981689453,80.8199996948242,80.1100006103516,80.6500015258789,7556700,65.5015258789062
"2018-08-02",80.8000030517578,82.2200012207031,80.5899963378906,82,9261700,66.5979309082031
"2018-08-03",82.1399993896484,83.0999984741211,81.9199981689453,82.3300018310547,7102800,66.8659591674805
"2018-08-06",82.1999969482422,82.9300003051758,82.1500015258789,82.5199966430664,5669200,67.0202484130859
"2018-08-07",82.4100036621094,82.6800003051758,81.7300033569336,82.6399993896484,6418000,67.1177444458008
"2018-08-08",82.0999984741211,82.8000030517578,82.0999984741211,82.3499984741211,4891300,66.8822021484375
"2018-08-09",82.4400024414062,82.4400024414062,81.3000030517578,81.4000015258789,5167400,66.1106185913086
"2018-08-10",81.3000030517578,81.7600021362305,81,81.4300003051758,5566000,66.1350021362305
"2018-08-13",81.6999969482422,82.0800018310547,81.1500015258789,81.5199966430664,5068100,66.2080917358398
"2018-08-14",81.3899993896484,81.7200012207031,81.2300033569336,81.3099975585938,6226900,66.0375442504883
"2018-08-15",81.3000030517578,82.370002746582,80.8099975585938,82.3000030517578,8753500,66.8415756225586
"2018-08-16",82.4599990844727,84,82.3099975585938,83.6900024414062,12368000,67.9705123901367
"2018-08-17",83.7300033569336,84.1999969482422,83.5999984741211,83.6900024414062,8409300,67.9705123901367
"2018-08-20",83.8899993896484,83.9499969482422,83.3099975585938,83.6399993896484,6795800,67.9298858642578
"2018-08-21",83.5699996948242,84,83.0899963378906,83.9000015258789,8534500,68.1410751342773
"2018-08-22",83.8099975585938,83.8499984741211,83.0599975585938,83.3899993896484,5132600,67.7268447875977
"2018-08-23",83.0100021362305,83.5999984741211,82.8399963378906,83.2399978637695,4323200,67.6050338745117
"2018-08-24",83.2200012207031,83.5500030517578,83.0299987792969,83.3600006103516,5356000,67.7024993896484
"2018-08-27",83.5,83.8199996948242,83.0199966430664,83.4400024414062,3941500,67.7674789428711
"2018-08-28",83.7200012207031,83.8600006103516,83.3199996948242,83.4800033569336,5405200,67.799934387207
"2018-08-29",83.5100021362305,83.7600021362305,83.2900009155273,83.4899978637695,4520400,67.8080749511719
"2018-08-30",83.3899993896484,83.7399978637695,83.1900024414062,83.4100036621094,4549700,67.7430953979492
"2018-08-31",83.3499984741211,83.5299987792969,82.3899993896484,82.9499969482422,6674900,67.369499206543
"2018-09-04",82.4800033569336,82.9599990844727,82.0699996948242,82.6999969482422,5800700,67.1664657592773
"2018-09-05",82.1100006103516,83.4700012207031,82.1100006103516,83.2900009155273,7651900,67.6456298828125
"2018-09-06",82.9100036621094,83.3099975585938,82.4899978637695,82.6500015258789,7541100,67.1258544921875
"2018-09-07",82.0999984741211,82.1999969482422,81.25,81.9100036621094,11110900,66.5248565673828
"2018-09-10",82.5800018310547,83.0999984741211,82.3399963378906,82.379997253418,6783000,66.9065780639648
"2018-09-11",82.129997253418,82.4199981689453,81.629997253418,82.0100021362305,5210300,66.6060791015625
"2018-09-12",81.9000015258789,83.1800003051758,81.6999969482422,83.1100006103516,5925200,67.4994430541992
"2018-09-13",83.2699966430664,83.4899978637695,82.6500015258789,83.4499969482422,5328400,67.7755737304688
"2018-09-14",83.4700012207031,83.6699981689453,82.9700012207031,83.6100006103516,5004100,67.9055252075195
"2018-09-17",83.5,84.2699966430664,83.3399963378906,84.25,7098800,68.4253387451172
"2018-09-18",84.2900009155273,84.2900009155273,83.5800018310547,84,6022800,68.2222747802734
"2018-09-19",83.9199981689453,84.2900009155273,83.7699966430664,84,6157600,68.2222747802734
"2018-09-20",84.2900009155273,85.6399993896484,84.2300033569336,85.3600006103516,10053000,69.3268127441406
"2018-09-21",85.8099975585938,86.2799987792969,85.5199966430664,85.8199996948242,17402500,69.7004318237305
"2018-09-24",85.629997253418,85.7099990844727,84.2300033569336,84.2699966430664,6389400,68.4415512084961
"2018-09-25",84.2799987792969,84.4100036621094,83.0800018310547,83.120002746582,5657200,67.5075607299805
"2018-09-26",83.25,83.9899978637695,83.0299987792969,83.2600021362305,6581000,67.6212615966797
"2018-09-27",83.0400009155273,83.629997253418,82.8099975585938,82.8600006103516,6277600,67.2964019775391
"2018-09-28",83.0299987792969,83.2900009155273,82.7900009155273,83.2300033569336,5125800,67.5968933105469
"2018-10-01",83.3099975585938,83.7200012207031,83.1699981689453,83.6699981689453,4899900,67.9542465209961
"2018-10-02",83.4800033569336,84.4400024414062,83.370002746582,84.3600006103516,7390900,68.5146636962891
"2018-10-03",84.4400024414062,84.5199966430664,82.8499984741211,83.0299987792969,7958700,67.4344635009766
"2018-10-04",82.5,82.5,81.0999984741211,81.9199981689453,7029900,66.5329742431641
"2018-10-05",81.9800033569336,82.4499969482422,81.9800033569336,82.1500015258789,5454600,66.7197647094727
"2018-10-08",81.9800033569336,82.7399978637695,81.75,82.4000015258789,7192300,66.9228286743164
"2018-10-09",82.3899993896484,82.7200012207031,82.0599975585938,82.1999969482422,6268100,66.760368347168
"2018-10-10",81.8099975585938,82.6800003051758,81.4400024414062,81.4400024414062,9295800,66.1431198120117
"2018-10-11",81.6399993896484,81.9700012207031,78.6699981689453,78.870002746582,12560300,64.0558395385742
"2018-10-12",79.370002746582,79.379997253418,78.4899978637695,79.0599975585938,9878700,64.2101669311523
"2018-10-15",79.0100021362305,80.5400009155273,78.9199981689453,80.129997253418,9691500,65.0791854858398
"2018-10-16",79.9100036621094,81.0899963378906,79.9000015258789,81.0100021362305,9462600,65.7938919067383
"2018-10-17",80.7600021362305,82.1800003051758,80.379997253418,81.8600006103516,10375300,66.4842224121094
"2018-10-18",80.7099990844727,81.3399963378906,80,80.2399978637695,9869500,65.7443695068359
"2018-10-19",84.8600006103516,87.7600021362305,84.8600006103516,87.3000030517578,30276400,71.5289611816406
"2018-10-22",86.7300033569336,87.2399978637695,85.2300033569336,86.5999984741211,14124100,70.9554138183594
"2018-10-23",86.0100021362305,87.3000030517578,86.0100021362305,87.1600036621094,16269500,71.4142456054688
"2018-10-24",87.2799987792969,90.6999969482422,87.2200012207031,89.4599990844727,26703500,73.2987442016602
"2018-10-25",88.1100006103516,89.3300018310547,87.3099975585938,89,14647000,72.9218292236328
"2018-10-26",88.6900024414062,89.1699981689453,87.3899993896484,87.8600006103516,14335900,71.9877853393555
"2018-10-29",88.2900009155273,89.4199981689453,87.4400024414062,88.2399978637695,12878900,72.2991409301758
"2018-10-30",88.8499984741211,89.4300003051758,88.2099990844727,89.1900024414062,13844000,73.0775451660156
"2018-10-31",88.7699966430664,89.3199996948242,87.2699966430664,88.6800003051758,13362400,72.6596450805664
"2018-11-01",88.8099975585938,89.8300018310547,88.1800003051758,89.5899963378906,9732400,73.4052505493164
"2018-11-02",89.879997253418,89.9499969482422,88.9800033569336,89.8099975585938,11336000,73.5855026245117
"2018-11-05",89.8899993896484,91.4400024414062,89.8199996948242,91.1999969482422,12270100,74.7244110107422
"2018-11-06",90.8600006103516,91.5299987792969,90.4300003051758,91.5100021362305,8857800,74.9784088134766
"2018-11-07",91.5899963378906,91.620002746582,90.620002746582,91.2900009155273,9019800,74.7981643676758
"2018-11-08",90.9499969482422,91.5299987792969,90.6699981689453,91.3600006103516,6614400,74.8554840087891
"2018-11-09",91.3499984741211,92.6699981689453,91.1699981689453,92.4100036621094,10713500,75.7158050537109
"2018-11-12",92.2099990844727,93.4499969482422,91.75,92.6999969482422,12522100,75.9534149169922
"2018-11-13",91.9700012207031,93.5699996948242,91.5899963378906,93.4700012207031,13438700,76.584342956543
"2018-11-14",93.4199981689453,93.9000015258789,92.9899978637695,93.4899978637695,11623000,76.6007080078125
"2018-11-15",93.3300018310547,93.9000015258789,92.7200012207031,93.8300018310547,12506000,76.8792953491211
"2018-11-16",93.8199996948242,94.8099975585938,93.6699981689453,93.8199996948242,13013500,76.87109375
"2018-11-19",93.7200012207031,94.1900024414062,92.9100036621094,93.2900009155273,9458300,76.4368286132812
"2018-11-20",93.2399978637695,93.7900009155273,91.8600006103516,92.0999984741211,12074000,75.4618225097656
"2018-11-21",91.6600036621094,92.370002746582,91.2399978637695,91.4100036621094,8911800,74.8964767456055
"2018-11-23",91.25,91.9899978637695,90.629997253418,91.5400009155273,4399600,75.0029754638672
"2018-11-26",91.1500015258789,92.4000015258789,91.1500015258789,91.9400024414062,8171400,75.3307266235352
"2018-11-27",91.9300003051758,92.8600006103516,91.8499984741211,92.7200012207031,9023400,75.9698028564453
"2018-11-28",92.629997253418,93.2200012207031,92.2099990844727,93.0100021362305,8093700,76.2074279785156
"2018-11-29",92.8600006103516,93.3000030517578,92.6600036621094,92.8199996948242,6126900,76.0517349243164
"2018-11-30",93.1800003051758,94.6500015258789,92.75,94.5100021362305,16291800,77.4364242553711
"2018-12-03",94.6699981689453,94.6699981689453,92.2600021362305,93.3199996948242,13934700,76.4614105224609
"2018-12-04",93.4899978637695,94.8600006103516,93.1699981689453,93.3099975585938,11123600,76.4532318115234
"2018-12-06",92.6999969482422,93.629997253418,91.0800018310547,93.5500030517578,14199200,76.6498641967773
"2018-12-07",93.5899963378906,93.7799987792969,92.1399993896484,92.4499969482422,7996800,75.7485961914062
"2018-12-10",93.25,93.4000015258789,91.370002746582,93.0299987792969,9307600,76.2238082885742
"2018-12-11",93.7200012207031,94.5199966430664,93.4000015258789,93.9100036621094,8743800,76.94482421875
"2018-12-12",94.2099990844727,94.5500030517578,93.0999984741211,94.0299987792969,9644000,77.0431518554688
"2018-12-13",94.870002746582,96.7900009155273,94.8000030517578,96.4899978637695,18541300,79.0587387084961
"2018-12-14",96.4499969482422,96.9000015258789,96.0199966430664,96.6399993896484,12657300,79.1816482543945
"2018-12-17",96,96.5,92.4000015258789,92.7699966430664,12427600,76.0107574462891
"2018-12-18",93.129997253418,93.3099975585938,91.8600006103516,92.4899978637695,12250600,75.7813339233398
"2018-12-19",92.5500030517578,93.3499984741211,91.2900009155273,91.7600021362305,10825600,75.1832427978516
"2018-12-20",91.5100021362305,92.2300033569336,90.129997253418,90.9800033569336,14439200,74.5441436767578
"2018-12-21",90.6100006103516,93.1699981689453,90.3600006103516,90.9700012207031,24030000,74.5359573364258
"2018-12-24",90.4499969482422,90.6600036621094,86.879997253418,87.3600006103516,7396300,71.5781097412109
"2018-12-26",87.4199981689453,90.0899963378906,86.7399978637695,90.0899963378906,8630900,73.8149032592773
"2018-12-27",89.6100006103516,92.0500030517578,88.1999969482422,92.0199966430664,11360100,75.3962554931641
"2018-12-28",92.5599975585938,93.2799987792969,90.8399963378906,91.1800003051758,9611800,74.7080078125
"2018-12-31",91.629997253418,92.1800003051758,91.1500015258789,91.9199981689453,7239500,75.3143310546875
"2019-01-02",91.0299987792969,91.3899993896484,89.9300003051758,91.2799987792969,9843900,74.7899551391602
"2019-01-03",90.9400024414062,92.5,90.379997253418,90.6399993896484,9820200,74.2655563354492
"2019-01-04",90.8399963378906,92.4899978637695,90.370002746582,92.4899978637695,10565700,75.7813339233398
"2019-01-07",91.9100036621094,92.5,91.4000015258789,92.120002746582,9012500,75.4781951904297
"2019-01-08",92.6999969482422,93.0899963378906,91.8199996948242,92.4599990844727,9551300,75.7567825317383
"2019-01-09",92.6900024414062,92.9599990844727,90.8099975585938,90.9499969482422,15015600,74.5195617675781
"2019-01-10",90.8899993896484,91.5400009155273,90.6100006103516,91.1699981689453,11102300,74.699821472168
"2019-01-11",91.6699981689453,91.9800033569336,91.1100006103516,91.7699966430664,7166600,75.1914215087891
"2019-01-14",91.5,91.9100036621094,90.8499984741211,91.1500015258789,7952000,74.6834411621094
"2019-01-15",91.1500015258789,92.6100006103516,91.1399993896484,92.0100021362305,7834500,75.3880615234375
"2019-01-16",91.7399978637695,92.1500015258789,90.9899978637695,91.370002746582,7964500,74.8637084960938
"2019-01-17",90.7099990844727,91.5599975585938,90.3499984741211,90.6399993896484,8044500,74.8529357910156
"2019-01-18",91.370002746582,91.8399963378906,91.0400009155273,91.4199981689453,9100300,75.4971008300781
"2019-01-22",91.3899993896484,91.75,89.0800018310547,90.4400024414062,13518500,74.6877746582031
"2019-01-23",94.1800003051758,96.4100036621094,93.629997253418,94.8399963378906,22869000,78.3214263916016
"2019-01-24",94.2900009155273,94.5599975585938,93.1900024414062,94.3000030517578,12146400,77.8754806518555
"2019-01-25",94.4199981689453,94.8899993896484,93.0599975585938,93.5999984741211,10618000,77.2974014282227
"2019-01-28",93.3199996948242,93.9700012207031,92.9700012207031,93.5199966430664,9765600,77.231330871582
"2019-01-29",93.7900009155273,94.120002746582,93.0999984741211,93.5400009155273,9769800,77.2478485107422
"2019-01-30",93.6100006103516,94.6600036621094,93.5699996948242,94.5199966430664,7750200,78.0571441650391
"2019-01-31",94.4300003051758,96.8099975585938,94.0800018310547,96.4700012207031,16044400,79.6675109863281
"2019-02-01",96.3499984741211,97.6100006103516,95.9899978637695,97.4700012207031,12720800,80.4933319091797
"2019-02-04",97.2099990844727,98.2200012207031,96.7200012207031,98.0299987792969,11887500,80.955810546875
"2019-02-05",97.9899978637695,98.0199966430664,97.2099990844727,97.4400024414062,9772300,80.4685592651367
"2019-02-06",97.25,98.3199996948242,97.120002746582,97.9199981689453,8693900,80.8649673461914
"2019-02-07",97.5199966430664,97.5999984741211,96.3399963378906,97.1399993896484,8732500,80.2207946777344
"2019-02-08",97.0100021362305,97.7200012207031,96.6999969482422,97.7099990844727,7483200,80.6915588378906
"2019-02-11",97.4899978637695,98.3899993896484,97.4300003051758,98.2699966430664,8494100,81.1540298461914
"2019-02-12",98.379997253418,99.3399963378906,97.9800033569336,99.2600021362305,11238800,81.9715805053711
"2019-02-13",99.2900009155273,99.6999969482422,99.0100021362305,99.2399978637695,11587200,81.9550628662109
"2019-02-14",98.6999969482422,98.8199996948242,97.8399963378906,98.4599990844727,7930100,81.310920715332
"2019-02-15",98.9499969482422,99.1999969482422,98.25,98.4800033569336,12069100,81.3274459838867
"2019-02-19",98.5599975585938,100,98.4700012207031,99.9899978637695,10098200,82.5744400024414
"2019-02-20",99.7799987792969,100.220001220703,98.9400024414062,99.2799987792969,8947400,81.9881057739258
"2019-02-21",99.0999984741211,99.8600006103516,98.5899963378906,99.7799987792969,7444800,82.401008605957
"2019-02-22",99.6900024414062,100.400001525879,99.4000015258789,100.25,7925400,82.7891540527344
"2019-02-25",100.360000610352,100.449996948242,99.3300018310547,99.5699996948242,7436100,82.2275772094727
"2019-02-26",99.8399963378906,100.180000305176,99.629997253418,99.8300018310547,7115300,82.4423141479492
"2019-02-27",99.3399963378906,99.629997253418,98.8199996948242,98.9100036621094,6013600,81.6825408935547
"2019-02-28",98.9100036621094,99.1999969482422,98.0800018310547,98.5500030517578,10575400,81.38525390625
"2019-03-01",98.6100006103516,98.7799987792969,97.8300018310547,98.4400024414062,7733200,81.2944030761719
"2019-03-04",98.5699996948242,98.879997253418,97.879997253418,98.870002746582,6895300,81.6495208740234
"2019-03-05",98.9100036621094,99.6800003051758,98.9100036621094,99.0899963378906,6274600,81.8311920166016
"2019-03-06",98.8600006103516,99.0999984741211,98.4000015258789,98.9300003051758,4622300,81.6990585327148
"2019-03-07",98.9700012207031,99.5999984741211,98.25,98.5500030517578,8408600,81.38525390625
"2019-03-08",98.8199996948242,99.1800003051758,97.75,98.4100036621094,5144500,81.269645690918
"2019-03-11",98.7900009155273,99.6800003051758,98.5100021362305,99.5800018310547,7544400,82.2358551025391
"2019-03-12",99.7799987792969,100.519996643066,99.7300033569336,100.050003051758,7597500,82.6239929199219
"2019-03-13",99.9899978637695,101.589996337891,99.9599990844727,101.180000305176,9883300,83.5571899414062
"2019-03-14",100.940002441406,101.779998779297,100.720001220703,101.319999694824,8590200,83.6727981567383
"2019-03-15",101.76000213623,102.889999389648,101.730003356934,102.440002441406,30802700,84.5977172851562
"2019-03-18",102.059997558594,102.290000915527,101.199996948242,101.51000213623,8442800,83.829704284668
"2019-03-19",101.910003662109,102.139999389648,101.290000915527,101.900001525879,7334100,84.1517715454102
"2019-03-20",101.730003356934,102.309997558594,101.050003051758,101.720001220703,7513800,84.0031127929688
"2019-03-21",101.279998779297,102.910003662109,101.279998779297,102.48999786377,8221000,84.6390075683594
"2019-03-22",102.480003356934,103.150001525879,99.0100021362305,101.660003662109,11035900,83.9535751342773
"2019-03-25",101.660003662109,102.339996337891,101.26000213623,101.959999084473,6955500,84.2013092041016
"2019-03-26",102.440002441406,103.480003356934,102.400001525879,103.019996643066,6909400,85.0766906738281
"2019-03-27",102.76000213623,103.019996643066,102.040000915527,102.900001525879,6037100,84.9775772094727
"2019-03-28",103.309997558594,103.680000305176,103.110000610352,103.550003051758,6793700,85.5143890380859
"2019-03-29",103.860000610352,104.150001525879,103.110000610352,104.050003051758,7535400,85.9272994995117
"2019-04-01",104.230003356934,104.230003356934,103.139999389648,103.639999389648,6626500,85.5886993408203
"2019-04-02",103.610000610352,104.019996643066,103.26000213623,103.75,6088800,85.6795425415039
"2019-04-03",103.580001831055,103.889999389648,102.75,103.690002441406,5226500,85.6300048828125
"2019-04-04",103.480003356934,103.669998168945,102.790000915527,103.430000305176,4786100,85.4152755737305
"2019-04-05",103.610000610352,103.690002441406,103.169998168945,103.650001525879,4281800,85.5969696044922
"2019-04-08",103.930000305176,105.139999389648,103.5,104.970001220703,8468600,86.6870346069336
"2019-04-09",104.550003051758,104.76000213623,104.139999389648,104.660003662109,5820300,86.4310302734375
"2019-04-10",104.660003662109,105,104.23999786377,104.650001525879,5394300,86.4227905273438
"2019-04-11",104.580001831055,105.050003051758,104.370002746582,104.75,5078400,86.5053863525391
"2019-04-12",104.75,105.059997558594,104.169998168945,105.059997558594,6707900,86.7613906860352
"2019-04-15",104.980003356934,105.779998779297,104.790000915527,105.730003356934,5639200,87.314697265625
"2019-04-16",105.980003356934,106.5,105.650001525879,106.419998168945,8136100,87.8845062255859
"2019-04-17",106.269996643066,106.51000213623,105.349998474121,105.849998474121,6778100,88.030876159668
"2019-04-18",106.019996643066,106.709999084473,105.830001831055,106.050003051758,7248900,88.1972122192383
"2019-04-22",106.129997253418,107.199996948242,105.73999786377,106.01000213623,9057200,88.163948059082
"2019-04-23",104.01000213623,104.110000610352,102.129997253418,103.160003662109,15979800,85.793701171875
"2019-04-24",103.319999694824,104.650001525879,102.790000915527,103.690002441406,10094800,86.234504699707
"2019-04-25",103.099998474121,103.569999694824,102.589996337891,103.279998779297,6085300,85.8935317993164
"2019-04-26",103.949996948242,105.879997253418,103.910003662109,105.860000610352,7747400,88.039176940918
"2019-04-29",105.569999694824,105.75,104.720001220703,104.779998779297,4787600,87.140998840332
"2019-04-30",104.860000610352,106.620002746582,104.660003662109,106.480003356934,8251300,88.5548248291016
"2019-05-01",106.150001525879,106.389999389648,104.809997558594,104.930000305176,6733800,87.265739440918
"2019-05-02",105.199996948242,105.76000213623,105.050003051758,105.559997558594,6270300,87.7897033691406
"2019-05-03",105.98999786377,106.410003662109,105.580001831055,106.080001831055,4793400,88.2221450805664
"2019-05-06",105.120002746582,105.819999694824,105.040000915527,105.680000305176,4890400,87.8894882202148
"2019-05-07",105.029998779297,105.580001831055,104.099998474121,104.699996948242,6021700,87.0744705200195
"2019-05-08",104.98999786377,105.769996643066,104.160003662109,105.069999694824,5392600,87.3821792602539
"2019-05-09",104.669998168945,105.040000915527,103.779998779297,104.23999786377,6901700,86.6919250488281
"2019-05-10",103.980003356934,106.150001525879,103.919998168945,106.01000213623,5815800,88.163948059082
"2019-05-13",105.139999389648,106.589996337891,104.849998474121,106.110000610352,7575500,88.2470855712891
"2019-05-14",105.769996643066,106.5,105.569999694824,105.599998474121,7004000,87.8229370117188
"2019-05-15",105.610000610352,107,105.5,106.699996948242,5535600,88.7377853393555
"2019-05-16",106.73999786377,108.680000305176,106.589996337891,108.110000610352,9284200,89.9104156494141
"2019-05-17",107.269996643066,108,107.26000213623,107.449996948242,6370200,89.3615341186523
"2019-05-20",107.440002441406,108.129997253418,107.139999389648,107.330001831055,6565300,89.2617111206055
"2019-05-21",107.470001220703,107.540000915527,106.290000915527,106.370002746582,5226400,88.4633255004883
"2019-05-22",106.089996337891,107.050003051758,105.940002441406,106.720001220703,4889700,88.7544097900391
"2019-05-23",106.680000305176,107.029998779297,105.889999389648,106.76000213623,6175600,88.7876663208008
"2019-05-24",107.150001525879,107.440002441406,106.540000915527,106.690002441406,4372100,88.7294692993164
"2019-05-28",106.699996948242,107.25,104.419998168945,104.459999084473,7615500,86.874870300293
"2019-05-29",103.959999084473,104.809997558594,103.699996948242,104.190002441406,7137300,86.6503295898438
"2019-05-30",104.370002746582,105.370002746582,104.370002746582,105.330001831055,4729200,87.5984115600586
"2019-05-31",104.889999389648,104.900001525879,102.410003662109,102.910003662109,10282300,85.585823059082
"2019-06-03",103.150001525879,103.959999084473,102.400001525879,103.800003051758,8532900,86.3259811401367
"2019-06-04",104.01000213623,105.099998474121,103.849998474121,104.680000305176,6906400,87.0578231811523
"2019-06-05",105.23999786377,106.75,104.889999389648,106.730003356934,6481700,88.7627410888672
"2019-06-06",106.849998474121,107.680000305176,106.330001831055,107.379997253418,6681600,89.3033142089844
"2019-06-07",107.73999786377,109.379997253418,107.73999786377,108.769996643066,8063400,90.4593200683594
"2019-06-10",108.319999694824,109.019996643066,107.459999084473,108.720001220703,4767000,90.4177322387695
"2019-06-11",108.940002441406,109.599998474121,108.870002746582,109.379997253418,8074400,90.9666290283203
"2019-06-12",109.599998474121,110.660003662109,109.580001831055,109.680000305176,7687800,91.2160949707031
"2019-06-13",109.980003356934,110.949996948242,109.860000610352,110.910003662109,8611400,92.2390594482422
"2019-06-14",110.970001220703,111.75,110.650001525879,111.199996948242,6438100,92.4802322387695
"2019-06-17",111.160003662109,111.209999084473,110.23999786377,110.98999786377,6020000,92.3055953979492
"2019-06-18",111.449996948242,111.559997558594,109.430000305176,109.599998474121,7731200,91.1495895385742
"2019-06-19",109.5,110.730003356934,109.26000213623,110.419998168945,7028000,91.8315353393555
"2019-06-20",110.779998779297,112.019996643066,110.5,111.73999786377,7044200,92.9293441772461
"2019-06-21",111.620002746582,112.470001220703,111.019996643066,111.199996948242,13799400,92.4802322387695
"2019-06-24",111.819999694824,112.5,111.400001525879,112.330001831055,5518100,93.4200210571289
"2019-06-25",112.110000610352,112.629997253418,111.309997558594,111.720001220703,6805600,92.9126968383789
"2019-06-26",111.389999389648,111.440002441406,109.660003662109,109.730003356934,7170300,91.2576904296875
"2019-06-27",109.919998168945,110.269996643066,109.290000915527,109.779998779297,5613300,91.2992706298828
"2019-06-28",111.860000610352,111.959999084473,109.019996643066,109.650001525879,12152000,91.1911773681641
"2019-07-01",109.919998168945,110.699996948242,109.610000610352,110.48999786377,6775900,91.8897552490234
"2019-07-02",110.610000610352,111.5,110.290000915527,111.480003356934,6578200,92.7130966186523
"2019-07-03",111.959999084473,114.269996643066,111.839996337891,114.080001831055,6223300,94.8754119873047
"2019-07-05",112.970001220703,113.449996948242,112.230003356934,113.150001525879,8694800,94.1019821166992
"2019-07-08",113.339996337891,114.230003356934,113.300003051758,114.050003051758,5317800,94.8504638671875
"2019-07-09",113.900001525879,113.910003662109,112.319999694824,112.910003662109,7537700,93.9023742675781
"2019-07-10",113.459999084473,114.5,113.400001525879,113.75,5600700,94.6009674072266
"2019-07-11",113.660003662109,114.400001525879,113.440002441406,114.379997253418,4625300,95.1249008178711
"2019-07-12",114.069999694824,115.209999084473,114.069999694824,114.98999786377,7058600,95.6322402954102
"2019-07-15",115.069999694824,115.879997253418,114.790000915527,115.480003356934,6240700,96.0397186279297
"2019-07-16",115.720001220703,116.519996643066,115.449996948242,115.889999389648,7644300,96.380729675293
"2019-07-17",115.730003356934,116.290000915527,115.730003356934,115.940002441406,7861700,96.4222793579102
"2019-07-18",114.930000305176,115.769996643066,114.790000915527,115.440002441406,5828700,96.6282196044922
"2019-07-19",115.5,115.949996948242,115.01000213623,115.01000213623,6547000,96.2682876586914
"2019-07-22",115.040000915527,115.449996948242,114.580001831055,115.300003051758,4018800,96.5110168457031
"2019-07-23",115.709999084473,116.050003051758,113.839996337891,113.849998474121,8194600,95.2973175048828
"2019-07-24",113.849998474121,113.879997253418,112.279998779297,112.599998474121,9635900,94.2510147094727
"2019-07-25",111.480003356934,112.980003356934,111.379997253418,112.769996643066,7809400,94.3932952880859
"2019-07-26",113.209999084473,114.879997253418,112.879997253418,114.730003356934,5559600,96.0339126586914
"2019-07-29",114.730003356934,116.209999084473,114.620002746582,116,7768700,97.0969543457031
"2019-07-30",119.819999694824,121.76000213623,118.800003051758,120.410003662109,18788800,100.78832244873
"2019-07-31",119.660003662109,120.680000305176,117.069999694824,118.040000915527,12641800,98.8045120239258
"2019-08-01",118.559997558594,119.169998168945,116.730003356934,116.730003356934,11308600,97.7080001831055
"2019-08-02",116.51000213623,117.080001831055,115.690002441406,116.440002441406,12266100,97.4652557373047
"2019-08-05",116.089996337891,116.300003051758,112.830001831055,113.080001831055,12974800,94.6527938842773
"2019-08-06",113.650001525879,115,113.180000305176,114.279998779297,9490600,95.6572494506836
"2019-08-07",113.75,116.23999786377,112.680000305176,115.519996643066,9507600,96.6951675415039
"2019-08-08",115.519996643066,117.48999786377,115.339996337891,117.440002441406,7416600,98.3023147583008
"2019-08-09",117.620002746582,118.040000915527,115.849998474121,116.779998779297,6939500,97.7498474121094
"2019-08-12",116.779998779297,117.669998168945,115.589996337891,116.029998779297,4996200,97.1220474243164
"2019-08-13",116.51000213623,118.069999694824,116.339996337891,117.25,6722000,98.1432571411133
"2019-08-14",116.459999084473,117.940002441406,115.660003662109,115.790000915527,10148300,96.9211807250977
"2019-08-15",116.800003051758,118.089996337891,116.440002441406,117.389999389648,7758000,98.2604446411133
"2019-08-16",118.059997558594,119.540000915527,117.599998474121,119.180000305176,8302400,99.7587356567383
"2019-08-19",119.970001220703,120.449996948242,119.110000610352,120.23999786377,5867100,100.646011352539
"2019-08-20",120.050003051758,120.26000213623,118.790000915527,118.900001525879,6744300,99.5243988037109
"2019-08-21",119.269996643066,119.650001525879,118.680000305176,119.199996948242,4037400,99.7754821777344
"2019-08-22",119.080001831055,119.790000915527,118.699996948242,119.419998168945,4558400,99.9596328735352
"2019-08-23",119.139999389648,120.110000610352,116.430000305176,117.319999694824,7336800,98.2018432617188
"2019-08-26",117.75,119.599998474121,117.220001220703,119.319999694824,5661500,99.8759307861328
"2019-08-27",119.98999786377,121.050003051758,119.779998779297,120.550003051758,6996300,100.90550994873
"2019-08-28",120.459999084473,121.430000305176,119.629997253418,121.400001525879,4600300,101.616981506348
"2019-08-29",121.790000915527,122,120.319999694824,121.180000305176,5011500,101.432830810547
"2019-08-30",121.959999084473,122,119.51000213623,120.230003356934,6007100,100.637657165527
"2019-09-03",119.790000915527,121.540000915527,119.629997253418,121.360000610352,4959300,101.583488464355
"2019-09-04",121.849998474121,123.279998779297,121.459999084473,123.209999084473,5586900,103.132011413574
"2019-09-05",123.23999786377,123.430000305176,122.180000305176,122.76000213623,7491900,102.75537109375
"2019-09-06",123,123.379997253418,122.540000915527,122.870002746582,5306900,102.847434997559
"2019-09-09",122.709999084473,122.779998779297,121.779998779297,122.169998168945,7662400,102.261512756348
"2019-09-10",121.029998779297,121.180000305176,119.580001831055,119.879997253418,9582200,100.344673156738
"2019-09-11",119.860000610352,121.339996337891,119.360000610352,121.269996643066,7565500,101.508155822754
"2019-09-12",122.650001525879,123.209999084473,121.620002746582,122.769996643066,6194300,102.763732910156
"2019-09-13",121.819999694824,122.580001831055,121.5,122.120002746582,6777400,102.219650268555
"2019-09-16",121.809997558594,121.959999084473,119.019996643066,119.75,9626700,100.235877990723
"2019-09-17",119.629997253418,121.98999786377,119.440002441406,121.160003662109,6377100,101.416084289551
"2019-09-18",121.269996643066,121.959999084473,120.769996643066,121.410003662109,5684200,101.625358581543
"2019-09-19",121.389999389648,122.230003356934,121.23999786377,121.900001525879,4525800,102.035507202148
"2019-09-20",122.129997253418,122.599998474121,121.75,122.23999786377,15362000,102.320098876953
"2019-09-23",122.199996948242,123.769996643066,121.970001220703,123.220001220703,6060400,103.140396118164
"2019-09-24",123.699996948242,124.730003356934,123.360000610352,123.610000610352,7633200,103.466857910156
"2019-09-25",123.559997558594,123.830001831055,122.949996948242,123.019996643066,5812600,102.972969055176
"2019-09-26",123.639999389648,125,123.529998779297,124.309997558594,6984800,104.052764892578
"2019-09-27",124.410003662109,124.879997253418,123.720001220703,124.569999694824,5589800,104.270393371582
"2019-09-30",124.569999694824,125.360000610352,124.129997253418,124.379997253418,5206900,104.111381530762
"2019-10-01",124.360000610352,124.639999389648,123.199996948242,123.849998474121,5415700,103.66773223877
"2019-10-02",123.199996948242,123.650001525879,120.209999084473,121.080001831055,6755100,101.349136352539
"2019-10-03",121.669998168945,122.540000915527,120.839996337891,121.73999786377,5171000,101.901550292969
"2019-10-04",122.190002441406,124.059997558594,121.98999786377,124,4377900,103.79328918457
"2019-10-07",123.529998779297,123.889999389648,122.680000305176,122.839996337891,4749700,102.822326660156
"2019-10-08",122.660003662109,122.930000305176,120.879997253418,120.930000305176,5545300,101.223579406738
"2019-10-09",121.809997558594,122.389999389648,121.430000305176,121.980003356934,3775600,102.102462768555
"2019-10-10",121.330001831055,122.190002441406,120.800003051758,121.940002441406,3943400,102.069000244141
"2019-10-11",122.040000915527,122.059997558594,120.819999694824,121.089996337891,6292200,101.357490539551
"2019-10-14",121.620002746582,121.620002746582,119.580001831055,120.050003051758,7360200,100.486968994141
"2019-10-15",120.190002441406,120.559997558594,116.699996948242,117.199996948242,11113900,98.1013946533203
"2019-10-16",117.669998168945,117.769996643066,116.51000213623,117.529998779297,7973100,98.3776245117188
"2019-10-17",117.309997558594,117.639999389648,116.550003051758,116.629997253418,5956900,98.2478942871094
"2019-10-18",116.550003051758,117.75,116.169998168945,117.470001220703,9016700,98.9555130004883
"2019-10-21",117.419998168945,119.120002746582,117.349998474121,119.080001831055,6731600,100.311737060547
"2019-10-22",124,124.220001220703,121.599998474121,122.180000305176,14410500,102.923156738281
"2019-10-23",121.98999786377,123.730003356934,121.839996337891,123,8249300,103.613914489746
"2019-10-24",123.76000213623,125.769996643066,123.339996337891,124.790000915527,6725600,105.121795654297
"2019-10-25",124.819999694824,124.819999694824,123.169998168945,123.25,6093300,103.824508666992
"2019-10-28",123.480003356934,124.120002746582,122.599998474121,123.480003356934,5459500,104.018241882324
"2019-10-29",123.199996948242,124.559997558594,123.099998474121,123.599998474121,5659800,104.119346618652
"2019-10-30",123.98999786377,125.169998168945,123.5,124.940002441406,4734500,105.248146057129
"2019-10-31",124.790000915527,125.449996948242,123.360000610352,124.51000213623,6399500,104.885902404785
"2019-11-01",124.830001831055,125.139999389648,123.25,123.870002746582,6010200,104.346786499023
"2019-11-04",123.919998168945,123.919998168945,118.639999389648,119.069999694824,10351400,100.303321838379
"2019-11-05",118.830001831055,119.589996337891,118.23999786377,118.900001525879,9239600,100.160133361816
"2019-11-06",119.099998474121,120.349998474121,118.660003662109,120.319999694824,6756300,101.356315612793
"2019-11-07",120.339996337891,120.339996337891,118.809997558594,119.620002746582,8909700,100.766632080078
"2019-11-08",119.849998474121,120.589996337891,119.160003662109,119.699996948242,4249900,100.834037780762
"2019-11-11",119.480003356934,120,119.089996337891,119.330001831055,3850400,100.522338867188
"2019-11-12",119.48999786377,119.599998474121,118.550003051758,119.269996643066,4759600,100.471817016602
"2019-11-13",119.900001525879,121.050003051758,119.870002746582,120.650001525879,7262800,101.634307861328
"2019-11-14",120.620002746582,121.169998168945,120.110000610352,120.5,5188300,101.507972717285
"2019-11-15",120.98999786377,120.98999786377,119.970001220703,120.540000915527,7108600,101.541641235352
"2019-11-18",120.25,122.559997558594,120.169998168945,121.889999389648,7493700,102.67887878418
"2019-11-19",121.930000305176,122.779998779297,121.129997253418,121.419998168945,5989000,102.282943725586
"2019-11-20",121.419998168945,122.379997253418,120.930000305176,122.290000915527,6480000,103.015808105469
"2019-11-21",121.779998779297,122.540000915527,120.279998779297,120.339996337891,7094200,101.373153686523
"2019-11-22",120.230003356934,120.610000610352,119.389999389648,120.290000915527,4414900,101.331039428711
"2019-11-25",120.440002441406,120.919998168945,120.019996643066,120.51000213623,5134300,101.516395568848
"2019-11-26",120.730003356934,122.349998474121,120.410003662109,122.26000213623,8235200,102.990547180176
"2019-11-27",122.419998168945,122.440002441406,120.959999084473,121.76000213623,3751400,102.569351196289
"2019-11-29",121.98999786377,122.629997253418,121.709999084473,122.059997558594,2927300,102.822090148926
"2019-12-02",121.940002441406,122.779998779297,120.959999084473,122.720001220703,6146200,103.378044128418
"2019-12-03",122.309997558594,122.959999084473,121.800003051758,122.949996948242,6396200,103.571800231934
"2019-12-04",122.75,124.580001831055,122.690002441406,124.529998779297,6857300,104.902786254883
"2019-12-05",124.269996643066,124.629997253418,123.660003662109,124.620002746582,7029200,104.978584289551
"2019-12-06",124.730003356934,125.449996948242,123.889999389648,124.190002441406,7150900,104.616371154785
"2019-12-09",124.309997558594,125.139999389648,124.180000305176,124.870002746582,7452800,105.189193725586
"2019-12-10",124.779998779297,124.870002746582,124.120002746582,124.269996643066,4740100,104.683753967285
"2019-12-11",124.269996643066,125.269996643066,124.069999694824,124.660003662109,4823300,105.01229095459
"2019-12-12",124.779998779297,125.76000213623,123.879997253418,124.569999694824,5897800,104.936470031738
"2019-12-13",124.209999084473,125.73999786377,123.790000915527,125.470001220703,5471600,105.694595336914
"2019-12-16",125.470001220703,126.349998474121,125.349998474121,125.559997558594,8281900,105.770431518555
"2019-12-17",125.589996337891,125.980003356934,124.309997558594,125.309997558594,8832200,105.559829711914
"2019-12-18",125.309997558594,125.870002746582,123.690002441406,124.01000213623,8607600,104.464729309082
"2019-12-19",124.160003662109,125.199996948242,123.900001525879,124.919998168945,6629100,105.231323242188
"2019-12-20",126.150001525879,126.599998474121,125.029998779297,125.360000610352,16250500,105.601951599121
"2019-12-23",125.519996643066,125.819999694824,124.690002441406,124.900001525879,6619500,105.214462280273
"2019-12-24",124.790000915527,125.309997558594,124.580001831055,125.220001220703,2022100,105.484024047852
"2019-12-26",125.099998474121,125.75,124.870002746582,125.220001220703,4760400,105.484024047852
"2019-12-27",125.559997558594,126.300003051758,125.389999389648,126.089996337891,5192000,106.216896057129
"2019-12-30",125.76000213623,125.980003356934,124.139999389648,124.470001220703,3884300,104.852233886719
"2019-12-31",124.430000305176,124.98999786377,123.949996948242,124.900001525879,4798900,105.214462280273
"2020-01-02",124.5,124.730003356934,122.940002441406,123.410003662109,8130800,103.959320068359
"2020-01-03",122.160003662109,123.529998779297,121.860000610352,122.580001831055,7970500,103.260116577148
"2020-01-06",122.569999694824,123.190002441406,122.379997253418,122.75,6674400,103.403312683105
"2020-01-07",122.879997253418,123.209999084473,121.870002746582,121.98999786377,7583400,102.76309967041
"2020-01-08",122.190002441406,123.430000305176,122,122.51000213623,5385100,103.201148986816
"2020-01-09",122.51000213623,123.879997253418,122.51000213623,123.849998474121,5944000,104.329933166504
"2020-01-10",123.900001525879,124.319999694824,123.300003051758,123.970001220703,3927100,104.431037902832
"2020-01-13",124,124.900001525879,123.809997558594,124.879997253418,8409200,105.197593688965
"2020-01-14",124.650001525879,125.199996948242,124.480003356934,124.690002441406,7829700,105.037559509277
"2020-01-15",125.059997558594,126.120002746582,125.01000213623,125.959999084473,4843700,106.107406616211
"2020-01-16",126.110000610352,126.779998779297,125.589996337891,126.069999694824,6233700,106.200065612793
"2020-01-17",126.349998474121,127,125.879997253418,126.410003662109,11315200,106.48649597168
"2020-01-21",126.410003662109,126.620002746582,124.839996337891,126.089996337891,8553100,106.216896057129
"2020-01-22",126.330001831055,126.680000305176,125.830001831055,126.309997558594,7396700,106.402229309082
"2020-01-23",124.300003051758,126.550003051758,123.650001525879,124.98999786377,11096500,105.915824890137
"2020-01-24",125.220001220703,126.790000915527,124.769996643066,125.139999389648,9508600,106.042915344238
"2020-01-27",124.75,126.389999389648,124.75,125.690002441406,9338400,106.509002685547
"2020-01-28",125.930000305176,126.980003356934,125.720001220703,126.029998779297,6200200,106.797119140625
"2020-01-29",125.910003662109,126.069999694824,125.029998779297,125.059997558594,5271000,105.975120544434
"2020-01-30",124.790000915527,126.059997558594,124.419998168945,125.949996948242,5894400,106.729316711426
"2020-01-31",125.98999786377,126.949996948242,124.459999084473,124.620002746582,6612900,105.602294921875
"2020-02-03",124.660003662109,125.949996948242,124.48999786377,125.110000610352,6052300,106.017501831055
"2020-02-04",125.709999084473,127.349998474121,125.360000610352,125.660003662109,6512200,106.483573913574
"2020-02-05",125.910003662109,127.059997558594,125.400001525879,126.809997558594,6125400,107.458084106445
"2020-02-06",126.900001525879,128.089996337891,126.599998474121,127.139999389648,9102700,107.737724304199
"2020-02-07",127.190002441406,127.269996643066,126.050003051758,126.080001831055,5915100,106.839485168457
"2020-02-10",126.459999084473,126.830001831055,125.76000213623,126.169998168945,5216100,106.915748596191
"2020-02-11",126.269996643066,126.269996643066,124.029998779297,124.160003662109,6105700,105.212493896484
"2020-02-12",123.680000305176,123.970001220703,122.849998474121,123.449996948242,6031700,104.610816955566
"2020-02-13",123.730003356934,125.279998779297,123.519996643066,124.959999084473,7159000,105.890396118164
"2020-02-14",125.290000915527,126.150001525879,124.790000915527,126.139999389648,5889100,106.890312194824
"2020-02-18",125.830001831055,126.180000305176,124.830001831055,124.870002746582,6767600,105.81413269043
"2020-02-19",124.849998474121,126.470001220703,124.650001525879,125.440002441406,4734000,106.297157287598
"2020-02-20",125.470001220703,126.76000213623,125.129997253418,126.580001831055,6094600,107.263168334961
"2020-02-21",126.129997253418,128.070007324219,125.980003356934,126.699996948242,8723900,107.364868164062
"2020-02-24",125.26000213623,126.589996337891,123.139999389648,123.300003051758,7533900,104.483726501465
"2020-02-25",123.019996643066,123.959999084473,120.879997253418,121.430000305176,8903200,102.899085998535
"2020-02-26",121.419998168945,122.389999389648,119.849998474121,120.160003662109,6894200,101.822914123535
"2020-02-27",119.120002746582,119.919998168945,113.430000305176,113.5,13298900,96.1792526245117
"2020-02-28",109.459999084473,113.230003356934,106.669998168945,113.230003356934,22784300,95.9504623413086
"2020-03-02",113.190002441406,119.790000915527,112.550003051758,119.559997558594,12399800,101.314483642578
"2020-03-03",119.730003356934,121.839996337891,117.139999389648,118.169998168945,12510900,100.136573791504
"2020-03-04",119.879997253418,124.690002441406,119.599998474121,124.5,9459300,105.500587463379
"2020-03-05",121.300003051758,122.900001525879,120.279998779297,121.629997253418,9363500,103.068580627441
"2020-03-06",118.029998779297,122.610000610352,117.550003051758,121.660003662109,9817400,103.094009399414
"2020-03-09",115.269996643066,120.029998779297,115.120002746582,116.059997558594,13116500,98.3485946655273
"2020-03-10",118.959999084473,120.819999694824,114.440002441406,120.550003051758,11419100,102.15340423584
"2020-03-11",117.599998474121,118.440002441406,110.680000305176,111.589996337891,16456000,94.5607528686523
"2020-03-12",103,111.580001831055,101,101.839996337891,20988000,86.2986450195312
"2020-03-13",106.5,114.629997253418,105.410003662109,114.069999694824,17378700,96.6622772216797
"2020-03-16",101.75,115.949996948242,101,108.5,17367400,91.9422912597656
"2020-03-17",111.449996948242,119.699996948242,110.769996643066,118.23999786377,19451400,100.195907592773
"2020-03-18",113.019996643066,121.5,112.089996337891,117.449996948242,23139200,99.5264587402344
"2020-03-19",116.610000610352,118,109.790000915527,110.830001831055,16428100,93.9167404174805
"2020-03-20",109.190002441406,109.699996948242,101.589996337891,102.430000305176,19922900,86.7986068725586
"2020-03-23",100.190002441406,103.75,94.3399963378906,97.6999969482422,17776800,82.7904281616211
"2020-03-24",101.230003356934,104,96.0699996948242,103.269996643066,14625500,87.5104217529297
"2020-03-25",100.51000213623,104.699996948242,98.5999984741211,100.919998168945,13789100,85.51904296875
"2020-03-26",103.879997253418,108.309997558594,102.529998779297,107.379997253418,15796000,90.9932022094727
"2020-03-27",106.48999786377,114.290000915527,106.48999786377,110.169998168945,16073100,93.3574371337891
"2020-03-30",113.900001525879,115.790000915527,110.199996948242,115,14571600,97.4503707885742
"2020-03-31",113.5,114.290000915527,108.949996948242,110,21691000,93.21337890625
"2020-04-01",107.949996948242,112.180000305176,107,109.330001831055,11095800,92.6456298828125
"2020-04-02",107.690002441406,114.98999786377,107.5,114.400001525879,9168800,96.9419250488281
"2020-04-03",113.73999786377,115.900001525879,113.01000213623,115.080001831055,7768700,97.5181427001953
"2020-04-06",117,119,114.580001831055,117.809997558594,16848400,99.83154296875
"2020-04-07",116.709999084473,120.059997558594,112.5,112.769996643066,14438400,95.560676574707
"2020-04-08",114.389999389648,117.300003051758,111.860000610352,115.099998474121,12564500,97.5350952148438
"2020-04-09",115.26000213623,118.660003662109,114.199996948242,114.660003662109,12747300,97.1622314453125
"2020-04-13",113.610000610352,116.75,113.160003662109,115.949996948242,7926700,98.25537109375
"2020-04-14",118.76000213623,121.470001220703,116.25,120.959999084473,10474200,102.500823974609
"2020-04-15",120.860000610352,123.419998168945,119.589996337891,121.220001220703,14192900,102.721153259277
"2020-04-16",122.349998474121,122.5,119.900001525879,121.5,12020200,102.958419799805
"2020-04-17",122.449996948242,124.98999786377,120.540000915527,124.690002441406,15899800,105.661605834961
"2020-04-20",121.470001220703,123.230003356934,120.540000915527,120.599998474121,10832000,102.195762634277
"2020-04-21",119.5,120.300003051758,118.430000305176,119.680000305176,9465400,101.416152954102
"2020-04-22",119.98999786377,120.279998779297,118.779998779297,119.400001525879,10259400,101.178894042969
"2020-04-23",118.650001525879,119.669998168945,118.050003051758,119.400001525879,17277000,101.853660583496
"2020-04-24",119.099998474121,119.76000213623,118.620002746582,118.779998779297,12751100,101.324760437012
"2020-04-27",119.190002441406,119.190002441406,116.900001525879,117.449996948242,10635700,100.190200805664
"2020-04-28",117.099998474121,117.910003662109,116.169998168945,116.889999389648,9958000,99.7124938964844
"2020-04-29",117.519996643066,118.050003051758,115.080001831055,117.080001831055,8707900,99.8745803833008
"2020-04-30",115.919998168945,118.279998779297,115.660003662109,117.870002746582,10026400,100.548492431641
"2020-05-01",117.599998474121,118.370002746582,116.319999694824,116.819999694824,7366400,99.6528015136719
"2020-05-04",117.089996337891,117.199996948242,115,115.769996643066,5636000,98.7570953369141
"2020-05-05",115.800003051758,117.26000213623,115.209999084473,116.01000213623,5425200,98.9618377685547
"2020-05-06",115.540000915527,116.139999389648,112.889999389648,113.099998474121,7892200,96.4794692993164
"2020-05-07",114.059997558594,114.139999389648,111.819999694824,112.169998168945,8762800,95.6861267089844
"2020-05-08",113.519996643066,116.300003051758,113.389999389648,115.949996948242,9279900,98.9106292724609
"2020-05-11",115.75,116.01000213623,114.919998168945,115.309997558594,6947500,98.3646850585938
"2020-05-12",115.199996948242,115.900001525879,114.139999389648,114.550003051758,6734400,97.7163696289062
"2020-05-13",114.279998779297,115.349998474121,113.730003356934,113.919998168945,9312600,97.1789627075195
"2020-05-14",113.540000915527,114.449996948242,111.25,113.809997558594,9310000,97.0851135253906
"2020-05-15",113.930000305176,114.790000915527,112.050003051758,114.610000610352,10694800,97.767578125
"2020-05-18",116.029998779297,116.98999786377,114.709999084473,116.209999084473,10020800,99.1324310302734
"2020-05-19",115.089996337891,115.639999389648,112.339996337891,112.440002441406,8047600,95.9164581298828
"2020-05-20",113,113.769996643066,112.129997253418,113.279998779297,6593800,96.6329956054688
"2020-05-21",112.800003051758,113.199996948242,111.430000305176,111.620002746582,6552700,95.2169647216797
"2020-05-22",112.290000915527,113.599998474121,111.76000213623,112.599998474121,5571900,96.0529479980469
"2020-05-26",114.150001525879,114.150001525879,111.680000305176,112.029998779297,10432400,95.5667037963867
"2020-05-27",112.5,113.970001220703,111.819999694824,113.889999389648,8279700,97.1533660888672
"2020-05-28",115.529998779297,116.98999786377,114.900001525879,116.059997558594,6586700,99.0044784545898
"2020-05-29",116.129997253418,116.720001220703,114.620002746582,115.919998168945,7868000,98.8850708007812
"2020-06-01",116,117.5,115.26000213623,117.25,5105600,100.019577026367
"2020-06-02",117.069999694824,118.139999389648,116.819999694824,118.059997558594,6327900,100.710556030273
"2020-06-03",118.099998474121,119.190002441406,117.949996948242,118.529998779297,6171000,101.11149597168
"2020-06-04",118,118.830001831055,115.569999694824,116.050003051758,6895800,98.9959487915039
"2020-06-05",116.25,118.830001831055,116.050003051758,118.330001831055,7337800,100.940895080566
"2020-06-08",117.440002441406,119.120002746582,116.839996337891,119.050003051758,6926700,101.555107116699
"2020-06-09",119.400001525879,119.76000213623,118.150001525879,118.339996337891,5563200,100.949417114258
"2020-06-10",119,119.889999389648,118.110000610352,119.230003356934,6678200,101.708641052246
"2020-06-11",118.809997558594,119.569999694824,116,116.26000213623,8937500,99.1750793457031
"2020-06-12",116.589996337891,118.050003051758,115.26000213623,115.620002746582,7998500,98.6291351318359
"2020-06-15",114.550003051758,117.279998779297,113.76000213623,116.690002441406,8786000,99.5419006347656
"2020-06-16",118.529998779297,118.970001220703,116.930000305176,118.129997253418,8165200,100.770294189453
"2020-06-17",118.389999389648,119.110000610352,117.440002441406,117.930000305176,6320800,100.599678039551
"2020-06-18",117.459999084473,119.959999084473,117.370002746582,119.279998779297,6274400,101.751281738281
"2020-06-19",120.48999786377,121.819999694824,118.830001831055,118.919998168945,17506200,101.444190979004
"2020-06-22",118.779998779297,119.080001831055,117.339996337891,117.75,5695600,100.44612121582
"2020-06-23",118.669998168945,119.190002441406,117.650001525879,117.730003356934,5340400,100.429054260254
"2020-06-24",117.220001220703,117.959999084473,116.279998779297,116.419998168945,6547800,99.3115692138672
"2020-06-25",116.98999786377,118.029998779297,116.029998779297,117.889999389648,5489300,100.565559387207
"2020-06-26",117.589996337891,118.470001220703,115.040000915527,115.230003356934,23201700,98.2964553833008
"2020-06-29",116.51000213623,118.050003051758,116.349998474121,117.660003662109,6866900,100.369369506836
"2020-06-30",117.970001220703,119.98999786377,117.800003051758,119.569999694824,7818000,101.998664855957
"2020-07-01",119.650001525879,120.389999389648,118.900001525879,119.980003356934,6501200,102.348419189453
"2020-07-02",121,122.569999694824,120.529998779297,120.879997253418,6150900,103.116142272949
"2020-07-06",121.769996643066,122.410003662109,120.879997253418,121.629997253418,6023300,103.755935668945
"2020-07-07",121.300003051758,123.25,120.889999389648,122.220001220703,6866300,104.259254455566
"2020-07-08",122.150001525879,123.23999786377,122,122.889999389648,6494100,104.830780029297
"2020-07-09",122.819999694824,123.980003356934,121.809997558594,122.480003356934,5341000,104.481033325195
"2020-07-10",122.569999694824,124.5,122.470001220703,123.889999389648,6752600,105.683822631836
"2020-07-13",124,125.589996337891,123.339996337891,124.050003051758,7681500,105.820320129395
"2020-07-14",123.98999786377,125.660003662109,123.5,125.089996337891,6272100,106.707473754883
"2020-07-15",125.980003356934,126.900001525879,124.26000213623,124.5,8145000,106.204170227051
"2020-07-16",125.080001831055,125.519996643066,123.910003662109,124.76000213623,3959300,106.425979614258
"2020-07-17",125.089996337891,126.069999694824,124.830001831055,125.629997253418,4868600,107.168121337891
"2020-07-20",125.470001220703,125.839996337891,124.790000915527,125.23999786377,4242100,106.835433959961
"2020-07-21",125.48999786377,126.639999389648,124.919998168945,125.069999694824,5162300,106.690414428711
"2020-07-22",125.5,126.400001525879,124.209999084473,126.139999389648,5929200,107.603187561035
"2020-07-23",126.120002746582,127.180000305176,125.599998474121,126.160003662109,6664800,108.299377441406
"2020-07-24",126.98999786377,127.769996643066,125.319999694824,125.959999084473,6014200,108.12767791748
"2020-07-27",125.709999084473,126.639999389648,125.540000915527,126.319999694824,6464600,108.436714172363
"2020-07-28",126.370002746582,128.460006713867,126.290000915527,127.879997253418,7644400,109.775840759277
"2020-07-29",127.559997558594,129.240005493164,127.360000610352,128.309997558594,6702000,110.145004272461
"2020-07-30",130.660003662109,132.029998779297,129.649993896484,131.419998168945,10400700,112.814712524414
"2020-07-31",130.660003662109,131.210006713867,129.270004272461,131.119995117188,8487000,112.557174682617
"2020-08-03",130.470001220703,131.919998168945,130.470001220703,131.289993286133,7769400,112.703102111816
"2020-08-04",130.770004272461,133.929992675781,130.699996948242,133.789993286133,7773700,114.849159240723
"2020-08-05",133.589996337891,134.649993896484,133.119995117188,133.440002441406,5680000,114.548736572266
"2020-08-06",132.850006103516,133.369995117188,132.119995117188,132.710006713867,3974100,113.922073364258
"2020-08-07",132.889999389648,133.639999389648,132.449996948242,133.550003051758,4934900,114.643180847168
"2020-08-10",133.699996948242,134.440002441406,133.190002441406,134.100006103516,5812700,115.115303039551
"2020-08-11",134.270004272461,134.740005493164,132.789993286133,133.229995727539,5329900,114.368446350098
"2020-08-12",133.770004272461,135.970001220703,133.699996948242,135.460006713867,5920400,116.282752990723
"2020-08-13",135.080001831055,135.869995117188,134.929992675781,135.779998779297,4989500,116.55744934082
"2020-08-14",135.610000610352,135.639999389648,134.550003051758,135.100006103516,5845200,115.973724365234
"2020-08-17",134.940002441406,135.699996948242,134.660003662109,135.5,5603800,116.31706237793
"2020-08-18",135.809997558594,137.520004272461,135.419998168945,136.509994506836,8670700,117.184127807617
"2020-08-19",135.539993286133,136.320007324219,135.5,135.770004272461,6827700,116.548873901367
"2020-08-20",135.240005493164,136.979995727539,135.190002441406,136.850006103516,4352200,117.475967407227
"2020-08-21",136.600006103516,138.100006103516,135.910003662109,137.440002441406,5706600,117.982421875
"2020-08-24",137.490005493164,138.779998779297,137.199996948242,138.509994506836,7420500,118.900924682617
"2020-08-25",139,139.149993896484,137.800003051758,139.059997558594,4718300,119.373100280762
"2020-08-26",138.570007324219,139.320007324219,138.25,138.389999389648,4746200,118.79793548584
"2020-08-27",138.839996337891,139.690002441406,138.179992675781,138.210006713867,6156100,118.643409729004
"2020-08-28",138.320007324219,138.910003662109,136.949996948242,138.770004272461,4166300,119.124160766602
"2020-08-31",138.190002441406,138.729995727539,137.820007324219,138.330001831055,5596800,118.746444702148
"2020-09-01",137.860000610352,138.220001220703,137.070007324219,138.179992675781,5671800,118.617691040039
"2020-09-02",138.110000610352,141.440002441406,137.610000610352,140.509994506836,8384800,120.617805480957
"2020-09-03",140.740005493164,141.699996948242,137.089996337891,138.259994506836,7277900,118.686340332031
"2020-09-04",137.809997558594,139.190002441406,136.119995117188,137.960006713867,7437700,118.428825378418
"2020-09-08",138.520004272461,138.639999389648,135.039993286133,135.940002441406,6847500,116.694793701172
"2020-09-09",136.419998168945,139.559997558594,136.270004272461,138.149993896484,6002900,118.591941833496
"2020-09-10",138.119995117188,138.720001220703,136.509994506836,136.699996948242,5242500,117.347198486328
"2020-09-11",137.690002441406,138.660003662109,137.160003662109,138.139999389648,4398000,118.583366394043
"2020-09-14",138.440002441406,139.580001831055,138.330001831055,138.630004882812,4767400,119.00399017334
"2020-09-15",138.789993286133,139.770004272461,138.389999389648,138.630004882812,4046500,119.00399017334
"2020-09-16",139.570007324219,140.169998168945,137.600006103516,137.699996948242,6049900,118.20565032959
"2020-09-17",137.059997558594,137.880004882812,136.190002441406,137.520004272461,4648500,118.051155090332
"2020-09-18",136.910003662109,137.929992675781,136.259994506836,137.369995117188,10192800,117.922355651855
"2020-09-21",137,137.470001220703,134.699996948242,136.710006713867,7092600,117.355773925781
"2020-09-22",136.490005493164,139.029998779297,136.240005493164,137.960006713867,4722800,118.428825378418
"2020-09-23",138.419998168945,138.419998168945,136.089996337891,136.309997558594,6373700,117.012397766113
"2020-09-24",136.669998168945,137.149993896484,135.710006713867,136.919998168945,5708200,117.536033630371
"2020-09-25",135.889999389648,137.990005493164,135.889999389648,137.619995117188,4969900,118.136962890625
"2020-09-28",138.559997558594,139.940002441406,137.779998779297,138.009994506836,5810800,118.471740722656
"2020-09-29",138.389999389648,138.419998168945,136.660003662109,137.259994506836,4492100,117.827911376953
"2020-09-30",138.160003662109,139.850006103516,137.809997558594,138.990005493164,8727800,119.312995910645
"2020-10-01",139.580001831055,139.990005493164,138.210006713867,139.240005493164,5713400,119.527603149414
"2020-10-02",137.929992675781,139.119995117188,136.949996948242,138.119995117188,6077900,118.56615447998
"2020-10-05",138.720001220703,139.649993896484,138.300003051758,139.389999389648,6333900,119.656364440918
"2020-10-06",139.419998168945,140.770004272461,138.809997558594,139.610000610352,6042900,119.845230102539
"2020-10-07",140.080001831055,141.389999389648,139.369995117188,140.699996948242,4640900,120.780921936035
"2020-10-08",140.559997558594,141.929992675781,140.360000610352,141.649993896484,4569800,121.59642791748
"2020-10-09",141.839996337891,143.639999389648,141.699996948242,142.919998168945,6551700,122.686653137207
"2020-10-12",143.330001831055,145.330001831055,143.330001831055,144.490005493164,5791500,124.034378051758
"2020-10-13",143.820007324219,144.839996337891,143.460006713867,144.210006713867,4509400,123.793975830078
"2020-10-14",144.179992675781,145.100006103516,143.080001831055,144.039993286133,3860700,123.648063659668
"2020-10-15",143.059997558594,144.389999389648,142.889999389648,143.830001831055,4997100,123.467796325684
"2020-10-16",144.419998168945,145.869995117188,143.919998168945,144.389999389648,6806100,123.948516845703
"2020-10-19",144.470001220703,145.389999389648,141.130004882812,141.910003662109,6427600,121.819625854492
"2020-10-20",145.610000610352,145.690002441406,141.899993896484,142.479995727539,7582100,122.308898925781
"2020-10-21",142.490005493164,144.339996337891,142.470001220703,143.25,5649700,122.969924926758
"2020-10-22",141.490005493164,142.75,141.080001831055,141.449996948242,4502900,122.098960876465
"2020-10-23",141.759994506836,142.880004882812,141.759994506836,142.380004882812,4278100,122.901741027832
"2020-10-26",141.5,142.050003051758,140.009994506836,141.300003051758,5315500,121.96949005127
"2020-10-27",141.940002441406,143.339996337891,141.649993896484,142.360000610352,6806700,122.884483337402
"2020-10-28",140.449996948242,140.940002441406,137.309997558594,137.660003662109,8192200,118.827423095703
"2020-10-29",137.350006103516,139.089996337891,135.800003051758,137.570007324219,5476900,118.749771118164
"2020-10-30",137.179992675781,137.990005493164,134.679992675781,137.100006103516,6422000,118.34407043457
"2020-11-02",138.509994506836,140,137.440002441406,138.5,6682800,119.552513122559
"2020-11-03",139.320007324219,142.660003662109,139.320007324219,141.220001220703,6244200,121.900405883789
"2020-11-04",140.460006713867,143,140.270004272461,140.639999389648,5820600,121.399742126465
"2020-11-05",142.440002441406,143.529998779297,141.779998779297,142.380004882812,5673100,122.901741027832
"2020-11-06",142.669998168945,144.070007324219,142.380004882812,143.229995727539,4702300,123.63542175293
"2020-11-09",146.149993896484,146.919998168945,137.600006103516,137.990005493164,12664700,119.112274169922
"2020-11-10",138.100006103516,140.619995117188,137.149993896484,140.259994506836,7854000,121.071731567383
"2020-11-11",141.850006103516,143,140.649993896484,142.070007324219,5554300,122.634147644043
"2020-11-12",142.289993286133,142.550003051758,141.070007324219,142.149993896484,5631700,122.703216552734
"2020-11-13",142.210006713867,144.479995727539,141.880004882812,144.279998779297,6466800,124.541816711426
"2020-11-16",144.779998779297,144.779998779297,141.259994506836,142.429992675781,7976600,122.944877624512
"2020-11-17",141.889999389648,143.470001220703,141.75,141.880004882812,6396800,122.47013092041
"2020-11-18",141.990005493164,142.100006103516,139.660003662109,139.699996948242,6097100,120.588356018066
"2020-11-19",139.869995117188,140.119995117188,138.449996948242,139.529998779297,5284100,120.441635131836
"2020-11-20",139.529998779297,140.350006103516,138.630004882812,139.300003051758,4726900,120.243110656738
"2020-11-23",139.320007324219,139.949996948242,137.860000610352,138.759994506836,4770600,119.776931762695
"2020-11-24",138.830001831055,139.839996337891,138.070007324219,138.309997558594,7101800,119.388473510742
"2020-11-25",138.160003662109,139.389999389648,138.039993286133,138.679992675781,8411300,119.707901000977
"2020-11-27",138.589996337891,138.889999389648,137.529998779297,138.610000610352,4252200,119.6474609375
"2020-11-30",138,139.199996948242,136.740005493164,138.869995117188,11640400,119.871932983398
"2020-12-01",139.160003662109,139.539993286133,138.160003662109,139.369995117188,7169700,120.303504943848
"2020-12-02",139.369995117188,139.940002441406,137.490005493164,138.360000610352,6963000,119.431694030762
"2020-12-03",138.089996337891,138.350006103516,135.539993286133,137.339996337891,8742500,118.551200866699
"2020-12-04",137.210006713867,137.860000610352,135.869995117188,137.470001220703,6617200,118.663436889648
"2020-12-07",136.610000610352,137.740005493164,136.559997558594,137.679992675781,6918000,118.844696044922
"2020-12-08",137.020004272461,138.779998779297,136.429992675781,138.050003051758,6493500,119.1640625
"2020-12-09",137.830001831055,138.039993286133,136.25,136.410003662109,6773400,117.748466491699
"2020-12-10",136.520004272461,136.919998168945,135.039993286133,135.509994506836,6800500,116.971580505371
"2020-12-11",134.460006713867,136.800003051758,134.199996948242,136.509994506836,6548000,117.834777832031
"2020-12-14",137.020004272461,137.929992675781,135.770004272461,135.850006103516,6485300,117.265083312988
"2020-12-15",136.389999389648,137.539993286133,136.240005493164,136.649993896484,5397000,117.955596923828
"2020-12-16",136.710006713867,138.270004272461,136.710006713867,137.270004272461,5382500,118.490776062012
"2020-12-17",138.009994506836,139.119995117188,137.949996948242,138.25,7405300,119.336708068848
"2020-12-18",138.259994506836,140.070007324219,137.449996948242,139.039993286133,19988800,120.018646240234
"2020-12-21",137.960006713867,138.429992675781,136.220001220703,137.520004272461,6732400,118.706611633301
"2020-12-22",137.289993286133,138.070007324219,136.380004882812,136.550003051758,5023100,117.869331359863
"2020-12-23",137.389999389648,137.550003051758,136.130004882812,136.339996337891,6004200,117.688041687012
"2020-12-24",136.199996948242,138.130004882812,136.199996948242,137.720001220703,2588200,118.879249572754
"2020-12-28",138.149993896484,139.389999389648,137.949996948242,138.679992675781,3714700,119.707901000977
"2020-12-29",139.220001220703,139.940002441406,138.199996948242,138.419998168945,5139300,119.483444213867
"2020-12-30",138.600006103516,138.919998168945,137.550003051758,137.770004272461,3261400,118.922401428223
"2020-12-31",138.309997558594,139.289993286133,137.389999389648,139.139999389648,4076400,120.104988098145
"2021-01-04",139.660003662109,139.860000610352,136.350006103516,137.820007324219,8330900,118.965545654297
"2021-01-05",137.990005493164,138.919998168945,136.270004272461,138.699996948242,6856400,119.725143432617
"2021-01-06",138.770004272461,141.039993286133,138.600006103516,140.160003662109,10578000,120.985443115234
"2021-01-07",139.75,140.130004882812,138.039993286133,138.850006103516,7355400,119.854675292969
"2021-01-08",138.470001220703,139.059997558594,137,138.789993286133,7448500,119.802833557129
"2021-01-11",138.75,139.440002441406,137.600006103516,137.850006103516,7239900,118.991470336914
"2021-01-12",137.850006103516,138.25,136.240005493164,137.050003051758,6333500,118.300880432129
"2021-01-13",137.100006103516,138.070007324219,137.100006103516,137.259994506836,6078800,118.482162475586
"2021-01-14",137.429992675781,137.649993896484,135.279998779297,135.800003051758,6172800,117.221900939941
"2021-01-15",135.25,136.199996948242,134.660003662109,134.779998779297,7757600,116.341453552246
"2021-01-19",135.699996948242,136.360000610352,133.559997558594,133.600006103516,9184900,115.322868347168
"2021-01-20",132.529998779297,133.800003051758,131.259994506836,131.929992675781,12506600,113.881309509277
"2021-01-21",130.649993896484,131.990005493164,130.509994506836,131.009994506836,8761600,113.769309997559
"2021-01-22",131.020004272461,131.470001220703,129.990005493164,130,7202800,112.892234802246
"2021-01-25",129.949996948242,133,129.899993896484,132.240005493164,9640000,114.837478637695
"2021-01-26",132.25,133.470001220703,131.429992675781,133.089996337891,5996700,115.575569152832
"2021-01-27",132.389999389648,133.100006103516,127.699996948242,128.380004882812,10826700,111.485420227051
"2021-01-28",127.839996337891,131.649993896484,127.440002441406,130.360000610352,8242000,113.204849243164
"2021-01-29",130.190002441406,130.289993286133,128.070007324219,128.210006713867,8344100,111.337791442871
"2021-02-01",129,129.660003662109,128.199996948242,128.970001220703,6534200,111.997772216797
"2021-02-02",129.600006103516,130.720001220703,128.690002441406,128.789993286133,6825600,111.841453552246
"2021-02-03",128.949996948242,129.199996948242,127.75,128.949996948242,7309400,111.980407714844
"2021-02-04",129.380004882812,129.460006713867,128.580001831055,129.029998779297,6613700,112.049858093262
"2021-02-05",129.119995117188,130.100006103516,129.029998779297,129.570007324219,5063700,112.518821716309
"2021-02-08",129.929992675781,130.100006103516,128.110000610352,129.169998168945,7011200,112.17147064209
"2021-02-09",129.460006713867,129.940002441406,128.229995727539,128.669998168945,5917800,111.737251281738
"2021-02-10",128.75,129.160003662109,127.959999084473,128.220001220703,8594100,111.346458435059
"2021-02-11",128.539993286133,129.330001831055,128.210006713867,128.330001831055,6139200,111.44197845459
"2021-02-12",128,128.130004882812,126.580001831055,127.620002746582,8407300,110.825416564941
"2021-02-16",127.970001220703,128.169998168945,126.98999786377,127.919998168945,8246000,111.085960388184
"2021-02-17",127.190002441406,129.490005493164,127.110000610352,128.460006713867,8845200,111.554885864258
"2021-02-18",127.809997558594,129.850006103516,127.589996337891,129.529998779297,6936400,112.484062194824
"2021-02-19",129.350006103516,129.440002441406,127.019996643066,127.120002746582,8277900,110.391227722168
"2021-02-22",126.790000915527,127.23999786377,126.379997253418,126.580001831055,6975500,109.922286987305
"2021-02-23",127.779998779297,129.929992675781,127.190002441406,127.519996643066,10145300,110.738586425781
"2021-02-24",127.349998474121,128.240005493164,126.910003662109,127.660003662109,7263000,110.860176086426
"2021-02-25",127.48999786377,128.990005493164,126.290000915527,126.580001831055,7790800,109.922286987305
"2021-02-26",126.540000915527,126.930000305176,121.819999694824,123.529998779297,17718800,107.273666381836
"2021-03-01",124.160003662109,125.48999786377,124,124.290000915527,7740200,107.933662414551
"2021-03-02",123.870002746582,124.860000610352,123.430000305176,123.900001525879,10206500,107.59497833252
"2021-03-03",123.769996643066,124.199996948242,122.790000915527,123.160003662109,7537000,106.952354431152
"2021-03-04",123.099998474121,124.769996643066,121.540000915527,122.150001525879,10228100,106.075286865234
"2021-03-05",122.76000213623,126.330001831055,122.550003051758,125.980003356934,10490900,109.401252746582
"2021-03-08",125.76000213623,128.899993896484,125.319999694824,127.309997558594,9224700,110.55623626709
"2021-03-09",127.650001525879,128.919998168945,126.059997558594,126.180000305176,8859700,109.574935913086
"2021-03-10",126.150001525879,128.419998168945,125.470001220703,127.339996337891,9070900,110.582275390625
"2021-03-11",127.129997253418,127.849998474121,126.720001220703,126.910003662109,6941500,110.208885192871
"2021-03-12",127.650001525879,128.820007324219,127.650001525879,128.139999389648,6521900,111.276992797852
"2021-03-15",128.389999389648,129.039993286133,127.190002441406,128.559997558594,7172600,111.641731262207
"2021-03-16",128.509994506836,129.979995727539,128.509994506836,128.940002441406,6485200,111.971710205078
"2021-03-17",129.110000610352,129.839996337891,128.350006103516,128.419998168945,6192900,111.520133972168
"2021-03-18",128.210006713867,129.039993286133,127.040000915527,128.699996948242,6871300,111.763336181641
"2021-03-19",129.100006103516,129.740005493164,127.900001525879,128.009994506836,20262100,111.164123535156
"2021-03-22",128.009994506836,130.889999389648,128.009994506836,130.179992675781,8077600,113.048538208008
"2021-03-23",130.410003662109,133.289993286133,129.990005493164,132.600006103516,9503800,115.150062561035
"2021-03-24",130.940002441406,133.139999389648,130.619995117188,132.559997558594,8318000,115.115325927734
"2021-03-25",133.089996337891,133.619995117188,132.050003051758,133.479995727539,7517300,115.914245605469
"2021-03-26",133.220001220703,135.610000610352,132.479995727539,135.449996948242,10821200,117.625022888184
"2021-03-29",135,137.600006103516,135,137.570007324219,11176000,119.466049194336
"2021-03-30",136.610000610352,137,135.139999389648,135.449996948242,8090600,117.625022888184
"2021-03-31",135.679992675781,136.75,135.259994506836,135.429992675781,9202600,117.607635498047
"2021-04-01",135.050003051758,135.479995727539,133.330001831055,134.279998779297,9117800,116.609008789062
"2021-04-05",134.960006713867,137.25,134.729995727539,136.449996948242,8279100,118.493392944336
"2021-04-06",136,137.020004272461,135.639999389648,136.5,6180600,118.536842346191
"2021-04-07",137.119995117188,137.330001831055,136.25,136.740005493164,10244500,118.745262145996
"2021-04-08",136.899993896484,137.630004882812,136.589996337891,137.259994506836,6190300,119.196815490723
"2021-04-09",136.509994506836,137.270004272461,135.559997558594,136.369995117188,5855400,118.423927307129
"2021-04-12",136.5,137.039993286133,135.710006713867,136.919998168945,6440900,118.901542663574
"2021-04-13",136.020004272461,136.389999389648,134.839996337891,135.110000610352,9161200,117.329765319824
"2021-04-14",135.520004272461,135.789993286133,134.580001831055,135.600006103516,7584000,117.755279541016
"2021-04-15",135.970001220703,137.759994506836,135.869995117188,137.240005493164,7945300,119.17945098877
"2021-04-16",137.610000610352,137.899993896484,136.880004882812,137.25,7708500,119.188140869141
"2021-04-19",136.940002441406,137.080001831055,135.389999389648,136.610000610352,9149400,118.632354736328
"2021-04-20",134.839996337891,138.589996337891,133.529998779297,137.75,10040500,119.622352600098
"2021-04-21",137.889999389648,138.570007324219,136.600006103516,136.850006103516,8465900,118.840789794922
"2021-04-22",135.369995117188,135.789993286133,134.059997558594,134.630004882812,7338300,117.660911560059
"2021-04-23",134.929992675781,135.080001831055,133.25,133.940002441406,6708300,117.057899475098
"2021-04-26",133.490005493164,133.759994506836,131.169998168945,131.259994506836,9910600,114.715682983398
"2021-04-27",131.240005493164,131.889999389648,130.289993286133,131.179992675781,8296800,114.645774841309
"2021-04-28",131.710006713867,131.850006103516,130.880004882812,131.399993896484,6262800,114.838035583496
"2021-04-29",131.309997558594,132.990005493164,131.309997558594,132.509994506836,6786800,115.808120727539
"2021-04-30",132.75,133.669998168945,132.259994506836,133.419998168945,9188600,116.603439331055
"2021-05-03",134.029998779297,135.679992675781,134.029998779297,135,8070300,117.984298706055
"2021-05-04",134.979995727539,135.830001831055,134.210006713867,134.539993286133,9624000,117.58226776123
"2021-05-05",134.369995117188,134.970001220703,133.369995117188,133.460006713867,8295900,116.638412475586
"2021-05-06",134.009994506836,135.369995117188,133.919998168945,135.139999389648,9771100,118.106658935547
"2021-05-07",135.080001831055,136.029998779297,134.759994506836,135.149993896484,6299100,118.115371704102
"2021-05-10",135.889999389648,138.419998168945,135.690002441406,137.669998168945,8852700,120.317756652832
"2021-05-11",138.490005493164,138.789993286133,136.470001220703,136.990005493164,10973700,119.723472595215
"2021-05-12",136.490005493164,137,135.490005493164,135.539993286133,8853700,118.456230163574
"2021-05-13",135.889999389648,138.529998779297,135.389999389648,137.720001220703,8753600,120.361473083496
"2021-05-14",137.669998168945,139.100006103516,137.669998168945,138.009994506836,5989500,120.614906311035
"2021-05-17",137.970001220703,139.070007324219,137.610000610352,137.729995727539,7690700,120.37020111084
"2021-05-18",136.460006713867,137.830001831055,136.149993896484,136.320007324219,9239100,119.13793182373
"2021-05-19",136.059997558594,136.830001831055,135.589996337891,136.600006103516,9806800,119.382629394531
"2021-05-20",136.789993286133,138.710006713867,136.720001220703,138,8768200,120.60619354248
"2021-05-21",138.199996948242,138.940002441406,137.779998779297,138,10161000,120.60619354248
"2021-05-24",138,138.800003051758,137.729995727539,137.960006713867,6981300,120.571220397949
"2021-05-25",138.050003051758,138.479995727539,136.75,138.429992675781,8142400,120.981986999512
"2021-05-26",138.789993286133,138.860000610352,137.869995117188,138.119995117188,8122900,120.711006164551
"2021-05-27",138.119995117188,138.279998779297,134.660003662109,134.979995727539,33095700,117.966812133789
"2021-05-28",135.149993896484,136.130004882812,134.639999389648,134.850006103516,10477100,117.853210449219
"2021-06-01",135.789993286133,136,132.479995727539,132.880004882812,9993900,116.131523132324
"2021-06-02",133,133.630004882812,132.520004272461,133.460006713867,8254100,116.638412475586
"2021-06-03",133.229995727539,135.910003662109,133.199996948242,135.850006103516,11249800,118.727188110352
"2021-06-04",135.699996948242,136.619995117188,135.399993896484,135.949996948242,6894400,118.814559936523
"2021-06-07",136.360000610352,136.839996337891,135.679992675781,136.419998168945,8418000,119.225311279297
"2021-06-08",136.679992675781,136.75,134.75,134.839996337891,6911500,117.84447479248
"2021-06-09",135.550003051758,136.440002441406,134.740005493164,134.789993286133,6200700,117.800750732422
"2021-06-10",135.020004272461,136.350006103516,134.619995117188,135.789993286133,6515500,118.674705505371
"2021-06-11",135.75,135.869995117188,133.899993896484,134.860000610352,10641400,117.861923217773
"2021-06-14",134.979995727539,135.029998779297,133.960006713867,134.910003662109,6302000,117.905654907227
"2021-06-15",135.199996948242,135.639999389648,134.550003051758,134.649993896484,5543400,117.67839050293
"2021-06-16",135.179992675781,135.580001831055,132.649993896484,132.779998779297,8936400,116.04411315918
"2021-06-17",132.820007324219,134.160003662109,132.649993896484,133.990005493164,7875600,117.101608276367
"2021-06-18",133.339996337891,133.350006103516,131.940002441406,132.029998779297,13997600,115.388626098633
"2021-06-21",132.690002441406,133.259994506836,132.399993896484,133.070007324219,8014800,116.297554016113
"2021-06-22",133.039993286133,134.020004272461,132.880004882812,133.119995117188,6550900,116.341239929199
"2021-06-23",132.949996948242,133.360000610352,132.320007324219,132.929992675781,5796000,116.175201416016
"2021-06-24",132.949996948242,133.309997558594,132.699996948242,133.020004272461,6056700,116.253868103027
"2021-06-25",133.259994506836,135.539993286133,132.949996948242,134.919998168945,24504900,117.914375305176
"2021-06-28",134.899993896484,136.160003662109,134.759994506836,135.320007324219,6065400,118.263969421387
"2021-06-29",135.509994506836,135.830001831055,133.820007324219,134.399993896484,5792300,117.459907531738
"2021-06-30",134.580001831055,135.289993286133,134.289993286133,134.929992675781,5776600,117.923118591309
"2021-07-01",135.429992675781,136.139999389648,134.919998168945,135.240005493164,5922300,118.194053649902
"2021-07-02",135.600006103516,136.639999389648,135.419998168945,135.899993896484,5572000,118.770858764648
"2021-07-06",135.520004272461,136.300003051758,135.360000610352,135.979995727539,6534400,118.840759277344
"2021-07-07",136.029998779297,137.589996337891,136.029998779297,137,5532700,119.732208251953
"2021-07-08",136.990005493164,137.399993896484,135.889999389648,136.979995727539,7585200,119.714714050293
"2021-07-09",137.240005493164,137.649993896484,136.839996337891,137.029998779297,5948700,119.758445739746
"2021-07-12",136.899993896484,137.470001220703,136.429992675781,137.139999389648,6807300,119.85457611084
"2021-07-13",136.389999389648,137.570007324219,136.389999389648,136.970001220703,5603800,119.706001281738
"2021-07-14",137.009994506836,138.229995727539,136.369995117188,137.979995727539,5903600,120.588684082031
"2021-07-15",138.009994506836,139.259994506836,137.699996948242,139.160003662109,7357100,121.619972229004
"2021-07-16",139.300003051758,140.779998779297,139.110000610352,140.509994506836,9346300,122.799789428711
"2021-07-19",140.320007324219,141.869995117188,138.809997558594,140.440002441406,9544100,122.738632202148
"2021-07-20",140.440002441406,141.979995727539,139.639999389648,139.690002441406,8136300,122.083137512207
"2021-07-21",139.949996948242,140.199996948242,138.990005493164,139.199996948242,6954700,121.654899597168
"2021-07-22",137.289993286133,138.330001831055,136.710006713867,137.800003051758,6013800,121.188850402832
"2021-07-23",137.479995727539,139.979995727539,137.080001831055,139.789993286133,7906000,122.938941955566
"2021-07-26",139.619995117188,140.820007324219,139.220001220703,140.279998779297,5925800,123.369857788086
"2021-07-27",140.149993896484,141.619995117188,140,140.850006103516,7075400,123.871139526367
"2021-07-28",140.669998168945,140.669998168945,138.710006713867,138.759994506836,8520000,122.033088684082
"2021-07-29",139.759994506836,140.179992675781,138.729995727539,139.479995727539,5430500,122.666275024414
"2021-07-30",142,144.539993286133,141.550003051758,142.229995727539,14394300,125.084800720215
"2021-08-02",141.770004272461,142.429992675781,140.800003051758,141.880004882812,7009500,124.776977539062
"2021-08-03",141.860000610352,144.210006713867,141.520004272461,143.949996948242,8455700,126.597434997559
"2021-08-04",143.039993286133,144.089996337891,142.350006103516,142.429992675781,6628000,125.260688781738
"2021-08-05",143.350006103516,143.550003051758,141.470001220703,142.5,5363300,125.322235107422
"2021-08-06",143.029998779297,143.119995117188,141.220001220703,141.410003662109,6030100,124.363655090332
"2021-08-09",141.949996948242,142.589996337891,141.699996948242,142.179992675781,4743800,125.040786743164
"2021-08-10",141.910003662109,142.509994506836,141.660003662109,142.270004272461,5253500,125.119964599609
"2021-08-11",142.740005493164,143.240005493164,142.470001220703,142.619995117188,4205000,125.427780151367
"2021-08-12",143.149993896484,143.149993896484,142.350006103516,142.949996948242,4956100,125.718002319336
"2021-08-13",142.949996948242,143.990005493164,142.690002441406,143.639999389648,4888800,126.324851989746
"2021-08-16",143.669998168945,144.690002441406,143.380004882812,144.639999389648,6040800,127.204299926758
"2021-08-17",144.399993896484,145.600006103516,143.889999389648,144.880004882812,7577000,127.415374755859
"2021-08-18",144.699996948242,144.880004882812,143.179992675781,143.300003051758,7162000,126.025817871094
"2021-08-19",143.160003662109,145.279998779297,143.160003662109,144.990005493164,5787200,127.512062072754
"2021-08-20",145.25,145.979995727539,144.779998779297,145.089996337891,5273800,127.600028991699
"2021-08-23",144.289993286133,145.339996337891,144.229995727539,144.350006103516,4522200,126.949226379395
"2021-08-24",144.009994506836,144.149993896484,142.979995727539,143.179992675781,4560400,125.920280456543
"2021-08-25",143.070007324219,143.130004882812,142.25,142.669998168945,3861500,125.47176361084
"2021-08-26",142.559997558594,142.710006713867,141.470001220703,142.419998168945,4749400,125.251899719238
"2021-08-27",142.479995727539,142.770004272461,141.639999389648,142.309997558594,4741200,125.155158996582
"2021-08-30",142.600006103516,142.990005493164,142.050003051758,142.929992675781,3845800,125.700408935547
"2021-08-31",143.039993286133,143.529998779297,142.050003051758,142.389999389648,9642400,125.225494384766
"2021-09-01",142.330001831055,144.190002441406,142.229995727539,143.839996337891,6214200,126.500709533691
"2021-09-02",143.970001220703,144.729995727539,143.580001831055,143.949996948242,5392500,126.597434997559
"2021-09-03",143.759994506836,144.369995117188,143.520004272461,144.050003051758,5466400,126.685409545898
"2021-09-07",144.320007324219,144.5,143.289993286133,143.509994506836,6520600,126.210487365723
"2021-09-08",143.080001831055,144.940002441406,143.009994506836,144.600006103516,6897800,127.16911315918
"2021-09-09",144.570007324219,144.880004882812,143.649993896484,143.990005493164,6354700,126.632637023926
"2021-09-10",144.059997558594,144.460006713867,143.320007324219,144.130004882812,5750000,126.75577545166
"2021-09-13",144.850006103516,147.229995727539,144.850006103516,145.679992675781,9952500,128.118896484375
"2021-09-14",146.130004882812,146.360000610352,144.949996948242,145.429992675781,5831800,127.899055480957
"2021-09-15",145.350006103516,145.770004272461,144.740005493164,145.119995117188,6237100,127.626426696777
"2021-09-16",144.839996337891,145.190002441406,142.820007324219,144.110000610352,6142100,126.738136291504
"2021-09-17",144.369995117188,146.279998779297,144.229995727539,144.339996337891,18737400,126.9404296875
"2021-09-20",144.220001220703,144.850006103516,141.970001220703,142.889999389648,10238700,125.665229797363
"2021-09-21",142.979995727539,144.529998779297,142.880004882812,143.110000610352,6651300,125.858711242676
"2021-09-22",143.820007324219,144.350006103516,142.860000610352,143.600006103516,6332500,126.289657592773
"2021-09-23",144.059997558594,144.690002441406,143.490005493164,144.190002441406,5171200,126.808532714844
"2021-09-24",143.800003051758,144.449996948242,143.089996337891,143.550003051758,5009400,126.245681762695
"2021-09-27",143.149993896484,143.169998168945,141.520004272461,141.660003662109,5749700,124.583518981934
"2021-09-28",141.050003051758,141.369995117188,139.559997558594,140.589996337891,7015300,123.642486572266
"2021-09-29",140.270004272461,142.679992675781,140.179992675781,142.020004272461,5460000,124.900108337402
"2021-09-30",142.639999389648,142.740005493164,139.529998779297,139.800003051758,6934900,122.947723388672
"2021-10-01",139.929992675781,140.229995727539,138.320007324219,139.580001831055,5587200,122.754234313965
"2021-10-04",139.389999389648,140.399993896484,137.600006103516,138.789993286133,5816000,122.059455871582
"2021-10-05",138.800003051758,140.520004272461,138.720001220703,139.330001831055,6902700,122.534385681152
"2021-10-06",138.990005493164,141.259994506836,138.619995117188,141.190002441406,5332900,124.170150756836
"2021-10-07",141.75,143.029998779297,141.75,142.320007324219,5334600,125.163948059082
"2021-10-08",142.289993286133,142.619995117188,141.039993286133,141.729995727539,6131800,124.645065307617
"2021-10-11",142.369995117188,142.770004272461,141.770004272461,142.320007324219,5995600,125.163948059082
"2021-10-12",142.600006103516,143.039993286133,141.699996948242,142.110000610352,6734800,124.979263305664
"2021-10-13",142.399993896484,142.759994506836,141.029998779297,142.440002441406,5689800,125.269462585449
"2021-10-14",142.830001831055,144.309997558594,142.809997558594,144.050003051758,6777800,126.685409545898
"2021-10-15",144.520004272461,144.869995117188,143.679992675781,144.419998168945,6923700,127.010795593262
"2021-10-18",143.550003051758,143.699996948242,142.100006103516,142.339996337891,9119000,125.181571960449
"2021-10-19",139.080001831055,140.820007324219,138.800003051758,140.660003662109,9555300,123.704048156738
"2021-10-20",140.149993896484,141.960006713867,139.850006103516,141.210006713867,7352700,124.18775177002
"2021-10-21",140.860000610352,141.160003662109,139.179992675781,139.330001831055,6545500,123.294036865234
"2021-10-22",139.389999389648,141.009994506836,139.320007324219,140.830001831055,5265000,124.621360778809
"2021-10-25",140.410003662109,140.919998168945,139.050003051758,140.850006103516,5382100,124.639068603516
"2021-10-26",141.619995117188,143.179992675781,141.240005493164,142.850006103516,6234900,126.408866882324
"2021-10-27",143.139999389648,143.679992675781,141.690002441406,141.830001831055,9643500,125.506248474121
"2021-10-28",141.889999389648,142.880004882812,141.710006713867,142.679992675781,4538500,126.258422851562
"2021-10-29",142.160003662109,143.479995727539,142.020004272461,142.990005493164,6239500,126.532745361328
"2021-11-01",143.360000610352,143.800003051758,142.490005493164,142.639999389648,5038900,126.22306060791
"2021-11-02",142.720001220703,144.580001831055,142.279998779297,144.059997558594,9954300,127.47957611084
"2021-11-03",144.130004882812,145.110000610352,143.520004272461,145.050003051758,7620100,128.355682373047
"2021-11-04",142.839996337891,145.389999389648,142.339996337891,145.320007324219,6402500,128.594543457031
"2021-11-05",145.440002441406,146.369995117188,144.800003051758,146.039993286133,6062700,129.231704711914
"2021-11-08",145.5,146.100006103516,144.020004272461,144.949996948242,5854400,128.267181396484
"2021-11-09",145.029998779297,145.830001831055,144.580001831055,145.389999389648,4873100,128.656539916992
"2021-11-10",145.740005493164,147.309997558594,145.589996337891,146.820007324219,7334900,129.921936035156
"2021-11-11",146.860000610352,146.970001220703,146.210006713867,146.399993896484,4096300,129.55029296875
"2021-11-12",146.740005493164,147.080001831055,145.979995727539,146.559997558594,5687400,129.691879272461
"2021-11-15",147.029998779297,147.75,146.470001220703,147.399993896484,5510200,130.435180664062
"2021-11-16",147.389999389648,148.589996337891,147.009994506836,147.190002441406,7603900,130.249389648438
"2021-11-17",146.970001220703,147.779998779297,146.419998168945,147.100006103516,4900200,130.16975402832
"2021-11-18",147.039993286133,148.080001831055,146.509994506836,147.119995117188,5509300,130.187393188477
"2021-11-19",147.949996948242,148.229995727539,146.789993286133,146.820007324219,6274300,129.921936035156
"2021-11-22",146.970001220703,148.940002441406,146.830001831055,147.800003051758,6625400,130.789184570312
"2021-11-23",147.830001831055,149.5,147.669998168945,149.440002441406,7912800,132.240386962891
"2021-11-24",148.770004272461,148.880004882812,147.679992675781,148.660003662109,5665200,131.550155639648
"2021-11-26",148.580001831055,149.720001220703,147.309997558594,147.470001220703,6299800,130.497146606445
"2021-11-29",147.789993286133,149.660003662109,146.789993286133,149.020004272461,7113300,131.868759155273
"2021-11-30",147.809997558594,148.539993286133,144.119995117188,144.580001831055,11696400,127.939781188965
"2021-12-01",144.850006103516,147.869995117188,144.850006103516,146.399993896484,8313500,129.55029296875
"2021-12-02",147.009994506836,148.460006713867,146.940002441406,147.259994506836,9468800,130.311294555664
"2021-12-03",148.020004272461,150,147.660003662109,149.880004882812,11200800,132.629760742188
"2021-12-06",150.190002441406,152.389999389648,150.190002441406,152.149993896484,11935100,134.638473510742
"2021-12-07",151.949996948242,152.580001831055,151.270004272461,151.75,7913400,134.284545898438
"2021-12-08",151.669998168945,152.660003662109,150.279998779297,152.429992675781,8329300,134.886245727539
"2021-12-09",152.309997558594,154.190002441406,151.600006103516,153.320007324219,8334300,135.673858642578
"2021-12-10",153.850006103516,155.800003051758,153.429992675781,155.460006713867,7172300,137.567520141602
"2021-12-13",155.300003051758,158.330001831055,154.910003662109,157.669998168945,8944000,139.523193359375
"2021-12-14",157.899993896484,158.630004882812,156.660003662109,158.25,8677500,140.036437988281
"2021-12-15",157.639999389648,159.639999389648,157.639999389648,158.860000610352,9152600,140.576187133789
"2021-12-16",158.729995727539,161.320007324219,158.419998168945,161.110000610352,10852900,142.567230224609
"2021-12-17",160.660003662109,161.720001220703,157.309997558594,157.460006713867,24349400,139.337356567383
"2021-12-20",156.600006103516,158.460006713867,156.570007324219,157.860000610352,9202600,139.691299438477
"2021-12-21",157.649993896484,158.149993896484,156.789993286133,157.759994506836,6946000,139.602828979492
"2021-12-22",157.770004272461,159.580001831055,157.270004272461,159.320007324219,6626300,140.983261108398
"2021-12-23",159.5,160.919998168945,159.440002441406,160.100006103516,5640900,141.673492431641
"2021-12-27",160.669998168945,161.990005493164,160.610000610352,161.970001220703,4548600,143.328262329102
"2021-12-28",161.960006713867,163.380004882812,161.940002441406,162.839996337891,5929400,144.098159790039
"2021-12-29",163.210006713867,164.979995727539,163.080001831055,164.190002441406,5346100,145.292739868164
"2021-12-30",164.399993896484,164.589996337891,162.610000610352,162.770004272461,5911500,144.036224365234
"2021-12-31",162.860000610352,163.729995727539,162.460006713867,163.580001831055,5327000,144.752944946289
"2022-01-03",161.690002441406,162.940002441406,159.880004882812,162.899993896484,9317300,144.151184082031
"2022-01-04",162.289993286133,164.389999389648,162.179992675781,163.470001220703,9253800,144.655624389648
"2022-01-05",163.440002441406,165.320007324219,163.399993896484,164.210006713867,9330200,145.310501098633
"2022-01-06",164.339996337891,165.199996948242,162.610000610352,162.830001831055,7556000,144.089279174805
"2022-01-07",163.130004882812,163.529998779297,161.949996948242,162.740005493164,6098500,144.009658813477
"2022-01-10",162.509994506836,163.119995117188,160.169998168945,160.520004272461,8055000,142.045181274414
"2022-01-11",160.220001220703,160.220001220703,156.910003662109,158.660003662109,11957900,140.399230957031
"2022-01-12",158.259994506836,159.360000610352,157.830001831055,159.009994506836,7127500,140.708953857422
"2022-01-13",159.309997558594,159.449996948242,157.779998779297,158.289993286133,6551000,140.071807861328
"2022-01-14",158.070007324219,160.490005493164,157.559997558594,159.809997558594,10708000,141.416854858398
"2022-01-18",158.529998779297,158.529998779297,156.039993286133,156.729995727539,10988400,138.691375732422
"2022-01-19",157.610000610352,164.190002441406,156.970001220703,162,14088300,143.354843139648
"2022-01-20",160.119995117188,164.330001831055,160.119995117188,162,10799100,144.128860473633
"2022-01-21",163,165.350006103516,162.100006103516,162.619995117188,10900400,144.680435180664
"2022-01-24",163.429992675781,164.119995117188,158.720001220703,161.300003051758,14838100,143.506072998047
"2022-01-25",160.449996948242,161.300003051758,157.889999389648,159.539993286133,9369600,141.940216064453
"2022-01-26",157.339996337891,159.570007324219,156.380004882812,158.149993896484,10707100,140.703552246094
"2022-01-27",158.729995727539,161.350006103516,158.580001831055,159.130004882812,9083000,141.575469970703
"2022-01-28",158.610000610352,160.949996948242,157.320007324219,160.5,9494200,142.794342041016
"2022-01-31",159.350006103516,160.649993896484,158.869995117188,160.449996948242,8950100,142.749847412109
"2022-02-01",160.789993286133,161.300003051758,157.729995727539,159.740005493164,6284100,142.118194580078
"2022-02-02",160.139999389648,162.839996337891,159.470001220703,162.600006103516,7558800,144.662643432617
"2022-02-03",161.979995727539,164.979995727539,161.619995117188,164.139999389648,10474500,146.032791137695
"2022-02-04",163.130004882812,164.490005493164,161.410003662109,161.529998779297,8959900,143.710693359375
"2022-02-07",161.869995117188,162.259994506836,159.669998168945,160.320007324219,6430500,142.634170532227
"2022-02-08",161.119995117188,161.270004272461,159.649993896484,159.960006713867,5048700,142.313903808594
"2022-02-09",160.360000610352,160.639999389648,159.270004272461,159.600006103516,8077400,141.993576049805
"2022-02-10",159.089996337891,159.5,156.649993896484,157.169998168945,7033000,139.831695556641
"2022-02-11",158.009994506836,158.580001831055,155.580001831055,156.289993286133,9341400,139.048736572266
"2022-02-14",156.139999389648,157.059997558594,153.360000610352,156.740005493164,9472200,139.449127197266
"2022-02-15",157.770004272461,159.320007324219,156.110000610352,156.820007324219,6659200,139.520278930664
"2022-02-16",156.830001831055,158.779998779297,156.270004272461,158.009994506836,9315700,140.578979492188
"2022-02-17",158.380004882812,160.380004882812,157.350006103516,159.820007324219,7925500,142.189346313477
"2022-02-18",159.5,161.059997558594,158.820007324219,159.899993896484,8063200,142.260498046875
"2022-02-22",160.110000610352,160.880004882812,156.660003662109,157.929992675781,8179500,140.507873535156
"2022-02-23",158.300003051758,158.600006103516,155.600006103516,155.960006713867,6273000,138.755187988281
"2022-02-24",155.639999389648,155.979995727539,150.559997558594,151.759994506836,13145100,135.018478393555
"2022-02-25",152.330001831055,158.940002441406,152.25,158.240005493164,8888800,140.783630371094
"2022-02-28",156.289993286133,157.190002441406,153.820007324219,155.889999389648,8669200,138.69287109375
"2022-03-01",154.309997558594,155.399993896484,152.339996337891,153.309997558594,8311900,136.397491455078
"2022-03-02",152.960006713867,155.080001831055,152.600006103516,153.789993286133,6111300,136.824523925781
"2022-03-03",153.770004272461,155.860000610352,153.770004272461,154.360000610352,7451200,137.331680297852
"2022-03-04",153.119995117188,155.350006103516,152.550003051758,155.139999389648,8639100,138.025619506836
"2022-03-07",154.490005493164,154.520004272461,151.139999389648,152.839996337891,8374500,135.979309082031
"2022-03-08",152.179992675781,152.949996948242,146.580001831055,146.789993286133,9517200,130.596725463867
"2022-03-09",148.830001831055,150.470001220703,147.809997558594,148.770004272461,7044100,132.358322143555
"2022-03-10",147.800003051758,148.279998779297,143.940002441406,144.940002441406,9221000,128.95085144043
"2022-03-11",145.399993896484,146.160003662109,143.029998779297,143.220001220703,7086100,127.420562744141
"2022-03-14",144.449996948242,146.039993286133,143.350006103516,145.050003051758,7964600,129.048706054688
"2022-03-15",147.009994506836,150.539993286133,146.889999389648,150.270004272461,9868400,133.692840576172
"2022-03-16",150.630004882812,151.789993286133,148.039993286133,149.759994506836,6908900,133.239105224609
"2022-03-17",149.990005493164,150.470001220703,148.5,150.229995727539,6003800,133.657257080078
"2022-03-18",150.869995117188,150.869995117188,148.240005493164,150.149993896484,15570300,133.586059570312
"2022-03-21",150.440002441406,151.419998168945,149.240005493164,150.720001220703,6937500,134.093185424805
"2022-03-22",153.429992675781,153.600006103516,150.520004272461,151.880004882812,7292100,135.125274658203
"2022-03-23",152.199996948242,153.009994506836,150.690002441406,150.820007324219,5531900,134.182205200195
"2022-03-24",150.889999389648,151.559997558594,150.160003662109,151.080001831055,4203100,134.413497924805
"2022-03-25",151.630004882812,153.919998168945,151.509994506836,152.830001831055,5047700,135.970443725586
"2022-03-28",153.639999389648,153.899993896484,152.630004882812,153.880004882812,4234000,136.904632568359
"2022-03-29",155.369995117188,156.470001220703,154.020004272461,155.460006713867,5643400,138.310317993164
"2022-03-30",152.5,154.429992675781,151.940002441406,154.389999389648,5779300,137.358337402344
"2022-03-31",154.100006103516,154.339996337891,152.399993896484,152.800003051758,7538600,135.943771362305
"2022-04-01",153.520004272461,155.460006713867,152.059997558594,155.089996337891,5742600,137.981155395508
"2022-04-04",153.809997558594,154.350006103516,151.259994506836,154.080001831055,5992000,137.082534790039
"2022-04-05",153.610000610352,157.369995117188,153.539993286133,154.619995117188,7653000,137.563018798828
"2022-04-06",154.419998168945,157.289993286133,153.940002441406,156.830001831055,8884700,139.529205322266
"2022-04-07",157.869995117188,159.389999389648,156.970001220703,158.860000610352,6889700,141.335235595703
"2022-04-08",159.699996948242,160.529998779297,158.919998168945,160.100006103516,6045400,142.438446044922
"2022-04-11",159.949996948242,161.210006713867,158.630004882812,159.490005493164,6158400,141.895767211914
"2022-04-12",159.309997558594,160.630004882812,158.699996948242,159.009994506836,7221500,141.468688964844
"2022-04-13",159.080001831055,160.410003662109,158.710006713867,159.460006713867,5247700,141.869049072266
"2022-04-14",159.979995727539,160.300003051758,158.449996948242,158.570007324219,7806500,141.077224731445
"2022-04-18",158.479995727539,158.979995727539,156.529998779297,157.059997558594,6034500,139.733795166016
"2022-04-19",156.770004272461,160.029998779297,156.300003051758,159.410003662109,7897000,141.824584960938
"2022-04-20",160.5,164.479995727539,160,163.649993896484,10196100,145.596862792969
"2022-04-21",163.820007324219,164.899993896484,162.429992675781,162.610000610352,9365700,145.483215332031
"2022-04-22",163.240005493164,163.520004272461,160.910003662109,161.25,9394600,144.26643371582
"2022-04-25",161.699996948242,163.289993286133,159.800003051758,162.550003051758,6986800,145.429534912109
"2022-04-26",162.679992675781,163.639999389648,159.75,159.789993286133,7769500,142.960235595703
"2022-04-27",160.210006713867,161.449996948242,159.110000610352,159.360000610352,6754900,142.575500488281
"2022-04-28",160.539993286133,163.710006713867,159.270004272461,163.410003662109,9306800,146.198974609375
"2022-04-29",162.470001220703,162.949996948242,160.199996948242,160.550003051758,10637000,143.640167236328
"2022-05-02",161.600006103516,162,156.190002441406,158.380004882812,10351600,141.69873046875
"2022-05-03",158.220001220703,158.990005493164,155.009994506836,156.210006713867,10344000,139.757293701172
"2022-05-04",155.830001831055,157.550003051758,155.149993896484,157.360000610352,7771000,140.786148071289
"2022-05-05",156.300003051758,157.289993286133,153.139999389648,154.460006713867,8217100,138.191589355469
"2022-05-06",154.770004272461,156.240005493164,153.869995117188,156,7304800,139.569427490234
"2022-05-09",153.960006713867,156.759994506836,152.75,155.610000610352,8540800,139.220489501953
"2022-05-10",155.550003051758,156.619995117188,153.940002441406,154.789993286133,7447400,138.486846923828
"2022-05-11",154.029998779297,155.899993896484,152.350006103516,152.610000610352,7692200,136.53645324707
"2022-05-12",153.520004272461,153.610000610352,149.880004882812,151.990005493164,9600800,135.981735229492
"2022-05-13",152.580001831055,153.729995727539,150.419998168945,153.619995117188,5675500,137.440078735352
"2022-05-16",153.470001220703,155.899993896484,152.029998779297,155.119995117188,5971000,138.78205871582
"2022-05-17",155.130004882812,156.75,153.070007324219,154.679992675781,6509100,138.388412475586
"2022-05-18",154.669998168945,154.759994506836,144.539993286133,145.039993286133,9670700,129.763748168945
"2022-05-19",143.410003662109,143.419998168945,140.600006103516,141.699996948242,9694100,126.775512695312
"2022-05-20",142.149993896484,142.449996948242,139.179992675781,141.789993286133,7786900,126.856056213379
"2022-05-23",142.839996337891,145.630004882812,142.080001831055,145.050003051758,7134500,129.772720336914
"2022-05-24",144.889999389648,147.940002441406,144.820007324219,147.630004882812,7207400,132.080978393555
"2022-05-25",147.110000610352,147.139999389648,143.5,145.210006713867,8217800,129.91584777832
"2022-05-26",146.479995727539,147.380004882812,145.039993286133,146.479995727539,5702600,131.052093505859
"2022-05-27",146.970001220703,148.720001220703,146.630004882812,148.720001220703,6028800,133.05615234375
"2022-05-31",147.289993286133,148.990005493164,146.160003662109,147.880004882812,12416700,132.304672241211
"2022-06-01",148,148.119995117188,144.710006713867,145.639999389648,7036000,130.300552368164
"2022-06-02",145.970001220703,147.259994506836,142.630004882812,147.210006713867,6479800,131.705215454102
"2022-06-03",146.360000610352,147.210006713867,145.119995117188,145.889999389648,4720700,130.52424621582
"2022-06-06",147.369995117188,147.639999389648,144.589996337891,145.320007324219,4751100,130.014282226562
"2022-06-07",143.669998168945,147.179992675781,143.429992675781,146.940002441406,4918600,131.463638305664
"2022-06-08",146.300003051758,146.429992675781,144.990005493164,145.110000610352,4369600,129.826385498047
"2022-06-09",145.410003662109,146.889999389648,142.339996337891,142.490005493164,4625700,127.482322692871
"2022-06-10",140.889999389648,143.149993896484,139.449996948242,141.949996948242,6630800,126.999229431152
"2022-06-13",139.5,140.490005493164,137.630004882812,138.149993896484,8549500,123.599464416504
"2022-06-14",137.509994506836,137.580001831055,132.539993286133,133.839996337891,9980200,119.743377685547
"2022-06-15",134.440002441406,134.899993896484,129.5,132.509994506836,12178100,118.553443908691
"2022-06-16",131.029998779297,135.070007324219,130.600006103516,133.320007324219,9683300,119.278175354004
"2022-06-17",132.559997558594,134.259994506836,131.429992675781,132.360000610352,17113300,118.419273376465
"2022-06-21",134.619995117188,137,133.429992675781,136.369995117188,9017000,122.006912231445
"2022-06-22",135.679992675781,139.690002441406,135.669998168945,138.5,8374500,123.912574768066
"2022-06-23",139.050003051758,142.479995727539,138.899993896484,142.300003051758,6418300,127.31233215332
"2022-06-24",144.199996948242,145.240005493164,143.119995117188,144.350006103516,19440600,129.146423339844
"2022-06-27",144.119995117188,144.759994506836,142.710006713867,143.25,5618500,128.162292480469
"2022-06-28",143.539993286133,144.089996337891,140.580001831055,140.919998168945,6077300,126.077682495117
"2022-06-29",141.600006103516,142.860000610352,141.149993896484,142.199996948242,5174600,127.222862243652
"2022-06-30",141.690002441406,144.440002441406,141.229995727539,143.789993286133,7410100,128.645401000977
"2022-07-01",144.240005493164,146.25,143.399993896484,146.110000610352,5937200,130.721084594727
"2022-07-05",144.580001831055,146.100006103516,142.539993286133,144.699996948242,5760900,129.459548950195
"2022-07-06",145.509994506836,147.490005493164,144.970001220703,146.050003051758,5485200,130.667373657227
"2022-07-07",145.289993286133,146.190002441406,144.600006103516,146,6623400,130.622650146484
"2022-07-08",145.990005493164,146.809997558594,144.570007324219,145.020004272461,4294200,129.745849609375
"2022-07-11",145.149993896484,146.580001831055,144.679992675781,146.039993286133,5482900,130.658416748047
"2022-07-12",145.860000610352,146.919998168945,144.369995117188,144.75,5204400,129.504302978516
"2022-07-13",144.410003662109,146.960006713867,144.210006713867,145.699996948242,5075600,130.354217529297
"2022-07-14",143.759994506836,145.529998779297,143.470001220703,145.270004272461,4867000,129.969528198242
"2022-07-15",145.339996337891,145.699996948242,144.100006103516,145.070007324219,6264600,129.790603637695
"2022-07-18",144.940002441406,145.089996337891,143.169998168945,143.309997558594,6047500,128.216003417969
"2022-07-19",144.570007324219,145.009994506836,143.639999389648,144.039993286133,5943600,128.869064331055
"2022-07-20",144,144.220001220703,140.639999389648,141.550003051758,8635300,126.641334533691
"2022-07-21",140.600006103516,141.360000610352,138.949996948242,140.770004272461,8310200,126.761116027832
"2022-07-22",140.759994506836,143.169998168945,140.669998168945,143.020004272461,5292700,128.787216186523
"2022-07-25",142.800003051758,144.419998168945,142.529998779297,143.990005493164,5262100,129.660675048828
"2022-07-26",142.690002441406,144.490005493164,141.710006713867,144.270004272461,5375700,129.912811279297
"2022-07-27",143.880004882812,146.210006713867,143.529998779297,145.639999389648,5500000,131.146453857422
"2022-07-28",146.139999389648,148.610000610352,145.080001831055,148.059997558594,7115700,133.325637817383
"2022-07-29",141.429992675781,142.5,138.229995727539,138.910003662109,18694700,125.08618927002
"2022-08-01",138.339996337891,143.940002441406,138.270004272461,142.899993896484,12590000,128.679122924805
"2022-08-02",143.110000610352,143.720001220703,141.770004272461,141.949996948242,7495000,127.823669433594
"2022-08-03",141.660003662109,145.270004272461,140.910003662109,144.880004882812,6811000,130.462097167969
"2022-08-04",144.850006103516,146.460006713867,144.009994506836,144.649993896484,6124700,130.254989624023
"2022-08-05",143.75,144.839996337891,142.770004272461,144.720001220703,4580300,130.318008422852
"2022-08-08",145.029998779297,146.470001220703,144.729995727539,145.270004272461,4486800,130.813247680664
"2022-08-09",145.570007324219,145.940002441406,144.490005493164,144.929992675781,3977300,130.507110595703
"2022-08-10",145.889999389648,146.5,145.389999389648,146.300003051758,4641300,131.740768432617
"2022-08-11",146.809997558594,147.289993286133,144.929992675781,145.259994506836,5954300,130.804290771484
"2022-08-12",145.910003662109,146.729995727539,144.960006713867,146.669998168945,5038700,132.073944091797
"2022-08-15",146.869995117188,148.770004272461,146.75,148.559997558594,6008000,133.775848388672
"2022-08-16",148.360000610352,150.600006103516,148.360000610352,149.929992675781,7093000,135.009536743164
"2022-08-17",149.100006103516,149.75,148.880004882812,149.240005493164,4834600,134.38818359375
"2022-08-18",148.869995117188,149.990005493164,148.520004272461,149.770004272461,3829000,134.865447998047
"2022-08-19",149.210006713867,150.630004882812,148.720001220703,149.729995727539,6502500,134.82942199707
"2022-08-22",148.979995727539,150.130004882812,148.839996337891,149.330001831055,6380700,134.46923828125
"2022-08-23",148.429992675781,148.440002441406,145.830001831055,146.449996948242,5268200,131.875854492188
"2022-08-24",146.610000610352,147.259994506836,145.119995117188,145.820007324219,5903200,131.308563232422
"2022-08-25",145.229995727539,145.779998779297,144.490005493164,145.699996948242,5097600,131.200454711914
"2022-08-26",146,146.529998779297,142.020004272461,142.289993286133,6086600,128.129837036133
"2022-08-29",141.300003051758,142.690002441406,141.020004272461,141.690002441406,5272100,127.589576721191
"2022-08-30",142.410003662109,142.410003662109,139.910003662109,140.179992675781,5203700,126.229774475098
"2022-08-31",140.399993896484,140.880004882812,137.860000610352,137.940002441406,8406900,124.212707519531
"2022-09-01",137.830001831055,139.759994506836,136.759994506836,139.639999389648,7446500,125.743545532227
"2022-09-02",140.419998168945,141.149993896484,136.550003051758,137.160003662109,7077800,123.51033782959
"2022-09-06",135.880004882812,137.940002441406,135.289993286133,135.630004882812,8217200,122.132606506348
"2022-09-07",136.029998779297,137.759994506836,136.020004272461,137.679992675781,6609400,123.97859954834
"2022-09-08",137.009994506836,138.490005493164,136.059997558594,137.860000610352,7380500,124.140686035156
"2022-09-09",137.949996948242,141.089996337891,137.300003051758,139.960006713867,6434300,126.031715393066
"2022-09-12",139.410003662109,141.800003051758,139.110000610352,141.100006103516,5818700,127.058242797852
"2022-09-13",140.779998779297,141.429992675781,137.860000610352,138.179992675781,6350200,124.428863525391
"2022-09-14",138.660003662109,139.660003662109,137.669998168945,138.509994506836,6137800,124.725959777832
"2022-09-15",138.779998779297,138.889999389648,136.639999389648,137.440002441406,5320700,123.762489318848
"2022-09-16",137.440002441406,139.059997558594,137.110000610352,138.279998779297,9321500,124.518882751465
"2022-09-19",138.199996948242,138.460006713867,137.229995727539,137.990005493164,6056000,124.257759094238
"2022-09-20",137.410003662109,137.970001220703,136.529998779297,137.5,5589800,123.816520690918
"2022-09-21",138.080001831055,138.199996948242,135.710006713867,135.729995727539,6413900,122.22265625
"2022-09-22",135.740005493164,137.070007324219,135.240005493164,136.210006713867,5061600,122.654899597168
"2022-09-23",135.679992675781,136.5,133.949996948242,135.580001831055,6523600,122.087593078613
"2022-09-26",135.580001831055,136.820007324219,134.990005493164,135.710006713867,7396400,122.204650878906
"2022-09-27",135.960006713867,136.940002441406,131.710006713867,131.979995727539,7722200,118.845848083496
"2022-09-28",133.020004272461,133.020004272461,131.190002441406,131.979995727539,10455100,118.845848083496
"2022-09-29",131.869995117188,131.869995117188,128.259994506836,128.699996948242,7128500,115.892280578613
"2022-09-30",129,129.039993286133,126.209999084473,126.25,9431900,113.686065673828
"2022-10-03",127.25,129.100006103516,126.680000305176,128.509994506836,8477700,115.721153259277
"2022-10-04",129.100006103516,130.869995117188,128.699996948242,130.100006103516,7211600,117.152931213379
"2022-10-05",129.199996948242,130.089996337891,128.089996337891,129.199996948242,5071100,116.342498779297
"2022-10-06",128.889999389648,129.059997558594,126.349998474121,126.480003356934,5530800,113.893173217773
"2022-10-07",126.5,126.580001831055,123.76000213623,124.269996643066,6095400,111.903114318848
"2022-10-10",123.370002746582,124.25,122.180000305176,123.76000213623,6923300,111.443885803223
"2022-10-11",123.690002441406,125.699996948242,123.599998474121,124.230003356934,5516200,111.867088317871
"2022-10-12",124.839996337891,125.809997558594,124.410003662109,124.430000305176,6823500,112.04719543457
"2022-10-13",123.51000213623,126.75,122.919998168945,126.309997558594,6910500,113.740097045898
"2022-10-14",126.75,127.019996643066,124.769996643066,125.080001831055,5516800,112.632499694824
"2022-10-17",126.01000213623,128.279998779297,125.860000610352,127.339996337891,6664600,114.667602539062
"2022-10-18",129.330001831055,130.070007324219,127.660003662109,128.369995117188,7114200,115.595100402832
"2022-10-19",131.639999389648,133,129.509994506836,129.559997558594,9993700,116.666687011719
"2022-10-20",128.619995117188,129.770004272461,126.680000305176,126.98999786377,8168000,115.163970947266
"2022-10-21",126.540000915527,128.949996948242,126.480003356934,128.580001831055,6394600,116.605918884277
"2022-10-24",129.490005493164,130.440002441406,128.350006103516,129.369995117188,6946000,117.322334289551
"2022-10-25",129.600006103516,131.179992675781,128.470001220703,130.860000610352,6776000,118.673561096191
"2022-10-26",130.649993896484,132.570007324219,130.399993896484,131.779998779297,6612800,119.507904052734
"2022-10-27",132,133.119995117188,131.5,131.880004882812,6676700,119.598594665527
"2022-10-28",133.169998168945,135.509994506836,132.919998168945,135.220001220703,6996400,122.627571105957
"2022-10-31",135.199996948242,135.669998168945,134.259994506836,134.669998168945,8346300,122.128768920898
"2022-11-01",134.699996948242,136.279998779297,133.839996337891,134.880004882812,6428300,122.319236755371
"2022-11-02",134.720001220703,136.539993286133,132.809997558594,132.940002441406,7318100,120.55989074707
"2022-11-03",131.729995727539,132.639999389648,130.960006713867,132.029998779297,5204000,119.73461151123
"2022-11-04",133.320007324219,135,132.520004272461,134.440002441406,5555400,121.920211791992
"2022-11-07",135.350006103516,137.190002441406,135.059997558594,136.5,6746800,123.788352966309
"2022-11-08",136.820007324219,137.520004272461,135.800003051758,136.809997558594,5266200,124.06950378418
"2022-11-09",136.869995117188,137.970001220703,136.339996337891,136.479995727539,5690700,123.770217895508
"2022-11-10",139.460006713867,141.630004882812,138.199996948242,141.179992675781,8068700,128.032531738281
"2022-11-11",141.199996948242,141.630004882812,139.110000610352,140.970001220703,7175200,127.842109680176
"2022-11-14",140.509994506836,143.559997558594,140.259994506836,140.979995727539,8516200,127.851165771484
"2022-11-15",142.089996337891,143.199996948242,139.699996948242,140.490005493164,7732400,127.406806945801
"2022-11-16",141.5,142.910003662109,140.979995727539,141.740005493164,6193700,128.540405273438
"2022-11-17",141.110000610352,141.690002441406,139.860000610352,140.869995117188,5186300,127.75138092041
"2022-11-18",141.919998168945,142.759994506836,141.270004272461,142.570007324219,5671400,129.29313659668
"2022-11-21",143.059997558594,145.190002441406,142.830001831055,144.380004882812,6377200,130.934555053711
"2022-11-22",145.429992675781,145.789993286133,144.839996337891,145.619995117188,5372900,132.059051513672
"2022-11-23",145.899993896484,146.630004882812,145.570007324219,146.449996948242,4296000,132.811752319336
"2022-11-25",146.789993286133,147.199996948242,146.399993896484,146.720001220703,2411100,133.056625366211
"2022-11-28",146.389999389648,147.339996337891,146.139999389648,146.600006103516,6628200,132.947830200195
"2022-11-29",145.75,146.059997558594,144.529998779297,145.479995727539,5634200,131.932067871094
"2022-11-30",145.649993896484,149.160003662109,145.130004882812,149.160003662109,12396800,135.269378662109
"2022-12-01",149.529998779297,150.360000610352,148.570007324219,149.25,6927400,135.350997924805
"2022-12-02",148.470001220703,150.770004272461,148.080001831055,150.610000610352,4938300,136.584335327148
"2022-12-05",148.710006713867,149.669998168945,148.270004272461,149.089996337891,5402500,135.205902099609
"2022-12-06",149.720001220703,150.080001831055,148.279998779297,149.279998779297,6866700,135.378204345703
"2022-12-07",149.009994506836,150.429992675781,149.009994506836,150.240005493164,6175500,136.248794555664
"2022-12-08",149.460006713867,151.380004882812,149.009994506836,151.320007324219,5187100,137.228240966797
"2022-12-09",150.699996948242,151.949996948242,150.220001220703,150.919998168945,5868200,136.865478515625
"2022-12-12",151.220001220703,152.559997558594,151.039993286133,152.470001220703,6142400,138.271102905273
"2022-12-13",153.410003662109,154.229995727539,150.789993286133,152.240005493164,7680600,138.062545776367
"2022-12-14",152.789993286133,154.440002441406,152.169998168945,152.839996337891,7385600,138.606689453125
"2022-12-15",151.720001220703,152,149.740005493164,151.110000610352,7117200,137.037811279297
"2022-12-16",150.360000610352,151.070007324219,149.020004272461,150.440002441406,19966400,136.43017578125
"2022-12-19",150.220001220703,151.380004882812,149.240005493164,150.399993896484,5881800,136.393905639648
"2022-12-20",149.320007324219,150.899993896484,149.270004272461,150.460006713867,5646100,136.448348999023
"2022-12-21",150.75,152.630004882812,150.720001220703,151.839996337891,5024700,137.699813842773
"2022-12-22",151.130004882812,152.410003662109,150.880004882812,152.190002441406,5904900,138.017196655273
"2022-12-23",152.309997558594,152.919998168945,151.669998168945,152.619995117188,3401800,138.407180786133
"2022-12-27",152.699996948242,154.320007324219,152.660003662109,153.949996948242,4215100,139.613311767578
"2022-12-28",154.279998779297,154.649993896484,151.899993896484,151.960006713867,4197500,137.808609008789
"2022-12-29",152.809997558594,153.240005493164,152.139999389648,152.589996337891,3809100,138.379989624023
"2022-12-30",152.429992675781,152.679992675781,150.440002441406,151.559997558594,4532000,137.445877075195
"2023-01-03",150.949996948242,151.710006713867,149.119995117188,151.570007324219,6447300,137.454971313477
"2023-01-04",151.990005493164,153.389999389648,151.229995727539,152.229995727539,7313400,138.053497314453
"2023-01-05",152.210006713867,152.479995727539,150.130004882812,150.339996337891,5373800,136.339492797852
"2023-01-06",151.850006103516,154.460006713867,151.75,153.919998168945,7882200,139.586120605469
"2023-01-09",153.440002441406,154.800003051758,152,152.039993286133,5727000,137.881195068359
"2023-01-10",152.100006103516,152.699996948242,150.940002441406,151.889999389648,4716400,137.745178222656
"2023-01-11",152.320007324219,152.559997558594,149.350006103516,150.660003662109,8691300,136.629730224609
"2023-01-12",151.699996948242,151.729995727539,149.520004272461,149.809997558594,7801600,135.858871459961
"2023-01-13",149.610000610352,151.050003051758,149.419998168945,150.880004882812,5535800,136.829254150391
"2023-01-17",150.789993286133,152.130004882812,150.399993896484,150.440002441406,9611800,136.43017578125
"2023-01-18",149.660003662109,149.929992675781,146.039993286133,146.410003662109,10461200,132.775466918945
"2023-01-19",143.309997558594,146.220001220703,142.240005493164,142.419998168945,12683700,129.967529296875
"2023-01-20",142.320007324219,143.149993896484,140.149993896484,142.970001220703,8603300,130.469451904297
"2023-01-23",143.360000610352,143.699996948242,140.690002441406,141.050003051758,7473100,128.717315673828
"2023-01-24",140.690002441406,142.380004882812,139.809997558594,141.820007324219,6822500,129.419998168945
"2023-01-25",140.389999389648,141.75,138.729995727539,141.720001220703,6902600,129.328720092773
"2023-01-26",141.729995727539,141.740005493164,140.740005493164,141.149993896484,5398600,128.808547973633
"2023-01-27",141.070007324219,141.360000610352,139.289993286133,140.570007324219,6870800,128.279312133789
"2023-01-30",140.960006713867,142.119995117188,140.279998779297,141.009994506836,6369300,128.680847167969
"2023-01-31",141.229995727539,142.470001220703,140.759994506836,142.380004882812,9373400,129.931015014648
"2023-02-01",142.080001831055,144.100006103516,141.350006103516,143.190002441406,7207900,130.670211791992
"2023-02-02",142.169998168945,142.710006713867,141.210006713867,142.169998168945,6444300,129.739395141602
"2023-02-03",142.779998779297,143.380004882812,141.169998168945,142.610000610352,5993100,130.140930175781
"2023-02-06",142.009994506836,142.639999389648,141.009994506836,141.399993896484,6108100,129.036727905273
"2023-02-07",139.970001220703,140.789993286133,138.779998779297,140.020004272461,6278300,127.777359008789
"2023-02-08",139.059997558594,139.539993286133,138.410003662109,138.570007324219,7123800,126.454147338867
"2023-02-09",138.880004882812,139.330001831055,137,137.050003051758,6547400,125.067024230957
"2023-02-10",136.949996948242,138.300003051758,135.830001831055,138.259994506836,8108900,126.171257019043
"2023-02-13",138.940002441406,140.449996948242,138.740005493164,140.070007324219,5081600,127.82300567627
"2023-02-14",140.139999389648,140.240005493164,138.619995117188,139.279998779297,5253500,127.102027893066
"2023-02-15",139.110000610352,139.320007324219,138.070007324219,138.960006713867,5530300,126.810028076172
"2023-02-16",137.389999389648,138.199996948242,136.550003051758,137.139999389648,7595700,125.149200439453
"2023-02-17",136.589996337891,140.039993286133,136.589996337891,140.009994506836,8034700,127.768249511719
"2023-02-21",138.869995117188,140.889999389648,138.869995117188,139.910003662109,6899500,127.676971435547
"2023-02-22",139.979995727539,141.580001831055,139.880004882812,140.5,6126300,128.215393066406
"2023-02-23",140.229995727539,141.139999389648,139.100006103516,140.050003051758,5835400,127.804748535156
"2023-02-24",138.929992675781,139.429992675781,138.080001831055,139.259994506836,5260700,127.083839416504
"2023-02-27",139.610000610352,140.470001220703,138.529998779297,139.139999389648,5820900,126.974334716797
"2023-02-28",138.449996948242,138.589996337891,137.279998779297,137.559997558594,6709900,125.532470703125
"2023-03-01",138.050003051758,138.330001831055,136.509994506836,137.660003662109,7101800,125.623733520508
"2023-03-02",138,140.429992675781,137.779998779297,139.929992675781,5924600,127.695243835449
"2023-03-03",141.190002441406,141.240005493164,139.970001220703,140.949996948242,5259400,128.626037597656
"2023-03-06",140.729995727539,141.139999389648,139.940002441406,140.350006103516,4943100,128.078521728516
"2023-03-07",140.429992675781,140.619995117188,137.339996337891,137.559997558594,5606800,125.532470703125
"2023-03-08",137.199996948242,137.690002441406,136.600006103516,137.580001831055,5518800,125.550689697266
"2023-03-09",138.149993896484,138.559997558594,136.100006103516,136.570007324219,4467200,124.628997802734
"2023-03-10",136.949996948242,137.990005493164,136.350006103516,137.190002441406,5928000,125.19482421875
"2023-03-13",137.039993286133,141.320007324219,137.039993286133,138.139999389648,8337100,126.06177520752
"2023-03-14",138.289993286133,140.110000610352,137.399993896484,139.850006103516,9219700,127.622261047363
"2023-03-15",138.809997558594,142.149993896484,138.809997558594,141.830001831055,8823500,129.429107666016
"2023-03-16",141.940002441406,143.119995117188,141.610000610352,142.889999389648,7063400,130.396423339844
"2023-03-17",142.5,143.389999389648,141.529998779297,142.929992675781,16018800,130.432922363281
"2023-03-20",143.5,145.399993896484,143.229995727539,145.130004882812,8379200,132.440582275391
"2023-03-21",144.910003662109,145.229995727539,142.839996337891,144.080001831055,7753200,131.482360839844
"2023-03-22",144.039993286133,145.75,143.830001831055,143.990005493164,5729100,131.400253295898
"2023-03-23",144.240005493164,145.119995117188,143.190002441406,143.789993286133,5788400,131.217758178711
"2023-03-24",144.300003051758,146.759994506836,144.300003051758,146.720001220703,6144800,133.891586303711
"2023-03-27",146.889999389648,147.419998168945,145.869995117188,145.949996948242,5917200,133.188888549805
"2023-03-28",146.550003051758,146.820007324219,145.800003051758,146.360000610352,4213800,133.563003540039
"2023-03-29",147.080001831055,147.289993286133,146.259994506836,146.809997558594,4987700,133.973709106445
"2023-03-30",146.919998168945,147.539993286133,146.300003051758,147.449996948242,4117700,134.557708740234
"2023-03-31",147.740005493164,148.690002441406,147.570007324219,148.690002441406,7685900,135.689300537109
"2023-04-03",148.429992675781,150.070007324219,147.089996337891,149.509994506836,5721700,136.437622070312
"2023-04-04",150.080001831055,151.710006713867,150.080001831055,150.229995727539,6714300,137.094650268555
"2023-04-05",151.330001831055,152.350006103516,151.149993896484,151.259994506836,6094800,138.034606933594
"2023-04-06",151.869995117188,152.960006713867,151.419998168945,152.220001220703,5399700,138.910690307617
"2023-04-10",151.649993896484,151.669998168945,149.509994506836,150.960006713867,4891800,137.760833740234
"2023-04-11",151.259994506836,151.440002441406,150.520004272461,150.660003662109,6311800,137.487091064453
"2023-04-12",150.309997558594,152.410003662109,149.929992675781,151.070007324219,6137900,137.861221313477
"2023-04-13",150.899993896484,151.869995117188,149.820007324219,151.770004272461,5489500,138.500030517578
"2023-04-14",151.350006103516,151.589996337891,150.509994506836,151,4478800,137.797332763672
"2023-04-17",151.169998168945,151.470001220703,150.339996337891,151.050003051758,4296400,137.842987060547
"2023-04-18",150.979995727539,151.589996337891,150.100006103516,151.210006713867,4158400,137.988998413086
"2023-04-19",151.169998168945,151.899993896484,150.710006713867,151.240005493164,3837600,138.016357421875
"2023-04-20",150.369995117188,151.360000610352,150.369995117188,150.850006103516,5370900,138.522323608398
"2023-04-21",154.940002441406,158.110000610352,154.5,156.070007324219,14876900,143.315734863281
"2023-04-24",155.220001220703,157.25,155.220001220703,156.350006103516,8109800,143.572860717773
"2023-04-25",156.509994506836,157.940002441406,155.789993286133,156.389999389648,8341800,143.609573364258
"2023-04-26",155.300003051758,156,154.339996337891,154.580001831055,4843700,141.947494506836
"2023-04-27",155.300003051758,156.610000610352,155.009994506836,156.470001220703,4805600,143.683029174805
"2023-04-28",156.279998779297,157.369995117188,155.759994506836,156.380004882812,5754700,143.60041809082
"2023-05-01",156.029998779297,157.399993896484,155.800003051758,156.570007324219,3844600,143.774887084961
"2023-05-02",156.589996337891,156.929992675781,155.669998168945,156.429992675781,5262900,143.646301269531
"2023-05-03",156.639999389648,157.570007324219,155.429992675781,156.229995727539,5775000,143.462631225586
"2023-05-04",156.100006103516,156.600006103516,155.089996337891,155.509994506836,4892600,142.801483154297
"2023-05-05",155.399993896484,156.309997558594,154.690002441406,156.029998779297,3989200,143.278991699219
"2023-05-08",155.350006103516,155.729995727539,154.869995117188,155.300003051758,4950700,142.608657836914
"2023-05-09",155.850006103516,155.979995727539,153.580001831055,153.710006713867,4472100,141.14860534668
"2023-05-10",153.449996948242,154.320007324219,152.440002441406,154.029998779297,4754900,141.442459106445
"2023-05-11",154.809997558594,154.889999389648,153.389999389648,154.389999389648,3495300,141.772994995117
"2023-05-12",154.699996948242,156.050003051758,154.389999389648,155.960006713867,5252900,143.214736938477
"2023-05-15",156.610000610352,156.75,154.639999389648,156.009994506836,5414900,143.260635375977
"2023-05-16",155.869995117188,156.919998168945,154.929992675781,155.740005493164,5591500,143.012680053711
"2023-05-17",156.259994506836,156.559997558594,153.899993896484,155.080001831055,4286900,142.406631469727
"2023-05-18",153.309997558594,153.649993896484,151.600006103516,152.529998779297,6997600,140.065002441406
"2023-05-19",152.470001220703,153.320007324219,151.839996337891,153.169998168945,4754100,140.652709960938
"2023-05-22",152.5,152.600006103516,148.830001831055,149.160003662109,7876200,136.970428466797
"2023-05-23",148.789993286133,148.880004882812,147.070007324219,147.550003051758,6116000,135.49201965332
"2023-05-24",147.589996337891,148.199996948242,146.089996337891,146.330001831055,5755400,134.371704101562
"2023-05-25",145.490005493164,146.210006713867,144.350006103516,145.389999389648,6510300,133.508514404297
"2023-05-26",145.330001831055,146.009994506836,144.729995727539,145.399993896484,4716400,133.517700195312
"2023-05-30",143.860000610352,144.039993286133,142.350006103516,143.179992675781,5561000,131.479125976562
"2023-05-31",143.160003662109,143.979995727539,141.899993896484,142.5,19854800,130.854705810547
"2023-06-01",143.25,144.119995117188,142.449996948242,143.960006713867,6091100,132.195373535156
"2023-06-02",144.509994506836,146.679992675781,144.389999389648,146.520004272461,6124400,134.546188354492
"2023-06-05",146.050003051758,147.850006103516,145.729995727539,145.940002441406,4753700,134.013595581055
"2023-06-06",146.070007324219,146.309997558594,143.550003051758,144.490005493164,4635900,132.682098388672
"2023-06-07",144.009994506836,145.119995117188,143.470001220703,144.800003051758,6194400,132.966720581055
"2023-06-08",145.339996337891,146.649993896484,144.919998168945,146.440002441406,4863700,134.472702026367
"2023-06-09",145.679992675781,146.779998779297,144.729995727539,146.559997558594,5569500,134.582931518555
"2023-06-12",147,147.009994506836,144.550003051758,145.410003662109,5354000,133.526870727539
"2023-06-13",144.509994506836,145.679992675781,144.279998779297,145.059997558594,5321200,133.205490112305
"2023-06-14",145.309997558594,146.889999389648,144.830001831055,146.419998168945,5693300,134.454345703125
"2023-06-15",147.169998168945,148.970001220703,146.539993286133,148.449996948242,5863000,136.318450927734
"2023-06-16",148.919998168945,150.089996337891,148.899993896484,149.539993286133,11244900,137.319366455078
"2023-06-20",149.75,150.279998779297,148.110000610352,148.160003662109,5340700,136.052154541016
"2023-06-21",148.259994506836,149.600006103516,147.869995117188,149.440002441406,4649700,137.2275390625
"2023-06-22",150.350006103516,151.100006103516,149.479995727539,149.949996948242,6666800,137.695861816406
"2023-06-23",150.25,150.529998779297,147.960006713867,148.460006713867,13843300,136.327651977539
"2023-06-26",148.100006103516,148.970001220703,146.720001220703,148.610000610352,4353100,136.465393066406
"2023-06-27",148.440002441406,150.169998168945,148.389999389648,150.020004272461,5445400,137.760147094727
"2023-06-28",149.330001831055,150.300003051758,147.960006713867,149.990005493164,6733300,137.732604980469
"2023-06-29",148.479995727539,149.699996948242,147.100006103516,149.380004882812,7343000,137.172439575195
"2023-06-30",149.830001831055,152.070007324219,149.789993286133,151.740005493164,7058300,139.339599609375
"2023-07-03",151.479995727539,152.529998779297,150.470001220703,152.5,3996100,140.037490844727
"2023-07-05",151.630004882812,152.460006713867,151.440002441406,152.240005493164,8279800,139.798721313477
"2023-07-06",151.199996948242,152.190002441406,150.759994506836,151.990005493164,7958300,139.569183349609
"2023-07-07",151.710006713867,151.919998168945,148.75,148.800003051758,9169500,136.639892578125
"2023-07-10",148.940002441406,150.320007324219,148.740005493164,148.860000610352,5529200,136.694946289062
"2023-07-11",148.729995727539,149.050003051758,146.960006713867,148.080001831055,5150300,135.978698730469
"2023-07-12",148.029998779297,149.399993896484,147.639999389648,148.850006103516,6764600,136.685806274414
"2023-07-13",149,149.520004272461,148.199996948242,148.949996948242,5561400,136.777572631836
"2023-07-14",149.270004272461,150.630004882812,148.729995727539,150.050003051758,6128900,137.787704467773
"2023-07-17",149.649993896484,150.160003662109,148.970001220703,148.990005493164,4625300,136.814300537109
"2023-07-18",148.639999389648,150.479995727539,148.380004882812,149.270004272461,5351200,137.071426391602
"2023-07-19",149.550003051758,150.820007324219,148.860000610352,150.289993286133,6203600,138.008087158203
"2023-07-20",149.550003051758,150.75,148.139999389648,150.559997558594,6445400,139.127136230469
"2023-07-21",151.149993896484,153.669998168945,150.699996948242,152.929992675781,9938400,141.317169189453
"2023-07-24",152.839996337891,153.949996948242,152.300003051758,153.419998168945,5549500,141.769927978516
"2023-07-25",153.479995727539,153.860000610352,152.449996948242,153.779998779297,5883800,142.102600097656
"2023-07-26",153.119995117188,154.839996337891,152.889999389648,153.940002441406,7013800,142.250473022461
"2023-07-27",154.160003662109,154.600006103516,151.919998168945,152.110000610352,7191600,140.559417724609
"2023-07-28",154.660003662109,157.479995727539,154.600006103516,156.410003662109,9397300,144.532913208008
"2023-07-31",156.399993896484,157.679992675781,155.059997558594,156.300003051758,7955200,144.431259155273
"2023-08-01",155.880004882812,157.169998168945,155.869995117188,156.25,5718800,144.385070800781
"2023-08-02",155.970001220703,157.729995727539,155.970001220703,156.589996337891,5636000,144.699188232422
"2023-08-03",156.759994506836,157.699996948242,156.210006713867,157,5792700,145.078109741211
"2023-08-04",157.429992675781,157.729995727539,155.149993896484,155.279998779297,4785900,143.488693237305
"2023-08-07",155.669998168945,157.149993896484,155.490005493164,156.919998168945,4107400,145.004165649414
"2023-08-08",157.279998779297,157.630004882812,156.529998779297,157.089996337891,4625500,145.161270141602
"2023-08-09",157.309997558594,158.089996337891,156.770004272461,156.889999389648,4293200,144.976440429688
"2023-08-10",157.169998168945,158.380004882812,155.800003051758,156.110000610352,4307800,144.255706787109
"2023-08-11",156.429992675781,157.460006713867,155.789993286133,157.020004272461,3862300,145.096603393555
"2023-08-14",157.130004882812,157.529998779297,155.5,155.789993286133,4297600,143.9599609375
"2023-08-15",155.789993286133,155.970001220703,154.460006713867,154.789993286133,6921100,143.035919189453
"2023-08-16",154.759994506836,155.729995727539,152.869995117188,153.210006713867,6356800,141.575897216797
"2023-08-17",153.210006713867,153.559997558594,151.789993286133,152.110000610352,6419500,140.559417724609
"2023-08-18",151.619995117188,152.889999389648,151.169998168945,152.539993286133,5448200,140.956741333008
"2023-08-21",152.089996337891,152.779998779297,151.259994506836,151.770004272461,4504700,140.245239257812
"2023-08-22",151.419998168945,152.149993896484,150.929992675781,151.830001831055,4195600,140.300674438477
"2023-08-23",152.470001220703,153.479995727539,152.470001220703,153.25,4522500,141.612838745117
"2023-08-24",152.550003051758,154.679992675781,152.479995727539,152.539993286133,4088900,140.956741333008
"2023-08-25",153.399993896484,154.080001831055,152.460006713867,153.539993286133,3541500,141.880813598633
"2023-08-28",153.710006713867,154.369995117188,153.050003051758,153.779998779297,3614700,142.102600097656
"2023-08-29",153.949996948242,154.039993286133,152.029998779297,153.869995117188,4034600,142.185760498047
"2023-08-30",154.100006103516,154.869995117188,153.710006713867,154.039993286133,3712200,142.342864990234
"2023-08-31",154.119995117188,155.160003662109,153.830001831055,154.339996337891,5451400,142.620101928711
"2023-09-01",154.899993896484,155.279998779297,153.559997558594,154.509994506836,4126300,142.777160644531
"2023-09-05",153.800003051758,154.850006103516,152.399993896484,152.440002441406,5097000,140.864349365234
"2023-09-06",152.289993286133,152.449996948242,151.539993286133,152.139999389648,3877400,140.587158203125
"2023-09-07",152.490005493164,154.190002441406,152.369995117188,153.589996337891,4824800,141.927047729492
"2023-09-08",153.419998168945,153.460006713867,152.350006103516,152.929992675781,3384700,141.317169189453
"2023-09-11",153.330001831055,155.100006103516,153.080001831055,154.75,4288500,142.998947143555
"2023-09-12",154.990005493164,155.149993896484,151.570007324219,152.029998779297,4537800,140.485504150391
"2023-09-13",151.979995727539,153.589996337891,151.660003662109,153.089996337891,4040600,141.464996337891
"2023-09-14",153.850006103516,154.919998168945,153.369995117188,154.770004272461,4606800,143.017440795898
"2023-09-15",154.029998779297,155.320007324219,153.229995727539,153.470001220703,10262400,141.816146850586
"2023-09-18",154.449996948242,154.479995727539,153.509994506836,154.050003051758,3536500,142.352096557617
"2023-09-19",153.75,154.059997558594,151.740005493164,153.600006103516,4704200,141.936294555664
"2023-09-20",153.770004272461,154.779998779297,153.360000610352,153.470001220703,5446400,141.816146850586
"2023-09-21",153.449996948242,153.710006713867,152.070007324219,152.139999389648,5096400,140.587158203125
"2023-09-22",152.440002441406,153.339996337891,151.380004882812,151.580001831055,6327000,140.069686889648
"2023-09-25",151.179992675781,151.279998779297,150.020004272461,150.660003662109,5527000,139.21955871582
"2023-09-26",149.979995727539,150.360000610352,148.789993286133,149.320007324219,6366500,137.981307983398
"2023-09-27",149.419998168945,149.699996948242,146.630004882812,147.339996337891,5403700,136.151611328125
"2023-09-28",147.820007324219,147.979995727539,145.679992675781,146.339996337891,6237100,135.227569580078
"2023-09-29",146.539993286133,146.770004272461,144.820007324219,145.860000610352,6683300,134.784042358398
"2023-10-02",144.779998779297,145.600006103516,143.899993896484,145.190002441406,5153800,134.164916992188
"2023-10-03",145.169998168945,146.490005493164,145.009994506836,145.490005493164,4670600,134.442123413086
"2023-10-04",145.589996337891,146.309997558594,144.929992675781,145.970001220703,4727800,134.885665893555
"2023-10-05",145.679992675781,146.089996337891,143.690002441406,143.800003051758,5205700,132.880447387695
"2023-10-06",143.600006103516,144.559997558594,141.449996948242,144.089996337891,7406700,133.148422241211
"2023-10-09",143.360000610352,143.970001220703,141.600006103516,143.360000610352,5062200,132.473861694336
"2023-10-10",143.979995727539,145.220001220703,143.720001220703,144.779998779297,5988900,133.786041259766
"2023-10-11",145.139999389648,145.559997558594,142.559997558594,143,5469100,132.141159057617
"2023-10-12",142.789993286133,143.929992675781,141.660003662109,143.320007324219,5965600,132.436920166016
"2023-10-13",143.190002441406,145.029998779297,143.190002441406,144.690002441406,7078900,133.702850341797
"2023-10-16",145.860000610352,147.059997558594,145.460006713867,146.070007324219,6509800,134.978073120117
"2023-10-17",146.110000610352,146.820007324219,145.240005493164,146.259994506836,6160100,135.15364074707
"2023-10-18",150.059997558594,151.300003051758,148.770004272461,150.029998779297,10508500,138.637390136719
"2023-10-19",149.610000610352,150.279998779297,147.179992675781,148.25,8146000,137.857147216797
"2023-10-20",149.050003051758,149.880004882812,147.919998168945,148.050003051758,7284200,137.671173095703
"2023-10-23",147.860000610352,149.5,147.559997558594,148.149993896484,5981800,137.764175415039
"2023-10-24",148.119995117188,150.070007324219,148.070007324219,149.899993896484,6322000,139.391525268555
"2023-10-25",149.639999389648,151.190002441406,149.119995117188,150.600006103516,6172900,140.042449951172
"2023-10-26",151.050003051758,151.380004882812,149.740005493164,149.800003051758,7582100,139.298522949219
"2023-10-27",148.979995727539,149.949996948242,146.279998779297,147.160003662109,8131800,136.843612670898
"2023-10-30",147.899993896484,149.550003051758,147.539993286133,149.259994506836,5412800,138.79638671875
"2023-10-31",149.460006713867,150.259994506836,148.639999389648,150.029998779297,6762100,139.512420654297
"2023-11-01",150.679992675781,150.679992675781,149.210006713867,149.610000610352,5896900,139.121856689453
"2023-11-02",149.539993286133,151.649993896484,148.910003662109,151.440002441406,5859200,140.82356262207
"2023-11-03",151.789993286133,152.289993286133,149.619995117188,150.070007324219,6587700,139.549606323242
"2023-11-06",150.360000610352,151.25,150.100006103516,150.940002441406,6480800,140.358612060547
"2023-11-07",150.919998168945,151.25,150.119995117188,150.589996337891,6003800,140.033126831055
"2023-11-08",150.960006713867,151.199996948242,149.509994506836,150.009994506836,4832600,139.493789672852
"2023-11-09",149.740005493164,150.350006103516,149.119995117188,150.350006103516,6581500,139.809967041016
"2023-11-10",150.839996337891,151.440002441406,149.919998168945,151.410003662109,5387200,140.795669555664
"2023-11-13",151.449996948242,152.899993896484,151.449996948242,152.460006713867,6297500,141.772064208984
"2023-11-14",152.550003051758,153.5,151.679992675781,152.119995117188,7982600,141.45588684082
"2023-11-15",152.059997558594,152.389999389648,150.380004882812,151.419998168945,7672600,140.804931640625
"2023-11-16",151.990005493164,152.889999389648,151.309997558594,152.830001831055,7590500,142.116165161133
"2023-11-17",152.720001220703,152.839996337891,150.889999389648,151.070007324219,8495600,140.479522705078
"2023-11-20",150.210006713867,151.029998779297,149.660003662109,150.270004272461,6856500,139.735595703125
"2023-11-21",149.850006103516,150.009994506836,148.830001831055,149.610000610352,7310400,139.121856689453
"2023-11-22",150.100006103516,151.479995727539,150.100006103516,151.020004272461,4372700,140.432998657227
"2023-11-24",151.179992675781,151.740005493164,151.029998779297,151.380004882812,2132500,140.76774597168
"2023-11-27",151.520004272461,151.639999389648,150.740005493164,151.240005493164,6021300,140.637603759766
"2023-11-28",151.149993896484,152.770004272461,151.149993896484,152.289993286133,6110400,141.613983154297
"2023-11-29",152.289993286133,152.449996948242,150.990005493164,151.130004882812,5342700,140.535293579102
"2023-11-30",150.899993896484,153.630004882812,150.080001831055,153.520004272461,9771300,142.757720947266
"2023-12-01",153.330001831055,153.490005493164,152.229995727539,152.660003662109,5685400,141.958053588867
"2023-12-04",151.770004272461,152.529998779297,151.660003662109,152.059997558594,6578300,141.40007019043
"2023-12-05",152.139999389648,152.610000610352,146.179992675781,146.759994506836,11895800,136.471633911133
"2023-12-06",147.009994506836,147.160003662109,145.639999389648,146.649993896484,7610000,136.369323730469
"2023-12-07",146.570007324219,147.100006103516,146.020004272461,146.5,6119600,136.229873657227
"2023-12-08",145.919998168945,146.240005493164,144.520004272461,145.149993896484,6385300,134.974487304688
"2023-12-11",144.800003051758,145.869995117188,144.649993896484,145.820007324219,8471200,135.597549438477
"2023-12-12",145.860000610352,146.229995727539,145.080001831055,145.940002441406,6069200,135.709121704102
"2023-12-13",145.860000610352,148.649993896484,145.449996948242,148.580001831055,9055500,138.164047241211
"2023-12-14",148.460006713867,148.550003051758,144.380004882812,144.660003662109,10565200,134.518859863281
"2023-12-15",143.179992675781,144.25,142.5,143.960006713867,14550000,133.867935180664
"2023-12-18",144.169998168945,147.490005493164,144.149993896484,146.169998168945,8421800,135.923004150391
"2023-12-19",145.669998168945,146.339996337891,145.389999389648,146.169998168945,5233600,135.923004150391
"2023-12-20",145.570007324219,146.070007324219,143.839996337891,143.910003662109,7663800,133.821441650391
"2023-12-21",144.520004272461,144.789993286133,143.130004882812,144.259994506836,6104700,134.146896362305
"2023-12-22",144.5,145.630004882812,144.289993286133,145.279998779297,4413800,135.09538269043
"2023-12-26",145.089996337891,146.169998168945,144.970001220703,145.940002441406,3634900,135.709121704102
"2023-12-27",145.649993896484,146.309997558594,145.360000610352,146.059997558594,4569400,135.820709228516
"2023-12-28",146,146.009994506836,145.039993286133,145.729995727539,5023000,135.51383972168
"2023-12-29",146,146.960006713867,145.729995727539,146.539993286133,5300900,136.267074584961
"2024-01-02",146.360000610352,149.410003662109,146.309997558594,148.740005493164,7238400,138.312805175781
"2024-01-03",148.339996337891,149.199996948242,147.179992675781,147.839996337891,7697500,137.47590637207
"2024-01-04",148.050003051758,149.270004272461,147.770004272461,148.649993896484,7067400,138.229125976562
"2024-01-05",148.720001220703,148.869995117188,146.550003051758,147.419998168945,5294200,137.085388183594
"2024-01-08",147.910003662109,148.919998168945,147.649993896484,148.690002441406,8255300,138.266311645508
"2024-01-09",148.570007324219,149.399993896484,148.050003051758,149.300003051758,9786800,138.833572387695
"2024-01-10",149.350006103516,150,149.259994506836,149.940002441406,8591100,139.4287109375
"2024-01-11",150.050003051758,150.800003051758,149.289993286133,150.509994506836,6659400,139.958755493164
"2024-01-12",150.949996948242,151.300003051758,149.889999389648,150.600006103516,5684700,140.042449951172
"2024-01-16",150.149993896484,151.5,148.880004882812,149.789993286133,8120100,139.289215087891
"2024-01-17",149.160003662109,150.600006103516,149.009994506836,149.940002441406,6541400,139.4287109375
"2024-01-18",148.229995727539,148.399993896484,146.919998168945,148.139999389648,6526200,138.624862670898
"2024-01-19",148.25,148.619995117188,147.309997558594,147.570007324219,7848100,138.091506958008
"2024-01-22",146.970001220703,148.210006713867,146.279998779297,147.860000610352,11084100,138.362869262695
"2024-01-23",153.110000610352,156.399993896484,152.889999389648,153.979995727539,19101600,144.089782714844
"2024-01-24",153.929992675781,154.229995727539,152.089996337891,152.119995117188,11592700,142.349243164062
"2024-01-25",152.399993896484,155.660003662109,152.059997558594,155.619995117188,10352500,145.624450683594
"2024-01-26",155.809997558594,156.160003662109,155.339996337891,156.139999389648,8356600,146.111053466797
"2024-01-29",156.679992675781,157.330001831055,155.399993896484,156.160003662109,8987400,146.129760742188
"2024-01-30",156.339996337891,157.919998168945,155.820007324219,157.490005493164,7794700,147.37434387207
"2024-01-31",157.990005493164,158.5,156.699996948242,157.139999389648,8870000,147.046798706055
"2024-02-01",156.770004272461,159.300003051758,156.619995117188,159.179992675781,7601100,148.955780029297
"2024-02-02",158.970001220703,159.600006103516,157.529998779297,158.089996337891,7937700,147.935775756836
"2024-02-05",158.169998168945,159,157.559997558594,158.210006713867,6931900,148.048095703125
"2024-02-06",158.309997558594,159.070007324219,157.869995117188,158.960006713867,6185400,148.749908447266
"2024-02-07",159.100006103516,159.830001831055,158.740005493164,159.119995117188,7209300,148.899612426758
"2024-02-08",158.800003051758,159.100006103516,157.770004272461,158.639999389648,6121600,148.450454711914
"2024-02-09",158.259994506836,158.339996337891,156.960006713867,157.419998168945,5978000,147.308822631836
"2024-02-12",157.360000610352,157.610000610352,155.490005493164,157.110000610352,5482000,147.018753051758
"2024-02-13",157.75,158.970001220703,155.479995727539,156.270004272461,6046800,146.232681274414
"2024-02-14",156.160003662109,156.160003662109,154.910003662109,155.630004882812,5727300,145.633804321289
"2024-02-15",156.300003051758,157.419998168945,156.149993896484,157.009994506836,6249200,146.925170898438
"2024-02-16",157.039993286133,158.449996948242,156.669998168945,157.509994506836,6617600,147.393035888672
"2024-02-20",158.699996948242,159.789993286133,158.130004882812,158.509994506836,6622100,148.328796386719
"2024-02-21",159.190002441406,160.399993896484,159.190002441406,160.399993896484,7121000,150.097412109375
"2024-02-22",159.460006713867,161.089996337891,158.630004882812,160.559997558594,6619500,150.247146606445
"2024-02-23",160.600006103516,161.740005493164,160.160003662109,161.029998779297,5486500,150.686950683594
"2024-02-26",161.029998779297,161.169998168945,160.070007324219,160.220001220703,4531900,149.928955078125
"2024-02-27",159.410003662109,159.800003051758,158.960006713867,159.300003051758,3868200,149.068069458008
"2024-02-28",159.070007324219,160.119995117188,158.639999389648,160.050003051758,3802900,149.769897460938
"2024-02-29",159.929992675781,160.110000610352,158.179992675781,158.940002441406,8348100,148.731201171875
"2024-03-01",158.050003051758,159.029998779297,157.610000610352,158.850006103516,4819800,148.64697265625
"2024-03-04",157.740005493164,159.759994506836,157.669998168945,159.559997558594,3841600,149.311370849609
"2024-03-05",159.460006713867,159.990005493164,158.779998779297,159.320007324219,4481600,149.086776733398
"2024-03-06",159.679992675781,159.990005493164,158.910003662109,159.570007324219,5405700,149.320739746094
"2024-03-07",159.949996948242,160.910003662109,159.470001220703,160.619995117188,4783900,150.303283691406
"2024-03-08",159.850006103516,161.25,158.289993286133,160.350006103516,5080200,150.050628662109
"2024-03-11",161.339996337891,162.619995117188,160.820007324219,161.550003051758,5170900,151.173553466797
"2024-03-12",161.820007324219,162.520004272461,161.229995727539,161.929992675781,4229100,151.529144287109
"2024-03-13",162.380004882812,162.729995727539,161.330001831055,162.300003051758,5410500,151.875396728516
"2024-03-14",162.240005493164,162.619995117188,161.130004882812,161.5,5848100,151.126770019531
"2024-03-15",160.699996948242,161.5,160.300003051758,161.380004882812,10956900,151.01448059082
"2024-03-18",161.479995727539,162.720001220703,161,161.210006713867,6086300,150.855392456055
"2024-03-19",161.800003051758,162.169998168945,161.169998168945,161.830001831055,6148100,151.435546875
"2024-03-20",162.009994506836,162.399993896484,161.470001220703,161.990005493164,4870300,151.58528137207
"2024-03-21",162.089996337891,162.460006713867,161.119995117188,161.860000610352,5211500,151.463623046875
"2024-03-22",162.199996948242,162.410003662109,161.470001220703,161.660003662109,6393200,151.276489257812
"2024-03-25",161.169998168945,161.660003662109,159.729995727539,160.190002441406,7145600,149.900909423828
"2024-03-26",160.360000610352,161.139999389648,160.139999389648,160.550003051758,5842700,150.23779296875
"2024-03-27",161.360000610352,162.740005493164,161.339996337891,162.610000610352,6599700,152.165451049805
"2024-03-28",162.820007324219,163.139999389648,161.699996948242,162.25,7191500,151.82861328125
"2024-04-01",161.779998779297,162.070007324219,159.800003051758,160.580001831055,5971900,150.265853881836
"2024-04-02",159.639999389648,160.710006713867,159.639999389648,160.570007324219,6771200,150.256500244141
"2024-04-03",160.630004882812,160.880004882812,155.679992675781,156.149993896484,9601800,146.120391845703
"2024-04-04",156.880004882812,157.080001831055,155.410003662109,155.449996948242,6801700,145.465362548828
"2024-04-05",155.289993286133,157.059997558594,154.690002441406,156.100006103516,5121200,146.073623657227
"2024-04-08",155.970001220703,156.699996948242,155.630004882812,156.039993286133,5476800,146.017440795898
"2024-04-09",156.270004272461,156.75,155.699996948242,156.660003662109,4608100,146.597640991211
"2024-04-10",155.649993896484,157.580001831055,155.649993896484,157.240005493164,7784900,147.140380859375
"2024-04-11",157.550003051758,157.600006103516,155.770004272461,155.839996337891,8209800,145.830291748047
"2024-04-12",155.220001220703,155.970001220703,154.740005493164,155.330001831055,6770500,145.353042602539
"2024-04-15",156.419998168945,156.820007324219,155.330001831055,155.449996948242,5754000,145.465362548828
"2024-04-16",155.850006103516,156.940002441406,155.669998168945,155.949996948242,6103300,145.933227539062
"2024-04-17",156.300003051758,157.119995117188,155.740005493164,156.960006713867,6621900,146.878372192383
"2024-04-18",156.339996337891,157.630004882812,155.960006713867,157.289993286133,7819300,148.137573242188
"2024-04-19",154.979995727539,158.179992675781,153.520004272461,158.139999389648,12034200,148.938125610352
"2024-04-22",158.429992675781,161.289993286133,157.25,160.539993286133,8926300,151.198455810547
"2024-04-23",161.679992675781,162.100006103516,160.419998168945,161.5,7707300,152.102584838867
"2024-04-24",161.199996948242,162.860000610352,159.419998168945,162.600006103516,7217600,153.138610839844
"2024-04-25",162.970001220703,164.320007324219,162.080001831055,162.550003051758,7094600,153.091491699219
"2024-04-26",162.5,163.320007324219,160.490005493164,161.289993286133,5659800,151.904800415039
"2024-04-29",161.169998168945,161.789993286133,160.410003662109,161.660003662109,4621000,152.253280639648
"2024-04-30",161.839996337891,163.350006103516,161.600006103516,163.199996948242,8106100,153.703689575195
"2024-05-01",163.279998779297,164.240005493164,162.220001220703,163.399993896484,7543000,153.892044067383
"2024-05-02",163.539993286133,164.490005493164,162.639999389648,163.839996337891,5647500,154.306427001953
"2024-05-03",163.539993286133,164.710006713867,162.160003662109,164.460006713867,5581500,154.890380859375
"2024-05-06",164.779998779297,164.979995727539,163.259994506836,164.440002441406,5472400,154.871536254883
"2024-05-07",164.979995727539,166.039993286133,164.589996337891,165.759994506836,6433000,156.114700317383
"2024-05-08",165.979995727539,166.369995117188,164.929992675781,165.070007324219,4579400,155.464859008789
"2024-05-09",165.050003051758,166.330001831055,165.050003051758,166.039993286133,4671100,156.37841796875
"2024-05-10",166.089996337891,167.360000610352,165.699996948242,166.850006103516,4879400,157.141296386719
"2024-05-13",166.850006103516,167.649993896484,165.360000610352,165.869995117188,5725500,156.218322753906
"2024-05-14",165.529998779297,166.070007324219,163.949996948242,165.759994506836,6009800,156.114700317383
"2024-05-15",165.309997558594,166.679992675781,165.119995117188,166.509994506836,5102700,156.821044921875
"2024-05-16",166.929992675781,168.339996337891,166.589996337891,167.860000610352,6793600,158.092514038086
"2024-05-17",167.669998168945,168,166.880004882812,167.639999389648,4700800,157.885314941406
"2024-05-20",167.550003051758,167.880004882812,166.789993286133,167.309997558594,3804600,157.57453918457
"2024-05-21",167.759994506836,168.539993286133,167.289993286133,168.350006103516,5147100,158.55403137207
"2024-05-22",168.009994506836,168.429992675781,167.630004882812,167.809997558594,4536700,158.04541015625
"2024-05-23",167.289993286133,168.110000610352,165.320007324219,165.490005493164,4729800,155.860458374023
"2024-05-24",165.850006103516,166.309997558594,165.149993896484,165.330001831055,3820100,155.709716796875
"2024-05-28",164.490005493164,164.759994506836,162.259994506836,163.110000610352,6466200,153.618942260742
"2024-05-29",162.649993896484,162.740005493164,161.419998168945,161.649993896484,4360400,152.243865966797
"2024-05-30",161.649993896484,162.699996948242,161.479995727539,162.580001831055,4748200,153.119766235352
"2024-05-31",162.440002441406,164.770004272461,161.970001220703,164.539993286133,10341400,154.965682983398
"2024-06-03",163.929992675781,166.240005493164,163.630004882812,164.649993896484,5828400,155.069290161133
"2024-06-04",164.789993286133,167.119995117188,164.399993896484,167.009994506836,6277000,157.291976928711
"2024-06-05",167.009994506836,167.009994506836,164.979995727539,166.050003051758,5243300,156.387847900391
"2024-06-06",165.830001831055,168.580001831055,165.080001831055,168.470001220703,6302000,158.667037963867
"2024-06-07",168.399993896484,168.970001220703,166.839996337891,167.059997558594,4558200,157.339065551758
"2024-06-10",166.779998779297,167.720001220703,166.080001831055,167.350006103516,4110600,157.612228393555
"2024-06-11",166.970001220703,167.5,166.020004272461,167.479995727539,3947700,157.734619140625
"2024-06-12",167.5,167.639999389648,164.220001220703,165.179992675781,5474500,155.568435668945
"2024-06-13",164.470001220703,167,164.470001220703,166.410003662109,4902200,156.726898193359
"2024-06-14",165.990005493164,166.929992675781,165.25,166.789993286133,3695000,157.08479309082
"2024-06-17",165.850006103516,168.710006713867,165.399993896484,167.5,6759400,157.753494262695
"2024-06-18",167.029998779297,168.649993896484,166.940002441406,168.559997558594,5112600,158.75178527832
"2024-06-20",168.369995117188,168.779998779297,166.860000610352,167.669998168945,8483600,157.913589477539
"2024-06-21",167.479995727539,168.880004882812,167.179992675781,168.259994506836,14682000,158.46923828125
"2024-06-24",168.759994506836,169.410003662109,167.479995727539,168.449996948242,7565200,158.648193359375
"2024-06-25",168.630004882812,168.910003662109,165.899993896484,166.850006103516,7968200,157.141296386719
"2024-06-26",166.050003051758,167.809997558594,165.660003662109,167.449996948242,5164000,157.706390380859
"2024-06-27",167.490005493164,168.100006103516,165.5,166.619995117188,5007000,156.924682617188
"2024-06-28",166,167.240005493164,164.580001831055,164.919998168945,9253100,155.323593139648
"2024-07-01",165.589996337891,166.210006713867,162.199996948242,162.720001220703,7638600,153.251602172852
"2024-07-02",162.580001831055,164.039993286133,161.710006713867,163.899993896484,5449200,154.36296081543
"2024-07-03",163.210006713867,164.210006713867,162.979995727539,163.830001831055,2980500,154.297027587891
"2024-07-05",164.009994506836,165.630004882812,163.5,165.210006713867,6509200,155.596755981445
"2024-07-08",165.949996948242,166.669998168945,165.619995117188,166.520004272461,5144500,156.830505371094
"2024-07-09",166.630004882812,166.759994506836,165.139999389648,165.660003662109,4393100,156.020523071289
"2024-07-10",165.899993896484,166.919998168945,165.539993286133,166.800003051758,5037100,157.094223022461
"2024-07-11",166.300003051758,166.630004882812,164.779998779297,165.539993286133,5831500,155.907516479492
"2024-07-12",166.220001220703,167.639999389648,166.020004272461,166.610000610352,4684600,156.915267944336
"2024-07-15",166.470001220703,166.619995117188,164.460006713867,164.580001831055,5752500,155.003372192383
"2024-07-16",164.910003662109,167.070007324219,164.610000610352,166.949996948242,6378300,157.235473632812
"2024-07-17",167.75,170.169998168945,167.330001831055,169.440002441406,7982300,159.580596923828
"2024-07-18",168.800003051758,170.919998168945,168.279998779297,168.440002441406,5926300,158.638778686523
"2024-07-19",167.970001220703,169.039993286133,167.130004882812,167.960006713867,6597100,159.138092041016
"2024-07-22",167.929992675781,168.699996948242,167.699996948242,168.25,6383000,159.412872314453
"2024-07-23",168.110000610352,168.419998168945,166.320007324219,166.619995117188,4863400,157.868469238281
"2024-07-24",166.320007324219,168.279998779297,165.580001831055,168,5907000,159.175979614258
"2024-07-25",168.320007324219,170.089996337891,166.869995117188,166.899993896484,7338300,158.133758544922
"2024-07-26",167.25,169.320007324219,167.029998779297,169.110000610352,5581600,160.22770690918
"2024-07-29",168.850006103516,170.539993286133,168.110000610352,169.929992675781,6797800,161.004623413086
"2024-07-30",161.789993286133,162.380004882812,158.039993286133,161.699996948242,15746300,153.206878662109
"2024-07-31",160.809997558594,162.860000610352,159.210006713867,160.759994506836,9660900,152.316284179688
"2024-08-01",160.880004882812,166.309997558594,160.679992675781,165.690002441406,12532700,156.987335205078
"2024-08-02",167.440002441406,170.350006103516,165.149993896484,170.080001831055,11899000,161.146759033203
"2024-08-05",170.880004882812,170.880004882812,166.669998168945,168.059997558594,10338800,159.232849121094
"2024-08-06",167.899993896484,170.330001831055,167.850006103516,168.089996337891,7454900,159.261260986328
"2024-08-07",168.570007324219,171.720001220703,168.009994506836,170.020004272461,8385500,161.089920043945
"2024-08-08",169.419998168945,171.559997558594,169,170.869995117188,6386900,161.895263671875
"2024-08-09",170.119995117188,171.259994506836,169.649993896484,170.539993286133,5377300,161.582580566406
"2024-08-12",169.399993896484,169.649993896484,166.199996948242,166.809997558594,7208100,158.04850769043
"2024-08-13",167.339996337891,167.800003051758,166.460006713867,167.289993286133,3770000,158.503280639648
"2024-08-14",166.5,169.470001220703,165.820007324219,168.800003051758,5476600,159.933975219727
"2024-08-15",169.460006713867,169.679992675781,166.75,167.919998168945,9491400,159.100189208984
"2024-08-16",167.820007324219,168.350006103516,166.800003051758,167.889999389648,5640800,159.07177734375
"2024-08-19",168.179992675781,169.240005493164,168.169998168945,168.419998168945,3885300,159.573959350586
"2024-08-20",168.770004272461,170.559997558594,168.110000610352,170.410003662109,4513600,161.459426879883
"2024-08-21",170.190002441406,171.889999389648,169.600006103516,170.160003662109,4082000,161.222534179688
"2024-08-22",170.880004882812,171.240005493164,169.139999389648,170.149993896484,4097300,161.213073730469
"2024-08-23",170.050003051758,170.110000610352,168.25,169.169998168945,4771300,160.284561157227
"2024-08-26",168.699996948242,170.970001220703,168.699996948242,170.350006103516,6472400,161.402572631836
"2024-08-27",170.830001831055,171.100006103516,169.080001831055,169.25,4456400,160.3603515625
"2024-08-28",169.419998168945,171.199996948242,168.580001831055,169.059997558594,5644800,160.180313110352
"2024-08-29",169.75,170.600006103516,168.940002441406,170.029998779297,4413200,161.099380493164
"2024-08-30",170.160003662109,171.880004882812,169.690002441406,171.539993286133,7301600,162.530059814453
"2024-09-03",171.029998779297,175,170.990005493164,174.520004272461,10101400,165.353546142578
"2024-09-04",173.630004882812,176,173.630004882812,175.899993896484,7517500,166.661071777344
"2024-09-05",175.990005493164,176.550003051758,174.669998168945,175.470001220703,6061900,166.253631591797
"2024-09-06",175.759994506836,177.039993286133,175.339996337891,175.589996337891,5785700,166.367340087891
"2024-09-09",175.539993286133,176.839996337891,174.660003662109,176.059997558594,6450200,166.812652587891
"2024-09-10",175.910003662109,177.940002441406,175.910003662109,177.789993286133,6396300,168.451782226562
"2024-09-11",176.600006103516,177,173.630004882812,173.919998168945,6828200,164.785064697266
"2024-09-12",173.899993896484,174.610000610352,172.440002441406,173.470001220703,4838900,164.358688354492
"2024-09-13",173.369995117188,174.539993286133,172.800003051758,174.080001831055,3918000,164.936630249023
"2024-09-16",174.710006713867,177.309997558594,174.320007324219,177.240005493164,6892300,167.930679321289
"2024-09-17",176.630004882812,176.970001220703,175.360000610352,175.880004882812,4757100,166.642105102539
"2024-09-18",175.050003051758,175.899993896484,172.570007324219,173.919998168945,5102900,164.785064697266
"2024-09-19",172.880004882812,173.160003662109,170.380004882812,171.539993286133,8692000,162.530059814453
"2024-09-20",171.509994506836,174.539993286133,171.5,174.220001220703,28647500,165.069305419922
"2024-09-23",174.009994506836,175.190002441406,172.589996337891,173.770004272461,10265000,164.642929077148
"2024-09-24",172.880004882812,174.5,172.619995117188,173.240005493164,5422400,164.140762329102
"2024-09-25",174.070007324219,174.679992675781,172.059997558594,172.259994506836,8916500,163.212249755859
"2024-09-26",171.5,174.610000610352,171.360000610352,173.210006713867,4957200,164.112365722656
"2024-09-27",173.009994506836,174.449996948242,172.580001831055,173.550003051758,4599500,164.434494018555
"2024-09-30",173.729995727539,174,172.710006713867,173.199996948242,6296600,164.102890014648
"2024-10-01",173.240005493164,174,172.199996948242,173.039993286133,7130600,163.951263427734
"2024-10-02",172.009994506836,172.449996948242,171.080001831055,171.919998168945,6212700,162.890090942383
"2024-10-03",171.369995117188,171.369995117188,169.770004272461,170.119995117188,4794300,161.184631347656
"2024-10-04",168.850006103516,170.089996337891,168.259994506836,168.880004882812,6002800,160.009780883789
"2024-10-07",169.160003662109,169.580001831055,166.869995117188,167.119995117188,6325300,158.342208862305
"2024-10-08",166.850006103516,168.589996337891,166.270004272461,168.160003662109,7473000,159.327606201172
"2024-10-09",168.380004882812,169.809997558594,168,169.270004272461,8758800,160.379302978516
"2024-10-10",168.800003051758,169.789993286133,168.369995117188,168.949996948242,6932300,160.076095581055
"2024-10-11",169.460006713867,171.410003662109,168.970001220703,171.089996337891,7036500,162.10368347168
"2024-10-14",171.020004272461,172.839996337891,170.740005493164,172.509994506836,5909000,163.449127197266
"2024-10-15",172.889999389648,174.910003662109,172.820007324219,173.570007324219,7172200,164.45344543457
"2024-10-16",171.880004882812,172.589996337891,170.889999389648,172.380004882812,6117000,163.325942993164
"2024-10-17",172.179992675781,173.679992675781,171.759994506836,172.279998779297,7045600,163.231201171875
"2024-10-18",170.300003051758,172.210006713867,168.460006713867,171.279998779297,8372500,163.237869262695
"2024-10-21",170.979995727539,171.479995727539,168.449996948242,169.539993286133,5522500,161.579559326172
"2024-10-22",168.570007324219,170.729995727539,168.570007324219,169.699996948242,7511400,161.732055664062
"2024-10-23",169.550003051758,170.169998168945,168.729995727539,169.580001831055,4837800,161.617691040039
"2024-10-24",169.419998168945,169.960006713867,168.929992675781,169.619995117188,5861200,161.655792236328
"2024-10-25",168.919998168945,169.399993896484,168.039993286133,168.220001220703,4877900,160.321548461914
"2024-10-28",169.279998779297,169.660003662109,168.380004882812,169.300003051758,5753800,161.350860595703
"2024-10-29",168.860000610352,168.860000610352,166.830001831055,167.169998168945,5681000,159.320846557617
"2024-10-30",167.089996337891,167.320007324219,165.960006713867,166.160003662109,5518100,158.358276367188
"2024-10-31",165.759994506836,167.039993286133,165.089996337891,165.179992675781,6056500,157.424270629883
"2024-11-01",165.309997558594,166.350006103516,164.990005493164,165.100006103516,5454800,157.348037719727
"2024-11-04",165.720001220703,166.270004272461,164.580001831055,165.080001831055,5130200,157.328964233398
"2024-11-05",164.330001831055,166.320007324219,164.330001831055,165.759994506836,4397400,157.97705078125
"2024-11-06",165.610000610352,166.039993286133,159.809997558594,161.050003051758,11473700,153.488189697266
"2024-11-07",161.960006713867,163.949996948242,161.479995727539,163.410003662109,9056700,155.737380981445
"2024-11-08",164.020004272461,167.75,163.929992675781,167.710006713867,7506200,159.835494995117
"2024-11-11",167,168.520004272461,165.779998779297,166.029998779297,6364400,158.234375
"2024-11-12",166.139999389648,167.059997558594,165.570007324219,165.839996337891,6507500,158.053298950195
"2024-11-13",166.059997558594,166.800003051758,165.679992675781,166.580001831055,5412300,158.758544921875
"2024-11-14",166.710006713867,168.039993286133,166.509994506836,167.080001831055,7444300,159.235076904297
"2024-11-15",167.940002441406,170.570007324219,166.880004882812,169.539993286133,9939400,161.579559326172
"2024-11-18",169.110000610352,171.449996948242,168.830001831055,170.75,6681000,162.732772827148
"2024-11-19",170.690002441406,171.169998168945,169.660003662109,170.759994506836,5683700,162.742294311523
"2024-11-20",170.009994506836,171.070007324219,169.509994506836,170.889999389648,7081100,162.866180419922
"2024-11-21",171.660003662109,173.509994506836,170.220001220703,172.75,6240400,164.63883972168
"2024-11-22",174.149993896484,177.399993896484,173.880004882812,176.279998779297,10609800,168.003112792969
"2024-11-25",177.479995727539,178.820007324219,176.899993896484,177.389999389648,19357000,169.060974121094
"2024-11-26",177.199996948242,179.460006713867,177.199996948242,179.309997558594,6276700,170.890838623047
"2024-11-27",180,180.429992675781,178.729995727539,179.360000610352,5522900,170.938491821289
"2024-11-29",178.699996948242,179.630004882812,178.279998779297,179.259994506836,3823700,170.843170166016
"2024-12-02",179.119995117188,180.160003662109,178.009994506836,179.699996948242,5728200,171.26252746582
"2024-12-03",178.770004272461,179.619995117188,175.199996948242,175.419998168945,8127300,167.183471679688
"2024-12-04",174.169998168945,175.149993896484,173.460006713867,175.110000610352,6823500,166.888031005859
"2024-12-05",174.860000610352,176.460006713867,174.449996948242,176.029998779297,5022200,167.764846801758
"2024-12-06",175.369995117188,176.740005493164,173.75,173.820007324219,5741200,165.658630371094
"2024-12-09",173.639999389648,173.759994506836,170.429992675781,170.789993286133,7164300,162.770843505859
"2024-12-10",170.419998168945,172.929992675781,169.929992675781,172.279998779297,6219900,164.19091796875
"2024-12-11",173.009994506836,173.389999389648,170.399993896484,170.630004882812,5237500,162.618408203125
"2024-12-12",171.429992675781,171.820007324219,170.020004272461,170.850006103516,4072800,162.828048706055
"2024-12-13",170.770004272461,171.789993286133,170.119995117188,171.059997558594,3884500,163.028198242188
"2024-12-16",171.449996948242,172.779998779297,171.100006103516,171.139999389648,5943600,163.104431152344
"2024-12-17",170.669998168945,171.949996948242,170.020004272461,170.330001831055,6069200,162.332458496094
"2024-12-18",169.759994506836,170.559997558594,169.020004272461,169.080001831055,7517100,161.141159057617
"2024-12-19",169.009994506836,170.100006103516,167.350006103516,169.190002441406,8585200,161.246017456055
"2024-12-20",168.869995117188,169.869995117188,167.5,168.059997558594,21999300,160.169052124023
"2024-12-23",168.059997558594,168.679992675781,166.360000610352,168.110000610352,6983900,160.216705322266
"2024-12-24",167.619995117188,169.179992675781,167.419998168945,168.940002441406,2460800,161.007736206055
"2024-12-26",168.309997558594,170.300003051758,168.070007324219,170.160003662109,3629400,162.170455932617
"2024-12-27",169.419998168945,170.759994506836,169.259994506836,169.529998779297,4367900,161.570037841797
"2024-12-30",168.669998168945,168.979995727539,166.710006713867,167.089996337891,4354500,159.244598388672
"2024-12-31",167.360000610352,168.080001831055,166.589996337891,167.649993896484,3957600,159.778305053711
"2025-01-02",168.089996337891,168.710006713867,165.910003662109,165.979995727539,5401700,158.186706542969
"2025-01-03",166.25,166.5,164.25,165.130004882812,5256600,157.376647949219
"2025-01-06",162.809997558594,163.5,160.440002441406,160.600006103516,8731700,153.059326171875
"2025-01-07",161.460006713867,162.610000610352,160.740005493164,161.300003051758,8447400,153.726455688477
"2025-01-08",160.990005493164,162.399993896484,160.570007324219,162.100006103516,4974800,154.488891601562
"2025-01-10",160.149993896484,161.210006713867,157.470001220703,158.559997558594,8501500,151.115097045898
"2025-01-13",159.350006103516,160.089996337891,158.410003662109,158.839996337891,6772200,151.381958007812
"2025-01-14",158.850006103516,160.070007324219,158.309997558594,159.740005493164,5982200,152.239700317383
"2025-01-15",160.589996337891,161.149993896484,159.339996337891,159.649993896484,8059200,152.153945922852
"2025-01-16",159.619995117188,160.580001831055,159.139999389648,160.5,5774400,152.96403503418
"2025-01-17",159.740005493164,161.75,159.600006103516,161.130004882812,7262700,153.564453125
"2025-01-21",160.960006713867,162.350006103516,160.960006713867,161.720001220703,13914700,154.126739501953
"2025-01-22",167.100006103516,168.139999389648,164.440002441406,164.740005493164,14356700,157.004928588867
"2025-01-23",163.880004882812,166.479995727539,163.320007324219,166.149993896484,7614300,158.348739624023
"2025-01-24",165.910003662109,165.910003662109,163.199996948242,164.119995117188,6199800,157.367828369141
"2025-01-27",166.720001220703,169.940002441406,166.110000610352,169.660003662109,9170800,162.679901123047
"2025-01-28",168.910003662109,169.589996337891,166.110000610352,166.190002441406,6716300,159.352661132812
"2025-01-29",166.720001220703,167.289993286133,165.880004882812,166.229995727539,4850300,159.390991210938
"2025-01-30",167.479995727539,167.600006103516,165.929992675781,167.410003662109,4136500,160.522445678711
"2025-01-31",166,166.619995117188,165.210006713867,165.990005493164,5464700,159.160903930664
"2025-02-03",165.470001220703,169.380004882812,165.229995727539,168.759994506836,8668600,161.816909790039
"2025-02-04",169.289993286133,169.289993286133,166.279998779297,168.130004882812,6410900,161.212860107422
"2025-02-05",168.089996337891,169.139999389648,166.610000610352,169.009994506836,7536800,162.056640625
"2025-02-06",169.369995117188,169.929992675781,168.029998779297,168.880004882812,4957900,161.932006835938
"2025-02-07",169.089996337891,169.119995117188,167.869995117188,167.970001220703,4535600,161.059432983398
"2025-02-10",167.690002441406,168.479995727539,166.399993896484,167.529998779297,7062900,160.637512207031
"2025-02-11",167.690002441406,169.570007324219,166.5,169.429992675781,5438100,162.459365844727
"2025-02-12",168.350006103516,170.080001831055,167.970001220703,169.580001831055,6037400,162.60319519043
"2025-02-13",169.630004882812,171.380004882812,169.139999389648,171.020004272461,6328300,163.983932495117
"2025-02-14",169.789993286133,170,162.300003051758,162.889999389648,13179500,156.188415527344
"2025-02-18",163.350006103516,165.759994506836,162.199996948242,165.429992675781,7075300,158.623916625977
"2025-02-19",166.100006103516,166.869995117188,165.240005493164,166.490005493164,7910700,159.640319824219
"2025-02-20",163.149993896484,167.779998779297,162.800003051758,167.210006713867,6162600,160.330718994141
"2025-02-21",167.440002441406,170.550003051758,165.919998168945,170.229995727539,9813700,163.226440429688
"2025-02-24",170.220001220703,172.979995727539,169.789993286133,170.539993286133,8564100,163.523681640625
"2025-02-25",171.279998779297,173.949996948242,170.800003051758,172.649993896484,7314900,165.546875
"2025-02-26",172.279998779297,172.649993896484,170.649993896484,171.300003051758,5519000,164.252426147461
"2025-02-27",170.850006103516,173.089996337891,170.630004882812,171.970001220703,5467000,164.89485168457
"2025-02-28",173.580001831055,174.649993896484,171.850006103516,173.839996337891,10240100,166.687942504883
"2025-03-03",173.580001831055,176.289993286133,173.509994506836,175.589996337891,7615300,168.365921020508
"2025-03-04",176.75,179.990005493164,172.910003662109,173.179992675781,12117600,166.055068969727
"2025-03-05",173.380004882812,175.869995117188,173.020004272461,174.610000610352,6989100,167.426254272461
"2025-03-06",174.889999389648,175.839996337891,172.839996337891,174.660003662109,6702500,167.474197387695
"2025-03-07",174.089996337891,178.889999389648,174.050003051758,175.949996948242,9566700,168.71110534668
"2025-03-10",176.759994506836,179.990005493164,175.830001831055,176.259994506836,11047000,169.008346557617
"2025-03-11",175.830001831055,175.990005493164,172.320007324219,173.119995117188,11032300,165.997543334961
"2025-03-12",169.699996948242,171.830001831055,167.770004272461,168.369995117188,10158800,161.442962646484
"2025-03-13",167.699996948242,169.289993286133,167.279998779297,168.589996337891,6609000,161.653915405273
"2025-03-14",167.789993286133,168.589996337891,166.619995117188,167.970001220703,6790500,161.059432983398
"2025-03-17",168.369995117188,171.089996337891,168.130004882812,169.759994506836,9931700,162.775787353516
"2025-03-18",170.070007324219,170.259994506836,167.580001831055,167.710006713867,6099900,160.810119628906
"2025-03-19",167.869995117188,168.75,167.110000610352,168.570007324219,7569200,161.634735107422
"2025-03-20",168.889999389648,169.210006713867,166.029998779297,167.550003051758,8789200,160.656723022461
"2025-03-21",167.139999389648,168.139999389648,164.119995117188,166.690002441406,16027300,159.832092285156
"2025-03-24",166.429992675781,166.869995117188,165.360000610352,165.649993896484,6102100,158.834869384766
"2025-03-25",165.300003051758,165.369995117188,162.199996948242,162.850006103516,8366700,156.150085449219
"2025-03-26",163.350006103516,166.820007324219,162.990005493164,166.580001831055,7756000,159.726608276367
"2025-03-27",167.869995117188,169.029998779297,166.619995117188,168.710006713867,6211700,161.768981933594
"2025-03-28",169.380004882812,169.710006713867,167.619995117188,168.029998779297,5479100,161.116958618164
"2025-03-31",168.100006103516,171.139999389648,168.100006103516,170.419998168945,11520100,163.408645629883
"2025-04-01",170.570007324219,171.050003051758,169.059997558594,170.559997558594,7021100,163.542861938477
"2025-04-02",170.070007324219,170.880004882812,168.309997558594,169.5,6274500,162.526473999023
"2025-04-03",174.229995727539,174.800003051758,170.729995727539,172.389999389648,9393300,165.297592163086
"2025-04-04",171.770004272461,173.600006103516,163.470001220703,163.75,13454200,157.013046264648
"2025-04-07",163.660003662109,164.699996948242,159.190002441406,160.229995727539,15708000,153.637878417969
"2025-04-08",162.309997558594,163.279998779297,156.710006713867,158.389999389648,11541100,151.873565673828
"2025-04-09",157.360000610352,164.679992675781,156.690002441406,162.320007324219,10670200,155.641891479492
"2025-04-10",162.899993896484,165.070007324219,160.75,163.559997558594,10581600,156.830856323242
"2025-04-11",163.369995117188,168.020004272461,162.619995117188,166.910003662109,8602800,160.043029785156
"2025-04-14",167.039993286133,170.110000610352,165.779998779297,169.130004882812,9877300,162.17170715332
"2025-04-15",169.139999389648,170.160003662109,168.279998779297,168.470001220703,8765000,161.538848876953
"2025-04-16",169.289993286133,169.679992675781,165.789993286133,166.389999389648,5897500,159.54443359375
"2025-04-17",167.529998779297,171.649993896484,167.350006103516,170.630004882812,7227100,163.610015869141
"2025-04-21",169.889999389648,169.949996948242,164.279998779297,165.75,8062400,159.921432495117
"2025-04-22",165.860000610352,168.770004272461,164.539993286133,167.880004882812,7907400,161.976531982422
"2025-04-23",166.399993896484,166.610000610352,163.110000610352,165.729995727539,9309200,159.902114868164
"2025-04-24",160.5,160.960006713867,156.580001831055,159.529998779297,20077700,153.920166015625
"2025-04-25",159.880004882812,161.800003051758,157.770004272461,161.020004272461,12892800,155.35774230957
"2025-04-28",161.039993286133,162.559997558594,160.389999389648,161.850006103516,8127000,156.158569335938
"2025-04-29",161.289993286133,162.389999389648,159.199996948242,162.259994506836,8266200,156.554153442383
"2025-04-30",162.449996948242,163.160003662109,159.949996948242,162.570007324219,12475500,156.853271484375
"2025-05-01",160.660003662109,161.350006103516,159.050003051758,159.979995727539,6792800,154.35432434082
"2025-05-02",160.929992675781,161.809997558594,159.899993896484,160.520004272461,5750200,154.875335693359
"2025-05-05",160.889999389648,160.910003662109,158.020004272461,158.830001831055,7576200,153.244766235352
"2025-05-06",158.039993286133,159.710006713867,157.649993896484,159.25,7703800,153.650009155273
"2025-05-07",159.020004272461,160.050003051758,158.539993286133,159.289993286133,6430000,153.688583374023
"2025-05-08",158.380004882812,160,158.009994506836,158.649993896484,7230800,153.071105957031
"2025-05-09",158.020004272461,159.130004882812,157.410003662109,157.660003662109,6453200,152.115905761719
"2025-05-12",157.429992675781,161.050003051758,156.690002441406,160.899993896484,7378400,155.241973876953
"2025-05-13",160.020004272461,160.720001220703,157.360000610352,158.729995727539,7780800,153.14826965332
"2025-05-14",158.119995117188,159.160003662109,157.570007324219,158.020004272461,5988900,152.463256835938
"2025-05-15",159.589996337891,162.910003662109,158.699996948242,162.410003662109,8727300,156.698867797852
"2025-05-16",162.649993896484,163.429992675781,161.850006103516,163.279998779297,7100800,157.538284301758
"2025-05-19",163.470001220703,165.149993896484,163.410003662109,164.770004272461,8119900,158.975891113281
"2025-05-20",164.610000610352,166,164.600006103516,165.639999389648,5576600,159.815292358398
"2025-05-21",164.820007324219,166.369995117188,164.619995117188,165.429992675781,6424200,159.612670898438
"2025-05-22",164.440002441406,166.199996948242,164.020004272461,165.029998779297,6245600,159.22673034668
"2025-05-23",164.830001831055,166.220001220703,163.479995727539,165.860000610352,5349800,160.027572631836
"2025-05-27",165.270004272461,167.979995727539,165.270004272461,167.759994506836,11423800,161.860733032227
"2025-05-28",167.649993896484,168.839996337891,167.059997558594,167.360000610352,5385900,161.474822998047
"2025-05-29",166.740005493164,168.990005493164,166.440002441406,168.559997558594,4842500,162.632614135742
"2025-05-30",168.75,170.990005493164,168.600006103516,169.889999389648,12587500,163.91584777832
"2025-06-02",169.020004272461,169.039993286133,166.229995727539,167.779998779297,7574400,161.88005065918
"2025-06-03",166.779998779297,167.410003662109,165.899993896484,166.850006103516,6223000,160.98274230957
"2025-06-04",166.690002441406,168.050003051758,165.919998168945,165.949996948242,4939000,160.114379882812
"2025-06-05",165.429992675781,165.440002441406,162.509994506836,162.800003051758,10351800,157.075180053711
"2025-06-06",163.289993286133,165.240005493164,163.279998779297,164.020004272461,5697700,158.25227355957
"2025-06-09",163.389999389648,164.020004272461,162.070007324219,162.559997558594,6544200,156.843597412109
"2025-06-10",162.690002441406,163.509994506836,161.919998168945,162.839996337891,7680000,157.11376953125
"2025-06-11",162.630004882812,162.770004272461,161.690002441406,162.110000610352,5960100,156.409439086914
"2025-06-12",161.970001220703,163.309997558594,161.679992675781,163.179992675781,6509900,157.441787719727
"2025-06-13",162.759994506836,163.029998779297,159.910003662109,160.279998779297,7104500,154.643783569336
"2025-06-16",160.880004882812,161.949996948242,160.009994506836,160.880004882812,6332000,155.222686767578
"2025-06-17",160.059997558594,160.369995117188,158.309997558594,158.520004272461,6809700,152.945663452148
"2025-06-18",158.550003051758,158.649993896484,157.660003662109,158.020004272461,7211200,152.463256835938
"2025-06-20",158.029998779297,159.339996337891,157.850006103516,159.080001831055,16173400,153.485977172852
"2025-06-23",159.070007324219,161.190002441406,159,161.029998779297,6588200,155.367401123047
"2025-06-24",161.179992675781,161.740005493164,159.649993896484,160.360000610352,7470100,154.720977783203
"2025-06-25",159.820007324219,160.339996337891,158.710006713867,158.970001220703,5933700,153.379852294922
"2025-06-26",159.550003051758,159.559997558594,157.169998168945,158.630004882812,7410400,153.051818847656
"2025-06-27",158.679992675781,160.130004882812,158.289993286133,159.860000610352,19257000,154.238555908203
"2025-06-30",159.259994506836,159.899993896484,158.130004882812,159.320007324219,11238200,153.717544555664
"2025-07-01",159.880004882812,162.529998779297,159.380004882812,161.220001220703,10664900,155.550735473633
"2025-07-02",161.139999389648,161.350006103516,159.860000610352,161.199996948242,8848700,155.53141784668
"2025-07-03",161.789993286133,162.020004272461,159.789993286133,160.830001831055,6999600,155.174438476562
"2025-07-07",160.889999389648,161.179992675781,159.289993286133,160.5,7225700,154.856048583984
"2025-07-08",159.520004272461,159.779998779297,157.440002441406,157.889999389648,12034800,152.337814331055
"2025-07-09",158.100006103516,158.199996948242,155.949996948242,157.520004272461,18770900,151.980850219727
"2025-07-10",157.759994506836,159.610000610352,157.039993286133,158.490005493164,7200500,152.916732788086
"2025-07-11",158.050003051758,158.050003051758,156.440002441406,157.050003051758,8053800,151.527359008789
"2025-07-14",155.580001831055,155.800003051758,152.860000610352,153.759994506836,11491700,148.353042602539
"2025-07-15",153.559997558594,154.050003051758,151.899993896484,152.679992675781,9142600,147.311019897461
"2025-07-16",152.740005493164,153.759994506836,152.270004272461,153.729995727539,8479000,148.324111938477
"2025-07-17",154.039993286133,155.75,153.880004882812,155.619995117188,8320000,150.14762878418
"2025-07-18",153.779998779297,155.570007324219,153.630004882812,155.100006103516,7337300,150.669296264648
"2025-07-21",155.070007324219,155.940002441406,154.889999389648,155.029998779297,6328400,150.601303100586
"2025-07-22",154.919998168945,158.369995117188,154.899993896484,158.320007324219,8187000,153.797348022461
"2025-07-23",158.220001220703,158.880004882812,157.679992675781,158.279998779297,4804800,153.75846862793
"2025-07-24",158.869995117188,159.020004272461,158.050003051758,158.809997558594,7027400,154.273315429688
"2025-07-25",157.339996337891,158.440002441406,157.020004272461,158.300003051758,5799900,153.777893066406
"2025-07-28",157.630004882812,158.089996337891,156.229995727539,157.110000610352,7885000,152.621887207031
"2025-07-29",158.649993896484,158.649993896484,154.839996337891,156.610000610352,11466100,152.136169433594
"2025-07-30",157,157,152.050003051758,152.880004882812,8162900,148.512725830078
"2025-07-31",151.800003051758,152,149.910003662109,150.470001220703,11845400,146.171585083008
"2025-08-01",151.779998779297,153.490005493164,150.520004272461,150.649993896484,8594200,146.346420288086
"2025-08-04",150.25,151.460006713867,150.020004272461,150.759994506836,7679400,146.45329284668
"2025-08-05",150.710006713867,152.080001831055,150.320007324219,150.509994506836,6670100,146.210418701172
"2025-08-06",150.860000610352,153.479995727539,150.210006713867,152.860000610352,7376200,148.493301391602
"2025-08-07",153.119995117188,154.009994506836,152.699996948242,153.490005493164,6719000,149.10530090332
"2025-08-08",152.770004272461,153.789993286133,152.570007324219,153.509994506836,5811000,149.124710083008
"2025-08-11",153.539993286133,155.389999389648,153.309997558594,154.979995727539,7331700,150.552719116211
"2025-08-12",155.059997558594,155.539993286133,154.309997558594,155.089996337891,6938000,150.659591674805
"2025-08-13",155.210006713867,157.009994506836,154.949996948242,155.410003662109,5812400,150.970458984375
"2025-08-14",154.639999389648,154.699996948242,153.270004272461,153.740005493164,6343700,149.348175048828
"2025-08-15",154.470001220703,155.600006103516,154.210006713867,154.360000610352,7121700,149.950454711914
"2025-08-18",154.419998168945,156.919998168945,154.169998168945,155.720001220703,8274500,151.271591186523
"2025-08-19",155.729995727539,158.699996948242,155.669998168945,158.399993896484,7868100,153.875030517578
"2025-08-20",158.580001831055,161.029998779297,158.410003662109,159.509994506836,7840400,154.953323364258
"2025-08-21",157.929992675781,159.059997558594,157.179992675781,158.729995727539,6417500,154.195602416992
"2025-08-22",159.380004882812,160.679992675781,158.309997558594,158.669998168945,5797300,154.137329101562
"2025-08-25",158.389999389648,158.699996948242,155.889999389648,156.149993896484,4692500,151.689315795898
"2025-08-26",155.919998168945,156.699996948242,155.339996337891,155.970001220703,6338000,151.514450073242
"2025-08-27",156.149993896484,157.130004882812,155.789993286133,156.960006713867,4551200,152.476181030273
"2025-08-28",157,157.009994506836,155.029998779297,155.649993896484,5857400,151.203598022461
"2025-08-29",156.089996337891,157.559997558594,155.649993896484,157.039993286133,5318200,152.55387878418
"2025-09-02",157.360000610352,158.860000610352,156.979995727539,157.990005493164,6432800,153.476760864258
"2025-09-03",157.649993896484,158.639999389648,156.5,158.169998168945,6592500,153.651596069336
"2025-09-04",158.520004272461,159.75,157.809997558594,159.190002441406,6934900,154.642486572266
"2025-09-05",158.550003051758,160.559997558594,158.410003662109,160.020004272461,6436200,155.448760986328
"2025-09-08",159.610000610352,160.270004272461,158.25,159.009994506836,7178400,154.46760559082
"2025-09-09",158.610000610352,159.869995117188,158.199996948242,159.460006713867,4984900,154.904769897461
"2025-09-10",158.600006103516,158.940002441406,155.889999389648,157.350006103516,6205500,152.855041503906
"2025-09-11",157.720001220703,159.350006103516,157.389999389648,158.630004882812,5819500,154.098480224609
"2025-09-12",157.929992675781,159.130004882812,157.779998779297,157.899993896484,5957000,153.38932800293
"2025-09-15",157.880004882812,158.520004272461,156.199996948242,156.830001831055,5995000,152.349884033203
"2025-09-16",157.139999389648,158.389999389648,156.889999389648,158.050003051758,6559600,153.535049438477
"2025-09-17",158.429992675781,161.669998168945,158.429992675781,160.330001831055,6764200,155.749908447266
"2025-09-18",158.149993896484,159.020004272461,157.160003662109,157.320007324219,7651500,152.825897216797
"2025-09-19",157.610000610352,157.619995117188,155.970001220703,156.039993286133,17224800,151.582473754883
"2025-09-22",156.080001831055,156.080001831055,153.050003051758,153.070007324219,8712900,148.697311401367
"2025-09-23",153.199996948242,153.289993286133,150.970001220703,152.5,8853400,148.143600463867
"2025-09-24",152.050003051758,153.630004882812,151.789993286133,152.419998168945,6483300,148.065872192383
"2025-09-25",153.229995727539,153.880004882812,151.779998779297,152.149993896484,7511400,147.803588867188
"2025-09-26",152.229995727539,152.679992675781,151.529998779297,152.5,5721100,148.143600463867
"2025-09-29",152.419998168945,153.720001220703,151.789993286133,153.529998779297,8139700,149.144149780273
"2025-09-30",153.460006713867,154.380004882812,152.839996337891,153.649993896484,7762600,149.260711669922
"2025-10-01",153.699996948242,153.889999389648,151.410003662109,153.179992675781,7566000,148.804138183594
"2025-10-02",152.720001220703,152.800003051758,151.630004882812,152.050003051758,6892100,147.706436157227
"2025-10-03",152,153.429992675781,152,152.270004272461,5212600,147.920166015625
"2025-10-06",151.5,152.320007324219,150.399993896484,150.410003662109,6737000,146.113296508789
"2025-10-07",150.759994506836,153.169998168945,150.050003051758,152.539993286133,6844400,148.182434082031
"2025-10-08",152.789993286133,152.789993286133,150.630004882812,150.690002441406,5254700,146.385299682617
"2025-10-09",150.740005493164,150.869995117188,149.580001831055,150.580001831055,6134500,146.278442382812
"2025-10-10",150.940002441406,151.509994506836,149.449996948242,149.690002441406,7374000,145.413848876953
"2025-10-13",149,149.429992675781,146.970001220703,147.490005493164,7511100,143.276718139648
"2025-10-14",147.570007324219,149.25,147.080001831055,149.160003662109,8585300,144.898986816406
"2025-10-15",148.529998779297,149.410003662109,147.270004272461,147.419998168945,10003100,143.208694458008
"2025-10-16",148.009994506836,150.399993896484,147.919998168945,149.600006103516,8809700,145.326431274414
"2025-10-17",150.570007324219,152.029998779297,150.429992675781,151.399993896484,8612900,147.075012207031
"2025-10-20",151.589996337891,152.389999389648,151.300003051758,151.960006713867,5601300,147.619018554688
"2025-10-21",151.960006713867,152.279998779297,150.869995117188,151.619995117188,6013400,147.288711547852
"2025-10-22",151.300003051758,153.460006713867,150.789993286133,152.199996948242,6394400,147.852142333984
"2025-10-23",152.350006103516,153.300003051758,150.580001831055,152.210006713867,8205400,147.861892700195
"2025-10-24",156.399993896484,157.399993896484,151.529998779297,152.490005493164,11968500,149.169769287109
"2025-10-27",151.610000610352,151.759994506836,150.130004882812,151.740005493164,7775300,148.436096191406
"2025-10-28",151.119995117188,153.169998168945,150.619995117188,151.369995117188,5819300,148.074127197266
"2025-10-29",150.660003662109,150.970001220703,148.470001220703,148.770004272461,7405500,145.530746459961
"2025-10-30",149.470001220703,150.800003051758,149.339996337891,149.580001831055,6760700,146.323120117188
"2025-10-31",148.710006713867,151.100006103516,148.529998779297,150.369995117188,7930300,147.095901489258
"2025-11-03",150.100006103516,150.220001220703,147.770004272461,148.020004272461,8946400,144.797088623047
"2025-11-04",148.600006103516,149.5,146.25,147.169998168945,9295400,143.965591430664
"2025-11-05",146.869995117188,147.419998168945,145.649993896484,145.789993286133,11199900,142.615631103516
"2025-11-06",145.880004882812,146.679992675781,144.460006713867,146.130004882812,10024500,142.9482421875
"2025-11-07",146.949996948242,147.940002441406,146,146.979995727539,8500100,143.779724121094
"2025-11-10",146.380004882812,146.619995117188,144.089996337891,145.5,10208100,142.331954956055
"2025-11-11",145.960006713867,148.649993896484,145.669998168945,148.539993286133,7332500,145.305755615234
"2025-11-12",148.529998779297,149.149993896484,147.509994506836,148.009994506836,7851100,144.787292480469
"2025-11-13",148.179992675781,149,147.639999389648,147.960006713867,7566800,144.738388061523
"2025-11-14",149.100006103516,149.380004882812,147.610000610352,147.669998168945,9150800,144.454696655273
"2025-11-17",147.75,147.979995727539,145.009994506836,145.820007324219,9902300,142.644989013672
"2025-11-18",146.330001831055,147.389999389648,145.509994506836,146.990005493164,10735200,143.789520263672
"2025-11-19",146.960006713867,147.539993286133,145.860000610352,146.990005493164,6367000,143.789520263672
"2025-11-20",146.639999389648,148.660003662109,146.130004882812,148.190002441406,9021300,144.96337890625
"2025-11-21",148.380004882812,151.5,148.300003051758,150.919998168945,12018000,147.633941650391
"2025-11-24",150.100006103516,150.410003662109,146.539993286133,146.979995727539,13846900,143.779724121094
"2025-11-25",147.320007324219,148.649993896484,147.220001220703,148.490005493164,10477700,145.256851196289
"2025-11-26",147.919998168945,148.970001220703,147.610000610352,148.25,9238500,145.022079467773
"2025-11-28",147.800003051758,148.710006713867,147.179992675781,148.160003662109,4707200,144.934036254883
"2025-12-01",148.100006103516,148.889999389648,147.350006103516,147.440002441406,8240700,144.229721069336
"2025-12-02",145.289993286133,146.190002441406,142.509994506836,145.860000610352,16376800,142.684112548828
"2025-12-03",145.919998168945,148.289993286133,145.860000610352,146.710006713867,9125300,143.515609741211
"2025-12-04",146.669998168945,147.419998168945,144.5,145.360000610352,10479300,142.195007324219
"2025-12-05",145.160003662109,145.630004882812,143.25,143.449996948242,12791700,140.326583862305
"2025-12-08",142.910003662109,142.910003662109,138.139999389648,138.339996337891,17507500,135.327850341797
"2025-12-09",139.190002441406,140.880004882812,139,139.630004882812,10375700,136.589767456055
"2025-12-10",139.649993896484,141.279998779297,139.539993286133,139.820007324219,13650400,136.775619506836
"2025-12-11",141,141.839996337891,140.360000610352,140.759994506836,11798000,137.69514465332
"2025-12-12",141,143.110000610352,140.839996337891,142.839996337891,10268800,139.729873657227
"2025-12-15",143.270004272461,145.320007324219,143.199996948242,145.130004882812,13877700,141.970016479492
"2025-12-16",146.100006103516,146.539993286133,144.649993896484,145.210006713867,10251700,142.048278808594
"2025-12-17",146.690002441406,148.449996948242,146.449996948242,147.809997558594,9833300,144.591644287109
"2025-12-18",146.619995117188,147.5,145.350006103516,145.520004272461,12239900,142.351516723633
"2025-12-19",145.509994506836,146.050003051758,143.940002441406,144.460006713867,19345600,141.314605712891
"2025-12-22",143.710006713867,144.399993896484,142.419998168945,142.690002441406,11731400,139.583145141602
"2025-12-23",142.490005493164,143.729995727539,142.080001831055,143.179992675781,9541600,140.062469482422
"2025-12-24",142.899993896484,144.740005493164,142.830001831055,144.490005493164,3259200,141.343948364258
"2025-12-26",144.309997558594,145.639999389648,144.309997558594,144.740005493164,4711500,141.588516235352
"2025-12-29",144.800003051758,145.070007324219,143.949996948242,144.570007324219,7662100,141.422210693359
"2025-12-30",144.289993286133,144.460006713867,143.570007324219,144.050003051758,6006400,140.913528442383
"2025-12-31",144,144.139999389648,143.229995727539,143.309997558594,5293200,140.189636230469
"2026-01-02",143.110000610352,143.339996337891,141.240005493164,141.789993286133,8946100,138.702743530273
"2026-01-05",141.100006103516,141.350006103516,139.600006103516,140.369995117188,12297300,137.31364440918
"2026-01-06",140.389999389648,141.419998168945,139.509994506836,139.910003662109,10421800,136.863662719727
"2026-01-07",139.800003051758,139.800003051758,137.619995117188,138.039993286133,14369100,135.034378051758
"2026-01-08",137.889999389648,141.779998779297,137.820007324219,141.529998779297,9297100,138.448394775391
"2026-01-09",141.699996948242,142.330001831055,140.830001831055,141.869995117188,9528500,138.780990600586
"2026-01-12",142.279998779297,143.880004882812,141.710006713867,143.460006713867,12812000,140.336380004883
"2026-01-13",144,144.339996337891,142.970001220703,144.240005493164,15549200,141.099395751953
"2026-01-14",144.679992675781,146.899993896484,144.369995117188,146.350006103516,13475000,143.163452148438
"2026-01-15",145.679992675781,146.350006103516,144.350006103516,144.630004882812,10102800,141.480895996094
"2026-01-16",143.759994506836,144.729995727539,143.660003662109,144.529998779297,11729300,141.383071899414
"2026-01-20",144.460006713867,147,144.119995117188,147,12901400,143.799301147461
"2026-01-21",147.059997558594,147.369995117188,144.970001220703,146.059997558594,14126800,142.879760742188
"2026-01-22",148.080001831055,150.910003662109,147.5,149.929992675781,18501900,146.665481567383
"2026-01-23",150.839996337891,151.649993896484,149.800003051758,150.149993896484,14562600,147.923553466797
"2026-01-26",150.119995117188,150.880004882812,148.520004272461,149.490005493164,12655700,147.273345947266
"2026-01-27",148.070007324219,149.639999389648,147.929992675781,148.339996337891,9546000,146.140396118164
"2026-01-28",148,148.710006713867,146.789993286133,147.339996337891,7465800,145.155212402344
"2026-01-29",147.289993286133,150.130004882812,147.110000610352,149.899993896484,11035600,147.677261352539
"2026-01-30",150.429992675781,151.970001220703,149.149993896484,151.770004272461,12651400,149.519546508789
"2026-02-02",152.419998168945,153.729995727539,151.25,153.190002441406,10554900,150.918487548828
"2026-02-03",152.589996337891,156.529998779297,152.199996948242,155.320007324219,12424700,153.016906738281
"2026-02-04",156.130004882812,158.369995117188,155.759994506836,156.869995117188,12178500,154.543914794922
"2026-02-05",158.839996337891,159.649993896484,156.119995117188,158.610000610352,13077700,156.258117675781
"2026-02-06",158.240005493164,159.990005493164,158.009994506836,159.169998168945,10441700,156.809814453125
"2026-02-09",158.759994506836,159.279998779297,156.020004272461,157.330001831055,11439900,154.997100830078
"2026-02-10",157.529998779297,160.149993896484,156.720001220703,159.080001831055,9910100,156.721160888672
"2026-02-11",158.639999389648,161.139999389648,158.190002441406,160,10217300,157.627517700195
"2026-02-12",160.020004272461,163.139999389648,159.649993896484,161.210006713867,13512900,158.819564819336
"2026-02-13",161.740005493164,162.570007324219,159.710006713867,160.070007324219,13998900,157.696487426758
"2026-02-17",159.949996948242,162.169998168945,158.880004882812,159.550003051758,13319100,157.184173583984
"2026-02-18",158.979995727539,158.979995727539,155.770004272461,156.860000610352,14434300,154.534072875977
"2026-02-19",156.830001831055,159.960006713867,156.830001831055,158.559997558594,10724600,156.208862304688
"2026-02-20",159.130004882812,161.059997558594,158.160003662109,160.779998779297,11508100,158.395935058594
"2026-02-23",160.320007324219,165.360000610352,160.300003051758,165.169998168945,14772400,162.720840454102
"2026-02-24",164.899993896484,166.869995117188,163.940002441406,165.279998779297,9709500,162.829223632812
"2026-02-25",164.539993286133,165,162.100006103516,163.389999389648,7878500,160.967239379883
"2026-02-26",164.220001220703,164.5,162.860000610352,163.75,7028600,161.321899414062
"2026-02-27",164.039993286133,167.25,163.690002441406,167.199996948242,14878500,164.720733642578
"2026-03-02",165.289993286133,166.550003051758,163.449996948242,163.509994506836,9095500,161.08544921875
"2026-03-03",162.190002441406,162.190002441406,158.619995117188,159.720001220703,10161000,157.351669311523
"2026-03-04",159.440002441406,159.610000610352,157.309997558594,158.300003051758,8752700,155.952713012695
"2026-03-05",156.940002441406,157.100006103516,153.770004272461,153.990005493164,10060300,151.706619262695
"2026-03-06",153.660003662109,154.429992675781,151.889999389648,153.630004882812,8187900,151.351959228516
"2026-03-09",153.149993896484,156.229995727539,152.899993896484,155.220001220703,12494900,152.918380737305
"2026-03-10",155.490005493164,157.149993896484,153.600006103516,156.009994506836,7756800,153.696655273438
"2026-03-11",155.229995727539,155.380004882812,151.429992675781,153.320007324219,8855100,151.046569824219
"2026-03-12",152.210006713867,153.050003051758,150.330001831055,150.5,8489300,148.268371582031
"2026-03-13",151.369995117188,152.550003051758,150.179992675781,150.649993896484,7298900,148.416137695312
"2026-03-16",151.860000610352,152.639999389648,150.649993896484,152.119995117188,6944000,149.864349365234
"2026-03-17",153.009994506836,153.460006713867,151.199996948242,151.479995727539,6147700,149.233840942383
"2026-03-18",149.309997558594,149.619995117188,146.460006713867,146.710006713867,10059300,144.534576416016
"2026-03-19",146.220001220703,147.380004882812,144.789993286133,144.839996337891,10340300,142.692291259766
"2026-03-20",144.990005493164,145.820007324219,144.25,144.279998779297,60620900,142.140594482422
"2026-03-23",146.149993896484,146.149993896484,143.479995727539,143.990005493164,10315600,141.854904174805
"2026-03-24",143.330001831055,145.229995727539,142.229995727539,143.160003662109,8567600,141.037216186523
"2026-03-25",143.740005493164,144.100006103516,142.229995727539,143.919998168945,8418100,141.785934448242
"2026-03-26",143.690002441406,144.570007324219,142.240005493164,142.419998168945,6443200,140.308181762695
"2026-03-27",142.720001220703,144.080001831055,142.009994506836,142.710006713867,11558300,140.593887329102
"2026-03-30",143.039993286133,145.570007324219,142.570007324219,144.720001220703,11616300,142.574081420898
"2026-03-31",144.820007324219,144.919998168945,142.279998779297,144.440002441406,10407500,142.298233032227
"2026-04-01",143.919998168945,144.970001220703,143.210006713867,144.089996337891,8061700,141.953430175781
"2026-04-02",144.089996337891,144.210006713867,142.580001831055,143.119995117188,5941700,140.997802734375
"2026-04-06",143.009994506836,143.669998168945,141.919998168945,142.770004272461,6823100,140.65299987793
"2026-04-07",142.520004272461,142.770004272461,140.740005493164,141.300003051758,7207500,139.204788208008
"2026-04-08",143.149993896484,145.110000610352,141.869995117188,144.899993896484,10849700,142.751403808594
"2026-04-09",144.389999389648,146.940002441406,143,146.660003662109,6794800,144.485321044922
"2026-04-10",146.889999389648,146.889999389648,144.759994506836,145.160003662109,9790300,143.007553100586
"2026-04-13",145,145.089996337891,142.630004882812,143.580001831055,7121400,141.450973510742
"2026-04-14",143.240005493164,144.720001220703,142.770004272461,144.380004882812,6621600,142.239135742188
"2026-04-15",144.360000610352,144.399993896484,142.259994506836,143.380004882812,7698200,141.253952026367
"2026-04-16",143.199996948242,144.289993286133,142.660003662109,143.110000610352,6947100,140.98796081543
"2026-04-17",143.410003662109,147.589996337891,143.160003662109,146.929992675781,10886000,144.751312255859
"2026-04-20",146.059997558594,146.660003662109,143.589996337891,144.490005493164,8084700,142.34748840332
"2026-04-21",144.619995117188,144.619995117188,142.320007324219,142.320007324219,11197200,140.209671020508
"2026-04-22",142.5,143.300003051758,142.220001220703,142.850006103516,7236300,140.731811523438
"2026-04-23",143.399993896484,146.229995727539,143.399993896484,145.710006713867,11288800,143.549407958984
"2026-04-24",152.009994506836,152.419998168945,147.619995117188,148.179992675781,13786200,147.08203125
"2026-04-27",147.419998168945,149.699996948242,147.419998168945,148.399993896484,9166400,147.300399780273
"2026-04-28",150.029998779297,151.190002441406,148.429992675781,149.169998168945,7965700,148.064697265625
"2026-04-29",148.300003051758,148.75,145.889999389648,146.460006713867,9002400,145.374786376953
"2026-04-30",147.089996337891,147.720001220703,145.949996948242,147.089996337891,9491700,146.000106811523
"2026-05-01",147.869995117188,149.279998779297,146.460006713867,147.259994506836,6814800,146.168838500977
"2026-05-04",146.059997558594,146.059997558594,143.270004272461,143.419998168945,9642800,142.357299804688
"2026-05-05",143.380004882812,145.899993896484,142.179992675781,144.899993896484,7664300,143.826324462891
"2026-05-06",146.399993896484,148.949996948242,145.940002441406,147.899993896484,9399500,146.804107666016
"2026-05-07",147.990005493164,147.990005493164,146.020004272461,146.059997558594,9545800,144.977737426758
"2026-05-08",146.550003051758,147.520004272461,146.210006713867,146.419998168945,5741000,145.335067749023
"2026-05-11",145.789993286133,145.949996948242,141.970001220703,143.360000610352,7489500,142.297744750977
"2026-05-12",144.350006103516,145.860000610352,142.860000610352,143.910003662109,9051200,142.843673706055
"2026-05-13",143.149993896484,144.669998168945,141.660003662109,142.240005493164,6685900,141.186050415039
"2026-05-14",143.179992675781,144.279998779297,142.630004882812,142.710006713867,9636200,141.652572631836
"2026-05-15",143.399993896484,143.399993896484,141.199996948242,141.570007324219,6989400,140.521011352539
"2026-05-18",142.100006103516,144.429992675781,141.630004882812,142.389999389648,7731200,141.334930419922
"2026-05-19",142.470001220703,143.710006713867,140.850006103516,141.300003051758,8355800,140.253005981445
"2026-05-20",141.449996948242,143.220001220703,140.619995117188,142.440002441406,8375600,141.384567260742
"2026-05-21",141.880004882812,143.720001220703,140.089996337891,143.399993896484,6297300,142.337448120117
"2026-05-22",143.869995117188,144.639999389648,143.529998779297,144.440002441406,4616700,143.369750976562
"2026-05-26",144.509994506836,145.610000610352,142.529998779297,142.960006713867,8157200,141.90071105957
"2026-05-27",143.460006713867,148.539993286133,143.460006713867,147.490005493164,10048900,146.397155761719
"2026-05-28",146.699996948242,146.699996948242,145.009994506836,145.910003662109,10196700,144.828857421875
"2026-05-29",145.520004272461,145.639999389648,143.199996948242,143.559997558594,12355800,142.49626159668
"2026-06-01",141.520004272461,141.820007324219,138.860000610352,140.279998779297,11093800,139.240570068359
"2026-06-02",140.119995117188,141.119995117188,139.029998779297,140.820007324219,9599500,139.776580810547
"2026-06-03",140.929992675781,142.449996948242,140,140.190002441406,9351000,139.151245117188
"2026-06-04",142.699996948242,143.139999389648,139.889999389648,140.779998779297,8194000,139.736862182617
"2026-06-05",142.220001220703,148.229995727539,141.800003051758,146.539993286133,10963200,145.454177856445
"2026-06-08",145.789993286133,146.550003051758,145.020004272461,145.100006103516,7200700,144.024856567383
"2026-06-09",144.669998168945,149.479995727539,144.529998779297,148.669998168945,8259300,147.568405151367
"2026-06-10",149.910003662109,150.429992675781,148.380004882812,149.050003051758,7345900,147.945587158203
"2026-06-11",148.699996948242,149.619995117188,147.770004272461,148.339996337891,6684700,147.240844726562
"2026-06-12",149.380004882812,150.199996948242,148.300003051758,149.610000610352,6832000,148.501434326172
"2026-06-15",148.759994506836,151.5,148.759994506836,150.460006713867,9158900,149.345138549805
"2026-06-16",151.509994506836,153.020004272461,150.550003051758,152.490005493164,8518900,151.360107421875
"2026-06-17",152.380004882812,152.940002441406,149.770004272461,150.559997558594,7055800,149.444396972656
"2026-06-18",150.869995117188,152.289993286133,150.179992675781,150.380004882812,17076100,149.265731811523
"2026-06-22",150.110000610352,150.889999389648,147.570007324219,147.679992675781,10533000,146.585723876953
"2026-06-23",149.660003662109,151.369995117188,149.369995117188,150.860000610352,7259600,149.742172241211
"2026-06-24",151.990005493164,153.350006103516,150.919998168945,152.039993286133,8618500,150.913421630859
"2026-06-25",151.570007324219,152.289993286133,147.820007324219,148.5,11197200,147.399658203125
"2026-06-26",150.339996337891,150.880004882812,148.419998168945,149.020004272461,16724600,147.915817260742
"2026-06-29",148.729995727539,149.050003051758,147.039993286133,148.449996948242,10387700,147.350021362305
"2026-06-30",147.529998779297,147.529998779297,144.169998168945,146.639999389648,9353800,145.553436279297
"2026-07-01",146.529998779297,147.5,145.550003051758,147.429992675781,9571700,146.337585449219
"2026-07-02",148.580001831055,151.669998168945,147.740005493164,151.410003662109,9256000,150.288101196289
"2026-07-06",150.679992675781,151.220001220703,146.960006713867,149.309997558594,8323100,148.203659057617
"2026-07-07",152.660003662109,153.490005493164,150.610000610352,152.75,8061400,151.6181640625
"2026-07-08",150.960006713867,151.070007324219,148.350006103516,148.399993896484,14272300,147.300399780273
"2026-07-09",146.770004272461,147.660003662109,145.600006103516,146.850006103516,7748000,145.76188659668
"2026-07-10",147.100006103516,148.589996337891,146.710006713867,147.039993286133,12473000,145.950469970703
"2026-07-13",148.080001831055,150.050003051758,147.110000610352,148.369995117188,7816100,147.270614624023
"2026-07-14",148.369995117188,148.75,145.589996337891,146.080001831055,7668100,144.997589111328
"2026-07-15",145.279998779297,148.589996337891,144.660003662109,148.050003051758,6180000,146.953002929688
"2026-07-16",149.490005493164,151.520004272461,148.179992675781,151.5,6485400,150.377426147461
"2026-07-17",152.860000610352,154.320007324219,149.309997558594,149.979995727539,8917400,148.868682861328
"2026-07-20",149.559997558594,150.100006103516,148.429992675781,149.130004882812,5788300,148.024993896484
"2026-07-21",147.860000610352,148.410003662109,146.880004882812,148.100006103516,7027600,147.002624511719
"2026-07-22",149.5,150.460006713867,148.820007324219,149.130004882812,5371200,148.024993896484
"2026-07-23",146.139999389648,147.610000610352,145.589996337891,146.970001220703,6499200,145.880996704102
"2026-07-24",146.449996948242,147.990005493164,145.399993896484,147.410003662109,6620700,147.410003662109
"2026-07-27",147.850006103516,150.25,147.850006103516,148.630004882812,7301800,148.630004882812
"2026-07-28",151.5,153.679992675781,148.520004272461,148.880004882812,12848800,148.880004882812
"2026-07-29",141.380004882812,146.380004882812,140.199996948242,146.100006103516,14616800,146.100006103516
"2026-07-30",143.759994506836,144.449996948242,142.25,143.960006713867,9571100,143.960006713867
"2026-07-31",143.509994506836,144.699996948242,141.460006713867,144.490005493164,9152600,144.490005493164
"2026-08-03",145.850006103516,147.149993896484,144.259994506836,144.970001220703,8843600,144.970001220703
"2026-08-04",144.039993286133,148.25,143.789993286133,148.009994506836,7362300,148.009994506836
"2026-08-05",147.850006103516,147.850006103516,144.660003662109,146.800003051758,9753300,146.800003051758
"2026-08-06",147.820007324219,148.5,145.449996948242,146.970001220703,8766700,146.970001220703
"2026-08-07",144.899993896484,146,143.880004882812,145.789993286133,7565500,145.789993286133
"2026-08-10",144.729995727539,146.460006713867,144.149993896484,146.440002441406,7386500,146.440002441406
"2026-08-11",145.410003662109,145.710006713867,143.929992675781,145.210006713867,7936700,145.210006713867
"2026-08-12",144.050003051758,144.940002441406,143.789993286133,144.080001831055,7195000,144.080001831055
"2026-08-13",144.589996337891,145.800003051758,144,144.259994506836,7491300,144.259994506836
"2026-08-14",144.330001831055,144.910003662109,143.419998168945,144.550003051758,7249600,144.550003051758
"2026-08-17",143.639999389648,143.970001220703,142.479995727539,143.119995117188,9867500,143.119995117188
"2026-08-18",143.279998779297,144.419998168945,142.679992675781,143.449996948242,12746100,143.449996948242
"2026-08-19",144.300003051758,146.229995727539,143.619995117188,144.380004882812,13948500,144.380004882812
"2026-08-20",144.470001220703,144.919998168945,142.559997558594,142.970001220703,15794100,142.970001220703
"2026-08-21",143.020004272461,145.270004272461,142.139999389648,144.679992675781,9785200,144.679992675781
"2026-08-24",145.240005493164,146.800003051758,145,146.600006103516,7061800,146.600006103516
"2026-08-25",145.729995727539,146.119995117188,144.949996948242,145.399993896484,9125700,145.399993896484
"2026-08-26",145.279998779297,145.929992675781,144.5,145,8249100,145
"2026-08-27",143.699996948242,144.149993896484,142.710006713867,143.139999389648,7817200,143.139999389648
"2026-08-28",143.25,144.399993896484,143.009994506836,143.779998779297,5868900,143.779998779297
"2026-08-31",143.440002441406,145.899993896484,142.5,145.119995117188,12097900,145.119995117188
"2026-09-01",145.759994506836,148.360000610352,145.089996337891,146.210006713867,8503800,146.210006713867
"2026-09-02",146.419998168945,148.320007324219,145.789993286133,147.639999389648,7431100,147.639999389648
"2026-09-03",147.679992675781,148.220001220703,146.5,146.919998168945,6105800,146.919998168945
"2026-09-04",146.470001220703,147.149993896484,145.820007324219,146.440002441406,5588200,146.440002441406
"2026-09-08",145.600006103516,146.160003662109,144.300003051758,145.580001831055,8325100,145.580001831055
"2026-09-09",144.160003662109,144.470001220703,142.339996337891,142.639999389648,9270000,142.639999389648
"2026-09-10",142.600006103516,143.509994506836,141.860000610352,142.970001220703,10925000,142.970001220703
"2026-09-11",143.720001220703,145.490005493164,143.550003051758,145.270004272461,11526600,145.270004272461
"2026-09-14",146.380004882812,147.720001220703,145.75,146.130004882812,8704500,146.130004882812
"2026-09-15",144.779998779297,147.220001220703,143.919998168945,146.669998168945,8802900,146.669998168945
"2026-09-16",146.830001831055,148.229995727539,146.5,147.020004272461,6949800,147.020004272461
"2026-09-17",147.589996337891,147.779998779297,146.350006103516,147.550003051758,6737800,147.550003051758
"2026-09-18",146.440002441406,146.699996948242,145.490005493164,146.389999389648,12944300,146.389999389648
"2026-09-21",146.490005493164,146.809997558594,145.630004882812,146.080001831055,5822100,146.080001831055
"2026-09-22",147.419998168945,148.25,146.949996948242,148.220001220703,5636100,148.220001220703
"2026-09-23",147.869995117188,148.929992675781,147.139999389648,147.389999389648,6580200,147.389999389648
"2026-09-24",147.740005493164,149.199996948242,145.679992675781,145.679992675781,7428400,145.679992675781
"2026-09-25",145.970001220703,146.399993896484,145.330001831055,146.229995727539,5790500,146.229995727539
