"Date","Open","High","Low","Close","Volume","Adjusted"
"2010-01-04",112.370002746582,113.389999389648,111.51000213623,113.330001831055,118944600,84.3689727783203
"2010-01-05",113.26000213623,113.680000305176,112.849998474121,113.629997253418,111579900,84.5923080444336
"2010-01-06",113.519996643066,113.98999786377,113.430000305176,113.709999084473,116074400,84.6518783569336
"2010-01-07",113.5,114.330001831055,113.180000305176,114.190002441406,131091100,85.0092163085938
"2010-01-08",113.889999389648,114.620002746582,113.660003662109,114.569999694824,126402800,85.2920761108398
"2010-01-11",115.080001831055,115.129997253418,114.23999786377,114.730003356934,106375700,85.4111862182617
"2010-01-12",113.970001220703,114.209999084473,113.220001220703,113.660003662109,163333500,84.614631652832
"2010-01-13",113.949996948242,114.940002441406,113.370002746582,114.620002746582,161822000,85.3293304443359
"2010-01-14",114.48999786377,115.139999389648,114.419998168945,114.930000305176,115718800,85.5601196289062
"2010-01-15",114.730003356934,114.839996337891,113.199996948242,113.639999389648,212283100,84.599739074707
"2010-01-19",113.620002746582,115.129997253418,113.589996337891,115.059997558594,139172700,85.6568374633789
"2010-01-20",114.279998779297,114.449996948242,112.980003356934,113.889999389648,216490200,84.7858810424805
"2010-01-21",113.919998168945,114.269996643066,111.559997558594,111.699996948242,344859600,83.1554946899414
"2010-01-22",111.199996948242,111.73999786377,109.089996337891,109.209999084473,345942400,81.3018188476562
"2010-01-25",110.209999084473,110.410003662109,109.410003662109,109.769996643066,186937500,81.7187271118164
"2010-01-26",109.339996337891,110.470001220703,109.040000915527,109.309997558594,211168800,81.3762664794922
"2010-01-27",109.169998168945,110.080001831055,108.330001831055,109.830001831055,271863600,81.7633590698242
"2010-01-28",110.190002441406,110.25,107.910003662109,108.569999694824,316104000,80.8253936767578
"2010-01-29",109.040000915527,109.800003051758,107.220001220703,107.389999389648,310677600,79.9469299316406
"2010-02-01",108.150001525879,109.069999694824,107.5,109.059997558594,187865000,81.1901473999023
"2010-02-02",109.26000213623,110.589996337891,108.879997253418,110.379997253418,216327900,82.1728591918945
"2010-02-03",109.879997253418,110.480003356934,109.51000213623,109.830001831055,172730700,81.7633590698242
"2010-02-04",108.980003356934,109.029998779297,106.419998168945,106.440002441406,356715700,79.2396774291992
"2010-02-05",106.559997558594,106.879997253418,104.580001831055,106.660003662109,493585800,79.4034652709961
"2010-02-08",106.73999786377,107.330001831055,105.809997558594,105.889999389648,224166900,78.8302383422852
"2010-02-09",107.129997253418,108.150001525879,106.269996643066,107.220001220703,337820500,79.8203735351562
"2010-02-10",107.050003051758,107.599998474121,106.110000610352,107.01000213623,240511500,79.6640396118164
"2010-02-11",106.870002746582,108.25,106.25,108.129997253418,223591600,80.4978332519531
"2010-02-12",106.98999786377,108.099998474121,106.51000213623,108.040000915527,304622100,80.4308319091797
"2010-02-16",108.860000610352,109.849998474121,107.819999694824,109.73999786377,159317500,81.6963882446289
"2010-02-17",110.269996643066,110.410003662109,109.73999786377,110.26000213623,168845100,82.0835266113281
"2010-02-18",110.080001831055,111.139999389648,110.040000915527,110.910003662109,193708600,82.5673904418945
"2010-02-19",110.620002746582,111.569999694824,110.360000610352,111.139999389648,222684900,82.7386474609375
"2010-02-22",111.550003051758,111.580001831055,110.830001831055,111.160003662109,132346900,82.7535018920898
"2010-02-23",110.860000610352,111.199996948242,109.519996643066,109.809997558594,207497000,81.7484588623047
"2010-02-24",110.139999389648,111,109.860000610352,110.819999694824,176350700,82.5004043579102
"2010-02-25",109.23999786377,110.75,108.940002441406,110.669998168945,259634700,82.3887252807617
"2010-02-26",110.769996643066,111.120002746582,110.110000610352,110.73999786377,173589300,82.4408111572266
"2010-03-01",111.199996948242,112,111.169998168945,111.889999389648,147709700,83.2969512939453
"2010-03-02",112.370002746582,112.73999786377,112,112.199996948242,160992400,83.527717590332
"2010-03-03",112.48999786377,112.970001220703,112.019996643066,112.300003051758,150785000,83.6021957397461
"2010-03-04",112.449996948242,112.800003051758,112.029998779297,112.639999389648,135770400,83.8552780151367
"2010-03-05",113.370002746582,114.339996337891,113.099998474121,114.25,176118800,85.0538635253906
"2010-03-08",114.26000213623,114.519996643066,114.069999694824,114.269996643066,114631200,85.0687789916992
"2010-03-09",113.930000305176,114.98999786377,113.870002746582,114.459999084473,154556700,85.210205078125
"2010-03-10",114.51000213623,115.279998779297,114.410003662109,114.970001220703,186088800,85.5898818969727
"2010-03-11",114.699996948242,115.480003356934,114.349998474121,115.449996948242,160791100,85.9472122192383
"2010-03-12",115.949996948242,115.970001220703,115.139999389648,115.459999084473,162074800,85.9546661376953
"2010-03-15",115.26000213623,115.569999694824,114.599998474121,115.48999786377,146816800,85.9770126342773
"2010-03-16",115.809997558594,116.519996643066,115.48999786377,116.410003662109,168673000,86.6618957519531
"2010-03-17",116.76000213623,117.480003356934,116.419998168945,117.099998474121,177468100,87.1755447387695
"2010-03-18",117.110000610352,117.269996643066,116.569999694824,117.040000915527,196509100,87.1308898925781
"2010-03-19",115.970001220703,117.290000915527,115.519996643066,115.970001220703,226641100,86.6898880004883
"2010-03-22",115.309997558594,116.800003051758,115.23999786377,116.589996337891,184477800,87.1533279418945
"2010-03-23",116.76000213623,117.51000213623,116.379997253418,117.410003662109,182941600,87.7663116455078
"2010-03-24",116.970001220703,117.430000305176,115.580001831055,116.839996337891,196072600,87.3401718139648
"2010-03-25",117.629997253418,118.169998168945,116.51000213623,116.650001525879,223396300,87.1981811523438
"2010-03-26",116.870002746582,117.419998168945,116.120002746582,116.580001831055,205808500,87.1458511352539
"2010-03-29",117.169998168945,117.529998779297,116.690002441406,117.319999694824,134513500,87.6990661621094
"2010-03-30",117.459999084473,117.830001831055,116.910003662109,117.400001525879,145772500,87.7587966918945
"2010-03-31",116.949996948242,117.519996643066,116.610000610352,117,161078700,87.459831237793
"2010-04-01",117.800003051758,118.25,117.099998474121,117.800003051758,161215200,88.0578231811523
"2010-04-05",118.25,118.839996337891,117.919998168945,118.76000213623,105847600,88.7754440307617
"2010-04-06",118.419998168945,119.25,118.290000915527,119.040000915527,110384200,88.9847869873047
"2010-04-07",118.800003051758,119.360000610352,117.809997558594,118.360000610352,184576300,88.4764556884766
"2010-04-08",117.949996948242,118.970001220703,117.599998474121,118.769996643066,158704000,88.7828903198242
"2010-04-09",119.019996643066,119.599998474121,118.800003051758,119.550003051758,133006500,89.3660125732422
"2010-04-12",119.699996948242,120.050003051758,119.559997558594,119.73999786377,110279000,89.5079803466797
"2010-04-13",119.620002746582,120.040000915527,119,119.830001831055,125043600,89.5752944946289
"2010-04-14",120.269996643066,121.190002441406,120.080001831055,121.190002441406,161609000,90.5918960571289
"2010-04-15",120.98999786377,121.569999694824,120.949996948242,121.290000915527,144615300,90.6666641235352
"2010-04-16",120.860000610352,121.290000915527,118.75,119.360000610352,366786700,89.2239685058594
"2010-04-19",119.01000213623,119.930000305176,118.470001220703,119.809997558594,217947800,89.5603408813477
"2010-04-20",120.559997558594,120.980003356934,119.870002746582,120.879997253418,157708000,90.3601837158203
"2010-04-21",120.949996948242,121.230003356934,119.98999786377,120.660003662109,192910100,90.1957473754883
"2010-04-22",119.809997558594,121.169998168945,119.120002746582,121.019996643066,115360300,90.4648132324219
"2010-04-23",120.940002441406,121.860000610352,120.629997253418,121.809997558594,177335500,91.0553512573242
"2010-04-26",121.849998474121,122.120002746582,121.230003356934,121.349998474121,143457300,90.7115097045898
"2010-04-27",120.650001525879,121.339996337891,118.25,118.480003356934,355853300,88.5661468505859
"2010-04-28",119.050003051758,119.680000305176,118.269996643066,119.379997253418,300674100,89.238883972168
"2010-04-29",120.099998474121,121.110000610352,120.069999694824,120.860000610352,193775000,90.3452377319336
"2010-04-30",120.879997253418,121.01000213623,118.779998779297,118.809997558594,270000900,88.8128280639648
"2010-05-03",119.379997253418,120.680000305176,119.199996948242,120.349998474121,182747900,89.963996887207
"2010-05-04",119.01000213623,119.029998779297,116.919998168945,117.519996643066,360353400,87.848503112793
"2010-05-05",116.559997558594,117.800003051758,115.970001220703,116.819999694824,328973200,87.3252487182617
"2010-05-06",116.26000213623,117,105,112.940002441406,647356600,84.4248733520508
"2010-05-07",112.639999389648,113.769996643066,109.410003662109,111.26000213623,637558800,83.1690368652344
"2010-05-10",115.809997558594,116.650001525879,114.910003662109,116.160003662109,396159600,86.831901550293
"2010-05-11",115.069999694824,117.360000610352,114.910003662109,115.830001831055,317849800,86.5852127075195
"2010-05-12",116.290000915527,117.620002746582,116.089996337891,117.449996948242,235607100,87.7961883544922
"2010-05-13",117.129997253418,117.680000305176,115.889999389648,115.98999786377,234452500,86.7048034667969
"2010-05-14",115.120002746582,115.330001831055,112.870002746582,113.889999389648,345601400,85.1350326538086
"2010-05-17",114.199996948242,114.519996643066,111.769996643066,113.949996948242,325739800,85.1798477172852
"2010-05-18",114.879997253418,115.220001220703,112.029998779297,112.400001525879,360556800,84.021240234375
"2010-05-19",111.769996643066,112.769996643066,110.360000610352,111.76000213623,394742700,83.5428237915039
"2010-05-20",109.379997253418,109.889999389648,107.470001220703,107.540000915527,530418300,80.3882598876953
"2010-05-21",105.910003662109,109.379997253418,105.360000610352,109.110000610352,500909400,81.561897277832
"2010-05-24",108.519996643066,109.389999389648,107.610000610352,107.709999084473,269823000,80.5153121948242
"2010-05-25",105.110000610352,107.870002746582,104.379997253418,107.819999694824,396505200,80.5975646972656
"2010-05-26",108.480003356934,109.470001220703,106.849998474121,107.169998168945,349719300,80.1116638183594
"2010-05-27",109.190002441406,110.800003051758,108.779998779297,110.76000213623,300870500,82.795280456543
"2010-05-28",110.639999389648,110.720001220703,108.849998474121,109.370002746582,297933500,81.7562255859375
"2010-06-01",108.349998474121,109.949996948242,107.370002746582,107.529998779297,277909400,80.3807983398438
"2010-06-02",108.080001831055,110.339996337891,107.51000213623,110.330001831055,240243700,82.4738616943359
"2010-06-03",110.650001525879,111.059997558594,109.580001831055,110.709999084473,226618300,82.7579345703125
"2010-06-04",108.610000610352,109.330001831055,106.459999084473,106.819999694824,398475600,79.8500518798828
"2010-06-07",107.199996948242,107.610000610352,105.410003662109,105.48999786377,264609100,78.8558502197266
"2010-06-08",105.569999694824,106.830001831055,104.650001525879,106.620002746582,357774300,79.7005462646484
"2010-06-09",107.23999786377,108.279998779297,105.599998474121,106.050003051758,268023300,79.2744979858398
"2010-06-10",107.860000610352,109.279998779297,106.040000915527,109.150001525879,317890600,81.591796875
"2010-06-11",108.190002441406,109.75,108.120002746582,109.680000305176,214128200,81.9879531860352
"2010-06-14",110.519996643066,111.120002746582,109.400001525879,109.51000213623,207196100,81.8608779907227
"2010-06-15",110.279998779297,112.099998474121,110.089996337891,112,238268700,83.7222061157227
"2010-06-16",111.419998168945,112.419998168945,111.199996948242,111.959999084473,216374000,83.6923446655273
"2010-06-17",112.279998779297,112.330001831055,111.050003051758,112.139999389648,263185800,83.8268585205078
"2010-06-18",111.830001831055,112.129997253418,111.370002746582,111.730003356934,174006600,83.9177322387695
"2010-06-21",113.120002746582,113.199996948242,110.790000915527,111.410003662109,213140700,83.6773986816406
"2010-06-22",111.410003662109,111.900001525879,109.410003662109,109.569999694824,239355400,82.2954330444336
"2010-06-23",109.639999389648,110.029998779297,108.480003356934,109.230003356934,254639900,82.0400543212891
"2010-06-24",108.690002441406,108.830001831055,107.139999389648,107.419998168945,268523600,80.6806030273438
"2010-06-25",107.73999786377,108.419998168945,106.769996643066,107.870002746582,238726500,81.0186080932617
"2010-06-28",108.029998779297,108.319999694824,107.139999389648,107.529998779297,169218600,80.7632141113281
"2010-06-29",106.019996643066,107.51000213623,103.550003051758,104.209999084473,373649500,78.2696533203125
"2010-06-30",103.919998168945,104.879997253418,102.879997253418,103.220001220703,284101700,77.5260848999023
"2010-07-01",103.150001525879,103.48999786377,101.129997253418,102.76000213623,382924800,77.1805648803711
"2010-07-02",103.110000610352,103.419998168945,101.620002746582,102.199996948242,233385200,76.7599716186523
"2010-07-06",103.639999389648,104.370002746582,101.879997253418,102.870002746582,256935300,77.2631988525391
"2010-07-07",103.129997253418,106.23999786377,103.019996643066,106.110000610352,253769400,79.6967086791992
"2010-07-08",107,107.279998779297,105.910003662109,107.160003662109,210842100,80.4853363037109
"2010-07-09",107.129997253418,107.970001220703,106.930000305176,107.959999084473,144999900,81.0861968994141
"2010-07-12",107.599998474121,108.23999786377,107.150001525879,108.029998779297,131283600,81.138786315918
"2010-07-13",109.150001525879,110.089996337891,108.930000305176,109.660003662109,213025900,82.363037109375
"2010-07-14",109.309997558594,110.080001831055,108.860000610352,109.650001525879,184426800,82.3555068969727
"2010-07-15",109.610000610352,110.059997558594,108.169998168945,109.680000305176,232337900,82.3780288696289
"2010-07-16",109.089996337891,109.209999084473,106.449996948242,106.660003662109,282693400,80.1097793579102
"2010-07-19",107.050003051758,107.629997253418,106.220001220703,107.290000915527,186709000,80.5829772949219
"2010-07-20",105.870002746582,108.559997558594,105.819999694824,108.480003356934,258162400,81.4767456054688
"2010-07-21",109.040000915527,109.069999694824,106.629997253418,107.069999694824,264527000,80.417724609375
"2010-07-22",108.339996337891,109.940002441406,108.330001831055,109.459999084473,274781300,82.2128067016602
"2010-07-23",109.23999786377,110.569999694824,108.930000305176,110.410003662109,222020800,82.9263305664062
"2010-07-26",110.599998474121,111.669998168945,110.290000915527,111.559997558594,184445700,83.7900924682617
"2010-07-27",112.169998168945,112.290000915527,111.110000610352,111.550003051758,204855600,83.7825469970703
"2010-07-28",111.319999694824,111.660003662109,110.459999084473,110.830001831055,163056200,83.2417602539062
"2010-07-29",111.519996643066,111.819999694824,109.410003662109,110.290000915527,220149100,82.836181640625
"2010-07-30",109.169998168945,110.860000610352,108.980003356934,110.269996643066,220070600,82.8211669921875
"2010-08-02",111.98999786377,112.940002441406,111.540000915527,112.76000213623,188263200,84.6913452148438
"2010-08-03",112.480003356934,112.769996643066,111.849998474121,112.220001220703,146657300,84.2857894897461
"2010-08-04",112.529998779297,113.110000610352,112.160003662109,112.970001220703,158171700,84.8490905761719
"2010-08-05",112.25,112.910003662109,112.080001831055,112.849998474121,140473800,84.7589416503906
"2010-08-06",111.73999786377,112.569999694824,110.919998168945,112.389999389648,239728300,84.413459777832
"2010-08-09",112.919998168945,113.180000305176,112.319999694824,112.98999786377,120800400,84.8640975952148
"2010-08-10",112.029998779297,112.980003356934,111.370002746582,112.379997253418,242916300,84.4059753417969
"2010-08-11",110.650001525879,110.690002441406,109.120002746582,109.300003051758,273406900,82.0926284790039
"2010-08-12",107.650001525879,109.019996643066,107.599998474121,108.629997253418,239542600,81.5894165039062
"2010-08-13",108.290000915527,108.959999084473,108.180000305176,108.309997558594,158698500,81.3490524291992
"2010-08-16",107.569999694824,108.610000610352,107.180000305176,108.26000213623,147895300,81.3115081787109
"2010-08-17",109.190002441406,110.389999389648,108.879997253418,109.589996337891,172270300,82.310417175293
"2010-08-18",109.540000915527,110.379997253418,108.910003662109,109.790000915527,182922100,82.4606628417969
"2010-08-19",109.220001220703,109.48999786377,107.430000305176,107.879997253418,265847600,81.0260543823242
"2010-08-20",107.559997558594,107.940002441406,106.75,107.529998779297,209714200,80.7632141113281
"2010-08-23",108.040000915527,108.569999694824,107.069999694824,107.120002746582,163490300,80.4552917480469
"2010-08-24",105.949996948242,106.389999389648,104.970001220703,105.529998779297,280677800,79.2610702514648
"2010-08-25",104.949996948242,106.339996337891,104.290000915527,105.940002441406,272234800,79.5690155029297
"2010-08-26",106.440002441406,106.580001831055,104.879997253418,105.230003356934,224439500,79.0357666015625
"2010-08-27",105.889999389648,106.970001220703,104.309997558594,106.860000610352,272649000,80.2599945068359
"2010-08-30",106.580001831055,106.910003662109,105.300003051758,105.309997558594,167238600,79.095817565918
"2010-08-31",104.919998168945,105.980003356934,104.48999786377,105.309997558594,273933100,79.095817565918
"2010-09-01",106.730003356934,108.610000610352,106.660003662109,108.459999084473,256828100,81.4617385864258
"2010-09-02",108.720001220703,109.48999786377,108.48999786377,109.470001220703,156112200,82.2203216552734
"2010-09-03",110.540000915527,110.98999786377,109.949996948242,110.889999389648,212197300,83.2868270874023
"2010-09-07",110.370002746582,110.51000213623,109.550003051758,109.639999389648,141973700,82.3479995727539
"2010-09-08",109.860000610352,110.849998474121,109.809997558594,110.410003662109,149924400,82.9263305664062
"2010-09-09",111.650001525879,111.680000305176,110.620002746582,110.919998168945,147017900,83.3093795776367
"2010-09-10",111.120002746582,111.610000610352,110.870002746582,111.480003356934,127819000,83.72998046875
"2010-09-13",112.580001831055,112.949996948242,112.129997253418,112.720001220703,178503500,84.6613235473633
"2010-09-14",112.5,113.290000915527,112.080001831055,112.650001525879,209823600,84.6087341308594
"2010-09-15",112.319999694824,113.209999084473,111.980003356934,113.080001831055,168608400,84.9316787719727
"2010-09-16",112.730003356934,113.120002746582,112.349998474121,113.050003051758,199962900,84.9091567993164
"2010-09-17",113.040000915527,113.150001525879,112.180000305176,112.48999786377,195836900,84.9408721923828
"2010-09-20",112.879997253418,114.459999084473,112.519996643066,114.209999084473,214555200,86.2396392822266
"2010-09-21",114.300003051758,114.839996337891,113.51000213623,113.980003356934,268389100,86.0659713745117
"2010-09-22",113.800003051758,114.440002441406,113.099998474121,113.419998168945,191322400,85.6431121826172
"2010-09-23",112.48999786377,113.669998168945,112.180000305176,112.5,202354300,84.9484100341797
"2010-09-24",113.75,114.900001525879,113.650001525879,114.819999694824,209671800,86.7002410888672
"2010-09-27",114.860000610352,114.98999786377,114.160003662109,114.269996643066,128761800,86.2849502563477
"2010-09-28",114.419998168945,115.040000915527,113.180000305176,114.669998168945,209207500,86.5869979858398
"2010-09-29",114.379997253418,114.910003662109,114.019996643066,114.470001220703,179665800,86.4359741210938
"2010-09-30",115.050003051758,115.790000915527,113.589996337891,114.129997253418,287106700,86.1792297363281
"2010-10-01",114.98999786377,115.120002746582,113.930000305176,114.610000610352,174638700,86.5416793823242
"2010-10-04",114.370002746582,114.849998474121,113.180000305176,113.75,166153200,85.8923110961914
"2010-10-05",114.800003051758,116.319999694824,114.669998168945,116.040000915527,229634100,87.621467590332
"2010-10-06",116.019996643066,116.330001831055,115.559997558594,116.029998779297,148626600,87.6139221191406
"2010-10-07",116.5,116.529998779297,115.190002441406,115.889999389648,164860000,87.5082015991211
"2010-10-08",116.050003051758,116.860000610352,115.610000610352,116.540000915527,177760100,87.9990463256836
"2010-10-11",116.720001220703,116.970001220703,116.25,116.650001525879,103098300,88.0820922851562
"2010-10-12",116.269996643066,117.349998474121,115.650001525879,117.01000213623,182210000,88.3539276123047
"2010-10-13",117.660003662109,118.550003051758,117.379997253418,117.919998168945,194347200,89.0410385131836
"2010-10-14",117.809997558594,118.01000213623,116.720001220703,117.459999084473,217764300,88.693717956543
"2010-10-15",118.279998779297,118.349998474121,116.76000213623,117.699996948242,243705000,88.8749313354492
"2010-10-18",117.73999786377,118.669998168945,117.309997558594,118.279998779297,141204800,89.3128890991211
"2010-10-19",117.190002441406,117.849998474121,116.019996643066,116.730003356934,280604700,88.1425018310547
"2010-10-20",116.940002441406,118.440002441406,116.870002746582,117.870002746582,200051800,89.0033187866211
"2010-10-21",118.400001525879,119.089996337891,117.209999084473,118.129997253418,221585500,89.1996231079102
"2010-10-22",118.309997558594,118.529998779297,118,118.349998474121,108212400,89.3657684326172
"2010-10-25",119.139999389648,119.76000213623,118.610000610352,118.699996948242,151145700,89.630012512207
"2010-10-26",118.099998474121,118.839996337891,117.870002746582,118.720001220703,158982900,89.6451416015625
"2010-10-27",117.889999389648,118.51000213623,117.26000213623,118.379997253418,190024000,89.3884048461914
"2010-10-28",119.059997558594,119.110000610352,117.830001831055,118.400001525879,168576000,89.4035110473633
"2010-10-29",118.279998779297,118.720001220703,118.069999694824,118.48999786377,144305500,89.471435546875
"2010-11-01",119.069999694824,119.75,117.849998474121,118.529998779297,174074800,89.5016555786133
"2010-11-02",119.419998168945,119.75,119.099998474121,119.470001220703,158345900,90.2114562988281
"2010-11-03",119.680000305176,120.019996643066,118.449996948242,119.949996948242,226702800,90.5739288330078
"2010-11-04",121.279998779297,122.319999694824,119.970001220703,122.26000213623,215039400,92.3181991577148
"2010-11-05",122.339996337891,122.919998168945,122.180000305176,122.720001220703,180654100,92.6655426025391
"2010-11-08",122.339996337891,122.690002441406,121.940002441406,122.48999786377,156107100,92.4918365478516
"2010-11-09",122.819999694824,122.949996948242,121.120002746582,121.610000610352,186621600,91.8273544311523
"2010-11-10",121.580001831055,122.160003662109,120.660003662109,122.099998474121,221387400,92.1973648071289
"2010-11-11",121.050003051758,121.819999694824,120.680000305176,121.639999389648,158017600,91.8500366210938
"2010-11-12",120.819999694824,121.349998474121,119.650001525879,120.199996948242,239068800,90.7626724243164
"2010-11-15",120.580001831055,121.050003051758,119.980003356934,120.029998779297,163940800,90.6343154907227
"2010-11-16",119.290000915527,119.48999786377,117.589996337891,118.160003662109,299566200,89.2222747802734
"2010-11-17",118.209999084473,118.709999084473,117.860000610352,118.220001220703,172308900,89.2675933837891
"2010-11-18",119.360000610352,120.389999389648,119.349998474121,119.959999084473,197723700,90.581428527832
"2010-11-19",119.900001525879,120.339996337891,119.25,120.290000915527,156852900,90.8306503295898
"2010-11-22",119.690002441406,120.23999786377,118.769996643066,120.190002441406,181361000,90.7551193237305
"2010-11-23",118.769996643066,119.019996643066,117.98999786377,118.449996948242,222309000,89.4412536621094
"2010-11-24",119.199996948242,120.230003356934,119.180000305176,120.199996948242,140046100,90.7626724243164
"2010-11-26",119.160003662109,119.809997558594,118.800003051758,118.800003051758,76007800,89.7055511474609
"2010-11-29",118.5,119.480003356934,117.73999786377,119.160003662109,223642300,89.9774017333984
"2010-11-30",117.980003356934,119.169998168945,117.809997558594,118.48999786377,233930700,89.471435546875
"2010-12-01",120.199996948242,121.23999786377,120.190002441406,121.01000213623,221037200,91.3743057250977
"2010-12-02",121.199996948242,122.650001525879,121.129997253418,122.559997558594,191213600,92.5447006225586
"2010-12-03",122.139999389648,123.029998779297,122.110000610352,122.889999389648,151288900,92.7938842773438
"2010-12-06",122.629997253418,123.040000915527,122.5,122.76000213623,103050500,92.695686340332
"2010-12-07",123.940002441406,124.01000213623,122.76000213623,122.830001831055,206581000,92.7485885620117
"2010-12-08",122.980003356934,123.379997253418,122.410003662109,123.279998779297,138019200,93.0883865356445
"2010-12-09",123.970001220703,124.019996643066,123.150001525879,123.76000213623,123705100,93.4508361816406
"2010-12-10",124.139999389648,124.599998474121,123.730003356934,124.480003356934,117571700,93.994514465332
"2010-12-13",125.050003051758,125.199996948242,124.519996643066,124.559997558594,133812700,94.0549087524414
"2010-12-14",124.75,125.230003356934,124.290000915527,124.669998168945,147249600,94.1379623413086
"2010-12-15",124.440002441406,124.930000305176,123.889999389648,124.099998474121,160823100,93.7075576782227
"2010-12-16",124.180000305176,124.910003662109,123.75,124.819999694824,185035200,94.251220703125
"2010-12-17",124.080001831055,124.459999084473,123.819999694824,124.300003051758,141075300,94.3522109985352
"2010-12-20",124.639999389648,124.900001525879,123.980003356934,124.599998474121,119085500,94.5799102783203
"2010-12-21",124.98999786377,125.470001220703,124.870002746582,125.389999389648,94965500,95.179557800293
"2010-12-22",125.480003356934,125.819999694824,125.410003662109,125.779998779297,78878100,95.4756088256836
"2010-12-23",125.639999389648,125.779998779297,125.290000915527,125.599998474121,70053700,95.3389587402344
"2010-12-27",125.129997253418,125.769996643066,125.040000915527,125.650001525879,58126000,95.3769607543945
"2010-12-28",125.900001525879,125.949996948242,125.5,125.830001831055,55309100,95.5135498046875
"2010-12-29",125.980003356934,126.199996948242,125.900001525879,125.919998168945,58033100,95.5818557739258
"2010-12-30",125.800003051758,126.129997253418,125.529998779297,125.720001220703,76616900,95.430061340332
"2010-12-31",125.529998779297,125.870002746582,125.330001831055,125.75,91218900,95.4528350830078
"2011-01-03",126.709999084473,127.599998474121,125.699996948242,127.050003051758,138725200,96.439582824707
"2011-01-04",127.330001831055,127.370002746582,126.190002441406,126.980003356934,137409700,96.3864822387695
"2011-01-05",126.580001831055,127.720001220703,126.459999084473,127.639999389648,133975300,96.8874435424805
"2011-01-06",127.690002441406,127.830001831055,127.01000213623,127.389999389648,122519000,96.6976928710938
"2011-01-07",127.559997558594,127.769996643066,126.150001525879,127.139999389648,156034600,96.507926940918
"2011-01-10",126.580001831055,127.160003662109,126.199996948242,126.980003356934,122401700,96.3864822387695
"2011-01-11",127.440002441406,127.73999786377,126.949996948242,127.430000305176,110287000,96.7280654907227
"2011-01-12",128.210006713867,128.720001220703,127.459999084473,128.580001831055,107929200,97.6009902954102
"2011-01-13",128.630004882812,128.690002441406,128.050003051758,128.369995117188,129048400,97.4415893554688
"2011-01-14",128.190002441406,129.330001831055,128.100006103516,129.300003051758,117677900,98.1475296020508
"2011-01-18",129.179992675781,129.639999389648,129.029998779297,129.520004272461,114401300,98.3145294189453
"2011-01-19",129.410003662109,129.539993286133,127.910003662109,128.25,151958400,97.3504867553711
"2011-01-20",127.959999084473,128.399993896484,127.129997253418,128.080001831055,175745700,97.2214584350586
"2011-01-21",128.880004882812,129.169998168945,128.229995727539,128.369995117188,151462900,97.4415893554688
"2011-01-24",128.289993286133,129.25,128.259994506836,129.100006103516,113715500,97.995735168457
"2011-01-25",128.759994506836,129.279998779297,128.110000610352,129.169998168945,167552200,98.0488357543945
"2011-01-26",129.490005493164,130.050003051758,129.229995727539,129.669998168945,141281500,98.4283981323242
"2011-01-27",129.699996948242,130.210006713867,129.470001220703,129.990005493164,123302700,98.6712875366211
"2011-01-28",130.139999389648,130.350006103516,127.51000213623,127.720001220703,295637300,96.9481964111328
"2011-01-31",128.070007324219,128.779998779297,127.75,128.679992675781,149249200,97.6769256591797
"2011-02-01",129.460006713867,130.970001220703,129.380004882812,130.740005493164,167194300,99.2406005859375
"2011-02-02",130.399993896484,130.839996337891,130.330001831055,130.490005493164,118323600,99.0508346557617
"2011-02-03",130.259994506836,130.979995727539,129.570007324219,130.779998779297,145886700,99.2709426879883
"2011-02-04",130.830001831055,131.199996948242,130.229995727539,131.149993896484,134634800,99.5518264770508
"2011-02-07",131.440002441406,132.399993896484,131.429992675781,131.970001220703,112439100,100.174247741699
"2011-02-08",132.089996337891,132.639999389648,131.729995727539,132.570007324219,99072800,100.629653930664
"2011-02-09",132.210006713867,132.630004882812,131.610000610352,132.270004272461,146436700,100.401985168457
"2011-02-10",131.600006103516,132.470001220703,131.300003051758,132.320007324219,162708500,100.439933776855
"2011-02-11",131.800003051758,133.279998779297,131.770004272461,133.110000610352,137710300,101.039573669434
"2011-02-14",133.029998779297,133.539993286133,132.880004882812,133.429992675781,101690700,101.28247833252
"2011-02-15",133.020004272461,133.220001220703,132.320007324219,133.009994506836,119575400,100.963645935059
"2011-02-16",133.460006713867,134.009994506836,133.190002441406,133.850006103516,130183500,101.601295471191
"2011-02-17",133.460006713867,134.429992675781,133.339996337891,134.25,109810500,101.904907226562
"2011-02-18",134.369995117188,134.690002441406,134.059997558594,134.529998779297,130002400,102.117431640625
"2011-02-22",133.119995117188,134.559997558594,131.470001220703,131.830001831055,233116400,100.068000793457
"2011-02-23",131.75,132.070007324219,130.210006713867,131.020004272461,227584000,99.453125
"2011-02-24",130.880004882812,131.440002441406,129.699996948242,130.929992675781,260431400,99.3848342895508
"2011-02-25",131.479995727539,132.410003662109,131.399993896484,132.330001831055,141686900,100.447486877441
"2011-02-28",132.820007324219,133.320007324219,132.380004882812,133.149993896484,141585500,101.069953918457
"2011-03-01",133.570007324219,133.690002441406,130.889999389648,130.929992675781,258565500,99.3848342895508
"2011-03-02",130.75,131.820007324219,130.350006103516,131.210006713867,200277400,99.5973129272461
"2011-03-03",132.399993896484,133.619995117188,132.389999389648,133.470001220703,176480100,101.312805175781
"2011-03-04",133.369995117188,133.630004882812,131.600006103516,132.470001220703,277202300,100.553779602051
"2011-03-07",132.860000610352,133.160003662109,130.740005493164,131.429992675781,216790400,99.7643203735352
"2011-03-08",131.639999389648,133,131.070007324219,132.580001831055,174615000,100.637268066406
"2011-03-09",132.320007324219,132.800003051758,131.600006103516,132.389999389648,153806000,100.493041992188
"2011-03-10",131,131.179992675781,129.809997558594,129.940002441406,301291800,98.6333389282227
"2011-03-11",129.520004272461,131.309997558594,129.490005493164,130.839996337891,225621800,99.3164978027344
"2011-03-14",129.990005493164,130.479995727539,129.059997558594,130.050003051758,234974100,98.7168197631836
"2011-03-15",126.589996337891,129.330001831055,126.5,128.559997558594,359585400,97.5858001708984
"2011-03-16",128.149993896484,128.570007324219,125.279998779297,126.180000305176,468670300,95.7792205810547
"2011-03-17",128,128.389999389648,127.099998474121,127.849998474121,254303700,97.0468978881836
"2011-03-18",128.839996337891,128.880004882812,127.51000213623,127.76000213623,230435400,97.3998641967773
"2011-03-21",129.350006103516,130.009994506836,129.199996948242,129.740005493164,153992600,98.9093475341797
"2011-03-22",129.720001220703,129.889999389648,129.169998168945,129.289993286133,129538600,98.5662307739258
"2011-03-23",128.929992675781,130,128.320007324219,129.660003662109,148603100,98.8483657836914
"2011-03-24",130.399993896484,131.089996337891,129.669998168945,130.899993896484,159129800,99.7936782836914
"2011-03-25",131.240005493164,131.869995117188,130.889999389648,131.300003051758,155642800,100.098655700684
"2011-03-28",131.580001831055,131.919998168945,130.940002441406,130.979995727539,109762400,99.8546829223633
"2011-03-29",130.869995117188,131.899993896484,130.440002441406,131.860000610352,129798800,100.52555847168
"2011-03-30",132.550003051758,133.160003662109,132.360000610352,132.770004272461,135835000,101.219284057617
"2011-03-31",132.600006103516,132.960006713867,132.449996948242,132.589996337891,132537100,101.082069396973
"2011-04-01",133.410003662109,133.770004272461,132.830001831055,133.149993896484,153850100,101.509010314941
"2011-04-04",133.429992675781,133.669998168945,132.880004882812,133.259994506836,100768900,101.592864990234
"2011-04-05",133,133.830001831055,132.940002441406,133.240005493164,120791500,101.577621459961
"2011-04-06",133.880004882812,134,133.119995117188,133.660003662109,120411600,101.897827148438
"2011-04-07",133.419998168945,133.979995727539,132.660003662109,133.320007324219,170731500,101.638618469238
"2011-04-08",133.910003662109,133.990005493164,132.309997558594,132.860000610352,147945400,101.287895202637
"2011-04-11",133,133.449996948242,132.139999389648,132.460006713867,121385400,100.982963562012
"2011-04-12",131.720001220703,131.979995727539,130.990005493164,131.470001220703,161187400,100.228256225586
"2011-04-13",132.080001831055,132.179992675781,130.960006713867,131.460006713867,162059000,100.220634460449
"2011-04-14",130.699996948242,131.759994506836,130.270004272461,131.559997558594,161220400,100.296813964844
"2011-04-15",131.800003051758,132.369995117188,131.410003662109,132.039993286133,170006700,100.662773132324
"2011-04-18",130.589996337891,132.029998779297,129.509994506836,130.559997558594,210759300,99.5345001220703
"2011-04-19",130.759994506836,131.350006103516,130.440002441406,131.309997558594,124258800,100.106231689453
"2011-04-20",132.880004882812,133.389999389648,132.789993286133,133.100006103516,156133800,101.47087097168
"2011-04-21",133.789993286133,133.839996337891,133.100006103516,133.779998779297,135935400,101.989273071289
"2011-04-25",133.679992675781,133.860000610352,133.199996948242,133.639999389648,65757100,101.882545471191
"2011-04-26",134.050003051758,135.059997558594,133.910003662109,134.789993286133,146600000,102.759284973145
"2011-04-27",135.050003051758,135.869995117188,134.5,135.669998168945,143031000,103.430145263672
"2011-04-28",135.429992675781,136.289993286133,135.410003662109,136.110000610352,124791100,103.765602111816
"2011-04-29",136.160003662109,136.570007324219,135.979995727539,136.429992675781,115094100,104.00952911377
"2011-05-02",137.070007324219,137.179992675781,135.949996948242,136.220001220703,126278700,103.84944152832
"2011-05-03",135.960006713867,136.190002441406,135.039993286133,135.729995727539,138375000,103.475875854492
"2011-05-04",135.669998168945,135.729995727539,134.229995727539,134.830001831055,182678500,102.789794921875
"2011-05-05",134.080001831055,134.949996948242,133.020004272461,133.610000610352,226900000,101.859725952148
"2011-05-06",134.940002441406,135.630004882812,133.679992675781,134.199996948242,222787200,102.30948638916
"2011-05-09",134.190002441406,135.110000610352,133.979995727539,134.720001220703,114104500,102.705902099609
"2011-05-10",135.169998168945,136.110000610352,135,135.869995117188,114806900,103.582649230957
"2011-05-11",135.669998168945,135.690002441406,133.820007324219,134.440002441406,193564200,102.492446899414
"2011-05-12",134.080001831055,135.360000610352,133.389999389648,135.080001831055,171550700,102.98038482666
"2011-05-13",135.149993896484,135.339996337891,133.559997558594,134.039993286133,157444900,102.187507629395
"2011-05-16",133.559997558594,134.610000610352,132.970001220703,133.190002441406,141675400,101.539497375488
"2011-05-17",132.690002441406,133.350006103516,132.119995117188,133.169998168945,192686200,101.524238586426
"2011-05-18",133.240005493164,134.5,132.949996948242,134.360000610352,135217900,102.431480407715
"2011-05-19",134.800003051758,135.029998779297,133.940002441406,134.679992675781,119489500,102.675369262695
"2011-05-20",134.330001831055,134.679992675781,133.360000610352,133.610000610352,182594900,101.859725952148
"2011-05-23",131.979995727539,132.720001220703,131.589996337891,132.059997558594,168700000,100.678024291992
"2011-05-24",132.440002441406,132.729995727539,131.699996948242,131.949996948242,147199600,100.594169616699
"2011-05-25",131.419998168945,132.940002441406,131.380004882812,132.389999389648,151050100,100.92960357666
"2011-05-26",132.029998779297,133.240005493164,131.779998779297,133,164850000,101.394630432129
"2011-05-27",133.369995117188,133.869995117188,132.960006713867,133.509994506836,120921900,101.783447265625
"2011-05-31",134.770004272461,134.919998168945,133.839996337891,134.899993896484,164731200,102.843132019043
"2011-06-01",134.509994506836,134.919998168945,131.759994506836,131.869995117188,233094300,100.533195495605
"2011-06-02",131.960006713867,132.240005493164,130.960006713867,131.729995727539,200466800,100.426445007324
"2011-06-03",130.149993896484,131.419998168945,130.080001831055,130.419998168945,234690200,99.4277877807617
"2011-06-06",130.089996337891,130.360000610352,128.869995117188,129.039993286133,179951200,98.3756942749023
"2011-06-07",129.699996948242,130.070007324219,128.850006103516,128.960006713867,161660500,98.3147125244141
"2011-06-08",128.759994506836,129.190002441406,128.179992675781,128.419998168945,198696400,97.9030075073242
"2011-06-09",128.770004272461,129.929992675781,128.460006713867,129.399993896484,160964400,98.6501159667969
"2011-06-10",128.850006103516,128.929992675781,127.26000213623,127.599998474121,238629400,97.2778701782227
"2011-06-13",127.889999389648,128.240005493164,127.050003051758,127.699996948242,207599800,97.3541107177734
"2011-06-14",128.869995117188,129.770004272461,128.820007324219,129.320007324219,160570400,98.5891571044922
"2011-06-15",128.240005493164,129.300003051758,126.680000305176,127.019996643066,300958000,96.8356781005859
"2011-06-16",127.059997558594,127.970001220703,126.319999694824,127.300003051758,308032800,97.0491790771484
"2011-06-17",127.930000305176,127.940002441406,126.620002746582,127.050003051758,233284900,97.3387680053711
"2011-06-20",126.620002746582,127.970001220703,126.580001831055,127.699996948242,159479000,97.8367691040039
"2011-06-21",128.360000610352,129.699996948242,127.75,129.449996948242,193157300,99.1774978637695
"2011-06-22",129.050003051758,129.809997558594,128.589996337891,128.669998168945,176703000,98.5799179077148
"2011-06-23",127.160003662109,128.639999389648,126.190002441406,128.300003051758,334286500,98.2964477539062
"2011-06-24",128.270004272461,128.369995117188,126.620002746582,126.809997558594,226129300,97.154899597168
"2011-06-27",126.889999389648,128.429992675781,126.639999389648,127.940002441406,168904700,98.0206527709961
"2011-06-28",128.449996948242,129.630004882812,128.270004272461,129.610000610352,165556300,99.3000793457031
"2011-06-29",130.199996948242,130.929992675781,129.630004882812,130.720001220703,244295500,100.150505065918
"2011-06-30",131.139999389648,132.179992675781,130.710006713867,131.970001220703,223322700,101.108184814453
"2011-07-01",132.089996337891,134.100006103516,131.779998779297,133.919998168945,202385700,102.602180480957
"2011-07-05",133.779998779297,134.080001831055,133.389999389648,133.809997558594,165936000,102.517929077148
"2011-07-06",133.490005493164,134.139999389648,133.110000610352,133.970001220703,143331600,102.640510559082
"2011-07-07",135.160003662109,135.699996948242,134.880004882812,135.360000610352,170464200,103.705451965332
"2011-07-08",133.830001831055,135.360000610352,133.389999389648,134.399993896484,194100500,102.969932556152
"2011-07-11",132.75,133.179992675781,131.660003662109,131.970001220703,195918600,101.108184814453
"2011-07-12",131.690002441406,132.779998779297,131.360000610352,131.399993896484,214675700,100.671463012695
"2011-07-13",132.089996337891,133.220001220703,131.520004272461,131.839996337891,204062600,101.008590698242
"2011-07-14",132.169998168945,132.779998779297,130.679992675781,130.929992675781,226111800,100.311431884766
"2011-07-15",131.660003662109,131.869995117188,130.770004272461,131.690002441406,220012800,100.893684387207
"2011-07-18",131.080001831055,131.279998779297,129.630004882812,130.610000610352,196872100,100.066230773926
"2011-07-19",131.339996337891,132.889999389648,131.309997558594,132.729995727539,166554900,101.690460205078
"2011-07-20",133.070007324219,133.149993896484,132.419998168945,132.649993896484,137145400,101.629180908203
"2011-07-21",133.399993896484,134.820007324219,132.669998168945,134.490005493164,245246300,103.038879394531
"2011-07-22",134.520004272461,134.720001220703,133.759994506836,134.580001831055,126019400,103.10782623291
"2011-07-25",133.300003051758,134.490005493164,133.160003662109,133.830001831055,136653800,102.533241271973
"2011-07-26",133.740005493164,133.960006713867,133.029998779297,133.330001831055,131278200,102.150177001953
"2011-07-27",132.589996337891,132.630004882812,130.429992675781,130.600006103516,249020100,100.058586120605
"2011-07-28",130.600006103516,131.770004272461,130.009994506836,130.220001220703,207939900,99.7674331665039
"2011-07-29",128.910003662109,130.550003051758,127.970001220703,129.330001831055,307038400,99.0855560302734
"2011-08-01",130.839996337891,130.960006713867,127.529998779297,128.779998779297,325790900,98.6642150878906
"2011-08-02",127.809997558594,128.5,125.48999786377,125.48999786377,346653800,96.1435470581055
"2011-08-03",125.660003662109,126.309997558594,123.529998779297,126.169998168945,370830800,96.6645812988281
"2011-08-04",124.419998168945,124.620002746582,120.059997558594,120.26000213623,520721800,92.1366500854492
"2011-08-05",121.76000213623,122.069999694824,116.860000610352,120.080001831055,655619200,91.9987411499023
"2011-08-08",116.910003662109,120.120002746582,112.019996643066,112.26000213623,702263900,86.0074768066406
"2011-08-09",114.069999694824,117.639999389648,110.269996643066,117.480003356934,717828700,90.0067825317383
"2011-08-10",115.26000213623,116.279998779297,111.949996948242,112.290000915527,662607400,86.0304565429688
"2011-08-11",113.26000213623,118.919998168945,112.319999694824,117.330001831055,487979700,89.891845703125
"2011-08-12",118.400001525879,119.209999084473,117.279998779297,118.120002746582,313731600,90.4971008300781
"2011-08-15",119.190002441406,120.73999786377,119,120.620002746582,258810600,92.4124603271484
"2011-08-16",119.470001220703,120.690002441406,118.309997558594,119.589996337891,294095200,91.6233215332031
"2011-08-17",120.25,121.199996948242,118.720001220703,119.669998168945,238201100,91.6846008300781
"2011-08-18",116.5,119.709999084473,113.389999389648,114.51000213623,512956300,87.7313079833984
"2011-08-19",112.959999084473,115.879997253418,112.5,112.639999389648,428281300,86.2986145019531
"2011-08-22",115.169998168945,115.230003356934,112.410003662109,112.730003356934,275090600,86.3675689697266
"2011-08-23",113.150001525879,116.569999694824,112.580001831055,116.440002441406,331136600,89.2099533081055
"2011-08-24",116.190002441406,118.23999786377,115.919998168945,118.080001831055,246869700,90.4664535522461
"2011-08-25",118.730003356934,119.400001525879,115.870002746582,116.279998779297,312365400,89.0873870849609
"2011-08-26",115.690002441406,118.51000213623,113.849998474121,117.970001220703,314495900,90.3821640014648
"2011-08-29",119.559997558594,121.430000305176,118.059997558594,121.360000610352,190977200,92.9794006347656
"2011-08-30",120.830001831055,122.430000305176,119.26000213623,121.680000305176,241315700,93.2245712280273
"2011-08-31",122.459999084473,123.51000213623,121.300003051758,122.220001220703,301828400,93.6382598876953
"2011-09-01",122.290000915527,123.400001525879,120.779998779297,120.940002441406,254585900,92.6576309204102
"2011-09-02",118.419998168945,120.870002746582,117.430000305176,117.849998474121,255517200,90.2902221679688
"2011-09-06",114.389999389648,117.160003662109,114.379997253418,116.98999786377,285130500,89.6313781738281
"2011-09-07",118.76000213623,120.339996337891,118.360000610352,120.290000915527,209803200,92.1596221923828
"2011-09-08",119.569999694824,120.940002441406,118.769996643066,119.040000915527,250568200,91.2019805908203
"2011-09-09",117.680000305176,119.059997558594,115.279998779297,115.919998168945,380195100,88.8115539550781
"2011-09-12",114.470001220703,116.76000213623,114.050003051758,116.669998168945,305793500,89.3861846923828
"2011-09-13",117.050003051758,118.180000305176,116.220001220703,117.73999786377,272514700,90.2059783935547
"2011-09-14",118.339996337891,120.800003051758,116.720001220703,119.370002746582,319389500,91.4547805786133
"2011-09-15",120.650001525879,121.470001220703,119.400001525879,121.430000305176,326777200,93.0330352783203
"2011-09-16",121.290000915527,121.970001220703,120.319999694824,121.519996643066,284528300,93.5836639404297
"2011-09-19",119.529998779297,120.930000305176,118.720001220703,120.309997558594,241517000,92.6518020629883
"2011-09-20",120.819999694824,121.98999786377,120.01000213623,120.169998168945,218932200,92.5440063476562
"2011-09-21",120.230003356934,120.599998474121,116.440002441406,116.629997253418,316251300,89.8178253173828
"2011-09-22",113.25,114.209999084473,111.300003051758,112.860000610352,513911300,86.9145050048828
"2011-09-23",112.110000610352,114.160003662109,112.019996643066,113.540000915527,307242500,87.4381713867188
"2011-09-26",114.610000610352,116.400001525879,112.980003356934,116.23999786377,260673700,89.517463684082
"2011-09-27",118.529998779297,119.559997558594,116.839996337891,117.540000915527,311753900,90.5186233520508
"2011-09-28",117.779998779297,118.48999786377,114.970001220703,115.139999389648,286696800,88.6703567504883
"2011-09-29",117.050003051758,117.629997253418,113.930000305176,116.050003051758,298108900,89.3711547851562
"2011-09-30",114.449996948242,115.449996948242,113.069999694824,113.150001525879,288392300,87.1378402709961
"2011-10-03",112.48999786377,113.949996948242,109.809997558594,109.930000305176,365136800,84.6580657958984
"2011-10-04",108.349998474121,112.580001831055,107.430000305176,112.339996337891,459177500,86.5140533447266
"2011-10-05",112.620002746582,114.720001220703,111.580001831055,114.419998168945,284108000,88.1158905029297
"2011-10-06",114.360000610352,116.660003662109,113.51000213623,116.48999786377,257800800,89.7100067138672
"2011-10-07",117.169998168945,117.25,115.059997558594,115.709999084473,312657900,89.1093368530273
"2011-10-10",117.680000305176,119.629997253418,117.669998168945,119.580001831055,230666300,92.0896682739258
"2011-10-11",118.870002746582,120.040000915527,118.75,119.699996948242,209088000,92.1820678710938
"2011-10-12",120.599998474121,122.139999389648,120.330001831055,120.75,281544900,92.9906616210938
"2011-10-13",120.040000915527,120.870002746582,119.120002746582,120.51000213623,212538800,92.8058547973633
"2011-10-14",121.910003662109,122.599998474121,121.230003356934,122.569999694824,211397600,94.3922805786133
"2011-10-17",121.98999786377,122.550003051758,119.930000305176,120.230003356934,202311600,92.5902252197266
"2011-10-18",120.139999389648,123.5,119.199996948242,122.580001831055,318857900,94.3999862670898
"2011-10-19",122.379997253418,123.080001831055,120.709999084473,121.129997253418,226601300,93.2833251953125
"2011-10-20",121.430000305176,122.099998474121,119.819999694824,121.660003662109,262075600,93.6914443969727
"2011-10-21",123.089996337891,124.120002746582,122.720001220703,123.970001220703,278999400,95.4704132080078
"2011-10-24",124.169998168945,125.800003051758,124.059997558594,125.48999786377,203215600,96.640998840332
"2011-10-25",124.889999389648,124.949996948242,122.779998779297,123.050003051758,268596800,94.7619171142578
"2011-10-26",124.349998474121,124.769996643066,122.209999084473,124.300003051758,289053800,95.7245712280273
"2011-10-27",127.629997253418,129.419998168945,126.610000610352,128.630004882812,393220200,99.0591354370117
"2011-10-28",128,128.850006103516,127.800003051758,128.600006103516,225906500,99.0360412597656
"2011-10-31",127.160003662109,128.619995117188,125.319999694824,125.5,228146700,96.6486968994141
"2011-11-01",122.029998779297,123.51000213623,121.519996643066,122,416565800,93.9533309936523
"2011-11-02",123.830001831055,124.400001525879,122.790000915527,123.98999786377,244717600,95.4858322143555
"2011-11-03",125.269996643066,126.5,123.599998474121,126.25,291174800,97.2262802124023
"2011-11-04",125.230003356934,125.699996948242,124.01000213623,125.480003356934,249401600,96.6333160400391
"2011-11-07",125.389999389648,126.389999389648,124.199996948242,126.26000213623,196617200,97.2339706420898
"2011-11-08",126.919998168945,128.020004272461,125.709999084473,127.879997253418,224426300,98.4815521240234
"2011-11-09",124.889999389648,125.800003051758,122.860000610352,123.160003662109,337982000,94.8466262817383
"2011-11-10",124.790000915527,124.940002441406,123.019996643066,124.319999694824,231866500,95.7399749755859
"2011-11-11",125.830001831055,126.98999786377,125.790000915527,126.660003662109,189924400,97.5420074462891
"2011-11-14",126.190002441406,127.449996948242,124.919998168945,125.459999084473,159258300,96.6178894042969
"2011-11-15",125.169998168945,126.75,124.720001220703,126.080001831055,184709400,97.0953674316406
"2011-11-16",124.809997558594,126.339996337891,123.900001525879,124.080001831055,235782500,95.5551452636719
"2011-11-17",123.849998474121,124.160003662109,121.230003356934,122.110000610352,331219600,94.0380249023438
"2011-11-18",122.5,122.75,121.470001220703,121.980003356934,215580400,93.9379348754883
"2011-11-21",120.199996948242,120.349998474121,118.650001525879,119.660003662109,229611600,92.1512756347656
"2011-11-22",119.400001525879,120.099998474121,118.519996643066,119.190002441406,216494900,91.7893218994141
"2011-11-23",118.069999694824,119.190002441406,116.559997558594,116.559997558594,224329100,89.7639465332031
"2011-11-25",116.379997253418,117.699996948242,116.199996948242,116.339996337891,99557000,89.5945053100586
"2011-11-28",119.540000915527,120.180000305176,118.819999694824,119.709999084473,210686000,92.1897583007812
"2011-11-29",120.050003051758,121,119.610000610352,120.050003051758,199241500,92.4515686035156
"2011-11-30",123.48999786377,125.220001220703,120,124.98999786377,324439500,96.2559204101562
"2011-12-01",124.849998474121,125.639999389648,124.430000305176,124.970001220703,176954800,96.2405090332031
"2011-12-02",126.120002746582,126.5,124.779998779297,124.860000610352,221109700,96.1558303833008
"2011-12-05",126.839996337891,127.180000305176,125.440002441406,126.220001220703,225263900,97.2031936645508
"2011-12-06",126.209999084473,127.110000610352,125.76000213623,126.26000213623,178842100,97.2339706420898
"2011-12-07",125.839996337891,127.26000213623,124.970001220703,126.730003356934,237802500,97.5959167480469
"2011-12-08",125.900001525879,126.180000305176,123.650001525879,123.949996948242,240862800,95.4549789428711
"2011-12-09",124.51000213623,126.370002746582,124.400001525879,126.050003051758,209111400,97.0722503662109
"2011-12-12",124.949996948242,124.970001220703,123.160003662109,124.209999084473,215826100,95.6552352905273
"2011-12-13",124.860000610352,125.569999694824,122.449996948242,123.050003051758,245159800,94.7619171142578
"2011-12-14",122.559997558594,123.029998779297,121.470001220703,121.73999786377,238618800,93.7530822753906
"2011-12-15",123.029998779297,123.199996948242,121.98999786377,122.180000305176,199109200,94.091911315918
"2011-12-16",122.230003356934,122.949996948242,121.300003051758,121.589996337891,220481400,94.2314300537109
"2011-12-19",122.059997558594,122.319999694824,120.029998779297,120.290000915527,183903000,93.2239379882812
"2011-12-20",122.180000305176,124.139999389648,120.370002746582,123.930000305176,225418100,96.044921875
"2011-12-21",123.930000305176,124.360000610352,122.75,124.169998168945,194230900,96.2309265136719
"2011-12-22",124.629997253418,125.400001525879,124.230003356934,125.269996643066,119465400,97.0833969116211
"2011-12-23",125.669998168945,126.430000305176,125.410003662109,126.389999389648,92187200,97.9513854980469
"2011-12-27",126.169998168945,126.819999694824,126.059997558594,126.48999786377,86075700,98.028923034668
"2011-12-28",126.51000213623,126.529998779297,124.730003356934,124.830001831055,119107100,96.7423934936523
"2011-12-29",125.23999786377,126.25,124.860000610352,126.120002746582,123507200,97.7421569824219
"2011-12-30",126.019996643066,126.330001831055,125.5,125.5,95599000,97.2616577148438
"2012-01-03",127.76000213623,128.380004882812,127.430000305176,127.5,193697900,98.8116455078125
"2012-01-04",127.199996948242,127.809997558594,126.709999084473,127.699996948242,127186500,98.9666366577148
"2012-01-05",127.01000213623,128.229995727539,126.430000305176,128.039993286133,173895000,99.2301483154297
"2012-01-06",128.199996948242,128.220001220703,127.290000915527,127.709999084473,148050000,98.974365234375
"2012-01-09",128,128.179992675781,127.410003662109,128.020004272461,99530200,99.2146453857422
"2012-01-10",129.389999389648,129.649993896484,128.949996948242,129.130004882812,115282000,100.074882507324
"2012-01-11",128.729995727539,129.369995117188,128.520004272461,129.199996948242,111540700,100.129112243652
"2012-01-12",129.570007324219,129.699996948242,128.539993286133,129.509994506836,118983700,100.36939239502
"2012-01-13",128.639999389648,129.050003051758,127.720001220703,128.839996337891,179836200,99.8501205444336
"2012-01-17",130.080001831055,130.320007324219,128.899993896484,129.339996337891,132209200,100.237632751465
"2012-01-18",129.309997558594,130.839996337891,129.080001831055,130.770004272461,163395200,101.345886230469
"2012-01-19",131.220001220703,131.570007324219,130.800003051758,131.460006713867,126328900,101.88062286377
"2012-01-20",131.240005493164,131.949996948242,130.919998168945,131.949996948242,138230200,102.26033782959
"2012-01-23",131.509994506836,132.25,130.979995727539,131.610000610352,129295800,101.996879577637
"2012-01-24",130.800003051758,131.5,130.600006103516,131.460006713867,103083300,101.88062286377
"2012-01-25",131.259994506836,132.869995117188,130.75,132.559997558594,198613200,102.733093261719
"2012-01-26",133.149993896484,133.399993896484,131.360000610352,131.880004882812,184880500,102.206108093262
"2012-01-27",131.240005493164,132.050003051758,131.149993896484,131.820007324219,135259100,102.159614562988
"2012-01-30",130.509994506836,131.440002441406,130.059997558594,131.369995117188,147311800,101.81086730957
"2012-01-31",132.020004272461,132.179992675781,130.679992675781,131.320007324219,157212000,101.772132873535
"2012-02-01",132.289993286133,133.139999389648,132.130004882812,132.470001220703,166234500,102.663391113281
"2012-02-02",132.729995727539,133.020004272461,132.210006713867,132.679992675781,113090400,102.826072692871
"2012-02-03",134,134.619995117188,133.770004272461,134.539993286133,160598500,104.267570495605
"2012-02-06",133.979995727539,134.509994506836,133.830001831055,134.449996948242,107694500,104.197845458984
"2012-02-07",134.169998168945,135.020004272461,133.639999389648,134.789993286133,135528100,104.461357116699
"2012-02-08",134.860000610352,135.220001220703,134.309997558594,135.190002441406,139361400,104.771354675293
"2012-02-09",135.410003662109,135.589996337891,134.559997558594,135.360000610352,148602900,104.90306854248
"2012-02-10",134.160003662109,134.470001220703,133.839996337891,134.360000610352,167907500,104.128089904785
"2012-02-13",135.320007324219,135.520004272461,134.740005493164,135.360000610352,115841900,104.90306854248
"2012-02-14",135,135.270004272461,134.25,135.190002441406,165329500,104.771354675293
"2012-02-15",135.630004882812,135.830001831055,134.289993286133,134.559997558594,195195100,104.283088684082
"2012-02-16",134.570007324219,136.169998168945,134.330001831055,136.050003051758,186567800,105.437805175781
"2012-02-17",136.520004272461,136.630004882812,135.960006713867,136.410003662109,129869400,105.716865539551
"2012-02-21",136.729995727539,137.050003051758,136.050003051758,136.470001220703,134042300,105.763328552246
"2012-02-22",136.259994506836,136.550003051758,135.789993286133,136.029998779297,124455300,105.422325134277
"2012-02-23",135.960006713867,136.729995727539,135.5,136.630004882812,137704300,105.887329101562
"2012-02-24",136.929992675781,137.199996948242,136.630004882812,136.929992675781,105539100,106.119812011719
"2012-02-27",136.020004272461,137.529998779297,135.800003051758,137.160003662109,145728900,106.298072814941
"2012-02-28",137.199996948242,137.720001220703,136.929992675781,137.559997558594,129355900,106.608070373535
"2012-02-29",137.759994506836,138.190002441406,136.539993286133,137.020004272461,185934700,106.189613342285
"2012-03-01",137.309997558594,137.990005493164,136.929992675781,137.729995727539,145023500,106.739814758301
"2012-03-02",137.639999389648,137.820007324219,137,137.309997558594,120638300,106.414337158203
"2012-03-05",137.100006103516,137.199996948242,136.279998779297,136.75,140765000,105.98030090332
"2012-03-06",135.350006103516,135.429992675781,134.360000610352,134.75,202129900,104.430351257324
"2012-03-07",135.059997558594,135.910003662109,134.929992675781,135.690002441406,143692200,105.158851623535
"2012-03-08",136.520004272461,137.320007324219,136.240005493164,137.039993286133,116968900,106.205062866211
"2012-03-09",137.300003051758,137.929992675781,137.130004882812,137.570007324219,122836800,106.615829467773
"2012-03-12",137.550003051758,137.759994506836,137.089996337891,137.580001831055,104003500,106.623565673828
"2012-03-13",138.320007324219,140.130004882812,138.089996337891,140.059997558594,184090500,108.545547485352
"2012-03-14",140.100006103516,140.449996948242,139.479995727539,139.910003662109,145163600,108.429336547852
"2012-03-15",140.119995117188,140.779998779297,139.759994506836,140.720001220703,165118500,109.057006835938
"2012-03-16",140.360000610352,140.479995727539,140,140.300003051758,152893500,109.208084106445
"2012-03-19",140.210006713867,141.279998779297,140.110000610352,140.850006103516,125291100,109.636199951172
"2012-03-20",140.050003051758,140.610000610352,139.639999389648,140.440002441406,121729700,109.317054748535
"2012-03-21",140.520004272461,140.649993896484,139.919998168945,140.210006713867,122388400,109.137985229492
"2012-03-22",139.179992675781,139.550003051758,138.740005493164,139.199996948242,135216700,108.351829528809
"2012-03-23",139.320007324219,139.809997558594,138.550003051758,139.649993896484,120521000,108.702117919922
"2012-03-26",140.649993896484,141.610000610352,140.600006103516,141.610000610352,120164000,110.227752685547
"2012-03-27",141.740005493164,141.830001831055,141.080001831055,141.169998168945,119868500,109.885261535645
"2012-03-28",141.100006103516,141.320007324219,139.639999389648,140.470001220703,148562100,109.340370178223
"2012-03-29",139.639999389648,140.490005493164,139.089996337891,140.229995727539,164963700,109.15355682373
"2012-03-30",140.919998168945,141.050003051758,140.050003051758,140.809997558594,135486800,109.605033874512
"2012-04-02",140.639999389648,142.210006713867,140.360000610352,141.839996337891,151741100,110.406768798828
"2012-04-03",141.639999389648,141.880004882812,140.429992675781,141.259994506836,155806700,109.95532989502
"2012-04-04",140.220001220703,140.339996337891,139.339996337891,139.860000610352,146896000,108.865547180176
"2012-04-05",139.380004882812,140.199996948242,139.259994506836,139.789993286133,137439400,108.811058044434
"2012-04-09",138.029998779297,139.839996337891,137.839996337891,138.220001220703,127555900,107.589004516602
"2012-04-10",137.949996948242,138.339996337891,135.759994506836,135.899993896484,235360300,105.783103942871
"2012-04-11",137.289993286133,137.539993286133,136.75,137,154133000,106.639358520508
"2012-04-12",137.130004882812,138.899993896484,137.029998779297,138.789993286133,154321500,108.032676696777
"2012-04-13",138.470001220703,138.820007324219,137.009994506836,137.139999389648,169246700,106.748344421387
"2012-04-16",137.839996337891,138.039993286133,136.580001831055,137.050003051758,147825300,106.67830657959
"2012-04-17",137.839996337891,139.360000610352,137.699996948242,139.080001831055,147877600,108.258430480957
"2012-04-18",138.460006713867,139.080001831055,138.380004882812,138.610000610352,123884200,107.892593383789
"2012-04-19",138.630004882812,139.149993896484,137.070007324219,137.720001220703,198666700,107.199829101562
"2012-04-20",138.330001831055,138.830001831055,137.869995117188,137.949996948242,143199600,107.378875732422
"2012-04-23",136.539993286133,136.910003662109,135.940002441406,136.789993286133,171844900,106.475914001465
"2012-04-24",136.910003662109,137.660003662109,136.800003051758,137.309997558594,137484200,106.880699157715
"2012-04-25",138.649993896484,139.25,138.529998779297,139.190002441406,150252200,108.344055175781
"2012-04-26",138.889999389648,140.320007324219,138.809997558594,140.160003662109,136291600,109.099098205566
"2012-04-27",140.580001831055,140.789993286133,139.800003051758,140.389999389648,130725000,109.278114318848
"2012-04-30",140.110000610352,140.210006713867,139.490005493164,139.869995117188,115092200,108.873344421387
"2012-05-01",139.789993286133,141.660003662109,139.630004882812,140.740005493164,138832200,109.550537109375
"2012-05-02",139.919998168945,140.460006713867,139.460006713867,140.320007324219,121081000,109.223625183105
"2012-05-03",140.339996337891,140.449996948242,138.990005493164,139.25,143759700,108.390724182129
"2012-05-04",138.520004272461,139.300003051758,136.919998168945,137,193927300,106.639358520508
"2012-05-07",136.509994506836,137.559997558594,136.460006713867,137.100006103516,127765900,106.717216491699
"2012-05-08",136.279998779297,136.770004272461,134.919998168945,136.550003051758,213377700,106.289100646973
"2012-05-09",135.100006103516,136.610000610352,134.490005493164,135.740005493164,220752500,105.658576965332
"2012-05-10",136.679992675781,136.850006103516,135.710006713867,136.020004272461,150600000,105.876564025879
"2012-05-11",135.169998168945,136.869995117188,135.110000610352,135.610000610352,153032400,105.557418823242
"2012-05-14",134.309997558594,135.610000610352,133.910003662109,134.110000610352,163910000,104.38981628418
"2012-05-15",134.020004272461,134.809997558594,133.130004882812,133.339996337891,207629300,103.790451049805
"2012-05-16",133.940002441406,134.550003051758,132.800003051758,132.830001831055,207265500,103.393478393555
"2012-05-17",132.860000610352,133.020004272461,130.789993286133,130.860000610352,247992900,101.860076904297
"2012-05-18",131.369995117188,131.600006103516,129.550003051758,129.740005493164,319615900,100.988265991211
"2012-05-21",130.160003662109,132.020004272461,129.949996948242,131.970001220703,177861100,102.724052429199
"2012-05-22",132.309997558594,133.229995727539,131.339996337891,132.199996948242,197531200,102.903076171875
"2012-05-23",131.25,132.460006713867,129.990005493164,132.270004272461,204958400,102.957611083984
"2012-05-24",132.630004882812,132.839996337891,131.419998168945,132.529998779297,167357600,103.159957885742
"2012-05-25",132.479995727539,132.850006103516,131.779998779297,132.100006103516,135465600,102.825241088867
"2012-05-29",133.160003662109,133.929992675781,131.169998168945,133.699996948242,152883500,104.070739746094
"2012-05-30",132.559997558594,133.690002441406,131.490005493164,131.759994506836,162370400,102.560638427734
"2012-05-31",131.710006713867,132.449996948242,130.339996337891,131.470001220703,196186000,102.334861755371
"2012-06-01",129.410003662109,131.5,128.160003662109,128.160003662109,253240900,99.7584228515625
"2012-06-04",128.389999389648,128.740005493164,127.139999389648,128.100006103516,202545800,99.7116928100586
"2012-06-05",127.849998474121,129.259994506836,127.779998779297,129.070007324219,164149400,100.466758728027
"2012-06-06",129.970001220703,132.029998779297,129.929992675781,131.970001220703,184202800,102.724052429199
"2012-06-07",133.470001220703,133.529998779297,131.779998779297,132.050003051758,184772700,102.786331176758
"2012-06-08",131.710006713867,133.130004882812,131.289993286133,133.100006103516,143915400,103.603713989258
"2012-06-11",134.169998168945,134.25,131.279998779297,131.410003662109,169756100,102.28816986084
"2012-06-12",131.789993286133,133.009994506836,131.160003662109,132.919998168945,181931800,103.463516235352
"2012-06-13",132.529998779297,133.360000610352,131.619995117188,132.070007324219,172223900,102.801933288574
"2012-06-14",132.339996337891,134,131.979995727539,133.470001220703,230615500,103.89168548584
"2012-06-15",133.380004882812,134.259994506836,133.100006103516,134.139999389648,169444500,104.954200744629
"2012-06-18",133.580001831055,134.729995727539,133.279998779297,134.399993896484,131360900,105.157585144043
"2012-06-19",135.080001831055,136.25,134.369995117188,135.699996948242,137382600,106.174774169922
"2012-06-20",135.710006713867,136.100006103516,134.270004272461,135.479995727539,206451800,106.002616882324
"2012-06-21",135.639999389648,135.779998779297,132.330001831055,132.440002441406,205272200,103.624092102051
"2012-06-22",133.130004882812,133.710006713867,132.619995117188,133.460006713867,130029200,104.422134399414
"2012-06-25",132.050003051758,132.100006103516,130.850006103516,131.320007324219,146375700,102.74779510498
"2012-06-26",131.699996948242,132.380004882812,130.929992675781,131.979995727539,141634000,103.264183044434
"2012-06-27",132.419998168945,133.429992675781,131.970001220703,133.169998168945,108088000,104.19522857666
"2012-06-28",132.289993286133,132.990005493164,131.279998779297,132.789993286133,169242100,103.897895812988
"2012-06-29",135.199996948242,136.270004272461,134.850006103516,136.100006103516,212250900,106.487762451172
"2012-07-02",136.479995727539,136.649993896484,135.520004272461,136.509994506836,129524500,106.808570861816
"2012-07-03",136.479995727539,137.509994506836,136.339996337891,137.410003662109,80450000,107.512718200684
"2012-07-05",136.899993896484,137.800003051758,136.289993286133,136.789993286133,126177500,107.027633666992
"2012-07-06",135.470001220703,135.770004272461,134.850006103516,135.490005493164,151192100,106.010467529297
"2012-07-09",135.380004882812,135.570007324219,134.699996948242,135.320007324219,103780500,105.877433776855
"2012-07-10",136.009994506836,136.229995727539,133.679992675781,134.139999389648,167884800,104.954200744629
"2012-07-11",134.210006713867,134.600006103516,133.380004882812,134.160003662109,141733400,104.969856262207
"2012-07-12",133.380004882812,134.229995727539,132.600006103516,133.509994506836,143583200,104.46125793457
"2012-07-13",133.860000610352,135.889999389648,133.839996337891,135.75,129642600,106.213882446289
"2012-07-16",135.440002441406,135.830001831055,134.899993896484,135.429992675781,97525200,105.963500976562
"2012-07-17",135.970001220703,136.639999389648,134.550003051758,136.360000610352,138860300,106.69116973877
"2012-07-18",136.039993286133,137.639999389648,135.960006713867,137.369995117188,113349700,107.481407165527
"2012-07-19",137.649993896484,138.179992675781,137.210006713867,137.729995727539,129847300,107.763076782227
"2012-07-20",136.949996948242,137.160003662109,136.320007324219,136.470001220703,142904500,106.777252197266
"2012-07-23",134.470001220703,136.380004882812,133.839996337891,135.089996337891,145210900,105.697494506836
"2012-07-24",135.190002441406,135.25,133.029998779297,133.929992675781,173301200,104.789916992188
"2012-07-25",134.210006713867,134.559997558594,133.25,133.960006713867,129122300,104.813369750977
"2012-07-26",135.889999389648,136.460006713867,135.259994506836,136.169998168945,156526500,106.542518615723
"2012-07-27",136.889999389648,139.070007324219,136.139999389648,138.679992675781,236768900,108.506393432617
"2012-07-30",138.520004272461,139.339996337891,138.270004272461,138.679992675781,106782000,108.506393432617
"2012-07-31",138.490005493164,138.869995117188,137.710006713867,137.710006713867,120575900,107.74747467041
"2012-08-01",138.699996948242,138.729995727539,137.399993896484,137.589996337891,138293800,107.65357208252
"2012-08-02",136.550003051758,137.570007324219,135.580001831055,136.639999389648,199556600,106.910232543945
"2012-08-03",138.559997558594,139.639999389648,136.679992675781,139.350006103516,157825000,109.030616760254
"2012-08-06",139.720001220703,140.169998168945,139.559997558594,139.619995117188,86326200,109.241836547852
"2012-08-07",140.179992675781,140.919998168945,140.029998779297,140.320007324219,109545100,109.789558410645
"2012-08-08",139.850006103516,140.649993896484,139.809997558594,140.490005493164,89754700,109.922576904297
"2012-08-09",140.289993286133,140.889999389648,140.149993896484,140.610000610352,90291700,110.016448974609
"2012-08-10",140.039993286133,140.889999389648,139.809997558594,140.839996337891,99792700,110.196411132812
"2012-08-13",140.600006103516,140.839996337891,140.039993286133,140.770004272461,79426900,110.141654968262
"2012-08-14",141.289993286133,141.380004882812,140.369995117188,140.789993286133,102379400,110.157272338867
"2012-08-15",140.639999389648,141.190002441406,140.550003051758,140.949996948242,71085900,110.282455444336
"2012-08-16",141.149993896484,142.160003662109,140.800003051758,141.990005493164,112014200,111.096199035645
"2012-08-17",142.229995727539,142.300003051758,141.860000610352,142.179992675781,90813700,111.24486541748
"2012-08-20",141.979995727539,142.220001220703,141.589996337891,142.190002441406,78255700,111.252716064453
"2012-08-21",142.539993286133,143.089996337891,141.449996948242,141.759994506836,105581100,110.916236877441
"2012-08-22",141.399993896484,142.050003051758,141.070007324219,141.820007324219,133243500,110.963226318359
"2012-08-23",141.470001220703,141.479995727539,140.440002441406,140.660003662109,111466400,110.055595397949
"2012-08-24",140.309997558594,141.830001831055,140.220001220703,141.509994506836,99481200,110.720649719238
"2012-08-27",141.889999389648,142.080001831055,141.339996337891,141.539993286133,68785900,110.744094848633
"2012-08-28",141.179992675781,141.839996337891,140.970001220703,141.399993896484,75689600,110.634552001953
"2012-08-29",141.520004272461,141.889999389648,141.119995117188,141.509994506836,65421300,110.720649719238
"2012-08-30",140.899993896484,140.940002441406,140.190002441406,140.490005493164,96589900,109.922576904297
"2012-08-31",141.289993286133,141.820007324219,140.360000610352,141.160003662109,151970400,110.44677734375
"2012-09-04",141.039993286133,141.460006713867,140.130004882812,141.029998779297,120226200,110.345092773438
"2012-09-05",141.089996337891,141.470001220703,140.630004882812,140.910003662109,100660300,110.251205444336
"2012-09-06",141.759994506836,143.779998779297,141.75,143.770004272461,158272500,112.488929748535
"2012-09-07",144.009994506836,144.389999389648,143.880004882812,144.330001831055,107272100,112.927108764648
"2012-09-10",144.190002441406,144.440002441406,143.460006713867,143.509994506836,86458500,112.285537719727
"2012-09-11",143.600006103516,144.369995117188,143.559997558594,143.910003662109,88760000,112.598434448242
"2012-09-12",144.389999389648,144.550003051758,143.899993896484,144.389999389648,87640900,112.97403717041
"2012-09-13",144.369995117188,147.039993286133,143.990005493164,146.589996337891,225470200,114.695343017578
"2012-09-14",146.880004882812,148.110000610352,146.759994506836,147.240005493164,169777000,115.203941345215
"2012-09-17",146.940002441406,147.190002441406,146.369995117188,146.740005493164,119427800,114.812728881836
"2012-09-18",146.490005493164,146.809997558594,146.25,146.619995117188,98326600,114.718826293945
"2012-09-19",146.789993286133,147.169998168945,146.410003662109,146.699996948242,128318300,114.781440734863
"2012-09-20",146.029998779297,146.789993286133,145.630004882812,146.710006713867,154009800,114.78923034668
"2012-09-21",146.639999389648,146.669998168945,145.809997558594,145.869995117188,108737500,114.741264343262
"2012-09-24",145.149993896484,145.979995727539,145.039993286133,145.649993896484,95682000,114.568206787109
"2012-09-25",145.960006713867,146.240005493164,144.059997558594,144.100006103516,133165200,113.349006652832
"2012-09-26",144.070007324219,144.110000610352,142.949996948242,143.289993286133,146502200,112.711814880371
"2012-09-27",143.889999389648,144.970001220703,143.509994506836,144.639999389648,111830300,113.773765563965
"2012-09-28",144.089996337891,144.559997558594,143.460006713867,143.970001220703,150696100,113.246696472168
"2012-10-01",144.520004272461,145.690002441406,144.009994506836,144.350006103516,135911200,113.545600891113
"2012-10-02",144.919998168945,145.149993896484,143.830001831055,144.5,113422200,113.663619995117
"2012-10-03",144.889999389648,145.429992675781,144.130004882812,145.089996337891,121283100,114.127716064453
"2012-10-04",145.639999389648,146.339996337891,145.440002441406,146.130004882812,124311600,114.945808410645
"2012-10-05",146.910003662109,147.160003662109,145.699996948242,146.139999389648,124842100,114.953666687012
"2012-10-08",145.600006103516,146.119995117188,145.309997558594,145.639999389648,78415400,114.560348510742
"2012-10-09",145.529998779297,145.649993896484,144.149993896484,144.199996948242,148872900,113.427627563477
"2012-10-10",144.179992675781,144.320007324219,143.089996337891,143.279998779297,124247500,112.703979492188
"2012-10-11",144.279998779297,144.490005493164,143.330001831055,143.360000610352,123601500,112.766891479492
"2012-10-12",143.460006713867,143.949996948242,142.580001831055,142.889999389648,124181900,112.397201538086
"2012-10-15",143.229995727539,144.229995727539,142.770004272461,144.080001831055,107689100,113.333297729492
"2012-10-16",144.759994506836,145.639999389648,144.660003662109,145.539993286133,108815500,114.481689453125
"2012-10-17",145.639999389648,146.320007324219,145.419998168945,146.199996948242,128834100,115.000816345215
"2012-10-18",145.820007324219,146.520004272461,145.330001831055,145.820007324219,148108500,114.70198059082
"2012-10-19",145.550003051758,145.559997558594,143.050003051758,143.389999389648,185645200,112.790512084961
"2012-10-22",143.149993896484,143.669998168945,142.279998779297,143.410003662109,125578600,112.806274414062
"2012-10-23",141.860000610352,142.059997558594,140.830001831055,141.419998168945,192056300,111.240898132324
"2012-10-24",141.929992675781,142.100006103516,140.800003051758,141.020004272461,120179400,110.926239013672
"2012-10-25",142.020004272461,142.279998779297,140.570007324219,141.429992675781,134457400,111.248756408691
"2012-10-26",141.300003051758,141.839996337891,140.389999389648,141.350006103516,146023500,111.185859680176
"2012-10-31",141.850006103516,142.029998779297,140.679992675781,141.350006103516,103438500,111.185859680176
"2012-11-01",141.649993896484,143.009994506836,141.520004272461,142.830001831055,100995600,112.35001373291
"2012-11-02",143.679992675781,143.720001220703,141.410003662109,141.559997558594,137702200,111.350997924805
"2012-11-05",141.350006103516,142.169998168945,140.929992675781,141.850006103516,98378500,111.579116821289
"2012-11-06",142.279998779297,143.520004272461,142.130004882812,142.960006713867,107068100,112.452301025391
"2012-11-07",141.660003662109,141.679992675781,139.059997558594,139.720001220703,264304500,109.903701782227
"2012-11-08",139.699996948242,140.410003662109,137.929992675781,138.039993286133,181517300,108.582168579102
"2012-11-09",137.619995117188,139.440002441406,137.550003051758,138.160003662109,201055300,108.676620483398
"2012-11-12",138.589996337891,138.809997558594,137.960006713867,138.270004272461,97677500,108.763145446777
"2012-11-13",137.539993286133,139.25,137.360000610352,137.789993286133,123018300,108.385528564453
"2012-11-14",138.210006713867,138.429992675781,135.619995117188,135.929992675781,191505000,106.922454833984
"2012-11-15",135.979995727539,136.490005493164,135.179992675781,135.699996948242,178128400,106.741554260254
"2012-11-16",135.899993896484,136.639999389648,134.699996948242,136.369995117188,239483900,107.268562316895
"2012-11-19",137.899993896484,139.149993896484,136.410003662109,139.130004882812,151495800,109.439582824707
"2012-11-20",138.910003662109,139.419998168945,138.080001831055,139.190002441406,119807400,109.486793518066
"2012-11-21",139.309997558594,139.570007324219,139.029998779297,139.449996948242,81710800,109.691307067871
"2012-11-23",140.130004882812,141.399993896484,140.039993286133,141.350006103516,65409200,111.185859680176
"2012-11-26",140.649993896484,141.360000610352,140.190002441406,141.050003051758,100124400,110.949829101562
"2012-11-27",140.910003662109,141.389999389648,140.240005493164,140.330001831055,128646200,110.383476257324
"2012-11-28",139.759994506836,141.539993286133,139,141.460006713867,177086500,111.272384643555
"2012-11-29",141.990005493164,142.509994506836,141.369995117188,142.119995117188,151085900,111.791519165039
"2012-11-30",142.139999389648,142.419998168945,141.660003662109,142.149993896484,136568300,111.81510925293
"2012-12-03",142.800003051758,142.919998168945,141.339996337891,141.449996948242,124656300,111.264488220215
"2012-12-04",141.440002441406,141.869995117188,140.869995117188,141.25,127512200,111.107162475586
"2012-12-05",141.369995117188,142.160003662109,140.369995117188,141.5,147300500,111.303863525391
"2012-12-06",141.369995117188,142.039993286133,141.160003662109,141.979995727539,103220600,111.681427001953
"2012-12-07",142.529998779297,142.690002441406,141.669998168945,142.410003662109,108726400,112.019638061523
"2012-12-10",142.210006713867,142.809997558594,142.149993896484,142.470001220703,98840700,112.066841125488
"2012-12-11",143.059997558594,144.110000610352,142.990005493164,143.440002441406,152570400,112.829811096191
"2012-12-12",144,144.550003051758,143.309997558594,143.509994506836,145880100,112.884941101074
"2012-12-13",143.419998168945,143.830001831055,142.270004272461,142.630004882812,135715000,112.192726135254
"2012-12-14",142.320007324219,142.580001831055,141.880004882812,142.100006103516,137701700,111.775817871094
"2012-12-17",142.470001220703,143.850006103516,142.429992675781,143.770004272461,143238200,113.089393615723
"2012-12-18",144,145.5,143.789993286133,145.369995117188,177762800,114.347969055176
"2012-12-19",145.529998779297,145.580001831055,144.240005493164,144.289993286133,150895400,113.498443603516
"2012-12-20",144.380004882812,145.139999389648,143.979995727539,145.119995117188,168487000,114.151306152344
"2012-12-21",142.169998168945,144.089996337891,141.940002441406,142.789993286133,245883800,113.115119934082
"2012-12-24",142.479995727539,142.559997558594,142.190002441406,142.350006103516,53874600,112.7666015625
"2012-12-26",142.639999389648,142.710006713867,141.350006103516,141.75,106947700,112.291313171387
"2012-12-27",141.789993286133,142.080001831055,139.919998168945,141.559997558594,167920600,112.140731811523
"2012-12-28",140.639999389648,141.419998168945,139.869995117188,140.029998779297,148806700,110.928771972656
"2012-12-31",139.660003662109,142.559997558594,139.539993286133,142.410003662109,243935200,112.81413269043
"2013-01-02",145.110000610352,146.149993896484,144.729995727539,146.059997558594,192059000,115.705596923828
"2013-01-03",145.990005493164,146.369995117188,145.339996337891,145.729995727539,144761800,115.444160461426
"2013-01-04",145.970001220703,146.610000610352,145.669998168945,146.369995117188,116817700,115.951164245605
"2013-01-07",145.850006103516,146.110000610352,145.429992675781,145.970001220703,110002500,115.634353637695
"2013-01-08",145.710006713867,145.910003662109,144.979995727539,145.550003051758,121265100,115.301574707031
"2013-01-09",145.869995117188,146.320007324219,145.639999389648,145.919998168945,90745600,115.594688415527
"2013-01-10",146.729995727539,147.089996337891,145.970001220703,147.080001831055,130735400,116.51358795166
"2013-01-11",147.039993286133,147.149993896484,146.610000610352,147.070007324219,113917300,116.505638122559
"2013-01-14",146.889999389648,147.070007324219,146.429992675781,146.970001220703,89567200,116.426429748535
"2013-01-15",146.289993286133,147.210006713867,146.199996948242,147.070007324219,93172600,116.505638122559
"2013-01-16",146.770004272461,147.279998779297,146.610000610352,147.050003051758,104849500,116.489822387695
"2013-01-17",147.699996948242,148.419998168945,147.149993896484,148,133833500,117.242370605469
"2013-01-18",147.970001220703,148.490005493164,147.429992675781,148.330001831055,169906000,117.503837585449
"2013-01-22",148.330001831055,149.130004882812,147.979995727539,149.130004882812,111797300,118.137535095215
"2013-01-23",149.130004882812,149.5,148.860000610352,149.369995117188,104596100,118.327690124512
"2013-01-24",149.149993896484,150.139999389648,149.009994506836,149.410003662109,146426400,118.359367370605
"2013-01-25",149.880004882812,150.25,149.369995117188,150.25,147211600,119.024810791016
"2013-01-28",150.289993286133,150.330001831055,149.509994506836,150.070007324219,113357700,118.882194519043
"2013-01-29",149.770004272461,150.850006103516,149.669998168945,150.660003662109,105694400,119.349594116211
"2013-01-30",150.639999389648,150.940002441406,149.929992675781,150.070007324219,137447700,118.882194519043
"2013-01-31",149.889999389648,150.380004882812,149.600006103516,149.699996948242,108975800,118.589126586914
"2013-02-01",150.649993896484,151.419998168945,150.389999389648,151.240005493164,131173000,119.809066772461
"2013-02-04",150.320007324219,151.270004272461,149.429992675781,149.539993286133,159073600,118.462379455566
"2013-02-05",150.350006103516,151.479995727539,150.289993286133,151.050003051758,113912400,119.658538818359
"2013-02-06",150.520004272461,151.259994506836,150.410003662109,151.160003662109,138762800,119.745651245117
"2013-02-07",151.210006713867,151.350006103516,149.860000610352,150.960006713867,162490000,119.587257385254
"2013-02-08",151.220001220703,151.889999389648,151.220001220703,151.800003051758,103133700,120.252632141113
"2013-02-11",151.740005493164,151.899993896484,151.389999389648,151.770004272461,73775000,120.228904724121
"2013-02-12",151.779998779297,152.300003051758,151.610000610352,152.020004272461,65392700,120.426933288574
"2013-02-13",152.330001831055,152.610000610352,151.720001220703,152.149993896484,82322600,120.529937744141
"2013-02-14",151.690002441406,152.470001220703,151.520004272461,152.289993286133,80834300,120.640815734863
"2013-02-15",152.429992675781,152.589996337891,151.550003051758,152.110000610352,215226500,120.498268127441
"2013-02-19",152.369995117188,153.279998779297,152.160003662109,153.25,95105400,121.401344299316
"2013-02-20",153.139999389648,153.190002441406,151.259994506836,151.339996337891,160574800,119.888244628906
"2013-02-21",150.960006713867,151.419998168945,149.940002441406,150.419998168945,183257000,119.159492492676
"2013-02-22",151.149993896484,151.889999389648,150.490005493164,151.889999389648,106356600,120.323997497559
"2013-02-25",152.630004882812,152.860000610352,149,149,245824800,118.034545898438
"2013-02-26",149.720001220703,150.199996948242,148.729995727539,150.020004272461,186596200,118.842597961426
"2013-02-27",149.889999389648,152.330001831055,149.759994506836,151.910003662109,150781900,120.339828491211
"2013-02-28",151.899993896484,152.869995117188,151.410003662109,151.610000610352,126866000,120.10213470459
"2013-03-01",151.089996337891,152.339996337891,150.410003662109,152.110000610352,170634800,120.498268127441
"2013-03-04",151.759994506836,152.919998168945,151.520004272461,152.919998168945,99010200,121.139923095703
"2013-03-05",153.660003662109,154.699996948242,153.639999389648,154.289993286133,121431900,122.225204467773
"2013-03-06",154.839996337891,154.919998168945,154.160003662109,154.5,94469900,122.391632080078
"2013-03-07",154.699996948242,154.979995727539,154.520004272461,154.779998779297,86101400,122.61336517334
"2013-03-08",155.460006713867,155.649993896484,154.660003662109,155.440002441406,123477800,123.136207580566
"2013-03-11",155.320007324219,156.039993286133,155.130004882812,156.029998779297,83746800,123.603576660156
"2013-03-12",155.919998168945,156.100006103516,155.210006713867,155.679992675781,105755800,123.326309204102
"2013-03-13",155.759994506836,156.119995117188,155.229995727539,155.899993896484,92550900,123.500595092773
"2013-03-14",156.309997558594,156.800003051758,155.910003662109,156.729995727539,126329900,124.158073425293
"2013-03-15",155.850006103516,156.039993286133,155.309997558594,155.830001831055,138601100,123.994186401367
"2013-03-18",154.339996337891,155.639999389648,154.199996948242,154.970001220703,126704300,123.309875488281
"2013-03-19",155.300003051758,155.509994506836,153.589996337891,154.610000610352,167567300,123.0234375
"2013-03-20",155.520004272461,155.949996948242,155.259994506836,155.690002441406,113759300,123.882781982422
"2013-03-21",154.759994506836,155.639999389648,154.100006103516,154.360000610352,128605000,122.824516296387
"2013-03-22",154.850006103516,155.600006103516,154.729995727539,155.600006103516,111163600,123.811180114746
"2013-03-25",156.009994506836,156.270004272461,154.350006103516,154.949996948242,151322300,123.293975830078
"2013-03-26",155.589996337891,156.229995727539,155.419998168945,156.190002441406,86856600,124.28067779541
"2013-03-27",155.259994506836,156.240005493164,155,156.190002441406,99950600,124.28067779541
"2013-03-28",156.089996337891,156.850006103516,155.75,156.669998168945,102932800,124.662590026855
"2013-04-01",156.589996337891,156.910003662109,155.669998168945,156.050003051758,99194100,124.169250488281
"2013-04-02",156.610000610352,157.210006713867,156.369995117188,156.820007324219,101504300,124.781944274902
"2013-04-03",156.910003662109,157.029998779297,154.820007324219,155.229995727539,154167400,123.516792297363
"2013-04-04",155.429992675781,156.169998168945,155.089996337891,155.860000610352,131885000,124.018089294434
"2013-04-05",153.949996948242,155.350006103516,153.770004272461,155.160003662109,159666000,123.461074829102
"2013-04-08",155.270004272461,156.220001220703,154.75,156.210006713867,86571200,124.296585083008
"2013-04-09",156.5,157.320007324219,155.979995727539,156.75,101922200,124.726226806641
"2013-04-10",157.169998168945,158.869995117188,157.130004882812,158.669998168945,135711100,126.253952026367
"2013-04-11",158.699996948242,159.710006713867,158.539993286133,159.190002441406,110142500,126.667770385742
"2013-04-12",158.679992675781,159.039993286133,157.919998168945,158.800003051758,116359900,126.357460021973
"2013-04-15",158,158.130004882812,155.100006103516,155.119995117188,217259000,123.429214477539
"2013-04-16",156.289993286133,157.490005493164,155.910003662109,157.410003662109,147507800,125.251335144043
"2013-04-17",156.289993286133,156.320007324219,154.279998779297,155.110000610352,226834800,123.421295166016
"2013-04-18",155.369995117188,155.410003662109,153.550003051758,154.139999389648,167583200,122.649467468262
"2013-04-19",154.5,155.550003051758,154.119995117188,155.479995727539,149687600,123.715690612793
"2013-04-22",155.779998779297,156.539993286133,154.75,156.169998168945,106553500,124.264717102051
"2013-04-23",156.949996948242,157.929992675781,156.169998168945,157.779998779297,166141300,125.545837402344
"2013-04-24",157.830001831055,158.300003051758,157.539993286133,157.880004882812,96781200,125.625396728516
"2013-04-25",158.339996337891,159.270004272461,158.100006103516,158.520004272461,131060600,126.134674072266
"2013-04-26",158.330001831055,158.600006103516,157.729995727539,158.240005493164,95918800,125.911804199219
"2013-04-29",158.669998168945,159.649993896484,158.419998168945,159.300003051758,88572800,126.755279541016
"2013-04-30",159.270004272461,159.720001220703,158.610000610352,159.679992675781,116010700,127.057670593262
"2013-05-01",159.330001831055,159.410003662109,158.100006103516,158.279998779297,138874200,125.943687438965
"2013-05-02",158.679992675781,159.889999389648,158.529998779297,159.75,96407600,127.113349914551
"2013-05-03",161.139999389648,161.880004882812,159.779998779297,161.369995117188,144202300,128.402404785156
"2013-05-06",161.490005493164,162.009994506836,161.419998168945,161.779998779297,66882100,128.728607177734
"2013-05-07",162.130004882812,162.649993896484,161.669998168945,162.600006103516,90359200,129.381118774414
"2013-05-08",162.419998168945,163.389999389648,162.330001831055,163.339996337891,97419200,129.96989440918
"2013-05-09",163.270004272461,163.699996948242,162.470001220703,162.880004882812,106738600,129.603897094727
"2013-05-10",162.990005493164,163.550003051758,162.509994506836,163.410003662109,103203000,130.025619506836
"2013-05-13",163.199996948242,163.809997558594,162.820007324219,163.539993286133,81843200,130.129043579102
"2013-05-14",163.669998168945,165.350006103516,163.669998168945,165.229995727539,119000900,131.473754882812
"2013-05-15",164.960006713867,166.449996948242,164.910003662109,166.119995117188,120718500,132.181945800781
"2013-05-16",165.779998779297,166.360000610352,165.089996337891,165.339996337891,109913600,131.561325073242
"2013-05-17",165.949996948242,167.039993286133,165.729995727539,166.940002441406,129801000,132.834411621094
"2013-05-20",166.779998779297,167.580001831055,166.610000610352,166.929992675781,85071200,132.826507568359
"2013-05-21",167.080001831055,167.800003051758,166.5,167.169998168945,95804200,133.017471313477
"2013-05-22",167.339996337891,169.070007324219,165.169998168945,165.929992675781,244031800,132.030807495117
"2013-05-23",164.160003662109,165.910003662109,163.940002441406,165.449996948242,211064400,131.648864746094
"2013-05-24",164.470001220703,165.380004882812,163.979995727539,165.309997558594,151573900,131.537445068359
"2013-05-28",167.039993286133,167.779998779297,165.809997558594,166.300003051758,143679800,132.325210571289
"2013-05-29",165.419998168945,165.800003051758,164.339996337891,165.220001220703,160363400,131.4658203125
"2013-05-30",165.350006103516,166.589996337891,165.220001220703,165.830001831055,107793800,131.951217651367
"2013-05-31",165.369995117188,166.309997558594,163.130004882812,163.449996948242,176850100,130.057418823242
"2013-06-03",163.830001831055,164.460006713867,162.660003662109,164.350006103516,168390700,130.773590087891
"2013-06-04",164.440002441406,165.100006103516,162.729995727539,163.559997558594,157631500,130.144973754883
"2013-06-05",163.089996337891,163.419998168945,161.130004882812,161.270004272461,211737800,128.322845458984
"2013-06-06",161.199996948242,162.740005493164,160.25,162.729995727539,200225500,129.484558105469
"2013-06-07",163.850006103516,164.949996948242,163.139999389648,164.800003051758,188337800,131.131591796875
"2013-06-10",165.309997558594,165.399993896484,164.369995117188,164.800003051758,105667100,131.131591796875
"2013-06-11",163.300003051758,164.539993286133,162.740005493164,163.100006103516,159505400,129.778945922852
"2013-06-12",164.220001220703,164.389999389648,161.600006103516,161.75,177361500,128.704727172852
"2013-06-13",161.660003662109,164.5,161.300003051758,164.210006713867,163587800,130.662216186523
"2013-06-14",164.029998779297,164.669998168945,162.910003662109,163.179992675781,141197500,129.842620849609
"2013-06-17",164.289993286133,165.220001220703,163.220001220703,164.440002441406,136295600,130.845169067383
"2013-06-18",164.529998779297,165.990005493164,164.520004272461,165.740005493164,114695600,131.879592895508
"2013-06-19",165.600006103516,165.889999389648,163.380004882812,163.449996948242,206149500,130.057418823242
"2013-06-20",161.860000610352,163.470001220703,158.979995727539,159.399993896484,321255900,126.834808349609
"2013-06-21",159.639999389648,159.759994506836,157.470001220703,159.070007324219,271956800,127.242042541504
"2013-06-24",157.410003662109,158.429992675781,155.729995727539,157.059997558594,222329000,125.634170532227
"2013-06-25",158.479995727539,160.100006103516,157.419998168945,158.570007324219,162262200,126.842063903809
"2013-06-26",159.869995117188,160.5,159.25,160.139999389648,134848000,128.097915649414
"2013-06-27",161.100006103516,161.820007324219,160.949996948242,161.080001831055,129483700,128.849822998047
"2013-06-28",160.630004882812,161.399993896484,159.860000610352,160.419998168945,160402900,128.321884155273
"2013-07-01",161.259994506836,162.479995727539,161.080001831055,161.360000610352,131954800,129.073806762695
"2013-07-02",161.119995117188,162.300003051758,160.5,161.210006713867,154863700,128.953872680664
"2013-07-03",160.479995727539,161.770004272461,160.220001220703,161.279998779297,75216400,129.009857177734
"2013-07-05",162.470001220703,163.080001831055,161.300003051758,163.020004272461,122416900,130.401657104492
"2013-07-08",163.860000610352,164.389999389648,163.080001831055,163.949996948242,108092500,131.1455078125
"2013-07-09",164.979995727539,165.330001831055,164.270004272461,165.130004882812,119298000,132.089416503906
"2013-07-10",164.970001220703,165.75,164.630004882812,165.190002441406,121410100,132.137435913086
"2013-07-11",167.110000610352,167.610000610352,165.179992675781,167.440002441406,135592200,133.937240600586
"2013-07-12",167.389999389648,167.929992675781,167.130004882812,167.509994506836,104212700,133.993225097656
"2013-07-15",167.970001220703,168.389999389648,167.679992675781,168.149993896484,69450600,134.50520324707
"2013-07-16",168.259994506836,168.360000610352,167.070007324219,167.520004272461,88702100,134.00129699707
"2013-07-17",168.160003662109,168.479995727539,167.729995727539,167.949996948242,92873900,134.34521484375
"2013-07-18",168.309997558594,169.270004272461,168.199996948242,168.869995117188,103620100,135.081161499023
"2013-07-19",168.520004272461,169.229995727539,168.309997558594,169.169998168945,103831700,135.32112121582
"2013-07-22",169.410003662109,169.740005493164,169.009994506836,169.5,79428600,135.585098266602
"2013-07-23",169.800003051758,169.830001831055,169.050003051758,169.139999389648,80829700,135.297088623047
"2013-07-24",169.789993286133,169.860000610352,168.179992675781,168.520004272461,112914000,134.801193237305
"2013-07-25",168.220001220703,169.080001831055,167.940002441406,168.929992675781,111088600,135.129165649414
"2013-07-26",168.220001220703,169.160003662109,167.520004272461,169.110000610352,107814600,135.273132324219
"2013-07-29",168.679992675781,169.059997558594,168.110000610352,168.589996337891,79695000,134.857162475586
"2013-07-30",169.100006103516,169.279998779297,168.190002441406,168.589996337891,85209600,134.857162475586
"2013-07-31",168.940002441406,169.850006103516,168.490005493164,168.710006713867,142388700,134.953231811523
"2013-08-01",169.990005493164,170.809997558594,169.899993896484,170.660003662109,110438400,136.513000488281
"2013-08-02",170.279998779297,170.970001220703,170.050003051758,170.949996948242,91116700,136.744934082031
"2013-08-05",170.570007324219,170.960006713867,170.350006103516,170.699996948242,54072700,136.545013427734
"2013-08-06",170.369995117188,170.740005493164,169.350006103516,169.729995727539,87495000,135.769119262695
"2013-08-07",169.190002441406,169.429992675781,168.550003051758,169.179992675781,84854700,135.3291015625
"2013-08-08",169.979995727539,170.179992675781,168.929992675781,169.800003051758,102181300,135.825042724609
"2013-08-09",169.580001831055,170.100006103516,168.720001220703,169.309997558594,91757700,135.433090209961
"2013-08-12",168.460006713867,169.309997558594,168.380004882812,169.110000610352,68593300,135.273132324219
"2013-08-13",169.410003662109,169.899993896484,168.410003662109,169.610000610352,80806000,135.673110961914
"2013-08-14",169.529998779297,169.800003051758,168.699996948242,168.740005493164,79829200,134.977157592773
"2013-08-15",167.410003662109,167.429992675781,166.089996337891,166.380004882812,152931800,133.089431762695
"2013-08-16",166.059997558594,166.630004882812,165.5,165.830001831055,130868200,132.649398803711
"2013-08-19",165.639999389648,166.210006713867,164.759994506836,164.770004272461,96437600,131.801483154297
"2013-08-20",165.039993286133,166.199996948242,164.860000610352,165.580001831055,89294400,132.449432373047
"2013-08-21",165.119995117188,166.029998779297,164.190002441406,164.559997558594,159530500,131.633499145508
"2013-08-22",164.899993896484,166.300003051758,164.889999389648,166.059997558594,101471400,132.833389282227
"2013-08-23",166.550003051758,166.830001831055,165.770004272461,166.619995117188,90888900,133.281356811523
"2013-08-26",166.789993286133,167.300003051758,165.889999389648,166,89702100,132.785369873047
"2013-08-27",164.360000610352,166,163.210006713867,163.330001831055,158619400,130.649612426758
"2013-08-28",163.259994506836,164.490005493164,163.050003051758,163.910003662109,108113000,131.113586425781
"2013-08-29",163.550003051758,165.039993286133,163.399993896484,164.169998168945,119200500,131.32160949707
"2013-08-30",164.509994506836,164.529998779297,163.169998168945,163.649993896484,134928900,130.905624389648
"2013-09-03",165.229995727539,165.580001831055,163.699996948242,164.389999389648,142375100,131.497573852539
"2013-09-04",164.429992675781,166.029998779297,164.130004882812,165.75,97389400,132.585464477539
"2013-09-05",165.850006103516,166.399993896484,165.729995727539,165.960006713867,63090500,132.753448486328
"2013-09-06",166.509994506836,166.979995727539,164.479995727539,166.039993286133,159756500,132.8173828125
"2013-09-09",166.449996948242,167.729995727539,166.449996948242,167.630004882812,87559300,134.089248657227
"2013-09-10",168.639999389648,168.899993896484,168.259994506836,168.869995117188,105847200,135.081161499023
"2013-09-11",168.639999389648,169.399993896484,168.350006103516,169.399993896484,94545900,135.505111694336
"2013-09-12",169.339996337891,169.559997558594,168.720001220703,168.949996948242,83209000,135.145156860352
"2013-09-13",169.130004882812,169.460006713867,168.740005493164,169.330001831055,72727800,135.449066162109
"2013-09-16",171.160003662109,171.240005493164,170.039993286133,170.309997558594,106299200,136.233062744141
"2013-09-17",170.460006713867,171.110000610352,170.460006713867,171.070007324219,82523300,136.840972900391
"2013-09-18",171.009994506836,173.520004272461,170.580001831055,173.050003051758,203460600,138.424743652344
"2013-09-19",173.520004272461,173.600006103516,172.589996337891,172.759994506836,146616900,138.192810058594
"2013-09-20",172.330001831055,172.330001831055,170.580001831055,170.720001220703,132867100,137.226623535156
"2013-09-23",170.490005493164,170.649993896484,169.389999389648,169.929992675781,104616500,136.591583251953
"2013-09-24",169.899993896484,170.529998779297,169.210006713867,169.529998779297,106333100,136.270080566406
"2013-09-25",169.639999389648,169.979995727539,168.889999389648,169.039993286133,117306500,135.876235961914
"2013-09-26",169.320007324219,170.169998168945,169.050003051758,169.690002441406,77146900,136.398712158203
"2013-09-27",168.839996337891,169.139999389648,168.470001220703,168.910003662109,99141800,135.771759033203
"2013-09-30",167.479995727539,168.539993286133,167.149993896484,168.009994506836,143937000,135.048309326172
"2013-10-01",168.139999389648,169.5,167.970001220703,169.339996337891,127160000,136.117340087891
"2013-10-02",168.350006103516,169.339996337891,167.830001831055,169.179992675781,113350000,135.988754272461
"2013-10-03",168.789993286133,168.940002441406,166.839996337891,167.619995117188,176698000,134.734802246094
"2013-10-04",167.75,169.059997558594,167.529998779297,168.889999389648,96878000,135.755645751953
"2013-10-07",167.419998168945,168.449996948242,167.25,167.429992675781,96295000,134.582077026367
"2013-10-08",167.399993896484,167.619995117188,165.360000610352,165.479995727539,178015000,133.014678955078
"2013-10-09",165.800003051758,166.199996948242,164.529998779297,165.600006103516,168973000,133.111114501953
"2013-10-10",167.289993286133,169.259994506836,167.229995727539,169.169998168945,195955000,135.980758666992
"2013-10-11",168.910003662109,170.320007324219,168.770004272461,170.259994506836,105040000,136.856826782227
"2013-10-14",169.210006713867,171.080001831055,169.080001831055,170.940002441406,112106000,137.403457641602
"2013-10-15",170.509994506836,171.149993896484,169.470001220703,169.699996948242,155485000,136.406723022461
"2013-10-16",170.720001220703,172.160003662109,170.639999389648,172.070007324219,161676000,138.311767578125
"2013-10-17",171.369995117188,173.320007324219,171.339996337891,173.220001220703,129389000,139.236083984375
"2013-10-18",173.860000610352,174.509994506836,173.509994506836,174.389999389648,138316000,140.176635742188
"2013-10-21",174.449996948242,174.75,174.009994506836,174.399993896484,104104000,140.184585571289
"2013-10-22",174.910003662109,175.929992675781,174.429992675781,175.410003662109,126663000,140.996505737305
"2013-10-23",174.809997558594,174.889999389648,173.960006713867,174.570007324219,105484000,140.321273803711
"2013-10-24",174.919998168945,175.369995117188,174.509994506836,175.149993896484,70350000,140.787536621094
"2013-10-25",175.509994506836,176,175.169998168945,175.949996948242,93625000,141.430511474609
"2013-10-28",175.889999389648,176.470001220703,175.699996948242,176.229995727539,84979000,141.655639648438
"2013-10-29",176.630004882812,177.240005493164,176.380004882812,177.169998168945,87401000,142.411209106445
"2013-10-30",177.380004882812,177.509994506836,175.660003662109,176.289993286133,140002000,141.703857421875
"2013-10-31",176.149993896484,176.889999389648,175.529998779297,175.789993286133,133795000,141.30192565918
"2013-11-01",176.020004272461,176.610000610352,175.220001220703,176.210006713867,142805000,141.639556884766
"2013-11-04",176.690002441406,176.899993896484,175.979995727539,176.830001831055,85677000,142.137893676758
"2013-11-05",176.139999389648,176.75,175.570007324219,176.270004272461,85825000,141.687759399414
"2013-11-06",177.029998779297,177.5,176.539993286133,177.169998168945,87348000,142.411209106445
"2013-11-07",177.5,177.639999389648,174.759994506836,174.929992675781,1.57e+08,140.610702514648
"2013-11-08",174.869995117188,177.309997558594,174.850006103516,177.289993286133,136713000,142.507675170898
"2013-11-11",177.119995117188,177.529998779297,176.910003662109,177.320007324219,62614000,142.531768798828
"2013-11-12",176.940002441406,177.360000610352,176.369995117188,176.960006713867,83990000,142.24235534668
"2013-11-13",176.089996337891,178.429992675781,176.089996337891,178.380004882812,103844000,143.383804321289
"2013-11-14",178.539993286133,179.419998168945,178.25,179.270004272461,103435000,144.099197387695
"2013-11-15",179.559997558594,180.119995117188,179.330001831055,180.050003051758,102818000,144.726150512695
"2013-11-18",180.350006103516,180.5,179.020004272461,179.419998168945,104796000,144.219741821289
"2013-11-19",179.330001831055,179.869995117188,178.720001220703,179.029998779297,93891000,143.906295776367
"2013-11-20",179.389999389648,179.929992675781,177.979995727539,178.470001220703,124909000,143.456192016602
"2013-11-21",178.970001220703,180.050003051758,178.860000610352,179.910003662109,92841000,144.613708496094
"2013-11-22",179.979995727539,180.830001831055,179.770004272461,180.809997558594,81296000,145.337051391602
"2013-11-25",181.130004882812,181.169998168945,180.369995117188,180.630004882812,79486000,145.192428588867
"2013-11-26",180.720001220703,181.220001220703,180.410003662109,180.679992675781,86994000,145.23258972168
"2013-11-27",180.869995117188,181.240005493164,180.649993896484,181.119995117188,58800000,145.586273193359
"2013-11-29",181.320007324219,181.75,180.800003051758,181,55870900,145.489837646484
"2013-12-02",181.089996337891,181.429992675781,180.25,180.529998779297,99726000,145.112014770508
"2013-12-03",179.940002441406,180.389999389648,179.169998168945,179.75,116563000,144.485015869141
"2013-12-04",179.100006103516,180.479995727539,178.350006103516,179.729995727539,123033000,144.468994140625
"2013-12-05",179.410003662109,179.740005493164,178.770004272461,178.940002441406,106934000,143.833969116211
"2013-12-06",180.669998168945,181.110000610352,180.149993896484,180.940002441406,127728000,145.441589355469
"2013-12-09",181.470001220703,181.669998168945,181.160003662109,181.399993896484,70124000,145.81135559082
"2013-12-10",180.979995727539,181.360000610352,180.639999389648,180.75,80976000,145.288848876953
"2013-12-11",180.820007324219,180.850006103516,178.5,178.720001220703,130591000,143.657089233398
"2013-12-12",178.639999389648,178.860000610352,177.759994506836,178.130004882812,115565000,143.182907104492
"2013-12-13",178.5,178.660003662109,177.770004272461,178.110000610352,107808000,143.166778564453
"2013-12-16",178.949996948242,179.809997558594,178.899993896484,179.220001220703,96195000,144.059005737305
"2013-12-17",179.380004882812,179.410003662109,178.25,178.649993896484,89886000,143.600875854492
"2013-12-18",178.919998168945,181.729995727539,177.320007324219,181.699996948242,234906000,146.052474975586
"2013-12-19",181.179992675781,181.699996948242,180.710006713867,181.490005493164,136531200,145.883666992188
"2013-12-20",180.690002441406,181.990005493164,180.570007324219,181.559997558594,197087000,146.732284545898
"2013-12-23",182.449996948242,182.639999389648,182.070007324219,182.529998779297,85598000,147.516204833984
"2013-12-24",182.539993286133,183.009994506836,182.529998779297,182.929992675781,45368800,147.839492797852
"2013-12-26",183.339996337891,183.960006713867,183.320007324219,183.860000610352,63365000,148.591064453125
"2013-12-27",184.100006103516,184.179992675781,183.660003662109,183.850006103516,61814000,148.583023071289
"2013-12-30",183.869995117188,184.020004272461,183.580001831055,183.820007324219,56857000,148.558700561523
"2013-12-31",184.070007324219,184.690002441406,183.929992675781,184.690002441406,86119900,149.261840820312
"2014-01-02",183.979995727539,184.070007324219,182.479995727539,182.919998168945,119636900,147.831344604492
"2014-01-03",183.229995727539,183.600006103516,182.630004882812,182.889999389648,81390600,147.807144165039
"2014-01-06",183.490005493164,183.559997558594,182.080001831055,182.360000610352,108028200,147.378814697266
"2014-01-07",183.089996337891,183.789993286133,182.949996948242,183.479995727539,86144200,148.283935546875
"2014-01-08",183.449996948242,183.830001831055,182.889999389648,183.520004272461,96582300,148.316284179688
"2014-01-09",184.110000610352,184.130004882812,182.800003051758,183.639999389648,90683400,148.413314819336
"2014-01-10",183.949996948242,184.220001220703,183.009994506836,184.139999389648,102026400,148.817413330078
"2014-01-13",183.669998168945,184.179992675781,181.339996337891,181.690002441406,149892000,146.837295532227
"2014-01-14",182.289993286133,183.770004272461,181.949996948242,183.669998168945,105016100,148.437484741211
"2014-01-15",184.100006103516,184.940002441406,183.710006713867,184.660003662109,98525800,149.23762512207
"2014-01-16",184.279998779297,184.660003662109,183.830001831055,184.419998168945,72290600,149.043655395508
"2014-01-17",184.100006103516,184.449996948242,183.320007324219,183.639999389648,107848700,148.413314819336
"2014-01-21",184.699996948242,184.770004272461,183.050003051758,184.179992675781,88621200,148.849685668945
"2014-01-22",184.490005493164,184.570007324219,183.910003662109,184.300003051758,61270900,148.946685791016
"2014-01-23",183.369995117188,183.399993896484,181.820007324219,182.789993286133,132496900,147.726303100586
"2014-01-24",181.600006103516,181.660003662109,178.830001831055,178.889999389648,208677100,144.574447631836
"2014-01-27",179.059997558594,179.520004272461,177.119995117188,178.009994506836,180843100,143.863235473633
"2014-01-28",178.139999389648,179.300003051758,178.119995117188,179.070007324219,110463200,144.719909667969
"2014-01-29",177.580001831055,178.550003051758,176.880004882812,177.350006103516,216597300,143.329895019531
"2014-01-30",178.830001831055,179.809997558594,178.259994506836,179.229995727539,118938100,144.849273681641
"2014-01-31",177.009994506836,179.289993286133,176.919998168945,178.179992675781,194677900,144.000610351562
"2014-02-03",177.970001220703,178.369995117188,173.830001831055,174.169998168945,254837100,140.759841918945
"2014-02-04",174.949996948242,175.839996337891,174.110000610352,175.389999389648,165012400,141.745819091797
"2014-02-05",174.779998779297,175.559997558594,173.710006713867,175.169998168945,164230500,141.568023681641
"2014-02-06",175.580001831055,177.479995727539,175.220001220703,177.479995727539,132877600,143.43489074707
"2014-02-07",178.309997558594,179.869995117188,177.729995727539,179.679992675781,170787200,145.212890625
"2014-02-10",179.699996948242,180.070007324219,179.210006713867,180.009994506836,92218800,145.479583740234
"2014-02-11",180.160003662109,182.440002441406,180.039993286133,181.979995727539,117814100,147.071716308594
"2014-02-12",182.25,182.830001831055,181.710006713867,182.070007324219,94717700,147.144454956055
"2014-02-13",180.839996337891,183.199996948242,180.830001831055,183.009994506836,100542200,147.904098510742
"2014-02-14",182.839996337891,184.360000610352,182.669998168945,184.020004272461,96498400,148.720413208008
"2014-02-18",184.179992675781,184.490005493164,183.649993896484,184.240005493164,80460900,148.898178100586
"2014-02-19",183.759994506836,184.949996948242,182.869995117188,183.020004272461,126524300,147.912200927734
"2014-02-20",183.270004272461,184.520004272461,182.600006103516,184.100006103516,104998100,148.785049438477
"2014-02-21",184.449996948242,184.889999389648,183.800003051758,183.889999389648,118116400,148.615280151367
"2014-02-24",184.279998779297,186.149993896484,184.199996948242,184.910003662109,114063900,149.439590454102
"2014-02-25",185.059997558594,185.589996337891,184.229995727539,184.839996337891,117085000,149.383041381836
"2014-02-26",185.110000610352,185.600006103516,184.330001831055,184.850006103516,98677200,149.391143798828
"2014-02-27",184.580001831055,185.869995117188,184.369995117188,185.820007324219,93880800,150.175079345703
"2014-02-28",185.789993286133,187.149993896484,185.050003051758,186.289993286133,150842000,150.554977416992
"2014-03-03",184.649993896484,185.449996948242,183.75,184.979995727539,167748500,149.496185302734
"2014-03-04",186.789993286133,187.979995727539,186.75,187.580001831055,167545900,151.597473144531
"2014-03-05",187.740005493164,188.070007324219,187.449996948242,187.75,88376900,151.734832763672
"2014-03-06",188.210006713867,188.610000610352,187.779998779297,188.179992675781,82516500,152.082397460938
"2014-03-07",188.960006713867,188.960006713867,187.429992675781,188.259994506836,114513500,152.147064208984
"2014-03-10",187.970001220703,188.229995727539,187.080001831055,188.160003662109,74939200,152.066284179688
"2014-03-11",188.440002441406,188.710006713867,186.800003051758,187.229995727539,99009100,151.314666748047
"2014-03-12",186.320007324219,187.350006103516,185.899993896484,187.279998779297,104824400,151.355041503906
"2014-03-13",187.839996337891,187.990005493164,184.660003662109,185.179992675781,155014300,149.65788269043
"2014-03-14",184.850006103516,185.800003051758,184.440002441406,184.660003662109,153919600,149.23762512207
"2014-03-17",185.589996337891,186.770004272461,185.509994506836,186.330001831055,98359500,150.587249755859
"2014-03-18",186.710006713867,187.910003662109,186.509994506836,187.660003662109,101804600,151.662155151367
"2014-03-19",187.679992675781,187.940002441406,185.470001220703,186.660003662109,176267300,150.853927612305
"2014-03-20",186.25,187.889999389648,185.919998168945,187.75,117241000,151.734832763672
"2014-03-21",187.710006713867,189.020004272461,186.029998779297,186.199996948242,163128000,151.146301269531
"2014-03-24",186.839996337891,187.070007324219,184.619995117188,185.429992675781,121411000,150.521270751953
"2014-03-25",186.369995117188,186.940002441406,185.270004272461,186.309997558594,103852000,151.235641479492
"2014-03-26",187.039993286133,187.339996337891,184.919998168945,184.970001220703,119843000,150.14794921875
"2014-03-27",184.75,185.339996337891,183.899993896484,184.580001831055,142383000,149.831314086914
"2014-03-28",185.110000610352,186.419998168945,185,185.490005493164,101642000,150.570037841797
"2014-03-31",186.669998168945,187.300003051758,185.520004272461,187.009994506836,99745000,151.803833007812
"2014-04-01",187.619995117188,188.360000610352,187,188.25,89193000,152.810409545898
"2014-04-02",188.490005493164,189.130004882812,188.139999389648,188.880004882812,78774000,153.321838378906
"2014-04-03",189.169998168945,189.220001220703,188.050003051758,188.630004882812,77435000,153.118865966797
"2014-04-04",189.660003662109,189.699996948242,186.100006103516,186.399993896484,169381000,151.308746337891
"2014-04-07",185.949996948242,186.259994506836,183.960006713867,184.339996337891,140803000,149.636459350586
"2014-04-08",184.259994506836,185.399993896484,183.589996337891,185.100006103516,112660000,150.253448486328
"2014-04-09",185.600006103516,187.149993896484,185.059997558594,187.089996337891,100254000,151.86882019043
"2014-04-10",187.080001831055,187.169998168945,182.929992675781,183.160003662109,172959000,148.6787109375
"2014-04-11",182.139999389648,183.419998168945,181.309997558594,181.509994506836,167251000,147.339294433594
"2014-04-14",182.929992675781,183.369995117188,181.440002441406,182.940002441406,132382000,148.500091552734
"2014-04-15",183.320007324219,184.330001831055,181.509994506836,184.199996948242,157093000,149.522811889648
"2014-04-16",185.470001220703,186.139999389648,184.649993896484,186.130004882812,105197000,151.08952331543
"2014-04-17",185.880004882812,186.910003662109,185.559997558594,186.389999389648,105255000,151.300567626953
"2014-04-21",186.440002441406,187.100006103516,186.210006713867,187.039993286133,68329000,151.828216552734
"2014-04-22",187.229995727539,188.399993896484,187.130004882812,187.889999389648,85790000,152.518157958984
"2014-04-23",187.820007324219,187.919998168945,187.300003051758,187.449996948242,73869000,152.161010742188
"2014-04-24",188.369995117188,188.389999389648,186.929992675781,187.830001831055,88170000,152.469451904297
"2014-04-25",187.220001220703,187.330001831055,185.869995117188,186.289993286133,100380000,151.219451904297
"2014-04-28",187.050003051758,187.690002441406,184.960006713867,186.880004882812,135121000,151.698318481445
"2014-04-29",187.479995727539,188.039993286133,187.080001831055,187.75,84098000,152.404586791992
"2014-04-30",187.440002441406,188.5,187.179992675781,188.309997558594,101508000,152.859085083008
"2014-05-01",188.220001220703,188.839996337891,187.729995727539,188.330001831055,93019000,152.875335693359
"2014-05-02",188.309997558594,189.139999389648,187.779998779297,188.059997558594,98122000,152.656188964844
"2014-05-05",187.139999389648,188.550003051758,186.619995117188,188.419998168945,75883000,152.948394775391
"2014-05-06",188,188.130004882812,186.740005493164,186.779998779297,85454000,151.617156982422
"2014-05-07",187.410003662109,187.970001220703,186.009994506836,187.880004882812,106500000,152.510101318359
"2014-05-08",187.710006713867,189.050003051758,187.080001831055,187.679992675781,93618000,152.347732543945
"2014-05-09",187.710006713867,188.039993286133,186.830001831055,187.960006713867,83679000,152.574996948242
"2014-05-12",188.800003051758,189.880004882812,188,189.789993286133,86940000,154.060501098633
"2014-05-13",190.039993286133,190.419998168945,189.770004272461,189.960006713867,66454000,154.198486328125
"2014-05-14",189.789993286133,189.880004882812,188.789993286133,189.059997558594,72367000,153.467910766602
"2014-05-15",188.679992675781,188.720001220703,186.479995727539,187.399993896484,154956000,152.12043762207
"2014-05-16",187.509994506836,188.130004882812,186.720001220703,188.050003051758,97458000,152.648025512695
"2014-05-19",187.690002441406,188.889999389648,187.520004272461,188.740005493164,63839000,153.208190917969
"2014-05-20",188.649993896484,188.669998168945,187.070007324219,187.550003051758,111644000,152.242156982422
"2014-05-21",188.089996337891,189.220001220703,188.059997558594,189.130004882812,89093000,153.524719238281
"2014-05-22",189.179992675781,189.979995727539,188.860000610352,189.589996337891,61549000,153.898101806641
"2014-05-23",189.759994506836,190.479995727539,189.589996337891,190.350006103516,61092800,154.515060424805
"2014-05-27",191.059997558594,191.580001831055,190.949996948242,191.520004272461,72010000,155.464767456055
"2014-05-28",191.520004272461,191.820007324219,191.059997558594,191.380004882812,66723000,155.351181030273
"2014-05-29",191.820007324219,192.399993896484,191.330001831055,192.369995117188,64377000,156.154815673828
"2014-05-30",192.190002441406,192.800003051758,192.029998779297,192.679992675781,76316000,156.406433105469
"2014-06-02",192.949996948242,192.990005493164,191.970001220703,192.899993896484,64656000,156.585006713867
"2014-06-03",192.429992675781,192.899993896484,192.25,192.800003051758,65047000,156.503829956055
"2014-06-04",192.470001220703,193.300003051758,192.270004272461,193.190002441406,55529000,156.820404052734
"2014-06-05",193.410003662109,194.649993896484,192.699996948242,194.449996948242,92103000,157.843215942383
"2014-06-06",194.869995117188,195.429992675781,194.779998779297,195.380004882812,78696000,158.598159790039
"2014-06-09",195.350006103516,196.050003051758,195.169998168945,195.580001831055,65119000,158.760513305664
"2014-06-10",195.339996337891,195.639999389648,194.919998168945,195.600006103516,57129000,158.776718139648
"2014-06-11",194.899993896484,195.119995117188,194.479995727539,194.919998168945,68772000,158.224716186523
"2014-06-12",194.690002441406,194.800003051758,193.110000610352,193.539993286133,106350000,157.104553222656
"2014-06-13",193.919998168945,194.320007324219,193.300003051758,194.130004882812,82017000,157.583480834961
"2014-06-16",193.889999389648,194.699996948242,193.660003662109,194.289993286133,87424000,157.713363647461
"2014-06-17",194.020004272461,194.970001220703,193.809997558594,194.830001831055,84834000,158.151702880859
"2014-06-18",194.830001831055,196.369995117188,194.399993896484,196.259994506836,105267000,159.312438964844
"2014-06-19",196.429992675781,196.600006103516,195.800003051758,196.479995727539,85929000,159.491027832031
"2014-06-20",196.029998779297,196.100006103516,195.699996948242,195.940002441406,100587000,159.814865112305
"2014-06-23",195.990005493164,196.050003051758,195.520004272461,195.880004882812,70611000,159.765899658203
"2014-06-24",195.529998779297,196.5,194.479995727539,194.699996948242,96237000,158.803482055664
"2014-06-25",194.289993286133,195.779998779297,194.25,195.580001831055,82782000,159.521224975586
"2014-06-26",195.610000610352,195.630004882812,194.130004882812,195.440002441406,84312000,159.40705871582
"2014-06-27",194.979995727539,195.880004882812,194.889999389648,195.820007324219,71445100,159.716995239258
"2014-06-30",195.699996948242,196.169998168945,195.529998779297,195.720001220703,70201200,159.635437011719
"2014-07-01",196.199996948242,197.630004882812,196.130004882812,197.029998779297,90470000,160.703903198242
"2014-07-02",197.050003051758,197.479995727539,196.960006713867,197.229995727539,52475000,160.86701965332
"2014-07-03",197.789993286133,198.289993286133,197.639999389648,198.199996948242,52938800,161.658218383789
"2014-07-07",197.820007324219,197.979995727539,197.220001220703,197.509994506836,61696000,161.09538269043
"2014-07-08",197.149993896484,197.220001220703,195.759994506836,196.240005493164,108143000,160.059539794922
"2014-07-09",196.729995727539,197.300003051758,196.309997558594,197.119995117188,72992000,160.777221679688
"2014-07-10",195.220001220703,196.860000610352,195.059997558594,196.339996337891,99040000,160.141067504883
"2014-07-11",196.220001220703,196.75,195.779998779297,196.610000610352,64243000,160.361282348633
"2014-07-14",197.610000610352,197.860000610352,197.440002441406,197.600006103516,58658000,161.168746948242
"2014-07-15",197.720001220703,198.100006103516,196.360000610352,197.229995727539,111307000,160.86701965332
"2014-07-16",198.110000610352,198.259994506836,197.419998168945,197.960006713867,79986400,161.462463378906
"2014-07-17",197.350006103516,198.100006103516,195.429992675781,195.710006713867,145398000,159.62727355957
"2014-07-18",196.350006103516,197.910003662109,196.240005493164,197.710006713867,124330000,161.25846862793
"2014-07-21",197.089996337891,197.5,196.429992675781,197.339996337891,67592000,160.956726074219
"2014-07-22",198.009994506836,198.559997558594,197.869995117188,198.199996948242,67678000,161.658218383789
"2014-07-23",198.5,198.850006103516,198.100006103516,198.639999389648,65612000,162.017059326172
"2014-07-24",198.830001831055,199.059997558594,198.449996948242,198.649993896484,56888000,162.025177001953
"2014-07-25",198.089996337891,198.259994506836,197.330001831055,197.720001220703,76837000,161.266693115234
"2014-07-28",197.759994506836,198.089996337891,196.619995117188,197.800003051758,69259000,161.331970214844
"2014-07-29",198.169998168945,198.449996948242,196.919998168945,196.949996948242,80466000,160.638656616211
"2014-07-30",197.649993896484,197.910003662109,196.160003662109,196.979995727539,104222000,160.663116455078
"2014-07-31",195.610000610352,195.779998779297,192.970001220703,193.089996337891,183479000,157.490310668945
"2014-08-01",192.559997558594,193.759994506836,191.570007324219,192.5,189261000,157.009124755859
"2014-08-04",192.869995117188,194.300003051758,192.050003051758,193.889999389648,91340000,158.142791748047
"2014-08-05",193.100006103516,193.600006103516,191.309997558594,192.009994506836,152690000,156.609405517578
"2014-08-06",191.110000610352,192.889999389648,191.080001831055,192.070007324219,94818000,156.65837097168
"2014-08-07",192.940002441406,193.130004882812,190.550003051758,191.029998779297,135733000,155.810104370117
"2014-08-08",191.460006713867,193.369995117188,190.949996948242,193.240005493164,117014000,157.612655639648
"2014-08-11",193.970001220703,194.660003662109,193.710006713867,193.800003051758,74544000,158.069381713867
"2014-08-12",193.610000610352,194.149993896484,192.940002441406,193.529998779297,73632000,157.849136352539
"2014-08-13",194.289993286133,195.059997558594,193.960006713867,194.839996337891,69047000,158.91764831543
"2014-08-14",195.160003662109,195.759994506836,194.979995727539,195.759994506836,57371000,159.668045043945
"2014-08-15",196.470001220703,196.649993896484,194.309997558594,195.720001220703,139951000,159.635437011719
"2014-08-18",196.800003051758,197.449996948242,196.690002441406,197.360000610352,75424000,160.973098754883
"2014-08-19",197.839996337891,198.539993286133,197.440002441406,198.389999389648,59135000,161.813140869141
"2014-08-20",198.119995117188,199.160003662109,198.080001831055,198.919998168945,72763000,162.245407104492
"2014-08-21",199.089996337891,199.759994506836,198.929992675781,199.5,67791000,162.718505859375
"2014-08-22",199.339996337891,199.690002441406,198.740005493164,199.190002441406,76107000,162.465698242188
"2014-08-25",200.139999389648,200.589996337891,199.149993896484,200.199996948242,63855000,163.289428710938
"2014-08-26",200.330001831055,200.820007324219,200.279998779297,200.330001831055,47298000,163.395492553711
"2014-08-27",200.429992675781,200.570007324219,199.940002441406,200.25,47874000,163.330230712891
"2014-08-28",199.589996337891,200.270004272461,199.389999389648,200.139999389648,58330000,163.240509033203
"2014-08-29",200.449996948242,200.729995727539,199.820007324219,200.710006713867,65907000,163.705444335938
"2014-09-02",200.970001220703,201,199.860000610352,200.610000610352,72426000,163.623840332031
"2014-09-03",201.380004882812,201.410003662109,200.220001220703,200.5,57462000,163.534133911133
"2014-09-04",200.839996337891,201.580001831055,199.660003662109,200.210006713867,85236000,163.297622680664
"2014-09-05",200.169998168945,201.190002441406,199.410003662109,201.110000610352,102177000,164.031661987305
"2014-09-08",200.919998168945,201.210006713867,200,200.589996337891,64146000,163.607543945312
"2014-09-09",200.410003662109,200.550003051758,198.910003662109,199.320007324219,88591000,162.571701049805
"2014-09-10",199.429992675781,200.199996948242,198.770004272461,200.070007324219,67251000,163.183456420898
"2014-09-11",199.270004272461,200.330001831055,199.119995117188,200.300003051758,66774400,163.371047973633
"2014-09-12",200.100006103516,200.119995117188,198.559997558594,199.130004882812,117409300,162.416717529297
"2014-09-15",199.160003662109,199.320007324219,198.380004882812,198.979995727539,76401000,162.294387817383
"2014-09-16",198.610000610352,200.839996337891,198.5,200.479995727539,116201000,163.517852783203
"2014-09-17",200.770004272461,201.679992675781,199.75,200.75,151266000,163.738052368164
"2014-09-18",201.360000610352,201.850006103516,201.100006103516,201.820007324219,94990000,164.610870361328
"2014-09-19",201.520004272461,201.899993896484,200.289993286133,200.699996948242,121649000,164.462432861328
"2014-09-22",200.350006103516,200.380004882812,198.729995727539,199.149993896484,125553000,163.192306518555
"2014-09-23",198.429992675781,199.259994506836,197.949996948242,198.009994506836,111393000,162.258148193359
"2014-09-24",198.039993286133,199.690002441406,197.520004272461,199.559997558594,107276000,163.528274536133
"2014-09-25",199.039993286133,199.050003051758,196.270004272461,196.339996337891,150300000,160.889633178711
"2014-09-26",196.699996948242,198.389999389648,196.419998168945,197.899993896484,103547000,162.167999267578
"2014-09-29",196.199996948242,197.889999389648,196.050003051758,197.539993286133,95112000,161.873062133789
"2014-09-30",197.690002441406,198.300003051758,196.610000610352,197.020004272461,131302000,161.446899414062
"2014-10-01",196.699996948242,196.770004272461,193.910003662109,194.350006103516,177798000,159.258987426758
"2014-10-02",194.179992675781,195.059997558594,192.350006103516,194.380004882812,157285000,159.283569335938
"2014-10-03",195.679992675781,196.940002441406,195.080001831055,196.520004272461,121569000,161.037170410156
"2014-10-06",197.339996337891,197.600006103516,195.580001831055,196.289993286133,104778000,160.848693847656
"2014-10-07",195.279998779297,195.720001220703,193.220001220703,193.259994506836,147913000,158.365783691406
"2014-10-08",193.369995117188,196.919998168945,192.360000610352,196.639999389648,186461000,161.135513305664
"2014-10-09",196.330001831055,196.600006103516,192.580001831055,192.740005493164,210705000,157.939651489258
"2014-10-10",192.690002441406,193.649993896484,190.490005493164,190.539993286133,221909000,156.13688659668
"2014-10-13",190.460006713867,191.149993896484,187.300003051758,187.410003662109,230939000,153.572067260742
"2014-10-14",188.419998168945,189.820007324219,187.039993286133,187.699996948242,215847000,153.809631347656
"2014-10-15",185.160003662109,187.690002441406,181.919998168945,186.429992675781,380715000,152.768966674805
"2014-10-16",183.059997558594,187.580001831055,182.889999389648,186.270004272461,270391000,152.637893676758
"2014-10-17",188.419998168945,189.75,187.619995117188,188.470001220703,214625000,154.440612792969
"2014-10-20",188.130004882812,190.449996948242,188.070007324219,190.300003051758,130011000,155.940185546875
"2014-10-21",191.679992675781,194.199996948242,191.479995727539,194.070007324219,154949000,159.029571533203
"2014-10-22",194.410003662109,194.910003662109,192.610000610352,192.690002441406,151822000,157.898666381836
"2014-10-23",194.619995117188,196.199996948242,194.259994506836,194.929992675781,154944000,159.734298706055
"2014-10-24",195.25,196.490005493164,194.490005493164,196.429992675781,117927000,160.963424682617
"2014-10-27",195.729995727539,196.449996948242,195.029998779297,196.160003662109,82954000,160.7421875
"2014-10-28",196.820007324219,198.419998168945,196.729995727539,198.410003662109,106736000,162.5859375
"2014-10-29",198.550003051758,199.119995117188,196.800003051758,198.110000610352,142557000,162.340103149414
"2014-10-30",197.580001831055,199.949996948242,197.399993896484,199.380004882812,113330000,163.380798339844
"2014-10-31",201.779998779297,201.820007324219,200.770004272461,201.660003662109,146903000,165.249130249023
"2014-11-03",201.919998168945,202.449996948242,201.309997558594,201.770004272461,93600000,165.339248657227
"2014-11-04",201.229995727539,201.600006103516,200.059997558594,201.070007324219,93343000,164.765625
"2014-11-05",202.539993286133,202.589996337891,201.449996948242,202.339996337891,91709000,165.806365966797
"2014-11-06",202.389999389648,203.259994506836,201.639999389648,203.149993896484,107089000,166.470108032227
"2014-11-07",203.169998168945,203.600006103516,202.610000610352,203.339996337891,89540000,166.62580871582
"2014-11-10",203.380004882812,204.039993286133,203.130004882812,203.979995727539,66319000,167.150192260742
"2014-11-11",204.059997558594,204.309997558594,203.649993896484,204.179992675781,54499400,167.314086914062
"2014-11-12",203.350006103516,204.240005493164,203.309997558594,203.960006713867,90120300,167.133834838867
"2014-11-13",204.160003662109,204.830001831055,203.210006713867,204.190002441406,85357900,167.322326660156
"2014-11-14",204.100006103516,204.490005493164,203.720001220703,204.240005493164,80417500,167.36328125
"2014-11-17",203.850006103516,204.580001831055,203.649993896484,204.369995117188,80441000,167.469757080078
"2014-11-18",204.440002441406,205.919998168945,204.440002441406,205.550003051758,76068100,168.436752319336
"2014-11-19",205.309997558594,205.550003051758,204.300003051758,205.220001220703,82373000,168.166366577148
"2014-11-20",204.259994506836,205.710006713867,204.179992675781,205.580001831055,72840300,168.461318969727
"2014-11-21",207.639999389648,207.839996337891,205.979995727539,206.679992675781,142327300,169.362731933594
"2014-11-24",207.169998168945,207.389999389648,206.910003662109,207.259994506836,65880800,169.838027954102
"2014-11-25",207.539993286133,207.789993286133,206.800003051758,207.110000610352,79108300,169.715072631836
"2014-11-26",207.289993286133,207.759994506836,207.029998779297,207.639999389648,62167800,170.149383544922
"2014-11-28",207.490005493164,207.869995117188,206.910003662109,207.199996948242,57890100,169.788818359375
"2014-12-01",206.399993896484,206.539993286133,205.380004882812,205.759994506836,103968400,168.608810424805
"2014-12-02",205.809997558594,207.339996337891,205.779998779297,207.089996337891,74507200,169.698669433594
"2014-12-03",207.300003051758,208.149993896484,207.100006103516,207.889999389648,68952000,170.354263305664
"2014-12-04",207.539993286133,208.270004272461,206.699996948242,207.660003662109,91316600,170.165756225586
"2014-12-05",207.869995117188,208.470001220703,207.550003051758,208,91025500,170.444381713867
"2014-12-08",207.520004272461,208.119995117188,205.929992675781,206.610000610352,108588200,169.305358886719
"2014-12-09",204.369995117188,206.600006103516,203.910003662109,206.470001220703,125180100,169.190643310547
"2014-12-10",205.910003662109,205.979995727539,202.929992675781,203.160003662109,159856400,166.478302001953
"2014-12-11",203.880004882812,206.190002441406,203.710006713867,204.190002441406,159012800,167.322326660156
"2014-12-12",202.639999389648,203.820007324219,200.850006103516,200.889999389648,202330200,164.618103027344
"2014-12-15",201.979995727539,202.529998779297,198.779998779297,199.509994506836,189965800,163.4873046875
"2014-12-16",198.580001831055,202.399993896484,197.860000610352,197.910003662109,259543800,162.176177978516
"2014-12-17",198.440002441406,202.339996337891,198.289993286133,201.789993286133,253910100,165.355606079102
"2014-12-18",204.740005493164,212.970001220703,203.919998168945,206.779998779297,257633900,169.444641113281
"2014-12-19",206.429992675781,207.330001831055,205.610000610352,206.520004272461,245084600,170.165603637695
"2014-12-22",206.75,207.470001220703,206.460006713867,207.470001220703,148318900,170.94841003418
"2014-12-23",208.169998168945,208.229995727539,207.399993896484,207.75,122167900,171.179092407227
"2014-12-24",208.020004272461,208.339996337891,207.720001220703,207.770004272461,42963400,171.19563293457
"2014-12-26",208.309997558594,208.850006103516,208.25,208.440002441406,57326700,171.747650146484
"2014-12-29",208.220001220703,208.970001220703,208.139999389648,208.720001220703,79643900,171.97834777832
"2014-12-30",208.210006713867,208.369995117188,207.509994506836,207.600006103516,73540800,171.055587768555
"2014-12-31",207.990005493164,208.190002441406,205.389999389648,205.539993286133,130333800,169.358123779297
"2015-01-02",206.380004882812,206.880004882812,204.179992675781,205.429992675781,121465900,169.267501831055
"2015-01-05",204.169998168945,204.369995117188,201.350006103516,201.720001220703,169632600,166.210647583008
"2015-01-06",202.089996337891,202.720001220703,198.860000610352,199.820007324219,209151400,164.645111083984
"2015-01-07",201.419998168945,202.720001220703,200.880004882812,202.309997558594,125346700,166.696716308594
"2015-01-08",204.009994506836,206.160003662109,203.990005493164,205.899993896484,147217800,169.65478515625
"2015-01-09",206.399993896484,206.419998168945,203.509994506836,204.25,158567300,168.295227050781
"2015-01-12",204.410003662109,204.600006103516,201.919998168945,202.649993896484,144396100,166.976913452148
"2015-01-13",204.119995117188,205.479995727539,200.509994506836,202.080001831055,214553300,166.507232666016
"2015-01-14",199.649993896484,201.100006103516,198.570007324219,200.860000610352,192991100,165.502029418945
"2015-01-15",201.630004882812,202.009994506836,198.880004882812,199.020004272461,176613900,163.985916137695
"2015-01-16",198.770004272461,201.820007324219,198.550003051758,201.630004882812,211879600,166.136489868164
"2015-01-20",202.399993896484,202.720001220703,200.169998168945,202.059997558594,130991100,166.490753173828
"2015-01-21",201.5,203.660003662109,200.940002441406,203.080001831055,122942700,167.331237792969
"2015-01-22",203.990005493164,206.259994506836,202.330001831055,206.100006103516,174356000,169.819549560547
"2015-01-23",205.789993286133,206.100006103516,204.809997558594,204.970001220703,117516800,168.888473510742
"2015-01-26",204.710006713867,205.559997558594,203.850006103516,205.449996948242,92009700,169.28401184082
"2015-01-27",202.970001220703,204.119995117188,201.740005493164,202.740005493164,134044600,167.051040649414
"2015-01-28",204.169998168945,204.289993286133,199.910003662109,200.139999389648,168514300,164.908721923828
"2015-01-29",200.380004882812,202.300003051758,198.679992675781,201.990005493164,173585400,166.43310546875
"2015-01-30",200.570007324219,202.169998168945,199.130004882812,199.449996948242,197729700,164.340179443359
"2015-02-02",200.050003051758,202.029998779297,197.860000610352,201.919998168945,163107000,166.375427246094
"2015-02-03",203,204.850006103516,202.550003051758,204.839996337891,124212900,168.78141784668
"2015-02-04",203.919998168945,205.380004882812,203.509994506836,204.059997558594,134306700,168.138656616211
"2015-02-05",204.860000610352,206.300003051758,204.770004272461,206.119995117188,97953200,169.836090087891
"2015-02-06",206.559997558594,207.240005493164,204.919998168945,205.550003051758,125672000,169.366409301758
"2015-02-09",204.770004272461,205.639999389648,204.139999389648,204.630004882812,87219000,168.608337402344
"2015-02-10",205.880004882812,207.119995117188,204.679992675781,206.809997558594,96164200,170.404586791992
"2015-02-11",206.610000610352,207.449996948242,205.830001831055,206.929992675781,91087800,170.50341796875
"2015-02-12",207.889999389648,208.990005493164,206.970001220703,208.919998168945,97545900,172.143218994141
"2015-02-13",209.070007324219,209.839996337891,208.759994506836,209.779998779297,93670400,172.851821899414
"2015-02-17",209.399993896484,210.320007324219,209.100006103516,210.110000610352,76968200,173.123733520508
"2015-02-18",209.660003662109,210.220001220703,209.339996337891,210.130004882812,80652900,173.140151977539
"2015-02-19",209.410003662109,210.419998168945,209.240005493164,209.979995727539,91462500,173.016555786133
"2015-02-20",209.479995727539,211.330001831055,208.729995727539,211.240005493164,140896400,174.054794311523
"2015-02-23",210.940002441406,211.210006713867,210.479995727539,211.210006713867,74411100,174.030029296875
"2015-02-24",211.119995117188,212.050003051758,210.759994506836,211.809997558594,72472300,174.524459838867
"2015-02-25",211.660003662109,212.240005493164,211.220001220703,211.630004882812,73061700,174.376098632812
"2015-02-26",211.520004272461,211.710006713867,210.649993896484,211.380004882812,72697900,174.170135498047
"2015-02-27",211.259994506836,211.580001831055,210.600006103516,210.660003662109,108076000,173.576858520508
"2015-03-02",210.779998779297,212.059997558594,210.720001220703,211.990005493164,87491400,174.672729492188
"2015-03-03",211.470001220703,212.050003051758,210.080001831055,211.119995117188,110325800,173.955902099609
"2015-03-04",210.399993896484,210.490005493164,209.059997558594,210.229995727539,114497200,173.222579956055
"2015-03-05",210.619995117188,210.800003051758,209.850006103516,210.460006713867,76873000,173.412109375
"2015-03-06",209.419998168945,209.940002441406,207.100006103516,207.5,188128000,170.973129272461
"2015-03-09",207.740005493164,208.789993286133,207.550003051758,208.360000610352,89818900,171.681732177734
"2015-03-10",206.710006713867,206.809997558594,204.929992675781,204.979995727539,157121300,168.896713256836
"2015-03-11",205.289993286133,205.5,204.399993896484,204.5,110145700,168.501220703125
"2015-03-12",205.259994506836,207.179992675781,205.199996948242,207.100006103516,93993500,170.643524169922
"2015-03-13",206.770004272461,207.929992675781,204.580001831055,205.830001831055,162410900,169.597137451172
"2015-03-16",206.710006713867,208.690002441406,205.860000610352,208.580001831055,136099200,171.863052368164
"2015-03-17",207.690002441406,208.419998168945,206.979995727539,207.960006713867,94510400,171.352142333984
"2015-03-18",207.389999389648,211.270004272461,206.619995117188,210.460006713867,228808500,173.412109375
"2015-03-19",209.960006713867,210.470001220703,209.029998779297,209.5,117917300,172.621047973633
"2015-03-20",209.710006713867,211.020004272461,209.490005493164,210.410003662109,177715100,174.144729614258
"2015-03-23",210.419998168945,211.110000610352,210,210,71784500,173.805389404297
"2015-03-24",209.850006103516,210.399993896484,208.740005493164,208.820007324219,77805300,172.828842163086
"2015-03-25",209.070007324219,209.350006103516,205.710006713867,205.759994506836,159521700,170.296203613281
"2015-03-26",204.960006713867,206.369995117188,204.119995117188,205.270004272461,153067200,169.890686035156
"2015-03-27",205.130004882812,205.949996948242,204.899993896484,205.740005493164,118939000,170.279663085938
"2015-03-30",206.979995727539,208.610000610352,206.960006713867,208.25,96180400,172.357040405273
"2015-03-31",207.259994506836,208.100006103516,206.360000610352,206.429992675781,126768700,170.85075378418
"2015-04-01",206.389999389648,206.419998168945,204.509994506836,205.699996948242,137303600,170.246566772461
"2015-04-02",205.619995117188,206.979995727539,205.399993896484,206.440002441406,86900900,170.859024047852
"2015-04-06",205.369995117188,208.449996948242,205.210006713867,207.830001831055,114368200,172.009490966797
"2015-04-07",207.860000610352,208.759994506836,207.240005493164,207.279998779297,81236300,171.554183959961
"2015-04-08",207.550003051758,208.509994506836,207.080001831055,207.979995727539,89351900,172.133651733398
"2015-04-09",207.779998779297,209.179992675781,207.190002441406,208.899993896484,85548900,172.89501953125
"2015-04-10",209.199996948242,210.089996337891,208.960006713867,210.039993286133,72722900,173.838455200195
"2015-04-13",209.869995117188,210.630004882812,209.029998779297,209.089996337891,74436600,173.052261352539
"2015-04-14",208.850006103516,209.710006713867,208.100006103516,209.490005493164,75099900,173.383346557617
"2015-04-15",210.050003051758,211.039993286133,209.949996948242,210.429992675781,99529300,174.16130065918
"2015-04-16",210.029998779297,210.979995727539,209.789993286133,210.369995117188,68934900,174.111679077148
"2015-04-17",208.940002441406,209.229995727539,207.009994506836,207.949996948242,191113200,172.108764648438
"2015-04-20",209.059997558594,210.25,208.960006713867,209.850006103516,92189500,173.681274414062
"2015-04-21",210.669998168945,210.860000610352,209.240005493164,209.600006103516,72559800,173.474380493164
"2015-04-22",210.009994506836,210.850006103516,208.899993896484,210.630004882812,78264600,174.32682800293
"2015-04-23",210.149993896484,211.940002441406,210.009994506836,211.160003662109,102585900,174.765533447266
"2015-04-24",211.660003662109,211.970001220703,211.110000610352,211.649993896484,61327400,175.171051025391
"2015-04-27",212.330001831055,212.479995727539,210.539993286133,210.770004272461,79358100,174.442733764648
"2015-04-28",210.740005493164,211.5,209.330001831055,211.440002441406,86863500,174.997253417969
"2015-04-29",210.369995117188,211.289993286133,209.600006103516,210.570007324219,125684900,174.277191162109
"2015-04-30",209.880004882812,210.350006103516,207.619995117188,208.460006713867,161304900,172.530838012695
"2015-05-01",209.399993896484,210.770004272461,209.279998779297,210.720001220703,103399700,174.401321411133
"2015-05-04",211.229995727539,212.020004272461,211.100006103516,211.320007324219,70927200,174.897918701172
"2015-05-05",211.029998779297,211.460006713867,208.729995727539,208.899993896484,113326200,172.89501953125
"2015-05-06",209.559997558594,209.929992675781,206.759994506836,208.039993286133,135060200,172.183258056641
"2015-05-07",207.919998168945,209.380004882812,207.520004272461,208.869995117188,88244900,172.870223999023
"2015-05-08",210.880004882812,211.860000610352,210.779998779297,211.619995117188,155877300,175.146194458008
"2015-05-11",211.570007324219,211.889999389648,210.520004272461,210.610000610352,75708100,174.310302734375
"2015-05-12",209.610000610352,210.630004882812,208.619995117188,209.979995727539,119727600,173.788864135742
"2015-05-13",210.470001220703,211.220001220703,209.740005493164,210.020004272461,94667900,173.821990966797
"2015-05-14",211.240005493164,212.320007324219,210.910003662109,212.210006713867,95934000,175.634536743164
"2015-05-15",212.440002441406,212.610000610352,211.860000610352,212.440002441406,76510100,175.824920654297
"2015-05-18",212.240005493164,213.399993896484,212.160003662109,213.100006103516,74549700,176.371154785156
"2015-05-19",213.240005493164,213.570007324219,212.690002441406,213.029998779297,72114600,176.313171386719
"2015-05-20",213.149993896484,213.779998779297,212.5,212.880004882812,76857500,176.189071655273
"2015-05-21",212.710006713867,213.75,212.509994506836,213.5,64764600,176.702194213867
"2015-05-22",213.039993286133,213.539993286133,212.910003662109,212.990005493164,57433500,176.280151367188
"2015-05-26",212.399993896484,212.910003662109,210.199996948242,210.699996948242,124308600,174.384811401367
"2015-05-27",211.25,212.979995727539,210.759994506836,212.699996948242,93214000,176.040069580078
"2015-05-28",212.330001831055,212.589996337891,211.630004882812,212.460006713867,74974600,175.841430664062
"2015-05-29",212.380004882812,212.429992675781,210.820007324219,211.139999389648,124919600,174.748962402344
"2015-06-01",211.940002441406,212.339996337891,210.619995117188,211.570007324219,93338800,175.104904174805
"2015-06-02",211.020004272461,212.190002441406,210.270004272461,211.360000610352,91531000,174.931045532227
"2015-06-03",212,212.669998168945,211.330001831055,211.919998168945,87820900,175.394470214844
"2015-06-04",211.070007324219,211.860000610352,209.75,210.130004882812,151882800,173.912994384766
"2015-06-05",209.949996948242,210.580001831055,208.979995727539,209.770004272461,121704700,173.615097045898
"2015-06-08",209.639999389648,209.820007324219,208.389999389648,208.479995727539,89063300,172.547409057617
"2015-06-09",208.449996948242,209.100006103516,207.690002441406,208.449996948242,105034700,172.522583007812
"2015-06-10",209.369995117188,211.410003662109,209.300003051758,210.949996948242,134551300,174.591659545898
"2015-06-11",211.479995727539,212.089996337891,211.199996948242,211.630004882812,73876400,175.154510498047
"2015-06-12",210.639999389648,211.479995727539,209.679992675781,210.009994506836,135382400,173.813705444336
"2015-06-15",208.639999389648,209.449996948242,207.789993286133,209.110000610352,124384200,173.06884765625
"2015-06-16",208.929992675781,210.350006103516,208.720001220703,210.25,85308200,174.012329101562
"2015-06-17",210.589996337891,211.320007324219,209.360000610352,210.589996337891,126708600,174.293746948242
"2015-06-18",211.309997558594,213.339996337891,210.630004882812,212.779998779297,165867900,176.106307983398
"2015-06-19",211.460006713867,211.550003051758,210.360000610352,210.809997558594,130478700,175.324554443359
"2015-06-22",211.910003662109,212.589996337891,211.639999389648,211.889999389648,70696000,176.222732543945
"2015-06-23",212.139999389648,212.440002441406,211.570007324219,212.039993286133,68476800,176.347457885742
"2015-06-24",211.720001220703,212.169998168945,210.470001220703,210.5,92307300,175.066665649414
"2015-06-25",211.100006103516,211.25,209.770004272461,209.860000610352,97107400,174.534393310547
"2015-06-26",210.289993286133,210.580001831055,209.160003662109,209.820007324219,104174800,174.501174926758
"2015-06-29",208.050003051758,209.830001831055,205.330001831055,205.419998168945,202621300,170.841812133789
"2015-06-30",207.259994506836,207.320007324219,205.279998779297,205.850006103516,182925100,171.199417114258
"2015-07-01",207.729995727539,208.029998779297,206.559997558594,207.5,135979900,172.571731567383
"2015-07-02",208.070007324219,208.270004272461,206.809997558594,207.309997558594,104373700,172.413681030273
"2015-07-06",205.770004272461,207.649993896484,205.529998779297,206.720001220703,117975400,171.922973632812
"2015-07-07",206.960006713867,208.169998168945,204.110000610352,208.020004272461,173820200,173.004135131836
"2015-07-08",206.419998168945,206.759994506836,204.25,204.529998779297,164020100,170.101654052734
"2015-07-09",207.039993286133,207.350006103516,204.770004272461,204.899993896484,144113100,170.409362792969
"2015-07-10",207.289993286133,207.979995727539,204.949996948242,207.479995727539,129456900,172.555053710938
"2015-07-13",208.990005493164,209.899993896484,208.940002441406,209.770004272461,106069400,174.459594726562
"2015-07-14",209.720001220703,211.050003051758,209.649993896484,210.679992675781,81709600,175.216430664062
"2015-07-15",210.729995727539,211.279998779297,210.039993286133,210.610000610352,97914100,175.158187866211
"2015-07-16",211.869995117188,212.300003051758,211.580001831055,212.300003051758,106683300,176.563705444336
"2015-07-17",212.289993286133,212.550003051758,211.800003051758,212.479995727539,89030000,176.713363647461
"2015-07-20",212.75,213.179992675781,212.210006713867,212.589996337891,70446800,176.80485534668
"2015-07-21",212.429992675781,212.740005493164,211.389999389648,211.75,77965000,176.106307983398
"2015-07-22",210.929992675781,211.770004272461,210.889999389648,211.369995117188,88667900,175.790283203125
"2015-07-23",211.529998779297,211.649993896484,209.75,210.179992675781,90509100,174.800537109375
"2015-07-24",210.300003051758,210.369995117188,207.600006103516,208,117755000,172.987487792969
"2015-07-27",206.940002441406,207.550003051758,206.259994506836,206.789993286133,132361100,171.981170654297
"2015-07-28",207.789993286133,209.5,206.800003051758,209.330001831055,123544800,174.093612670898
"2015-07-29",209.479995727539,211.039993286133,209.309997558594,210.770004272461,105791300,175.291259765625
"2015-07-30",210.160003662109,211.020004272461,209.419998168945,210.820007324219,91304400,175.332855224609
"2015-07-31",211.419998168945,211.449996948242,210.160003662109,210.5,103266900,175.066665649414
"2015-08-03",210.460006713867,210.529998779297,208.649993896484,209.789993286133,113965700,174.476181030273
"2015-08-04",209.699996948242,210.25,208.800003051758,209.380004882812,81820800,174.135208129883
"2015-08-05",210.449996948242,211.309997558594,209.729995727539,210.070007324219,85786800,174.709106445312
"2015-08-06",210.289993286133,210.419998168945,207.649993896484,208.350006103516,116030800,173.278671264648
"2015-08-07",208.160003662109,208.339996337891,206.869995117188,207.949996948242,117858000,172.945938110352
"2015-08-10",209.279998779297,210.669998168945,209.279998779297,210.570007324219,80270700,175.124908447266
"2015-08-11",208.970001220703,209.470001220703,207.759994506836,208.669998168945,126081400,173.544708251953
"2015-08-12",207.110000610352,209.139999389648,205.360000610352,208.919998168945,172123700,173.752655029297
"2015-08-13",208.729995727539,209.550003051758,208.009994506836,208.660003662109,89383300,173.53645324707
"2015-08-14",208.429992675781,209.509994506836,208.259994506836,209.419998168945,72786500,174.168502807617
"2015-08-17",208.710006713867,210.589996337891,208.160003662109,210.589996337891,79072600,175.141540527344
"2015-08-18",210.259994506836,210.679992675781,209.699996948242,209.979995727539,71692700,174.634216308594
"2015-08-19",209.089996337891,210.009994506836,207.350006103516,208.320007324219,172946000,173.253692626953
"2015-08-20",206.509994506836,208.289993286133,203.899993896484,203.970001220703,194327900,169.63591003418
"2015-08-21",201.729995727539,203.940002441406,197.520004272461,197.830001831055,346588500,164.529418945312
"2015-08-24",187.490005493164,197.479995727539,182.399993896484,189.5,507244300,157.601623535156
"2015-08-25",195.429992675781,195.449996948242,186.919998168945,187.270004272461,369833100,155.746978759766
"2015-08-26",192.080001831055,194.789993286133,188.369995117188,194.460006713867,339257000,161.726669311523
"2015-08-27",197.020004272461,199.419998168945,195.210006713867,199.270004272461,274143900,165.727066040039
"2015-08-28",198.5,199.839996337891,197.919998168945,199.279998779297,160414400,165.735382080078
"2015-08-31",198.110000610352,199.130004882812,197.009994506836,197.669998168945,163298800,164.396331787109
"2015-09-01",193.119995117188,194.770004272461,190.729995727539,191.770004272461,256000400,159.489501953125
"2015-09-02",194.619995117188,195.460006713867,192.419998168945,195.410003662109,160269300,162.516799926758
"2015-09-03",196.259994506836,198.050003051758,194.960006713867,195.550003051758,152087800,162.633209228516
"2015-09-04",192.850006103516,193.860000610352,191.610000610352,192.589996337891,207081000,160.171478271484
"2015-09-08",195.940002441406,197.610000610352,195.169998168945,197.429992675781,116025700,164.19677734375
"2015-09-09",199.320007324219,199.470001220703,194.350006103516,194.789993286133,149347700,162.00114440918
"2015-09-10",194.559997558594,197.220001220703,194.25,195.850006103516,158611100,162.882720947266
"2015-09-11",195.380004882812,196.820007324219,194.529998779297,196.740005493164,119691200,163.622894287109
"2015-09-14",196.949996948242,197.009994506836,195.429992675781,196.009994506836,79452000,163.015823364258
"2015-09-15",196.610000610352,198.990005493164,195.960006713867,198.460006713867,113806200,165.053405761719
"2015-09-16",198.820007324219,200.410003662109,198.410003662109,200.179992675781,99581600,166.483840942383
"2015-09-17",200.020004272461,202.889999389648,199.279998779297,199.729995727539,276046600,166.109558105469
"2015-09-18",195.710006713867,198.679992675781,194.960006713867,195.449996948242,223657500,163.395126342773
"2015-09-21",196.440002441406,197.679992675781,195.210006713867,196.460006713867,105726200,164.239517211914
"2015-09-22",193.880004882812,194.460006713867,192.559997558594,193.910003662109,153890900,162.107757568359
"2015-09-23",194.110000610352,194.669998168945,192.910003662109,193.600006103516,92790600,161.848571777344
"2015-09-24",192.149993896484,193.449996948242,190.559997558594,192.899993896484,159378800,161.26335144043
"2015-09-25",194.639999389648,195,191.809997558594,192.850006103516,155054800,161.221572875977
"2015-09-28",191.779998779297,191.910003662109,187.639999389648,188.009994506836,178515900,157.175323486328
"2015-09-29",188.270004272461,189.740005493164,186.929992675781,188.119995117188,159045600,157.267242431641
"2015-09-30",190.369995117188,191.830001831055,189.440002441406,191.630004882812,163452000,160.201629638672
"2015-10-01",192.080001831055,192.490005493164,189.820007324219,192.130004882812,131079000,160.619659423828
"2015-10-02",189.770004272461,195.029998779297,189.119995117188,195,211003300,163.018920898438
"2015-10-05",196.460006713867,198.740005493164,196.330001831055,198.470001220703,126320800,165.919860839844
"2015-10-06",198.309997558594,198.979995727539,197,197.789993286133,110274500,165.351333618164
"2015-10-07",198.899993896484,199.830001831055,197.479995727539,199.410003662109,124307300,166.705657958984
"2015-10-08",198.949996948242,201.550003051758,198.589996337891,201.210006713867,153055200,168.210479736328
"2015-10-09",201.380004882812,201.899993896484,200.580001831055,201.330001831055,107069200,168.31071472168
"2015-10-12",201.419998168945,201.759994506836,200.910003662109,201.520004272461,56395600,168.469635009766
"2015-10-13",200.649993896484,202.160003662109,200.050003051758,200.25,88038700,167.407867431641
"2015-10-14",200.179992675781,200.869995117188,198.940002441406,199.289993286133,99106200,166.605346679688
"2015-10-15",200.080001831055,202.360000610352,199.639999389648,202.350006103516,134142200,169.163497924805
"2015-10-16",202.830001831055,203.289993286133,201.919998168945,203.270004272461,114580100,169.932586669922
"2015-10-19",202.5,203.369995117188,202.130004882812,203.369995117188,76523900,170.016174316406
"2015-10-20",202.850006103516,203.839996337891,202.550003051758,203.110000610352,78448500,169.798828125
"2015-10-21",203.610000610352,203.789993286133,201.649993896484,201.850006103516,102038000,168.745529174805
"2015-10-22",202.979995727539,205.509994506836,201.850006103516,205.259994506836,174911700,171.59619140625
"2015-10-23",207.25,207.949996948242,206.300003051758,207.509994506836,144442300,173.477203369141
"2015-10-26",207.300003051758,207.369995117188,206.559997558594,207,69033000,173.050842285156
"2015-10-27",206.199996948242,207,205.789993286133,206.600006103516,77905800,172.716537475586
"2015-10-28",207,208.979995727539,206.210006713867,208.949996948242,135906700,174.681045532227
"2015-10-29",208.350006103516,209.270004272461,208.210006713867,208.830001831055,90525500,174.580749511719
"2015-10-30",209.059997558594,209.440002441406,207.740005493164,207.929992675781,131076900,173.828323364258
"2015-11-02",208.320007324219,210.619995117188,208.169998168945,210.389999389648,86270800,175.884841918945
"2015-11-03",209.970001220703,211.660003662109,209.699996948242,211,95246100,176.394821166992
"2015-11-04",211.350006103516,211.5,209.720001220703,210.360000610352,96224500,175.859817504883
"2015-11-05",210.429992675781,210.979995727539,209.089996337891,210.149993896484,78408700,175.684234619141
"2015-11-06",209.740005493164,210.320007324219,208.460006713867,210.039993286133,110471500,175.592269897461
"2015-11-09",209.309997558594,209.490005493164,206.949996948242,208.080001831055,131008700,173.953750610352
"2015-11-10",207.509994506836,208.600006103516,207.190002441406,208.559997558594,75874600,174.35498046875
"2015-11-11",208.880004882812,208.940002441406,207.660003662109,207.740005493164,67846000,173.669540405273
"2015-11-12",206.5,207.059997558594,204.820007324219,204.839996337891,121315200,171.245147705078
"2015-11-13",204.350006103516,204.669998168945,202.440002441406,202.539993286133,153577100,169.322311401367
"2015-11-16",202.320007324219,205.690002441406,202.179992675781,205.619995117188,117645200,171.897186279297
"2015-11-17",205.990005493164,207.039993286133,204.880004882812,205.470001220703,121123700,171.77180480957
"2015-11-18",206.039993286133,208.899993896484,205.990005493164,208.729995727539,121342500,174.497146606445
"2015-11-19",208.589996337891,209.050003051758,208.199996948242,208.550003051758,88220500,174.346664428711
"2015-11-20",209.449996948242,210.119995117188,208.860000610352,209.309997558594,94011500,174.981994628906
"2015-11-23",209.380004882812,209.979995727539,208.520004272461,209.070007324219,64931200,174.781356811523
"2015-11-24",207.869995117188,209.830001831055,207.410003662109,209.350006103516,98874400,175.015487670898
"2015-11-25",209.5,209.740005493164,209.009994506836,209.320007324219,51980100,174.990386962891
"2015-11-27",209.429992675781,209.800003051758,208.860000610352,209.559997558594,37317800,175.190979003906
"2015-11-30",209.75,209.889999389648,208.559997558594,208.690002441406,112822700,174.463684082031
"2015-12-01",209.440002441406,210.820007324219,209.110000610352,210.679992675781,97858400,176.127288818359
"2015-12-02",210.619995117188,211,208.229995727539,208.529998779297,108441300,174.329895019531
"2015-12-03",208.830001831055,209.149993896484,204.75,205.610000610352,166224200,171.888824462891
"2015-12-04",205.610000610352,209.970001220703,205.610000610352,209.619995117188,192913900,175.241180419922
"2015-12-07",209.229995727539,209.729995727539,207.199996948242,208.350006103516,102027100,174.179473876953
"2015-12-08",206.490005493164,208.289993286133,205.779998779297,206.949996948242,103372400,173.009048461914
"2015-12-09",206.190002441406,208.679992675781,204.179992675781,205.339996337891,162401500,171.663070678711
"2015-12-10",205.419998168945,207.429992675781,205.139999389648,205.869995117188,116128900,172.106140136719
"2015-12-11",203.350006103516,204.139999389648,201.509994506836,201.880004882812,211173300,168.770584106445
"2015-12-14",202.070007324219,203.050003051758,199.949996948242,202.899993896484,182385200,169.623245239258
"2015-12-15",204.699996948242,206.110000610352,202.869995117188,205.029998779297,154069600,171.403945922852
"2015-12-16",206.369995117188,208.389999389648,204.800003051758,208.029998779297,197017000,173.911895751953
"2015-12-17",208.399993896484,208.479995727539,204.839996337891,204.860000610352,173092500,171.26188659668
"2015-12-18",202.770004272461,202.929992675781,199.830001831055,200.020004272461,251393500,168.210876464844
"2015-12-21",201.410003662109,201.880004882812,200.089996337891,201.669998168945,99094300,169.598388671875
"2015-12-22",202.720001220703,203.850006103516,201.550003051758,203.5,111026200,171.13737487793
"2015-12-23",204.690002441406,206.070007324219,204.580001831055,206.020004272461,110987200,173.256637573242
"2015-12-24",205.720001220703,206.330001831055,205.419998168945,205.679992675781,48539600,172.970733642578
"2015-12-28",204.860000610352,205.259994506836,203.940002441406,205.210006713867,65899900,172.575408935547
"2015-12-29",206.509994506836,207.789993286133,206.470001220703,207.399993896484,92640700,174.417144775391
"2015-12-30",207.110000610352,207.210006713867,205.759994506836,205.929992675781,63317700,173.180908203125
"2015-12-31",205.130004882812,205.889999389648,203.869995117188,203.869995117188,114877900,171.448455810547
"2016-01-04",200.490005493164,201.029998779297,198.589996337891,201.020004272461,222353500,169.051742553711
"2016-01-05",201.399993896484,201.899993896484,200.050003051758,201.360000610352,110845800,169.337707519531
"2016-01-06",198.339996337891,200.059997558594,197.600006103516,198.820007324219,152112600,167.201629638672
"2016-01-07",195.330001831055,197.440002441406,193.589996337891,194.050003051758,213436100,163.190185546875
"2016-01-08",195.190002441406,195.850006103516,191.580001831055,191.919998168945,209817200,161.398941040039
"2016-01-11",193.009994506836,193.410003662109,189.820007324219,192.110000610352,187941300,161.558715820312
"2016-01-12",193.820007324219,194.550003051758,191.139999389648,193.660003662109,172330500,162.862197875977
"2016-01-13",194.449996948242,194.860000610352,188.380004882812,188.830001831055,221168900,158.800384521484
"2016-01-14",189.550003051758,193.259994506836,187.660003662109,191.929992675781,240795600,161.407363891602
"2016-01-15",186.770004272461,188.759994506836,185.520004272461,187.809997558594,324846400,157.94255065918
"2016-01-19",189.960006713867,190.110000610352,186.199996948242,188.059997558594,195244400,158.152801513672
"2016-01-20",185.029998779297,187.5,181.020004272461,185.649993896484,286547800,156.126098632812
"2016-01-21",186.210006713867,188.869995117188,184.639999389648,186.690002441406,195772900,157.000671386719
"2016-01-22",189.779998779297,190.759994506836,188.880004882812,190.520004272461,168319600,160.221588134766
"2016-01-25",189.919998168945,190.149993896484,187.410003662109,187.639999389648,130371700,157.799575805664
"2016-01-26",188.419998168945,190.529998779297,188.020004272461,190.199996948242,141036800,159.95246887207
"2016-01-27",189.580001831055,191.559997558594,187.059997558594,188.130004882812,185681700,158.211669921875
"2016-01-28",189.960006713867,190.199996948242,187.160003662109,189.110000610352,143798800,159.035797119141
"2016-01-29",190.020004272461,193.880004882812,189.880004882812,193.720001220703,210529300,162.912689208984
"2016-02-01",192.529998779297,194.580001831055,191.839996337891,193.649993896484,136061600,162.853744506836
"2016-02-02",191.960006713867,191.970001220703,189.539993286133,190.160003662109,182564900,159.918823242188
"2016-02-03",191.410003662109,191.779998779297,187.100006103516,191.300003051758,205054900,160.877532958984
"2016-02-04",190.710006713867,192.75,189.960006713867,191.600006103516,139531800,161.129867553711
"2016-02-05",190.990005493164,191.669998168945,187.199996948242,187.949996948242,180788300,158.060302734375
"2016-02-08",185.770004272461,186.119995117188,182.800003051758,185.419998168945,191526700,155.9326171875
"2016-02-09",183.360000610352,186.940002441406,183.199996948242,185.429992675781,184513100,155.941024780273
"2016-02-10",186.410003662109,188.339996337891,185.119995117188,185.270004272461,148214100,155.806457519531
"2016-02-11",182.339996337891,184.100006103516,181.089996337891,182.860000610352,219058900,153.779739379883
"2016-02-12",184.960006713867,186.649993896484,183.960006713867,186.630004882812,127632400,156.950164794922
"2016-02-16",188.770004272461,189.809997558594,187.630004882812,189.779998779297,120250700,159.599243164062
"2016-02-17",191.160003662109,193.320007324219,191.009994506836,192.880004882812,136009500,162.206237792969
"2016-02-18",193.199996948242,193.270004272461,191.720001220703,192.089996337891,102343000,161.541900634766
"2016-02-19",191.169998168945,192.179992675781,190.449996948242,192,114793000,161.466201782227
"2016-02-22",193.869995117188,194.949996948242,193.789993286133,194.779998779297,103640300,163.804061889648
"2016-02-23",194,194.320007324219,192.179992675781,192.320007324219,111455300,161.735321044922
"2016-02-24",190.630004882812,193.529998779297,189.320007324219,193.199996948242,150812200,162.475387573242
"2016-02-25",193.729995727539,195.550003051758,192.830001831055,195.539993286133,110728300,164.443252563477
"2016-02-26",196.570007324219,196.679992675781,194.899993896484,195.089996337891,129833700,164.064819335938
"2016-02-29",195.110000610352,196.229995727539,193.330001831055,193.559997558594,125918100,162.778137207031
"2016-03-01",195.009994506836,198.210006713867,194.449996948242,198.110000610352,141799700,166.604537963867
"2016-03-02",197.740005493164,199.059997558594,197.25,199,102415000,167.35302734375
"2016-03-03",198.789993286133,199.800003051758,198.110000610352,199.779998779297,95172200,168.009002685547
"2016-03-04",200.009994506836,201.350006103516,199.029998779297,200.429992675781,129293600,168.555633544922
"2016-03-07",199.339996337891,201.070007324219,199.25,200.589996337891,100219000,168.690124511719
"2016-03-08",199.320007324219,199.919998168945,198.210006713867,198.399993896484,123974900,166.848388671875
"2016-03-09",199.360000610352,199.789993286133,198.429992675781,199.380004882812,94801200,167.672500610352
"2016-03-10",199.960006713867,201.070007324219,197.380004882812,199.539993286133,156838700,167.807174682617
"2016-03-11",201.259994506836,202.809997558594,199.520004272461,202.759994506836,137964500,170.515014648438
"2016-03-14",202.160003662109,203.039993286133,201.770004272461,202.5,73612000,170.296310424805
"2016-03-15",201.360000610352,202.529998779297,201.050003051758,202.169998168945,93169100,170.018890380859
"2016-03-16",201.600006103516,203.820007324219,201.550003051758,203.339996337891,129303200,171.002838134766
"2016-03-17",203.240005493164,205.229995727539,202.770004272461,204.630004882812,134278500,172.087692260742
"2016-03-18",204.169998168945,204.779998779297,203.800003051758,204.380004882812,138372400,172.763931274414
"2016-03-21",204.070007324219,204.940002441406,203.800003051758,204.669998168945,72926700,173.009048461914
"2016-03-22",203.759994506836,205.229995727539,203.570007324219,204.559997558594,97471900,172.916091918945
"2016-03-23",204.110000610352,204.330001831055,203.009994506836,203.210006713867,81052500,171.774948120117
"2016-03-24",202,203.160003662109,201.740005493164,203.119995117188,84360900,171.698776245117
"2016-03-28",203.610000610352,203.860000610352,202.710006713867,203.240005493164,62408200,171.800216674805
"2016-03-29",202.759994506836,205.25,202.399993896484,205.119995117188,92922900,173.389434814453
"2016-03-30",206.300003051758,206.869995117188,205.589996337891,206.020004272461,86365300,174.150238037109
"2016-03-31",205.910003662109,206.410003662109,205.330001831055,205.520004272461,94584100,173.727569580078
"2016-04-01",204.350006103516,207.139999389648,203.979995727539,206.919998168945,114423500,174.91096496582
"2016-04-04",206.830001831055,207.070007324219,205.889999389648,206.25,63497000,174.344635009766
"2016-04-05",204.669998168945,206.259994506836,203.889999389648,204.190002441406,99662200,172.603256225586
"2016-04-06",204.190002441406,206.490005493164,203.979995727539,206.419998168945,91839800,174.488357543945
"2016-04-07",205.139999389648,205.559997558594,203.089996337891,203.949996948242,113859000,172.400405883789
"2016-04-08",205.339996337891,205.850006103516,203.869995117188,204.5,95040600,172.865356445312
"2016-04-11",205.25,206.070007324219,203.910003662109,204.020004272461,83757500,172.459548950195
"2016-04-12",204.220001220703,206.25,203.699996948242,205.919998168945,115350600,174.065719604492
"2016-04-13",207,208.100006103516,206.839996337891,208,96336400,175.823867797852
"2016-04-14",208.070007324219,208.600006103516,207.600006103516,208.009994506836,65212900,175.832336425781
"2016-04-15",208.009994506836,208.169998168945,207.399993896484,207.779998779297,75761600,175.637954711914
"2016-04-18",207.779998779297,209.279998779297,207,209.240005493164,82531000,176.872100830078
"2016-04-19",209.740005493164,210.199996948242,208.940002441406,209.899993896484,88316100,177.429992675781
"2016-04-20",209.949996948242,210.919998168945,209.389999389648,210.100006103516,81100300,177.599090576172
"2016-04-21",210.119995117188,210.25,208.649993896484,208.970001220703,85695000,176.643844604492
"2016-04-22",208.550003051758,209.289993286133,207.910003662109,208.970001220703,99251700,176.643844604492
"2016-04-25",208.259994506836,208.660003662109,207.539993286133,208.610000610352,66166500,176.33952331543
"2016-04-26",209.039993286133,209.520004272461,208.360000610352,208.919998168945,75864200,176.601593017578
"2016-04-27",208.470001220703,209.809997558594,208.050003051758,209.350006103516,77329400,176.965133666992
"2016-04-28",208.460006713867,209.759994506836,206.960006713867,207.449996948242,97216200,175.358993530273
"2016-04-29",206.720001220703,207.130004882812,205.029998779297,206.330001831055,142424100,174.412261962891
"2016-05-02",206.919998168945,208.179992675781,206.410003662109,207.970001220703,62188000,175.798553466797
"2016-05-03",206.520004272461,206.800003051758,205.279998779297,206.160003662109,106422100,174.268524169922
"2016-05-04",204.990005493164,205.850006103516,204.419998168945,205.009994506836,92243800,173.296401977539
"2016-05-05",205.559997558594,205.979995727539,204.470001220703,204.970001220703,67619200,173.262664794922
"2016-05-06",204.059997558594,205.770004272461,203.880004882812,205.720001220703,89315000,173.896575927734
"2016-05-09",205.570007324219,206.399993896484,205.360000610352,205.889999389648,74374900,174.040328979492
"2016-05-10",206.720001220703,208.470001220703,206.639999389648,208.449996948242,77472200,176.204330444336
"2016-05-11",207.910003662109,208.539993286133,206.5,206.5,81727000,174.555938720703
"2016-05-12",207.289993286133,207.490005493164,205.369995117188,206.559997558594,89586300,174.606643676758
"2016-05-13",206.210006713867,206.860000610352,204.380004882812,204.759994506836,96474600,173.08512878418
"2016-05-16",204.960006713867,207.339996337891,204.889999389648,206.779998779297,77486800,174.792633056641
"2016-05-17",206.460006713867,206.800003051758,204.229995727539,204.850006103516,114924900,173.161239624023
"2016-05-18",204.440002441406,206.300003051758,203.630004882812,204.910003662109,120062100,173.211898803711
"2016-05-19",204.059997558594,204.539993286133,202.779998779297,204.199996948242,115430500,172.611740112305
"2016-05-20",204.919998168945,206.100006103516,204.860000610352,205.490005493164,104990400,173.702224731445
"2016-05-23",205.509994506836,205.839996337891,204.990005493164,205.210006713867,58682600,173.465484619141
"2016-05-24",206.169998168945,208.240005493164,206.139999389648,207.869995117188,93537800,175.714019775391
"2016-05-25",208.669998168945,209.770004272461,207.869995117188,209.279998779297,76621400,176.905899047852
"2016-05-26",209.440002441406,209.710006713867,208.970001220703,209.339996337891,55280700,176.956634521484
"2016-05-27",209.529998779297,210.25,209.470001220703,210.240005493164,64211200,177.717391967773
"2016-05-31",210.559997558594,210.690002441406,209.179992675781,209.839996337891,109879400,177.379287719727
"2016-06-01",209.119995117188,210.479995727539,208.889999389648,210.270004272461,69936200,177.742736816406
"2016-06-02",209.800003051758,210.929992675781,209.240005493164,210.910003662109,63044700,178.283767700195
"2016-06-03",210.25,210.690002441406,208.860000610352,210.279998779297,101757100,177.751220703125
"2016-06-06",210.699996948242,211.770004272461,210.509994506836,211.350006103516,64887000,178.655715942383
"2016-06-07",211.529998779297,212.339996337891,211.5,211.679992675781,60974800,178.934631347656
"2016-06-08",211.839996337891,212.520004272461,211.690002441406,212.369995117188,66170900,179.517913818359
"2016-06-09",211.509994506836,212.220001220703,211.190002441406,212.080001831055,73786900,179.27278137207
"2016-06-10",210.460006713867,210.860000610352,209.429992675781,210.070007324219,113829200,177.57373046875
"2016-06-13",209.360000610352,210.369995117188,208.350006103516,208.449996948242,117751200,176.204330444336
"2016-06-14",208,208.740005493164,206.919998168945,208.039993286133,125059300,175.857696533203
"2016-06-15",208.039993286133,209.360000610352,207.529998779297,207.75,109124500,175.612579345703
"2016-06-16",207.75,208.570007324219,205.589996337891,208.369995117188,149533100,176.136688232422
"2016-06-17",207.169998168945,207.199996948242,205.75,206.520004272461,117055700,175.480728149414
"2016-06-20",208.820007324219,209.610000610352,207.75,207.850006103516,82789600,176.610763549805
"2016-06-21",208.300003051758,208.919998168945,207.779998779297,208.440002441406,72461700,177.11213684082
"2016-06-22",208.649993896484,209.5,207.929992675781,208.100006103516,95560500,176.823226928711
"2016-06-23",209.809997558594,210.869995117188,209.270004272461,210.809997558594,102731400,179.125930786133
"2016-06-24",203.630004882812,210.850006103516,202.720001220703,203.240005493164,333444400,172.693649291992
"2016-06-27",201.589996337891,201.600006103516,198.649993896484,199.600006103516,230775800,169.60075378418
"2016-06-28",201.479995727539,203.229995727539,201.119995117188,203.199996948242,159382400,172.659683227539
"2016-06-29",204.839996337891,206.929992675781,204.720001220703,206.660003662109,137328600,175.599685668945
"2016-06-30",207.210006713867,209.539993286133,206.559997558594,209.479995727539,165021900,177.995819091797
"2016-07-01",209.479995727539,210.490005493164,209.289993286133,209.919998168945,106055300,178.369705200195
"2016-07-05",208.949996948242,209.080001831055,207.710006713867,208.410003662109,109803700,177.086624145508
"2016-07-06",207.830001831055,209.800003051758,207.059997558594,209.660003662109,96021500,178.148773193359
"2016-07-07",209.869995117188,210.649993896484,208.630004882812,209.529998779297,85593800,178.038314819336
"2016-07-08",211.050003051758,212.940002441406,210.779998779297,212.649993896484,133971000,180.689392089844
"2016-07-11",213.190002441406,214.070007324219,212.949996948242,213.399993896484,73633900,181.326690673828
"2016-07-12",214.529998779297,215.300003051758,213.429992675781,214.949996948242,101275600,182.643707275391
"2016-07-13",215.440002441406,215.449996948242,214.350006103516,214.919998168945,87324100,182.618255615234
"2016-07-14",216.399993896484,216.669998168945,215.660003662109,216.119995117188,91230900,183.637878417969
"2016-07-15",216.779998779297,217.009994506836,215.309997558594,215.830001831055,107155400,183.391510009766
"2016-07-18",215.970001220703,216.600006103516,215.669998168945,216.410003662109,58725900,183.884292602539
"2016-07-19",215.919998168945,216.229995727539,215.630004882812,216.190002441406,54345700,183.697357177734
"2016-07-20",216.190002441406,217.369995117188,216.190002441406,217.089996337891,58159500,184.462066650391
"2016-07-21",216.960006713867,217.220001220703,215.75,216.270004272461,67777300,183.765319824219
"2016-07-22",216.410003662109,217.300003051758,216.100006103516,217.240005493164,62787500,184.589538574219
"2016-07-25",217,217.059997558594,215.970001220703,216.649993896484,55873100,184.08821105957
"2016-07-26",216.529998779297,217.169998168945,215.759994506836,216.75,70080500,184.17317199707
"2016-07-27",217.190002441406,217.270004272461,215.619995117188,216.520004272461,84083900,183.977737426758
"2016-07-28",216.289993286133,217.110000610352,215.75,216.770004272461,65035700,184.190185546875
"2016-07-29",216.460006713867,217.539993286133,216.130004882812,217.119995117188,79519400,184.487548828125
"2016-08-01",217.190002441406,217.649993896484,216.410003662109,216.940002441406,73311400,184.334625244141
"2016-08-02",216.649993896484,216.830001831055,214.570007324219,215.550003051758,92295500,183.153503417969
"2016-08-03",215.479995727539,216.25,215.130004882812,216.179992675781,53993600,183.688827514648
"2016-08-04",216.309997558594,216.779998779297,214.25,216.410003662109,46585500,183.884292602539
"2016-08-05",216.410003662109,218.229995727539,216.410003662109,218.179992675781,71892200,185.388229370117
"2016-08-08",218.399993896484,218.520004272461,217.740005493164,218.050003051758,39906500,185.277801513672
"2016-08-09",218.130004882812,218.759994506836,217.800003051758,218.179992675781,51251700,185.388229370117
"2016-08-10",218.309997558594,218.399993896484,217.229995727539,217.639999389648,57941100,184.929382324219
"2016-08-11",218.259994506836,218.940002441406,217.949996948242,218.649993896484,72504300,185.787643432617
"2016-08-12",218.289993286133,218.710006713867,217.990005493164,218.460006713867,61313500,185.626174926758
"2016-08-15",218.889999389648,219.5,218.880004882812,219.089996337891,49813500,186.161483764648
"2016-08-16",218.600006103516,218.679992675781,217.960006713867,217.960006713867,53213600,185.201309204102
"2016-08-17",218,218.529998779297,217.020004272461,218.369995117188,75134300,185.549728393555
"2016-08-18",218.339996337891,218.899993896484,218.210006713867,218.860000610352,52989300,185.966049194336
"2016-08-19",218.309997558594,218.75,217.740005493164,218.539993286133,75443000,185.694152832031
"2016-08-22",218.259994506836,218.800003051758,217.830001831055,218.529998779297,61368800,185.685653686523
"2016-08-23",219.25,219.600006103516,218.899993896484,218.970001220703,53399200,186.059509277344
"2016-08-24",218.800003051758,218.910003662109,217.360000610352,217.850006103516,71728900,185.107833862305
"2016-08-25",217.399993896484,218.190002441406,217.220001220703,217.699996948242,69224800,184.980377197266
"2016-08-26",217.919998168945,219.119995117188,216.25,217.289993286133,122506300,184.632019042969
"2016-08-29",217.440002441406,218.669998168945,217.399993896484,218.360000610352,70502200,185.54118347168
"2016-08-30",218.259994506836,218.589996337891,217.350006103516,218,58114500,185.235305786133
"2016-08-31",217.610000610352,217.75,216.470001220703,217.380004882812,85269500,184.708511352539
"2016-09-01",217.369995117188,217.729995727539,216.029998779297,217.389999389648,97844200,184.71696472168
"2016-09-02",218.389999389648,218.869995117188,217.699996948242,218.369995117188,79293900,185.549728393555
"2016-09-06",218.699996948242,219.119995117188,217.860000610352,219.029998779297,56702100,186.110549926758
"2016-09-07",218.839996337891,219.220001220703,218.300003051758,219.009994506836,76554900,186.093521118164
"2016-09-08",218.619995117188,218.940002441406,218.149993896484,218.509994506836,74102900,185.668655395508
"2016-09-09",216.970001220703,217.029998779297,213.25,213.279998779297,221589100,181.224716186523
"2016-09-12",212.389999389648,216.809997558594,212.309997558594,216.339996337891,168110900,183.824813842773
"2016-09-13",214.839996337891,215.149993896484,212.5,213.229995727539,182828800,181.182235717773
"2016-09-14",213.289993286133,214.699996948242,212.5,213.149993896484,134185500,181.114212036133
"2016-09-15",212.960006713867,215.729995727539,212.75,215.279998779297,134427900,182.924163818359
"2016-09-16",213.479995727539,213.690002441406,212.570007324219,213.369995117188,155236400,182.216979980469
"2016-09-19",214.130004882812,214.880004882812,213.029998779297,213.410003662109,80250500,182.251190185547
"2016-09-20",214.410003662109,214.589996337891,213.380004882812,213.419998168945,69665300,182.259658813477
"2016-09-21",214.240005493164,216.029998779297,213.440002441406,215.820007324219,110284400,184.309310913086
"2016-09-22",217,217.529998779297,216.710006713867,217.179992675781,76678700,185.470764160156
"2016-09-23",216.720001220703,216.880004882812,215.880004882812,215.990005493164,73630900,184.454467773438
"2016-09-26",215.020004272461,215.229995727539,214.009994506836,214.240005493164,89827300,182.959945678711
"2016-09-27",214.050003051758,215.679992675781,213.619995117188,215.570007324219,78494800,184.095779418945
"2016-09-28",215.830001831055,216.820007324219,214.710006713867,216.639999389648,87411000,185.009567260742
"2016-09-29",216.399993896484,216.869995117188,214.039993286133,214.679992675781,128070600,183.335708618164
"2016-09-30",215.649993896484,217.119995117188,215.360000610352,216.300003051758,117202900,184.719207763672
"2016-10-03",215.820007324219,216.039993286133,215.039993286133,215.779998779297,83512100,184.275131225586
"2016-10-04",215.910003662109,216.169998168945,213.990005493164,214.679992675781,119948100,183.335708618164
"2016-10-05",215.410003662109,216.130004882812,215.330001831055,215.630004882812,72816000,184.14697265625
"2016-10-06",215.369995117188,216.039993286133,214.740005493164,215.779998779297,62927400,184.275131225586
"2016-10-07",216.100006103516,216.300003051758,214.190002441406,215.039993286133,89788300,183.643203735352
"2016-10-10",216.160003662109,216.699996948242,215.990005493164,216.160003662109,51855000,184.599609375
"2016-10-11",215.660003662109,215.740005493164,212.580001831055,213.429992675781,130367400,182.26823425293
"2016-10-12",213.589996337891,214.320007324219,213.009994506836,213.710006713867,73866100,182.507369995117
"2016-10-13",212.160003662109,213.589996337891,211.210006713867,213.009994506836,101357000,181.909561157227
"2016-10-14",214.149993896484,214.690002441406,213.029998779297,213.119995117188,93346200,182.003494262695
"2016-10-17",213.089996337891,213.389999389648,212.169998168945,212.380004882812,58275700,181.37158203125
"2016-10-18",214.240005493164,214.309997558594,213.270004272461,213.710006713867,76869700,182.507369995117
"2016-10-19",214.020004272461,214.639999389648,213.600006103516,214.279998779297,66519200,182.994155883789
"2016-10-20",213.869995117188,214.529998779297,213.110000610352,213.880004882812,73639800,182.652542114258
"2016-10-21",213.880004882812,214.080001831055,212.759994506836,213.979995727539,89089100,182.737976074219
"2016-10-24",215,215.320007324219,214.479995727539,214.889999389648,60146600,183.515060424805
"2016-10-25",214.679992675781,214.979995727539,213.979995727539,214.169998168945,66542300,182.900238037109
"2016-10-26",213.210006713867,214.419998168945,212.929992675781,213.740005493164,75705500,182.533004760742
"2016-10-27",214.580001831055,214.619995117188,213.080001831055,213.169998168945,77220200,182.04621887207
"2016-10-28",213.139999389648,213.929992675781,211.710006713867,212.539993286133,140623200,181.508239746094
"2016-10-31",212.929992675781,213.190002441406,212.360000610352,212.550003051758,61272500,181.516708374023
"2016-11-01",212.929992675781,212.990005493164,209.600006103516,211.009994506836,122781800,180.201538085938
"2016-11-02",210.649993896484,211.100006103516,209.229995727539,209.740005493164,103330800,179.117004394531
"2016-11-03",209.990005493164,210.240005493164,208.460006713867,208.779998779297,88939300,178.297134399414
"2016-11-04",208.910003662109,209.889999389648,208.380004882812,208.550003051758,109122100,178.10075378418
"2016-11-07",208.550003051758,213.190002441406,208.550003051758,213.149993896484,109794900,182.029113769531
"2016-11-08",212.690002441406,214.770004272461,212.380004882812,214.110000610352,106772100,182.848937988281
"2016-11-09",212.369995117188,217.100006103516,212.339996337891,216.380004882812,258429000,184.787536621094
"2016-11-10",217.300003051758,218.309997558594,215.220001220703,216.919998168945,172113300,185.24870300293
"2016-11-11",216.080001831055,216.699996948242,215.320007324219,216.419998168945,100552700,184.821716308594
"2016-11-14",217.029998779297,217.270004272461,215.720001220703,216.589996337891,94580000,184.966873168945
"2016-11-15",217.039993286133,218.279998779297,216.800003051758,218.279998779297,91652600,186.410110473633
"2016-11-16",217.559997558594,218.139999389648,217.419998168945,217.869995117188,65617700,186.059921264648
"2016-11-17",218.050003051758,219.059997558594,217.919998168945,218.990005493164,69797200,187.016448974609
"2016-11-18",219.070007324219,219.270004272461,218.289993286133,218.5,86265800,186.598007202148
"2016-11-21",219.169998168945,220.179992675781,219,220.149993896484,72402600,188.007049560547
"2016-11-22",220.509994506836,220.789993286133,219.729995727539,220.580001831055,67429000,188.374328613281
"2016-11-23",219.979995727539,220.759994506836,219.75,220.699996948242,56620200,188.47673034668
"2016-11-25",221.100006103516,221.559997558594,221.009994506836,221.520004272461,37872300,189.177047729492
"2016-11-28",221.160003662109,221.479995727539,220.360000610352,220.479995727539,76572500,188.288864135742
"2016-11-29",220.520004272461,221.440002441406,220.169998168945,220.910003662109,69886700,188.656158447266
"2016-11-30",221.630004882812,221.820007324219,220.309997558594,220.380004882812,113291800,188.203475952148
"2016-12-01",220.729995727539,220.729995727539,219.149993896484,219.570007324219,79040500,187.511810302734
"2016-12-02",219.669998168945,220.25,219.259994506836,219.679992675781,74840300,187.605728149414
"2016-12-05",220.649993896484,221.399993896484,220.419998168945,221,67837800,188.733016967773
"2016-12-06",221.220001220703,221.740005493164,220.660003662109,221.699996948242,59877400,189.330764770508
"2016-12-07",221.520004272461,224.669998168945,221.380004882812,224.600006103516,110738100,191.807388305664
"2016-12-08",224.570007324219,225.699996948242,224.259994506836,225.149993896484,99714400,192.277069091797
"2016-12-09",225.410003662109,226.529998779297,225.369995117188,226.509994506836,88005800,193.4384765625
"2016-12-12",226.399993896484,226.960006713867,225.759994506836,226.25,102016100,193.216400146484
"2016-12-13",227.020004272461,228.339996337891,227,227.759994506836,110477500,194.505981445312
"2016-12-14",227.410003662109,228.229995727539,225.369995117188,225.880004882812,142501800,192.900512695312
"2016-12-15",226.160003662109,227.809997558594,225.889999389648,226.809997558594,124972600,193.694671630859
"2016-12-16",226.009994506836,226.080001831055,224.669998168945,225.039993286133,156420200,193.315826416016
"2016-12-19",225.25,226.020004272461,225.080001831055,225.529998779297,90341100,193.736785888672
"2016-12-20",226.149993896484,226.570007324219,225.880004882812,226.399993896484,89838800,194.484130859375
"2016-12-21",226.25,226.449996948242,225.770004272461,225.770004272461,67909000,193.942962646484
"2016-12-22",225.600006103516,225.740005493164,224.919998168945,225.380004882812,56219100,193.60791015625
"2016-12-23",225.429992675781,225.720001220703,225.210006713867,225.710006713867,36697800,193.891464233398
"2016-12-27",226.020004272461,226.729995727539,226,226.270004272461,42672500,194.372451782227
"2016-12-28",226.570007324219,226.589996337891,224.270004272461,224.399993896484,64095000,192.766082763672
"2016-12-29",224.479995727539,224.889999389648,223.839996337891,224.350006103516,48696100,192.72314453125
"2016-12-30",224.729995727539,224.830001831055,222.729995727539,223.529998779297,108998300,192.018753051758
"2017-01-03",225.039993286133,225.830001831055,223.880004882812,225.240005493164,91366500,193.487716674805
"2017-01-04",225.619995117188,226.75,225.610000610352,226.580001831055,78744400,194.638778686523
"2017-01-05",226.270004272461,226.580001831055,225.479995727539,226.399993896484,78379000,194.484130859375
"2017-01-06",226.529998779297,227.75,225.899993896484,227.210006713867,71559900,195.179992675781
"2017-01-09",226.910003662109,227.070007324219,226.419998168945,226.460006713867,46939700,194.535720825195
"2017-01-10",226.479995727539,227.449996948242,226.009994506836,226.460006713867,63771900,194.535720825195
"2017-01-11",226.360000610352,227.100006103516,225.589996337891,227.100006103516,74650000,195.08544921875
"2017-01-12",226.5,226.75,224.960006713867,226.529998779297,72113200,194.595825195312
"2017-01-13",226.729995727539,227.399993896484,226.690002441406,227.050003051758,62717900,195.042465209961
"2017-01-17",226.309997558594,226.779998779297,225.800003051758,226.25,61240800,194.355255126953
"2017-01-18",226.539993286133,226.800003051758,225.899993896484,226.75,54793300,194.784851074219
"2017-01-19",226.839996337891,227,225.410003662109,225.910003662109,66608800,194.063232421875
"2017-01-20",226.699996948242,227.309997558594,225.970001220703,226.740005493164,129168600,194.776229858398
"2017-01-23",226.740005493164,226.809997558594,225.270004272461,226.149993896484,75061600,194.269378662109
"2017-01-24",226.399993896484,228.080001831055,226.270004272461,227.600006103516,95555300,195.51496887207
"2017-01-25",228.699996948242,229.570007324219,228.509994506836,229.570007324219,84437700,197.207290649414
"2017-01-26",229.399993896484,229.710006713867,229.009994506836,229.330001831055,59970700,197.001129150391
"2017-01-27",229.419998168945,229.589996337891,228.759994506836,228.970001220703,59711100,196.691818237305
"2017-01-30",228.169998168945,228.199996948242,226.410003662109,227.550003051758,79737300,195.471969604492
"2017-01-31",226.979995727539,227.600006103516,226.320007324219,227.529998779297,75880800,195.454849243164
"2017-02-01",227.529998779297,228.589996337891,226.940002441406,227.619995117188,79117700,195.532180786133
"2017-02-02",227.619995117188,228.100006103516,226.820007324219,227.770004272461,69657600,195.661026000977
"2017-02-03",228.820007324219,229.550003051758,228.460006713867,229.339996337891,80563200,197.009689331055
"2017-02-06",228.869995117188,229.330001831055,228.539993286133,228.929992675781,57790100,196.657470703125
"2017-02-07",229.380004882812,229.660003662109,228.720001220703,228.940002441406,57931200,196.666091918945
"2017-02-08",228.940002441406,229.389999389648,228.309997558594,229.240005493164,51566200,196.923782348633
"2017-02-09",229.240005493164,230.949996948242,229.240005493164,230.600006103516,65955200,198.092056274414
"2017-02-10",231,231.770004272461,230.619995117188,231.509994506836,66015900,198.873809814453
"2017-02-13",232.080001831055,233.070007324219,232.050003051758,232.770004272461,55182100,199.956192016602
"2017-02-14",232.559997558594,233.710006713867,232.160003662109,233.699996948242,71109000,200.755065917969
"2017-02-15",233.449996948242,235.139999389648,233.389999389648,234.919998168945,86785800,201.803039550781
"2017-02-16",234.949996948242,235.160003662109,233.850006103516,234.720001220703,84722400,201.631240844727
"2017-02-17",233.949996948242,235.089996337891,233.929992675781,235.089996337891,77204100,201.949081420898
"2017-02-21",235.520004272461,236.690002441406,235.509994506836,236.490005493164,88946100,203.151733398438
"2017-02-22",236.020004272461,236.539993286133,235.830001831055,236.279998779297,62115200,202.971343994141
"2017-02-23",236.880004882812,236.899993896484,235.559997558594,236.440002441406,74615900,203.108795166016
"2017-02-24",235.460006713867,236.789993286133,235.410003662109,236.740005493164,82381600,203.36653137207
"2017-02-27",236.639999389648,237.309997558594,236.350006103516,237.110000610352,56515400,203.684371948242
"2017-02-28",236.669998168945,236.949996948242,236.020004272461,236.470001220703,96961900,203.134567260742
"2017-03-01",238.389999389648,240.320007324219,238.369995117188,239.779998779297,149158200,205.977951049805
"2017-03-02",239.559997558594,239.570007324219,238.210006713867,238.270004272461,70246000,204.680847167969
"2017-03-03",238.169998168945,238.610000610352,237.729995727539,238.419998168945,81974300,204.809631347656
"2017-03-06",237.5,238.119995117188,237.009994506836,237.710006713867,55391500,204.199737548828
"2017-03-07",237.360000610352,237.770004272461,236.759994506836,237,65103700,203.589889526367
"2017-03-08",237.339996337891,237.639999389648,236.399993896484,236.559997558594,78168800,203.211898803711
"2017-03-09",236.699996948242,237.240005493164,235.740005493164,236.860000610352,90683900,203.469573974609
"2017-03-10",237.970001220703,238.020004272461,236.589996337891,237.690002441406,81991700,204.182571411133
"2017-03-13",237.619995117188,237.860000610352,237.240005493164,237.809997558594,57256800,204.285690307617
"2017-03-14",237.179992675781,237.240005493164,236.190002441406,236.899993896484,59880800,203.504013061523
"2017-03-15",237.559997558594,239.440002441406,237.289993286133,238.949996948242,96081800,205.264984130859
"2017-03-16",239.110000610352,239.199996948242,238.100006103516,238.479995727539,78344000,204.861190795898
"2017-03-17",237.75,237.970001220703,237.029998779297,237.029998779297,89002100,204.501419067383
"2017-03-20",237.029998779297,237.360000610352,236.320007324219,236.770004272461,52537000,204.277130126953
"2017-03-21",237.470001220703,237.610000610352,233.580001831055,233.729995727539,131809300,201.654312133789
"2017-03-22",233.770004272461,234.610000610352,233.050003051758,234.279998779297,97569200,202.128845214844
"2017-03-23",234.279998779297,235.339996337891,233.600006103516,234.029998779297,100410300,201.913131713867
"2017-03-24",234.380004882812,235.039993286133,232.960006713867,233.860000610352,112504900,201.766479492188
"2017-03-27",231.929992675781,233.919998168945,231.610000610352,233.619995117188,87454500,201.559432983398
"2017-03-28",233.270004272461,235.809997558594,233.139999389648,235.320007324219,93483900,203.026092529297
"2017-03-29",234.990005493164,235.809997558594,234.729995727539,235.539993286133,61950400,203.215911865234
"2017-03-30",235.470001220703,236.520004272461,235.270004272461,236.289993286133,56737900,203.862991333008
"2017-03-31",235.899993896484,236.509994506836,235.679992675781,235.740005493164,73733100,203.38850402832
"2017-04-03",235.800003051758,236.029998779297,233.910003662109,235.330001831055,85546500,203.034729003906
"2017-04-04",235,235.580001831055,234.559997558594,235.479995727539,56466200,203.164169311523
"2017-04-05",236.259994506836,237.389999389648,234.539993286133,234.779998779297,108800600,202.560195922852
"2017-04-06",234.940002441406,236.039993286133,234.429992675781,235.440002441406,69135800,203.129623413086
"2017-04-07",235.149993896484,236,234.639999389648,235.199996948242,74412300,202.922576904297
"2017-04-10",235.360000610352,236.259994506836,234.729995727539,235.339996337891,67615300,203.043395996094
"2017-04-11",234.899993896484,235.179992675781,233.339996337891,235.059997558594,88045300,202.801773071289
"2017-04-12",234.740005493164,234.960006713867,233.770004272461,234.029998779297,81864400,201.913131713867
"2017-04-13",233.639999389648,234.490005493164,232.509994506836,232.509994506836,92880400,200.601760864258
"2017-04-17",233.110000610352,234.570007324219,232.880004882812,234.570007324219,68405400,202.379043579102
"2017-04-18",233.720001220703,234.490005493164,233.080001831055,233.869995117188,83225800,201.77507019043
"2017-04-19",234.520004272461,234.949996948242,233.179992675781,233.440002441406,68699900,201.404083251953
"2017-04-20",234.149993896484,235.850006103516,233.779998779297,235.339996337891,92572200,203.043395996094
"2017-04-21",235.25,235.309997558594,234.130004882812,234.589996337891,110389800,202.39631652832
"2017-04-24",237.179992675781,237.410003662109,234.559997558594,237.169998168945,119209900,204.622253417969
"2017-04-25",237.910003662109,238.949996948242,237.809997558594,238.550003051758,76698300,205.812850952148
"2017-04-26",238.509994506836,239.529998779297,238.350006103516,238.399993896484,84702500,205.683471679688
"2017-04-27",238.770004272461,238.949996948242,237.979995727539,238.600006103516,57410300,205.85595703125
"2017-04-28",238.899993896484,238.929992675781,237.929992675781,238.080001831055,63532800,205.407379150391
"2017-05-01",238.679992675781,239.169998168945,238.199996948242,238.679992675781,66882500,205.925018310547
"2017-05-02",238.839996337891,238.979995727539,238.300003051758,238.770004272461,57375700,206.002700805664
"2017-05-03",238.770004272461,238.880004882812,237.699996948242,238.479995727539,73137700,205.75244140625
"2017-05-04",238.830001831055,238.919998168945,237.779998779297,238.759994506836,61462700,205.994033813477
"2017-05-05",239.190002441406,239.720001220703,238.679992675781,239.699996948242,62001300,206.805053710938
"2017-05-08",239.75,239.919998168945,239.169998168945,239.660003662109,48385700,206.770523071289
"2017-05-09",239.960006713867,240.190002441406,239.039993286133,239.440002441406,51363200,206.580749511719
"2017-05-10",239.389999389648,239.869995117188,239.149993896484,239.869995117188,54293800,206.951644897461
"2017-05-11",239.350006103516,239.570007324219,238.130004882812,239.380004882812,62358300,206.528930664062
"2017-05-12",239.089996337891,239.429992675781,238.669998168945,238.979995727539,53912700,206.183807373047
"2017-05-15",239.470001220703,240.440002441406,239.449996948242,240.300003051758,61918900,207.322708129883
"2017-05-16",240.639999389648,240.669998168945,239.630004882812,240.080001831055,51241800,207.132797241211
"2017-05-17",240.080001831055,240.080001831055,235.75,235.820007324219,172174100,203.45751953125
"2017-05-18",235.729995727539,237.75,235.429992675781,236.770004272461,107047700,204.277130126953
"2017-05-19",237.330001831055,239.080001831055,237.270004272461,238.309997558594,115011400,205.605804443359
"2017-05-22",238.899993896484,239.710006713867,238.820007324219,239.520004272461,61010600,206.64973449707
"2017-05-23",239.949996948242,240.240005493164,239.509994506836,240.050003051758,48341700,207.107055664062
"2017-05-24",240.320007324219,240.729995727539,239.929992675781,240.610000610352,46927700,207.590118408203
"2017-05-25",241.199996948242,242.080001831055,240.960006713867,241.759994506836,64071700,208.58235168457
"2017-05-26",241.539993286133,241.899993896484,241.449996948242,241.710006713867,46629900,208.539215087891
"2017-05-30",241.339996337891,241.789993286133,241.160003662109,241.5,35201900,208.358001708984
"2017-05-31",241.839996337891,241.880004882812,240.639999389648,241.440002441406,91796000,208.306198120117
"2017-06-01",241.970001220703,243.380004882812,241.639999389648,243.360000610352,68962000,209.962768554688
"2017-06-02",243.419998168945,244.350006103516,243.080001831055,244.169998168945,88666100,210.66162109375
"2017-06-05",243.970001220703,244.300003051758,243.759994506836,243.990005493164,44698800,210.506271362305
"2017-06-06",243.339996337891,243.979995727539,243.119995117188,243.210006713867,50375400,209.833374023438
"2017-06-07",243.600006103516,243.919998168945,242.830001831055,243.660003662109,54144300,210.221618652344
"2017-06-08",243.770004272461,244.330001831055,243.169998168945,243.779998779297,65950700,210.325088500977
"2017-06-09",244.089996337891,245.009994506836,241.949996948242,243.410003662109,132256400,210.005889892578
"2017-06-12",243.130004882812,243.419998168945,242.380004882812,243.360000610352,86108100,209.962768554688
"2017-06-13",243.979995727539,244.610000610352,243.580001831055,244.550003051758,60067000,210.989440917969
"2017-06-14",244.860000610352,244.869995117188,243.289993286133,244.240005493164,78602300,210.722015380859
"2017-06-15",242.679992675781,243.910003662109,242.360000610352,243.770004272461,66464900,210.316482543945
"2017-06-16",242.770004272461,242.830001831055,241.630004882812,242.639999389648,84553100,210.362411499023
"2017-06-19",243.589996337891,244.729995727539,243.479995727539,244.660003662109,65123800,212.113723754883
"2017-06-20",244.25,244.259994506836,242.990005493164,243.009994506836,56906400,210.683242797852
"2017-06-21",243.460006713867,243.589996337891,242.410003662109,242.949996948242,55977600,210.631225585938
"2017-06-22",242.960006713867,243.529998779297,242.639999389648,242.839996337891,44148100,210.535842895508
"2017-06-23",242.910003662109,243.509994506836,242.470001220703,243.130004882812,66986800,210.787261962891
"2017-06-26",243.899993896484,244.380004882812,243.050003051758,243.289993286133,56700500,210.92594909668
"2017-06-27",243.039993286133,243.380004882812,241.309997558594,241.330001831055,82247700,209.226715087891
"2017-06-28",242.5,243.720001220703,242.229995727539,243.490005493164,70042600,211.099380493164
"2017-06-29",243.660003662109,243.720001220703,239.960006713867,241.350006103516,106949700,209.244064331055
"2017-06-30",242.279998779297,242.710006713867,241.580001831055,241.800003051758,86820700,209.634170532227
"2017-07-03",242.880004882812,243.380004882812,242.210006713867,242.210006713867,39153800,209.989639282227
"2017-07-05",242.630004882812,243.009994506836,241.699996948242,242.770004272461,54427600,210.475189208984
"2017-07-06",241.889999389648,242.029998779297,240.339996337891,240.550003051758,65400800,208.550430297852
"2017-07-07",241.210006713867,242.279998779297,240.559997558594,242.110000610352,57972300,209.902954101562
"2017-07-10",242.110000610352,242.800003051758,241.759994506836,242.369995117188,36663300,210.128311157227
"2017-07-11",242.369995117188,242.550003051758,240.850006103516,242.190002441406,50354600,209.972320556641
"2017-07-12",243.300003051758,244.199996948242,243.300003051758,244.009994506836,59610400,211.550201416016
"2017-07-13",244.020004272461,244.550003051758,243.759994506836,244.419998168945,39471600,211.905624389648
"2017-07-14",244.419998168945,245.970001220703,244.309997558594,245.559997558594,60262700,212.893997192383
"2017-07-17",245.470001220703,245.910003662109,245.330001831055,245.529998779297,33531900,212.86799621582
"2017-07-18",245.059997558594,245.720001220703,244.669998168945,245.660003662109,42742500,212.980697631836
"2017-07-19",246.020004272461,247,246.009994506836,246.990005493164,51034300,214.133834838867
"2017-07-20",247.279998779297,247.419998168945,246.470001220703,247.100006103516,47135200,214.229110717773
"2017-07-21",246.440002441406,246.910003662109,246.179992675781,246.880004882812,82340800,214.038436889648
"2017-07-24",246.789993286133,246.979995727539,246.279998779297,246.820007324219,46622300,213.986404418945
"2017-07-25",247.679992675781,247.800003051758,247.160003662109,247.419998168945,54915600,214.506530761719
"2017-07-26",247.75,247.789993286133,247.130004882812,247.429992675781,47575400,214.515243530273
"2017-07-27",247.960006713867,248,245.679992675781,247.199996948242,70766600,214.315887451172
"2017-07-28",246.649993896484,247.059997558594,246.130004882812,246.910003662109,50088400,214.064422607422
"2017-07-31",247.369995117188,247.479995727539,246.529998779297,246.770004272461,65838700,213.943069458008
"2017-08-01",247.460006713867,247.5,246.720001220703,247.320007324219,55050400,214.419876098633
"2017-08-02",247.470001220703,247.600006103516,246.369995117188,247.440002441406,47211200,214.523956298828
"2017-08-03",247.309997558594,247.339996337891,246.639999389648,246.960006713867,40856000,214.107727050781
"2017-08-04",247.520004272461,247.789993286133,246.970001220703,247.410003662109,60191800,214.497940063477
"2017-08-07",247.490005493164,247.869995117188,247.369995117188,247.869995117188,31995000,214.896743774414
"2017-08-08",247.509994506836,248.910003662109,246.830001831055,247.259994506836,61719400,214.367889404297
"2017-08-09",246.470001220703,247.309997558594,246.059997558594,247.25,62632600,214.359191894531
"2017-08-10",246.289993286133,246.440002441406,243.699996948242,243.759994506836,120479500,211.333435058594
"2017-08-11",244.020004272461,244.800003051758,243.75,244.119995117188,74869900,211.645568847656
"2017-08-14",245.589996337891,246.789993286133,245.550003051758,246.539993286133,73291900,213.743667602539
"2017-08-15",246.979995727539,247,246.160003662109,246.509994506836,55242700,213.717651367188
"2017-08-16",247.110000610352,247.570007324219,246.449996948242,246.940002441406,56715500,214.090393066406
"2017-08-17",246.240005493164,246.600006103516,243.089996337891,243.089996337891,128490400,210.752578735352
"2017-08-18",242.899993896484,244.190002441406,242.199996948242,242.710006713867,136748000,210.423126220703
"2017-08-21",242.639999389648,243.199996948242,241.830001831055,242.899993896484,65469700,210.587844848633
"2017-08-22",243.570007324219,245.619995117188,243.550003051758,245.440002441406,63140100,212.789962768555
"2017-08-23",244.330001831055,245.050003051758,244.160003662109,244.559997558594,50203800,212.02702331543
"2017-08-24",245,245.179992675781,243.75,243.990005493164,50741700,211.532836914062
"2017-08-25",244.899993896484,245.610000610352,244.389999389648,244.559997558594,64445900,212.02702331543
"2017-08-28",245.169998168945,245.199996948242,244.089996337891,244.570007324219,40565600,212.035705566406
"2017-08-29",243.059997558594,245.149993896484,242.929992675781,244.850006103516,51135700,212.27848815918
"2017-08-30",244.830001831055,246.320007324219,244.619995117188,246.009994506836,62030800,213.284149169922
"2017-08-31",246.720001220703,247.770004272461,246.050003051758,247.490005493164,103803900,214.567245483398
"2017-09-01",247.919998168945,248.330001831055,247.669998168945,247.839996337891,62007000,214.870712280273
"2017-09-05",247.259994506836,247.520004272461,244.949996948242,246.059997558594,91398800,213.327499389648
"2017-09-06",246.839996337891,247.279998779297,246.229995727539,246.899993896484,57916900,214.055755615234
"2017-09-07",247.25,247.270004272461,246.399993896484,246.869995117188,58034700,214.029739379883
"2017-09-08",246.539993286133,247.110000610352,246.300003051758,246.580001831055,63832800,213.778305053711
"2017-09-11",248.039993286133,249.300003051758,248.020004272461,249.210006713867,71364800,216.058456420898
"2017-09-12",249.630004882812,250.089996337891,249.419998168945,250.050003051758,56896000,216.786727905273
"2017-09-13",249.720001220703,250.210006713867,249.589996337891,250.169998168945,59228000,216.890731811523
"2017-09-14",249.800003051758,250.320007324219,249.600006103516,250.089996337891,95446300,216.821380615234
"2017-09-15",248.690002441406,249.289993286133,248.570007324219,249.190002441406,95432400,217.113296508789
"2017-09-18",249.610000610352,250.119995117188,249.279998779297,249.720001220703,46235200,217.575057983398
"2017-09-19",250,250.070007324219,249.600006103516,249.970001220703,47108100,217.792907714844
"2017-09-20",250.070007324219,250.190002441406,248.919998168945,250.059997558594,59574100,217.871292114258
"2017-09-21",249.880004882812,249.979995727539,249.190002441406,249.389999389648,48211400,217.287551879883
"2017-09-22",249.050003051758,249.630004882812,249.020004272461,249.440002441406,51214000,217.331085205078
"2017-09-25",249.149993896484,249.550003051758,248.080001831055,248.929992675781,57064400,216.886703491211
"2017-09-26",249.419998168945,249.699996948242,248.809997558594,249.080001831055,54082000,217.017486572266
"2017-09-27",249.880004882812,250.490005493164,248.869995117188,250.050003051758,81001400,217.862564086914
"2017-09-28",249.729995727539,250.440002441406,249.630004882812,250.350006103516,44778800,218.123947143555
"2017-09-29",250.339996337891,251.320007324219,250.130004882812,251.229995727539,85578000,218.890701293945
"2017-10-02",251.490005493164,252.320007324219,251.289993286133,252.320007324219,59023000,219.840438842773
"2017-10-03",252.320007324219,252.889999389648,252.229995727539,252.860000610352,66810200,220.310852050781
"2017-10-04",252.690002441406,253.440002441406,252.559997558594,253.160003662109,55953600,220.572219848633
"2017-10-05",253.539993286133,254.679992675781,253.199996948242,254.660003662109,63522800,221.879119873047
"2017-10-06",254.149993896484,254.699996948242,253.850006103516,254.369995117188,80646000,221.62646484375
"2017-10-09",254.630004882812,254.699996948242,253.649993896484,253.949996948242,35803100,221.260498046875
"2017-10-10",254.600006103516,255.050003051758,253.979995727539,254.619995117188,43057400,221.844314575195
"2017-10-11",254.509994506836,255.020004272461,254.320007324219,255.020004272461,47674300,222.192794799805
"2017-10-12",254.660003662109,255.059997558594,254.369995117188,254.639999389648,47065100,221.861709594727
"2017-10-13",255.139999389648,255.270004272461,254.639999389648,254.949996948242,54800400,222.1318359375
"2017-10-16",255.210006713867,255.509994506836,254.820007324219,255.289993286133,38221700,222.428009033203
"2017-10-17",255.229995727539,255.520004272461,254.979995727539,255.470001220703,31561000,222.584884643555
"2017-10-18",255.899993896484,255.949996948242,255.5,255.720001220703,40888300,222.802688598633
"2017-10-19",254.830001831055,255.830001831055,254.350006103516,255.789993286133,61903800,222.863677978516
"2017-10-20",256.700012207031,257.140014648438,255.770004272461,257.109985351562,89176400,224.013748168945
"2017-10-23",257.480010986328,257.510009765625,256.019989013672,256.109985351562,63915300,223.142440795898
"2017-10-24",256.600006103516,256.829986572266,256.149993896484,256.559997558594,66935900,223.534606933594
"2017-10-25",256.179992675781,256.309997558594,254,255.289993286133,103715300,222.428009033203
"2017-10-26",255.990005493164,256.299987792969,255.479995727539,255.619995117188,69798000,222.715545654297
"2017-10-27",256.470001220703,257.890014648438,255.630004882812,257.709991455078,85562500,224.536514282227
"2017-10-30",256.470001220703,257.600006103516,256.410003662109,256.75,54285700,223.700134277344
"2017-10-31",257.179992675781,257.440002441406,256.809997558594,257.149993896484,60304800,224.048599243164
"2017-11-01",258.040008544922,258.429992675781,257.070007324219,257.489990234375,54202700,224.344863891602
"2017-11-02",257.410003662109,257.75,256.190002441406,257.589996337891,56449500,224.431976318359
"2017-11-03",257.769989013672,258.5,257.299987792969,258.450012207031,59589700,225.181289672852
"2017-11-06",258.299987792969,259,258.220001220703,258.850006103516,49652600,225.529830932617
"2017-11-07",258.970001220703,259.350006103516,258.089996337891,258.670013427734,57502200,225.373016357422
"2017-11-08",258.470001220703,259.220001220703,258.149993896484,259.109985351562,50469600,225.756271362305
"2017-11-09",257.730010986328,258.390014648438,256.359985351562,258.170013427734,95085500,224.93733215332
"2017-11-10",257.730010986328,258.290008544922,257.369995117188,258.089996337891,59984700,224.867660522461
"2017-11-13",257.309997558594,258.589996337891,257.269989013672,258.329986572266,50228600,225.076705932617
"2017-11-14",257.410003662109,257.850006103516,256.519989013672,257.730010986328,61315200,224.554000854492
"2017-11-15",256.619995117188,257.220001220703,255.630004882812,256.440002441406,80811500,223.430023193359
"2017-11-16",257.519989013672,259.040008544922,257.470001220703,258.619995117188,67777000,225.329406738281
"2017-11-17",258.220001220703,258.589996337891,257.769989013672,257.859985351562,75756800,224.667205810547
"2017-11-20",258.140014648438,258.519989013672,257.859985351562,258.299987792969,48075500,225.050582885742
"2017-11-21",259.179992675781,260.200012207031,258.260009765625,259.989990234375,69176800,226.523025512695
"2017-11-22",260,260.149993896484,259.570007324219,259.760009765625,45033400,226.322708129883
"2017-11-24",260.320007324219,260.480010986328,260.160003662109,260.359985351562,27856500,226.845443725586
"2017-11-27",260.410003662109,260.75,260,260.230010986328,52274900,226.732208251953
"2017-11-28",260.760009765625,262.899993896484,260.649993896484,262.869995117188,98971700,229.032333374023
"2017-11-29",263.019989013672,263.630004882812,262.200012207031,262.709991455078,77512100,228.892929077148
"2017-11-30",263.760009765625,266.049987792969,263.670013427734,265.010009765625,127894400,230.896911621094
"2017-12-01",264.760009765625,265.309997558594,260.760009765625,264.459991455078,164390900,230.41764831543
"2017-12-04",266.309997558594,266.799987792969,264.079986572266,264.140014648438,94040600,230.138824462891
"2017-12-05",263.190002441406,265.149993896484,263.040008544922,263.190002441406,77994500,229.311065673828
"2017-12-06",263.299987792969,263.730010986328,262.709991455078,263.239990234375,75898600,229.354690551758
"2017-12-07",264.070007324219,264.429992675781,262.940002441406,264.070007324219,77218600,230.077865600586
"2017-12-08",265.160003662109,265.519989013672,264.029998779297,265.510009765625,76563900,231.332504272461
"2017-12-11",266.309997558594,266.380004882812,265.480010986328,266.309997558594,83077500,232.029495239258
"2017-12-12",267.209991455078,267.320007324219,266.350006103516,266.779998779297,85195800,232.43896484375
"2017-12-13",267.059997558594,267.559997558594,266.649993896484,266.75,102905400,232.412887573242
"2017-12-14",267.089996337891,267.220001220703,265.600006103516,265.660003662109,100666700,231.463180541992
"2017-12-15",265.450012207031,267.040008544922,265.390014648438,266.510009765625,144610300,233.390655517578
"2017-12-18",268.100006103516,268.600006103516,267.980010986328,268.200012207031,83653600,234.870697021484
"2017-12-19",268.480010986328,268.529998779297,267.089996337891,267.170013427734,82382900,233.968704223633
"2017-12-20",268.269989013672,268.329986572266,266.690002441406,267.029998779297,76751500,233.845993041992
"2017-12-21",267.739990234375,268.390014648438,267.299987792969,267.579986572266,67032300,234.327713012695
"2017-12-22",267.600006103516,267.640014648438,266.899993896484,267.510009765625,78720900,234.26643371582
"2017-12-26",267.049987792969,267.440002441406,266.890014648438,267.190002441406,45244400,233.986145019531
"2017-12-27",267.380004882812,267.730010986328,267.010009765625,267.320007324219,57751000,234.100051879883
"2017-12-28",267.890014648438,267.920013427734,267.450012207031,267.869995117188,45116100,234.581665039062
"2017-12-29",268.529998779297,268.549987792969,266.640014648438,266.859985351562,96007400,233.697113037109
"2018-01-02",267.839996337891,268.809997558594,267.399993896484,268.769989013672,86655700,235.369857788086
"2018-01-03",268.959991455078,270.640014648438,268.959991455078,270.470001220703,90070400,236.858596801758
"2018-01-04",271.200012207031,272.160003662109,270.540008544922,271.609985351562,80636400,237.856887817383
"2018-01-05",272.510009765625,273.559997558594,271.950012207031,273.420013427734,83524000,239.442001342773
"2018-01-08",273.309997558594,274.100006103516,272.980010986328,273.920013427734,57319200,239.879806518555
"2018-01-09",274.399993896484,275.25,274.079986572266,274.540008544922,57254000,240.422805786133
"2018-01-10",273.679992675781,274.420013427734,272.920013427734,274.119995117188,69574300,240.054977416992
"2018-01-11",274.75,276.119995117188,274.559997558594,276.119995117188,62361500,241.806488037109
"2018-01-12",276.420013427734,278.109985351562,276.079986572266,277.920013427734,90816100,243.382736206055
"2018-01-16",279.350006103516,280.089996337891,276.179992675781,276.970001220703,106555100,242.550827026367
"2018-01-17",278.029998779297,280.049987792969,276.970001220703,279.609985351562,113258800,244.862686157227
"2018-01-18",279.480010986328,279.959991455078,278.579986572266,279.140014648438,100728000,244.451141357422
"2018-01-19",279.799987792969,280.410003662109,279.140014648438,280.410003662109,140920100,245.563339233398
"2018-01-22",280.170013427734,282.690002441406,280.109985351562,282.690002441406,91322400,247.56005859375
"2018-01-23",282.739990234375,283.619995117188,282.369995117188,283.290008544922,97084700,248.085388183594
"2018-01-24",284.019989013672,284.700012207031,281.839996337891,283.179992675781,134816100,247.989074707031
"2018-01-25",284.160003662109,284.269989013672,282.399993896484,283.299987792969,84587300,248.094055175781
"2018-01-26",284.25,286.630004882812,283.959991455078,286.579986572266,107743100,250.966598510742
"2018-01-29",285.929992675781,286.429992675781,284.5,284.679992675781,90118300,249.302536010742
"2018-01-30",282.600006103516,284.739990234375,281.220001220703,281.760009765625,131796400,246.74560546875
"2018-01-31",282.730010986328,283.299987792969,280.679992675781,281.899993896484,108364800,246.868103027344
"2018-02-01",281.070007324219,283.059997558594,280.679992675781,281.579986572266,90102500,246.587921142578
"2018-02-02",280.079986572266,280.230010986328,275.410003662109,275.450012207031,173174800,241.219741821289
"2018-02-05",273.450012207031,275.850006103516,263.309997558594,263.929992675781,294681800,231.131301879883
"2018-02-06",259.940002441406,269.700012207031,258.700012207031,269.130004882812,355026800,235.685134887695
"2018-02-07",268.5,272.359985351562,267.579986572266,267.670013427734,167376100,234.40657043457
"2018-02-08",268.010009765625,268.170013427734,257.589996337891,257.630004882812,246449500,225.614212036133
"2018-02-09",260.799987792969,263.609985351562,252.919998168945,261.5,283565300,229.003219604492
"2018-02-12",263.829986572266,267.010009765625,261.660003662109,265.339996337891,143736000,232.366088867188
"2018-02-13",263.970001220703,266.619995117188,263.309997558594,266,81223600,232.94401550293
"2018-02-14",264.309997558594,270,264.299987792969,269.589996337891,120735700,236.087951660156
"2018-02-15",271.570007324219,273.040008544922,268.769989013672,273.029998779297,111200300,239.100402832031
"2018-02-16",272.320007324219,275.320007324219,272.269989013672,273.109985351562,160420100,239.170516967773
"2018-02-20",272.029998779297,273.670013427734,270.5,271.399993896484,86369700,237.672958374023
"2018-02-21",271.899993896484,274.720001220703,269.940002441406,270.049987792969,98883700,236.49072265625
"2018-02-22",271.100006103516,273.049987792969,269.640014648438,270.399993896484,110511300,236.797256469727
"2018-02-23",271.790008544922,274.709991455078,271.25,274.709991455078,92766400,240.571655273438
"2018-02-26",275.929992675781,278.010009765625,275.260009765625,277.899993896484,86491400,243.365280151367
"2018-02-27",278.109985351562,278.920013427734,274.359985351562,274.429992675781,99099200,240.326446533203
"2018-02-28",275.679992675781,276.190002441406,271.290008544922,271.649993896484,121907800,237.891983032227
"2018-03-01",271.410003662109,273.170013427734,266,267.700012207031,176855100,234.43278503418
"2018-03-02",265.799987792969,269.720001220703,264.820007324219,269.079986572266,139083200,235.641357421875
"2018-03-05",267.730010986328,272.890014648438,267.609985351562,272.190002441406,97307400,238.364837646484
"2018-03-06",273.299987792969,273.390014648438,271.179992675781,272.880004882812,79213200,238.969055175781
"2018-03-07",270.420013427734,273.179992675781,270.200012207031,272.779998779297,87063500,238.881484985352
"2018-03-08",273.549987792969,274.239990234375,272.420013427734,274.100006103516,66901200,240.03742980957
"2018-03-09",275.700012207031,278.869995117188,275.339996337891,278.869995117188,113625300,244.214752197266
"2018-03-12",279.200012207031,279.910003662109,278.079986572266,278.519989013672,71924800,243.908157348633
"2018-03-13",279.839996337891,280.410003662109,276.029998779297,276.720001220703,91968900,242.331924438477
"2018-03-14",277.809997558594,278.019989013672,274.670013427734,275.299987792969,105895100,241.088302612305
"2018-03-15",275.880004882812,276.609985351562,274.429992675781,275,83433000,240.82568359375
"2018-03-16",274.5,275.390014648438,274.140014648438,274.200012207031,100343700,241.086791992188
"2018-03-19",273.350006103516,274.399993896484,268.619995117188,270.489990234375,109208400,237.824829101562
"2018-03-20",270.940002441406,271.670013427734,270.179992675781,270.950012207031,59757300,238.229293823242
"2018-03-21",270.899993896484,273.269989013672,270.190002441406,270.429992675781,78709600,237.772033691406
"2018-03-22",267.910003662109,268.869995117188,263.359985351562,263.670013427734,148785900,231.828338623047
"2018-03-23",264.170013427734,264.540008544922,257.829986572266,258.049987792969,183534800,226.887084960938
"2018-03-26",262.130004882812,265.429992675781,259.410003662109,265.109985351562,141956100,233.094528198242
"2018-03-27",266.170013427734,266.769989013672,258.839996337891,260.600006103516,129941400,229.129196166992
"2018-03-28",260.75,262.640014648438,258.579986572266,259.829986572266,146452300,228.452117919922
"2018-03-29",261.119995117188,265.260009765625,259.839996337891,263.149993896484,111601600,231.371215820312
"2018-04-02",262.549987792969,263.130004882812,254.669998168945,257.470001220703,186286300,226.377136230469
"2018-04-03",258.869995117188,261.309997558594,256.839996337891,260.769989013672,119956900,229.27864074707
"2018-04-04",256.75,264.359985351562,256.600006103516,263.559997558594,123715300,231.731704711914
"2018-04-05",265.549987792969,266.640014648438,264.320007324219,265.640014648438,82652600,233.560516357422
"2018-04-06",263.420013427734,265.109985351562,258,259.720001220703,179521200,228.355361938477
"2018-04-09",261.369995117188,264.839996337891,259.940002441406,261,105442900,229.480865478516
"2018-04-10",264.269989013672,266.040008544922,262.980010986328,265.149993896484,103529000,233.129653930664
"2018-04-11",263.470001220703,265.640014648438,263.390014648438,263.760009765625,91140200,231.907516479492
"2018-04-12",265.260009765625,267,265.059997558594,265.929992675781,68890500,233.815460205078
"2018-04-13",267.410003662109,267.540008544922,264.010009765625,265.149993896484,85079200,233.129653930664
"2018-04-16",267,268.200012207031,266.070007324219,267.329986572266,63405300,235.04638671875
"2018-04-17",269.329986572266,270.869995117188,268.75,270.190002441406,64682000,237.56103515625
"2018-04-18",270.690002441406,271.299987792969,269.869995117188,270.390014648438,57303900,237.736846923828
"2018-04-19",269.649993896484,269.880004882812,267.720001220703,268.890014648438,77655900,236.417999267578
"2018-04-20",268.809997558594,269.059997558594,265.609985351562,266.609985351562,99953100,234.413330078125
"2018-04-23",267.260009765625,267.890014648438,265.350006103516,266.570007324219,65558000,234.378189086914
"2018-04-24",267.730010986328,267.980010986328,261.279998779297,262.980010986328,112885500,231.221710205078
"2018-04-25",262.910003662109,264.130004882812,260.850006103516,263.630004882812,103840900,231.793228149414
"2018-04-26",264.790008544922,267.25,264.290008544922,266.309997558594,67731900,234.149566650391
"2018-04-27",267,267.339996337891,265.5,266.559997558594,57053600,234.369369506836
"2018-04-30",267.260009765625,267.890014648438,264.429992675781,264.510009765625,82182300,232.566955566406
"2018-05-01",263.869995117188,265.100006103516,262.109985351562,264.980010986328,74203400,232.980224609375
"2018-05-02",264.760009765625,265.679992675781,262.760009765625,263.200012207031,86368900,231.415161132812
"2018-05-03",262.260009765625,263.359985351562,259.049987792969,262.619995117188,136311500,230.905197143555
"2018-05-04",261.519989013672,266.790008544922,261.149993896484,266.019989013672,91222100,233.894622802734
"2018-05-07",266.890014648438,268.019989013672,266.109985351562,266.920013427734,55304900,234.685928344727
"2018-05-08",266.5,267.329986572266,265.149993896484,266.920013427734,67499200,234.685928344727
"2018-05-09",267.679992675781,269.869995117188,267.089996337891,269.5,59666100,236.954330444336
"2018-05-10",270.339996337891,272.390014648438,270.220001220703,272.019989013672,72063900,239.169998168945
"2018-05-11",272.160003662109,273.149993896484,271.579986572266,272.850006103516,59871500,239.899810791016
"2018-05-14",273.339996337891,274.079986572266,272.359985351562,272.980010986328,54790600,240.014114379883
"2018-05-15",271.589996337891,271.609985351562,270.029998779297,271.100006103516,87036100,238.361068725586
"2018-05-16",271.140014648438,272.760009765625,271.109985351562,272.239990234375,53942600,239.36344909668
"2018-05-17",271.940002441406,273.230010986328,271.130004882812,272.010009765625,56536400,239.161270141602
"2018-05-18",271.619995117188,272.029998779297,270.929992675781,271.329986572266,64368000,238.563323974609
"2018-05-21",273.010009765625,273.980010986328,272.570007324219,273.369995117188,58025900,240.357009887695
"2018-05-22",273.959991455078,274.25,272.239990234375,272.609985351562,52966400,239.688735961914
"2018-05-23",271.170013427734,273.390014648438,270.989990234375,273.359985351562,64694200,240.348190307617
"2018-05-24",272.910003662109,273.220001220703,270.779998779297,272.799987792969,76043800,239.855865478516
"2018-05-25",272.149993896484,272.859985351562,271.579986572266,272.149993896484,56374800,239.284362792969
"2018-05-29",270.309997558594,271.170013427734,267.760009765625,269.019989013672,115908600,236.532318115234
"2018-05-30",270.5,273.109985351562,270.420013427734,272.609985351562,69678400,239.688735961914
"2018-05-31",272.149993896484,272.489990234375,270.260009765625,270.940002441406,93519900,238.220443725586
"2018-06-01",272.410003662109,273.940002441406,272.329986572266,273.600006103516,71258400,240.559204101562
"2018-06-04",274.529998779297,275.190002441406,274.260009765625,274.899993896484,45385200,241.702209472656
"2018-06-05",275.049987792969,275.529998779297,274.179992675781,275.100006103516,51135000,241.87809753418
"2018-06-06",275.790008544922,277.519989013672,275.089996337891,277.399993896484,62732200,243.900314331055
"2018-06-07",277.950012207031,278.279998779297,276.339996337891,277.369995117188,72969400,243.873947143555
"2018-06-08",276.850006103516,278.25,276.660003662109,278.190002441406,72139700,244.594924926758
"2018-06-11",278.440002441406,279.369995117188,278.309997558594,278.559997558594,58892500,244.920211791992
"2018-06-12",279.029998779297,279.329986572266,278.190002441406,278.920013427734,72329000,245.236740112305
"2018-06-13",279.190002441406,279.480010986328,277.799987792969,278.029998779297,79070600,244.454238891602
"2018-06-14",279.010009765625,279.329986572266,278.059997558594,278.730010986328,77097600,245.06965637207
"2018-06-15",276.600006103516,277.510009765625,275.350006103516,277.130004882812,120041600,244.75700378418
"2018-06-18",275.489990234375,276.700012207031,274.950012207031,276.559997558594,52917600,244.253601074219
"2018-06-19",274,275.75,273.529998779297,275.5,97531500,243.317398071289
"2018-06-20",276.269989013672,276.720001220703,275.589996337891,275.970001220703,53785500,243.732604980469
"2018-06-21",275.959991455078,275.980010986328,273.679992675781,274.239990234375,71061400,242.204635620117
"2018-06-22",275.660003662109,275.790008544922,274.489990234375,274.739990234375,54898500,242.646194458008
"2018-06-25",273.440002441406,273.619995117188,269.100006103516,271,137854200,239.343109130859
"2018-06-26",271.640014648438,272.559997558594,270.790008544922,271.600006103516,68547400,239.873031616211
"2018-06-27",272.260009765625,273.869995117188,269.179992675781,269.350006103516,105110700,237.885879516602
"2018-06-28",269.290008544922,271.75,268.489990234375,270.890014648438,76650500,239.246047973633
"2018-06-29",272.119995117188,273.660003662109,271.149993896484,271.279998779297,97592500,239.590377807617
"2018-07-02",269.510009765625,272.040008544922,269.239990234375,271.859985351562,63554800,240.10270690918
"2018-07-03",272.869995117188,272.980010986328,270.420013427734,270.899993896484,42187100,239.254852294922
"2018-07-05",272.170013427734,273.179992675781,270.959991455078,273.109985351562,56925900,241.206619262695
"2018-07-06",273.140014648438,275.839996337891,272.709991455078,275.420013427734,66493700,243.246780395508
"2018-07-09",276.549987792969,277.959991455078,276.5,277.899993896484,50550400,245.437103271484
"2018-07-10",278.410003662109,279.010009765625,278.079986572266,278.899993896484,51966800,246.320236206055
"2018-07-11",277.149993896484,278.040008544922,276.519989013672,276.859985351562,77054700,244.518630981445
"2018-07-12",278.279998779297,279.429992675781,277.600006103516,279.369995117188,60124700,246.735443115234
"2018-07-13",279.170013427734,279.929992675781,278.660003662109,279.589996337891,48216000,246.929656982422
"2018-07-16",279.640014648438,279.799987792969,278.839996337891,279.339996337891,48201000,246.708892822266
"2018-07-17",278.470001220703,280.910003662109,278.410003662109,280.470001220703,52315500,247.706924438477
"2018-07-18",280.559997558594,281.179992675781,280.059997558594,281.059997558594,44593500,248.227935791016
"2018-07-19",280.309997558594,280.739990234375,279.459991455078,280,61412100,247.291717529297
"2018-07-20",279.769989013672,280.480010986328,279.5,279.679992675781,82337700,247.009094238281
"2018-07-23",279.450012207031,280.429992675781,279.059997558594,280.200012207031,47047600,247.468521118164
"2018-07-24",281.790008544922,282.559997558594,280.630004882812,281.609985351562,68026900,248.71369934082
"2018-07-25",281.329986572266,284.369995117188,281.279998779297,284.010009765625,78882900,250.83332824707
"2018-07-26",283.200012207031,284.109985351562,283.089996337891,283.339996337891,57919500,250.241592407227
"2018-07-27",283.709991455078,283.820007324219,280.380004882812,281.420013427734,76768700,248.545959472656
"2018-07-30",281.510009765625,281.690002441406,279.359985351562,279.950012207031,63742500,247.247695922852
"2018-07-31",280.809997558594,282.019989013672,280.380004882812,281.329986572266,68570500,248.466369628906
"2018-08-01",281.559997558594,282.130004882812,280.130004882812,280.859985351562,53853300,248.051376342773
"2018-08-02",279.390014648438,282.579986572266,279.160003662109,282.390014648438,63426400,249.402557373047
"2018-08-03",282.529998779297,283.660003662109,282.329986572266,283.600006103516,53935400,250.471252441406
"2018-08-06",283.640014648438,284.989990234375,283.200012207031,284.640014648438,39400900,251.389755249023
"2018-08-07",285.390014648438,286.010009765625,285.239990234375,285.579986572266,43196600,252.22004699707
"2018-08-08",285.390014648438,285.910003662109,284.940002441406,285.459991455078,42114600,252.113998413086
"2018-08-09",285.529998779297,285.970001220703,284.920013427734,285.070007324219,35717000,251.769485473633
"2018-08-10",283.450012207031,284.059997558594,282.359985351562,283.160003662109,77076000,250.082656860352
"2018-08-13",283.470001220703,284.160003662109,281.769989013672,282.100006103516,65732900,249.146530151367
"2018-08-14",282.920013427734,284.170013427734,282.480010986328,283.899993896484,43842000,250.736236572266
"2018-08-15",282.380004882812,282.540008544922,280.160003662109,281.779998779297,102925400,248.863967895508
"2018-08-16",283.399993896484,285.040008544922,283.359985351562,284.059997558594,69967900,250.877578735352
"2018-08-17",283.829986572266,285.559997558594,283.369995117188,285.059997558594,65618500,251.760711669922
"2018-08-20",285.570007324219,285.970001220703,285.059997558594,285.670013427734,39807500,252.299438476562
"2018-08-21",286.25,287.309997558594,285.709991455078,286.339996337891,67272000,252.89111328125
"2018-08-22",285.880004882812,286.760009765625,285.579986572266,286.170013427734,44993300,252.74104309082
"2018-08-23",285.970001220703,286.940002441406,285.429992675781,285.790008544922,49204900,252.405517578125
"2018-08-24",286.440002441406,287.670013427734,286.380004882812,287.510009765625,57487400,253.92448425293
"2018-08-27",288.859985351562,289.899993896484,288.679992675781,289.779998779297,57072400,255.929321289062
"2018-08-28",290.299987792969,290.420013427734,289.399993896484,289.920013427734,46943500,256.053009033203
"2018-08-29",290.160003662109,291.739990234375,289.890014648438,291.480010986328,61485500,257.430877685547
"2018-08-30",290.940002441406,291.359985351562,289.630004882812,290.299987792969,61229500,256.388580322266
"2018-08-31",289.839996337891,290.809997558594,289.290008544922,290.309997558594,66140800,256.397430419922
"2018-09-04",289.839996337891,290.209991455078,288.679992675781,289.809997558594,57594400,255.955825805664
"2018-09-05",289.410003662109,289.640014648438,287.890014648438,289.029998779297,72452400,255.266891479492
"2018-09-06",289.149993896484,289.489990234375,287,288.160003662109,65909900,254.498626708984
"2018-09-07",286.980010986328,288.700012207031,286.709991455078,287.600006103516,73524800,254.004013061523
"2018-09-10",288.739990234375,289.040008544922,287.880004882812,288.100006103516,50210900,254.445571899414
"2018-09-11",287.369995117188,289.549987792969,286.980010986328,289.049987792969,50530500,255.284683227539
"2018-09-12",289.059997558594,289.799987792969,288.230010986328,289.119995117188,59810800,255.346466064453
"2018-09-13",290.320007324219,291.040008544922,290,290.829986572266,51034200,256.856689453125
"2018-09-14",291.059997558594,291.269989013672,290,290.880004882812,55079900,256.90087890625
"2018-09-17",290.820007324219,290.859985351562,289.029998779297,289.339996337891,68244000,255.540786743164
"2018-09-18",289.579986572266,291.579986572266,289.549987792969,290.910003662109,61930400,256.927368164062
"2018-09-19",290.970001220703,291.690002441406,290.829986572266,291.220001220703,49080600,257.201110839844
"2018-09-20",292.640014648438,293.940002441406,291.239990234375,293.579986572266,100360600,259.285491943359
"2018-09-21",293.089996337891,293.220001220703,291.809997558594,291.989990234375,105479700,259.048583984375
"2018-09-24",291.339996337891,291.5,290.369995117188,291.019989013672,53409600,258.18798828125
"2018-09-25",291.529998779297,291.649993896484,290.480010986328,290.75,44370000,257.948455810547
"2018-09-26",290.910003662109,292.239990234375,289.410003662109,289.880004882812,79739700,257.176605224609
"2018-09-27",290.410003662109,291.910003662109,290.100006103516,290.690002441406,59249500,257.895202636719
"2018-09-28",289.989990234375,291.279998779297,289.950012207031,290.720001220703,70091400,257.921844482422
"2018-10-01",292.109985351562,292.929992675781,290.980010986328,291.730010986328,62078900,258.817932128906
"2018-10-02",291.559997558594,292.359985351562,291.140014648438,291.559997558594,47258200,258.667114257812
"2018-10-03",292.739990234375,293.209991455078,291.320007324219,291.720001220703,64694600,258.809020996094
"2018-10-04",291.179992675781,291.239990234375,287.660003662109,289.440002441406,111545900,256.786285400391
"2018-10-05",289.690002441406,290.269989013672,286.220001220703,287.820007324219,105951700,255.349029541016
"2018-10-08",287.049987792969,288.220001220703,285.5,287.820007324219,87742200,255.349029541016
"2018-10-09",287.390014648438,288.859985351562,286.769989013672,287.399993896484,74339000,254.976409912109
"2018-10-10",286.829986572266,286.910003662109,277.880004882812,278.299987792969,214731000,246.903045654297
"2018-10-11",277.079986572266,278.899993896484,270.359985351562,272.170013427734,274840500,241.464599609375
"2018-10-12",276.769989013672,277.089996337891,272.369995117188,275.950012207031,183186500,244.818130493164
"2018-10-15",275.549987792969,277.040008544922,274.299987792969,274.399993896484,102263700,243.442977905273
"2018-10-16",276.600006103516,280.820007324219,276.070007324219,280.399993896484,118255800,248.766082763672
"2018-10-17",280.440002441406,281.149993896484,277.559997558594,280.450012207031,110626000,248.810501098633
"2018-10-18",279.399993896484,280.070007324219,274.970001220703,276.399993896484,134557500,245.217407226562
"2018-10-19",277.130004882812,279.299987792969,275.470001220703,276.25,139901600,245.084274291992
"2018-10-22",277,277.359985351562,274.410003662109,275.010009765625,82415800,243.984176635742
"2018-10-23",270.950012207031,274.869995117188,268.609985351562,273.609985351562,146352700,242.742141723633
"2018-10-24",273.329986572266,273.760009765625,264.700012207031,265.320007324219,177806700,235.387405395508
"2018-10-25",267.380004882812,271.809997558594,266.230010986328,270.079986572266,138061500,239.6103515625
"2018-10-26",265.920013427734,271,262.290008544922,265.329986572266,201574600,235.396270751953
"2018-10-29",268.799987792969,270.25,259.850006103516,263.859985351562,160749100,234.092071533203
"2018-10-30",263.670013427734,268.119995117188,263.119995117188,267.769989013672,157116000,237.560974121094
"2018-10-31",270.649993896484,273.230010986328,270.119995117188,270.630004882812,128296300,240.098266601562
"2018-11-01",271.600006103516,273.730010986328,270.380004882812,273.510009765625,99495000,242.653396606445
"2018-11-02",274.75,275.230010986328,269.589996337891,271.890014648438,122634100,241.216125488281
"2018-11-05",272.440002441406,274.010009765625,271.350006103516,273.390014648438,65622500,242.546951293945
"2018-11-06",273.320007324219,275.299987792969,273.25,275.119995117188,60085900,244.081726074219
"2018-11-07",277.559997558594,281.100006103516,277.079986572266,281.010009765625,102752100,249.307388305664
"2018-11-08",280.109985351562,281.220001220703,279.220001220703,280.5,65584900,248.854843139648
"2018-11-09",279.029998779297,279.239990234375,276.179992675781,277.760009765625,98812600,246.423919677734
"2018-11-12",277.190002441406,277.459991455078,271.989990234375,272.570007324219,99673600,241.819442749023
"2018-11-13",273.089996337891,275.329986572266,271.25,272.059997558594,98176600,241.366973876953
"2018-11-14",274.160003662109,274.609985351562,268.450012207031,270.200012207031,125335900,239.716903686523
"2018-11-15",268.779998779297,273.540008544922,267.010009765625,273.019989013672,135101400,242.218658447266
"2018-11-16",271.790008544922,274.75,271.209991455078,273.730010986328,126668000,242.848587036133
"2018-11-19",273.049987792969,273.380004882812,268.070007324219,269.100006103516,103061700,238.740936279297
"2018-11-20",265.359985351562,267,263.149993896484,264.119995117188,136021300,234.32275390625
"2018-11-21",265.859985351562,267.149993896484,265.010009765625,265.019989013672,75563700,235.121200561523
"2018-11-23",263.179992675781,264.820007324219,263.070007324219,263.25,42807900,233.550888061523
"2018-11-26",265.779998779297,267.75,265.339996337891,267.5,79981400,237.32145690918
"2018-11-27",266.339996337891,268.399993896484,265.660003662109,268.399993896484,75502400,238.119873046875
"2018-11-28",269.600006103516,274.579986572266,268.329986572266,274.579986572266,127629600,243.602676391602
"2018-11-29",273.709991455078,275.549987792969,272.429992675781,273.980010986328,82346400,243.070358276367
"2018-11-30",273.809997558594,276.279998779297,273.450012207031,275.649993896484,98204200,244.551956176758
"2018-12-03",280.279998779297,280.399993896484,277.510009765625,279.299987792969,103176300,247.79020690918
"2018-12-04",278.369995117188,278.850006103516,269.899993896484,270.25,177986000,239.761215209961
"2018-12-06",265.920013427734,269.970001220703,262.440002441406,269.839996337891,204185400,239.397445678711
"2018-12-07",269.459991455078,271.220001220703,262.630004882812,263.570007324219,161018900,233.834838867188
"2018-12-10",263.369995117188,265.160003662109,258.619995117188,264.070007324219,151445900,234.278350830078
"2018-12-11",267.660003662109,267.869995117188,262.480010986328,264.130004882812,121504400,234.331649780273
"2018-12-12",267.470001220703,269,265.369995117188,265.459991455078,97976700,235.511627197266
"2018-12-13",266.519989013672,267.489990234375,264.119995117188,265.369995117188,96662700,235.431732177734
"2018-12-14",262.959991455078,264.029998779297,259.850006103516,260.470001220703,116961100,231.084609985352
"2018-12-17",259.399993896484,260.649993896484,253.529998779297,255.360000610352,165492300,226.551055908203
"2018-12-18",257.200012207031,257.950012207031,253.279998779297,255.080001831055,134515100,226.302642822266
"2018-12-19",255.169998168945,259.399993896484,249.350006103516,251.259994506836,214992800,222.913604736328
"2018-12-20",249.860000610352,251.619995117188,244.649993896484,247.169998168945,252053400,219.284973144531
"2018-12-21",246.740005493164,249.710006713867,239.979995727539,240.699996948242,255345600,214.792007446289
"2018-12-24",239.039993286133,240.839996337891,234.270004272461,234.339996337891,147311600,209.116500854492
"2018-12-26",235.970001220703,246.179992675781,233.759994506836,246.179992675781,218485400,219.682144165039
"2018-12-27",242.570007324219,248.289993286133,238.960006713867,248.070007324219,186267300,221.368698120117
"2018-12-28",249.580001831055,251.399993896484,246.449996948242,247.75,153100200,221.083160400391
"2018-12-31",249.559997558594,250.190002441406,247.470001220703,249.919998168945,144299400,223.019592285156
"2019-01-02",245.979995727539,251.210006713867,245.949996948242,250.179992675781,126925200,223.251571655273
"2019-01-03",248.229995727539,248.570007324219,243.669998168945,244.210006713867,144140700,217.924179077148
"2019-01-04",247.589996337891,253.110000610352,247.169998168945,252.389999389648,142628800,225.223709106445
"2019-01-07",252.690002441406,255.949996948242,251.690002441406,254.380004882812,103139100,226.999526977539
"2019-01-08",256.820007324219,257.309997558594,254,256.769989013672,102512600,229.132232666016
"2019-01-09",257.559997558594,258.910003662109,256.190002441406,257.970001220703,95006600,230.203125
"2019-01-10",256.260009765625,259.160003662109,255.5,258.880004882812,96823900,231.015182495117
"2019-01-11",257.679992675781,259.010009765625,257.029998779297,258.980010986328,73858100,231.104385375977
"2019-01-14",256.859985351562,258.299987792969,256.410003662109,257.399993896484,70908200,229.694458007812
"2019-01-15",257.820007324219,260.700012207031,257.809997558594,260.350006103516,85208300,232.326873779297
"2019-01-16",260.829986572266,261.970001220703,260.600006103516,260.980010986328,77636700,232.889144897461
"2019-01-17",260.010009765625,263.920013427734,259.959991455078,262.959991455078,96118400,234.655990600586
"2019-01-18",264.980010986328,266.980010986328,263,266.459991455078,127900300,237.779220581055
"2019-01-22",264.820007324219,265.059997558594,261.059997558594,262.859985351562,115531200,234.566772460938
"2019-01-23",264.010009765625,264.790008544922,260.660003662109,263.410003662109,86030300,235.057525634766
"2019-01-24",263.209991455078,264.200012207031,262.079986572266,263.549987792969,59204100,235.182403564453
"2019-01-25",265.609985351562,266.700012207031,263.660003662109,265.779998779297,96883400,237.172409057617
"2019-01-28",263.390014648438,263.829986572266,261.790008544922,263.760009765625,85613700,235.369903564453
"2019-01-29",263.920013427734,264.549987792969,262.480010986328,263.410003662109,66136300,235.057525634766
"2019-01-30",265.100006103516,268.519989013672,264.25,267.579986572266,92473700,238.778656005859
"2019-01-31",267.510009765625,270.470001220703,267.269989013672,269.929992675781,104012100,240.875732421875
"2019-02-01",270.149993896484,271.200012207031,269.179992675781,270.059997558594,85782500,240.991790771484
"2019-02-04",270.109985351562,272.029998779297,269.359985351562,271.959991455078,60744800,242.687210083008
"2019-02-05",272.440002441406,273.440002441406,271.880004882812,273.100006103516,79552800,243.704544067383
"2019-02-06",272.790008544922,273.339996337891,271.920013427734,272.739990234375,58347800,243.383224487305
"2019-02-07",270.940002441406,271.549987792969,268.290008544922,270.140014648438,95482000,241.063201904297
"2019-02-08",268.75,270.579986572266,267.829986572266,270.470001220703,75788900,241.357620239258
"2019-02-11",271.200012207031,271.489990234375,270.029998779297,270.619995117188,68021400,241.491516113281
"2019-02-12",272.420013427734,274.519989013672,272.339996337891,274.100006103516,72270200,244.596893310547
"2019-02-13",275.029998779297,275.929992675781,274.559997558594,274.989990234375,65277200,245.391143798828
"2019-02-14",273.779998779297,275.640014648438,272.869995117188,274.380004882812,83234400,244.846710205078
"2019-02-15",276.359985351562,277.410003662109,276.130004882812,277.369995117188,97088700,247.514953613281
"2019-02-19",276.480010986328,278.579986572266,276.470001220703,277.850006103516,59120800,247.943328857422
"2019-02-20",277.809997558594,278.920013427734,277.25,278.410003662109,76610800,248.442993164062
"2019-02-21",277.700012207031,278.100006103516,276.350006103516,277.420013427734,64214700,247.559616088867
"2019-02-22",278.109985351562,279.359985351562,277.399993896484,279.140014648438,78114600,249.09440612793
"2019-02-25",280.730010986328,281.309997558594,279.429992675781,279.519989013672,69030700,249.433547973633
"2019-02-26",279.130004882812,280.299987792969,278.899993896484,279.320007324219,56844100,249.255111694336
"2019-02-27",278.519989013672,279.589996337891,277.480010986328,279.200012207031,56921600,249.147964477539
"2019-02-28",278.959991455078,279.450012207031,278.320007324219,278.679992675781,69268300,248.68391418457
"2019-03-01",280.440002441406,280.880004882812,278.820007324219,280.420013427734,78880500,250.236694335938
"2019-03-04",281.600006103516,281.869995117188,276.839996337891,279.399993896484,106494600,249.326400756836
"2019-03-05",279.540008544922,279.760009765625,278.410003662109,279.019989013672,59114600,248.9873046875
"2019-03-06",279.149993896484,279.160003662109,276.970001220703,277.329986572266,75039800,247.479232788086
"2019-03-07",276.829986572266,276.989990234375,274.070007324219,275.010009765625,94885100,245.408935546875
"2019-03-08",272.940002441406,274.649993896484,272.420013427734,274.459991455078,85795800,244.918197631836
"2019-03-11",275.260009765625,278.619995117188,275.230010986328,278.440002441406,65098900,248.469741821289
"2019-03-12",279.059997558594,280.070007324219,278.850006103516,279.489990234375,79667500,249.40673828125
"2019-03-13",280.480010986328,282.380004882812,280.299987792969,281.339996337891,80639200,251.057601928711
"2019-03-14",281.369995117188,281.839996337891,280.670013427734,281.160003662109,67518400,250.896987915039
"2019-03-15",280.540008544922,282.209991455078,280.329986572266,281.309997558594,81309000,252.136566162109
"2019-03-18",281.549987792969,282.660003662109,281.299987792969,282.329986572266,62199800,253.050796508789
"2019-03-19",283.510009765625,284.359985351562,281.410003662109,282.399993896484,90268100,253.113555908203
"2019-03-20",282.160003662109,283.5,280.320007324219,281.549987792969,84609200,252.351669311523
"2019-03-21",280.640014648438,285.179992675781,280.589996337891,284.730010986328,79550400,255.201889038086
"2019-03-22",283.220001220703,283.799987792969,279.179992675781,279.25,122659300,250.290222167969
"2019-03-25",278.869995117188,280.190002441406,277.640014648438,279.040008544922,85575200,250.101974487305
"2019-03-26",280.989990234375,282.179992675781,279.559997558594,281.119995117188,68125900,251.966339111328
"2019-03-27",281.109985351562,281.760009765625,277.929992675781,279.649993896484,72224700,250.64875793457
"2019-03-28",280.350006103516,281.209991455078,279.070007324219,280.709991455078,56238500,251.598815917969
"2019-03-29",282.390014648438,282.839996337891,281.140014648438,282.480010986328,82186800,253.185241699219
"2019-04-01",284.700012207031,286.160003662109,284.399993896484,285.829986572266,77617900,256.187805175781
"2019-04-02",286.040008544922,286.230010986328,285.089996337891,285.970001220703,40070400,256.313354492188
"2019-04-03",287.320007324219,287.760009765625,285.75,286.420013427734,68243200,256.716613769531
"2019-04-04",286.779998779297,287.459991455078,286.010009765625,287.179992675781,48997500,257.397827148438
"2019-04-05",287.920013427734,288.630004882812,287.600006103516,288.570007324219,58621700,258.643707275391
"2019-04-08",288.100006103516,288.910003662109,287.369995117188,288.790008544922,53566300,258.840881347656
"2019-04-09",287.720001220703,288.079986572266,286.700012207031,287.309997558594,66142300,257.514343261719
"2019-04-10",287.769989013672,288.390014648438,287.309997558594,288.290008544922,52601500,258.392730712891
"2019-04-11",288.829986572266,288.839996337891,287.579986572266,288.209991455078,55093100,258.320983886719
"2019-04-12",290,290.470001220703,288.260009765625,290.160003662109,69727800,260.068878173828
"2019-04-15",290.239990234375,290.350006103516,289.079986572266,289.970001220703,49596700,259.898529052734
"2019-04-16",290.950012207031,291.010009765625,289.5,290.160003662109,52153200,260.068878173828
"2019-04-17",291.399993896484,291.429992675781,288.989990234375,289.450012207031,58268300,259.432403564453
"2019-04-18",290.100006103516,290.320007324219,288.660003662109,290.019989013672,68708500,259.943298339844
"2019-04-22",289.170013427734,290.440002441406,289.070007324219,290.269989013672,40160100,260.167449951172
"2019-04-23",290.679992675781,293.140014648438,290.420013427734,292.880004882812,52246600,262.506683349609
"2019-04-24",292.790008544922,293.160003662109,292.070007324219,292.230010986328,50392900,261.924102783203
"2019-04-25",292.119995117188,292.779998779297,290.730010986328,292.049987792969,57770900,261.762756347656
"2019-04-26",292.100006103516,293.489990234375,291.239990234375,293.410003662109,50916400,262.981781005859
"2019-04-29",293.510009765625,294.450012207031,293.410003662109,293.869995117188,57197700,263.393951416016
"2019-04-30",293.489990234375,294.339996337891,291.920013427734,294.019989013672,81111700,263.528442382812
"2019-05-01",294.720001220703,294.950012207031,291.799987792969,291.809997558594,71671900,261.547607421875
"2019-05-02",291.679992675781,292.700012207031,289.519989013672,291.179992675781,65030200,260.983001708984
"2019-05-03",292.820007324219,294.339996337891,291.299987792969,294.029998779297,56543700,263.537384033203
"2019-05-06",289.25,293.309997558594,288.899993896484,292.820007324219,107198100,262.452972412109
"2019-05-07",290.149993896484,290.809997558594,285.809997558594,287.929992675781,144729900,258.070068359375
"2019-05-08",287.529998779297,289.429992675781,286.869995117188,287.529998779297,91568300,257.711517333984
"2019-05-09",285.230010986328,287.329986572266,283.299987792969,286.660003662109,103471100,256.931732177734
"2019-05-10",285.619995117188,288.940002441406,282.299987792969,288.100006103516,112429300,258.222381591797
"2019-05-13",282.420013427734,283.489990234375,279.929992675781,280.859985351562,127290500,251.733337402344
"2019-05-14",281.989990234375,285.100006103516,281.850006103516,283.399993896484,77003200,254.009811401367
"2019-05-15",281.589996337891,285.769989013672,281.359985351562,285.059997558594,73956400,255.497665405273
"2019-05-16",285.839996337891,289.209991455078,285.760009765625,287.700012207031,76749600,257.864013671875
"2019-05-17",285.140014648438,288.600006103516,285.119995117188,285.839996337891,100353000,256.19677734375
"2019-05-20",284.059997558594,285.959991455078,283.119995117188,283.950012207031,62877600,254.502822875977
"2019-05-21",285.829986572266,286.929992675781,285.549987792969,286.510009765625,46847100,256.797271728516
"2019-05-22",285.450012207031,286.690002441406,285.100006103516,285.630004882812,49482500,256.008605957031
"2019-05-23",283.160003662109,283.209991455078,280.570007324219,282.140014648438,98733800,252.880493164062
"2019-05-24",283.739990234375,284.200012207031,282.089996337891,282.779998779297,55268100,253.454116821289
"2019-05-28",283.089996337891,284.149993896484,280.130004882812,280.149993896484,70029400,251.096817016602
"2019-05-29",278.910003662109,279.359985351562,276.709991455078,278.269989013672,104972900,249.411834716797
"2019-05-30",279.109985351562,280.040008544922,277.809997558594,279.029998779297,62523800,250.093078613281
"2019-05-31",276.200012207031,277.119995117188,275.239990234375,275.269989013672,86862800,246.722946166992
"2019-06-03",275.309997558594,276.549987792969,273.089996337891,274.570007324219,96428000,246.095626831055
"2019-06-04",277.119995117188,280.679992675781,276.619995117188,280.529998779297,77231900,251.437454223633
"2019-06-05",282.329986572266,282.989990234375,280.320007324219,282.959991455078,71169700,253.615478515625
"2019-06-06",283.290008544922,285.549987792969,282.570007324219,284.799987792969,69430400,255.264556884766
"2019-06-07",285.929992675781,288.850006103516,285.739990234375,287.649993896484,74272200,257.819061279297
"2019-06-10",289.369995117188,290.820007324219,288.869995117188,288.970001220703,60799100,259.002288818359
"2019-06-11",290.989990234375,291.399993896484,288.179992675781,288.899993896484,58641300,258.939483642578
"2019-06-12",288.640014648438,289.260009765625,287.820007324219,288.390014648438,47096300,258.482330322266
"2019-06-13",289.399993896484,289.980010986328,288.619995117188,289.579986572266,48945200,259.548889160156
"2019-06-14",289.260009765625,289.929992675781,288.410003662109,289.260009765625,52324700,259.262176513672
"2019-06-17",289.519989013672,290.220001220703,289.179992675781,289.369995117188,39205700,259.360656738281
"2019-06-18",291.390014648438,293.570007324219,290.989990234375,292.399993896484,85434800,262.076599121094
"2019-06-19",292.549987792969,293.649993896484,291.470001220703,293.059997558594,78674400,262.667999267578
"2019-06-20",296.040008544922,296.309997558594,293.130004882812,295.859985351562,116570000,265.177612304688
"2019-06-21",294.130004882812,295.519989013672,293.760009765625,294,83309500,264.792266845703
"2019-06-24",294.230010986328,294.579986572266,293.470001220703,293.640014648438,47582700,264.468048095703
"2019-06-25",293.700012207031,293.730010986328,290.640014648438,290.760009765625,82028700,261.874084472656
"2019-06-26",291.75,292.309997558594,290.350006103516,290.470001220703,51584900,261.612915039062
"2019-06-27",291.309997558594,292.059997558594,290.890014648438,291.5,40355200,262.540588378906
"2019-06-28",292.579986572266,293.549987792969,292.010009765625,293,59350900,263.891571044922
"2019-07-01",296.679992675781,296.920013427734,294.329986572266,295.660003662109,78705600,266.287231445312
"2019-07-02",295.609985351562,296.489990234375,294.679992675781,296.429992675781,61504500,266.980865478516
"2019-07-03",297.179992675781,298.820007324219,297.019989013672,298.799987792969,40898900,269.115356445312
"2019-07-05",297.440002441406,298.640014648438,296.010009765625,298.459991455078,51677300,268.809112548828
"2019-07-08",297.010009765625,298.260009765625,296.220001220703,296.820007324219,45841800,267.332000732422
"2019-07-09",295.540008544922,297.519989013672,295.480010986328,297.190002441406,41101300,267.665313720703
"2019-07-10",298.369995117188,299.660003662109,297.779998779297,298.609985351562,58448500,268.944213867188
"2019-07-11",299.320007324219,299.579986572266,298.200012207031,299.309997558594,50826100,269.574676513672
"2019-07-12",299.850006103516,300.730010986328,299.510009765625,300.649993896484,40326000,270.781555175781
"2019-07-15",301.130004882812,301.130004882812,300.190002441406,300.75,33900000,270.871551513672
"2019-07-16",300.649993896484,300.880004882812,299.440002441406,299.779998779297,36650100,269.997924804688
"2019-07-17",299.75,299.929992675781,297.739990234375,297.739990234375,36036300,268.160705566406
"2019-07-18",297.190002441406,299.25,296.700012207031,298.829986572266,51392600,269.142333984375
"2019-07-19",300.040008544922,300.070007324219,296.980010986328,297.170013427734,58678600,267.647338867188
"2019-07-22",297.609985351562,298.5,297.040008544922,297.899993896484,43638100,268.3046875
"2019-07-23",299.140014648438,300.029998779297,298.220001220703,300.029998779297,44564500,270.223175048828
"2019-07-24",299.190002441406,301.440002441406,299.089996337891,301.440002441406,47213200,271.493072509766
"2019-07-25",300.940002441406,301,299.109985351562,300,55394100,270.196136474609
"2019-07-26",300.760009765625,302.230010986328,300.619995117188,302.010009765625,45084100,272.006439208984
"2019-07-29",301.880004882812,302.010009765625,300.850006103516,301.459991455078,38126500,271.511077880859
"2019-07-30",299.910003662109,301.170013427734,299.489990234375,300.720001220703,45849000,270.844573974609
"2019-07-31",300.989990234375,301.200012207031,295.200012207031,297.429992675781,104245200,267.881469726562
"2019-08-01",297.600006103516,300.869995117188,293.959991455078,294.839996337891,142646600,265.548645019531
"2019-08-02",293.850006103516,294.119995117188,290.899993896484,292.619995117188,116749700,263.549224853516
"2019-08-05",288.089996337891,288.209991455078,281.720001220703,283.820007324219,178745400,255.623580932617
"2019-08-06",285.910003662109,288.040008544922,284.279998779297,287.799987792969,120711700,259.208160400391
"2019-08-07",284.399993896484,288.820007324219,282.040008544922,287.970001220703,140572300,259.361297607422
"2019-08-08",289.619995117188,293.619995117188,289.010009765625,293.619995117188,87713900,264.449920654297
"2019-08-09",292.579986572266,293.239990234375,289.649993896484,291.619995117188,93730000,262.648590087891
"2019-08-12",289.959991455078,291.609985351562,287.019989013672,288.070007324219,65527600,259.451385498047
"2019-08-13",287.739990234375,294.149993896484,287.359985351562,292.549987792969,94299800,263.486358642578
"2019-08-14",288.070007324219,288.739990234375,283.760009765625,283.899993896484,135622100,255.695617675781
"2019-08-15",284.880004882812,285.640014648438,282.390014648438,284.649993896484,99556600,256.37109375
"2019-08-16",286.480010986328,289.329986572266,284.709991455078,288.850006103516,83018300,260.153869628906
"2019-08-19",292.190002441406,293.079986572266,291.440002441406,292.329986572266,53571800,263.2880859375
"2019-08-20",291.769989013672,292.359985351562,289.950012207031,290.089996337891,51596400,261.270660400391
"2019-08-21",292.480010986328,292.859985351562,291.720001220703,292.450012207031,49524700,263.396331787109
"2019-08-22",293.230010986328,293.929992675781,290.399993896484,292.359985351562,51666400,263.315093994141
"2019-08-23",290.920013427734,292.760009765625,283.470001220703,284.850006103516,149161500,256.55126953125
"2019-08-26",287.269989013672,288,285.579986572266,288,72423800,259.388244628906
"2019-08-27",289.540008544922,289.950012207031,286.029998779297,286.869995117188,66668900,258.370513916016
"2019-08-28",286.140014648438,289.070007324219,285.25,288.890014648438,59696700,260.189849853516
"2019-08-29",291.720001220703,293.160003662109,290.609985351562,292.579986572266,57899400,263.513305664062
"2019-08-30",294.220001220703,294.239990234375,291.420013427734,292.450012207031,62901200,263.396331787109
"2019-09-03",290.570007324219,291.579986572266,289.269989013672,290.739990234375,69101400,261.856140136719
"2019-09-04",293.140014648438,294.059997558594,292.309997558594,294.040008544922,46887300,264.828247070312
"2019-09-05",296.790008544922,298.829986572266,294,297.820007324219,83258100,268.232757568359
"2019-09-06",298.170013427734,298.760009765625,297.420013427734,298.049987792969,49584300,268.439819335938
"2019-09-09",299.140014648438,299.239990234375,297.160003662109,298.200012207031,51260300,268.574981689453
"2019-09-10",297.359985351562,298.200012207031,295.970001220703,298.130004882812,57947100,268.511871337891
"2019-09-11",298.470001220703,300.339996337891,297.75,300.25,68821100,270.421264648438
"2019-09-12",301.25,302.459991455078,300.410003662109,301.290008544922,72908700,271.35791015625
"2019-09-13",301.779998779297,302.170013427734,300.679992675781,301.089996337891,62104800,271.177795410156
"2019-09-16",299.839996337891,301.140014648438,299.450012207031,300.160003662109,58191200,270.340209960938
"2019-09-17",299.940002441406,301.019989013672,299.75,300.920013427734,41475500,271.024688720703
"2019-09-18",300.489990234375,301.220001220703,298.239990234375,301.100006103516,73375800,271.186828613281
"2019-09-19",301.529998779297,302.630004882812,300.709991455078,301.079986572266,76560500,271.168762207031
"2019-09-20",300.359985351562,300.670013427734,297.410003662109,298.279998779297,89565000,269.887573242188
"2019-09-23",297.549987792969,299,297.269989013672,298.209991455078,43476800,269.824249267578
"2019-09-24",299.410003662109,299.839996337891,294.809997558594,295.869995117188,94869400,267.706909179688
"2019-09-25",295.959991455078,298.109985351562,294.329986572266,297.619995117188,71854000,269.290435791016
"2019-09-26",297.630004882812,297.859985351562,295.450012207031,297,56179700,268.729461669922
"2019-09-27",297.829986572266,297.950012207031,293.690002441406,295.399993896484,84746600,267.28173828125
"2019-09-30",295.970001220703,297.549987792969,295.920013427734,296.769989013672,51662400,268.521362304688
"2019-10-01",297.739990234375,298.459991455078,293,293.239990234375,88242400,265.327331542969
"2019-10-02",291.5,291.510009765625,286.640014648438,288.059997558594,122539500,260.640380859375
"2019-10-03",287.809997558594,290.450012207031,284.820007324219,290.420013427734,85278800,262.775848388672
"2019-10-04",291.140014648438,294.630004882812,291.079986572266,294.350006103516,65091200,266.331726074219
"2019-10-07",293.470001220703,295.260009765625,292.769989013672,293.079986572266,59610500,265.182495117188
"2019-10-08",291.040008544922,291.850006103516,288.489990234375,288.529998779297,95708100,261.065704345703
"2019-10-09",290.75,292.299987792969,290.059997558594,291.269989013672,62359400,263.544891357422
"2019-10-10",291.179992675781,294.209991455078,291,293.239990234375,55296300,265.327331542969
"2019-10-11",296.269989013672,298.739990234375,296.140014648438,296.279998779297,98720400,268.078002929688
"2019-10-14",295.929992675781,296.670013427734,295.570007324219,295.950012207031,40394800,267.779418945312
"2019-10-15",297.100006103516,299.700012207031,296.970001220703,298.880004882812,46754500,270.430450439453
"2019-10-16",298.369995117188,299.160003662109,297.920013427734,298.399993896484,48928200,269.996215820312
"2019-10-17",299.679992675781,300.239990234375,298.519989013672,299.279998779297,45736600,270.792419433594
"2019-10-18",298.690002441406,299.399993896484,297.029998779297,297.970001220703,64304000,269.607086181641
"2019-10-21",299.420013427734,300.209991455078,298.940002441406,299.989990234375,39048600,271.434844970703
"2019-10-22",300.579986572266,300.899993896484,298.910003662109,299.010009765625,48594700,270.548126220703
"2019-10-23",298.730010986328,299.940002441406,298.5,299.880004882812,34352200,271.335205078125
"2019-10-24",300.910003662109,301.070007324219,299.459991455078,300.369995117188,35453100,271.778625488281
"2019-10-25",299.739990234375,302.200012207031,299.679992675781,301.600006103516,45205400,272.891571044922
"2019-10-28",302.940002441406,303.850006103516,302.910003662109,303.299987792969,42147000,274.429748535156
"2019-10-29",303,304.230010986328,302.859985351562,303.209991455078,44284900,274.348327636719
"2019-10-30",303.429992675781,304.549987792969,301.989990234375,304.140014648438,49643900,275.189758300781
"2019-10-31",304.130004882812,304.130004882812,301.730010986328,303.329986572266,69053800,274.456848144531
"2019-11-01",304.920013427734,306.190002441406,304.739990234375,306.140014648438,71141500,276.999450683594
"2019-11-04",307.850006103516,308,306.959991455078,307.369995117188,60606900,278.112365722656
"2019-11-05",307.589996337891,307.920013427734,306.709991455078,307.029998779297,42933200,277.804718017578
"2019-11-06",307.029998779297,307.399993896484,306.059997558594,307.100006103516,46487100,277.868041992188
"2019-11-07",308.570007324219,309.649993896484,307.660003662109,308.179992675781,54272300,278.845245361328
"2019-11-08",307.799987792969,309,307.029998779297,308.940002441406,49032100,279.532867431641
"2019-11-11",307.420013427734,308.540008544922,307.269989013672,308.350006103516,35797300,278.999084472656
"2019-11-12",308.75,309.989990234375,308.149993896484,309,46484600,279.587249755859
"2019-11-13",307.910003662109,309.540008544922,307.660003662109,309.100006103516,53917700,279.677703857422
"2019-11-14",308.790008544922,309.640014648438,308.089996337891,309.549987792969,51219900,280.084808349609
"2019-11-15",311.019989013672,311.839996337891,310.260009765625,311.790008544922,62023600,282.111572265625
"2019-11-18",311.529998779297,312.279998779297,311.029998779297,312.019989013672,49228000,282.31982421875
"2019-11-19",312.679992675781,312.690002441406,311.220001220703,311.929992675781,67804700,282.238342285156
"2019-11-20",311.279998779297,311.850006103516,309.059997558594,310.769989013672,79406200,281.188598632812
"2019-11-21",310.890014648438,311.010009765625,309.390014648438,310.269989013672,54664700,280.736358642578
"2019-11-22",311.089996337891,311.239990234375,309.850006103516,310.959991455078,44850200,281.360656738281
"2019-11-25",311.980010986328,313.369995117188,311.980010986328,313.369995117188,48647200,283.541198730469
"2019-11-26",313.410003662109,314.279998779297,313.059997558594,314.079986572266,37569000,284.183685302734
"2019-11-27",314.609985351562,315.480010986328,314.369995117188,315.480010986328,44444600,285.450408935547
"2019-11-29",314.859985351562,315.130004882812,314.059997558594,314.309997558594,36592700,284.391784667969
"2019-12-02",314.589996337891,314.660003662109,311.170013427734,311.640014648438,75767800,281.976013183594
"2019-12-03",308.649993896484,309.640014648438,307.130004882812,309.549987792969,73941700,280.084808349609
"2019-12-04",310.700012207031,312.119995117188,310.320007324219,311.459991455078,49080000,281.81298828125
"2019-12-05",312.230010986328,312.25,310.579986572266,312.019989013672,40709000,282.31982421875
"2019-12-06",314.119995117188,315.309997558594,314.109985351562,314.869995117188,48927000,284.898468017578
"2019-12-09",314.440002441406,315.179992675781,313.799987792969,313.880004882812,34838500,284.002716064453
"2019-12-10",313.820007324219,314.549987792969,312.809997558594,313.529998779297,52649800,283.685974121094
"2019-12-11",314.029998779297,314.700012207031,313.440002441406,314.420013427734,53429100,284.491271972656
"2019-12-12",314.429992675781,317.989990234375,314.170013427734,317.130004882812,96389600,286.943298339844
"2019-12-13",316.869995117188,318.670013427734,316.019989013672,317.320007324219,81503900,287.115264892578
"2019-12-16",319.220001220703,320.149993896484,317.25,319.5,82749700,289.087738037109
"2019-12-17",319.920013427734,320.25,319.480010986328,319.570007324219,61097700,289.151153564453
"2019-12-18",320,320.25,319.529998779297,319.589996337891,48133000,289.169128417969
"2019-12-19",319.799987792969,320.980010986328,319.519989013672,320.899993896484,85310500,290.354461669922
"2019-12-20",320.459991455078,321.970001220703,319.390014648438,320.730010986328,147142100,291.627380371094
"2019-12-23",321.589996337891,321.649993896484,321.059997558594,321.220001220703,52990000,292.072937011719
"2019-12-24",321.470001220703,321.519989013672,320.899993896484,321.230010986328,20270000,292.082122802734
"2019-12-26",321.649993896484,322.950012207031,321.640014648438,322.940002441406,30911200,293.636840820312
"2019-12-27",323.739990234375,323.799987792969,322.279998779297,322.859985351562,42528800,293.564208984375
"2019-12-30",322.950012207031,323.100006103516,320.549987792969,321.079986572266,49729100,291.945678710938
"2019-12-31",320.529998779297,322.130004882812,320.149993896484,321.859985351562,57077300,292.654907226562
"2020-01-02",323.540008544922,324.890014648438,322.529998779297,324.869995117188,59151200,295.391723632812
"2020-01-03",321.160003662109,323.640014648438,321.100006103516,322.410003662109,77709700,293.155029296875
"2020-01-06",320.489990234375,323.730010986328,320.359985351562,323.640014648438,55653900,294.273376464844
"2020-01-07",323.019989013672,323.540008544922,322.239990234375,322.730010986328,40496400,293.445983886719
"2020-01-08",322.940002441406,325.779998779297,322.670013427734,324.450012207031,68296000,295.009979248047
"2020-01-09",326.160003662109,326.730010986328,325.519989013672,326.649993896484,48473300,297.010223388672
"2020-01-10",327.290008544922,327.459991455078,325.200012207031,325.709991455078,53029300,296.155517578125
"2020-01-13",326.390014648438,327.959991455078,325.920013427734,327.950012207031,47086800,298.192321777344
"2020-01-14",327.470001220703,328.619995117188,326.839996337891,327.450012207031,62832800,297.737609863281
"2020-01-15",327.350006103516,329.019989013672,327.260009765625,328.190002441406,72056600,298.410614013672
"2020-01-16",329.700012207031,330.920013427734,329.450012207031,330.920013427734,54050300,300.892791748047
"2020-01-17",331.700012207031,332.179992675781,330.850006103516,331.950012207031,95846000,301.829315185547
"2020-01-21",330.899993896484,332.179992675781,330.820007324219,331.299987792969,77742400,301.238250732422
"2020-01-22",332.239990234375,332.950012207031,331.170013427734,331.339996337891,48914900,301.274627685547
"2020-01-23",330.630004882812,332.170013427734,329.410003662109,331.720001220703,51963000,301.620239257812
"2020-01-24",332.440002441406,332.529998779297,327.359985351562,328.769989013672,87578400,298.937927246094
"2020-01-27",323.029998779297,325.119995117188,322.660003662109,323.5,84062500,294.146087646484
"2020-01-28",325.059997558594,327.850006103516,323.600006103516,326.890014648438,63834000,297.228546142578
"2020-01-29",328.380004882812,328.630004882812,326.399993896484,326.619995117188,53888900,296.982940673828
"2020-01-30",324.359985351562,327.910003662109,323.540008544922,327.679992675781,75491800,297.946746826172
"2020-01-31",327,327.170013427734,320.730010986328,321.730010986328,113845600,292.536712646484
"2020-02-03",323.350006103516,326.160003662109,323.220001220703,324.119995117188,69083000,294.709869384766
"2020-02-04",328.070007324219,330.010009765625,327.720001220703,329.059997558594,62573200,299.201538085938
"2020-02-05",332.269989013672,333.089996337891,330.670013427734,332.859985351562,65951100,302.65673828125
"2020-02-06",333.910003662109,334.190002441406,332.799987792969,333.980010986328,50359700,303.675079345703
"2020-02-07",332.820007324219,333.989990234375,331.600006103516,332.200012207031,64139400,302.056701660156
"2020-02-10",331.230010986328,334.75,331.190002441406,334.679992675781,42070000,304.311614990234
"2020-02-11",336.160003662109,337.019989013672,334.679992675781,335.260009765625,54864500,304.839080810547
"2020-02-12",336.829986572266,337.649993896484,336.429992675781,337.420013427734,43992700,306.803009033203
"2020-02-13",335.859985351562,338.119995117188,335.559997558594,337.059997558594,54501900,306.475677490234
"2020-02-14",337.510009765625,337.730010986328,336.200012207031,337.600006103516,64582200,306.966674804688
"2020-02-18",336.510009765625,337.670013427734,335.209991455078,336.730010986328,57226200,306.175628662109
"2020-02-19",337.790008544922,339.079986572266,337.480010986328,338.339996337891,48814700,307.639526367188
"2020-02-20",337.739990234375,338.640014648438,333.679992675781,336.950012207031,74163400,306.375640869141
"2020-02-21",335.470001220703,335.809997558594,332.579986572266,333.480010986328,113788200,303.220550537109
"2020-02-24",323.140014648438,333.559997558594,321.239990234375,322.420013427734,161088400,293.1640625
"2020-02-25",323.940002441406,324.609985351562,311.690002441406,312.649993896484,218913200,284.280578613281
"2020-02-26",314.179992675781,318.109985351562,310.700012207031,311.5,194773800,283.234893798828
"2020-02-27",305.459991455078,311.559997558594,297.510009765625,297.510009765625,284353500,270.514434814453
"2020-02-28",288.700012207031,297.890014648438,285.540008544922,296.260009765625,384975800,269.377777099609
"2020-03-02",298.209991455078,309.160003662109,294.459991455078,309.089996337891,238703600,281.043579101562
"2020-03-03",309.5,313.839996337891,297.570007324219,300.239990234375,300139100,272.996704101562
"2020-03-04",306.119995117188,313.100006103516,303.329986572266,312.859985351562,176613400,284.471496582031
"2020-03-05",304.980010986328,308.470001220703,300.010009765625,302.459991455078,186366800,275.015197753906
"2020-03-06",293.149993896484,298.779998779297,290.230010986328,297.459991455078,228667200,270.468963623047
"2020-03-09",275.299987792969,284.190002441406,273.450012207031,274.230010986328,309417300,249.346755981445
"2020-03-10",284.640014648438,288.519989013672,273.5,288.420013427734,276444100,262.249267578125
"2020-03-11",280.700012207031,281.940002441406,270.880004882812,274.359985351562,255316300,249.464981079102
"2020-03-12",256,266.660003662109,247.679992675781,248.110000610352,392220700,225.596878051758
"2020-03-13",263.089996337891,271.480010986328,248.520004272461,269.320007324219,329566100,244.882339477539
"2020-03-16",241.179992675781,256.899993896484,237.360000610352,239.850006103516,297240000,218.086380004883
"2020-03-17",245.039993286133,256.170013427734,237.070007324219,252.800003051758,262070500,229.861297607422
"2020-03-18",236.25,248.369995117188,228.020004272461,240,327597100,218.222763061523
"2020-03-19",239.25,247.380004882812,232.220001220703,240.509994506836,289322000,218.686462402344
"2020-03-20",242.529998779297,244.470001220703,228.5,228.800003051758,347158800,209.262359619141
"2020-03-23",228.190002441406,229.679992675781,218.259994506836,222.949996948242,326025200,203.911911010742
"2020-03-24",234.419998168945,244.100006103516,233.800003051758,243.149993896484,235494500,222.386978149414
"2020-03-25",244.869995117188,256.350006103516,239.75,246.789993286133,299430300,225.716125488281
"2020-03-26",249.520004272461,262.799987792969,249.050003051758,261.200012207031,257632800,238.895690917969
"2020-03-27",253.270004272461,260.809997558594,251.050003051758,253.419998168945,224341200,231.779998779297
"2020-03-30",255.699996948242,262.429992675781,253.529998779297,261.649993896484,171369500,239.307220458984
"2020-03-31",260.559997558594,263.329986572266,256.220001220703,257.75,194881100,235.740264892578
"2020-04-01",247.979995727539,257.660003662109,243.899993896484,246.149993896484,189554600,225.130767822266
"2020-04-02",245.190002441406,252.679992675781,244.589996337891,251.830001831055,177660400,230.325805664062
"2020-04-03",250.759994506836,253.320007324219,245.220001220703,248.190002441406,135561200,226.996627807617
"2020-04-06",257.839996337891,267,248.169998168945,264.859985351562,188061200,242.243148803711
"2020-04-07",274.209991455078,275.029998779297,264.890014648438,265.130004882812,201427200,242.490097045898
"2020-04-08",267.959991455078,276,265.25,274.029998779297,153774500,250.630035400391
"2020-04-09",277.579986572266,281.200012207031,275.470001220703,278.200012207031,189999200,254.443984985352
"2020-04-13",277.140014648438,277.510009765625,271.410003662109,275.660003662109,114839100,252.120880126953
"2020-04-14",280.980010986328,284.899993896484,275.510009765625,283.790008544922,134143400,259.556640625
"2020-04-15",277.570007324219,283.940002441406,275.459991455078,277.760009765625,121775000,254.041595458984
"2020-04-16",279.149993896484,280.029998779297,275.760009765625,279.100006103516,131798300,255.267135620117
"2020-04-17",285.380004882812,287.299987792969,282.399993896484,286.640014648438,146684800,262.163330078125
"2020-04-20",282.609985351562,286.790008544922,281.350006103516,281.589996337891,100109300,257.544525146484
"2020-04-21",276.730010986328,278.040008544922,272.019989013672,273.040008544922,126385700,249.724716186523
"2020-04-22",278.350006103516,281,276.910003662109,279.100006103516,92951600,255.267135620117
"2020-04-23",280.489990234375,283.940002441406,278.75,279.079986572266,104709700,255.248901367188
"2020-04-24",280.730010986328,283.700012207031,278.5,282.970001220703,85063200,258.806640625
"2020-04-27",285.119995117188,288.269989013672,284.619995117188,287.049987792969,77896600,262.538238525391
"2020-04-28",291.019989013672,291.399993896484,285.399993896484,285.730010986328,105270000,261.331024169922
"2020-04-29",291.529998779297,294.880004882812,290.410003662109,293.209991455078,118745600,268.172271728516
"2020-04-30",291.709991455078,293.320007324219,288.589996337891,290.480010986328,122901700,265.675415039062
"2020-05-01",285.309997558594,290.660003662109,281.519989013672,282.790008544922,125180000,258.642059326172
"2020-05-04",280.739990234375,283.899993896484,279.130004882812,283.570007324219,80873200,259.35546875
"2020-05-05",286.640014648438,289.25,283.709991455078,286.190002441406,79569900,261.751739501953
"2020-05-06",288.040008544922,288.459991455078,283.779998779297,284.25,73632600,259.977386474609
"2020-05-07",287.75,289.779998779297,287.130004882812,287.679992675781,75250400,263.114501953125
"2020-05-08",291.089996337891,292.950012207031,289.859985351562,292.440002441406,76452400,267.468109130859
"2020-05-11",290.339996337891,294,289.880004882812,292.5,79514200,267.522857666016
"2020-05-12",293.790008544922,294.239990234375,286.519989013672,286.670013427734,95870800,262.190734863281
"2020-05-13",286.059997558594,287.190002441406,278.959991455078,281.600006103516,144721100,257.553619384766
"2020-05-14",278.950012207031,285.109985351562,272.989990234375,284.970001220703,121977900,260.635894775391
"2020-05-15",282.369995117188,286.329986572266,281.339996337891,286.279998779297,111146300,261.834106445312
"2020-05-18",293.049987792969,296.75,292.700012207031,295,119703800,269.809387207031
"2020-05-19",294.350006103516,296.209991455078,291.950012207031,291.970001220703,95189300,267.038146972656
"2020-05-20",295.820007324219,297.869995117188,295.570007324219,296.929992675781,85861700,271.574554443359
"2020-05-21",296.790008544922,297.670013427734,293.690002441406,294.880004882812,78293900,269.699798583984
"2020-05-22",294.570007324219,295.630004882812,293.220001220703,295.440002441406,63958200,270.211822509766
"2020-05-26",301.929992675781,302.190002441406,295.459991455078,299.079986572266,88951400,273.540954589844
"2020-05-27",302.119995117188,303.570007324219,296.869995117188,303.529998779297,104817400,277.611022949219
"2020-05-28",304.649993896484,306.839996337891,302.239990234375,302.970001220703,90405200,277.098846435547
"2020-05-29",302.459991455078,304.959991455078,299.470001220703,304.320007324219,119090800,278.333587646484
"2020-06-01",303.619995117188,306.209991455078,303.059997558594,305.549987792969,55758300,279.458465576172
"2020-06-02",306.549987792969,308.130004882812,305.100006103516,308.079986572266,74267200,281.772491455078
"2020-06-03",310.239990234375,313.220001220703,309.940002441406,312.179992675781,92567600,285.522338867188
"2020-06-04",311.109985351562,313,309.079986572266,311.359985351562,75794400,284.772369384766
"2020-06-05",317.230010986328,321.269989013672,317.160003662109,319.339996337891,150524700,292.071044921875
"2020-06-08",320.220001220703,323.410003662109,319.630004882812,323.200012207031,73641200,295.601379394531
"2020-06-09",320.299987792969,323.279998779297,319.359985351562,320.790008544922,77479200,293.397155761719
"2020-06-10",321.420013427734,322.390014648438,318.220001220703,319,95000800,291.760101318359
"2020-06-11",311.459991455078,312.149993896484,300.010009765625,300.609985351562,209243600,274.940338134766
"2020-06-12",308.239990234375,309.079986572266,298.600006103516,304.209991455078,194678900,278.23291015625
"2020-06-15",298.019989013672,308.279998779297,296.739990234375,307.049987792969,135782700,280.830535888672
"2020-06-16",315.480010986328,315.640014648438,307.670013427734,312.959991455078,137627500,286.235809326172
"2020-06-17",314.070007324219,314.390014648438,310.859985351562,311.660003662109,83398900,285.046844482422
"2020-06-18",310.010009765625,312.299987792969,309.510009765625,311.779998779297,80828700,285.156494140625
"2020-06-19",314.170013427734,314.380004882812,306.529998779297,308.640014648438,135549600,283.526977539062
"2020-06-22",307.989990234375,311.049987792969,306.75,310.619995117188,74649400,285.345733642578
"2020-06-23",313.489990234375,314.5,311.609985351562,312.049987792969,68471200,286.659423828125
"2020-06-24",309.839996337891,310.510009765625,302.100006103516,304.089996337891,132813500,279.347137451172
"2020-06-25",303.470001220703,307.640014648438,301.279998779297,307.350006103516,89468000,282.341918945312
"2020-06-26",306.160003662109,306.390014648438,299.420013427734,300.049987792969,127961000,275.635803222656
"2020-06-29",301.410003662109,304.609985351562,298.929992675781,304.459991455078,79773300,279.686981201172
"2020-06-30",303.989990234375,310.200012207031,303.820007324219,308.359985351562,113394800,283.269744873047
"2020-07-01",309.570007324219,311.890014648438,309.070007324219,310.519989013672,72396500,285.253875732422
"2020-07-02",314.239990234375,315.700012207031,311.510009765625,312.230010986328,69344200,286.824768066406
"2020-07-06",316.369995117188,317.679992675781,315.559997558594,317.049987792969,61713800,291.252624511719
"2020-07-07",315.380004882812,317.519989013672,313.369995117188,313.779998779297,82910000,288.248626708984
"2020-07-08",314.609985351562,316.299987792969,312.700012207031,316.179992675781,54638600,290.453369140625
"2020-07-09",316.839996337891,317.100006103516,310.679992675781,314.380004882812,83354200,288.799835205078
"2020-07-10",314.309997558594,317.880004882812,312.760009765625,317.589996337891,57550400,291.748565673828
"2020-07-13",320.130004882812,322.709991455078,314.130004882812,314.839996337891,102997500,289.222473144531
"2020-07-14",313.299987792969,319.760009765625,312,318.920013427734,93657000,292.970428466797
"2020-07-15",322.410003662109,323.040008544922,319.269989013672,321.850006103516,87196500,295.661987304688
"2020-07-16",319.790008544922,321.279998779297,319.089996337891,320.790008544922,54622500,294.688262939453
"2020-07-17",321.880004882812,322.570007324219,319.739990234375,321.720001220703,62774900,295.542633056641
"2020-07-20",321.429992675781,325.130004882812,320.619995117188,324.320007324219,56308800,297.931121826172
"2020-07-21",326.450012207031,326.929992675781,323.940002441406,325.010009765625,57292200,298.564910888672
"2020-07-22",324.619995117188,327.200012207031,324.5,326.859985351562,57792900,300.264373779297
"2020-07-23",326.470001220703,327.230010986328,321.480010986328,322.959991455078,75738000,296.681701660156
"2020-07-24",320.950012207031,321.989990234375,319.25,320.880004882812,73766600,294.770874023438
"2020-07-27",321.630004882812,323.410003662109,320.769989013672,323.220001220703,48293000,296.920562744141
"2020-07-28",322.429992675781,323.640014648438,320.850006103516,321.170013427734,57495000,295.037384033203
"2020-07-29",322.119995117188,325.730010986328,322.079986572266,325.119995117188,48454200,298.665893554688
"2020-07-30",321.899993896484,324.410003662109,319.640014648438,323.959991455078,61861700,297.600311279297
"2020-07-31",325.899993896484,326.630004882812,321.329986572266,326.519989013672,84986800,299.951995849609
"2020-08-03",328.320007324219,329.619995117188,327.730010986328,328.790008544922,53077900,302.037384033203
"2020-08-04",327.859985351562,330.059997558594,327.859985351562,330.059997558594,41917900,303.204040527344
"2020-08-05",331.470001220703,332.390014648438,331.179992675781,332.109985351562,42697700,305.087158203125
"2020-08-06",331.480010986328,334.459991455078,331.130004882812,334.329986572266,43679400,307.126495361328
"2020-08-07",333.279998779297,334.880004882812,332.299987792969,334.570007324219,57308300,307.347076416016
"2020-08-10",335.059997558594,335.769989013672,332.959991455078,335.570007324219,44282100,308.265625
"2020-08-11",336.850006103516,337.540008544922,332.010009765625,332.799987792969,69601100,305.721099853516
"2020-08-12",335.440002441406,338.279998779297,335.410003662109,337.440002441406,53774400,309.983520507812
"2020-08-13",336.609985351562,338.25,335.829986572266,336.829986572266,41816100,309.423187255859
"2020-08-14",336.410003662109,337.420013427734,335.619995117188,336.839996337891,47260400,309.432403564453
"2020-08-17",337.940002441406,338.339996337891,336.850006103516,337.910003662109,35481000,310.415283203125
"2020-08-18",338.339996337891,339.100006103516,336.609985351562,338.640014648438,38733900,311.085845947266
"2020-08-19",339.049987792969,339.609985351562,336.619995117188,337.230010986328,68054200,309.790649414062
"2020-08-20",335.359985351562,338.799987792969,335.220001220703,338.279998779297,42207800,310.755157470703
"2020-08-21",337.920013427734,339.720001220703,337.549987792969,339.480010986328,55106600,311.857482910156
"2020-08-24",342.119995117188,343,339.450012207031,342.920013427734,48588700,315.017608642578
"2020-08-25",343.529998779297,344.209991455078,342.269989013672,344.119995117188,38463400,316.119995117188
"2020-08-26",344.760009765625,347.859985351562,344.170013427734,347.570007324219,50790200,319.289337158203
"2020-08-27",348.510009765625,349.899993896484,346.529998779297,348.329986572266,58034100,319.987457275391
"2020-08-28",349.440002441406,350.720001220703,348.149993896484,350.579986572266,48588900,322.054321289062
"2020-08-31",350.350006103516,351.299987792969,349.059997558594,349.309997558594,66099200,320.887634277344
"2020-09-01",350.209991455078,352.709991455078,349.239990234375,352.600006103516,54908700,323.910003662109
"2020-09-02",354.670013427734,358.75,353.429992675781,357.700012207031,69540000,328.595001220703
"2020-09-03",355.869995117188,356.380004882812,342.589996337891,345.390014648438,148011100,317.286651611328
"2020-09-04",346.130004882812,347.829986572266,334.869995117188,342.570007324219,139156300,314.696075439453
"2020-09-08",336.709991455078,342.640014648438,332.880004882812,333.209991455078,114465300,306.097595214844
"2020-09-09",337.549987792969,342.459991455078,336.609985351562,339.790008544922,91462300,312.142303466797
"2020-09-10",341.820007324219,342.529998779297,332.850006103516,333.890014648438,90569500,306.722320556641
"2020-09-11",335.820007324219,336.970001220703,331,334.059997558594,84680200,306.878570556641
"2020-09-14",337.489990234375,340.380004882812,334.220001220703,338.459991455078,65605700,310.920623779297
"2020-09-15",341.119995117188,342.019989013672,338.470001220703,340.170013427734,52920900,312.491394042969
"2020-09-16",341.510009765625,343.059997558594,338.519989013672,338.820007324219,82096000,311.251251220703
"2020-09-17",333.559997558594,337.700012207031,332.989990234375,335.839996337891,91523300,308.513641357422
"2020-09-18",335.369995117188,335.489990234375,327.970001220703,330.649993896484,105877900,304.961822509766
"2020-09-21",325.700012207031,327.130004882812,321.730010986328,326.970001220703,99450800,301.56787109375
"2020-09-22",328.570007324219,330.899993896484,325.859985351562,330.299987792969,63612100,304.639038085938
"2020-09-23",330.899993896484,331.200012207031,322.100006103516,322.640014648438,93112200,297.574188232422
"2020-09-24",321.220001220703,326.799987792969,319.799987792969,323.5,76681300,298.367340087891
"2020-09-25",322.579986572266,329.579986572266,321.640014648438,328.730010986328,71069400,303.191070556641
"2020-09-28",333.220001220703,334.959991455078,332.149993896484,334.190002441406,64584600,308.226867675781
"2020-09-29",333.970001220703,334.769989013672,331.619995117188,332.369995117188,51304000,306.548278808594
"2020-09-30",333.089996337891,338.290008544922,332.880004882812,334.890014648438,104081100,308.872528076172
"2020-10-01",337.690002441406,338.739990234375,335.010009765625,337.040008544922,88698700,310.85546875
"2020-10-02",331.700012207031,337.010009765625,331.190002441406,333.839996337891,89431100,307.904052734375
"2020-10-05",336.059997558594,339.959991455078,336.010009765625,339.760009765625,45713100,313.364074707031
"2020-10-06",339.910003662109,342.170013427734,334.380004882812,334.929992675781,90128900,308.909362792969
"2020-10-07",338.119995117188,341.630004882812,338.089996337891,340.760009765625,56999600,314.286499023438
"2020-10-08",342.850006103516,343.850006103516,341.859985351562,343.779998779297,45242500,317.071838378906
"2020-10-09",345.559997558594,347.350006103516,344.890014648438,346.850006103516,59528600,319.903381347656
"2020-10-12",349.589996337891,354.019989013672,349.059997558594,352.429992675781,80388500,325.049835205078
"2020-10-13",352.279998779297,352.470001220703,349.089996337891,350.130004882812,73255500,322.928558349609
"2020-10-14",350.75,351.929992675781,347.140014648438,347.929992675781,57727900,320.8994140625
"2020-10-15",343.709991455078,348.019989013672,343.130004882812,347.5,60357700,320.502868652344
"2020-10-16",348.959991455078,350.75,347.100006103516,347.290008544922,89501900,320.309173583984
"2020-10-19",348.649993896484,349.329986572266,341.040008544922,342.010009765625,68425600,315.439361572266
"2020-10-20",343.459991455078,346.880004882812,342.640014648438,343.380004882812,60051900,316.702941894531
"2020-10-21",343.329986572266,345.670013427734,342.399993896484,342.730010986328,63575000,316.103363037109
"2020-10-22",342.959991455078,345.239990234375,340.649993896484,344.609985351562,55399300,317.837371826172
"2020-10-23",345.929992675781,345.989990234375,343.130004882812,345.779998779297,49143900,318.916412353516
"2020-10-26",342.130004882812,342.980010986328,335.619995117188,339.390014648438,91473000,313.022918701172
"2020-10-27",339.760009765625,340.119995117188,337.989990234375,338.220001220703,65994100,311.943695068359
"2020-10-28",332.100006103516,338.25,326.130004882812,326.660003662109,127094300,301.281860351562
"2020-10-29",326.910003662109,333.399993896484,325.089996337891,329.980010986328,90597700,304.343933105469
"2020-10-30",328.279998779297,329.690002441406,322.600006103516,326.540008544922,120287300,301.171142578125
"2020-11-02",330.200012207031,332.359985351562,327.239990234375,330.200012207031,86068300,304.546783447266
"2020-11-03",333.690002441406,338.25,330.290008544922,336.029998779297,93294200,309.923919677734
"2020-11-04",340.859985351562,347.940002441406,339.589996337891,343.540008544922,126959700,316.850494384766
"2020-11-05",349.239990234375,352.190002441406,348.859985351562,350.239990234375,82039700,323.029937744141
"2020-11-06",349.929992675781,351.510009765625,347.649993896484,350.160003662109,74973000,322.956176757812
"2020-11-09",363.970001220703,364.380004882812,354.059997558594,354.559997558594,172304200,327.014312744141
"2020-11-10",353.489990234375,355.179992675781,350.510009765625,354.040008544922,85552000,326.534698486328
"2020-11-11",356.399993896484,357.559997558594,355.059997558594,356.670013427734,58649000,328.96044921875
"2020-11-12",355.579986572266,356.720001220703,351.260009765625,353.209991455078,67546200,325.769195556641
"2020-11-13",355.269989013672,358.899993896484,354.709991455078,358.100006103516,62892200,330.279388427734
"2020-11-16",360.980010986328,362.779998779297,359.589996337891,362.570007324219,74541100,334.402069091797
"2020-11-17",359.970001220703,361.920013427734,358.339996337891,360.619995117188,66111000,332.603424072266
"2020-11-18",360.910003662109,361.5,356.239990234375,356.279998779297,70591300,328.600738525391
"2020-11-19",355.600006103516,358.179992675781,354.149993896484,357.779998779297,59940900,329.984161376953
"2020-11-20",357.5,357.720001220703,355.25,355.329986572266,70417300,327.724426269531
"2020-11-23",357.279998779297,358.820007324219,354.869995117188,357.459991455078,63230600,329.688995361328
"2020-11-24",360.209991455078,363.809997558594,359.290008544922,363.220001220703,62415900,335.001556396484
"2020-11-25",363.130004882812,363.160003662109,361.480010986328,362.660003662109,45330900,334.485015869141
"2020-11-27",363.839996337891,364.179992675781,362.579986572266,363.670013427734,28514100,335.416595458984
"2020-11-30",362.829986572266,363.119995117188,359.170013427734,362.059997558594,83872700,333.931640625
"2020-12-01",365.570007324219,367.679992675781,364.929992675781,366.019989013672,74231400,337.584014892578
"2020-12-02",364.820007324219,366.959991455078,364.200012207031,366.790008544922,45927000,338.294219970703
"2020-12-03",366.679992675781,368.190002441406,365.5,366.690002441406,62882000,338.201934814453
"2020-12-04",367.320007324219,369.850006103516,367.220001220703,369.850006103516,50749900,341.116424560547
"2020-12-07",369.019989013672,369.619995117188,367.720001220703,369.089996337891,48944300,340.415496826172
"2020-12-08",367.720001220703,370.779998779297,367.670013427734,370.170013427734,42458900,341.411682128906
"2020-12-09",370.880004882812,371.049987792969,365.950012207031,366.850006103516,74098300,338.349548339844
"2020-12-10",365.369995117188,367.859985351562,364.429992675781,366.730010986328,57735400,338.238861083984
"2020-12-11",364.899993896484,366.739990234375,363.260009765625,366.299987792969,57698600,337.84228515625
"2020-12-14",368.640014648438,369.799987792969,364.470001220703,364.660003662109,69216200,336.329681396484
"2020-12-15",367.399993896484,369.589996337891,365.920013427734,369.589996337891,63865300,340.876647949219
"2020-12-16",369.820007324219,371.160003662109,368.869995117188,370.170013427734,58420500,341.411682128906
"2020-12-17",371.940002441406,372.459991455078,371.049987792969,372.239990234375,64119500,343.320770263672
"2020-12-18",370.970001220703,371.149993896484,367.019989013672,369.179992675781,136542300,341.949951171875
"2020-12-21",364.970001220703,378.459991455078,362.029998779297,367.859985351562,96386700,340.727203369141
"2020-12-22",368.209991455078,368.329986572266,366.029998779297,367.239990234375,47949000,340.153015136719
"2020-12-23",368.279998779297,369.619995117188,367.220001220703,367.570007324219,46201400,340.458587646484
"2020-12-24",368.079986572266,369.029998779297,367.450012207031,369,26457900,341.783142089844
"2020-12-28",371.739990234375,372.589996337891,371.070007324219,372.170013427734,39000400,344.719451904297
"2020-12-29",373.809997558594,374,370.829986572266,371.459991455078,53680500,344.061737060547
"2020-12-30",372.339996337891,373.100006103516,371.570007324219,371.989990234375,49455300,344.552612304688
"2020-12-31",371.779998779297,374.660003662109,371.230010986328,373.880004882812,78520700,346.303253173828
"2021-01-04",375.309997558594,375.450012207031,364.820007324219,368.790008544922,110210800,341.588653564453
"2021-01-05",368.100006103516,372.5,368.049987792969,371.329986572266,66426200,343.941345214844
"2021-01-06",369.709991455078,376.980010986328,369.119995117188,373.549987792969,107997700,345.997650146484
"2021-01-07",376.100006103516,379.899993896484,375.910003662109,379.100006103516,68766800,351.138275146484
"2021-01-08",380.589996337891,381.489990234375,377.100006103516,381.260009765625,71677200,353.138916015625
"2021-01-11",377.850006103516,380.579986572266,377.720001220703,378.690002441406,51034700,350.758483886719
"2021-01-12",378.890014648438,379.859985351562,376.359985351562,378.769989013672,52547700,350.83251953125
"2021-01-13",378.690002441406,380.859985351562,377.850006103516,379.790008544922,45303600,351.777374267578
"2021-01-14",380.589996337891,381.130004882812,378.100006103516,378.459991455078,49989100,350.545440673828
"2021-01-15",376.720001220703,377.579986572266,373.700012207031,375.700012207031,107160000,347.989044189453
"2021-01-19",378.339996337891,379.230010986328,376.75,378.649993896484,51233300,350.721435546875
"2021-01-20",381.109985351562,384.790008544922,380.690002441406,383.890014648438,61836100,355.574951171875
"2021-01-21",384.489990234375,384.950012207031,383.25,384.239990234375,47840100,355.899108886719
"2021-01-22",382.25,384.130004882812,381.839996337891,382.880004882812,52860500,354.639373779297
"2021-01-25",383.670013427734,384.769989013672,378.459991455078,384.390014648438,70402000,356.0380859375
"2021-01-26",385.410003662109,385.850006103516,383.540008544922,383.790008544922,42665300,355.482421875
"2021-01-27",380.220001220703,380.320007324219,372.010009765625,374.410003662109,123351100,346.794158935547
"2021-01-28",376.359985351562,381.929992675781,375.890014648438,377.630004882812,94198100,349.776672363281
"2021-01-29",375.630004882812,376.670013427734,368.269989013672,370.070007324219,126765100,342.774291992188
"2021-02-01",373.720001220703,377.339996337891,370.380004882812,376.230010986328,75817600,348.479919433594
"2021-02-02",379.649993896484,383.220001220703,376.320007324219,381.549987792969,64450700,353.407531738281
"2021-02-03",382.440002441406,383.700012207031,380.480010986328,381.850006103516,52427100,353.685424804688
"2021-02-04",382.959991455078,386.239990234375,381.970001220703,386.190002441406,47142600,357.705352783203
"2021-02-05",388.200012207031,388.470001220703,386.140014648438,387.709991455078,48669800,359.113098144531
"2021-02-08",389.269989013672,390.559997558594,388.350006103516,390.510009765625,38365200,361.706695556641
"2021-02-09",389.609985351562,390.890014648438,389.170013427734,390.25,35551100,361.465789794922
"2021-02-10",392.119995117188,392.279998779297,387.5,390.079986572266,59154400,361.308319091797
"2021-02-11",391.239990234375,391.690002441406,388.100006103516,390.709991455078,42913300,361.891876220703
"2021-02-12",389.850006103516,392.899993896484,389.769989013672,392.640014648438,50593300,363.679595947266
"2021-02-16",393.959991455078,394.170013427734,391.529998779297,392.299987792969,50972400,363.364624023438
"2021-02-17",390.420013427734,392.660003662109,389.329986572266,392.390014648438,52290600,363.448028564453
"2021-02-18",389.589996337891,391.519989013672,387.739990234375,390.720001220703,59712800,361.901153564453
"2021-02-19",392.070007324219,392.380004882812,389.549987792969,390.029998779297,83241000,361.262023925781
"2021-02-22",387.059997558594,389.619995117188,386.739990234375,387.029998779297,67414200,358.483306884766
"2021-02-23",384.660003662109,388.950012207031,380.200012207031,387.5,107284100,358.918701171875
"2021-02-24",386.329986572266,392.230010986328,385.269989013672,391.769989013672,72433900,362.873687744141
"2021-02-25",390.410003662109,391.880004882812,380.779998779297,382.329986572266,146670500,354.130035400391
"2021-02-26",384.350006103516,385.579986572266,378.230010986328,380.359985351562,152701600,352.305267333984
"2021-03-01",385.589996337891,390.920013427734,380.570007324219,389.579986572266,105348800,360.84521484375
"2021-03-02",389.820007324219,390.070007324219,386,386.540008544922,79595300,358.029510498047
"2021-03-03",385.790008544922,386.829986572266,381.309997558594,381.420013427734,119940200,353.287170410156
"2021-03-04",381.220001220703,384,371.880004882812,376.700012207031,183433000,348.915313720703
"2021-03-05",380.459991455078,384.760009765625,372.640014648438,383.630004882812,152039600,355.334136962891
"2021-03-08",384.660003662109,387.679992675781,381.420013427734,381.720001220703,123149200,353.565002441406
"2021-03-09",385.850006103516,389.910003662109,385.309997558594,387.170013427734,113633600,358.613037109375
"2021-03-10",389.690002441406,391.399993896484,388.170013427734,389.579986572266,109899400,360.84521484375
"2021-03-11",392.230010986328,395.649993896484,391.739990234375,393.529998779297,86245000,364.503875732422
"2021-03-12",392.070007324219,394.209991455078,391.200012207031,394.059997558594,64653600,364.994781494141
"2021-03-15",394.329986572266,396.690002441406,392.029998779297,396.410003662109,73427200,367.171508789062
"2021-03-16",397.070007324219,397.829986572266,395.079986572266,395.910003662109,73722500,366.708435058594
"2021-03-17",394.529998779297,398.119995117188,393.299987792969,397.260009765625,97959300,367.958770751953
"2021-03-18",394.480010986328,396.720001220703,390.75,391.480010986328,115349100,362.605194091797
"2021-03-19",389.880004882812,391.570007324219,387.149993896484,389.480010986328,113624500,361.934234619141
"2021-03-22",390.029998779297,394.070007324219,389.970001220703,392.589996337891,73778600,364.824249267578
"2021-03-23",391.910003662109,393.459991455078,388.660003662109,389.5,90686600,361.952819824219
"2021-03-24",391,392.75,387.470001220703,387.519989013672,97588600,360.112762451172
"2021-03-25",385.980010986328,390.549987792969,383.899993896484,389.700012207031,116128600,362.138610839844
"2021-03-26",390.929992675781,396.410003662109,390.290008544922,395.980010986328,114409100,367.974517822266
"2021-03-29",394.399993896484,396.75,392.809997558594,395.779998779297,108107600,367.788543701172
"2021-03-30",394.420013427734,395.450012207031,393.019989013672,394.730010986328,76262200,366.812835693359
"2021-03-31",395.339996337891,398,395.309997558594,396.329986572266,112734200,368.299774169922
"2021-04-01",398.399993896484,400.670013427734,398.179992675781,400.609985351562,99682900,372.277069091797
"2021-04-05",403.459991455078,406.940002441406,403.380004882812,406.359985351562,91684800,377.620330810547
"2021-04-06",405.760009765625,407.239990234375,405.399993896484,406.119995117188,62021000,377.397338867188
"2021-04-07",405.940002441406,406.959991455078,405.450012207031,406.589996337891,55836300,377.834045410156
"2021-04-08",407.929992675781,408.579986572266,406.929992675781,408.519989013672,57863100,379.627532958984
"2021-04-09",408.390014648438,411.670013427734,408.260009765625,411.489990234375,61104600,382.387542724609
"2021-04-12",410.850006103516,411.929992675781,410.200012207031,411.640014648438,56704900,382.526977539062
"2021-04-13",411.529998779297,413.529998779297,411.119995117188,412.859985351562,56551000,383.66064453125
"2021-04-14",412.829986572266,413.959991455078,410.869995117188,411.450012207031,61659900,382.350372314453
"2021-04-15",413.739990234375,416.160003662109,413.690002441406,415.869995117188,60229800,386.457794189453
"2021-04-16",417.25,417.910003662109,415.730010986328,417.260009765625,82037300,387.74951171875
"2021-04-19",416.260009765625,416.739990234375,413.790008544922,415.209991455078,78498500,385.844421386719
"2021-04-20",413.910003662109,415.089996337891,410.589996337891,412.170013427734,81851800,383.019500732422
"2021-04-21",411.510009765625,416.290008544922,411.359985351562,416.070007324219,66793000,386.643585205078
"2021-04-22",415.890014648438,416.779998779297,411.130004882812,412.269989013672,97582800,383.112426757812
"2021-04-23",412.869995117188,418.25,412.790008544922,416.739990234375,73209200,387.266235351562
"2021-04-26",417.440002441406,418.220001220703,416.809997558594,417.609985351562,52182400,388.074584960938
"2021-04-27",417.929992675781,418.140014648438,416.299987792969,417.519989013672,51303100,387.991058349609
"2021-04-28",417.809997558594,419.010009765625,416.899993896484,417.399993896484,51238900,387.879608154297
"2021-04-29",420.320007324219,420.720001220703,416.440002441406,420.059997558594,78544300,390.351470947266
"2021-04-30",417.630004882812,418.540008544922,416.339996337891,417.299987792969,85527000,387.786682128906
"2021-05-03",419.429992675781,419.839996337891,417.670013427734,418.200012207031,68128300,388.623016357422
"2021-05-04",416.070007324219,416.600006103516,411.670013427734,415.619995117188,101591200,386.225463867188
"2021-05-05",417.380004882812,417.630004882812,415.149993896484,415.75,60162200,386.346252441406
"2021-05-06",415.829986572266,419.209991455078,413.679992675781,419.070007324219,74321400,389.431549072266
"2021-05-07",419.890014648438,422.820007324219,419.160003662109,422.119995117188,67733800,392.265747070312
"2021-05-10",422.5,422.739990234375,417.809997558594,417.940002441406,81852400,388.381469726562
"2021-05-11",413.100006103516,415.269989013672,410.059997558594,414.209991455078,116888000,384.915130615234
"2021-05-12",411.230010986328,412.589996337891,404,405.410003662109,134811000,376.737518310547
"2021-05-13",407.070007324219,412.350006103516,407.019989013672,410.279998779297,106394000,381.263122558594
"2021-05-14",413.209991455078,417.489990234375,413.179992675781,416.579986572266,82201600,387.117523193359
"2021-05-17",415.390014648438,416.390014648438,413.359985351562,415.519989013672,65129200,386.132537841797
"2021-05-18",415.799987792969,416.059997558594,411.769989013672,411.940002441406,59810200,382.8056640625
"2021-05-19",406.920013427734,411.049987792969,405.329986572266,410.859985351562,106467100,381.802093505859
"2021-05-20",411.799987792969,416.630004882812,411.670013427734,415.279998779297,78022200,385.909484863281
"2021-05-21",416.869995117188,418.200012207031,414.450012207031,414.940002441406,76578700,385.593505859375
"2021-05-24",417.339996337891,420.320007324219,417.079986572266,419.170013427734,51376700,389.524444580078
"2021-05-25",420.329986572266,420.709991455078,417.619995117188,418.239990234375,57451400,388.660125732422
"2021-05-26",418.869995117188,419.609985351562,417.760009765625,419.070007324219,43088600,389.431549072266
"2021-05-27",420.170013427734,420.720001220703,418.989990234375,419.290008544922,56707700,389.635894775391
"2021-05-28",420.970001220703,421.25,419.790008544922,420.040008544922,58520200,390.332855224609
"2021-06-01",422.570007324219,422.720001220703,419.200012207031,419.670013427734,54216600,389.989013671875
"2021-06-02",420.369995117188,421.230010986328,419.290008544922,420.329986572266,49097100,390.602325439453
"2021-06-03",417.850006103516,419.989990234375,416.279998779297,418.769989013672,58138800,389.152679443359
"2021-06-04",420.75,422.920013427734,418.839996337891,422.600006103516,55938800,392.711761474609
"2021-06-07",422.589996337891,422.779998779297,421.190002441406,422.190002441406,51555000,392.330780029297
"2021-06-08",423.109985351562,423.209991455078,420.320007324219,422.279998779297,47134300,392.414459228516
"2021-06-09",423.179992675781,423.260009765625,421.410003662109,421.649993896484,48436300,391.828948974609
"2021-06-10",422.959991455078,424.630004882812,421.549987792969,423.609985351562,51020100,393.650299072266
"2021-06-11",424.200012207031,424.429992675781,422.820007324219,424.309997558594,45570800,394.300842285156
"2021-06-14",424.429992675781,425.369995117188,423.100006103516,425.260009765625,42358500,395.183685302734
"2021-06-15",425.420013427734,425.459991455078,423.540008544922,424.480010986328,51508500,394.458801269531
"2021-06-16",424.630004882812,424.869995117188,419.920013427734,422.109985351562,80386100,392.256408691406
"2021-06-17",421.670013427734,423.019989013672,419.320007324219,421.970001220703,90949700,392.126342773438
"2021-06-18",417.089996337891,417.829986572266,414.700012207031,414.920013427734,118676300,386.836456298828
"2021-06-21",416.799987792969,421.059997558594,415.929992675781,420.859985351562,72822000,392.374298095703
"2021-06-22",420.850006103516,424,420.079986572266,423.109985351562,57700300,394.472045898438
"2021-06-23",423.190002441406,424.049987792969,422.510009765625,422.600006103516,49445400,393.996551513672
"2021-06-24",424.890014648438,425.549987792969,424.619995117188,425.100006103516,45110300,396.327392578125
"2021-06-25",425.899993896484,427.089996337891,425.549987792969,426.609985351562,58129500,397.735168457031
"2021-06-28",427.170013427734,427.649993896484,425.890014648438,427.470001220703,53159600,398.536956787109
"2021-06-29",427.880004882812,428.559997558594,427.130004882812,427.700012207031,35970500,398.751403808594
"2021-06-30",427.209991455078,428.779998779297,427.179992675781,428.059997558594,64827900,399.087005615234
"2021-07-01",428.869995117188,430.600006103516,428.799987792969,430.429992675781,53441000,401.296569824219
"2021-07-02",431.670013427734,434.100006103516,430.519989013672,433.720001220703,57697700,404.363983154297
"2021-07-06",433.779998779297,434.010009765625,430.010009765625,432.929992675781,68710400,403.627319335938
"2021-07-07",433.660003662109,434.760009765625,431.510009765625,434.459991455078,63549500,405.053802490234
"2021-07-08",428.779998779297,431.730010986328,427.519989013672,430.920013427734,97595200,401.753448486328
"2021-07-09",432.529998779297,435.839996337891,430.709991455078,435.519989013672,76238600,406.042083740234
"2021-07-12",435.429992675781,437.350006103516,434.970001220703,437.079986572266,52889600,407.496520996094
"2021-07-13",436.239990234375,437.839996337891,435.309997558594,435.589996337891,52911300,406.107299804688
"2021-07-14",437.399993896484,437.920013427734,434.910003662109,436.239990234375,64130400,406.71337890625
"2021-07-15",434.809997558594,435.529998779297,432.720001220703,434.75,55126400,405.324249267578
"2021-07-16",436.010009765625,436.059997558594,430.920013427734,431.339996337891,75874700,402.144989013672
"2021-07-19",426.190002441406,431.410003662109,421.970001220703,424.970001220703,147987000,396.206176757812
"2021-07-20",425.679992675781,432.420013427734,424.829986572266,431.059997558594,99608200,401.883911132812
"2021-07-21",432.339996337891,434.700012207031,431.010009765625,434.549987792969,64724400,405.137817382812
"2021-07-22",434.739990234375,435.720001220703,433.690002441406,435.459991455078,47878500,405.986175537109
"2021-07-23",437.519989013672,440.299987792969,436.790008544922,439.940002441406,63766600,410.162963867188
"2021-07-26",439.309997558594,441.029998779297,439.260009765625,441.019989013672,43719200,411.169830322266
"2021-07-27",439.910003662109,439.940002441406,435.989990234375,439.010009765625,67397100,409.295928955078
"2021-07-28",439.679992675781,440.299987792969,437.309997558594,438.829986572266,52472400,409.128021240234
"2021-07-29",439.820007324219,441.799987792969,439.809997558594,440.649993896484,47435300,410.824859619141
"2021-07-30",437.910003662109,440.059997558594,437.769989013672,438.510009765625,68951200,408.829742431641
"2021-08-02",440.339996337891,440.929992675781,437.209991455078,437.589996337891,58783300,407.972076416016
"2021-08-03",438.440002441406,441.279998779297,436.100006103516,441.149993896484,58053900,411.291015625
"2021-08-04",439.779998779297,441.119995117188,438.730010986328,438.980010986328,46732200,409.267974853516
"2021-08-05",440.220001220703,441.850006103516,439.880004882812,441.760009765625,38969700,411.859771728516
"2021-08-06",442.100006103516,442.940002441406,441.799987792969,442.489990234375,46930000,412.540313720703
"2021-08-09",442.459991455078,442.799987792969,441.309997558594,442.130004882812,41222600,412.204681396484
"2021-08-10",442.609985351562,443.440002441406,441.880004882812,442.679992675781,43339300,412.717437744141
"2021-08-11",443.820007324219,443.880004882812,442.619995117188,443.779998779297,44034300,413.743011474609
"2021-08-12",443.619995117188,445.260009765625,442.660003662109,445.109985351562,38909400,414.982971191406
"2021-08-13",445.589996337891,445.940002441406,445.070007324219,445.920013427734,39470300,415.738189697266
"2021-08-16",444.529998779297,447.109985351562,442.869995117188,446.970001220703,73740000,416.717163085938
"2021-08-17",444.239990234375,444.959991455078,440.850006103516,444.040008544922,92673900,413.985443115234
"2021-08-18",442.959991455078,444.630004882812,438.920013427734,439.179992675781,89351900,409.454376220703
"2021-08-19",436.269989013672,441.140014648438,436.119995117188,439.859985351562,92812200,410.088348388672
"2021-08-20",440.230010986328,443.709991455078,439.709991455078,443.359985351562,72008700,413.351409912109
"2021-08-23",445.160003662109,448.230010986328,443.440002441406,447.260009765625,54973000,416.987487792969
"2021-08-24",447.970001220703,448.540008544922,447.420013427734,447.970001220703,38744700,417.649383544922
"2021-08-25",448.170013427734,449.459991455078,447.769989013672,448.910003662109,40529700,418.525817871094
"2021-08-26",448.609985351562,448.859985351562,446.160003662109,446.260009765625,57829600,416.055145263672
"2021-08-27",447.119995117188,450.649993896484,447.059997558594,450.25,77235100,419.775085449219
"2021-08-30",450.970001220703,453.070007324219,450.709991455078,452.230010986328,48357400,421.621124267578
"2021-08-31",452.130004882812,452.489990234375,450.920013427734,451.559997558594,59300200,420.996398925781
"2021-09-01",452.559997558594,453.109985351562,451.549987792969,451.799987792969,48721400,421.22021484375
"2021-09-02",453.320007324219,454.049987792969,451.910003662109,453.190002441406,42501000,422.516082763672
"2021-09-03",451.980010986328,453.630004882812,451.549987792969,453.079986572266,47170500,422.413513183594
"2021-09-07",452.709991455078,452.809997558594,450.739990234375,451.459991455078,51671500,420.903137207031
"2021-09-08",450.890014648438,451.670013427734,448.859985351562,450.910003662109,56181900,420.390441894531
"2021-09-09",450.700012207031,452.570007324219,448.720001220703,448.980010986328,57970400,418.591064453125
"2021-09-10",451.040008544922,451.489990234375,445.309997558594,445.440002441406,89948200,415.290679931641
"2021-09-13",448.640014648438,448.920013427734,444.109985351562,446.579986572266,83738600,416.353454589844
"2021-09-14",448.119995117188,448.339996337891,443.220001220703,444.170013427734,78197100,414.106597900391
"2021-09-15",444.619995117188,448.410003662109,443.440002441406,447.880004882812,78792200,417.565460205078
"2021-09-16",447.320007324219,448.359985351562,444.019989013672,447.170013427734,77786700,416.903564453125
"2021-09-17",444.920013427734,445.369995117188,441.019989013672,441.399993896484,118425000,412.842498779297
"2021-09-20",434.880004882812,436.559997558594,428.859985351562,434.040008544922,166445500,405.958709716797
"2021-09-21",436.529998779297,437.910003662109,433.070007324219,433.630004882812,92526100,405.575164794922
"2021-09-22",436.049987792969,440.029998779297,433.75,437.859985351562,102350100,409.531555175781
"2021-09-23",439.850006103516,444.890014648438,439.600006103516,443.179992675781,76396000,414.50732421875
"2021-09-24",441.440002441406,444.670013427734,441.209991455078,443.910003662109,62094800,415.190124511719
"2021-09-27",442.809997558594,444.049987792969,441.899993896484,442.640014648438,61371100,414.002258300781
"2021-09-28",439.690002441406,440.040008544922,432.940002441406,433.720001220703,130436300,405.659423828125
"2021-09-29",435.190002441406,437.040008544922,433.850006103516,434.450012207031,82329200,406.342193603516
"2021-09-30",436.019989013672,436.769989013672,428.779998779297,429.140014648438,140506000,401.375671386719
"2021-10-01",430.980010986328,436.029998779297,427.230010986328,434.239990234375,129240100,406.145690917969
"2021-10-04",433,433.959991455078,426.359985351562,428.640014648438,128570000,400.908081054688
"2021-10-05",430.239990234375,435.489990234375,429.390014648438,433.100006103516,90682500,405.079559326172
"2021-10-06",429.269989013672,435.119995117188,427.540008544922,434.899993896484,113032200,406.763061523438
"2021-10-07",438.390014648438,441.679992675781,438.200012207031,438.660003662109,72437500,410.27978515625
"2021-10-08",439.480010986328,439.890014648438,437.190002441406,437.859985351562,74557400,409.531555175781
"2021-10-11",437.160003662109,440.260009765625,434.619995117188,434.690002441406,65233300,406.566650390625
"2021-10-12",435.670013427734,436.100006103516,432.779998779297,433.619995117188,71181200,405.565856933594
"2021-10-13",434.709991455078,436.049987792969,431.540008544922,435.179992675781,72974000,407.024871826172
"2021-10-14",439.079986572266,442.660003662109,438.579986572266,442.5,70236800,413.871337890625
"2021-10-15",444.75,446.260009765625,444.089996337891,445.869995117188,66260200,417.023284912109
"2021-10-18",443.970001220703,447.549987792969,443.269989013672,447.190002441406,62213200,418.257843017578
"2021-10-19",448.920013427734,450.709991455078,448.269989013672,450.640014648438,46996800,421.484649658203
"2021-10-20",451.130004882812,452.730010986328,451.010009765625,452.410003662109,49571600,423.14013671875
"2021-10-21",451.769989013672,453.829986572266,451.309997558594,453.589996337891,41305400,424.243804931641
"2021-10-22",453.130004882812,454.670013427734,451.049987792969,453.119995117188,58845100,423.804229736328
"2021-10-25",454.279998779297,455.899993896484,452.390014648438,455.549987792969,45214500,426.077026367188
"2021-10-26",457.200012207031,458.489990234375,455.559997558594,455.959991455078,56075100,426.46044921875
"2021-10-27",456.450012207031,457.160003662109,453.859985351562,453.940002441406,72438000,424.571197509766
"2021-10-28",455.459991455078,458.399993896484,455.450012207031,458.320007324219,51437900,428.667785644531
"2021-10-29",455.869995117188,459.559997558594,455.559997558594,459.25,70162400,429.537689208984
"2021-11-01",460.299987792969,460.700012207031,458.200012207031,460.040008544922,48433600,430.276550292969
"2021-11-02",460.220001220703,462.230010986328,460.079986572266,461.899993896484,48908400,432.016204833984
"2021-11-03",461.299987792969,465.149993896484,460.829986572266,464.720001220703,52509800,434.653778076172
"2021-11-04",465.359985351562,467,464.989990234375,466.910003662109,52847100,436.702178955078
"2021-11-05",469.279998779297,470.649993896484,466.920013427734,468.529998779297,66390600,438.21728515625
"2021-11-08",469.700012207031,470.230010986328,468.200012207031,468.929992675781,50405200,438.591369628906
"2021-11-09",469.320007324219,469.570007324219,465.880004882812,467.380004882812,51149100,437.141662597656
"2021-11-10",465.579986572266,467.380004882812,462.040008544922,463.619995117188,69429700,433.624908447266
"2021-11-11",465.209991455078,465.290008544922,463.75,463.769989013672,34848500,433.765106201172
"2021-11-12",465.119995117188,467.859985351562,464.109985351562,467.269989013672,53466700,437.038726806641
"2021-11-15",468.640014648438,468.809997558594,466.230010986328,467.429992675781,46980500,437.188446044922
"2021-11-16",467.149993896484,470.489990234375,467.070007324219,469.279998779297,48857500,438.918731689453
"2021-11-17",469,469.190002441406,467.480010986328,468.140014648438,47858300,437.8525390625
"2021-11-18",469.239990234375,470.010009765625,466.339996337891,469.730010986328,50625600,439.339538574219
"2021-11-19",469.609985351562,470.940002441406,468.5,468.890014648438,57315600,438.553985595703
"2021-11-22",470.890014648438,473.540008544922,467.350006103516,467.570007324219,72762000,437.319366455078
"2021-11-23",467.220001220703,469.100006103516,464.450012207031,468.190002441406,73206500,437.899291992188
"2021-11-24",466.059997558594,469.570007324219,465.190002441406,469.440002441406,61858800,439.068389892578
"2021-11-26",462.339996337891,463.899993896484,457.769989013672,458.970001220703,112669600,429.275787353516
"2021-11-29",464.070007324219,466.559997558594,461.730010986328,464.600006103516,86268800,434.541595458984
"2021-11-30",462,464.029998779297,455.299987792969,455.559997558594,148559600,426.08642578125
"2021-12-01",461.640014648438,464.670013427734,450.290008544922,450.5,131939200,421.353790283203
"2021-12-02",450.730010986328,459.070007324219,450.309997558594,457.399993896484,127637800,427.807342529297
"2021-12-03",459.170013427734,460.299987792969,448.920013427734,453.420013427734,137331600,424.084838867188
"2021-12-06",456.130004882812,460.790008544922,453.559997558594,458.790008544922,98977500,429.107391357422
"2021-12-07",464.410003662109,468.880004882812,458.649993896484,468.279998779297,95484700,437.983428955078
"2021-12-08",468.700012207031,470,466.829986572266,469.519989013672,72238800,439.143157958984
"2021-12-09",468.149993896484,469.630004882812,466.140014648438,466.350006103516,61272600,436.178283691406
"2021-12-10",469.230010986328,470.899993896484,466.510009765625,470.739990234375,77159800,440.284271240234
"2021-12-13",470.190002441406,470.559997558594,466.269989013672,466.570007324219,87724700,436.384124755859
"2021-12-14",463.089996337891,465.739990234375,460.25,463.359985351562,97264100,433.381774902344
"2021-12-15",463.420013427734,470.859985351562,460.739990234375,470.600006103516,116899300,440.153289794922
"2021-12-16",472.570007324219,472.869995117188,464.799987792969,466.450012207031,116568600,436.271850585938
"2021-12-17",461.549987792969,464.739990234375,458.059997558594,459.869995117188,135511600,431.628631591797
"2021-12-20",454.480010986328,455.399993896484,451.140014648438,454.980010986328,107134800,427.038970947266
"2021-12-21",458.609985351562,463.209991455078,456.309997558594,463.059997558594,69806300,434.622680664062
"2021-12-22",462.790008544922,467.809997558594,462.579986572266,467.690002441406,58890200,438.968414306641
"2021-12-23",468.75,472.190002441406,468.640014648438,470.600006103516,56439700,441.699676513672
"2021-12-27",472.059997558594,477.309997558594,472.010009765625,477.260009765625,56808600,447.950653076172
"2021-12-28",477.720001220703,478.809997558594,476.059997558594,476.869995117188,47274600,447.584655761719
"2021-12-29",476.980010986328,478.559997558594,475.920013427734,477.480010986328,54503000,448.157196044922
"2021-12-30",477.929992675781,479,475.670013427734,476.160003662109,55329000,446.918212890625
"2021-12-31",475.640014648438,476.859985351562,474.670013427734,474.959991455078,65237400,445.791931152344
"2022-01-03",476.299987792969,477.850006103516,473.850006103516,477.709991455078,72668200,448.373016357422
"2022-01-04",479.220001220703,479.980010986328,475.579986572266,477.549987792969,71178700,448.222869873047
"2022-01-05",477.160003662109,477.980010986328,468.279998779297,468.380004882812,104538900,439.616027832031
"2022-01-06",467.890014648438,470.820007324219,465.429992675781,467.940002441406,86858900,439.203063964844
"2022-01-07",467.950012207031,469.200012207031,464.649993896484,466.089996337891,85111600,437.466644287109
"2022-01-10",462.700012207031,465.739990234375,456.600006103516,465.510009765625,119362000,436.922302246094
"2022-01-11",465.230010986328,469.850006103516,462.049987792969,469.75,74303100,440.901977539062
"2022-01-12",471.589996337891,473.200012207031,468.940002441406,471.019989013672,67605400,442.093963623047
"2022-01-13",472.190002441406,472.880004882812,463.440002441406,464.529998779297,91173100,436.00244140625
"2022-01-14",461.190002441406,465.089996337891,459.899993896484,464.720001220703,95890900,436.180816650391
"2022-01-18",459.739990234375,459.959991455078,455.309997558594,456.489990234375,109709100,428.456298828125
"2022-01-19",458.130004882812,459.609985351562,451.459991455078,451.75,109357600,424.007354736328
"2022-01-20",453.75,458.739990234375,444.5,446.75,122379700,419.314392089844
"2022-01-21",445.559997558594,448.059997558594,437.950012207031,437.980010986328,202271200,411.082916259766
"2022-01-24",432.029998779297,440.380004882812,420.760009765625,439.839996337891,251783900,412.828735351562
"2022-01-25",433.059997558594,439.720001220703,427.149993896484,434.470001220703,167997300,407.788543701172
"2022-01-26",440.720001220703,444.040008544922,428.859985351562,433.380004882812,186391100,406.765350341797
"2022-01-27",438.260009765625,441.589996337891,429.450012207031,431.239990234375,149878300,404.756805419922
"2022-01-28",432.679992675781,442,427.820007324219,441.950012207031,164457400,414.809143066406
"2022-01-31",441.239990234375,450.279998779297,439.809997558594,449.910003662109,152251400,422.280212402344
"2022-02-01",450.679992675781,453.630004882812,446.940002441406,452.950012207031,123155400,425.133605957031
"2022-02-02",455.5,458.119995117188,453.049987792969,457.350006103516,117361000,429.263427734375
"2022-02-03",450.950012207031,452.970001220703,445.709991455078,446.600006103516,118024400,419.173614501953
"2022-02-04",446.350006103516,452.779998779297,443.829986572266,448.700012207031,118454400,421.14453125
"2022-02-07",449.510009765625,450.989990234375,445.850006103516,447.260009765625,84472900,419.793029785156
"2022-02-08",446.730010986328,451.920013427734,445.220001220703,450.940002441406,81012000,423.247039794922
"2022-02-09",455.220001220703,457.880004882812,455.010009765625,457.540008544922,92589900,429.441741943359
"2022-02-10",451.339996337891,457.709991455078,447.200012207031,449.320007324219,140103700,421.7265625
"2022-02-11",449.410003662109,451.609985351562,438.940002441406,440.459991455078,153214600,413.41064453125
"2022-02-14",439.920013427734,441.600006103516,435.339996337891,439.019989013672,123006300,412.058990478516
"2022-02-15",443.730010986328,446.279998779297,443.179992675781,446.100006103516,88482700,418.704284667969
"2022-02-16",443.929992675781,448.059997558594,441.940002441406,446.600006103516,84863600,419.173614501953
"2022-02-17",443.220001220703,446.570007324219,436.420013427734,437.059997558594,102259100,410.219421386719
"2022-02-18",437.329986572266,438.660003662109,431.820007324219,434.230010986328,132642900,407.563262939453
"2022-02-22",431.890014648438,435.5,425.859985351562,429.570007324219,124391800,403.189422607422
"2022-02-23",432.660003662109,433.260009765625,421.350006103516,421.950012207031,132578000,396.037414550781
"2022-02-24",411.019989013672,428.760009765625,410.640014648438,428.299987792969,213942900,401.997375488281
"2022-02-25",429.609985351562,437.839996337891,427.859985351562,437.75,121804500,410.867065429688
"2022-02-28",432.029998779297,438.200012207031,430.700012207031,436.630004882812,145615000,409.815765380859
"2022-03-01",435.040008544922,437.170013427734,427.109985351562,429.980010986328,137785900,403.574310302734
"2022-03-02",432.369995117188,439.720001220703,431.570007324219,437.890014648438,117726500,410.998474121094
"2022-03-03",440.470001220703,441.109985351562,433.799987792969,435.709991455078,105501700,408.952331542969
"2022-03-04",431.75,433.369995117188,427.880004882812,432.170013427734,113978200,405.629730224609
"2022-03-07",431.549987792969,432.299987792969,419.359985351562,419.429992675781,137896600,393.672119140625
"2022-03-08",419.619995117188,427.209991455078,415.119995117188,416.25,164772700,390.687408447266
"2022-03-09",425.140014648438,429.510009765625,422.820007324219,427.410003662109,116990800,401.162017822266
"2022-03-10",422.519989013672,426.429992675781,420.440002441406,425.480010986328,93972700,399.350555419922
"2022-03-11",428.119995117188,428.769989013672,419.529998779297,420.070007324219,95636300,394.272827148438
"2022-03-14",420.890014648438,424.549987792969,415.790008544922,417,95729200,391.391357421875
"2022-03-15",419.769989013672,426.839996337891,418.420013427734,426.170013427734,106219100,399.998168945312
"2022-03-16",429.890014648438,435.679992675781,424.799987792969,435.619995117188,144954800,408.867889404297
"2022-03-17",433.589996337891,441.070007324219,433.190002441406,441.070007324219,102676900,413.983184814453
"2022-03-18",438,444.859985351562,437.220001220703,444.519989013672,106345500,418.517456054688
"2022-03-21",444.339996337891,446.459991455078,440.679992675781,444.390014648438,88349800,418.395050048828
"2022-03-22",445.859985351562,450.579986572266,445.859985351562,449.589996337891,74650400,423.290924072266
"2022-03-23",446.910003662109,448.489990234375,443.709991455078,443.799987792969,79426100,417.839599609375
"2022-03-24",445.940002441406,450.5,444.760009765625,450.489990234375,64736900,424.138275146484
"2022-03-25",451.160003662109,452.980010986328,448.429992675781,452.690002441406,77101300,426.209594726562
"2022-03-28",452.059997558594,455.910003662109,450.059997558594,455.910003662109,68529800,429.2412109375
"2022-03-29",460.019989013672,462.070007324219,457.179992675781,461.549987792969,86581500,434.55126953125
"2022-03-30",460.339996337891,461.200012207031,456.470001220703,458.700012207031,79666900,431.867980957031
"2022-03-31",457.890014648438,458.760009765625,451.160003662109,451.640014648438,121699900,425.220947265625
"2022-04-01",453.309997558594,453.459991455078,449.140014648438,452.920013427734,89048800,426.426055908203
"2022-04-04",453.130004882812,456.910003662109,452.260009765625,456.799987792969,59601000,430.079040527344
"2022-04-05",455.220001220703,457.829986572266,449.820007324219,451.029998779297,74214500,424.646606445312
"2022-04-06",446.890014648438,448.929992675781,443.470001220703,446.519989013672,106898000,420.400512695312
"2022-04-07",445.589996337891,450.690002441406,443.529998779297,448.769989013672,78097200,422.518859863281
"2022-04-08",447.970001220703,450.630004882812,445.940002441406,447.570007324219,79272700,421.389038085938
"2022-04-11",444.109985351562,445,439.390014648438,439.920013427734,89770500,414.186584472656
"2022-04-12",443.079986572266,445.75,436.649993896484,438.290008544922,84363600,412.651885986328
"2022-04-13",438.029998779297,444.109985351562,437.839996337891,443.309997558594,74070400,417.378204345703
"2022-04-14",443.549987792969,444.730010986328,437.679992675781,437.790008544922,97869500,412.181121826172
"2022-04-18",436.809997558594,439.75,435.609985351562,437.970001220703,66002500,412.350616455078
"2022-04-19",437.859985351562,445.799987792969,437.679992675781,445.040008544922,77821000,419.006988525391
"2022-04-20",446.920013427734,447.570007324219,443.480010986328,444.709991455078,65224400,418.696350097656
"2022-04-21",448.540008544922,450.010009765625,437.100006103516,438.059997558594,85417300,412.435302734375
"2022-04-22",436.910003662109,438.079986572266,425.440002441406,426.040008544922,132471800,401.118499755859
"2022-04-25",423.670013427734,428.690002441406,418.839996337891,428.510009765625,119647700,403.444000244141
"2022-04-26",425.829986572266,426.040008544922,416.070007324219,416.100006103516,103996300,391.759918212891
"2022-04-27",417.239990234375,422.920013427734,415.010009765625,417.269989013672,122030000,392.861450195312
"2022-04-28",422.290008544922,429.640014648438,417.600006103516,427.809997558594,105449100,402.785003662109
"2022-04-29",423.589996337891,425.869995117188,411.209991455078,412,145491100,387.899749755859
"2022-05-02",412.070007324219,415.920013427734,405.019989013672,414.480010986328,158312500,390.234649658203
"2022-05-03",415.010009765625,418.929992675781,413.359985351562,416.380004882812,100028200,392.023559570312
"2022-05-04",417.079986572266,429.660003662109,413.709991455078,429.059997558594,144247900,403.961822509766
"2022-05-05",424.549987792969,425,409.440002441406,413.809997558594,172929100,389.603851318359
"2022-05-06",411.100006103516,414.799987792969,405.730010986328,411.339996337891,151770800,387.278381347656
"2022-05-09",405.100006103516,406.410003662109,396.5,398.170013427734,155586100,374.878723144531
"2022-05-10",404.489990234375,406.079986572266,394.820007324219,399.089996337891,132497200,375.744903564453
"2022-05-11",398.070007324219,404.040008544922,391.959991455078,392.75,142361000,369.775756835938
"2022-05-12",389.369995117188,395.799987792969,385.149993896484,392.339996337891,125090800,369.389770507812
"2022-05-13",396.709991455078,403.179992675781,395.609985351562,401.720001220703,104174400,378.221130371094
"2022-05-16",399.980010986328,403.970001220703,397.600006103516,400.089996337891,78622400,376.686401367188
"2022-05-17",406.529998779297,408.570007324219,402.579986572266,408.320007324219,83029700,384.434997558594
"2022-05-18",403.5,403.799987792969,390.549987792969,391.859985351562,117674500,368.937896728516
"2022-05-19",388.619995117188,394.140014648438,387.109985351562,389.459991455078,98510700,366.67822265625
"2022-05-20",393.25,397.029998779297,380.540008544922,389.630004882812,131432200,366.838317871094
"2022-05-23",392.829986572266,397.730010986328,390.380004882812,396.920013427734,76414900,373.701904296875
"2022-05-24",392.559997558594,395.149993896484,386.959991455078,393.890014648438,91448800,370.849090576172
"2022-05-25",392.309997558594,399.450012207031,391.890014648438,397.369995117188,91472900,374.125518798828
"2022-05-26",398.670013427734,407.040008544922,398.450012207031,405.309997558594,82168300,381.60107421875
"2022-05-27",407.910003662109,415.380004882812,407.700012207031,415.260009765625,84768700,390.968994140625
"2022-05-31",413.549987792969,416.459991455078,410.029998779297,412.929992675781,95937000,388.775390625
"2022-06-01",415.170013427734,416.239990234375,406.929992675781,409.589996337891,86585800,385.630737304688
"2022-06-02",409.420013427734,417.440002441406,407.040008544922,417.390014648438,79609600,392.974487304688
"2022-06-03",412.399993896484,414.040008544922,409.510009765625,410.540008544922,71874300,386.525146484375
"2022-06-06",414.779998779297,416.609985351562,410.549987792969,411.790008544922,57508900,387.702117919922
"2022-06-07",408.100006103516,416.220001220703,407.609985351562,415.739990234375,59272400,391.420928955078
"2022-06-08",413.929992675781,415.820007324219,410.380004882812,411.220001220703,64350000,387.165405273438
"2022-06-09",409.339996337891,411.739990234375,401.440002441406,401.440002441406,86289800,377.957458496094
"2022-06-10",394.880004882812,395.779998779297,389.75,389.799987792969,132893900,366.998352050781
"2022-06-13",379.850006103516,381.809997558594,373.299987792969,375,170004900,353.064208984375
"2022-06-14",376.850006103516,377.940002441406,370.589996337891,373.869995117188,104011800,352.000213623047
"2022-06-15",377.359985351562,383.899993896484,372.119995117188,379.200012207031,125666800,357.018402099609
"2022-06-16",370.510009765625,370.940002441406,364.079986572266,366.649993896484,134473300,345.202545166016
"2022-06-17",365.510009765625,369.380004882812,362.170013427734,365.859985351562,111113900,345.946655273438
"2022-06-21",371.890014648438,376.529998779297,371.809997558594,375.070007324219,76811900,354.655426025391
"2022-06-22",370.619995117188,378.720001220703,370.179992675781,374.390014648438,90059400,354.012390136719
"2022-06-23",376.640014648438,378.829986572266,372.890014648438,378.059997558594,79292100,357.482696533203
"2022-06-24",381.399993896484,390.089996337891,381.369995117188,390.079986572266,98050300,368.848388671875
"2022-06-27",391.049987792969,391.359985351562,387.440002441406,388.589996337891,66009600,367.439544677734
"2022-06-28",390.230010986328,393.160003662109,380.529998779297,380.649993896484,86548900,359.931701660156
"2022-06-29",381.230010986328,382.269989013672,378.420013427734,380.339996337891,65676000,359.638519287109
"2022-06-30",376.239990234375,380.660003662109,372.559997558594,377.25,112508300,356.716735839844
"2022-07-01",376.559997558594,381.700012207031,373.799987792969,381.239990234375,74839700,360.489532470703
"2022-07-05",375.880004882812,381.980010986328,372.899993896484,381.959991455078,81438000,361.170349121094
"2022-07-06",382.109985351562,385.869995117188,379.600006103516,383.25,70426200,362.390167236328
"2022-07-07",385.119995117188,389.829986572266,383.269989013672,388.989990234375,64525900,367.817657470703
"2022-07-08",387.269989013672,390.640014648438,385.660003662109,388.670013427734,72397800,367.515228271484
"2022-07-11",385.850006103516,386.869995117188,383.5,384.230010986328,58366900,363.316864013672
"2022-07-12",383.649993896484,386.160003662109,378.989990234375,380.829986572266,62219200,360.101898193359
"2022-07-13",375.100006103516,381.920013427734,374.660003662109,378.829986572266,84224600,358.210754394531
"2022-07-14",373.609985351562,379.049987792969,371.040008544922,377.910003662109,89704800,357.340850830078
"2022-07-15",382.549987792969,385.25,380.540008544922,385.130004882812,79060400,364.167816162109
"2022-07-18",388.380004882812,389.089996337891,380.660003662109,381.950012207031,63203600,361.160949707031
"2022-07-19",386.079986572266,392.869995117188,385.390014648438,392.269989013672,78506000,370.919250488281
"2022-07-20",392.470001220703,396.260009765625,391.029998779297,394.769989013672,71843800,373.283142089844
"2022-07-21",394.160003662109,398.839996337891,391.630004882812,398.790008544922,64903900,377.084381103516
"2022-07-22",398.920013427734,400.179992675781,392.75,395.089996337891,72197300,373.585754394531
"2022-07-25",395.75,396.470001220703,393.209991455078,395.570007324219,53631500,374.039581298828
"2022-07-26",393.839996337891,394.059997558594,389.950012207031,390.890014648438,52946400,369.614318847656
"2022-07-27",394.359985351562,402.880004882812,394.049987792969,401.040008544922,82342100,379.211853027344
"2022-07-28",401.890014648438,406.799987792969,398.149993896484,406.070007324219,73966600,383.968139648438
"2022-07-29",407.579986572266,413.029998779297,406.769989013672,411.989990234375,87003700,389.56591796875
"2022-08-01",409.149993896484,413.410003662109,408.399993896484,410.769989013672,69997500,388.412261962891
"2022-08-02",409.119995117188,413,406.820007324219,408.059997558594,63435400,385.849884033203
"2022-08-03",410.299987792969,415.679992675781,410,414.450012207031,67820600,391.891998291016
"2022-08-04",414.369995117188,415.089996337891,412.440002441406,414.170013427734,45656600,391.627227783203
"2022-08-05",409.660003662109,414.149993896484,409.600006103516,413.470001220703,56814900,390.965362548828
"2022-08-08",415.25,417.619995117188,411.829986572266,412.989990234375,53886100,390.511505126953
"2022-08-09",412.220001220703,412.75,410.220001220703,411.350006103516,44931800,388.960723876953
"2022-08-10",418.779998779297,420.140014648438,416.720001220703,419.989990234375,68665700,397.130432128906
"2022-08-11",422.989990234375,424.950012207031,419.209991455078,419.989990234375,59489700,397.130432128906
"2022-08-12",422.029998779297,427.209991455078,421.029998779297,427.100006103516,61694500,403.853485107422
"2022-08-15",424.769989013672,429.410003662109,424.709991455078,428.859985351562,54048300,405.517669677734
"2022-08-16",427.730010986328,431.730010986328,426.880004882812,429.700012207031,59289000,406.311950683594
"2022-08-17",425.910003662109,429.5,424.540008544922,426.649993896484,63563400,403.427917480469
"2022-08-18",426.859985351562,428.609985351562,425.5,427.890014648438,49023200,404.600402832031
"2022-08-19",424.980010986328,425.260009765625,421.220001220703,422.140014648438,68016900,399.163513183594
"2022-08-22",417.049987792969,417.230010986328,412.399993896484,413.350006103516,77695600,390.851776123047
"2022-08-23",412.899993896484,415.420013427734,411.769989013672,412.350006103516,49105200,389.906280517578
"2022-08-24",412.109985351562,415.109985351562,411.390014648438,413.670013427734,49177800,391.154479980469
"2022-08-25",415.239990234375,419.559997558594,414.089996337891,419.510009765625,50942300,396.676574707031
"2022-08-26",419.390014648438,419.959991455078,405.25,405.309997558594,103087000,383.249420166016
"2022-08-29",402.200012207031,405.839996337891,401.200012207031,402.630004882812,65370800,380.71533203125
"2022-08-30",403.850006103516,404.100006103516,396,398.209991455078,85652400,376.536010742188
"2022-08-31",399.929992675781,401.239990234375,395.040008544922,395.179992675781,76029700,373.670837402344
"2022-09-01",392.890014648438,396.779998779297,390.040008544922,396.420013427734,78740100,374.843322753906
"2022-09-02",400.279998779297,401.559997558594,390.329986572266,392.239990234375,99632100,370.890838623047
"2022-09-06",393.130004882812,394.119995117188,388.420013427734,390.760009765625,76637400,369.491424560547
"2022-09-07",390.429992675781,398.589996337891,390.200012207031,397.779998779297,70964200,376.129272460938
"2022-09-08",395.390014648438,400.859985351562,394.119995117188,400.380004882812,80821700,378.587829589844
"2022-09-09",402.739990234375,407.510009765625,402.459991455078,406.600006103516,76706900,384.469268798828
"2022-09-12",408.779998779297,411.730010986328,408.459991455078,410.970001220703,69256300,388.601379394531
"2022-09-13",401.829986572266,403.100006103516,391.920013427734,393.100006103516,122947100,371.704040527344
"2022-09-14",394.470001220703,396.200012207031,391.119995117188,394.600006103516,85023700,373.122406005859
"2022-09-15",392.959991455078,395.959991455078,388.779998779297,390.119995117188,87633800,368.886260986328
"2022-09-16",384.140014648438,386.25,382.109985351562,385.559997558594,103084800,366.072021484375
"2022-09-19",382.260009765625,388.549987792969,382.179992675781,388.549987792969,73278500,368.910919189453
"2022-09-20",385.059997558594,386.119995117188,381.200012207031,384.089996337891,77274900,364.676330566406
"2022-09-21",386.109985351562,389.309997558594,377.380004882812,377.390014648438,106746600,358.315032958984
"2022-09-22",376.579986572266,378.299987792969,373.440002441406,374.220001220703,89472600,355.305236816406
"2022-09-23",370.579986572266,370.619995117188,363.290008544922,367.950012207031,122346900,349.352142333984
"2022-09-26",366.410003662109,370.209991455078,363.029998779297,364.309997558594,92581200,345.896148681641
"2022-09-27",368.019989013672,370.399993896484,360.869995117188,363.380004882812,108294100,345.013153076172
"2022-09-28",364.380004882812,372.299987792969,362.600006103516,370.529998779297,110802200,351.8017578125
"2022-09-29",366.809997558594,367.109985351562,359.700012207031,362.790008544922,112952300,344.453002929688
"2022-09-30",361.799987792969,365.910003662109,357.040008544922,357.179992675781,153711200,339.126495361328
"2022-10-03",361.079986572266,368.549987792969,359.209991455078,366.609985351562,89756500,348.079833984375
"2022-10-04",372.399993896484,378,366.570007324219,377.970001220703,103602800,358.86572265625
"2022-10-05",373.390014648438,379.459991455078,370.950012207031,377.089996337891,88065700,358.030212402344
"2022-10-06",375.619995117188,378.720001220703,372.679992675781,373.200012207031,82333500,354.336822509766
"2022-10-07",368.970001220703,373.290008544922,360.940002441406,362.790008544922,107789500,344.453002929688
"2022-10-10",363.959991455078,364.209991455078,357.670013427734,360.019989013672,76042800,341.822967529297
"2022-10-11",358.239990234375,363.029998779297,355.709991455078,357.739990234375,92482800,339.658233642578
"2022-10-12",358.170013427734,359.820007324219,356.299987792969,356.559997558594,76991800,338.537841796875
"2022-10-13",349.209991455078,367.510009765625,348.109985351562,365.970001220703,147254500,347.472229003906
"2022-10-14",368.549987792969,370.260009765625,356.959991455078,357.630004882812,123737000,339.5537109375
"2022-10-17",364.010009765625,367.980010986328,357.279998779297,366.820007324219,93168200,348.279266357422
"2022-10-18",375.130004882812,375.450012207031,367.519989013672,371.130004882812,97162900,352.371337890625
"2022-10-19",368.989990234375,371.850006103516,365.549987792969,368.5,79746900,349.874328613281
"2022-10-20",368.029998779297,372.670013427734,364.609985351562,365.410003662109,88283100,346.940521240234
"2022-10-21",365.119995117188,374.799987792969,363.540008544922,374.290008544922,131038400,355.371704101562
"2022-10-24",375.890014648438,380.059997558594,373.109985351562,378.869995117188,85436900,359.72021484375
"2022-10-25",378.790008544922,385.25,378.670013427734,384.920013427734,78846300,365.464447021484
"2022-10-26",381.619995117188,387.579986572266,381.350006103516,382.019989013672,104087300,362.711059570312
"2022-10-27",383.070007324219,385,379.329986572266,379.980010986328,81971800,360.774108886719
"2022-10-28",379.869995117188,389.519989013672,379.679992675781,389.019989013672,100302000,369.357177734375
"2022-10-31",386.440002441406,388.399993896484,385.260009765625,386.209991455078,96631300,366.689208984375
"2022-11-01",390.140014648438,390.390014648438,383.290008544922,384.519989013672,85407600,365.084655761719
"2022-11-02",383.899993896484,388.630004882812,374.760009765625,374.869995117188,126990400,355.922485351562
"2022-11-03",371.470001220703,374.200012207031,368.790008544922,371.010009765625,87100100,352.257537841797
"2022-11-04",377,378.869995117188,370,376.350006103516,103505200,357.32763671875
"2022-11-07",377.709991455078,380.570007324219,375.529998779297,379.950012207031,68286900,360.745635986328
"2022-11-08",381.109985351562,385.119995117188,377.720001220703,382,84641100,362.691986083984
"2022-11-09",379.929992675781,381.140014648438,373.609985351562,374.130004882812,78495500,355.219818115234
"2022-11-10",388.049987792969,395.040008544922,385.640014648438,394.690002441406,141455800,374.740692138672
"2022-11-11",395.589996337891,399.350006103516,393.609985351562,398.510009765625,93839900,378.367523193359
"2022-11-14",396.660003662109,400.179992675781,394.829986572266,395.119995117188,71903500,375.148834228516
"2022-11-15",401.149993896484,402.309997558594,394.489990234375,398.489990234375,93194500,378.348541259766
"2022-11-16",396.779998779297,397.779998779297,394.790008544922,395.450012207031,68508500,375.462188720703
"2022-11-17",390.459991455078,394.950012207031,390.140014648438,394.239990234375,74496300,374.313323974609
"2022-11-18",397.739990234375,397.809997558594,393.040008544922,396.029998779297,92922500,376.012939453125
"2022-11-21",394.640014648438,395.820007324219,392.660003662109,394.589996337891,51243200,374.645629882812
"2022-11-22",396.630004882812,400.070007324219,395.149993896484,399.899993896484,60429000,379.687194824219
"2022-11-23",399.549987792969,402.929992675781,399.309997558594,402.420013427734,68261600,382.079925537109
"2022-11-25",401.829986572266,402.910003662109,401.540008544922,402.329986572266,30545400,381.994384765625
"2022-11-28",399.089996337891,400.809997558594,395.109985351562,395.910003662109,67881600,375.89892578125
"2022-11-29",396.049987792969,397.299987792969,393.299987792969,395.230010986328,52310000,375.253326416016
"2022-11-30",395.489990234375,407.679992675781,393.480010986328,407.679992675781,144566700,387.074035644531
"2022-12-01",408.769989013672,410,404.75,407.380004882812,76398200,386.789215087891
"2022-12-02",402.25,407.859985351562,402.140014648438,406.910003662109,85342700,386.342926025391
"2022-12-05",403.950012207031,404.929992675781,398.170013427734,399.589996337891,77289800,379.392944335938
"2022-12-06",399.420013427734,399.989990234375,391.640014648438,393.829986572266,77972200,373.924011230469
"2022-12-07",392.940002441406,395.640014648438,391.970001220703,393.160003662109,65927900,373.287963867188
"2022-12-08",395.140014648438,397.359985351562,393.269989013672,396.239990234375,60737900,376.212249755859
"2022-12-09",394.940002441406,397.619995117188,393.149993896484,393.279998779297,81447700,373.401824951172
"2022-12-12",394.109985351562,398.950012207031,393.410003662109,398.950012207031,75405800,378.785308837891
"2022-12-13",410.220001220703,410.489990234375,399.070007324219,401.970001220703,123782500,381.652557373047
"2022-12-14",401.609985351562,405.5,396.309997558594,399.399993896484,108111300,379.212524414062
"2022-12-15",394.299987792969,395.25,387.890014648438,389.630004882812,117705900,369.936370849609
"2022-12-16",385.179992675781,386.579986572266,381.040008544922,383.269989013672,119858000,365.568817138672
"2022-12-19",383.470001220703,383.820007324219,378.279998779297,380.019989013672,79878100,362.468933105469
"2022-12-20",379.230010986328,382.230010986328,377.850006103516,380.540008544922,74427200,362.964935302734
"2022-12-21",383.25,387.410003662109,382.690002441406,386.230010986328,78167400,368.392150878906
"2022-12-22",383.049987792969,386.209991455078,374.769989013672,380.720001220703,100120900,363.136596679688
"2022-12-23",379.649993896484,383.059997558594,378.029998779297,382.910003662109,59857300,365.225463867188
"2022-12-27",382.790008544922,383.149993896484,379.649993896484,381.399993896484,51638200,363.78515625
"2022-12-28",381.329986572266,383.390014648438,376.420013427734,376.660003662109,70911500,359.264129638672
"2022-12-29",379.630004882812,384.350006103516,379.079986572266,383.440002441406,66970900,365.73095703125
"2022-12-30",380.640014648438,382.579986572266,378.429992675781,382.429992675781,84022200,364.767639160156
"2023-01-03",384.369995117188,386.429992675781,377.829986572266,380.820007324219,74850700,363.231903076172
"2023-01-04",383.179992675781,385.880004882812,380,383.760009765625,85934100,366.036193847656
"2023-01-05",381.720001220703,381.839996337891,378.760009765625,379.380004882812,76970500,361.858489990234
"2023-01-06",382.609985351562,389.25,379.410003662109,388.079986572266,104189600,370.156677246094
"2023-01-09",390.369995117188,393.700012207031,387.670013427734,387.859985351562,73978100,369.946838378906
"2023-01-10",387.25,390.649993896484,386.269989013672,390.579986572266,65358100,372.541198730469
"2023-01-11",392.230010986328,395.600006103516,391.380004882812,395.519989013672,68881100,377.253021240234
"2023-01-12",396.670013427734,398.489990234375,392.420013427734,396.959991455078,90157700,378.626525878906
"2023-01-13",393.619995117188,399.100006103516,393.339996337891,398.5,63903900,380.095397949219
"2023-01-17",398.480010986328,400.230010986328,397.059997558594,397.769989013672,62677300,379.399139404297
"2023-01-18",399.010009765625,400.119995117188,391.279998779297,391.489990234375,99632300,373.409118652344
"2023-01-19",389.359985351562,391.079986572266,387.260009765625,388.640014648438,86958900,370.690856933594
"2023-01-20",390.100006103516,396.040008544922,388.380004882812,395.880004882812,91806400,377.596435546875
"2023-01-23",396.720001220703,402.649993896484,395.720001220703,400.630004882812,84178800,382.127166748047
"2023-01-24",398.880004882812,401.149993896484,397.640014648438,400.200012207031,59524900,381.716888427734
"2023-01-25",395.950012207031,400.700012207031,393.559997558594,400.350006103516,84800300,381.859954833984
"2023-01-26",403.130004882812,404.920013427734,400.029998779297,404.75,72287400,386.056762695312
"2023-01-27",403.660003662109,408.160003662109,403.440002441406,405.679992675781,68346200,386.943817138672
"2023-01-30",402.799987792969,405.130004882812,400.279998779297,400.589996337891,74202000,382.088958740234
"2023-01-31",401.130004882812,406.529998779297,400.769989013672,406.480010986328,86811800,387.706817626953
"2023-02-01",405.209991455078,413.670013427734,402.350006103516,410.799987792969,101459200,391.827270507812
"2023-02-02",414.859985351562,418.309997558594,412.880004882812,416.779998779297,101654500,397.531158447266
"2023-02-03",411.589996337891,416.970001220703,411.089996337891,412.350006103516,94736800,393.305755615234
"2023-02-06",409.790008544922,411.290008544922,408.100006103516,409.829986572266,60295300,390.902191162109
"2023-02-07",408.869995117188,416.489990234375,407.570007324219,415.190002441406,90990700,396.014587402344
"2023-02-08",413.130004882812,414.529998779297,409.929992675781,410.649993896484,76227500,391.684326171875
"2023-02-09",414.410003662109,414.570007324219,405.809997558594,407.089996337891,78694900,388.288665771484
"2023-02-10",405.859985351562,408.440002441406,405.010009765625,408.040008544922,70769700,389.194793701172
"2023-02-13",408.720001220703,412.970001220703,408.239990234375,412.829986572266,64913500,393.763610839844
"2023-02-14",411.239990234375,415.049987792969,408.510009765625,412.640014648438,88389300,393.582366943359
"2023-02-15",410.350006103516,414.059997558594,409.470001220703,413.980010986328,61555700,394.860534667969
"2023-02-16",408.790008544922,412.910003662109,408.140014648438,408.279998779297,76431500,389.423736572266
"2023-02-17",406.059997558594,407.510009765625,404.049987792969,407.260009765625,89257800,388.450897216797
"2023-02-21",403.059997558594,404.160003662109,398.820007324219,399.089996337891,82655900,380.658172607422
"2023-02-22",399.519989013672,401.130004882812,397.019989013672,398.540008544922,83742300,380.133636474609
"2023-02-23",401.559997558594,402.200012207031,396.25,400.660003662109,96242400,382.155700683594
"2023-02-24",395.420013427734,397.25,393.640014648438,396.380004882812,108194400,378.073333740234
"2023-02-27",399.869995117188,401.290008544922,396.75,397.730010986328,80444700,379.361022949219
"2023-02-28",397.230010986328,399.279998779297,396.149993896484,396.260009765625,96438600,377.958923339844
"2023-03-01",395.410003662109,396.690002441406,393.380004882812,394.739990234375,99706800,376.509094238281
"2023-03-02",392.679992675781,398.690002441406,392.329986572266,397.809997558594,85127800,379.437255859375
"2023-03-03",399.709991455078,404.450012207031,399.029998779297,404.190002441406,90120000,385.522674560547
"2023-03-06",405.049987792969,407.450012207031,404.010009765625,404.470001220703,72795900,385.789733886719
"2023-03-07",404.420013427734,404.670013427734,397.630004882812,398.269989013672,108310600,379.876037597656
"2023-03-08",398.390014648438,399.709991455078,396.589996337891,398.920013427734,74746600,380.496032714844
"2023-03-09",399.739990234375,401.480010986328,390.529998779297,391.559997558594,111945300,373.475982666016
"2023-03-10",390.989990234375,393.160003662109,384.320007324219,385.910003662109,189253000,368.086944580078
"2023-03-13",381.809997558594,390.390014648438,380.649993896484,385.359985351562,157790000,367.562316894531
"2023-03-14",390.5,393.450012207031,387.049987792969,391.730010986328,149752400,373.638122558594
"2023-03-15",385.890014648438,389.489990234375,383.709991455078,389.279998779297,172996900,371.301239013672
"2023-03-16",386.820007324219,396.470001220703,386.290008544922,396.109985351562,143254200,377.815795898438
"2023-03-17",393.220001220703,394.399993896484,388.549987792969,389.989990234375,140553400,373.398071289062
"2023-03-20",390.799987792969,394.170013427734,390.070007324219,393.739990234375,93055800,376.988525390625
"2023-03-21",397.239990234375,399.410003662109,395.579986572266,398.910003662109,91524200,381.938659667969
"2023-03-22",398.730010986328,402.489990234375,392.070007324219,392.109985351562,111746600,375.427917480469
"2023-03-23",395.089996337891,399.290008544922,390.350006103516,393.170013427734,119351300,376.442779541016
"2023-03-24",391.839996337891,395.839996337891,389.399993896484,395.75,107682400,378.9130859375
"2023-03-27",398.119995117188,398.920013427734,395.559997558594,396.489990234375,74010400,379.621612548828
"2023-03-28",395.769989013672,396.489990234375,393.690002441406,395.600006103516,62871700,378.769500732422
"2023-03-29",399.929992675781,401.600006103516,398.679992675781,401.350006103516,77497900,384.274841308594
"2023-03-30",404.089996337891,404.350006103516,401.760009765625,403.700012207031,69840000,386.524871826172
"2023-03-31",404.660003662109,409.700012207031,404.549987792969,409.390014648438,112062600,391.972717285156
"2023-04-03",408.850006103516,411.369995117188,408.440002441406,410.950012207031,67391100,393.466369628906
"2023-04-04",411.619995117188,411.920013427734,407.239990234375,408.670013427734,66601500,391.283416748047
"2023-04-05",407.910003662109,408.700012207031,405.880004882812,407.600006103516,65200200,390.259002685547
"2023-04-06",406.769989013672,409.480010986328,405.679992675781,409.190002441406,63743300,391.78125
"2023-04-10",406.609985351562,409.690002441406,405.970001220703,409.609985351562,63681000,392.183349609375
"2023-04-11",410.260009765625,411.179992675781,408.920013427734,409.720001220703,59297900,392.288696289062
"2023-04-12",411.869995117188,412.170013427734,407.440002441406,408.049987792969,86420400,390.689727783203
"2023-04-13",409.179992675781,413.839996337891,407.989990234375,413.470001220703,85814800,395.879180908203
"2023-04-14",412.809997558594,415.089996337891,410.059997558594,412.459991455078,78161500,394.912078857422
"2023-04-17",412.369995117188,413.959991455078,411.089996337891,413.940002441406,66436400,396.329193115234
"2023-04-18",415.579986572266,415.720001220703,412.779998779297,414.209991455078,63560000,396.587768554688
"2023-04-19",412.220001220703,415.079986572266,412.160003662109,414.140014648438,55227300,396.520660400391
"2023-04-20",411.209991455078,413.700012207031,410.269989013672,411.880004882812,75840400,394.356872558594
"2023-04-21",412.190002441406,412.679992675781,410.170013427734,412.200012207031,73457400,394.663269042969
"2023-04-24",411.989990234375,413.070007324219,410.600006103516,412.630004882812,64332100,395.074890136719
"2023-04-25",410.579986572266,411.160003662109,406.019989013672,406.079986572266,97766700,388.803649902344
"2023-04-26",406.720001220703,407.839996337891,403.779998779297,404.359985351562,80447000,387.156677246094
"2023-04-27",407,412.690002441406,406.739990234375,412.410003662109,92968400,394.864318847656
"2023-04-28",411.489990234375,415.940002441406,411.429992675781,415.929992675781,89433100,398.234466552734
"2023-05-01",415.470001220703,417.619995117188,415.269989013672,415.510009765625,62122300,397.832397460938
"2023-05-02",414.769989013672,414.820007324219,407.820007324219,410.839996337891,103998500,393.361083984375
"2023-05-03",411.359985351562,413.869995117188,407.769989013672,408.019989013672,91531800,390.661071777344
"2023-05-04",406.929992675781,407.269989013672,403.739990234375,405.130004882812,94901900,387.894012451172
"2023-05-05",408.910003662109,413.720001220703,408.640014648438,412.630004882812,87891800,395.074890136719
"2023-05-08",412.970001220703,413.239990234375,411.279998779297,412.739990234375,50046800,395.180267333984
"2023-05-09",411.130004882812,412.089996337891,410.690002441406,410.929992675781,49220100,393.447235107422
"2023-05-10",413.880004882812,414.540008544922,408.869995117188,412.850006103516,96142900,395.285583496094
"2023-05-11",411.950012207031,412.429992675781,409.970001220703,412.130004882812,70157100,394.596160888672
"2023-05-12",413.420013427734,413.640014648438,409.070007324219,411.589996337891,70481500,394.079162597656
"2023-05-15",412.220001220703,413.429992675781,410.230010986328,413.010009765625,54289400,395.438720703125
"2023-05-16",411.859985351562,412.820007324219,410.239990234375,410.25,57705500,392.796203613281
"2023-05-17",412.350006103516,415.859985351562,410.640014648438,415.230010986328,87287000,397.564300537109
"2023-05-18",414.899993896484,419.670013427734,414.670013427734,419.230010986328,97177200,401.394104003906
"2023-05-19",420.170013427734,420.720001220703,417.350006103516,418.619995117188,103793300,400.810089111328
"2023-05-22",418.640014648438,420.390014648438,417.350006103516,418.790008544922,60745400,400.972869873047
"2023-05-23",417.079986572266,418.720001220703,413.679992675781,414.089996337891,86383500,396.472839355469
"2023-05-24",412.420013427734,412.820007324219,409.880004882812,411.089996337891,89213700,393.600433349609
"2023-05-25",414.739990234375,416.160003662109,412.410003662109,414.649993896484,90961600,397.009002685547
"2023-05-26",415.329986572266,420.769989013672,415.25,420.019989013672,93830000,402.150573730469
"2023-05-30",422.029998779297,422.579986572266,418.739990234375,420.179992675781,72216000,402.303649902344
"2023-05-31",418.279998779297,419.220001220703,416.220001220703,417.850006103516,110811800,400.072845458984
"2023-06-01",418.089996337891,422.920013427734,416.790008544922,421.820007324219,88865000,403.873962402344
"2023-06-02",424.5,428.739990234375,423.950012207031,427.920013427734,91426200,409.714447021484
"2023-06-05",428.279998779297,429.619995117188,426.369995117188,427.100006103516,65460200,408.929351806641
"2023-06-06",426.670013427734,428.579986572266,425.989990234375,428.029998779297,64022200,409.819793701172
"2023-06-07",428.440002441406,429.619995117188,426.109985351562,426.549987792969,85373300,408.402679443359
"2023-06-08",426.619995117188,429.600006103516,425.820007324219,429.130004882812,61952800,410.873016357422
"2023-06-09",429.959991455078,431.989990234375,428.869995117188,429.899993896484,85742800,411.610137939453
"2023-06-12",430.920013427734,433.880004882812,430.170013427734,433.799987792969,76104300,415.344207763672
"2023-06-13",435.320007324219,437.329986572266,434.630004882812,436.660003662109,95899700,418.082611083984
"2023-06-14",437.010009765625,439.059997558594,433.589996337891,437.179992675781,100612100,418.580413818359
"2023-06-15",436.329986572266,443.899993896484,436.230010986328,442.600006103516,110303100,423.769866943359
"2023-06-16",443.019989013672,443.609985351562,438.970001220703,439.459991455078,114165800,422.326385498047
"2023-06-20",437.450012207031,438.369995117188,435.029998779297,437.179992675781,76160400,420.135314941406
"2023-06-21",436.160003662109,436.989990234375,434.329986572266,434.940002441406,76982300,417.982696533203
"2023-06-22",433.950012207031,436.619995117188,433.600006103516,436.510009765625,70637200,419.491424560547
"2023-06-23",432.929992675781,435.059997558594,432.470001220703,433.209991455078,92074500,416.320129394531
"2023-06-26",432.619995117188,434.609985351562,431.190002441406,431.440002441406,72823600,414.619140625
"2023-06-27",432.350006103516,436.809997558594,431.880004882812,436.170013427734,72813700,419.164764404297
"2023-06-28",435.049987792969,437.440002441406,434.410003662109,436.390014648438,75636000,419.376098632812
"2023-06-29",435.959991455078,438.279998779297,435.540008544922,438.109985351562,67882300,421.029083251953
"2023-06-30",441.440002441406,444.299987792969,441.109985351562,443.279998779297,104964000,425.997528076172
"2023-07-03",442.920013427734,444.079986572266,442.630004882812,443.790008544922,32793400,426.487609863281
"2023-07-05",441.910003662109,443.890014648438,441.899993896484,443.130004882812,58418400,425.853363037109
"2023-07-06",439.420013427734,440.100006103516,437.059997558594,439.660003662109,80658300,422.518615722656
"2023-07-07",438.630004882812,442.640014648438,438.299987792969,438.549987792969,86134200,421.451843261719
"2023-07-10",438.179992675781,439.839996337891,437.589996337891,439.660003662109,62443500,422.518615722656
"2023-07-11",440.450012207031,442.970001220703,439.440002441406,442.459991455078,64463800,425.20947265625
"2023-07-12",446.390014648438,447.480010986328,444.910003662109,446.019989013672,91924500,428.630645751953
"2023-07-13",447.899993896484,450.380004882812,447.450012207031,449.559997558594,72425200,432.032684326172
"2023-07-14",450.480010986328,451.359985351562,448.489990234375,449.279998779297,69815800,431.763580322266
"2023-07-17",449.130004882812,451.929992675781,449.079986572266,450.839996337891,52680200,433.262725830078
"2023-07-18",450.5,454.859985351562,450.049987792969,454.190002441406,80668200,436.482147216797
"2023-07-19",455.010009765625,456.429992675781,454.109985351562,455.200012207031,65891700,437.452789306641
"2023-07-20",454.170013427734,455.100006103516,451.440002441406,452.179992675781,70591600,434.550476074219
"2023-07-21",453.959991455078,454.170013427734,452.170013427734,452.179992675781,71275600,434.550476074219
"2023-07-24",453.369995117188,455.040008544922,452.299987792969,454.200012207031,54023400,436.49169921875
"2023-07-25",453.920013427734,456.739990234375,453.869995117188,455.440002441406,55191200,437.683441162109
"2023-07-26",454.470001220703,456.989990234375,453.380004882812,455.510009765625,71052900,437.750701904297
"2023-07-27",459.019989013672,459.440002441406,451.549987792969,452.489990234375,92194400,434.848358154297
"2023-07-28",455.880004882812,457.779998779297,452.489990234375,456.920013427734,80011800,439.105743408203
"2023-07-31",457.410003662109,458.160003662109,456.049987792969,457.790008544922,62040400,439.941772460938
"2023-08-01",456.269989013672,457.25,455.489990234375,456.480010986328,55291500,438.682891845703
"2023-08-02",453.25,453.519989013672,449.350006103516,450.130004882812,93933400,432.580413818359
"2023-08-03",448.040008544922,450.790008544922,447.369995117188,448.839996337891,64276100,431.340667724609
"2023-08-04",450.720001220703,452.899993896484,446.269989013672,446.809997558594,100128900,429.389862060547
"2023-08-07",448.709991455078,450.869995117188,447.989990234375,450.709991455078,58357500,433.137878417969
"2023-08-08",448.079986572266,450.700012207031,445.269989013672,448.75,71361300,431.254241943359
"2023-08-09",449.029998779297,449.200012207031,444.959991455078,445.75,78789600,428.371154785156
"2023-08-10",448.190002441406,451.700012207031,444.700012207031,445.910003662109,93005500,428.524963378906
"2023-08-11",443.970001220703,446.700012207031,443.350006103516,445.649993896484,68690900,428.275054931641
"2023-08-14",444.700012207031,448.109985351562,444.380004882812,448.109985351562,47867400,430.63916015625
"2023-08-15",446.269989013672,446.640014648438,442.299987792969,442.890014648438,75707500,425.622741699219
"2023-08-16",442.459991455078,444.179992675781,439.529998779297,439.640014648438,80107200,422.499450683594
"2023-08-17",441.160003662109,441.429992675781,435.75,436.290008544922,95711300,419.279998779297
"2023-08-18",433.369995117188,437.570007324219,433.010009765625,436.5,98852000,419.481842041016
"2023-08-21",437.549987792969,440.109985351562,435.320007324219,439.339996337891,68719000,422.211090087891
"2023-08-22",441.179992675781,441.179992675781,437.570007324219,438.149993896484,64994200,421.067443847656
"2023-08-23",439.25,443.670013427734,439.100006103516,443.029998779297,68441000,425.757263183594
"2023-08-24",444.690002441406,445.220001220703,436.859985351562,436.890014648438,88517300,419.856689453125
"2023-08-25",438.679992675781,441.299987792969,435,439.970001220703,102325100,422.816528320312
"2023-08-28",442.239990234375,443.399993896484,439.970001220703,442.760009765625,61595400,425.497772216797
"2023-08-29",442.649993896484,449.450012207031,442.459991455078,449.160003662109,83081900,431.648315429688
"2023-08-30",449.510009765625,451.670013427734,448.779998779297,451.010009765625,69053900,433.426147460938
"2023-08-31",451.649993896484,452.829986572266,450.160003662109,450.350006103516,66084600,432.791900634766
"2023-09-01",453.170013427734,453.670013427734,449.679992675781,451.190002441406,58944100,433.599090576172
"2023-09-05",450.730010986328,451.059997558594,449.170013427734,449.239990234375,55166200,431.725128173828
"2023-09-06",448.399993896484,448.510009765625,443.809997558594,446.220001220703,70758500,428.822875976562
"2023-09-07",443.109985351562,445.549987792969,442.75,444.850006103516,70355400,427.50634765625
"2023-09-08",444.899993896484,447.109985351562,444.529998779297,445.519989013672,61659700,428.150177001953
"2023-09-11",448.239990234375,448.769989013672,446.470001220703,448.450012207031,60180100,430.965911865234
"2023-09-12",446.950012207031,448.529998779297,445.390014648438,445.989990234375,67565400,428.601806640625
"2023-09-13",446.220001220703,447.709991455078,445.079986572266,446.510009765625,60199300,429.101623535156
"2023-09-14",449.070007324219,451.079986572266,447.720001220703,450.359985351562,83430800,432.801483154297
"2023-09-15",447.140014648438,447.480010986328,442.920013427734,443.369995117188,111848900,427.586944580078
"2023-09-18",443.049987792969,444.970001220703,442.559997558594,443.630004882812,55752200,427.837707519531
"2023-09-19",442.679992675781,443.290008544922,439.940002441406,442.709991455078,66514600,426.950408935547
"2023-09-20",444.010009765625,444.440002441406,438.429992675781,438.640014648438,82562600,423.025360107422
"2023-09-21",435.700012207031,435.970001220703,431.230010986328,431.390014648438,104095800,416.033386230469
"2023-09-22",432.450012207031,434.100006103516,429.989990234375,430.420013427734,100829700,415.097961425781
"2023-09-25",429.170013427734,432.269989013672,428.720001220703,432.230010986328,70874500,416.843505859375
"2023-09-26",429.089996337891,429.820007324219,425.019989013672,425.880004882812,96168400,410.719573974609
"2023-09-27",427.089996337891,427.670013427734,422.290008544922,426.049987792969,104705800,410.883544921875
"2023-09-28",425.480010986328,430.25,424.869995117188,428.519989013672,92258300,413.265625
"2023-09-29",431.670013427734,431.850006103516,425.910003662109,427.480010986328,115111300,412.262573242188
"2023-10-02",426.619995117188,428.600006103516,424.459991455078,427.309997558594,83798600,412.098663330078
"2023-10-03",425.059997558594,427.369995117188,420.179992675781,421.589996337891,103760600,406.582244873047
"2023-10-04",422.070007324219,425.429992675781,420.559997558594,424.660003662109,87453000,409.542938232422
"2023-10-05",424.359985351562,425.369995117188,421.170013427734,424.5,70142700,409.388641357422
"2023-10-06",421.970001220703,431.130004882812,420.600006103516,429.540008544922,113273300,414.249328613281
"2023-10-09",427.579986572266,432.880004882812,427.010009765625,432.290008544922,80374400,416.901336669922
"2023-10-10",432.940002441406,437.220001220703,432.529998779297,434.540008544922,78607300,419.0712890625
"2023-10-11",435.640014648438,436.579986572266,433.179992675781,436.320007324219,62451700,420.787933349609
"2023-10-12",436.950012207031,437.339996337891,431.230010986328,433.660003662109,81154200,418.222564697266
"2023-10-13",435.209991455078,436.450012207031,429.880004882812,431.5,95143100,416.139465332031
"2023-10-16",433.820007324219,437.140014648438,433.570007324219,436.040008544922,75433200,420.517883300781
"2023-10-17",432.809997558594,438.140014648438,432.450012207031,436.019989013672,75324700,420.498565673828
"2023-10-18",434.190002441406,435.179992675781,429.089996337891,430.209991455078,93559800,414.895446777344
"2023-10-19",430.950012207031,432.820007324219,425.730010986328,426.429992675781,121323000,411.249908447266
"2023-10-20",425.980010986328,426.540008544922,421.079986572266,421.190002441406,123919900,406.196472167969
"2023-10-23",419.609985351562,424.450012207031,417.799987792969,420.459991455078,92035100,405.492462158203
"2023-10-24",422.649993896484,424.820007324219,420.739990234375,423.630004882812,78564200,408.549591064453
"2023-10-25",421.890014648438,421.920013427734,417.019989013672,417.549987792969,94223200,402.686096191406
"2023-10-26",416.450012207031,417.329986572266,411.600006103516,412.549987792969,115156800,397.864044189453
"2023-10-27",414.190002441406,414.600006103516,409.209991455078,410.679992675781,107367700,396.060607910156
"2023-10-30",413.559997558594,416.679992675781,412.220001220703,415.589996337891,86562700,400.795867919922
"2023-10-31",416.179992675781,418.529998779297,414.209991455078,418.200012207031,79665200,403.31298828125
"2023-11-01",419.200012207031,423.5,418.649993896484,422.660003662109,98068100,407.614135742188
"2023-11-02",426.579986572266,430.920013427734,426.559997558594,430.760009765625,94938900,415.425842285156
"2023-11-03",433.140014648438,436.290008544922,433.010009765625,434.690002441406,100167800,419.215911865234
"2023-11-06",435.470001220703,436.149993896484,433.679992675781,435.690002441406,67831700,420.180267333984
"2023-11-07",435.690002441406,437.589996337891,434.510009765625,436.929992675781,64256100,421.376159667969
"2023-11-08",437.549987792969,438.089996337891,434.869995117188,437.25,61746000,421.684753417969
"2023-11-09",438.429992675781,438.470001220703,433.399993896484,433.839996337891,83174400,418.396209716797
"2023-11-10",435.980010986328,440.929992675781,433.829986572266,440.609985351562,89462200,424.925170898438
"2023-11-13",439.230010986328,441.329986572266,438.420013427734,440.190002441406,52236100,424.520172119141
"2023-11-14",446.320007324219,450.059997558594,446.089996337891,448.730010986328,97176900,432.756134033203
"2023-11-15",450.109985351562,451.380004882812,448.799987792969,449.679992675781,77327600,433.672332763672
"2023-11-16",449.220001220703,450.559997558594,448.119995117188,450.230010986328,66665800,434.202758789062
"2023-11-17",450.239990234375,451.420013427734,449.290008544922,450.790008544922,83133200,434.742828369141
"2023-11-20",450.529998779297,455.130004882812,450.519989013672,454.260009765625,69936200,438.089294433594
"2023-11-21",453.179992675781,454.130004882812,451.959991455078,453.269989013672,49244600,437.134490966797
"2023-11-22",454.980010986328,456.380004882812,453.890014648438,455.019989013672,59394900,438.822204589844
"2023-11-24",455.070007324219,455.5,454.730010986328,455.299987792969,29737400,439.09228515625
"2023-11-27",454.649993896484,455.489990234375,454.079986572266,454.480010986328,50506000,438.301391601562
"2023-11-28",454.079986572266,456.269989013672,453.5,454.929992675781,62115000,438.735443115234
"2023-11-29",457.149993896484,458.320007324219,454.200012207031,454.609985351562,63146000,438.426727294922
"2023-11-30",455.480010986328,456.760009765625,453.339996337891,456.399993896484,79752700,440.153106689453
"2023-12-01",455.769989013672,459.649993896484,455.160003662109,459.100006103516,89183400,442.757019042969
"2023-12-04",455.600006103516,459.119995117188,454.339996337891,456.690002441406,72430900,440.432769775391
"2023-12-05",455.260009765625,457.589996337891,454.869995117188,456.600006103516,69793500,440.346008300781
"2023-12-06",458.809997558594,458.839996337891,454.309997558594,454.760009765625,69124700,438.571441650391
"2023-12-07",456.910003662109,458.899993896484,456.290008544922,458.230010986328,66995400,441.917938232422
"2023-12-08",457.459991455078,460.75,457.209991455078,460.200012207031,83194400,443.817810058594
"2023-12-11",459.690002441406,462.170013427734,459.470001220703,461.989990234375,65002200,445.544097900391
"2023-12-12",461.630004882812,464.200012207031,460.600006103516,464.100006103516,68327600,447.579010009766
"2023-12-13",464.489990234375,470.760009765625,464.119995117188,470.5,93278000,453.751190185547
"2023-12-14",472.5,473.730010986328,469.25,472.010009765625,119026000,455.207489013672
"2023-12-15",469.489990234375,470.700012207031,467.429992675781,469.329986572266,141553700,454.4580078125
"2023-12-18",470.980010986328,472.980010986328,469.890014648438,471.970001220703,70375300,457.014343261719
"2023-12-19",472.529998779297,474.920013427734,472.450012207031,474.839996337891,55761800,459.793334960938
"2023-12-20",473.959991455078,475.899993896484,467.820007324219,468.260009765625,102921000,453.421875
"2023-12-21",471.329986572266,472.980010986328,468.839996337891,472.700012207031,86667500,457.72119140625
"2023-12-22",473.859985351562,475.380004882812,471.700012207031,473.649993896484,67160400,458.641021728516
"2023-12-26",474.070007324219,476.579986572266,473.989990234375,475.649993896484,55387000,460.577667236328
"2023-12-27",475.440002441406,476.660003662109,474.890014648438,476.510009765625,68000300,461.410400390625
"2023-12-28",476.880004882812,477.549987792969,476.260009765625,476.690002441406,77158100,461.584716796875
"2023-12-29",476.489990234375,477.029998779297,473.299987792969,475.309997558594,122283100,460.248443603516
"2024-01-02",472.160003662109,473.670013427734,470.489990234375,472.649993896484,123623700,457.672790527344
"2024-01-03",470.429992675781,471.190002441406,468.170013427734,468.790008544922,103585900,453.93505859375
"2024-01-04",468.299987792969,470.959991455078,467.049987792969,467.279998779297,84232200,452.472839355469
"2024-01-05",467.489990234375,470.440002441406,466.429992675781,467.920013427734,86118900,453.092590332031
"2024-01-08",468.429992675781,474.75,468.299987792969,474.600006103516,74879100,459.560913085938
"2024-01-09",471.869995117188,474.929992675781,471.350006103516,473.880004882812,65931400,458.863800048828
"2024-01-10",474.160003662109,477.450012207031,473.869995117188,476.559997558594,67310600,461.458801269531
"2024-01-11",477.589996337891,478.119995117188,472.260009765625,476.350006103516,77940700,461.255462646484
"2024-01-12",477.839996337891,478.600006103516,475.230010986328,476.679992675781,58026400,461.575012207031
"2024-01-16",475.260009765625,476.609985351562,473.059997558594,474.929992675781,85014900,459.880462646484
"2024-01-17",471.820007324219,472.790008544922,469.869995117188,472.290008544922,68843900,457.324157714844
"2024-01-18",474.010009765625,477.059997558594,472.420013427734,476.489990234375,91856200,461.390960693359
"2024-01-19",477.649993896484,482.720001220703,476.540008544922,482.429992675781,110834500,467.142791748047
"2024-01-22",484.010009765625,485.220001220703,482.779998779297,483.450012207031,75844900,468.130523681641
"2024-01-23",484.010009765625,485.109985351562,482.890014648438,484.859985351562,49945300,469.495819091797
"2024-01-24",487.809997558594,488.769989013672,484.880004882812,485.390014648438,81765000,470.009002685547
"2024-01-25",487.579986572266,488.309997558594,485.390014648438,488.029998779297,72525000,472.565368652344
"2024-01-26",487.589996337891,489.119995117188,486.540008544922,487.410003662109,76641600,471.964996337891
"2024-01-29",487.730010986328,491.420013427734,487.170013427734,491.269989013672,61322800,475.702667236328
"2024-01-30",490.559997558594,491.619995117188,490.109985351562,490.890014648438,58618400,475.334747314453
"2024-01-31",488.619995117188,489.079986572266,482.859985351562,482.880004882812,126011100,467.578521728516
"2024-02-01",484.630004882812,489.230010986328,483.799987792969,489.200012207031,91891600,473.698303222656
"2024-02-02",489.649993896484,496.049987792969,489.299987792969,494.350006103516,99228200,478.685089111328
"2024-02-05",493.700012207031,494.380004882812,490.230010986328,492.549987792969,75757100,476.942108154297
"2024-02-06",493.519989013672,494.320007324219,492.049987792969,493.980010986328,55918600,478.326843261719
"2024-02-07",496.290008544922,498.529998779297,495.359985351562,498.100006103516,70556500,482.316284179688
"2024-02-08",498.100006103516,498.709991455078,497.260009765625,498.320007324219,52343600,482.529327392578
"2024-02-09",498.839996337891,501.649993896484,498.489990234375,501.200012207031,63979400,485.318023681641
"2024-02-12",501.170013427734,503.5,500.239990234375,500.980010986328,56502300,485.10498046875
"2024-02-13",494.529998779297,497.089996337891,490.720001220703,494.079986572266,113099200,478.423614501953
"2024-02-14",496.790008544922,499.070007324219,494.399993896484,498.570007324219,68387800,482.771362304688
"2024-02-15",499.290008544922,502.200012207031,498.799987792969,502.010009765625,61683000,486.102386474609
"2024-02-16",501.700012207031,502.869995117188,498.75,499.510009765625,75532900,483.681610107422
"2024-02-20",497.720001220703,498.410003662109,494.450012207031,496.760009765625,71736700,481.018768310547
"2024-02-21",495.420013427734,497.369995117188,493.559997558594,497.209991455078,59293400,481.454467773438
"2024-02-22",504.010009765625,508.489990234375,503.019989013672,507.5,76402500,491.418365478516
"2024-02-23",509.269989013672,510.130004882812,507.100006103516,507.850006103516,61321800,491.75732421875
"2024-02-26",508.299987792969,508.75,505.859985351562,505.989990234375,50386700,489.956237792969
"2024-02-27",506.700012207031,507.160003662109,504.75,506.929992675781,48854500,490.866424560547
"2024-02-28",505.329986572266,506.859985351562,504.959991455078,506.260009765625,56506600,490.217742919922
"2024-02-29",508.070007324219,509.739990234375,505.350006103516,508.079986572266,83924800,491.980010986328
"2024-03-01",508.980010986328,513.289978027344,508.559997558594,512.849975585938,76844800,496.598815917969
"2024-03-04",512.030029296875,514.200012207031,512,512.299987792969,49799300,496.066284179688
"2024-03-05",510.239990234375,510.700012207031,504.910003662109,507.179992675781,72855600,491.108551025391
"2024-03-06",510.549987792969,512.070007324219,508.420013427734,509.75,68382400,493.597137451172
"2024-03-07",513.140014648438,515.890014648438,509.809997558594,514.809997558594,58652100,498.496765136719
"2024-03-08",515.460021972656,518.219970703125,511.130004882812,511.720001220703,86532500,495.504638671875
"2024-03-11",510.480010986328,511.880004882812,508.5,511.279998779297,62557200,495.07861328125
"2024-03-12",513.450012207031,517.380004882812,510.859985351562,516.780029296875,73114400,500.404418945312
"2024-03-13",517.109985351562,517.289978027344,514.489990234375,515.969970703125,55104100,499.619964599609
"2024-03-14",516.969970703125,517.130004882812,511.820007324219,514.950012207031,110171800,498.632354736328
"2024-03-15",510.209991455078,511.700012207031,508.119995117188,509.829986572266,107646300,495.208435058594
"2024-03-18",514,515.47998046875,512.440002441406,512.859985351562,88893300,498.151519775391
"2024-03-19",512.150024414062,516,511.119995117188,515.710021972656,60755300,500.919799804688
"2024-03-20",515.77001953125,520.619995117188,515.080017089844,520.47998046875,69594600,505.553009033203
"2024-03-21",523.390014648438,524.109985351562,521.909973144531,522.200012207031,60256100,507.223663330078
"2024-03-22",522.109985351562,522.609985351562,520.969970703125,521.210021972656,79070800,506.262023925781
"2024-03-25",519.799987792969,520.950012207031,519.609985351562,519.77001953125,48512100,504.863433837891
"2024-03-26",521.22998046875,521.580017089844,518.400024414062,518.809997558594,65463700,503.930877685547
"2024-03-27",521.710021972656,523.210021972656,519.489990234375,523.169982910156,82999800,508.165771484375
"2024-03-28",523.210021972656,524.609985351562,522.780029296875,523.070007324219,96294900,508.068664550781
"2024-04-01",523.830017089844,524.380004882812,520.969970703125,522.159973144531,62477500,507.184814453125
"2024-04-02",518.239990234375,518.97998046875,516.47998046875,518.840026855469,74230300,503.960083007812
"2024-04-03",517.719970703125,520.950012207031,517.669982910156,519.409973144531,59155800,504.513671875
"2024-04-04",523.52001953125,523.869995117188,512.760009765625,513.070007324219,96858100,498.35546875
"2024-04-05",514.460021972656,520.440002441406,514.010009765625,518.429992675781,74546500,503.561767578125
"2024-04-08",519.150024414062,520.179992675781,517.890014648438,518.719970703125,48401800,503.843505859375
"2024-04-09",520.5,520.75,514.349975585938,519.320007324219,68049200,504.426239013672
"2024-04-10",513.47998046875,516.159973144531,512.090026855469,514.119995117188,82652800,499.375335693359
"2024-04-11",515.679992675781,519.47998046875,512.080017089844,518,70099000,503.144195556641
"2024-04-12",514.369995117188,515.820007324219,509.079986572266,510.850006103516,92561100,496.199157714844
"2024-04-15",515.130004882812,515.299987792969,503.579986572266,504.450012207031,92101400,489.982757568359
"2024-04-16",504.940002441406,506.5,502.209991455078,503.529998779297,73484000,489.089111328125
"2024-04-17",506.049987792969,506.220001220703,499.119995117188,500.549987792969,75910300,486.194610595703
"2024-04-18",501.980010986328,504.130004882812,498.559997558594,499.519989013672,74548100,485.194091796875
"2024-04-19",499.440002441406,500.459991455078,493.859985351562,495.160003662109,102212600,480.959197998047
"2024-04-22",497.829986572266,502.380004882812,495.429992675781,499.720001220703,67961000,485.388397216797
"2024-04-23",501.779998779297,506.089996337891,499.529998779297,505.649993896484,64633600,491.148254394531
"2024-04-24",506.559997558594,507.369995117188,503.130004882812,505.410003662109,55928100,490.915130615234
"2024-04-25",499.179992675781,504.269989013672,497.489990234375,503.489990234375,69122400,489.050231933594
"2024-04-26",506.350006103516,509.880004882812,505.700012207031,508.260009765625,64306100,493.683471679688
"2024-04-29",510.089996337891,510.75,507.25,510.059997558594,46415400,495.431884765625
"2024-04-30",508.559997558594,509.559997558594,501.980010986328,501.980010986328,77483600,487.583618164062
"2024-05-01",501.380004882812,508.190002441406,499.869995117188,500.350006103516,80242800,486.000274658203
"2024-05-02",504.149993896484,505.890014648438,499.549987792969,505.029998779297,62550200,490.546020507812
"2024-05-03",511.160003662109,512.549987792969,508.559997558594,511.290008544922,72756700,496.626556396484
"2024-05-06",513.75,516.609985351562,513.299987792969,516.570007324219,47264700,501.755157470703
"2024-05-07",517.559997558594,518.570007324219,516.450012207031,517.140014648438,52561300,502.308898925781
"2024-05-08",515.260009765625,517.739990234375,515.140014648438,517.190002441406,42047200,502.357360839844
"2024-05-09",517.380004882812,520.210021972656,516.710021972656,520.169982910156,43643700,505.251892089844
"2024-05-10",521.809997558594,522.640014648438,519.590026855469,520.840026855469,52233200,505.902770996094
"2024-05-13",522.559997558594,522.669982910156,519.739990234375,520.909973144531,36716400,505.970611572266
"2024-05-14",521.109985351562,523.830017089844,520.559997558594,523.299987792969,57535900,508.292144775391
"2024-05-15",525.830017089844,530.080017089844,525.179992675781,529.780029296875,59504900,514.586303710938
"2024-05-16",529.880004882812,531.52001953125,528.539978027344,528.690002441406,50244800,513.527526855469
"2024-05-17",528.809997558594,529.52001953125,527.320007324219,529.450012207031,59187600,514.265747070312
"2024-05-20",529.570007324219,531.559997558594,529.169982910156,530.059997558594,37764200,514.858276367188
"2024-05-21",529.280029296875,531.52001953125,529.070007324219,531.359985351562,33437000,516.120971679688
"2024-05-22",530.650024414062,531.380004882812,527.599975585938,529.830017089844,48390000,514.634948730469
"2024-05-23",532.960021972656,533.070007324219,524.719970703125,525.960021972656,57211200,510.875854492188
"2024-05-24",527.849975585938,530.27001953125,526.880004882812,529.440002441406,41291100,514.256042480469
"2024-05-28",530.27001953125,530.510009765625,527.109985351562,529.809997558594,36269600,514.615478515625
"2024-05-29",525.679992675781,527.309997558594,525.369995117188,526.099975585938,45190300,511.011840820312
"2024-05-30",524.52001953125,525.200012207031,521.330017089844,522.609985351562,46377600,507.621856689453
"2024-05-31",523.590026855469,527.5,518.359985351562,527.369995117188,90785800,512.245483398438
"2024-06-03",529.02001953125,529.309997558594,522.599975585938,527.799987792969,46835700,512.6630859375
"2024-06-04",526.460021972656,529.150024414062,524.960021972656,528.390014648438,34632700,513.236145019531
"2024-06-05",530.77001953125,534.690002441406,528.72998046875,534.669982910156,47610400,519.336059570312
"2024-06-06",534.97998046875,535.419982910156,532.679992675781,534.659973144531,30808500,519.326293945312
"2024-06-07",533.659973144531,536.890014648438,532.539978027344,534.010009765625,43224500,518.694946289062
"2024-06-10",533.179992675781,535.989990234375,532.570007324219,535.659973144531,35686100,520.297546386719
"2024-06-11",534.070007324219,537.010009765625,532.049987792969,536.950012207031,36383400,521.550659179688
"2024-06-12",541.630004882812,544.119995117188,540.299987792969,541.359985351562,63251300,525.834228515625
"2024-06-13",543.150024414062,543.330017089844,539.590026855469,542.450012207031,44760900,526.892883300781
"2024-06-14",540.880004882812,542.809997558594,539.849975585938,542.780029296875,40089900,527.213562011719
"2024-06-17",542.080017089844,548.530029296875,541.609985351562,547.099975585938,55839500,531.409606933594
"2024-06-18",547.159973144531,548.619995117188,546.72998046875,548.489990234375,41376400,532.759765625
"2024-06-20",549.440002441406,550.119995117188,545.179992675781,547,70328200,531.312438964844
"2024-06-21",544.400024414062,545.650024414062,543.02001953125,544.510009765625,64338600,530.60009765625
"2024-06-24",544.330017089844,546.950012207031,542.619995117188,542.739990234375,45528700,528.875305175781
"2024-06-25",543.989990234375,545.200012207031,542.440002441406,544.830017089844,37936200,530.911926269531
"2024-06-26",543.690002441406,546.239990234375,543.030029296875,545.510009765625,38550600,531.574523925781
"2024-06-27",545.369995117188,546.960021972656,544.609985351562,546.369995117188,35041500,532.412536621094
"2024-06-28",547.159973144531,550.280029296875,542.950012207031,544.219970703125,76144500,530.317504882812
"2024-07-01",545.630004882812,545.880004882812,542.52001953125,545.340026855469,40297800,531.408874511719
"2024-07-02",543.700012207031,549.010009765625,543.650024414062,549.010009765625,40434800,534.985168457031
"2024-07-03",548.690002441406,551.830017089844,548.650024414062,551.460021972656,32789900,537.372497558594
"2024-07-05",551.77001953125,555.049987792969,551.119995117188,554.640014648438,41488400,540.471374511719
"2024-07-08",555.440002441406,556.25,554.190002441406,555.280029296875,36110500,541.095031738281
"2024-07-09",556.260009765625,557.179992675781,555.52001953125,555.820007324219,27289700,541.621154785156
"2024-07-10",557.070007324219,561.669982910156,556.77001953125,561.320007324219,38701200,546.980590820312
"2024-07-11",561.440002441406,562.330017089844,555.830017089844,556.47998046875,53054200,542.264343261719
"2024-07-12",557.630004882812,563.669982910156,557.150024414062,559.989990234375,53084400,545.684631347656
"2024-07-15",562.030029296875,564.840026855469,559.630004882812,561.530029296875,40584300,547.185363769531
"2024-07-16",562.869995117188,565.159973144531,562.099975585938,564.859985351562,36475300,550.430236816406
"2024-07-17",558.799987792969,560.510009765625,556.609985351562,556.940002441406,57119000,542.712585449219
"2024-07-18",558.510009765625,559.52001953125,550.429992675781,552.659973144531,56270400,538.541931152344
"2024-07-19",552.419982910156,554.080017089844,547.909973144531,548.989990234375,65509100,534.965698242188
"2024-07-22",553,555.27001953125,551.02001953125,554.650024414062,43346700,540.481140136719
"2024-07-23",554.539978027344,556.739990234375,553.280029296875,553.780029296875,34439600,539.633361816406
"2024-07-24",548.859985351562,549.169982910156,540.289978027344,541.22998046875,74515300,527.40380859375
"2024-07-25",541.349975585938,547.460021972656,537.450012207031,538.409973144531,61158300,524.655822753906
"2024-07-26",542.280029296875,547.190002441406,541.489990234375,544.440002441406,53763800,530.531799316406
"2024-07-29",546.02001953125,547.049987792969,542.719970703125,544.760009765625,39515800,530.84375
"2024-07-30",546.260009765625,547.340026855469,538.52001953125,542,46853600,528.154235839844
"2024-07-31",548.97998046875,553.5,547.580017089844,550.809997558594,65663400,536.739013671875
"2024-08-01",552.570007324219,554.869995117188,539.429992675781,543.010009765625,76428700,529.138427734375
"2024-08-02",535.75,536.989990234375,528.599975585938,532.900024414062,82789100,519.286682128906
"2024-08-05",511.640014648438,523.580017089844,510.269989013672,517.380004882812,146267400,504.163269042969
"2024-08-06",519.219970703125,529.75,517.869995117188,522.150024414062,84826300,508.811340332031
"2024-08-07",528.469970703125,531.590026855469,518.049987792969,518.659973144531,70698300,505.410461425781
"2024-08-08",523.909973144531,531.289978027344,521.840026855469,530.650024414062,63276600,517.09423828125
"2024-08-09",529.809997558594,534.510009765625,528.559997558594,532.989990234375,45619600,519.37451171875
"2024-08-12",534.210021972656,535.72998046875,530.950012207031,533.27001953125,42542100,519.647216796875
"2024-08-13",536.530029296875,542.280029296875,536.280029296875,542.039978027344,52333100,528.193176269531
"2024-08-14",542.849975585938,544.960021972656,540.119995117188,543.75,42446900,529.859375
"2024-08-15",549.5,553.359985351562,548.880004882812,553.070007324219,60846800,538.941345214844
"2024-08-16",551.419982910156,555.02001953125,551.260009765625,554.309997558594,44430700,540.149780273438
"2024-08-19",554.72998046875,559.609985351562,553.859985351562,559.609985351562,39121800,545.314331054688
"2024-08-20",559.150024414062,560.840026855469,557.330017089844,558.700012207031,33732300,544.427673339844
"2024-08-21",559.77001953125,562.109985351562,554.72998046875,560.619995117188,41514600,546.298522949219
"2024-08-22",562.559997558594,563.179992675781,554.97998046875,556.219970703125,56121500,542.010864257812
"2024-08-23",559.530029296875,563.090026855469,557.289978027344,562.130004882812,50639400,547.77001953125
"2024-08-26",563.179992675781,563.909973144531,559.049987792969,560.789978027344,35788600,546.464233398438
"2024-08-27",559.489990234375,562.059997558594,558.320007324219,561.559997558594,32693900,547.214538574219
"2024-08-28",561.210021972656,561.650024414062,555.039978027344,558.299987792969,41066000,544.037841796875
"2024-08-29",560.309997558594,563.679992675781,557.179992675781,558.349975585938,38715200,544.086547851562
"2024-08-30",560.77001953125,564.200012207031,557.140014648438,563.679992675781,62700100,549.280395507812
"2024-09-03",560.469970703125,560.809997558594,549.510009765625,552.080017089844,60600100,537.976745605469
"2024-09-04",550.200012207031,554.429992675781,549.460021972656,550.950012207031,47224900,536.875732421875
"2024-09-05",550.890014648438,553.799987792969,547.099975585938,549.609985351562,44264300,535.569885253906
"2024-09-06",549.940002441406,551.599975585938,539.440002441406,540.359985351562,68493800,526.55615234375
"2024-09-09",544.650024414062,547.710021972656,542.679992675781,546.409973144531,40445800,532.451599121094
"2024-09-10",548.359985351562,549.150024414062,543.380004882812,548.789978027344,36394600,534.770751953125
"2024-09-11",548.700012207031,555.359985351562,539.960021972656,554.419982910156,75248600,540.256896972656
"2024-09-12",555.010009765625,559.400024414062,552.739990234375,559.090026855469,51819600,544.807678222656
"2024-09-13",559.710021972656,563.030029296875,559.450012207031,562.010009765625,39310500,547.653076171875
"2024-09-16",561.739990234375,563.109985351562,559.900024414062,562.840026855469,36656100,548.461853027344
"2024-09-17",565.099975585938,566.580017089844,560.789978027344,563.070007324219,49321000,548.685974121094
"2024-09-18",563.739990234375,568.690002441406,560.830017089844,561.400024414062,59044900,547.05859375
"2024-09-19",571.010009765625,572.880004882812,568.080017089844,570.97998046875,75315500,556.393859863281
"2024-09-20",567.840026855469,569.309997558594,565.169982910156,568.25,77503100,555.432067871094
"2024-09-23",569.340026855469,570.330017089844,568.099975585938,569.669982910156,44116900,556.820068359375
"2024-09-24",570.47998046875,571.359985351562,567.599975585938,571.299987792969,46805700,558.413269042969
"2024-09-25",571.140014648438,571.890014648438,568.909973144531,570.039978027344,38428600,557.181640625
"2024-09-26",574.380004882812,574.710021972656,569.900024414062,572.299987792969,48336000,559.390625
"2024-09-27",573.390014648438,574.219970703125,570.419982910156,571.469970703125,42100900,558.579406738281
"2024-09-30",570.419982910156,574.380004882812,568.080017089844,573.760009765625,63557400,560.817749023438
"2024-10-01",573.400024414062,574.059997558594,566,568.619995117188,72668800,555.793762207031
"2024-10-02",567.710021972656,569.900024414062,565.27001953125,568.859985351562,38097800,556.028381347656
"2024-10-03",567.359985351562,569.799987792969,565.489990234375,567.820007324219,40846500,555.011779785156
"2024-10-04",572.349975585938,573.359985351562,568.099975585938,572.97998046875,42939100,560.055358886719
"2024-10-07",571.299987792969,571.960021972656,566.630004882812,567.799987792969,49964700,554.9921875
"2024-10-08",570.419982910156,573.780029296875,569.530029296875,573.169982910156,37398700,560.241027832031
"2024-10-09",573.159973144531,577.710021972656,572.549987792969,577.140014648438,37912200,564.121520996094
"2024-10-10",575.77001953125,577.580017089844,574.489990234375,576.130004882812,44138100,563.134399414062
"2024-10-11",576.049987792969,580.330017089844,575.909973144531,579.580017089844,42268000,566.506530761719
"2024-10-14",581.219970703125,585.27001953125,580.72998046875,584.320007324219,36217200,571.1396484375
"2024-10-15",584.590026855469,584.900024414062,578.539978027344,579.780029296875,54203600,566.702026367188
"2024-10-16",579.780029296875,582.830017089844,578.960021972656,582.299987792969,30725400,569.165161132812
"2024-10-17",585.909973144531,586.119995117188,582.159973144531,582.349975585938,34393700,569.214050292969
"2024-10-18",584.070007324219,585.390014648438,582.580017089844,584.590026855469,37416800,571.403564453125
"2024-10-21",583.849975585938,584.849975585938,580.599975585938,583.630004882812,36439000,570.465270996094
"2024-10-22",581.049987792969,584.5,580.380004882812,583.320007324219,34183800,570.162170410156
"2024-10-23",581.260009765625,581.710021972656,574.419982910156,577.989990234375,49314600,564.952392578125
"2024-10-24",579.97998046875,580.059997558594,576.570007324219,579.239990234375,34979900,566.174194335938
"2024-10-25",581.510009765625,584.460021972656,578.080017089844,579.039978027344,47268200,565.978576660156
"2024-10-28",582.580017089844,582.710021972656,580.52001953125,580.830017089844,30174700,567.728332519531
"2024-10-29",579.849975585938,582.909973144531,578.429992675781,581.77001953125,42899700,568.647155761719
"2024-10-30",581.289978027344,583.320007324219,579.289978027344,580.010009765625,41435800,566.926940917969
"2024-10-31",575.559997558594,575.630004882812,568.440002441406,568.640014648438,60182500,555.813293457031
"2024-11-01",571.320007324219,575.549987792969,570.619995117188,571.039978027344,45667500,558.159118652344
"2024-11-04",571.179992675781,572.5,567.890014648438,569.809997558594,38217000,556.956848144531
"2024-11-05",570.739990234375,576.739990234375,570.52001953125,576.700012207031,39478300,563.691589355469
"2024-11-06",589.200012207031,591.929992675781,585.390014648438,591.039978027344,68182000,577.708068847656
"2024-11-07",593.080017089844,596.650024414062,593,595.609985351562,47233200,582.174987792969
"2024-11-08",596.169982910156,599.640014648438,596.169982910156,598.190002441406,46444900,584.69677734375
"2024-11-11",599.809997558594,600.169982910156,597,598.760009765625,37586800,585.25390625
"2024-11-12",598.679992675781,599.289978027344,594.369995117188,596.900024414062,43006100,583.435852050781
"2024-11-13",597.369995117188,599.22998046875,594.960021972656,597.190002441406,47388600,583.719360351562
"2024-11-14",597.320007324219,597.809997558594,592.650024414062,593.349975585938,38904100,579.965942382812
"2024-11-15",589.719970703125,590.200012207031,583.859985351562,585.75,75988800,572.537414550781
"2024-11-18",586.219970703125,589.489990234375,585.340026855469,588.150024414062,37001700,574.883239746094
"2024-11-19",584.710021972656,591.039978027344,584.030029296875,590.299987792969,49412000,576.984741210938
"2024-11-20",590.380004882812,590.789978027344,584.630004882812,590.5,50032600,577.18017578125
"2024-11-21",593.400024414062,595.119995117188,587.450012207031,593.669982910156,46750300,580.278686523438
"2024-11-22",593.659973144531,596.150024414062,593.150024414062,595.510009765625,38226400,582.077270507812
"2024-11-25",599.52001953125,600.859985351562,595.200012207031,597.530029296875,42441400,584.051635742188
"2024-11-26",598.799987792969,601.330017089844,598.070007324219,600.650024414062,45621300,587.101257324219
"2024-11-27",600.460021972656,600.849975585938,597.280029296875,598.830017089844,34000200,585.322326660156
"2024-11-29",599.659973144531,603.349975585938,599.380004882812,602.549987792969,30177400,588.958435058594
"2024-12-02",602.969970703125,604.320007324219,602.469970703125,603.630004882812,31746000,590.014038085938
"2024-12-03",603.390014648438,604.159973144531,602.340026855469,603.909973144531,26906600,590.287719726562
"2024-12-04",605.630004882812,607.909973144531,604.950012207031,607.659973144531,42787600,593.953125
"2024-12-05",607.659973144531,608.47998046875,606.299987792969,606.659973144531,28762200,592.975708007812
"2024-12-06",607.440002441406,609.070007324219,607.02001953125,607.809997558594,31241500,594.099792480469
"2024-12-09",607.690002441406,607.859985351562,604.080017089844,604.679992675781,34742700,591.040344238281
"2024-12-10",605.369995117188,605.799987792969,602.130004882812,602.799987792969,37234500,589.202697753906
"2024-12-11",605.780029296875,608.429992675781,605.5,607.460021972656,28677700,593.757568359375
"2024-12-12",606.580017089844,607.159973144531,604.330017089844,604.330017089844,31543800,590.698303222656
"2024-12-13",606.400024414062,607.130004882812,602.809997558594,604.210021972656,35904700,590.5810546875
"2024-12-16",606,607.780029296875,605.210021972656,606.789978027344,43695200,593.102783203125
"2024-12-17",604.190002441406,605.169982910156,602.890014648438,604.289978027344,55773500,590.6591796875
"2024-12-18",603.97998046875,606.409973144531,585.890014648438,586.280029296875,108248700,573.055541992188
"2024-12-19",591.359985351562,593,585.849975585938,586.099975585938,85919500,572.879455566406
"2024-12-20",581.77001953125,595.75,580.909973144531,591.150024414062,125716700,579.760314941406
"2024-12-23",590.890014648438,595.299987792969,587.659973144531,594.690002441406,57635800,583.232055664062
"2024-12-24",596.059997558594,601.340026855469,595.469970703125,601.299987792969,33160100,589.714660644531
"2024-12-26",599.5,602.47998046875,598.080017089844,601.340026855469,41219100,589.753967285156
"2024-12-27",597.539978027344,597.780029296875,590.760009765625,595.010009765625,64969300,583.5458984375
"2024-12-30",587.890014648438,591.739990234375,584.409973144531,588.219970703125,56578800,576.886657714844
"2024-12-31",589.909973144531,590.640014648438,584.419982910156,586.080017089844,57052700,574.787963867188
"2025-01-02",589.390014648438,591.130004882812,580.5,584.640014648438,50204000,573.375671386719
"2025-01-03",587.530029296875,592.599975585938,586.429992675781,591.950012207031,37888500,580.544860839844
"2025-01-06",596.27001953125,599.700012207031,593.599975585938,595.359985351562,47679400,583.889099121094
"2025-01-07",597.419982910156,597.75,586.780029296875,588.630004882812,60393100,577.288818359375
"2025-01-08",588.700012207031,590.580017089844,585.200012207031,589.489990234375,47304700,578.132263183594
"2025-01-10",585.880004882812,585.950012207031,578.549987792969,580.489990234375,73105000,569.3056640625
"2025-01-13",575.77001953125,581.75,575.349975585938,581.390014648438,47910100,570.188415527344
"2025-01-14",584.359985351562,585,578.349975585938,582.190002441406,48420600,570.972900390625
"2025-01-15",590.330017089844,593.940002441406,589.200012207031,592.780029296875,56900200,581.35888671875
"2025-01-16",594.169982910156,594.349975585938,590.929992675781,591.640014648438,43319700,580.240844726562
"2025-01-17",596.960021972656,599.359985351562,595.609985351562,597.580017089844,58070600,586.066467285156
"2025-01-21",600.669982910156,603.059997558594,598.669982910156,603.049987792969,42532900,591.430908203125
"2025-01-22",605.919982910156,607.820007324219,605.359985351562,606.440002441406,48196000,594.755737304688
"2025-01-23",605.799987792969,609.75,605.52001953125,609.75,41152100,598.001892089844
"2025-01-24",609.809997558594,610.780029296875,606.799987792969,607.969970703125,34604700,596.256164550781
"2025-01-27",594.809997558594,599.690002441406,594.640014648438,599.369995117188,70361100,587.821899414062
"2025-01-28",600.619995117188,605.369995117188,597.25,604.52001953125,44433300,592.872741699219
"2025-01-29",603.719970703125,604.130004882812,599.219970703125,601.809997558594,37177400,590.214904785156
"2025-01-30",603.960021972656,606.599975585938,600.719970703125,605.039978027344,39281300,593.382629394531
"2025-01-31",607.5,609.960021972656,601.049987792969,601.820007324219,66566900,590.224670410156
"2025-02-03",592.669982910156,600.289978027344,590.489990234375,597.77001953125,65857200,586.252746582031
"2025-02-04",597.830017089844,602.299987792969,597.280029296875,601.780029296875,33457800,590.185546875
"2025-02-05",600.640014648438,604.369995117188,598.580017089844,604.219970703125,30653100,592.578369140625
"2025-02-06",605.989990234375,606.450012207031,602.630004882812,606.320007324219,35771500,594.637939453125
"2025-02-07",606.890014648438,608.130004882812,600.049987792969,600.77001953125,50788500,589.194946289062
"2025-02-10",604.030029296875,605.5,602.739990234375,604.849975585938,26048700,593.196350097656
"2025-02-11",602.549987792969,605.859985351562,602.429992675781,605.309997558594,30056700,593.647521972656
"2025-02-12",599.200012207031,604.549987792969,598.510009765625,603.359985351562,45076100,591.734985351562
"2025-02-13",604.47998046875,609.940002441406,603.200012207031,609.72998046875,40921300,597.982299804688
"2025-02-14",609.940002441406,610.989990234375,609.070007324219,609.700012207031,26910400,597.952941894531
"2025-02-18",610.880004882812,611.489990234375,608.380004882812,611.489990234375,26749000,599.708374023438
"2025-02-19",610.080017089844,613.22998046875,609.559997558594,612.929992675781,31011100,601.120666503906
"2025-02-20",611.539978027344,611.679992675781,607.02001953125,610.380004882812,36554000,598.619812011719
"2025-02-21",610.159973144531,610.299987792969,599.469970703125,599.940002441406,76519800,588.380859375
"2025-02-24",602.02001953125,603.030029296875,596.489990234375,597.210021972656,50737200,585.70361328125
"2025-02-25",597.150024414062,597.890014648438,589.559997558594,594.239990234375,58266500,582.790710449219
"2025-02-26",595.929992675781,599.580017089844,591.859985351562,594.539978027344,43321600,583.085021972656
"2025-02-27",596.849975585938,598.02001953125,584.650024414062,585.049987792969,74196700,573.777770996094
"2025-02-28",585.559997558594,594.719970703125,582.440002441406,594.179992675781,88744100,582.73193359375
"2025-03-03",596.179992675781,597.340026855469,579.900024414062,583.77001953125,74249200,572.5224609375
"2025-03-04",579.710021972656,585.390014648438,572.25,576.859985351562,109648200,565.74560546875
"2025-03-05",576.690002441406,584.880004882812,573.080017089844,583.059997558594,71230500,571.826232910156
"2025-03-06",575.47998046875,580.169982910156,570.119995117188,572.710021972656,80094900,561.675476074219
"2025-03-07",570.900024414062,577.390014648438,565.630004882812,575.919982910156,81158800,564.823669433594
"2025-03-10",567.590026855469,569.539978027344,555.590026855469,560.580017089844,99326600,549.779296875
"2025-03-11",559.400024414062,564.02001953125,552.02001953125,555.919982910156,88102100,545.209045410156
"2025-03-12",562.169982910156,563.109985351562,553.690002441406,558.869995117188,69588200,548.102172851562
"2025-03-13",558.489990234375,559.109985351562,549.679992675781,551.419982910156,74079400,540.795776367188
"2025-03-14",556.109985351562,563.830017089844,551.489990234375,562.809997558594,62660300,551.966247558594
"2025-03-17",562.789978027344,569.710021972656,562.349975585938,567.150024414062,49008700,556.222717285156
"2025-03-18",564.799987792969,565.02001953125,559.059997558594,561.02001953125,66041400,550.210815429688
"2025-03-19",562.830017089844,570.950012207031,561.630004882812,567.130004882812,66556000,556.203125
"2025-03-20",563.330017089844,570.570007324219,562.599975585938,565.489990234375,62958200,554.594665527344
"2025-03-21",559.280029296875,564.890014648438,558.030029296875,563.97998046875,83763000,554.777648925781
"2025-03-24",570.799987792969,575.150024414062,570.200012207031,574.080017089844,58766800,564.712890625
"2025-03-25",575.299987792969,576.409973144531,573.690002441406,575.460021972656,38355700,566.070373535156
"2025-03-26",575.190002441406,576.330017089844,567.190002441406,568.590026855469,51848300,559.312438964844
"2025-03-27",567.179992675781,570.900024414062,564.940002441406,567.080017089844,42164200,557.827087402344
"2025-03-28",565.530029296875,566.27001953125,555.070007324219,555.659973144531,71662700,546.593383789062
"2025-03-31",549.830017089844,560.710021972656,546.869995117188,559.390014648438,95328200,550.262573242188
"2025-04-01",557.450012207031,562.940002441406,553.679992675781,560.969970703125,54609600,551.816650390625
"2025-04-02",555.049987792969,567.419982910156,554.809997558594,564.52001953125,76014500,555.308837890625
"2025-04-03",545.109985351562,547.969970703125,536.700012207031,536.700012207031,125986000,527.942749023438
"2025-04-04",523.669982910156,525.869995117188,505.059997558594,505.279998779297,217965100,497.035430908203
"2025-04-07",489.190002441406,523.169982910156,481.799987792969,504.380004882812,256611400,496.150146484375
"2025-04-08",521.859985351562,524.97998046875,489.160003662109,496.480010986328,165816600,488.378997802734
"2025-04-09",493.440002441406,548.619995117188,493.049987792969,548.619995117188,241867300,539.668395996094
"2025-04-10",532.169982910156,533.5,509.320007324219,524.580017089844,162331200,516.0205078125
"2025-04-11",523.010009765625,536.429992675781,520.070007324219,533.940002441406,97866300,525.227844238281
"2025-04-14",544.049987792969,544.280029296875,533.859985351562,539.119995117188,68034000,530.3232421875
"2025-04-15",539.669982910156,543.22998046875,536.809997558594,537.609985351562,56892900,528.837951660156
"2025-04-16",531.679992675781,537.890014648438,520.289978027344,525.659973144531,83484800,517.082946777344
"2025-04-17",527.640014648438,531.169982910156,523.909973144531,526.409973144531,79868100,517.820678710938
"2025-04-21",521.159973144531,521.700012207031,508.459991455078,513.880004882812,69368100,505.495086669922
"2025-04-22",520.140014648438,529.299987792969,519.190002441406,527.25,75948100,518.64697265625
"2025-04-23",540.429992675781,545.429992675781,533.880004882812,535.419982910156,90590700,526.683654785156
"2025-04-24",536.719970703125,547.429992675781,535.450012207031,546.690002441406,64150400,537.769775390625
"2025-04-25",546.650024414062,551.049987792969,543.690002441406,550.640014648438,61119600,541.655395507812
"2025-04-28",551.390014648438,553.549987792969,545.02001953125,550.849975585938,47613800,541.861877441406
"2025-04-29",548.909973144531,555.450012207031,548.549987792969,554.320007324219,47775100,545.275268554688
"2025-04-30",547.570007324219,556.52001953125,541.52001953125,554.539978027344,93101500,545.491638183594
"2025-05-01",560.369995117188,564.070007324219,557.859985351562,558.469970703125,63186100,549.357543945312
"2025-05-02",564.72998046875,568.380004882812,562.380004882812,566.760009765625,60717300,557.512268066406
"2025-05-05",562.570007324219,566.650024414062,561.700012207031,563.510009765625,38659200,554.315246582031
"2025-05-06",557.929992675781,563.349975585938,556.960021972656,558.799987792969,48264700,549.682189941406
"2025-05-07",560.150024414062,563.820007324219,556.039978027344,561.150024414062,55588000,551.993896484375
"2025-05-08",565.239990234375,570.309997558594,561.700012207031,565.059997558594,65130800,555.840026855469
"2025-05-09",566.47998046875,567.5,562.760009765625,564.340026855469,37603400,555.131896972656
"2025-05-12",581.469970703125,583,577.039978027344,582.989990234375,78993600,573.477478027344
"2025-05-13",583.409973144531,589.080017089844,582.840026855469,586.840026855469,67947200,577.2646484375
"2025-05-14",587.809997558594,588.97998046875,585.539978027344,587.590026855469,66283500,578.00244140625
"2025-05-15",585.559997558594,590.969970703125,585.099975585938,590.460021972656,71268100,580.825622558594
"2025-05-16",591.25,594.5,589.280029296875,594.200012207031,76052100,584.504577636719
"2025-05-19",588.099975585938,595.539978027344,588.099975585938,594.849975585938,68168500,585.143981933594
"2025-05-20",593.090026855469,594.049987792969,589.599975585938,592.849975585938,60614500,583.176574707031
"2025-05-21",588.440002441406,592.580017089844,581.820007324219,582.859985351562,95197700,573.349609375
"2025-05-22",582.659973144531,586.619995117188,581.409973144531,583.090026855469,70860400,573.575744628906
"2025-05-23",575.97998046875,581.809997558594,575.599975585938,579.109985351562,76029000,569.660827636719
"2025-05-27",586.070007324219,591.309997558594,578.429992675781,591.150024414062,72588500,581.50439453125
"2025-05-28",591.559997558594,592.77001953125,586.989990234375,587.72998046875,68445500,578.140075683594
"2025-05-29",593.059997558594,593.200012207031,586.070007324219,590.049987792969,69973300,580.422241210938
"2025-05-30",588.929992675781,591.130004882812,583.239990234375,589.390014648438,90601200,579.773071289062
"2025-06-02",587.760009765625,592.789978027344,585.059997558594,592.710021972656,61630500,583.038940429688
"2025-06-03",592.340026855469,597.080017089844,591.849975585938,596.090026855469,63606200,586.363708496094
"2025-06-04",596.960021972656,597.950012207031,595.489990234375,595.929992675781,57314200,586.206298828125
"2025-06-05",597.630004882812,599,591.049987792969,593.049987792969,92278700,583.373291015625
"2025-06-06",598.659973144531,600.830017089844,596.859985351562,599.140014648438,66588700,589.363952636719
"2025-06-09",599.719970703125,601.25,598.489990234375,599.679992675781,53016400,589.895141601562
"2025-06-10",600.219970703125,603.469970703125,599.090026855469,603.080017089844,66247000,593.239685058594
"2025-06-11",604.190002441406,605.059997558594,599.27001953125,601.359985351562,73658200,591.547668457031
"2025-06-12",600.010009765625,603.75,599.52001953125,603.75,64129000,593.898620605469
"2025-06-13",598.5,601.849975585938,595.47998046875,597,89506000,587.258850097656
"2025-06-16",600.400024414062,604.450012207031,600.219970703125,602.679992675781,79984100,592.84619140625
"2025-06-17",600.210021972656,601.75,596.760009765625,597.530029296875,82209400,587.780212402344
"2025-06-18",598.440002441406,601.219970703125,596.469970703125,597.440002441406,76605000,587.691711425781
"2025-06-20",598.380004882812,599.460021972656,592.859985351562,594.280029296875,94051400,586.3115234375
"2025-06-23",595.039978027344,600.539978027344,591.890014648438,600.150024414062,87426000,592.102722167969
"2025-06-24",604.330017089844,607.849975585938,603.409973144531,606.780029296875,67735300,598.643859863281
"2025-06-25",607.909973144531,608.609985351562,605.539978027344,607.119995117188,62114800,598.979309082031
"2025-06-26",608.989990234375,612.309997558594,608.369995117188,611.869995117188,78548400,603.665588378906
"2025-06-27",612.880004882812,616.390014648438,610.830017089844,614.909973144531,86258400,606.664855957031
"2025-06-30",617.380004882812,619.219970703125,615.039978027344,617.849975585938,92502500,609.565368652344
"2025-07-01",616.359985351562,618.830017089844,615.52001953125,617.650024414062,70030100,609.368103027344
"2025-07-02",617.239990234375,620.489990234375,616.609985351562,620.450012207031,66510400,612.130554199219
"2025-07-03",622.450012207031,626.280029296875,622.429992675781,625.340026855469,51065800,616.954956054688
"2025-07-07",623.359985351562,624.030029296875,617.869995117188,620.679992675781,74814500,612.357421875
"2025-07-08",621.349975585938,622.109985351562,619.52001953125,620.340026855469,59024600,612.022033691406
"2025-07-09",622.77001953125,624.719970703125,620.909973144531,624.059997558594,66113300,615.692077636719
"2025-07-10",624.200012207031,626.869995117188,623.010009765625,625.820007324219,57529000,617.428466796875
"2025-07-11",622.739990234375,624.859985351562,621.530029296875,623.619995117188,63670200,615.257995605469
"2025-07-14",623.159973144531,625.159973144531,621.799987792969,624.809997558594,51898500,616.432067871094
"2025-07-15",627.52001953125,627.859985351562,622.059997558594,622.140014648438,74317300,613.797912597656
"2025-07-16",623.739990234375,624.72998046875,618.049987792969,624.219970703125,88987500,615.849975585938
"2025-07-17",624.400024414062,628.400024414062,624.179992675781,628.039978027344,68885700,619.618713378906
"2025-07-18",629.299987792969,629.469970703125,626.460021972656,627.580017089844,65621600,619.1650390625
"2025-07-21",628.77001953125,631.539978027344,628.340026855469,628.77001953125,63375000,620.339050292969
"2025-07-22",629.099975585938,629.72998046875,626.190002441406,628.859985351562,60046300,620.427734375
"2025-07-23",631.549987792969,634.210021972656,629.72998046875,634.210021972656,70511000,625.7060546875
"2025-07-24",634.599975585938,636.150024414062,633.989990234375,634.419982910156,71307100,625.913146972656
"2025-07-25",635.090026855469,637.580017089844,634.840026855469,637.099975585938,56865400,628.557250976562
"2025-07-28",637.47998046875,638.039978027344,635.539978027344,636.940002441406,54917100,628.3994140625
"2025-07-29",638.349975585938,638.669982910156,634.340026855469,635.260009765625,60556300,626.741943359375
"2025-07-30",635.919982910156,637.679992675781,631.539978027344,634.460021972656,80418900,625.952697753906
"2025-07-31",639.460021972656,639.849975585938,630.77001953125,632.080017089844,103385200,623.604675292969
"2025-08-01",626.299987792969,626.340026855469,619.289978027344,621.719970703125,140103600,613.383422851562
"2025-08-04",625.669982910156,631.219970703125,625.580017089844,631.169982910156,73218000,622.706726074219
"2025-08-05",631.789978027344,632.609985351562,627.039978027344,627.969970703125,68051400,619.549621582031
"2025-08-06",629.049987792969,633.440002441406,628.130004882812,632.780029296875,64357500,624.295166015625
"2025-08-07",636.239990234375,636.97998046875,629.109985351562,632.25,74205800,623.772277832031
"2025-08-08",634.059997558594,637.650024414062,633.739990234375,637.179992675781,64051600,628.63623046875
"2025-08-11",637.460021972656,638.950012207031,634.659973144531,635.919982910156,58742300,627.393005371094
"2025-08-12",638.289978027344,642.849975585938,636.789978027344,642.690002441406,64730800,634.072265625
"2025-08-13",644.909973144531,646.190002441406,642.679992675781,644.890014648438,60092800,636.242858886719
"2025-08-14",642.789978027344,645.619995117188,642.340026855469,644.950012207031,59327500,636.302062988281
"2025-08-15",645.989990234375,646.090026855469,642.52001953125,643.440002441406,68592500,634.812255859375
"2025-08-18",642.859985351562,644,642.179992675781,643.299987792969,43804900,634.674194335938
"2025-08-19",643.119995117188,644.109985351562,638.47998046875,639.809997558594,69750700,631.23095703125
"2025-08-20",639.400024414062,639.659973144531,632.950012207031,638.109985351562,88890300,629.5537109375
"2025-08-21",636.280029296875,637.969970703125,633.809997558594,635.549987792969,54805800,627.028076171875
"2025-08-22",637.760009765625,646.5,637.25,645.309997558594,84083200,636.6572265625
"2025-08-25",644.039978027344,645.289978027344,642.349975585938,642.469970703125,51274300,633.855163574219
"2025-08-26",642.200012207031,645.510009765625,641.570007324219,645.159973144531,51581600,636.509155273438
"2025-08-27",644.570007324219,647.369995117188,644.419982910156,646.630004882812,48341100,637.959533691406
"2025-08-28",647.239990234375,649.47998046875,645.340026855469,648.919982910156,61519500,640.21875
"2025-08-29",647.469970703125,647.840026855469,643.140014648438,645.049987792969,74522200,636.400634765625
"2025-09-02",637.5,640.489990234375,634.919982910156,640.27001953125,81983500,631.684753417969
"2025-09-03",642.669982910156,644.210021972656,640.460021972656,643.739990234375,70820900,635.108215332031
"2025-09-04",644.419982910156,649.150024414062,643.510009765625,649.119995117188,65219200,640.416137695312
"2025-09-05",651.47998046875,652.210021972656,643.330017089844,647.239990234375,85178900,638.561279296875
"2025-09-08",648.619995117188,649.840026855469,647.22998046875,648.830017089844,63133100,640.1298828125
"2025-09-09",648.969970703125,650.859985351562,647.219970703125,650.330017089844,66133900,641.609802246094
"2025-09-10",653.619995117188,654.549987792969,650.630004882812,652.210021972656,78034500,643.464599609375
"2025-09-11",654.179992675781,658.330017089844,653.590026855469,657.630004882812,69934400,648.81201171875
"2025-09-12",657.599975585938,659.109985351562,656.900024414062,657.409973144531,72780100,648.594970703125
"2025-09-15",659.640014648438,661.039978027344,659.340026855469,660.909973144531,63772400,652.047912597656
"2025-09-16",661.469970703125,661.780029296875,659.210021972656,660,61169000,651.150146484375
"2025-09-17",660.010009765625,661.719970703125,654.299987792969,659.179992675781,101952200,650.34130859375
"2025-09-18",661.890014648438,664.890014648438,660.27001953125,662.260009765625,90459200,653.380004882812
"2025-09-19",662.330017089844,664.549987792969,660.369995117188,663.700012207031,97945600,656.616027832031
"2025-09-22",662.200012207031,667.289978027344,662.169982910156,666.840026855469,69452200,659.722534179688
"2025-09-23",666.719970703125,667.340026855469,661.97998046875,663.210021972656,81708900,656.131225585938
"2025-09-24",664.510009765625,664.609985351562,659.669982910156,661.099975585938,68082200,654.043701171875
"2025-09-25",657.940002441406,659.409973144531,654.409973144531,658.049987792969,89622100,651.026306152344
"2025-09-26",659.510009765625,662.369995117188,657.880004882812,661.820007324219,69179200,654.756103515625
"2025-09-29",664.359985351562,665.280029296875,661.859985351562,663.679992675781,73499000,656.596252441406
"2025-09-30",662.929992675781,666.650024414062,661.609985351562,666.179992675781,86288000,659.069519042969
"2025-10-01",663.169982910156,669.369995117188,663.059997558594,668.450012207031,72545400,661.315307617188
"2025-10-02",670.450012207031,670.570007324219,666.780029296875,669.219970703125,56896000,662.076965332031
"2025-10-03",669.989990234375,672.679992675781,668.159973144531,669.210021972656,70494400,662.067199707031
"2025-10-06",671.619995117188,672.510009765625,669.460021972656,671.609985351562,54623300,664.441589355469
"2025-10-07",672.539978027344,672.989990234375,667.669982910156,669.119995117188,72020100,661.978149414062
"2025-10-08",670.25,673.210021972656,669.419982910156,673.109985351562,60702200,665.925537109375
"2025-10-09",673.530029296875,673.940002441406,669.210021972656,671.159973144531,66501900,663.996398925781
"2025-10-10",672.130004882812,673.950012207031,652.840026855469,653.02001953125,159422600,646.049987792969
"2025-10-13",660.650024414062,665.130004882812,659.77001953125,663.039978027344,79560500,655.963012695312
"2025-10-14",657.169982910156,665.830017089844,653.169982910156,662.22998046875,88779600,655.161682128906
"2025-10-15",666.820007324219,670.22998046875,658.929992675781,665.169982910156,81702600,658.070251464844
"2025-10-16",666.820007324219,668.710021972656,657.109985351562,660.640014648438,110563300,653.588684082031
"2025-10-17",659.5,665.760009765625,658.140014648438,664.390014648438,96500900,657.298645019531
"2025-10-20",667.320007324219,672.210021972656,667.27001953125,671.299987792969,60493400,664.134826660156
"2025-10-21",671.440002441406,672.989990234375,669.97998046875,671.289978027344,56249000,664.124938964844
"2025-10-22",672,672,663.299987792969,667.799987792969,80564000,660.672180175781
"2025-10-23",668.119995117188,672.710021972656,667.799987792969,671.760009765625,65604500,664.589965820312
"2025-10-24",676.460021972656,678.469970703125,675.650024414062,677.25,74356500,670.021362304688
"2025-10-27",682.72998046875,685.539978027344,682.119995117188,685.239990234375,63339800,677.926025390625
"2025-10-28",687.049987792969,688.909973144531,684.830017089844,687.059997558594,61738100,679.726623535156
"2025-10-29",688.719970703125,689.700012207031,682.869995117188,687.390014648438,85657100,680.053161621094
"2025-10-30",683.900024414062,685.940002441406,679.830017089844,679.830017089844,76335800,672.573913574219
"2025-10-31",685.039978027344,685.080017089844,679.239990234375,682.059997558594,87164100,674.780029296875
"2025-11-03",685.669982910156,685.799987792969,679.940002441406,683.340026855469,57315000,676.04638671875
"2025-11-04",676.109985351562,679.960021972656,674.580017089844,675.239990234375,78427000,668.032836914062
"2025-11-05",674.97998046875,680.859985351562,674.169982910156,677.580017089844,74402400,670.347839355469
"2025-11-06",676.469970703125,677.380004882812,668.719970703125,670.309997558594,85035300,663.155456542969
"2025-11-07",667.909973144531,671.080017089844,661.210021972656,670.969970703125,100592400,663.808349609375
"2025-11-10",677.239990234375,682.179992675781,675.030029296875,681.440002441406,75842900,674.166625976562
"2025-11-11",679.950012207031,683.570007324219,678.72998046875,683,58953400,675.7099609375
"2025-11-12",684.789978027344,684.960021972656,680.950012207031,683.380004882812,62312500,676.0859375
"2025-11-13",680.5,680.859985351562,670.52001953125,672.039978027344,103457800,664.867004394531
"2025-11-14",665.380004882812,675.659973144531,663.27001953125,671.929992675781,96846700,664.758117675781
"2025-11-17",669.700012207031,673.710021972656,662.169982910156,665.669982910156,90456100,658.56494140625
"2025-11-18",662.099975585938,665.119995117188,655.859985351562,660.080017089844,114467500,653.034606933594
"2025-11-19",660.780029296875,667.340026855469,658.75,662.630004882812,94703000,655.557434082031
"2025-11-20",672.909973144531,675.559997558594,651.890014648438,652.530029296875,165293500,645.565246582031
"2025-11-21",655.049987792969,664.549987792969,650.849975585938,659.030029296875,123956200,651.995849609375
"2025-11-24",662.690002441406,670.059997558594,661.590026855469,668.72998046875,80437900,661.59228515625
"2025-11-25",668.630004882812,676.210021972656,664.47998046875,675.02001953125,81077100,667.815185546875
"2025-11-26",677.630004882812,681.700012207031,676.719970703125,679.679992675781,71879600,672.425415039062
"2025-11-28",680.859985351562,683.669982910156,680.5,683.390014648438,49212000,676.095825195312
"2025-12-01",678.809997558594,682.989990234375,678.739990234375,680.27001953125,61201200,673.009094238281
"2025-12-02",681.919982910156,683.820007324219,679.330017089844,681.530029296875,62953800,674.255676269531
"2025-12-03",680.570007324219,684.909973144531,679.690002441406,683.890014648438,57238500,676.590515136719
"2025-12-04",685.299987792969,685.369995117188,681.340026855469,684.390014648438,61970300,677.085205078125
"2025-12-05",685.469970703125,688.390014648438,684.580017089844,685.690002441406,79241000,678.371215820312
"2025-12-08",686.590026855469,686.640014648438,681.570007324219,683.630004882812,55231500,676.333312988281
"2025-12-09",683.150024414062,685.390014648438,682.590026855469,683.039978027344,58310100,675.749572753906
"2025-12-10",682.559997558594,688.969970703125,681.309997558594,687.570007324219,85671300,680.231201171875
"2025-12-11",685.140014648438,689.25,682.169982910156,689.169982910156,86173700,681.814147949219
"2025-12-12",688.169982910156,688.880004882812,679.169982910156,681.760009765625,113160300,674.483276367188
"2025-12-15",685.739990234375,685.760009765625,679.25,680.72998046875,90811000,673.464172363281
"2025-12-16",679.22998046875,681.080017089844,674.97998046875,678.869995117188,122030600,671.624084472656
"2025-12-17",679.890014648438,680.440002441406,671.200012207031,671.400024414062,110625200,664.233825683594
"2025-12-18",677.599975585938,680.739990234375,674.900024414062,676.469970703125,108650100,669.249572753906
"2025-12-19",676.590026855469,681.090026855469,676.469970703125,680.590026855469,103599500,675.315368652344
"2025-12-22",683.940002441406,685.359985351562,680.590026855469,684.830017089844,69556700,679.5224609375
"2025-12-23",683.919982910156,688.200012207031,683.869995117188,687.960021972656,64840000,682.628234863281
"2025-12-24",687.950012207031,690.830017089844,687.799987792969,690.380004882812,39445600,685.029479980469
"2025-12-26",690.640014648438,691.659973144531,689.27001953125,690.309997558594,41613300,684.960021972656
"2025-12-29",687.539978027344,689.200012207031,686.070007324219,687.849975585938,62559500,682.51904296875
"2025-12-30",687.450012207031,688.559997558594,686.580017089844,687.010009765625,47160700,681.685546875
"2025-12-31",687.140014648438,687.359985351562,681.710021972656,681.919982910156,74144800,676.635009765625
"2026-01-02",685.710021972656,686.869995117188,679.820007324219,683.169982910156,89377200,677.875305175781
"2026-01-05",686.539978027344,689.429992675781,686.380004882812,687.719970703125,71927200,682.390075683594
"2026-01-06",687.929992675781,692.320007324219,687.780029296875,691.809997558594,69273800,686.448364257812
"2026-01-07",692.190002441406,693.960021972656,689.320007324219,689.580017089844,75588300,684.235656738281
"2026-01-08",688.820007324219,690.619995117188,687.489990234375,689.510009765625,64019200,684.166198730469
"2026-01-09",690.630004882812,695.309997558594,689.179992675781,694.070007324219,80125500,688.690856933594
"2026-01-12",690.679992675781,696.090026855469,690.630004882812,695.159973144531,63976000,689.772338867188
"2026-01-13",695.489990234375,696.090026855469,691.349975585938,693.77001953125,78309700,688.393188476562
"2026-01-14",691,691.719970703125,686.039978027344,690.359985351562,94676700,685.009521484375
"2026-01-15",694.570007324219,695.450012207031,691.25,692.239990234375,77862000,686.875
"2026-01-16",693.659973144531,694.25,690.099975585938,691.659973144531,79289200,686.299560546875
"2026-01-20",681.489990234375,684.77001953125,676.570007324219,677.580017089844,111623300,672.328674316406
"2026-01-21",679.650024414062,688.739990234375,678.130004882812,685.400024414062,127844500,680.088073730469
"2026-01-22",689.849975585938,691.130004882812,686.919982910156,688.97998046875,77112200,683.640319824219
"2026-01-23",688.150024414062,690.960021972656,687.159973144531,689.22998046875,63059600,683.888305664062
"2026-01-26",690.489990234375,694.130004882812,689.919982910156,692.72998046875,60473800,687.361206054688
"2026-01-27",694.179992675781,696.530029296875,693.570007324219,695.489990234375,55506100,690.099853515625
"2026-01-28",697.049987792969,697.840026855469,693.940002441406,695.419982910156,61172200,690.030395507812
"2026-01-29",696.390014648438,697.059997558594,684.830017089844,694.039978027344,97486200,688.661071777344
"2026-01-30",691.789978027344,694.210021972656,687.119995117188,691.969970703125,101835100,686.607116699219
"2026-02-02",689.580017089844,696.929992675781,689.419982910156,695.409973144531,79286500,690.020446777344
"2026-02-03",696.210021972656,696.960021972656,684.030029296875,689.530029296875,107904600,684.18603515625
"2026-02-04",690.349975585938,691.450012207031,681.760009765625,686.190002441406,105204600,680.871887207031
"2026-02-05",680.940002441406,683.690002441406,675.789978027344,677.619995117188,113610800,672.368347167969
"2026-02-06",681.460021972656,692.309997558594,680.849975585938,690.619995117188,89127600,685.267578125
"2026-02-09",689.419982910156,695.869995117188,688.340026855469,693.950012207031,73885200,688.57177734375
"2026-02-10",694.950012207031,696.539978027344,691.659973144531,692.119995117188,65185700,686.755920410156
"2026-02-11",696.390014648438,697.140014648438,689.179992675781,691.960021972656,76353900,686.597229003906
"2026-02-12",694.239990234375,695.349975585938,680.369995117188,681.27001953125,118829000,675.990051269531
"2026-02-13",681.690002441406,686.280029296875,677.52001953125,681.75,96267500,676.466369628906
"2026-02-17",680.140014648438,684.940002441406,675.780029296875,682.849975585938,81354700,677.557800292969
"2026-02-18",684.02001953125,689.150024414062,682.830017089844,686.289978027344,73570300,680.971130371094
"2026-02-19",683.840026855469,686.179992675781,681.549987792969,684.47998046875,58649400,679.175109863281
"2026-02-20",682.320007324219,690.059997558594,681.72998046875,689.429992675781,100034000,684.086853027344
"2026-02-23",687.830017089844,690,680.369995117188,682.390014648438,90558100,677.101379394531
"2026-02-24",681.900024414062,688.349975585938,680,687.349975585938,73798700,682.022888183594
"2026-02-25",690.179992675781,693.679992675781,690.099975585938,693.150024414062,56369500,687.777954101562
"2026-02-26",693.280029296875,693.299987792969,684.349975585938,689.299987792969,71671000,683.957763671875
"2026-02-27",683.090026855469,686.859985351562,681.640014648438,685.989990234375,83308900,680.673400878906
"2026-03-02",678.700012207031,688.619995117188,678.02001953125,686.380004882812,87477200,681.060485839844
"2026-03-03",675.059997558594,682.609985351562,669.659973144531,680.330017089844,105003100,675.057373046875
"2026-03-04",681.630004882812,687.090026855469,679.619995117188,685.130004882812,79182200,679.820190429688
"2026-03-05",682.080017089844,685.530029296875,675.609985351562,681.309997558594,106606500,676.029724121094
"2026-03-06",673.409973144531,676.109985351562,669.760009765625,672.380004882812,100687000,667.1689453125
"2026-03-09",666.390014648438,679.919982910156,662.390014648438,678.27001953125,102667700,673.013305664062
"2026-03-10",677.719970703125,683.359985351562,674.760009765625,677.179992675781,81505300,671.931701660156
"2026-03-11",677.580017089844,680.080017089844,673.340026855469,676.330017089844,68441700,671.088317871094
"2026-03-12",671.159973144531,671.650024414062,665.869995117188,666.059997558594,108882200,660.897888183594
"2026-03-13",669.27001953125,672.340026855469,661.359985351562,662.289978027344,97200200,657.157165527344
"2026-03-16",668.380004882812,672.070007324219,667.119995117188,669.030029296875,82023100,663.844909667969
"2026-03-17",672.390014648438,674.440002441406,669.700012207031,670.789978027344,87128000,665.591247558594
"2026-03-18",668.359985351562,669.719970703125,661.190002441406,661.429992675781,82062600,656.303833007812
"2026-03-19",656.969970703125,662.97998046875,655.169982910156,659.799987792969,111272500,654.686401367188
"2026-03-20",656.510009765625,656.690002441406,644.719970703125,648.570007324219,163617500,645.301025390625
"2026-03-23",658.070007324219,662.619995117188,653.940002441406,655.380004882812,134802700,652.07666015625
"2026-03-24",651.320007324219,657.030029296875,649.880004882812,653.179992675781,96457500,649.887756347656
"2026-03-25",658.669982910156,660.890014648438,654.239990234375,656.820007324219,90653800,653.509399414062
"2026-03-26",652.059997558594,654.849975585938,644.820007324219,645.090026855469,96494400,641.838562011719
"2026-03-27",642.5,642.659973144531,633.109985351562,634.090026855469,103649400,630.893981933594
"2026-03-30",640.109985351562,640.369995117188,629.280029296875,631.969970703125,99275900,628.78466796875
"2026-03-31",638.940002441406,651.539978027344,637.97998046875,650.340026855469,152534100,647.062072753906
"2026-04-01",653.900024414062,658.52001953125,653,655.239990234375,97841500,651.937377929688
"2026-04-02",646.419982910156,658.200012207031,645.109985351562,655.830017089844,68358700,652.5244140625
"2026-04-06",655.859985351562,659.719970703125,655.52001953125,658.929992675781,39105800,655.608825683594
"2026-04-07",656.650024414062,659.609985351562,651.059997558594,659.219970703125,69980400,655.897277832031
"2026-04-08",676.390014648438,677.080017089844,671.460021972656,676.010009765625,93606100,672.602722167969
"2026-04-09",674.840026855469,681.159973144531,673.77001953125,679.909973144531,57134400,676.482971191406
"2026-04-10",681.320007324219,682.030029296875,678.450012207031,679.460021972656,42253500,676.035339355469
"2026-04-13",677.409973144531,686.299987792969,676.580017089844,686.099975585938,54185800,682.641845703125
"2026-04-14",687.690002441406,694.580017089844,687.659973144531,694.460021972656,63480500,690.959716796875
"2026-04-15",695.260009765625,700.280029296875,694.200012207031,699.940002441406,58240400,696.412109375
"2026-04-16",701.059997558594,702.780029296875,698.530029296875,701.659973144531,49972400,698.123413085938
"2026-04-17",706.140014648438,712.390014648438,705.760009765625,710.140014648438,70661900,706.560729980469
"2026-04-20",708.780029296875,709.909973144531,706.140014648438,708.719970703125,43546800,705.147766113281
"2026-04-21",710.280029296875,711.280029296875,702.640014648438,704.080017089844,58941400,700.53125
"2026-04-22",709.150024414062,711.450012207031,708.219970703125,711.210021972656,42518500,707.625305175781
"2026-04-23",709.5,712.359985351562,702.280029296875,708.450012207031,56174000,704.879211425781
"2026-04-24",710.75,714.469970703125,709.010009765625,713.940002441406,45182000,710.341552734375
"2026-04-27",713.169982910156,715.630004882812,712.299987792969,715.169982910156,33135900,711.565307617188
"2026-04-28",711.820007324219,712.880004882812,709.25,711.690002441406,43117400,708.102844238281
"2026-04-29",711,712.200012207031,708.369995117188,711.580017089844,41859200,707.993408203125
"2026-04-30",714.630004882812,719.789978027344,710.450012207031,718.659973144531,67240900,715.037719726562
"2026-05-01",721.25,724.869995117188,720.469970703125,720.650024414062,43049800,717.017700195312
"2026-05-04",720.070007324219,722.119995117188,714.989990234375,718.010009765625,51950600,714.390991210938
"2026-05-05",721.77001953125,725.039978027344,721.489990234375,723.77001953125,36933200,720.122009277344
"2026-05-06",728.159973144531,734.590026855469,727.820007324219,733.830017089844,53288900,730.131286621094
"2026-05-07",735.049987792969,736.130004882812,729.75,731.580017089844,51724600,727.892639160156
"2026-05-08",734.929992675781,738.080017089844,734.570007324219,737.619995117188,47227100,733.902160644531
"2026-05-11",736.450012207031,740.789978027344,736.450012207031,739.299987792969,44024000,735.573669433594
"2026-05-12",736.890014648438,738.840026855469,731.830017089844,738.179992675781,54185300,734.459350585938
"2026-05-13",738.469970703125,743.909973144531,735.469970703125,742.309997558594,44200200,738.568542480469
"2026-05-14",743.650024414062,749.530029296875,743.559997558594,748.169982910156,45307600,744.398986816406
"2026-05-15",741.789978027344,743.460021972656,737.960021972656,739.169982910156,60410800,735.444396972656
"2026-05-18",739.830017089844,741.419982910156,733.390014648438,738.650024414062,47843900,734.927001953125
"2026-05-19",734.780029296875,737.650024414062,731.530029296875,733.72998046875,54255900,730.031799316406
"2026-05-20",735.710021972656,741.869995117188,733.890014648438,741.25,45768000,737.513854980469
"2026-05-21",738.640014648438,744.869995117188,737.030029296875,742.719970703125,43332200,738.976440429688
"2026-05-22",746.239990234375,748.940002441406,744.47998046875,745.640014648438,41762000,741.881774902344
"2026-05-26",750.010009765625,752.130004882812,748.369995117188,750.590026855469,41123600,746.806823730469
"2026-05-27",750.880004882812,751.380004882812,748.219970703125,750.460021972656,42106300,746.677490234375
"2026-05-28",750.25,755.150024414062,749.22998046875,754.599975585938,41562600,750.796569824219
"2026-05-29",755.900024414062,758.080017089844,754.690002441406,756.47998046875,55075700,752.667114257812
"2026-06-01",755.359985351562,760.280029296875,754.690002441406,758.539978027344,43634900,754.716735839844
"2026-06-02",757.030029296875,760.400024414062,756.75,759.570007324219,31581900,755.741577148438
"2026-06-03",758.150024414062,758.799987792969,753.570007324219,754.239990234375,51402500,750.438415527344
"2026-06-04",752.099975585938,758.309997558594,751.469970703125,757.090026855469,49923000,753.274047851562
"2026-06-05",752.309997558594,752.820007324219,735.530029296875,737.549987792969,93989400,733.83251953125
"2026-06-08",743.359985351562,745.340026855469,738.190002441406,739.219970703125,49319100,735.494079589844
"2026-06-09",743.630004882812,746.900024414062,722.590026855469,737.049987792969,87683500,733.335021972656
"2026-06-10",733.390014648438,738.380004882812,725.330017089844,725.429992675781,60341300,721.773620605469
"2026-06-11",728.760009765625,740,724.409973144531,737.760009765625,86330500,734.04150390625
"2026-06-12",740.710021972656,744.440002441406,735.030029296875,741.75,57079500,738.011352539062
"2026-06-15",751.849975585938,756.679992675781,751.760009765625,754.830017089844,60176400,751.025451660156
"2026-06-16",754.549987792969,755.440002441406,749.880004882812,750.330017089844,67093100,746.548156738281
"2026-06-17",751.289978027344,752.150024414062,739.219970703125,740.960021972656,85945200,737.225341796875
"2026-06-18",747.760009765625,748.22998046875,743.859985351562,746.739990234375,80875700,744.890258789062
"2026-06-22",747.700012207031,750.179992675781,743.130004882812,744.390014648438,46628100,742.546142578125
"2026-06-23",733.809997558594,739.630004882812,732.299987792969,733.580017089844,66846800,731.762878417969
"2026-06-24",735.169982910156,739.950012207031,730.840026855469,733.239990234375,57439500,731.423706054688
"2026-06-25",738.909973144531,739.369995117188,729.599975585938,734.299987792969,53934400,732.481079101562
"2026-06-26",728.950012207031,736.530029296875,716.580017089844,728.989990234375,71034000,727.184265136719
"2026-06-29",736.530029296875,741.559997558594,732.090026855469,741,58035200,739.164489746094
"2026-06-30",741.289978027344,748.02001953125,740.890014648438,746.77001953125,55626000,744.920227050781
"2026-07-01",745,749.440002441406,742.380004882812,745.760009765625,47100900,743.912719726562
"2026-07-02",747.400024414062,751.309997558594,740.030029296875,744.780029296875,57447800,742.935180664062
"2026-07-06",748.739990234375,752.409973144531,747.409973144531,751.280029296875,50673300,749.419067382812
"2026-07-07",750.219970703125,750.960021972656,745.210021972656,747.710021972656,43721500,745.85791015625
"2026-07-08",743.159973144531,746.150024414062,739.510009765625,745.400024414062,43767400,743.553649902344
"2026-07-09",747.349975585938,751.969970703125,745.590026855469,751.710021972656,41441700,749.848022460938
"2026-07-10",752.049987792969,755.419982910156,748.099975585938,754.950012207031,42191300,753.079956054688
"2026-07-13",752.469970703125,753.909973144531,748,749.169982910156,44013600,747.314270019531
"2026-07-14",750.909973144531,753.340026855469,748.659973144531,751.830017089844,35143100,749.967712402344
"2026-07-15",754.239990234375,755.580017089844,750.200012207031,754.809997558594,43844800,752.940307617188
"2026-07-16",752.760009765625,754.570007324219,747.880004882812,750.719970703125,46409800,748.860412597656
"2026-07-17",742.080017089844,747.289978027344,740.799987792969,743.289978027344,62651000,741.448791503906
"2026-07-20",747.059997558594,748.72998046875,741.510009765625,742.090026855469,50422300,740.251831054688
"2026-07-21",746.289978027344,749.039978027344,744.179992675781,748.280029296875,34324300,746.426513671875
"2026-07-22",746.619995117188,750.02001953125,746.369995117188,747.409973144531,32836200,745.55859375
"2026-07-23",739.369995117188,742.559997558594,735.210021972656,738.179992675781,55437300,736.351501464844
"2026-07-24",738.510009765625,743.719970703125,737.289978027344,738.929992675781,44782000,737.099609375
"2026-07-27",744.909973144531,745.530029296875,735.869995117188,739.090026855469,41461200,737.25927734375
"2026-07-28",739.190002441406,742.789978027344,735.97998046875,740.859985351562,47322200,739.024841308594
"2026-07-29",739.969970703125,742.679992675781,729.099975585938,729.460021972656,70697200,727.653137207031
"2026-07-30",736.049987792969,742.450012207031,734.590026855469,741.690002441406,66811300,739.852783203125
"2026-07-31",744.679992675781,748.900024414062,737.679992675781,747.030029296875,62445900,745.179626464844
"2026-08-03",749.440002441406,758.580017089844,748.799987792969,757.669982910156,59927500,755.793212890625
"2026-08-04",760.630004882812,773.409973144531,760.52001953125,771.330017089844,69154800,769.419372558594
"2026-08-05",775.849975585938,776.849975585938,769.510009765625,769.789978027344,44689100,767.883178710938
"2026-08-06",770.210021972656,771.820007324219,767.460021972656,768.559997558594,38416900,766.65625
"2026-08-07",771.02001953125,773.919982910156,769.609985351562,773.260009765625,43586300,771.344604492188
"2026-08-10",772.599975585938,775.049987792969,771.619995117188,773.030029296875,39249500,771.115173339844
"2026-08-11",774.530029296875,774.609985351562,769.200012207031,770.559997558594,36740600,768.651306152344
"2026-08-12",774.710021972656,774.900024414062,771.280029296875,772.489990234375,33179100,770.576477050781
"2026-08-13",774.869995117188,779.369995117188,774.109985351562,777.880004882812,35634500,775.953186035156
"2026-08-14",778.539978027344,778.799987792969,775.429992675781,776.340026855469,31367900,774.4169921875
"2026-08-17",776.179992675781,776.780029296875,772.510009765625,772.669982910156,34356600,770.756042480469
"2026-08-18",768.700012207031,769.5,766.919982910156,767.450012207031,43920900,765.549011230469
"2026-08-19",770.359985351562,772.469970703125,768.099975585938,769.059997558594,40306000,767.154968261719
"2026-08-20",765.960021972656,768.150024414062,762.039978027344,762.599975585938,45520300,760.710998535156
"2026-08-21",766.049987792969,767.849975585938,764.169982910156,765.719970703125,39188700,763.8232421875
"2026-08-24",764.780029296875,765.219970703125,762.080017089844,763.469970703125,32430900,761.578796386719
"2026-08-25",766.159973144531,766.780029296875,763.049987792969,765.909973144531,27422300,764.012756347656
"2026-08-26",764.72998046875,767.349975585938,763.929992675781,766.080017089844,28751600,764.182373046875
"2026-08-27",768.5,772.359985351562,767.159973144531,771.099975585938,34557100,769.18994140625
"2026-08-28",771.760009765625,775.299987792969,768.309997558594,769.349975585938,36744300,767.444274902344
"2026-08-31",767.330017089844,768,764.719970703125,767.049987792969,38810800,765.149963378906
"2026-09-01",762.010009765625,764.669982910156,759.47998046875,761.780029296875,41126300,759.89306640625
"2026-09-02",762.450012207031,766.429992675781,761.72998046875,765.159973144531,29566200,763.2646484375
"2026-09-03",767.900024414062,774.030029296875,767.450012207031,773.169982910156,43531600,771.254821777344
"2026-09-04",772.010009765625,772.869995117188,769,770.190002441406,34054200,768.2822265625
"2026-09-08",769.070007324219,769.700012207031,765.140014648438,765.960021972656,44746100,764.062683105469
"2026-09-09",764.080017089844,764.469970703125,760.940002441406,762.400024414062,32812400,760.511535644531
"2026-09-10",758.030029296875,760.109985351562,756.640014648438,757.830017089844,42740400,755.952819824219
"2026-09-11",764.719970703125,766.380004882812,763.599975585938,764.289978027344,45512700,762.396789550781
"2026-09-14",759,763.52001953125,757.929992675781,760.880004882812,43992400,758.995239257812
"2026-09-15",760.119995117188,760.349975585938,756.150024414062,757.390014648438,46195000,755.513916015625
"2026-09-16",759.5,761.669982910156,749.599975585938,754.049987792969,59217700,752.182189941406
"2026-09-17",763.150024414062,763.570007324219,759.960021972656,762.599975585938,49652800,760.710998535156
"2026-09-18",761.309997558594,762,757.969970703125,761.690002441406,65395100,761.690002441406
"2026-09-21",766.25,774.890014648438,766.030029296875,773.5,50484700,773.5
"2026-09-22",774.030029296875,775.140014648438,772.570007324219,773.380004882812,34802300,773.380004882812
"2026-09-23",772.789978027344,773.049987792969,766.5,767.809997558594,54931700,767.809997558594
"2026-09-24",764.070007324219,768.950012207031,763.25,767.179992675781,43983700,767.179992675781
"2026-09-25",768.780029296875,772.280029296875,766.289978027344,771.349975585938,36629600,771.349975585938
