"Date","Open","High","Low","Close","Volume","Adjusted"
"2010-01-04",68.7200012207031,69.2600021362305,68.1900024414062,69.1500015258789,27809100,37.1368026733398
"2010-01-05",69.1900024414062,69.4499969482422,68.8000030517578,69.4199981689453,30174700,37.2818183898926
"2010-01-06",69.4499969482422,70.5999984741211,69.3399963378906,70.0199966430664,35044700,37.6040382385254
"2010-01-07",69.9000015258789,70.0599975585938,69.4199981689453,69.8000030517578,27192100,37.4858932495117
"2010-01-08",69.6900024414062,69.75,69.2200012207031,69.5199966430664,24891800,37.3355102539062
"2010-01-11",69.9400024414062,70.5199966430664,69.6500015258789,70.3000030517578,30685000,37.7544021606445
"2010-01-12",69.7200012207031,69.9899978637695,69.5199966430664,69.9499969482422,31496700,37.5664482116699
"2010-01-13",69.9599990844727,70.0400009155273,69.2600021362305,69.6699981689453,24884400,37.4160652160645
"2010-01-14",69.5400009155273,69.7399978637695,69.3499984741211,69.6800003051758,18630800,37.4214363098145
"2010-01-15",69.6500015258789,69.6900024414062,68.6500015258789,69.1100006103516,29411900,37.1153297424316
"2010-01-19",68.7399978637695,69.3499984741211,68.4199981689453,69.2699966430664,26081900,37.2012596130371
"2010-01-20",68.5599975585938,68.6600036621094,67.9300003051758,68.0299987792969,34629500,36.5353202819824
"2010-01-21",68.120002746582,68.1500015258789,66.5,66.6999969482422,39114000,35.8210372924805
"2010-01-22",66.5199966430664,67.1399993896484,66,66.0999984741211,39085500,35.4988174438477
"2010-01-25",66.5500030517578,66.7600021362305,65.6900024414062,65.8499984741211,29305100,35.3645553588867
"2010-01-26",65.6399993896484,66.7399978637695,65.5,65.9199981689453,34083300,35.402156829834
"2010-01-27",65.6600036621094,66.0599975585938,65,65.5400009155273,35723500,35.198070526123
"2010-01-28",65.8499984741211,65.8499984741211,64.5699996948242,64.9599990844727,37349800,34.8865699768066
"2010-01-29",65.1500015258789,65.8199996948242,64.0199966430664,64.4300003051758,40880500,34.6019477844238
"2010-02-01",65.7699966430664,66.4100036621094,65.3499984741211,66.1800003051758,37703000,35.5417785644531
"2010-02-02",66.7300033569336,67.120002746582,66.4700012207031,66.9599990844727,34057900,35.9606857299805
"2010-02-03",66.879997253418,67.2300033569336,66.5599975585938,66.5999984741211,24024700,35.7673454284668
"2010-02-04",66.2699966430664,66.3499984741211,64.6800003051758,64.7200012207031,33858200,34.7576866149902
"2010-02-05",64.6999969482422,64.9000015258789,63.560001373291,64.8000030517578,42297500,34.8006553649902
"2010-02-08",64.9100036621094,65.4899978637695,64.3399963378906,64.3499984741211,30519400,34.7844429016113
"2010-02-09",65.1100006103516,65.7099990844727,64.5599975585938,65.1999969482422,36243300,35.2439002990723
"2010-02-10",65.0800018310547,65.2200012207031,64.1600036621094,64.8499984741211,21699100,35.0547180175781
"2010-02-11",64.6900024414062,65.4800033569336,64.4100036621094,65.2399978637695,23555200,35.2655296325684
"2010-02-12",64.620002746582,65.1399993896484,64.2799987792969,64.8000030517578,30636200,35.0276985168457
"2010-02-16",65.4400024414062,66.379997253418,65.0800018310547,66.2799987792969,30514900,35.8276863098145
"2010-02-17",66.3399963378906,66.4499969482422,65.5699996948242,65.7600021362305,21821800,35.5466117858887
"2010-02-18",65.8000030517578,66.0899963378906,65.3499984741211,65.9599990844727,22536700,35.6547241210938
"2010-02-19",65.5899963378906,66.2399978637695,65.4300003051758,65.870002746582,24264600,35.606086730957
"2010-02-22",66.0999984741211,66.120002746582,65.25,65.4000015258789,20469700,35.3520240783691
"2010-02-23",65.2600021362305,65.5599975585938,64.1500015258789,64.9400024414062,33372900,35.1033592224121
"2010-02-24",65.0100021362305,65.870002746582,64.7699966430664,65.5500030517578,21469600,35.4331016540527
"2010-02-25",64.6100006103516,65.1699981689453,64.370002746582,65.1399993896484,25668800,35.2114753723145
"2010-02-26",65.2600021362305,65.4000015258789,64.9199981689453,65,20129700,35.1358070373535
"2010-03-01",65.3600006103516,65.5400009155273,65.0899963378906,65.4000015258789,18798600,35.3520240783691
"2010-03-02",65.6600036621094,65.7900009155273,65.1500015258789,65.4899978637695,24823900,35.4006614685059
"2010-03-03",65.7699966430664,65.9700012207031,65.379997253418,65.4300003051758,22279800,35.368236541748
"2010-03-04",65.3499984741211,65.629997253418,65.0800018310547,65.4000015258789,21961100,35.3520240783691
"2010-03-05",65.9599990844727,66.5199966430664,65.7799987792969,66.4700012207031,26837900,35.9304122924805
"2010-03-08",66.7699966430664,66.7900009155273,66.2300033569336,66.4800033569336,20297200,35.9358062744141
"2010-03-09",66.3199996948242,67.1900024414062,66.2200012207031,66.7799987792969,29003100,36.0979804992676
"2010-03-10",67.1600036621094,67.4199981689453,66.7799987792969,67.2200012207031,24810300,36.3358154296875
"2010-03-11",67.3899993896484,67.5599975585938,66.9800033569336,67.2200012207031,19357400,36.3358154296875
"2010-03-12",67.5800018310547,67.5800018310547,66.5,66.8000030517578,23361800,36.1087875366211
"2010-03-15",66.6699981689453,66.6900024414062,65.9000015258789,66.3000030517578,22070000,35.8385238647461
"2010-03-16",66.5500030517578,66.6800003051758,66,66.5699996948242,35103700,35.9844703674316
"2010-03-17",66.9100036621094,67.7900009155273,66.8000030517578,67.3600006103516,38770000,36.4114990234375
"2010-03-18",67.5,67.7399978637695,67.0100021362305,67.3899993896484,25925500,36.4277191162109
"2010-03-19",67.0400009155273,67.8899993896484,66.4300003051758,67.0400009155273,45564200,36.2385177612305
"2010-03-22",66.4899978637695,67.1999969482422,66.3199996948242,66.9700012207031,21390600,36.2006874084473
"2010-03-23",66.9400024414062,66.9800033569336,66.4499969482422,66.9499969482422,24754700,36.1898727416992
"2010-03-24",66.5699996948242,66.8600006103516,66.2300033569336,66.5,19748800,35.9466361999512
"2010-03-25",66.8099975585938,66.9199981689453,66.2399978637695,66.3000030517578,21095600,35.8385238647461
"2010-03-26",66.4400024414062,66.879997253418,66.1699981689453,66.5400009155273,30553400,35.9682464599609
"2010-03-29",66.6600036621094,67.4800033569336,66.5899963378906,67.3000030517578,26122200,36.3790588378906
"2010-03-30",67.1900024414062,67.3000030517578,66.7900009155273,67.0500030517578,17745900,36.2439270019531
"2010-03-31",66.9400024414062,67.1900024414062,66.5999984741211,66.9800033569336,22352500,36.2060890197754
"2010-04-01",67.2699966430664,67.8000030517578,67.1900024414062,67.6100006103516,19614700,36.5466384887695
"2010-04-05",67.8399963378906,68.3600006103516,67.7200012207031,68.1900024414062,20901100,36.8601531982422
"2010-04-06",67.9899978637695,68.3499984741211,67.8000030517578,67.9000015258789,19776800,36.7033996582031
"2010-04-07",67.8300018310547,67.8499984741211,66.9700012207031,67.3399963378906,24531500,36.4006690979004
"2010-04-08",67.0100021362305,68.2200012207031,66.8499984741211,67.8600006103516,24060800,36.6817779541016
"2010-04-09",68.1100006103516,68.9800033569336,68.0699996948242,68.7600021362305,21099600,37.1682662963867
"2010-04-12",68.8000030517578,69.0500030517578,68.5800018310547,68.7099990844727,18170300,37.1412506103516
"2010-04-13",68.4700012207031,68.7600021362305,68.0699996948242,68.6600036621094,19177100,37.1142044067383
"2010-04-14",68.7200012207031,68.8199996948242,68.3600006103516,68.6100006103516,18777800,37.0871887207031
"2010-04-15",68.5,68.7200012207031,68.1500015258789,68.2600021362305,16712900,36.8979988098145
"2010-04-16",68.120002746582,68.6999969482422,67.7099990844727,67.9300003051758,33855100,36.7196273803711
"2010-04-19",67.75,68.4400024414062,67.5699996948242,68.2300033569336,25686000,36.8817672729492
"2010-04-20",68.620002746582,69.2200012207031,68.5,68.9700012207031,22989500,37.2817802429199
"2010-04-21",69,69.4300003051758,68.5699996948242,68.9199981689453,21119200,37.254753112793
"2010-04-22",68.5199966430664,68.7300033569336,68.2200012207031,68.5599975585938,21654700,37.0601577758789
"2010-04-23",68.5,69.2699966430664,68.1800003051758,69.2399978637695,24340000,37.4277381896973
"2010-04-26",69.0299987792969,69.5299987792969,68.9300003051758,69.2900009155273,18237100,37.4547538757324
"2010-04-27",69.0100021362305,70,68.1999969482422,68.2699966430664,36374700,36.903392791748
"2010-04-28",68.870002746582,69.5400009155273,68.6100006103516,69.1900024414062,33243500,37.400707244873
"2010-04-29",68.4499969482422,69.6600036621094,68.2399978637695,68.6600036621094,47200900,37.1142044067383
"2010-04-30",68.9000015258789,69.3099975585938,67.7300033569336,67.7699966430664,43762100,36.6331253051758
"2010-05-03",68.1100006103516,68.2200012207031,67.1800003051758,67.8399963378906,30734900,36.6709632873535
"2010-05-04",67.1500015258789,67.2600021362305,66,66.4700012207031,31646100,35.9304122924805
"2010-05-05",65.9400024414062,66.9400024414062,65.8300018310547,66.1699981689453,30260300,35.7682342529297
"2010-05-06",65.7900009155273,66.2300033569336,58.4599990844727,63.8899993896484,58336300,34.5357818603516
"2010-05-07",64.5,64.9199981689453,63.2299995422363,63.7000007629395,69004800,34.4330711364746
"2010-05-10",65.4199981689453,65.75,64.5199966430664,65.2300033569336,38337600,35.2601165771484
"2010-05-11",64.620002746582,65,64.2300033569336,64.4599990844727,29790600,35.0805397033691
"2010-05-12",64.6399993896484,65.3399963378906,64.5,64.9100036621094,25390700,35.3254241943359
"2010-05-13",64.870002746582,65.2699966430664,64.3199996948242,64.7399978637695,26791600,35.2329063415527
"2010-05-14",64.5,64.7300033569336,62.9099998474121,63.5999984741211,38815400,34.6124954223633
"2010-05-17",63.7400016784668,63.8800010681152,62.2599983215332,63.2700004577637,31923700,34.4329071044922
"2010-05-18",64.0500030517578,64.2699966430664,62.4199981689453,62.7900009155273,34457000,34.1716690063477
"2010-05-19",62.4599990844727,62.939998626709,62,62.4500007629395,36722500,33.986644744873
"2010-05-20",61.4700012207031,61.6800003051758,60.2099990844727,60.3300018310547,57194500,32.832893371582
"2010-05-21",59.1599998474121,60.9500007629395,59.1599998474121,60.8800010681152,52802900,33.1322135925293
"2010-05-24",60.7400016784668,61,60.1300010681152,60.189998626709,27847800,32.7566947937012
"2010-05-25",58.9900016784668,59.7799987792969,58.4599990844727,59.7099990844727,50533800,32.4954795837402
"2010-05-26",60.0800018310547,60.4599990844727,59.1199989318848,59.310001373291,34028900,32.2777824401855
"2010-05-27",60.5,61.5499992370605,60.0999984741211,61.4599990844727,31911500,33.4478721618652
"2010-05-28",61.2099990844727,61.6699981689453,60.2799987792969,60.4599990844727,32078700,32.9036331176758
"2010-06-01",60.3800010681152,60.8600006103516,59.1399993896484,59.25,32972000,32.2451286315918
"2010-06-02",59.5099983215332,60.7999992370605,59.2299995422363,60.7700004577637,28668400,33.0723533630371
"2010-06-03",61.2299995422363,62.0099983215332,60.5999984741211,61.560001373291,32383700,33.5022811889648
"2010-06-04",60.7400016784668,61.0499992370605,59.2900009155273,59.5299987792969,45019200,32.3975067138672
"2010-06-07",59.9799995422363,60.4099998474121,59.2000007629395,59.2999992370605,28389500,32.2723426818848
"2010-06-08",59.6199989318848,61.439998626709,59.3800010681152,61.2400016784668,48460700,33.3281364440918
"2010-06-09",61.5800018310547,61.5999984741211,59.8199996948242,60.0299987792969,31693200,32.6696319580078
"2010-06-10",61.5,62,61.1599998474121,61.8899993896484,33020100,33.6818809509277
"2010-06-11",61.6800003051758,61.9199981689453,61.1800003051758,61.8600006103516,21227100,33.6655502319336
"2010-06-14",62.060001373291,62.4599990844727,61.3199996948242,61.3699989318848,24667800,33.3988876342773
"2010-06-15",61.8899993896484,62.5699996948242,61.4900016784668,62.5099983215332,24532600,34.0192947387695
"2010-06-16",61.9700012207031,62.6199989318848,61.9000015258789,62.5099983215332,20652700,34.0192947387695
"2010-06-17",62.4199981689453,62.7000007629395,61.9500007629395,62.5999984741211,23310200,34.0682678222656
"2010-06-18",62.7799987792969,63.3699989318848,62.4000015258789,63.0999984741211,32747000,34.3403816223145
"2010-06-21",64.0999984741211,64.5,62.8499984741211,63.1300010681152,24877600,34.3567161560059
"2010-06-22",63.1300010681152,63.2000007629395,61.7900009155273,61.939998626709,26147000,33.7090911865234
"2010-06-23",61.7099990844727,62.2599983215332,60.9000015258789,61.0999984741211,38058900,33.2519340515137
"2010-06-24",60.8199996948242,61.2000007629395,59.8699989318848,60.0699996948242,34188500,32.6913871765137
"2010-06-25",60.1500015258789,60.2400016784668,59.0999984741211,59.0999984741211,118023500,32.163501739502
"2010-06-28",59.310001373291,59.3899993896484,58.4700012207031,58.4700012207031,43013000,31.8206424713135
"2010-06-29",58,58.0900001525879,57,57.2900009155273,52525000,31.1784572601318
"2010-06-30",57.3300018310547,57.7299995422363,56.9199981689453,57.0699996948242,43944900,31.0587348937988
"2010-07-01",56.9799995422363,57.2700004577637,56.1699981689453,56.6100006103516,47746400,30.8083915710449
"2010-07-02",56.8499984741211,56.9900016784668,55.939998626709,56.5699996948242,32767900,30.7866058349609
"2010-07-06",57.1699981689453,57.5900001525879,56.7700004577637,57.4599990844727,36912100,31.2709732055664
"2010-07-07",57.3699989318848,58.4500007629395,57.2599983215332,58.4300003051758,41797200,31.7988681793213
"2010-07-08",59.1300010681152,59.2000007629395,58.1300010681152,58.810001373291,40430300,32.005672454834
"2010-07-09",58.7599983215332,59.0099983215332,58.2999992370605,58.7799987792969,25976500,31.9893417358398
"2010-07-12",58.2900009155273,58.939998626709,58.2000007629395,58.939998626709,23515000,32.0764236450195
"2010-07-13",59.5999984741211,59.7200012207031,59.0400009155273,59.4199981689453,30514200,32.3376426696777
"2010-07-14",59.2200012207031,59.3400001525879,58.6199989318848,59.2599983215332,26061100,32.2505798339844
"2010-07-15",59.3600006103516,59.4900016784668,58.5900001525879,59.2700004577637,24737300,32.2560195922852
"2010-07-16",58.8400001525879,59.1100006103516,57.810001373291,57.9599990844727,35805700,31.5430850982666
"2010-07-19",58.3300018310547,58.7400016784668,58.0999984741211,58.4300003051758,20960000,31.7988681793213
"2010-07-20",57.6800003051758,58.9900016784668,57.6699981689453,58.9500007629395,23807300,32.0818672180176
"2010-07-21",59.1300010681152,59.1300010681152,57.5999984741211,58.1699981689453,26859700,31.6573734283447
"2010-07-22",58.7099990844727,59.7900009155273,58.6599998474121,59.3800010681152,27051400,32.3158798217773
"2010-07-23",59.2599983215332,59.810001373291,58.7999992370605,59.7200012207031,19281400,32.5009231567383
"2010-07-26",59.7000007629395,60.439998626709,59.6300010681152,60.3899993896484,20236500,32.8655471801758
"2010-07-27",60.6199989318848,60.9000015258789,60.3899993896484,60.810001373291,22400800,33.0941162109375
"2010-07-28",60.7299995422363,61.2700004577637,60.7299995422363,60.9099998474121,23511100,33.1485404968262
"2010-07-29",61.4199981689453,61.8800010681152,60.2900009155273,60.3400001525879,33763000,32.8383407592773
"2010-07-30",60.1500015258789,60.5099983215332,59.5999984741211,59.6800003051758,29354600,32.4791526794434
"2010-08-02",60.6399993896484,62.0400009155273,60.6100006103516,61.939998626709,28144000,33.7090911865234
"2010-08-03",61.9799995422363,62.9900016784668,61.8800010681152,62.7200012207031,31075800,34.1335792541504
"2010-08-04",62.8600006103516,62.8899993896484,62.2700004577637,62.7200012207031,21033800,34.1335792541504
"2010-08-05",62.2799987792969,62.7099990844727,61.8499984741211,62.7099990844727,19985300,34.1281318664551
"2010-08-06",61.9199981689453,62.5,61.25,61.9700012207031,23097300,33.725414276123
"2010-08-09",62.560001373291,62.6699981689453,62.1800003051758,62.4500007629395,14731300,33.986644744873
"2010-08-10",61.8499984741211,62.1699981689453,61.4500007629395,61.9300003051758,23188500,33.7036514282227
"2010-08-11",60.5499992370605,60.6599998474121,60.2000007629395,60.3899993896484,24281300,33.1007194519043
"2010-08-12",59.7000007629395,60.560001373291,59.560001373291,60.2299995422363,16951300,33.0130233764648
"2010-08-13",59.9599990844727,60.4500007629395,59.7999992370605,59.9099998474121,14651300,32.8376274108887
"2010-08-16",59.5999984741211,60.25,59.25,59.8800010681152,14301100,32.8211822509766
"2010-08-17",60.4900016784668,61.1599998474121,60.1399993896484,60.8199996948242,20122200,33.3363990783691
"2010-08-18",60.6699981689453,60.7200012207031,59.6300010681152,60.1500015258789,20071500,32.9691619873047
"2010-08-19",59.9300003051758,60.060001373291,58.9000015258789,59.2900009155273,21174500,32.4977989196777
"2010-08-20",59.0200004577637,59.0699996948242,58.5499992370605,58.8899993896484,21008800,32.2785377502441
"2010-08-23",58.9700012207031,60.0499992370605,58.9000015258789,59.5,21337700,32.6129112243652
"2010-08-24",58.9599990844727,59.4500007629395,58.7900009155273,58.939998626709,25679100,32.3059463500977
"2010-08-25",58.689998626709,59.4000015258789,58.4199981689453,58.9099998474121,20944000,32.2895050048828
"2010-08-26",59.3600006103516,59.5,58.3300018310547,58.4799995422363,22320900,32.0538101196289
"2010-08-27",58.7200012207031,59.9599990844727,58.0499992370605,59.7999992370605,28279500,32.7773399353027
"2010-08-30",59.560001373291,59.9000015258789,58.9599990844727,59,16265100,32.3388442993164
"2010-08-31",58.75,59.5400009155273,58.5,59.1100006103516,26985400,32.3991470336914
"2010-09-01",60.0400009155273,60.9599990844727,59.7200012207031,60.9099998474121,26286200,33.3857460021973
"2010-09-02",60.4900016784668,61.060001373291,60.3699989318848,61.060001373291,18662600,33.4679641723633
"2010-09-03",61.2000007629395,61.5999984741211,60.75,61.3199996948242,21982900,33.6104621887207
"2010-09-07",60.8899993896484,61.0699996948242,60.4500007629395,60.5499992370605,19435700,33.1884117126465
"2010-09-08",60.6599998474121,61.2599983215332,60.6300010681152,60.75,17380600,33.2980461120605
"2010-09-09",61.5,61.5900001525879,60.9099998474121,61.0499992370605,16525200,33.4624900817871
"2010-09-10",61.3800010681152,61.4799995422363,60.9500007629395,61.2000007629395,14488400,33.5446929931641
"2010-09-13",61.3899993896484,61.5200004577637,60.5400009155273,61,23141800,33.4350738525391
"2010-09-14",60.8400001525879,61.3400001525879,60.75,61.0099983215332,17977500,33.4405364990234
"2010-09-15",60.7599983215332,61.0299987792969,60.3600006103516,61,18769900,33.4350738525391
"2010-09-16",60.8499984741211,60.9900016784668,60.4500007629395,60.9700012207031,16432500,33.4186134338379
"2010-09-17",61.189998626709,61.2999992370605,60.6300010681152,60.7799987792969,26447200,33.3144950866699
"2010-09-20",61.0400009155273,61.8199996948242,60.9500007629395,61.5499992370605,21788100,33.7365303039551
"2010-09-21",61.6500015258789,61.9000015258789,61.25,61.5400009155273,20525200,33.7310562133789
"2010-09-22",61.560001373291,62,61.4099998474121,61.4500007629395,18207700,33.6817245483398
"2010-09-23",60.9900016784668,61.5699996948242,60.9000015258789,61.1500015258789,18097800,33.5172958374023
"2010-09-24",61.5099983215332,62.1300010681152,61.3600006103516,61.75,25145300,33.8461532592773
"2010-09-27",61.9900016784668,62.0800018310547,61.6800003051758,61.7099990844727,16642800,33.8242530822754
"2010-09-28",61.6300010681152,62.2599983215332,61.2700004577637,62.060001373291,18806700,34.0160713195801
"2010-09-29",61.7700004577637,62.0200004577637,61.2700004577637,61.5900001525879,21158000,33.7584533691406
"2010-09-30",61.9500007629395,62.439998626709,61.4700012207031,61.7900009155273,25460200,33.8680839538574
"2010-10-01",62.3199996948242,62.5800018310547,61.7999992370605,62.5400009155273,24160200,34.2791633605957
"2010-10-04",62.5200004577637,62.7299995422363,61.8400001525879,62.189998626709,16902500,34.0873336791992
"2010-10-05",62.5900001525879,63.4000015258789,62.4300003051758,63.2599983215332,25185400,34.6738128662109
"2010-10-06",63.1800003051758,63.939998626709,63.1800003051758,63.939998626709,21645200,35.0465545654297
"2010-10-07",63.9599990844727,64,63.3699989318848,63.8499984741211,19468400,34.9972038269043
"2010-10-08",63.810001373291,64.5299987792969,63.6300010681152,64.379997253418,22370500,35.2876930236816
"2010-10-11",64.3600006103516,64.8099975585938,64.3099975585938,64.5500030517578,13848900,35.3808898925781
"2010-10-12",64.3099975585938,64.8899993896484,63.9300003051758,64.6999969482422,20732000,35.4631004333496
"2010-10-13",64.8399963378906,65.2900009155273,64.5699996948242,65.0400009155273,22560500,35.6494483947754
"2010-10-14",65.0500030517578,65.4499969482422,64.870002746582,65.3000030517578,17778100,35.7919692993164
"2010-10-15",65.6399993896484,65.6500015258789,64.8199996948242,65.1900024414062,25500700,35.7316856384277
"2010-10-18",65.1900024414062,66.5400009155273,65.0299987792969,66.2799987792969,22481700,36.3291091918945
"2010-10-19",65.5899963378906,66.0400009155273,64.5899963378906,65.120002746582,25367400,35.6933059692383
"2010-10-20",65.4700012207031,66.3899993896484,65.3499984741211,66.0100021362305,20543900,36.1811370849609
"2010-10-21",66.2900009155273,66.8000030517578,65.6500015258789,66.3199996948242,21291200,36.3510475158691
"2010-10-22",66.5100021362305,66.5500030517578,66.129997253418,66.3399963378906,13332800,36.3619995117188
"2010-10-25",66.6800003051758,66.8099975585938,66.1600036621094,66.1999969482422,16516600,36.285285949707
"2010-10-26",65.9599990844727,66.5699996948242,65.8099975585938,66.5299987792969,17652900,36.4661483764648
"2010-10-27",65.9499969482422,65.9899978637695,65.0899963378906,65.6699981689453,23358900,35.9947738647461
"2010-10-28",66.4300003051758,66.6999969482422,66.0500030517578,66.2200012207031,20464200,36.2962341308594
"2010-10-29",66.0999984741211,66.5599975585938,65.9899978637695,66.4899978637695,19265600,36.4442329406738
"2010-11-01",66.7200012207031,67.2099990844727,66.629997253418,66.9499969482422,22372700,36.6963653564453
"2010-11-02",67.3199996948242,68.25,67.2099990844727,67.8399963378906,26192200,37.1841812133789
"2010-11-03",68.2300033569336,68.2699966430664,67.3199996948242,67.9700012207031,26545300,37.2554473876953
"2010-11-04",68.4000015258789,69.5999984741211,68.2900009155273,69.379997253418,31221400,38.0282821655273
"2010-11-05",69.4400024414062,70,69.4000015258789,70,26531700,38.3681144714355
"2010-11-08",69.4899978637695,70.4199981689453,69.4599990844727,70.3199996948242,23628000,38.543514251709
"2010-11-09",70.2900009155273,71.1100006103516,70.0999984741211,70.629997253418,33938100,38.9571990966797
"2010-11-10",70.9599990844727,71.1600036621094,70.1500015258789,71.129997253418,25482400,39.2329597473145
"2010-11-11",71,71.9000015258789,70.7300033569336,71.8300018310547,23788900,39.619068145752
"2010-11-12",71.379997253418,71.4000015258789,70.4300003051758,70.9899978637695,24598100,39.15576171875
"2010-11-15",71.0100021362305,71.2200012207031,70.4400024414062,70.4800033569336,18779600,38.874454498291
"2010-11-16",69.620002746582,69.8199996948242,68.5599975585938,68.9400024414062,27543400,38.025032043457
"2010-11-17",68.8399963378906,69.379997253418,68.5599975585938,69.0100021362305,17471800,38.063648223877
"2010-11-18",69.6500015258789,70.3899993896484,69.6399993896484,70.3099975585938,18322900,38.7806739807129
"2010-11-19",70.1999969482422,70.5899963378906,69.3600006103516,70.5400009155273,24116400,38.9075546264648
"2010-11-22",70.0999984741211,70.3000030517578,68.7900009155273,70.1900024414062,18907900,38.7144966125488
"2010-11-23",68.8000030517578,69.1500015258789,68.3199996948242,68.9800033569336,22672000,38.0471000671387
"2010-11-24",69.25,70,69.1900024414062,69.879997253418,19335600,38.543514251709
"2010-11-26",69.3000030517578,69.4300003051758,68.9000015258789,69.2300033569336,7324600,38.1849899291992
"2010-11-29",68.8600006103516,69.6399993896484,68.3000030517578,69.4499969482422,20021200,38.3063278198242
"2010-11-30",68.5500030517578,69.75,68.3199996948242,69.5599975585938,27524300,38.3670043945312
"2010-12-01",70.379997253418,71.5500030517578,70.379997253418,71.3300018310547,26590200,39.3432884216309
"2010-12-02",71.1900024414062,71.6600036621094,70.9499969482422,71.4800033569336,21274800,39.4260292053223
"2010-12-03",71.0100021362305,71.3000030517578,70.8899993896484,71.1900024414062,19457100,39.266056060791
"2010-12-06",71.1999969482422,71.5999984741211,71.0599975585938,71.3099975585938,15985400,39.3322448730469
"2010-12-07",71.9100036621094,72.1800003051758,71.4199981689453,71.4599990844727,23694600,39.4149894714355
"2010-12-08",71.870002746582,72.2200012207031,71.4800033569336,71.8499984741211,22654900,39.6300964355469
"2010-12-09",72.0500030517578,72.1399993896484,71.3300018310547,72,17971600,39.7128410339355
"2010-12-10",72.1800003051758,72.1800003051758,71.620002746582,72.1800003051758,17699500,39.8121109008789
"2010-12-13",72.4100036621094,72.75,72.0699996948242,72.3600006103516,21170500,39.9113960266113
"2010-12-14",72.2300033569336,72.5,71.9300003051758,72.1800003051758,20625900,39.8121109008789
"2010-12-15",71.870002746582,72.3099975585938,71.7900009155273,71.8499984741211,20979000,39.6300964355469
"2010-12-16",71.9199981689453,72.3300018310547,71.5699996948242,72.2200012207031,18513900,39.8341865539551
"2010-12-17",72.1100006103516,72.3899993896484,71.7799987792969,72.1699981689453,36761300,39.8065986633301
"2010-12-20",72.2399978637695,72.5,71.879997253418,72.2200012207031,16045800,39.8341865539551
"2010-12-21",72.4300003051758,72.9700012207031,72.2300033569336,72.7200012207031,21772800,40.1099624633789
"2010-12-22",72.9400024414062,73,72.6500015258789,72.8000030517578,14606600,40.1540908813477
"2010-12-23",72.9400024414062,73.1999969482422,72.8300018310547,73.1999969482422,11390900,40.3747215270996
"2010-12-27",72.8099975585938,73.3000030517578,72.8099975585938,73.0100021362305,9757200,40.269905090332
"2010-12-28",73.1999969482422,73.5599975585938,72.9599990844727,73.4199981689453,14423400,40.4960632324219
"2010-12-29",73.4100036621094,73.6900024414062,73.3399963378906,73.370002746582,11797700,40.4684791564941
"2010-12-30",73.2900009155273,73.5100021362305,73.0500030517578,73.3600006103516,10790400,40.4629707336426
"2010-12-31",73.1600036621094,73.5100021362305,73.0199966430664,73.120002746582,15273700,40.3305969238281
"2011-01-03",73.7200012207031,74.7900009155273,73.6399993896484,74.5500030517578,23320700,41.1193199157715
"2011-01-04",74.7099990844727,74.9499969482422,74.4199981689453,74.9000015258789,20028500,41.3123817443848
"2011-01-05",74.6699981689453,74.870002746582,74.1399993896484,74.6999969482422,16550800,41.2020568847656
"2011-01-06",74.9000015258789,75.4300003051758,74.6699981689453,75.1800003051758,22525300,41.4668235778809
"2011-01-07",75.2099990844727,75.9000015258789,75.0899963378906,75.5899963378906,19297700,41.6929473876953
"2011-01-10",75.129997253418,75.2699966430664,74.5800018310547,75.129997253418,20766400,41.4392356872559
"2011-01-11",75.0199966430664,75.8600006103516,75.0199966430664,75.6900024414062,15805400,41.7481117248535
"2011-01-12",75.9400024414062,76.620002746582,75.6699981689453,76.5800018310547,17363000,42.2390213012695
"2011-01-13",76.6500015258789,76.8199996948242,75.9800033569336,76.7099990844727,20438100,42.310718536377
"2011-01-14",76.6699981689453,78,76.5,77.8399963378906,23478700,42.9339904785156
"2011-01-18",77.7900009155273,78.8499984741211,77.7200012207031,78.7099990844727,23883600,43.4138450622559
"2011-01-19",78.629997253418,78.9300003051758,78.129997253418,78.2399978637695,21844100,43.154613494873
"2011-01-20",77.9800033569336,78.1600036621094,76.7699966430664,77.75,29121600,42.884334564209
"2011-01-21",78.2099990844727,79.0999984741211,78.0599975585938,78.9800033569336,25084400,43.5627746582031
"2011-01-24",78.8499984741211,79.1800003051758,78.0899963378906,78.5899963378906,24871600,43.3476638793945
"2011-01-25",78.2200012207031,78.9899978637695,77.9300003051758,78.6800003051758,21626300,43.3973045349121
"2011-01-26",78.7099990844727,79.8600006103516,78.4899978637695,79.6600036621094,25555400,43.9378280639648
"2011-01-27",79.8399963378906,79.9800033569336,79.3399963378906,79.879997253418,17003500,44.0591773986816
"2011-01-28",79.7799987792969,79.8899993896484,78.870002746582,78.9899978637695,26300600,43.5682830810547
"2011-01-31",79.9199981689453,80.8199996948242,79.0100021362305,80.6800003051758,34514400,44.5004425048828
"2011-02-01",81.1399993896484,83.9599990844727,81.0400009155273,83.9100036621094,40829600,46.2819900512695
"2011-02-02",83.5899963378906,83.9800033569336,83.2600021362305,83.4100036621094,18176900,46.006217956543
"2011-02-03",83.0599975585938,83.5500030517578,82.4599990844727,83.4400024414062,19647700,46.0227699279785
"2011-02-04",83.25,83.5199966430664,82.8499984741211,83.2799987792969,16558300,45.934497833252
"2011-02-07",83.4499969482422,84,83.3600006103516,83.9300003051758,15304300,46.293025970459
"2011-02-08",83.5,83.6500015258789,82.6399993896484,82.9800033569336,17463500,46.01025390625
"2011-02-09",82.4400024414062,82.7799987792969,81.7699966430664,82.5500030517578,15890900,45.7718124389648
"2011-02-10",81.6800003051758,83.3099975585938,81.6100006103516,83.1999969482422,21050500,46.1322479248047
"2011-02-11",82.2300033569336,83.4100036621094,82.2300033569336,82.8199996948242,15993500,45.921516418457
"2011-02-14",82.0699996948242,85.1100006103516,81.8899993896484,84.9100036621094,33108300,47.080394744873
"2011-02-15",84.7900009155273,84.8899993896484,82.6699981689453,82.9700012207031,25684600,46.004711151123
"2011-02-16",83.0599975585938,83.8600006103516,82.8600006103516,83.6900024414062,16673500,46.4039154052734
"2011-02-17",83.9700012207031,83.9700012207031,83.0500030517578,83.879997253418,17853500,46.5092735290527
"2011-02-18",83.9100036621094,84.5,83.5,84.5,22839500,46.8530502319336
"2011-02-22",84.9700012207031,86.6999969482422,84.7300033569336,85.4400024414062,32580400,47.3742713928223
"2011-02-23",86,88.2300033569336,85.4700012207031,87.0699996948242,38624600,48.2780532836914
"2011-02-24",87.1999969482422,87.5299987792969,85.4599990844727,85.9700012207031,28577100,47.6681137084961
"2011-02-25",85.7900009155273,86.2399978637695,85.2900009155273,85.3399963378906,22230300,47.3188056945801
"2011-02-28",85.870002746582,86.5599975585938,85.4899978637695,85.5299987792969,24507000,47.4241676330566
"2011-03-01",86.4100036621094,86.5,84.6999969482422,84.8000030517578,23001800,47.0193748474121
"2011-03-02",84.5899963378906,85.3199996948242,83.5500030517578,85.0800018310547,17423600,47.1746406555176
"2011-03-03",85.4599990844727,85.9499969482422,85.0500030517578,85.8199996948242,17153500,47.5849494934082
"2011-03-04",85.9199981689453,86,84.6999969482422,85.0800018310547,20028600,47.1746406555176
"2011-03-07",85.8399963378906,86.0800018310547,84.6900024414062,84.7200012207031,18062700,46.9750442504883
"2011-03-08",84.5999984741211,85.1100006103516,83.75,84.5999984741211,17658200,46.9084968566895
"2011-03-09",84.120002746582,84.5500030517578,83.5599975585938,84.379997253418,13306600,46.786491394043
"2011-03-10",83.8000030517578,83.8000030517578,81.1999969482422,81.379997253418,25996300,45.1231079101562
"2011-03-11",81.0199966430664,82.9100036621094,80.0999984741211,82.120002746582,17607100,45.5334129333496
"2011-03-14",81.6699981689453,82.6399993896484,81.4599990844727,82.379997253418,16383200,45.6775550842285
"2011-03-15",80.1699981689453,82.0899963378906,79.75,81.3899993896484,23191300,45.1286277770996
"2011-03-16",81.2300033569336,81.8099975585938,78.8000030517578,79.3099975585938,33396500,43.9753303527832
"2011-03-17",80.379997253418,81.5,80.2300033569336,81.1600036621094,21941300,45.0010948181152
"2011-03-18",81.7699966430664,82.3300018310547,80.8499984741211,80.8499984741211,28895900,44.829216003418
"2011-03-21",81.870002746582,83.3300018310547,81.8600006103516,82.8399963378906,18207000,45.9326248168945
"2011-03-22",83.0999984741211,83.2300033569336,82.3300018310547,82.5599975585938,16209700,45.7773590087891
"2011-03-23",82.6500015258789,83,82,82.5999984741211,15390600,45.7995567321777
"2011-03-24",82.7799987792969,83.4700012207031,82.5500030517578,82.7300033569336,17009000,45.8716506958008
"2011-03-25",82.9899978637695,83.9300003051758,82.8199996948242,83.620002746582,16497300,46.3651237487793
"2011-03-28",83.8600006103516,84.0100021362305,83.4499969482422,83.4700012207031,14608200,46.2819519042969
"2011-03-29",83.1600036621094,83.8899993896484,82.6100006103516,83.25,16277400,46.1599502563477
"2011-03-30",83.8000030517578,84.8600006103516,83.5100021362305,84.4899978637695,15770400,46.8475227355957
"2011-03-31",84.8199996948242,84.9400024414062,84.1100006103516,84.129997253418,15317800,46.6478843688965
"2011-04-01",84.7200012207031,84.8399963378906,84.1699981689453,84.6800003051758,15531500,46.9528541564941
"2011-04-04",84.2600021362305,84.9300003051758,84.0699996948242,84.870002746582,13096100,47.0582084655762
"2011-04-05",84.6800003051758,85.9400024414062,84.5599975585938,85.4199981689453,17122600,47.363151550293
"2011-04-06",85.7300033569336,85.8899993896484,84.9599990844727,85.1800003051758,13339700,47.2300834655762
"2011-04-07",85.1600036621094,85.7900009155273,84.9100036621094,85.7600021362305,16006700,47.5516777038574
"2011-04-08",86,86.2200012207031,85.3600006103516,85.9499969482422,15943200,47.6570358276367
"2011-04-11",85.9499969482422,86.1500015258789,84.7799987792969,85.1600036621094,13026500,47.2190170288086
"2011-04-12",84.2399978637695,84.25,82.6699981689453,83.1800003051758,20728800,46.1211357116699
"2011-04-13",83.5800018310547,83.9499969482422,82.5599975585938,83.1600036621094,14489400,46.1100578308105
"2011-04-14",82.379997253418,83.8399963378906,82.379997253418,83.4400024414062,15717500,46.2653121948242
"2011-04-15",83.8000030517578,84.4700012207031,83.3600006103516,84.2900009155273,17022500,46.7366027832031
"2011-04-18",83.1100006103516,84,82.4400024414062,83.0999984741211,15107300,46.0767707824707
"2011-04-19",82.9700012207031,83.9899978637695,82.9700012207031,83.8000030517578,12770800,46.4649047851562
"2011-04-20",85.0500030517578,85.6800003051758,84.870002746582,85.6500015258789,15447600,47.4906845092773
"2011-04-21",85.7699966430664,86.4300003051758,85.5599975585938,86.3600006103516,12797200,47.8843688964844
"2011-04-25",86.2900009155273,86.5,85.8899993896484,86.2200012207031,9852800,47.8067588806152
"2011-04-26",86.4300003051758,87.4800033569336,86.2600021362305,87.4199981689453,17908800,48.4721031188965
"2011-04-27",87.4800033569336,87.9000015258789,86.2900009155273,87.7799987792969,17755800,48.6717224121094
"2011-04-28",87.0299987792969,87.5,86.5299987792969,87.3399963378906,18705300,48.4277534484863
"2011-04-29",87.4300003051758,88,87.0299987792969,87.9800033569336,17352300,48.7826194763184
"2011-05-02",88.0999984741211,88.129997253418,86.4700012207031,86.9700012207031,18651200,48.2225952148438
"2011-05-03",86.5899963378906,86.7799987792969,85.0400009155273,85.620002746582,18417100,47.474063873291
"2011-05-04",85.1900024414062,85.5999984741211,83.9100036621094,84.8099975585938,22867000,47.0249214172363
"2011-05-05",83.5199966430664,83.9899978637695,81.5899963378906,82.620002746582,27491200,45.8106498718262
"2011-05-06",83.2699966430664,84.0999984741211,81.8499984741211,82.6900024414062,26314700,45.8494529724121
"2011-05-09",83.0100021362305,83.7200012207031,82.1600036621094,83.1800003051758,18254600,46.1211357116699
"2011-05-10",83.0800018310547,83.7600021362305,82.5,83.3399963378906,17695700,46.2098617553711
"2011-05-11",82.5100021362305,82.6900024414062,80.4400024414062,81.120002746582,24192000,45.2340278625488
"2011-05-12",80.620002746582,81.5899963378906,79.4199981689453,81.0500030517578,21853600,45.1949996948242
"2011-05-13",81.2900009155273,81.7699966430664,80.2200012207031,80.870002746582,17628500,45.0946388244629
"2011-05-16",80.2200012207031,81.2699966430664,80.120002746582,80.2399978637695,16435100,44.7433204650879
"2011-05-17",79.9899978637695,80.7900009155273,79.5999984741211,80.4100036621094,18067800,44.8381233215332
"2011-05-18",80.879997253418,82.2699966430664,80.4300003051758,81.7399978637695,17957000,45.5797424316406
"2011-05-19",82.2699966430664,82.5800018310547,81.3399963378906,82.3300018310547,15229100,45.9087524414062
"2011-05-20",81.9800033569336,82.25,80.9000015258789,81.5699996948242,19003400,45.4849586486816
"2011-05-23",80.2200012207031,81.0100021362305,80.0699996948242,80.6699981689453,16288500,44.9831085205078
"2011-05-24",81.0500030517578,82.120002746582,80.9400024414062,81.2900009155273,15687300,45.3288230895996
"2011-05-25",80.9700012207031,82.5299987792969,80.8399963378906,81.9599990844727,19347200,45.7024269104004
"2011-05-26",81.5999984741211,82.5699996948242,81.1900024414062,82.3899993896484,16873700,45.9422035217285
"2011-05-27",82.7399978637695,83.129997253418,82.1500015258789,82.629997253418,11949100,46.0760345458984
"2011-05-31",83.2799987792969,83.75,82.7200012207031,83.4700012207031,23630700,46.54443359375
"2011-06-01",83.5500030517578,83.6500015258789,81.7600021362305,82.0299987792969,19550200,45.7414779663086
"2011-06-02",81.7699966430664,82.3199996948242,80.6500015258789,81.3300018310547,18152600,45.351131439209
"2011-06-03",80.2399978637695,81.7900009155273,80.1800003051758,81.1800003051758,17281200,45.2675018310547
"2011-06-06",80.9300003051758,81.1900024414062,80.0800018310547,80.2900009155273,15954300,44.7712020874023
"2011-06-07",80.6100006103516,81.0899963378906,79.9700012207031,80,16188100,44.6094932556152
"2011-06-08",80.6100006103516,81.870002746582,80.5199966430664,80.7600021362305,23567300,45.0332908630371
"2011-06-09",81.2399978637695,81.6800003051758,80.9599990844727,81.1800003051758,17665100,45.2675018310547
"2011-06-10",80.9499969482422,80.9499969482422,79.7200012207031,79.7799987792969,18965900,44.4868202209473
"2011-06-13",80,80.5999984741211,78.8399963378906,79.2300033569336,17854200,44.180118560791
"2011-06-14",80.0500030517578,80.8199996948242,79.9400024414062,80.379997253418,16443400,44.8213882446289
"2011-06-15",79.5299987792969,79.8899993896484,78.370002746582,78.6600036621094,21713900,43.8622817993164
"2011-06-16",78.5899963378906,79.5100021362305,78.3300018310547,79.2200012207031,19037500,44.1745643615723
"2011-06-17",79.8499984741211,79.9499969482422,78.6900024414062,79.0199966430664,25441200,44.0630226135254
"2011-06-20",78.6500015258789,79.9499969482422,78.620002746582,79.7099990844727,15836400,44.4477844238281
"2011-06-21",80.2300033569336,81.120002746582,80.0100021362305,80.5699996948242,17897300,44.9273529052734
"2011-06-22",80.1600036621094,80.6699981689453,79.5699996948242,79.8199996948242,18599700,44.5091285705566
"2011-06-23",78.7399978637695,78.75,77.2300033569336,78.4400024414062,30032800,43.7396049499512
"2011-06-24",78.5500030517578,78.629997253418,76.7799987792969,76.7799987792969,36292700,42.81396484375
"2011-06-27",76.879997253418,78.4800033569336,76.7200012207031,77.9199981689453,20606900,43.4496612548828
"2011-06-28",78.5699996948242,79.6600036621094,78.379997253418,79.629997253418,18421500,44.4031753540039
"2011-06-29",79.8499984741211,80.5,79.2200012207031,80.25,18899900,44.7488861083984
"2011-06-30",80.3899993896484,81.4100036621094,80.2699966430664,81.379997253418,19942100,45.3789939880371
"2011-07-01",81.1900024414062,82.0899963378906,80.5899963378906,82.0100021362305,18050100,45.7303123474121
"2011-07-05",81.3000030517578,82.120002746582,81.2600021362305,81.5999984741211,18859600,45.5017013549805
"2011-07-06",81.4000015258789,81.6600036621094,80.8499984741211,81.5699996948242,15042600,45.4849586486816
"2011-07-07",82.2699966430664,82.5999984741211,81.870002746582,82.3600006103516,18379200,45.9254684448242
"2011-07-08",81.5800018310547,82.5299987792969,81.4599990844727,82.4199981689453,18336500,45.9589500427246
"2011-07-11",81.3000030517578,82.1100006103516,81.120002746582,81.9000015258789,20717000,45.6689872741699
"2011-07-12",81.5100021362305,83.0100021362305,81.5,81.8899993896484,22639600,45.6633796691895
"2011-07-13",82.2699966430664,83.4599990844727,82.0800018310547,82.4800033569336,19015100,45.9924087524414
"2011-07-14",83.0500030517578,83.1100006103516,82.0899963378906,82.2399978637695,19413200,45.8585624694824
"2011-07-15",82.4199981689453,83.0899963378906,82.2600021362305,83,22705100,46.2823295593262
"2011-07-18",82.2900009155273,82.8499984741211,82.0800018310547,82.6500015258789,17343500,46.0871849060059
"2011-07-19",82.9000015258789,83.7600021362305,82.8000030517578,83.629997253418,16424900,46.6336517333984
"2011-07-20",83.8399963378906,83.8899993896484,83.1699981689453,83.3000030517578,12808400,46.4496383666992
"2011-07-21",83.8600006103516,85.2399978637695,83.75,85.0199966430664,21359700,47.4087448120117
"2011-07-22",85.1999969482422,85.4100036621094,84.5400009155273,85.2200012207031,13152600,47.5202674865723
"2011-07-25",84.1999969482422,85.129997253418,84.1999969482422,84.5699996948242,14007600,47.1577911376953
"2011-07-26",84.6699981689453,85.0999984741211,84.0400009155273,84.370002746582,16226700,47.0463066101074
"2011-07-27",83.7900009155273,84.25,83.2399978637695,83.3099975585938,19820600,46.4551963806152
"2011-07-28",81.7399978637695,82.4499969482422,81.1500015258789,81.4599990844727,24556600,45.4236221313477
"2011-07-29",80.7900009155273,80.879997253418,79.7600021362305,79.7900009155273,26609000,44.4923934936523
"2011-08-01",80.8199996948242,81.1800003051758,78.7399978637695,79.5999984741211,22864500,44.3864555358887
"2011-08-02",78.9000015258789,79.6100006103516,77.8199996948242,77.8399963378906,28410500,43.4050445556641
"2011-08-03",77.9400024414062,78.0999984741211,76.4599990844727,77.7200012207031,28373000,43.3381233215332
"2011-08-04",76.6800003051758,77.129997253418,73.5100021362305,73.8399963378906,42624200,41.1745719909668
"2011-08-05",75.0100021362305,75.7900009155273,72.0699996948242,74.8199996948242,47167500,41.7210311889648
"2011-08-08",72.7399978637695,73.4400024414062,69.9000015258789,70.1900024414062,58857600,39.1392669677734
"2011-08-09",70.7900009155273,71.870002746582,67.0299987792969,71.6399993896484,61753300,39.9477958679199
"2011-08-10",70.7399978637695,70.9899978637695,67.4599990844727,68.0299987792969,47758300,38.1853256225586
"2011-08-11",68.8099975585938,72.4000015258789,68.629997253418,71.5800018310547,50328600,40.1779327392578
"2011-08-12",72.3600006103516,73.0999984741211,71.5999984741211,72,31129000,40.4136772155762
"2011-08-15",73.0400009155273,74.379997253418,72.75,74.2900009155273,23388200,41.6990585327148
"2011-08-16",73.3499984741211,74.3399963378906,72.8300018310547,73.5,26341400,41.2556304931641
"2011-08-17",74.2900009155273,74.75,73.5,74.1600036621094,18269400,41.6260986328125
"2011-08-18",72.4100036621094,72.7900009155273,70.2099990844727,70.9400024414062,35457700,39.8187026977539
"2011-08-19",70.0699996948242,71.9800033569336,69.6699981689453,69.8000030517578,34935300,39.1788177490234
"2011-08-22",72.1500015258789,72.1600036621094,69.5800018310547,70.1800003051758,27202900,39.3921089172363
"2011-08-23",70.5999984741211,73.8000030517578,70.5199966430664,73.6600036621094,38059600,41.3454551696777
"2011-08-24",72.9599990844727,73.8600006103516,72.2699966430664,73.5400009155273,22752900,41.2780799865723
"2011-08-25",73.6399993896484,73.9199981689453,71.2699966430664,71.7699966430664,30924500,40.2845726013184
"2011-08-26",70.879997253418,73,70.2099990844727,72.6399993896484,26974400,40.7729110717773
"2011-08-29",73.3300018310547,74.2200012207031,72.9800033569336,74.120002746582,18967100,41.6036491394043
"2011-08-30",73.5899963378906,74.4000015258789,72.9700012207031,73.9100036621094,22437000,41.4857749938965
"2011-08-31",74.3600006103516,74.870002746582,73.3399963378906,74.0199966430664,29189000,41.5475234985352
"2011-09-01",74.1500015258789,74.8600006103516,73.4499969482422,73.4899978637695,23393500,41.2500190734863
"2011-09-02",72.1100006103516,72.6900024414062,71.5,72.1399993896484,21071800,40.492259979248
"2011-09-06",70.1399993896484,71.3199996948242,69.9100036621094,71.1500015258789,25416300,39.9365653991699
"2011-09-07",72.2399978637695,73.6500015258789,71.75,73.6500015258789,23108400,41.3398284912109
"2011-09-08",73.3899993896484,74.3399963378906,72.5400009155273,72.8199996948242,22434800,40.8739547729492
"2011-09-09",72.1699981689453,72.5699996948242,70.5899963378906,71.0100021362305,27969100,39.8579978942871
"2011-09-12",70.3399963378906,71.8899993896484,69.870002746582,71.8399963378906,26205800,40.3238792419434
"2011-09-13",71.7600021362305,71.9800033569336,70.8099975585938,71.6500015258789,22825400,40.2172317504883
"2011-09-14",71.9599990844727,73.7600021362305,71.1600036621094,72.6399993896484,26042800,40.7729110717773
"2011-09-15",73.4300003051758,74.0599975585938,72.6800003051758,74.0100021362305,21858300,41.5419006347656
"2011-09-16",74.5199966430664,74.75,73.5699996948242,74.5500030517578,34652600,41.8449897766113
"2011-09-19",72.9100036621094,74.0999984741211,72.5,73.6999969482422,19822500,41.3678817749023
"2011-09-20",73.870002746582,74.9800033569336,73.4400024414062,74.0100021362305,20420000,41.5419006347656
"2011-09-21",73.879997253418,74.2900009155273,71.8300018310547,71.9700012207031,23806200,40.3968467712402
"2011-09-22",69.9400024414062,70.4599990844727,68.1699981689453,69.2399978637695,43223000,38.8644790649414
"2011-09-23",68.4599990844727,70.1100006103516,67.9300003051758,69.3099975585938,26583200,38.9037895202637
"2011-09-26",70.0100021362305,71.8899993896484,69.5,71.7200012207031,30342400,40.2565155029297
"2011-09-27",73.3300018310547,74.3399963378906,72.4199981689453,72.9100036621094,26689900,40.9244651794434
"2011-09-28",72.4300003051758,74.2900009155273,71.8600006103516,72.0699996948242,26026500,40.4529724121094
"2011-09-29",73.120002746582,74.0400009155273,72.6699981689453,73.879997253418,27713900,41.4689178466797
"2011-09-30",72.7600021362305,74.5899963378906,72.629997253418,72.629997253418,30917000,40.7673034667969
"2011-10-03",72.0500030517578,73.0999984741211,71.1500015258789,71.1500015258789,31004200,39.9365653991699
"2011-10-04",70.25,73.1500015258789,69.2099990844727,72.8300018310547,36500000,40.8795623779297
"2011-10-05",72.6699981689453,74,72.2099990844727,73.9499969482422,28239800,41.5082168579102
"2011-10-06",73.3000030517578,74,72.629997253418,73.8899993896484,24869800,41.474536895752
"2011-10-07",74.4700012207031,74.5199966430664,73.0299987792969,73.5599975585938,23573900,41.2892990112305
"2011-10-10",74.7300033569336,76.2900009155273,74.6500015258789,76.2799987792969,20465800,42.8160400390625
"2011-10-11",75.7799987792969,76.6699981689453,75.7099990844727,76.2699966430664,17862100,42.8104476928711
"2011-10-12",76.7399978637695,77.6600036621094,76.3099975585938,77.1600036621094,22239000,43.3099784851074
"2011-10-13",76.2200012207031,76.7900009155273,75.8399963378906,76.370002746582,19540300,42.8665657043457
"2011-10-14",77.0999984741211,78.2300033569336,77.0699996948242,78.1100006103516,17870600,43.8432273864746
"2011-10-17",77.870002746582,78.4899978637695,77.120002746582,77.4700012207031,18836200,43.4839973449707
"2011-10-18",77.5699996948242,79.5100021362305,77.0199966430664,78.8899993896484,23878500,44.281063079834
"2011-10-19",78.5699996948242,79.2399978637695,77.9199981689453,78.4300003051758,20910900,44.0228538513184
"2011-10-20",78.3199996948242,79.1100006103516,77.8300018310547,78.7099990844727,22227600,44.1800003051758
"2011-10-21",79.5899963378906,80.1600036621094,79.1800003051758,80.129997253418,27855300,44.9770736694336
"2011-10-24",79.9199981689453,80.5,79.5500030517578,80.1699981689453,19861100,44.9995040893555
"2011-10-25",79.8300018310547,80.4899978637695,79.0500030517578,79.4400024414062,23433400,44.5897483825684
"2011-10-26",80.1600036621094,81.2699966430664,79.2799987792969,81.0699996948242,27170500,45.5046768188477
"2011-10-27",81.9100036621094,82.1999969482422,80.6900024414062,81.879997253418,35489500,45.9593467712402
"2011-10-28",80.9899978637695,81.9899978637695,80.4400024414062,81.4800033569336,21753400,45.7348251342773
"2011-10-31",80.5899963378906,80.6399993896484,78,78.0899963378906,30616900,43.8320007324219
"2011-11-01",75.8199996948242,77.1100006103516,75.4499969482422,75.9400024414062,35835000,42.6252136230469
"2011-11-02",77.370002746582,77.5899963378906,76.5,77.370002746582,21761300,43.4278831481934
"2011-11-03",78.1900024414062,79,77.4400024414062,78.8600006103516,24480600,44.2642211914062
"2011-11-04",78.0699996948242,78.6100006103516,77.379997253418,78.5199966430664,18192800,44.0733604431152
"2011-11-07",78.8199996948242,79.4899978637695,78.120002746582,79.3499984741211,17998100,44.539249420166
"2011-11-08",79.25,79.879997253418,78.629997253418,79.7600021362305,19023800,45.0361366271973
"2011-11-09",77.9000015258789,78.9199981689453,77.0299987792969,77.3899993896484,24130100,43.697925567627
"2011-11-10",78.5299987792969,79.0199966430664,77.6399993896484,78.6999969482422,18668800,44.4375915527344
"2011-11-11",79.629997253418,79.9499969482422,79.3399963378906,79.7200012207031,15134500,45.0135459899902
"2011-11-14",79.5299987792969,79.75,78.3899993896484,78.9599990844727,13589900,44.5844116210938
"2011-11-15",78.8600006103516,79.8499984741211,78.5,79.0899963378906,19475000,44.6578216552734
"2011-11-16",78.2399978637695,79.75,78.0599975585938,78.25,20376800,44.1835136413574
"2011-11-17",78.120002746582,79.4300003051758,77.0999984741211,77.8600006103516,25964300,43.963306427002
"2011-11-18",78.2200012207031,78.6800003051758,77.1100006103516,77.9000015258789,23104500,43.9858856201172
"2011-11-21",76.5299987792969,77.3300018310547,76.0599975585938,76.9100036621094,20204200,43.4268951416016
"2011-11-22",76.379997253418,77.0999984741211,75.879997253418,76.0299987792969,18925100,42.9300117492676
"2011-11-23",75.0299987792969,75.3199996948242,74.5299987792969,74.5800018310547,23331800,42.1112785339355
"2011-11-25",74.5100021362305,75.1999969482422,73.9000015258789,73.9000015258789,10254500,41.7273139953613
"2011-11-28",75.8399963378906,76.5100021362305,75.3300018310547,75.8399963378906,20148600,42.8227195739746
"2011-11-29",76.4100036621094,77.5,76.1399993896484,76.9300003051758,19768400,43.4381904602051
"2011-11-30",78.4199981689453,80.5299987792969,78.370002746582,80.4400024414062,33953000,45.4201049804688
"2011-12-01",80.1999969482422,80.3499984741211,79.370002746582,79.7900009155273,17261100,45.0530700683594
"2011-12-02",80.6699981689453,80.7399978637695,79.6500015258789,79.7900009155273,19461300,45.0530700683594
"2011-12-05",80.879997253418,81.1800003051758,79.8000030517578,80.4499969482422,18295000,45.4257354736328
"2011-12-06",80.629997253418,81.6399993896484,80.2900009155273,80.8199996948242,20122700,45.6346664428711
"2011-12-07",80.6100006103516,81.8600006103516,80.3499984741211,81.0800018310547,19643400,45.7814903259277
"2011-12-08",80.75,80.8499984741211,79.5500030517578,79.870002746582,18443600,45.0982551574707
"2011-12-09",80.629997253418,81.75,80.3399963378906,81.3399963378906,21842300,45.9282646179199
"2011-12-12",80.7300033569336,81.0899963378906,79.2099990844727,80.0500030517578,17846500,45.1998901367188
"2011-12-13",80.6100006103516,81.8099975585938,80.1399993896484,80.5299987792969,21873600,45.4709129333496
"2011-12-14",79.5899963378906,80.1699981689453,78.6600036621094,79.4400024414062,23934400,44.8554382324219
"2011-12-15",79.9300003051758,80.5999984741211,79.7799987792969,80.0299987792969,17954200,45.1885948181152
"2011-12-16",80.7399978637695,80.9100036621094,79.879997253418,80.1600036621094,33465700,45.2619895935059
"2011-12-19",80.2399978637695,80.4599990844727,79.379997253418,79.5299987792969,16048400,44.9062690734863
"2011-12-20",80.6600036621094,82,80.6100006103516,82,21163300,46.3009223937988
"2011-12-21",82.0199966430664,83.3399963378906,82,83.120002746582,19160300,46.9333343505859
"2011-12-22",83.5599975585938,84.8300018310547,83.3000030517578,84.2900009155273,19841300,47.5939865112305
"2011-12-23",84.2799987792969,85.2300033569336,84.2099990844727,85.2200012207031,10243800,48.1191024780273
"2011-12-27",84.9700012207031,85.629997253418,84.9499969482422,85.2799987792969,10147100,48.1529884338379
"2011-12-28",85.1500015258789,85.4400024414062,84.0100021362305,84.1800003051758,12767500,47.5318603515625
"2011-12-29",84.0899963378906,85.3300018310547,84.0899963378906,85.2699966430664,10865900,48.1473197937012
"2011-12-30",85.1600036621094,85.2900009155273,84.5699996948242,84.7600021362305,9768900,47.859375
"2012-01-03",85.9700012207031,86.6699981689453,85.9000015258789,86,20906800,48.5595207214355
"2012-01-04",85.7900009155273,86.1500015258789,85.0999984741211,86.0199966430664,16130900,48.5708084106445
"2012-01-05",85.6399993896484,85.9499969482422,84.9199981689453,85.7600021362305,17452800,48.4240226745605
"2012-01-06",85.9199981689453,86,85.1100006103516,85.120002746582,15942100,48.0626525878906
"2012-01-09",85,85.6399993896484,84.9700012207031,85.5,11664200,48.2771911621094
"2012-01-10",86.0699996948242,86.2099990844727,85.379997253418,85.7200012207031,13080800,48.4014205932617
"2012-01-11",85.0999984741211,85.4000015258789,84.4700012207031,85.0800018310547,14831400,48.0400505065918
"2012-01-12",84.3899993896484,84.9199981689453,83.9400024414062,84.7399978637695,17357200,47.8480567932129
"2012-01-13",84.1600036621094,84.9199981689453,83.8199996948242,84.879997253418,15551600,47.9271202087402
"2012-01-17",85.75,86.129997253418,85.4000015258789,85.6900024414062,15627900,48.3844833374023
"2012-01-18",85.3000030517578,86.5,84.9599990844727,86.4499969482422,16754200,48.8136215209961
"2012-01-19",86.3399963378906,87.2399978637695,85.7699966430664,87.0299987792969,16383500,49.1410980224609
"2012-01-20",87.0800018310547,87.4899978637695,86.7200012207031,87.4899978637695,19220300,49.4008522033691
"2012-01-23",87.5,87.9400024414062,87.0299987792969,87.4700012207031,15348400,49.3895416259766
"2012-01-24",87.0800018310547,87.2200012207031,86.6600036621094,87.1800003051758,12363800,49.2258148193359
"2012-01-25",86.7699966430664,87.379997253418,85.8099975585938,87.2200012207031,18202300,49.2483978271484
"2012-01-26",87.6399993896484,87.7099990844727,86.5100021362305,86.7699966430664,15658200,48.9942893981934
"2012-01-27",86.2399978637695,86.5,85.7699966430664,85.8300018310547,15976700,48.4635200500488
"2012-01-30",85.2699966430664,85.5,84.5899963378906,85.4899978637695,17867000,48.2715377807617
"2012-01-31",84.9199981689453,85.3399963378906,83.4599990844727,83.7399978637695,27225800,47.2834129333496
"2012-02-01",84.2300033569336,84.5599975585938,83.379997253418,83.9700012207031,22266100,47.4132843017578
"2012-02-02",84.2799987792969,84.3399963378906,83.1900024414062,83.5299987792969,18020500,47.1648483276367
"2012-02-03",84.2399978637695,85,84.0500030517578,84.9199981689453,16145400,47.9497032165527
"2012-02-06",84.870002746582,85.8499984741211,84.4899978637695,85.75,15000900,48.4183654785156
"2012-02-07",85.2200012207031,86.4400024414062,84.9400024414062,86.3399963378906,15818400,48.75146484375
"2012-02-08",85.8300018310547,86.2200012207031,84.7300033569336,85.3199996948242,14762600,48.4392471313477
"2012-02-09",85.3300018310547,85.6900024414062,84.6699981689453,84.879997253418,17073400,48.1894416809082
"2012-02-10",84.0199966430664,84.0999984741211,83.3499984741211,83.8000030517578,15328900,47.5762748718262
"2012-02-13",84.3399963378906,84.5999984741211,83.8899993896484,84.4199981689453,11473700,47.9282875061035
"2012-02-14",84.4199981689453,84.7099990844727,83.8499984741211,84.6699981689453,12961900,48.0702095031738
"2012-02-15",84.8600006103516,84.9199981689453,83.9100036621094,84.120002746582,13911600,47.7579536437988
"2012-02-16",84.4499969482422,85.620002746582,84.0800018310547,85.4100036621094,14769600,48.4903259277344
"2012-02-17",86.0699996948242,86.120002746582,84.9199981689453,85.620002746582,16597200,48.6095733642578
"2012-02-21",86.0400009155273,86.7799987792969,86.0400009155273,86.5699996948242,15481300,49.1489067077637
"2012-02-22",86.8399963378906,87.25,86.6500015258789,86.9199981689453,11983200,49.3476181030273
"2012-02-23",86.5800018310547,87.1699981689453,86.4700012207031,87.0199966430664,12404600,49.4043960571289
"2012-02-24",87.370002746582,87.4700012207031,87.0100021362305,87.3399963378906,10767100,49.5860786437988
"2012-02-27",87.1500015258789,87.8300018310547,86.7799987792969,87.2300033569336,13323500,49.5236282348633
"2012-02-28",87.2300033569336,87.4400024414062,86.5500030517578,87.1399993896484,14317600,49.4725227355957
"2012-02-29",87.4499969482422,87.4899978637695,86.2099990844727,86.5,18293200,49.1091728210449
"2012-03-01",86.4700012207031,87.1800003051758,86.4100036621094,86.8300018310547,12638500,49.2965354919434
"2012-03-02",86.6600036621094,86.75,85.8499984741211,86.3300018310547,11343400,49.0126609802246
"2012-03-05",86.1699981689453,87.0899963378906,85.9100036621094,87.0100021362305,12803100,49.3987274169922
"2012-03-06",86.2399978637695,86.4800033569336,85.4199981689453,85.8600006103516,16507900,48.7458534240723
"2012-03-07",86.0100021362305,86.120002746582,85.1900024414062,85.8300018310547,14767700,48.7287826538086
"2012-03-08",85,85.4700012207031,84.629997253418,84.8300018310547,19032000,48.1610565185547
"2012-03-09",85.0599975585938,85.129997253418,84.0500030517578,84.3000030517578,17042500,47.8601570129395
"2012-03-12",84.5,85.75,84.129997253418,85.5500030517578,19014000,48.56982421875
"2012-03-13",85.8899993896484,86.9300003051758,85.6100006103516,86.8600006103516,16853300,49.3135719299316
"2012-03-14",86.5899963378906,86.8300018310547,85.7399978637695,86.0199966430664,16187300,48.8366432189941
"2012-03-15",85.8899993896484,86.1999969482422,85.25,86.0899963378906,14523600,48.8764038085938
"2012-03-16",86.1999969482422,86.8899993896484,85.9199981689453,86.4400024414062,30991300,49.0751152038574
"2012-03-19",86.0800018310547,87.1800003051758,86.0299987792969,86.9899978637695,10770400,49.3873519897461
"2012-03-20",86.4599990844727,87.0999984741211,86.3199996948242,86.5999984741211,13613800,49.1659355163574
"2012-03-21",86.5899963378906,86.5899963378906,85.7699966430664,86.0100021362305,14212400,48.830982208252
"2012-03-22",85.4800033569336,85.9400024414062,85.0999984741211,85.3300018310547,13884400,48.4449234008789
"2012-03-23",85.3600006103516,85.9800033569336,85.0199966430664,85.5500030517578,12557700,48.56982421875
"2012-03-26",86.1800003051758,87.25,86.0699996948242,87.0299987792969,17336800,49.4100646972656
"2012-03-27",87.1399993896484,87.25,86.5400009155273,86.620002746582,12509200,49.1773147583008
"2012-03-28",86.3600006103516,86.4800033569336,85.1399993896484,85.8600006103516,16155300,48.7458534240723
"2012-03-29",85.3199996948242,86.129997253418,84.9100036621094,86.0800018310547,13199700,48.8707275390625
"2012-03-30",86.4800033569336,86.7600021362305,86.0899963378906,86.7300033569336,12968300,49.2397613525391
"2012-04-02",86.5999984741211,87.6699981689453,86.3099975585938,87.0699996948242,13853300,49.4327850341797
"2012-04-03",86.75,86.7799987792969,85,85.8300018310547,17714900,48.7287826538086
"2012-04-04",85.3000030517578,85.3600006103516,84.4899978637695,84.9800033569336,17112800,48.2462196350098
"2012-04-05",84.5599975585938,85.379997253418,84.3499984741211,84.8199996948242,11954700,48.1553649902344
"2012-04-09",83.9800033569336,84.3600006103516,83.6800003051758,83.879997253418,11027000,47.6217041015625
"2012-04-10",83.75,83.75,81.879997253418,82.1699981689453,19993700,46.65087890625
"2012-04-11",83.1100006103516,83.3499984741211,82.1500015258789,82.6999969482422,15856200,46.951789855957
"2012-04-12",82.6500015258789,83.7300033569336,82.3600006103516,83.5999984741211,15266200,47.4627456665039
"2012-04-13",82.9700012207031,83.6900024414062,82.8600006103516,82.9499969482422,13856500,47.0937042236328
"2012-04-16",83.2399978637695,84.3899993896484,83.129997253418,84.0100021362305,17526100,47.6955184936523
"2012-04-17",84.6500015258789,85.5999984741211,84.5699996948242,85.4499969482422,14208000,48.5130500793457
"2012-04-18",85.0599975585938,86.0500030517578,85.0199966430664,85.75,12997500,48.6833724975586
"2012-04-19",85.5100021362305,85.9199981689453,84.9800033569336,85.2799987792969,15973800,48.4165306091309
"2012-04-20",85.5500030517578,85.9199981689453,85.0299987792969,85.3000030517578,17216600,48.4279022216797
"2012-04-23",84.5299987792969,85.9300003051758,84.3899993896484,85.6900024414062,15197200,48.649299621582
"2012-04-24",85.6399993896484,86.3899993896484,85.6399993896484,86.3099975585938,11632500,49.0013160705566
"2012-04-25",86.6500015258789,87.1800003051758,85.7200012207031,86.8499984741211,18476800,49.3078689575195
"2012-04-26",85.2799987792969,86.1999969482422,85.1500015258789,86.0699996948242,17262400,48.8650665283203
"2012-04-27",86.5,86.6900024414062,85.9599990844727,86.0800018310547,11372900,48.8707275390625
"2012-04-30",85.9599990844727,86.8000030517578,85.870002746582,86.3399963378906,11735400,49.018310546875
"2012-05-01",86.4599990844727,87.5199966430664,86.129997253418,87.0400009155273,13816900,49.4157562255859
"2012-05-02",86.5599975585938,86.6500015258789,85.8300018310547,86.1999969482422,11108700,48.9388542175293
"2012-05-03",86.3600006103516,86.3899993896484,85.3099975585938,85.6500015258789,9998600,48.6265983581543
"2012-05-04",85.1100006103516,85.3099975585938,84.4000015258789,84.5699996948242,15055500,48.013427734375
"2012-05-07",84.2900009155273,84.7900009155273,84.0999984741211,84.4800033569336,12018100,47.9623489379883
"2012-05-08",83.75,84.2600021362305,82.9199981689453,84.0199966430664,19602400,47.7011909484863
"2012-05-09",83.0400009155273,84.0699996948242,82.879997253418,83.3099975585938,17424000,47.2981071472168
"2012-05-10",83.370002746582,83.5899963378906,82.5500030517578,82.8399963378906,13234600,47.3552703857422
"2012-05-11",82.6900024414062,83.7900009155273,82.5400009155273,83.0999984741211,12061700,47.5038871765137
"2012-05-14",82.2699966430664,82.4599990844727,81.9599990844727,82.120002746582,12675900,46.9436683654785
"2012-05-15",82,82.7300033569336,81.5299987792969,81.7900009155273,15757400,46.7550201416016
"2012-05-16",81.9599990844727,83.1500015258789,81.7900009155273,82.1699981689453,15034500,46.9722557067871
"2012-05-17",82.1500015258789,82.6100006103516,81.6800003051758,81.9100036621094,17698200,46.8236351013184
"2012-05-18",82.370002746582,82.7200012207031,81.0299987792969,81.4700012207031,21747200,46.5721092224121
"2012-05-21",81.4199981689453,82.129997253418,81.0699996948242,82.0400009155273,13730400,46.8979530334473
"2012-05-22",82.1399993896484,82.8399963378906,81.5199966430664,81.9499969482422,13790000,46.8464965820312
"2012-05-23",81.7900009155273,82.0800018310547,79.9599990844727,82.0400009155273,17582200,46.8979530334473
"2012-05-24",82.2900009155273,82.7799987792969,81.7099990844727,82.6100006103516,14113600,47.2237663269043
"2012-05-25",82.8600006103516,82.9599990844727,81.6800003051758,82.0800018310547,12756500,46.9208297729492
"2012-05-29",82.6399993896484,82.6399993896484,81.3199996948242,81.9300003051758,15931100,46.8350563049316
"2012-05-30",81.0800018310547,81.379997253418,79.5899963378906,79.7900009155273,19593100,45.6117324829102
"2012-05-31",79.879997253418,80.1399993896484,78.4100036621094,78.629997253418,38954600,44.9486274719238
"2012-06-01",77.870002746582,78.5599975585938,77.4700012207031,77.9199981689453,22870900,44.5427627563477
"2012-06-04",78.0899963378906,78.25,77.1999969482422,77.8300018310547,17711200,44.4913101196289
"2012-06-05",77.5899963378906,78.2900009155273,77.129997253418,77.5999984741211,17715600,44.3598327636719
"2012-06-06",78.370002746582,80.2399978637695,78.0800018310547,80.1800003051758,23880900,45.8346748352051
"2012-06-07",80.9800033569336,81.2300033569336,80.3499984741211,80.6900024414062,18409400,46.1262283325195
"2012-06-08",80.0800018310547,80.9199981689453,79.4599990844727,80.8399963378906,18150000,46.2119598388672
"2012-06-11",81.620002746582,81.8499984741211,80.1699981689453,80.2699966430664,18031800,45.8861389160156
"2012-06-12",80.7399978637695,81.5100021362305,80.620002746582,81.2600021362305,14162100,46.4520568847656
"2012-06-13",80.9400024414062,81.6399993896484,80.2799987792969,80.629997253418,15098100,46.0918998718262
"2012-06-14",80.8600006103516,82.5,80.7300033569336,82.129997253418,16942300,46.9493980407715
"2012-06-15",82.5699996948242,83.4499969482422,82.2200012207031,83.2200012207031,27342800,47.5724868774414
"2012-06-18",82.5100021362305,83.1800003051758,82.3499984741211,83.1100006103516,13885100,47.509593963623
"2012-06-19",83.7300033569336,84.629997253418,83.3099975585938,84.4800033569336,21053300,48.2927627563477
"2012-06-20",84.4000015258789,85.3899993896484,84.0599975585938,84.9700012207031,23274300,48.5728874206543
"2012-06-21",85.0400009155273,85.370002746582,82.0500030517578,82.1100006103516,33751900,46.9379653930664
"2012-06-22",82.6800003051758,83.2200012207031,82.1100006103516,82.1100006103516,84747800,46.9379653930664
"2012-06-25",81.2200012207031,81.4300003051758,79.7799987792969,81.2399978637695,28761600,46.4406204223633
"2012-06-26",81.5100021362305,82.9700012207031,81.2099990844727,82.4000015258789,22853700,47.1037254333496
"2012-06-27",82.8099975585938,83.6600036621094,82.7099990844727,83.1999969482422,15301400,47.5610466003418
"2012-06-28",82.6600036621094,83.4599990844727,82.0199966430664,83.0999984741211,19140300,47.5038871765137
"2012-06-29",84.7799987792969,85.6999969482422,84.4599990844727,85.5699996948242,24906300,48.9158554077148
"2012-07-02",85.4400024414062,85.4700012207031,84.5400009155273,85.3399963378906,14447800,48.7843780517578
"2012-07-03",85.6900024414062,86.2799987792969,85.620002746582,86.2799987792969,9787700,49.3217315673828
"2012-07-05",85.3300018310547,86.0400009155273,85.1500015258789,85.5699996948242,10797100,48.9158554077148
"2012-07-06",84.2600021362305,85.0400009155273,84.1999969482422,84.8000030517578,13259400,48.4757080078125
"2012-07-09",84.5199966430664,84.5500030517578,83.0199966430664,83.6500015258789,22361600,47.8182907104492
"2012-07-10",84.0800018310547,84.3899993896484,82.8300018310547,83.1100006103516,14106100,47.509593963623
"2012-07-11",83.4800033569336,84.6800003051758,83.2399978637695,84.379997253418,18337600,48.2355995178223
"2012-07-12",83.4100036621094,84.5500030517578,83.3199996948242,84.120002746582,15566400,48.0869560241699
"2012-07-13",84.4499969482422,85.5699996948242,84.2600021362305,85.4700012207031,13642000,48.8587036132812
"2012-07-16",84.8300018310547,85.4199981689453,84.6600036621094,85.0500030517578,11269200,48.6186065673828
"2012-07-17",85.1800003051758,85.8199996948242,84.0999984741211,85.7300033569336,14059400,49.00732421875
"2012-07-18",85.3399963378906,86.2200012207031,85.0699996948242,86.2099990844727,14203500,49.2817039489746
"2012-07-19",86.0199966430664,86.379997253418,85.620002746582,86.2099990844727,14902300,49.2817039489746
"2012-07-20",85.870002746582,86.1500015258789,85.2699966430664,85.9499969482422,16838300,49.1330833435059
"2012-07-23",84.8000030517578,85.4599990844727,84.3300018310547,85.2099990844727,13597800,48.7100639343262
"2012-07-24",85.2099990844727,85.2600021362305,83.5,84.5800018310547,13948300,48.3499183654785
"2012-07-25",85.1399993896484,85.5500030517578,84.6600036621094,85.2399978637695,16566000,48.7272262573242
"2012-07-26",85.5599975585938,86.6999969482422,85.2600021362305,86.5199966430664,19149300,49.458927154541
"2012-07-27",86.5899963378906,87.8499984741211,85.5,87.4499969482422,24079300,49.9905433654785
"2012-07-30",87.2799987792969,87.8300018310547,87.0800018310547,87.5599975585938,11183500,50.0534286499023
"2012-07-31",87.370002746582,87.6600036621094,86.7900009155273,86.8499984741211,12212200,49.6475486755371
"2012-08-01",87.0199966430664,87.4499969482422,86.1800003051758,86.9100036621094,14312300,49.6818695068359
"2012-08-02",86.0999984741211,86.75,85.5,85.879997253418,14530100,49.0930709838867
"2012-08-03",87.0699996948242,87.8899993896484,86.8000030517578,87.5500030517578,13982500,50.0477256774902
"2012-08-06",87.5500030517578,87.879997253418,87.370002746582,87.4499969482422,9626400,49.9905433654785
"2012-08-07",87.879997253418,88,87.6800003051758,87.9199981689453,12399800,50.2592468261719
"2012-08-08",87.75,88.5,87.6800003051758,88.2799987792969,12864500,50.4650268554688
"2012-08-09",87.8399963378906,88.4800033569336,87.5100021362305,88.1999969482422,12213700,50.7469444274902
"2012-08-10",87.6699981689453,88.4899978637695,87.1500015258789,88.4400024414062,11149000,50.8850517272949
"2012-08-13",88.0999984741211,88.2399978637695,87.7699966430664,88.1399993896484,8716300,50.7124176025391
"2012-08-14",88.1699981689453,88.6399993896484,87.9000015258789,88.1999969482422,8675700,50.7469444274902
"2012-08-15",88.1900024414062,88.6699981689453,87.9100036621094,88,8510100,50.6318817138672
"2012-08-16",88.1900024414062,88.870002746582,87.9599990844727,88.6699981689453,11311300,51.0173759460449
"2012-08-17",88.8899993896484,88.9100036621094,88.1600036621094,88.4000015258789,11177700,50.8620071411133
"2012-08-20",88.0699996948242,88.2200012207031,87.629997253418,87.9499969482422,8813700,50.6031188964844
"2012-08-21",88.1399993896484,88.4100036621094,87.2600021362305,87.4599990844727,10767100,50.3211898803711
"2012-08-22",87.1999969482422,87.9100036621094,87.0199966430664,87.7300033569336,10160400,50.4765319824219
"2012-08-23",87.7900009155273,87.7900009155273,86.9800033569336,87.3099975585938,9666300,50.2348823547363
"2012-08-24",87.1600036621094,88.3000030517578,86.9300003051758,88.0500030517578,9762300,50.6606521606445
"2012-08-27",88.0699996948242,88.1999969482422,87.6100006103516,87.7399978637695,8252100,50.4822998046875
"2012-08-28",87.5699996948242,88.4000015258789,87.4199981689453,88.0999984741211,9646800,50.6894149780273
"2012-08-29",88.0699996948242,88.1900024414062,87.7399978637695,87.9000015258789,8377300,50.5743370056152
"2012-08-30",87.379997253418,87.7300033569336,87.0199966430664,87.1999969482422,8915800,50.171573638916
"2012-08-31",87.6100006103516,87.8499984741211,87.1399993896484,87.3000030517578,14178800,50.2291374206543
"2012-09-04",87.3300018310547,87.4599990844727,86.5199966430664,87.120002746582,10602900,50.1255645751953
"2012-09-05",87.5199966430664,87.6500015258789,87.0599975585938,87.3300018310547,10113100,50.2463874816895
"2012-09-06",87.8899993896484,89.25,87.8499984741211,88.9899978637695,15713500,51.2014923095703
"2012-09-07",89.2699966430664,90,89.2699966430664,89.9199981689453,15623900,51.7365798950195
"2012-09-10",89.8199996948242,90,89.4000015258789,89.4800033569336,10750700,51.4834175109863
"2012-09-11",89.75,89.9499969482422,89.5500030517578,89.620002746582,9349400,51.5639724731445
"2012-09-12",89.629997253418,89.9000015258789,89.4100036621094,89.5500030517578,9982900,51.5237121582031
"2012-09-13",89.7099990844727,91.5599975585938,89.4300003051758,91.2300033569336,19870900,52.4902763366699
"2012-09-14",91.5,92.4000015258789,91.25,92.3000030517578,21388800,53.1059303283691
"2012-09-17",91.9199981689453,92.5,91.5500030517578,91.9100036621094,11893700,52.8815498352051
"2012-09-18",91.4300003051758,92.2200012207031,91.4000015258789,91.6500015258789,10950100,52.7319488525391
"2012-09-19",91.4800033569336,91.75,90.5699996948242,90.5699996948242,16302100,52.1105613708496
"2012-09-20",90.1399993896484,91.6900024414062,90.0899963378906,91.5199966430664,12238400,52.657169342041
"2012-09-21",92.0299987792969,92.2300033569336,91.6399993896484,91.9199981689453,19599100,52.8872871398926
"2012-09-24",91.3099975585938,92.2099990844727,91.3000030517578,91.879997253418,11023700,52.8642921447754
"2012-09-25",92.1100006103516,92.5699996948242,91.5400009155273,91.7399978637695,14035800,52.7837333679199
"2012-09-26",91.7200012207031,92.0400009155273,91.0999984741211,91.2300033569336,11616500,52.4902763366699
"2012-09-27",91.8300018310547,92.25,91.1900024414062,91.8000030517578,10632700,52.8182754516602
"2012-09-28",91.4800033569336,91.6500015258789,90.9300003051758,91.4499969482422,12507600,52.6168785095215
"2012-10-01",91.7900009155273,92.5,91.5999984741211,91.8000030517578,10343500,52.8182754516602
"2012-10-02",92.120002746582,92.1800003051758,91.2799987792969,91.7200012207031,9507800,52.7722244262695
"2012-10-03",91.6500015258789,91.8099975585938,91.1699981689453,91.6999969482422,10328100,52.7607192993164
"2012-10-04",92.0800018310547,92.5400009155273,91.9100036621094,92.2200012207031,11507100,53.0599060058594
"2012-10-05",92.5899963378906,93,92.2300033569336,92.5500030517578,9890100,53.2497787475586
"2012-10-08",92.1500015258789,92.870002746582,92.0400009155273,92.6800003051758,8765200,53.3245849609375
"2012-10-09",92.8300018310547,93.3600006103516,92.1100006103516,92.129997253418,13799200,53.0081176757812
"2012-10-10",91.8000030517578,92.0199966430664,90.6699981689453,91.0299987792969,15332500,52.3752365112305
"2012-10-11",91.5699996948242,91.879997253418,91.1699981689453,91.1699981689453,9789900,52.4557762145996
"2012-10-12",91.5100021362305,91.7200012207031,90.5100021362305,91.0299987792969,9943700,52.3752365112305
"2012-10-15",91.3499984741211,91.6900024414062,90.5400009155273,91.5100021362305,10651100,52.6513977050781
"2012-10-16",91.8899993896484,92.4800033569336,91.8000030517578,92.379997253418,9069300,53.1519432067871
"2012-10-17",92.620002746582,93.5400009155273,92.6100006103516,93.3899993896484,10759100,53.7330474853516
"2012-10-18",92.9700012207031,93.5699996948242,92.9700012207031,93.4800033569336,11815500,53.784854888916
"2012-10-19",93.5699996948242,93.6699981689453,91.75,92.1500015258789,15928100,53.0196304321289
"2012-10-22",91.6699981689453,92.2600021362305,91.0800018310547,92.1900024414062,11445400,53.0426330566406
"2012-10-23",91.129997253418,91.379997253418,90.0100021362305,90.1800003051758,14085500,51.886173248291
"2012-10-24",90.4599990844727,90.620002746582,89.7699966430664,89.879997253418,11332500,51.7135467529297
"2012-10-25",90.629997253418,90.8000030517578,89.6800003051758,90.4300003051758,10387200,52.0300064086914
"2012-10-26",90.5599975585938,91.0699996948242,90.0100021362305,90.620002746582,11583000,52.1393356323242
"2012-10-31",91.0299987792969,91.4100036621094,90.1100006103516,91.1699981689453,14848500,52.4557762145996
"2012-11-01",90.25,91.6699981689453,90.1999969482422,91.5999984741211,15771900,52.7031898498535
"2012-11-02",91.7600021362305,91.9400024414062,90.0599975585938,90.2699966430664,12742400,51.9379463195801
"2012-11-05",90.0400009155273,90.8099975585938,89.6999969482422,90.629997253418,11222600,52.1450843811035
"2012-11-06",90.8600006103516,92.0500030517578,90.7300033569336,91.6100006103516,12026500,52.708927154541
"2012-11-07",90.2399978637695,90.2399978637695,87.6999969482422,88.1800003051758,19423500,51.0530853271484
"2012-11-08",88.2699966430664,88.4300003051758,87.0299987792969,87.0699996948242,13743000,50.4104461669922
"2012-11-09",86.6100006103516,87.9499969482422,86.6100006103516,87.2099990844727,13407000,50.4915008544922
"2012-11-12",87.2699966430664,87.6900024414062,86.9499969482422,87.3199996948242,9004300,50.55517578125
"2012-11-13",86.75,87.9899978637695,86.4400024414062,86.4700012207031,12260300,50.0630645751953
"2012-11-14",86.75,87.1100006103516,85.879997253418,86.0699996948242,14524100,49.8314933776855
"2012-11-15",86.0899963378906,86.5599975585938,85.370002746582,86.1399993896484,13783600,49.8720092773438
"2012-11-16",86.1399993896484,86.7099990844727,85.0599975585938,86.4499969482422,17405200,50.0514984130859
"2012-11-19",87.4000015258789,88.1999969482422,87.0899963378906,87.6699981689453,12911000,50.7578201293945
"2012-11-20",87.5100021362305,87.879997253418,86.7699966430664,87.5,10288100,50.6593933105469
"2012-11-21",87.8099975585938,88.0199966430664,87.4800033569336,88.0100021362305,13905300,50.954662322998
"2012-11-23",88.25,89.0899963378906,88.0100021362305,89.0899963378906,11931000,51.5799560546875
"2012-11-26",88.3199996948242,88.629997253418,88.0299987792969,88.620002746582,16423600,51.3078498840332
"2012-11-27",88.4000015258789,88.5400009155273,87.2399978637695,87.3499984741211,11841600,50.5725364685059
"2012-11-28",86.5299987792969,88.1900024414062,86.2799987792969,88.0999984741211,15959900,51.0067863464355
"2012-11-29",88.370002746582,88.6900024414062,87.629997253418,88.120002746582,11579100,51.0183372497559
"2012-11-30",88.0699996948242,88.4000015258789,87.8199996948242,88.1399993896484,15522100,51.0299339294434
"2012-12-03",88.5500030517578,88.5800018310547,87.4700012207031,87.6100006103516,10937300,50.7230796813965
"2012-12-04",87.379997253418,87.9700012207031,87.1900024414062,87.1900024414062,11980000,50.4799156188965
"2012-12-05",87.2699966430664,88.2699966430664,87.0999984741211,87.7300033569336,12717800,50.7925643920898
"2012-12-06",87.7600021362305,88.0599975585938,87.2399978637695,88,12077000,50.9488868713379
"2012-12-07",88.1699981689453,88.6399993896484,87.7699966430664,88.5999984741211,10603100,51.296272277832
"2012-12-10",88.5800018310547,88.9499969482422,88.2399978637695,88.4100036621094,11549400,51.1862487792969
"2012-12-11",88.6100006103516,89.4899978637695,88.4000015258789,88.9899978637695,12634600,51.5220603942871
"2012-12-12",89.0899963378906,90.370002746582,88.9100036621094,89.4499969482422,14729500,51.7883758544922
"2012-12-13",89.1600036621094,89.4499969482422,88.2699966430664,88.5800018310547,12290300,51.2846870422363
"2012-12-14",88,88.4499969482422,87.9199981689453,88.0800018310547,13363600,50.9952011108398
"2012-12-17",88.3600006103516,88.9400024414062,88.0999984741211,88.870002746582,15672500,51.4525871276855
"2012-12-18",88.75,89.7399978637695,88.5599975585938,89.5599975585938,15396600,51.8520545959473
"2012-12-19",89.5400009155273,89.6100006103516,88.379997253418,88.4400024414062,15092500,51.2036437988281
"2012-12-20",88.379997253418,88.9400024414062,87.9800033569336,88.8899993896484,15789000,51.4641380310059
"2012-12-21",87.6600036621094,88.5999984741211,87.0100021362305,87.2300033569336,33057000,50.5030822753906
"2012-12-24",87.129997253418,87.3199996948242,86.8000030517578,86.9199981689453,6385200,50.3235969543457
"2012-12-26",87.2099990844727,87.6800003051758,86.5699996948242,87.0699996948242,10737800,50.4104461669922
"2012-12-27",87.0500030517578,87.2399978637695,85.75,86.8600006103516,14258500,50.2888603210449
"2012-12-28",86.0999984741211,86.2900009155273,85.0699996948242,85.0999984741211,13358700,49.2698822021484
"2012-12-31",85.0400009155273,86.6600036621094,84.6999969482422,86.5500030517578,19810800,50.1093826293945
"2013-01-02",87.7900009155273,88.7200012207031,87.2399978637695,88.7099990844727,16143700,51.3599510192871
"2013-01-03",88.4599990844727,88.8899993896484,88.1600036621094,88.5500030517578,13268200,51.2672958374023
"2013-01-04",88.5,89.0899963378906,88.370002746582,88.9599990844727,11427900,51.5047073364258
"2013-01-07",88.3099975585938,88.4899978637695,87.5699996948242,87.9300003051758,11799800,50.9083480834961
"2013-01-08",87.8199996948242,88.4800033569336,87.2900009155273,88.4800033569336,14226400,51.2267799377441
"2013-01-09",88.4000015258789,88.5400009155273,87.75,88.1399993896484,10892200,51.0299339294434
"2013-01-10",88.75,89.4800033569336,88.370002746582,89.0999984741211,13099600,51.5857467651367
"2013-01-11",88.9700012207031,89.7099990844727,88.8600006103516,89.6100006103516,11645600,51.8810234069824
"2013-01-14",89.4599990844727,89.75,89.3199996948242,89.5800018310547,9606700,51.8636474609375
"2013-01-15",89.1800003051758,89.6100006103516,89,89.5299987792969,9195400,51.8346862792969
"2013-01-16",89.1600036621094,89.4800033569336,89.0699996948242,89.4700012207031,9645000,51.7999458312988
"2013-01-17",89.7600021362305,90.9400024414062,89.5999984741211,90.1999969482422,13400300,52.2226066589355
"2013-01-18",90.0899963378906,90.8300018310547,89.8300018310547,90.8000030517578,17196000,52.569995880127
"2013-01-22",90.2699966430664,90.9400024414062,90.2099990844727,90.9199981689453,11897500,52.6394538879395
"2013-01-23",90.5,90.879997253418,90.4199981689453,90.6999969482422,10906800,52.5120964050293
"2013-01-24",90.879997253418,91.7200012207031,90.75,91.3499984741211,11100000,52.8884124755859
"2013-01-25",91.5699996948242,91.8000030517578,91.129997253418,91.7300033569336,11090600,53.1084442138672
"2013-01-28",91.6699981689453,91.6699981689453,90.7699966430664,91.1100006103516,11617500,52.7494468688965
"2013-01-29",91.2099990844727,91.9300003051758,91.1999969482422,91.7600021362305,11700600,53.125804901123
"2013-01-30",91.1699981689453,91.7200012207031,90.379997253418,90.6699981689453,15645400,52.4947128295898
"2013-01-31",90.6900024414062,91.2099990844727,89.7399978637695,89.9700012207031,15991500,52.0894432067871
"2013-02-01",90.4400024414062,90.5,89.3600006103516,90.0400009155273,15699200,52.1299781799316
"2013-02-04",89.4100036621094,89.620002746582,88.8399963378906,89.1500015258789,13347300,51.6146965026855
"2013-02-05",89.879997253418,90.1900024414062,89.4199981689453,89.7399978637695,11679700,51.9562759399414
"2013-02-06",89.370002746582,89.8899993896484,89.1600036621094,89.7900009155273,11768700,51.985237121582
"2013-02-07",89.2099990844727,89.2200012207031,87.6100006103516,88.25,13463300,51.4200439453125
"2013-02-08",88.5,88.8000030517578,88.1100006103516,88.6100006103516,11412300,51.6298065185547
"2013-02-11",88.3499984741211,88.5100021362305,87.9700012207031,88.2799987792969,8764700,51.4375305175781
"2013-02-12",88.25,88.620002746582,87.9199981689453,88.4599990844727,9752100,51.5424041748047
"2013-02-13",88.4599990844727,88.7699966430664,88.2399978637695,88.6699981689453,8940300,51.6647453308105
"2013-02-14",88.3399963378906,88.8099975585938,88.0599975585938,88.5199966430664,13238900,51.5773506164551
"2013-02-15",88.5699996948242,88.6100006103516,87.8000030517578,88.3600006103516,15696900,51.484130859375
"2013-02-19",88.5400009155273,89.4100036621094,88.379997253418,89.3199996948242,12158900,52.0434837341309
"2013-02-20",89.1399993896484,89.8199996948242,88.9000015258789,88.9700012207031,13936400,51.8395576477051
"2013-02-21",88.7900009155273,89.0199966430664,88.3600006103516,88.5899963378906,10939800,51.6181449890137
"2013-02-22",89.0199966430664,89.2799987792969,88.4000015258789,89.1999969482422,10260200,51.9735565185547
"2013-02-25",89.879997253418,90.1900024414062,87.6999969482422,87.6999969482422,15302900,51.0995903015137
"2013-02-26",88.5,88.9800033569336,87.7600021362305,88.5100021362305,15073200,51.5715408325195
"2013-02-27",88.5,89.6500015258789,88.3099975585938,89.5299987792969,11195200,52.1658477783203
"2013-02-28",89.6699981689453,89.8099975585938,89.0299987792969,89.5500030517578,14552000,52.1774940490723
"2013-03-01",89.0699996948242,89.6800003051758,88.9199981689453,89.4300003051758,11301600,52.1075553894043
"2013-03-04",89.129997253418,89.25,88.4599990844727,88.9499969482422,10994000,51.8278999328613
"2013-03-05",89.4800033569336,90.1500015258789,89.2900009155273,89.6100006103516,13072600,52.2124519348145
"2013-03-06",89.5999984741211,89.9499969482422,89.0500030517578,89.5599975585938,13234400,52.1833229064941
"2013-03-07",89.629997253418,89.7600021362305,88.6800003051758,88.7099990844727,12905300,51.6880645751953
"2013-03-08",89.0100021362305,89.2300033569336,88.3499984741211,88.9700012207031,11896300,51.8395576477051
"2013-03-11",89.0100021362305,89.5500030517578,88.5400009155273,89.1600036621094,12454800,51.9502639770508
"2013-03-12",89.4499969482422,89.9100036621094,89.0100021362305,89.1600036621094,11470000,51.9502639770508
"2013-03-13",89.0199966430664,89.5,88.8300018310547,89.2600021362305,10539900,52.0085601806641
"2013-03-14",89.4100036621094,89.9100036621094,89.4100036621094,89.8300018310547,13775500,52.3406600952148
"2013-03-15",89.1999969482422,89.6100006103516,88.7900009155273,89.370002746582,29240100,52.0726356506348
"2013-03-18",88.7399978637695,89.3899993896484,88.5500030517578,88.7699966430664,11553700,51.7230262756348
"2013-03-19",88.8899993896484,89.0899963378906,88.0199966430664,88.5800018310547,11987900,51.6123275756836
"2013-03-20",88.9499969482422,89.2099990844727,88.3000030517578,88.629997253418,11319000,51.6414375305176
"2013-03-21",88.120002746582,88.6399993896484,87.9000015258789,88.1699981689453,13447500,51.3734359741211
"2013-03-22",88.4000015258789,89.2900009155273,88.3199996948242,89.2900009155273,10786600,52.0260162353516
"2013-03-25",89.5,89.9000015258789,88.6600036621094,89.0199966430664,12900800,51.8686904907227
"2013-03-26",89.4100036621094,90.3000030517578,89.3600006103516,90.129997253418,12329600,52.5154495239258
"2013-03-27",89.5599975585938,90.7399978637695,89.4700012207031,90.5800018310547,12350800,52.7776527404785
"2013-03-28",90.6399993896484,90.9800033569336,89.9899978637695,90.1100006103516,17485200,52.5038070678711
"2013-04-01",90.129997253418,90.9899978637695,89.9800033569336,90.7699966430664,9414200,52.8883514404297
"2013-04-02",90.5899963378906,90.9199981689453,90.2799987792969,90.5800018310547,9991800,52.7776527404785
"2013-04-03",90.6500015258789,90.8300018310547,89.8600006103516,89.9300003051758,12197100,52.3988990783691
"2013-04-04",90.0999984741211,90.3300018310547,89.2200012207031,89.7699966430664,11582000,52.3056793212891
"2013-04-05",88.6100006103516,89.2099990844727,88.4000015258789,89.0100021362305,12771600,51.8628540039062
"2013-04-08",89.1100006103516,89.1100006103516,88.1500015258789,88.5999984741211,11013900,51.6239776611328
"2013-04-09",88.6900024414062,89.3399963378906,88.5899963378906,88.7699966430664,10753400,51.7230262756348
"2013-04-10",88.4499969482422,89.1600036621094,88.1999969482422,88.6800003051758,14823700,51.670597076416
"2013-04-11",88.9499969482422,89.2699966430664,88.2300033569336,89.2200012207031,14979900,51.985237121582
"2013-04-12",88.879997253418,89.1900024414062,88.4100036621094,88.9899978637695,11505100,51.8512268066406
"2013-04-15",88.2900009155273,88.6699981689453,86.2699966430664,86.4899978637695,19626200,50.3945426940918
"2013-04-16",87.1900024414062,87.2300033569336,86.0899963378906,86.6100006103516,14578800,50.4644775390625
"2013-04-17",86.2099990844727,86.379997253418,85.0199966430664,86.0800018310547,17341200,50.1556663513184
"2013-04-18",86.2799987792969,87.0800018310547,85.7799987792969,86.620002746582,14730400,50.4703140258789
"2013-04-19",87.2699966430664,87.4899978637695,86.4300003051758,87.4499969482422,18393300,50.9539070129395
"2013-04-22",87.6100006103516,88.3199996948242,87.2900009155273,88.0899963378906,11262000,51.3268051147461
"2013-04-23",88.3899993896484,89.4899978637695,87.9400024414062,89.3000030517578,15567700,52.0318603515625
"2013-04-24",89.4499969482422,89.8899993896484,89.3499984741211,89.4300003051758,13028800,52.1075553894043
"2013-04-25",88.8899993896484,88.9000015258789,87.6500015258789,88.0699996948242,16328700,51.3151550292969
"2013-04-26",87.8099975585938,88.2799987792969,87.5999984741211,88,10791800,51.2743911743164
"2013-04-29",88.2600021362305,88.8300018310547,88.0100021362305,88.2099990844727,11093000,51.3967247009277
"2013-04-30",88.2600021362305,88.9899978637695,87.7600021362305,88.9899978637695,14572600,51.8512268066406
"2013-05-01",88.5199966430664,88.8399963378906,87.4800033569336,87.5100021362305,11616500,50.9888916015625
"2013-05-02",87.9800033569336,88.8399963378906,87.7399978637695,88.629997253418,11330100,51.6414375305176
"2013-05-03",89,90.1900024414062,88.9199981689453,90.0199966430664,13036600,52.451358795166
"2013-05-06",90.25,90.879997253418,89.9300003051758,90.5800018310547,10613400,52.7776527404785
"2013-05-07",90.620002746582,91.1500015258789,90.1399993896484,91.1500015258789,11088900,53.1097602844238
"2013-05-08",91.0500030517578,91.8499984741211,91.0299987792969,91.6999969482422,13638300,53.4302406311035
"2013-05-09",91.1399993896484,91.5599975585938,90.6900024414062,91.0299987792969,13771900,53.4067497253418
"2013-05-10",90.870002746582,90.9499969482422,89.7900009155273,90.1399993896484,10975400,52.8846130371094
"2013-05-13",89.8000030517578,90.1399993896484,89.4300003051758,90.0999984741211,9810100,52.8611679077148
"2013-05-14",90.1500015258789,91.1900024414062,90.0199966430664,91.1100006103516,9890300,53.4537162780762
"2013-05-15",90.6399993896484,91.3199996948242,90.4100036621094,91.2399978637695,10399400,53.529972076416
"2013-05-16",90.8000030517578,91.2900009155273,90.5,90.6999969482422,10469600,53.2131805419922
"2013-05-17",91.0699996948242,91.879997253418,90.5299987792969,91.7600021362305,12721300,53.8350601196289
"2013-05-20",91.6100006103516,92.6900024414062,91.4599990844727,92.5199966430664,12417700,54.2809219360352
"2013-05-21",92.6699981689453,93.4300003051758,92.379997253418,92.8000030517578,12519900,54.4452056884766
"2013-05-22",92.8300018310547,93.5,91.8099975585938,92.1900024414062,19253300,54.087345123291
"2013-05-23",91.5599975585938,92.3600006103516,91.3600006103516,91.7900009155273,15357300,53.8526611328125
"2013-05-24",91.379997253418,91.7699966430664,91,91.5299987792969,12771900,53.7001075744629
"2013-05-28",92.9400024414062,93.1800003051758,91.7600021362305,92.379997253418,15197800,54.1987991333008
"2013-05-29",91.7600021362305,92.4199981689453,91.5899963378906,92.0800018310547,11563200,54.0227966308594
"2013-05-30",91.9700012207031,92.6800003051758,91.5999984741211,92.0899963378906,9734700,54.0286560058594
"2013-05-31",91.9499969482422,92.370002746582,90.4599990844727,90.4700012207031,17917400,53.0782203674316
"2013-06-03",90.5299987792969,91.5100021362305,90.4800033569336,91.4599990844727,14177500,53.6590194702148
"2013-06-04",91.1800003051758,91.4899978637695,90.2200012207031,90.7900009155273,12481300,53.2659492492676
"2013-06-05",90.6800003051758,91.120002746582,89.6100006103516,89.6500015258789,12888000,52.5971336364746
"2013-06-06",89.4499969482422,90.2300033569336,89,90.2300033569336,15393300,52.9373817443848
"2013-06-07",90.8899993896484,91.5,90.4899978637695,91.4499969482422,12504700,53.6531715393066
"2013-06-10",91.9300003051758,91.9400024414062,90.870002746582,91.120002746582,10372300,53.4595718383789
"2013-06-11",90.379997253418,91.0400009155273,90.2300033569336,90.4599990844727,10739400,53.0723533630371
"2013-06-12",91.129997253418,91.3199996948242,89.5899963378906,89.7399978637695,10864500,52.6499176025391
"2013-06-13",89.629997253418,91.7099990844727,89.6100006103516,91.3300018310547,13501300,53.5827751159668
"2013-06-14",91.1600036621094,91.3000030517578,90.2900009155273,90.5800018310547,12158400,53.1427612304688
"2013-06-17",90.9700012207031,91.7699966430664,90.7699966430664,91.5100021362305,12026400,53.6883773803711
"2013-06-18",91.3600006103516,92.0599975585938,91.2600021362305,91.9300003051758,10678200,53.9347877502441
"2013-06-19",91.7900009155273,92.2699966430664,91,91,14189500,53.3891639709473
"2013-06-20",90.2399978637695,90.5199966430664,88.7900009155273,89.0500030517578,21077700,52.2451019287109
"2013-06-21",89.7600021362305,90.1399993896484,88.8499984741211,89.4800033569336,25493800,52.4973831176758
"2013-06-24",88.9499969482422,89.5,88.0199966430664,88.4800033569336,17653000,51.9106826782227
"2013-06-25",89.5800018310547,89.620002746582,88.4800033569336,89.1100006103516,15790100,52.2803230285645
"2013-06-26",89.4199981689453,89.9700012207031,88.7300033569336,89.8000030517578,14446000,52.685131072998
"2013-06-27",90.2399978637695,90.6699981689453,90.0299987792969,90.0400009155273,12348000,52.8259391784668
"2013-06-28",89.8499984741211,90.75,89.5599975585938,90.3499984741211,22984200,53.0078125
"2013-07-01",90.3899993896484,91.129997253418,89.9599990844727,90.3000030517578,13182200,52.9784812927246
"2013-07-02",90.370002746582,91.0999984741211,90.120002746582,90.6399993896484,12320700,53.1779289245605
"2013-07-03",90.629997253418,90.870002746582,90.1399993896484,90.6900024414062,5674000,53.2072906494141
"2013-07-05",91.0999984741211,91.6100006103516,90.5699996948242,91.5699996948242,8917900,53.7235794067383
"2013-07-08",91.9599990844727,92.5299987792969,91.9000015258789,92.25,12086700,54.1225280761719
"2013-07-09",92.6399993896484,93.4400024414062,92.25,93.3399963378906,12940000,54.7620277404785
"2013-07-10",93.2799987792969,93.3899993896484,92.379997253418,92.8199996948242,12430000,54.4569396972656
"2013-07-11",93.8000030517578,93.8099975585938,93.0400009155273,93.2699966430664,16184700,54.7209625244141
"2013-07-12",93.25,93.4499969482422,92.7200012207031,93.4000015258789,11370300,54.7972373962402
"2013-07-15",93.1900024414062,93.5,93.0899963378906,93.25,8256200,54.7092399597168
"2013-07-16",93.1900024414062,93.4700012207031,92.7699966430664,93.3000030517578,11413500,54.7385444641113
"2013-07-17",93.5599975585938,93.7399978637695,93.1399993896484,93.4599990844727,9393300,54.8324203491211
"2013-07-18",93.8000030517578,94.8399963378906,93.7099990844727,94.379997253418,10555400,55.3721923828125
"2013-07-19",94.6900024414062,95.25,94.4100036621094,95.1699981689453,14431700,55.8356742858887
"2013-07-22",94.870002746582,95.1999969482422,94.7799987792969,94.8300018310547,9530400,55.6361885070801
"2013-07-23",94.8600006103516,95.4899978637695,94.8399963378906,95.1999969482422,7377400,55.8532638549805
"2013-07-24",95.3099975585938,95.3099975585938,94.4199981689453,94.9899978637695,8222800,55.7300682067871
"2013-07-25",94.6900024414062,95.3099975585938,94.4199981689453,94.9700012207031,10059800,55.7183570861816
"2013-07-26",94.7699966430664,94.8600006103516,93.8399963378906,94.7900009155273,9721000,55.6127433776855
"2013-07-29",94.5100021362305,94.5199966430664,93.6100006103516,94.0299987792969,8844700,55.1668510437012
"2013-07-30",94.2200012207031,94.3300018310547,93.4599990844727,93.8099975585938,10470700,55.0377769470215
"2013-07-31",93.9300003051758,94.5999984741211,93.379997253418,93.75,14400800,55.0025672912598
"2013-08-01",92.6900024414062,93.0999984741211,91.25,92.7300033569336,23117700,54.4041442871094
"2013-08-02",92.4599990844727,92.5299987792969,91.3399963378906,91.9499969482422,14408600,53.9465217590332
"2013-08-05",91.4199981689453,91.7600021362305,91.0100021362305,91.5899963378906,12625900,53.7352981567383
"2013-08-06",91.3300018310547,91.9100036621094,91.2799987792969,91.4700012207031,11689200,53.6649055480957
"2013-08-07",91.1800003051758,91.5500030517578,91.129997253418,91.3399963378906,8163800,53.5886459350586
"2013-08-08",91.9300003051758,91.9700012207031,91.2799987792969,91.7799987792969,11529500,53.8468017578125
"2013-08-09",91.1999969482422,91.3600006103516,90.4300003051758,90.7200012207031,9467800,53.5927886962891
"2013-08-12",90.4300003051758,90.4300003051758,89.6900024414062,89.8899993896484,10133700,53.1024322509766
"2013-08-13",89.8499984741211,89.9199981689453,89.1399993896484,89.4000015258789,10892700,52.8129768371582
"2013-08-14",89.3399963378906,89.4800033569336,88.9000015258789,88.9499969482422,9797300,52.5471153259277
"2013-08-15",88.6600036621094,88.870002746582,88.0599975585938,88.1600036621094,11273400,52.0804481506348
"2013-08-16",88.0100021362305,88.4899978637695,87.6500015258789,87.9100036621094,11872500,51.9327621459961
"2013-08-19",87.8199996948242,87.870002746582,86.7799987792969,86.9199981689453,11745600,51.347900390625
"2013-08-20",87.129997253418,87.870002746582,86.8300018310547,86.8300018310547,16498800,51.2947540283203
"2013-08-21",86.9499969482422,87.3499984741211,86.3899993896484,86.4199981689453,12766900,51.0525360107422
"2013-08-22",86.5800018310547,87.4199981689453,86.4499969482422,86.9800033569336,10199900,51.3833618164062
"2013-08-23",87.1500015258789,87.6900024414062,86.7600021362305,87.5199966430664,9206400,51.7023506164551
"2013-08-26",87.5,87.6999969482422,86.8199996948242,87.0899963378906,10654700,51.4483261108398
"2013-08-27",86.620002746582,87.4899978637695,86.5800018310547,86.8199996948242,13960200,51.2888412475586
"2013-08-28",87.2799987792969,88.9899978637695,87.2799987792969,88.8399963378906,17738800,52.4821434020996
"2013-08-29",88.629997253418,88.629997253418,87.2300033569336,87.2699966430664,11407800,51.5546798706055
"2013-08-30",87.3899993896484,87.5500030517578,86.7900009155273,87.1600036621094,12480400,51.4897003173828
"2013-09-03",87.6999969482422,88,86.8300018310547,87.1500015258789,10546700,51.4837760925293
"2013-09-04",87.0100021362305,87.9800033569336,86.9000015258789,87.7600021362305,9822300,51.8441467285156
"2013-09-05",88.0599975585938,88.3000030517578,87.3300018310547,87.3499984741211,11740100,51.6019477844238
"2013-09-06",87.4899978637695,87.7300033569336,86.8000030517578,87.25,12950600,51.542854309082
"2013-09-09",87.3399963378906,88.1900024414062,87.3099975585938,88.0400009155273,9297000,52.0095558166504
"2013-09-10",88.4000015258789,88.4000015258789,87.2799987792969,87.8199996948242,11823100,51.8795928955078
"2013-09-11",87.879997253418,88.8499984741211,87.879997253418,88.8399963378906,11201200,52.4821434020996
"2013-09-12",88.5899963378906,88.8000030517578,87.8600006103516,87.9800033569336,10917200,51.9741134643555
"2013-09-13",88.1500015258789,88.879997253418,88.1500015258789,88.4000015258789,8254200,52.2222366333008
"2013-09-16",88.879997253418,89.1800003051758,88.4899978637695,88.6699981689453,9421300,52.3817253112793
"2013-09-17",88.7099990844727,89.3499984741211,88.6500015258789,88.9400024414062,8941200,52.5412330627441
"2013-09-18",88.9100036621094,89.870002746582,88.370002746582,89.5800018310547,15134700,52.9193153381348
"2013-09-19",89.6399993896484,89.7399978637695,88.9800033569336,89.2799987792969,11757500,52.7420768737793
"2013-09-20",89.5299987792969,89.75,88.5899963378906,88.6600036621094,20651100,52.3758125305176
"2013-09-23",88.2900009155273,88.9100036621094,87.6399993896484,87.75,12227700,51.8382453918457
"2013-09-24",87.5899963378906,88.0699996948242,87.2799987792969,87.3600006103516,12129200,51.607852935791
"2013-09-25",87.5899963378906,87.5999984741211,86.9300003051758,87.1399993896484,13577400,51.4778900146484
"2013-09-26",87.4000015258789,87.4499969482422,86.8099975585938,87.0699996948242,9787100,51.4365272521973
"2013-09-27",86.8499984741211,87.0100021362305,86.6100006103516,86.9000015258789,10867100,51.3361015319824
"2013-09-30",86.0599975585938,86.6999969482422,85.6100006103516,86.0400009155273,17486100,50.8280487060547
"2013-10-01",85.9899978637695,86.3399963378906,85.7799987792969,86,11885100,50.8044281005859
"2013-10-02",85.75,86.1100006103516,85.2799987792969,86.0800018310547,11841400,50.8516883850098
"2013-10-03",86.0400009155273,86.0500030517578,85.3399963378906,85.5,13923400,50.5090560913086
"2013-10-04",86.3099975585938,86.4199981689453,85.6800003051758,86.3199996948242,11325500,50.9934692382812
"2013-10-07",85.5699996948242,86.2900009155273,85.2699966430664,85.9000015258789,10985800,50.7453498840332
"2013-10-08",85.8600006103516,85.9499969482422,85.4700012207031,85.5100021362305,15335700,50.5149612426758
"2013-10-09",85.3499984741211,85.5899963378906,84.8300018310547,85.1600036621094,13575100,50.3082237243652
"2013-10-10",85.5199966430664,86.0400009155273,84.7900009155273,86.0400009155273,17532400,50.8280487060547
"2013-10-11",85.9000015258789,86.9499969482422,85.5,86.9499969482422,12661800,51.3656463623047
"2013-10-14",86.5100021362305,87.7399978637695,86.5100021362305,87.5999984741211,9742100,51.7496109008789
"2013-10-15",87.4700012207031,87.5800018310547,86.6399993896484,86.7900009155273,12018000,51.2711143493652
"2013-10-16",87.4800033569336,87.8600006103516,86.7200012207031,87.3099975585938,11668100,51.5783081054688
"2013-10-17",87.129997253418,87.5,87.0100021362305,87.4800033569336,10438200,51.6787757873535
"2013-10-18",87.6900024414062,87.7399978637695,87.3000030517578,87.5500030517578,12425100,51.7200889587402
"2013-10-21",87.5,87.6500015258789,86.8399963378906,87.2300033569336,10730900,51.5310516357422
"2013-10-22",87.2900009155273,88.1500015258789,87.129997253418,87.9800033569336,12710600,51.9741134643555
"2013-10-23",87.5199966430664,87.6500015258789,86.9499969482422,87.6100006103516,11449100,51.7555351257324
"2013-10-24",87.9800033569336,88.7300033569336,87.9700012207031,88.4199981689453,12288900,52.2340393066406
"2013-10-25",88.2300033569336,88.6500015258789,87.8199996948242,87.9700012207031,11382000,51.9682121276855
"2013-10-28",87.8300018310547,88.4599990844727,87.6100006103516,88.2300033569336,9921900,52.1217918395996
"2013-10-29",88.4499969482422,89.0299987792969,88.4400024414062,88.9300003051758,10340000,52.5353240966797
"2013-10-30",88.9700012207031,89.4800033569336,88.6900024414062,88.8099975585938,14305900,52.4644432067871
"2013-10-31",89.4499969482422,90.9599990844727,89.1999969482422,89.620002746582,19185200,52.9429473876953
"2013-11-01",89.7399978637695,90.0400009155273,88.2699966430664,89.8199996948242,19023500,53.0611114501953
"2013-11-04",90,92.2699966430664,90,92.0999984741211,20591600,54.4080085754395
"2013-11-05",91.3399963378906,93.25,91.2399978637695,91.9899978637695,21122500,54.3430023193359
"2013-11-06",92.4199981689453,93.2799987792969,92.120002746582,93.2200012207031,13464600,55.0696487426758
"2013-11-07",92.6399993896484,92.9800033569336,91.7600021362305,91.9599990844727,16572100,54.6949462890625
"2013-11-08",91.8000030517578,92.8199996948242,91.4800033569336,92.7300033569336,12330100,55.1529083251953
"2013-11-11",92.8499984741211,93.2300033569336,92.5,92.9599990844727,7924700,55.2896919250488
"2013-11-12",92.6699981689453,93.3199996948242,92.5,92.6699981689453,10727300,55.1172180175781
"2013-11-13",92.2200012207031,92.7399978637695,92.0699996948242,92.5899963378906,9280000,55.0696563720703
"2013-11-14",92.6800003051758,93.4199981689453,92.6800003051758,93.2200012207031,7909200,55.4443435668945
"2013-11-15",94.1500015258789,95.2900009155273,94.0299987792969,95.2699966430664,18374500,56.6636276245117
"2013-11-18",95.9800033569336,96,95.0599975585938,95.4499969482422,14243700,56.7706832885742
"2013-11-19",95.4000015258789,95.7900009155273,95.1600036621094,95.4199981689453,12697300,56.752815246582
"2013-11-20",95.75,95.9499969482422,94.370002746582,94.6800003051758,10455400,56.3126983642578
"2013-11-21",94.8499984741211,95.3899993896484,94.629997253418,94.6900024414062,9128400,56.3186492919922
"2013-11-22",94.9599990844727,95.0699996948242,94.2900009155273,95.0100021362305,8534700,56.5089797973633
"2013-11-25",95.2099990844727,95.75,94.8300018310547,95.0899963378906,10515100,56.5565567016602
"2013-11-26",94.75,94.8099975585938,94.1500015258789,94.2699966430664,11857900,56.0688247680664
"2013-11-27",94.3600006103516,94.4199981689453,93.4800033569336,93.8000030517578,8828100,55.7893104553223
"2013-11-29",93.6500015258789,94.2200012207031,93.3000030517578,93.4800033569336,6770500,55.5989799499512
"2013-12-02",93.2699966430664,94.0400009155273,92.9199981689453,93.5199966430664,9310500,55.6227684020996
"2013-12-03",93.5999984741211,94.4800033569336,93.2300033569336,94.3899993896484,12599500,56.1402168273926
"2013-12-04",94.1900024414062,94.9000015258789,93.9199981689453,94.6699981689453,13074000,56.306755065918
"2013-12-05",94.0699996948242,94.6500015258789,93.9199981689453,94.129997253418,10586000,55.9855880737305
"2013-12-06",94.9700012207031,95.7099990844727,94.5899963378906,95.6500015258789,12063400,56.8896293640137
"2013-12-09",95.9499969482422,96.25,95.5999984741211,95.8399963378906,15516700,57.0026054382324
"2013-12-10",95.9000015258789,95.9800033569336,95.3899993896484,95.7099990844727,9868100,56.9253158569336
"2013-12-11",95.379997253418,95.5400009155273,94.1600036621094,94.2600021362305,12811800,56.0629043579102
"2013-12-12",94.5,95.879997253418,94.2799987792969,95.3600006103516,15562600,56.7171287536621
"2013-12-13",95.129997253418,95.9199981689453,94.6600036621094,95.3099975585938,10629500,56.6874198913574
"2013-12-16",96.2799987792969,98.879997253418,96.129997253418,97.2200012207031,23226000,57.8234062194824
"2013-12-17",97.0199966430664,97.129997253418,96.0299987792969,96.75,14920900,57.5438575744629
"2013-12-18",97.4300003051758,99.9499969482422,97.0100021362305,99.5400009155273,21331300,59.2032928466797
"2013-12-19",99.5,99.5999984741211,99,99.4300003051758,12905900,59.1378707885742
"2013-12-20",99.3899993896484,99.5999984741211,98.5999984741211,98.6800003051758,23331000,58.691780090332
"2013-12-23",99,99.2900009155273,98.3899993896484,98.5100021362305,10127600,58.5906677246094
"2013-12-24",98.3300018310547,99.4400024414062,98.3300018310547,99.2200012207031,4168300,59.0129508972168
"2013-12-26",99.4199981689453,101.029998779297,99.379997253418,100.900001525879,9531200,60.0121726989746
"2013-12-27",101.23999786377,101.73999786377,100.98999786377,101.51000213623,10209000,60.3749694824219
"2013-12-30",101.529998779297,101.550003051758,100.309997558594,100.309997558594,9007900,59.6612358093262
"2013-12-31",100.48999786377,101.389999389648,100.430000305176,101.199996948242,8509600,60.1906051635742
"2014-01-02",100.599998474121,100.76000213623,99.3899993896484,99.75,11028100,59.3281745910645
"2014-01-03",99.7699966430664,100.169998168945,99.1399993896484,99.5100021362305,9295600,59.1854438781738
"2014-01-06",99.9400024414062,100.139999389648,98.8899993896484,99.6600036621094,11848500,59.2746620178223
"2014-01-07",99.6100006103516,101.220001220703,99.4199981689453,101.069999694824,11187000,60.1132621765137
"2014-01-08",101.190002441406,101.190002441406,100.150001525879,100.73999786377,11180400,59.9169921875
"2014-01-09",100.199996948242,100.389999389648,99.0299987792969,99.7600021362305,11674300,59.3341293334961
"2014-01-10",99.9899978637695,100.629997253418,99.120002746582,100.519996643066,10535400,59.7861785888672
"2014-01-13",99.9100036621094,100.099998474121,98.2699966430664,98.5500030517578,12110900,58.6144752502441
"2014-01-14",98.8000030517578,99.2699966430664,98.6500015258789,99.120002746582,9265000,58.953483581543
"2014-01-15",99.1600036621094,99.3499984741211,98.629997253418,98.7799987792969,9425500,58.7512550354004
"2014-01-16",98.7900009155273,99.0400009155273,98.25,98.9400024414062,9421700,58.8464164733887
"2014-01-17",99.1800003051758,100.339996337891,98.6699981689453,99.1600036621094,15998000,58.9772720336914
"2014-01-21",98.5699996948242,98.8899993896484,98.0400009155273,98.5,13847300,58.5847053527832
"2014-01-22",98.879997253418,98.9499969482422,97.8399963378906,97.879997253418,11642800,58.2159614562988
"2014-01-23",97.25,97.3899993896484,96.0100021362305,96.9700012207031,15393200,57.6747207641602
"2014-01-24",96.1800003051758,96.25,94.8199996948242,94.8499984741211,14584300,56.4138221740723
"2014-01-27",95.0800018310547,95.5800018310547,94.75,94.9199981689453,12474600,56.4554557800293
"2014-01-28",95.3499984741211,95.9199981689453,94.7699966430664,95.6500015258789,10773600,56.8896293640137
"2014-01-29",94.9300003051758,96.1999969482422,94.6500015258789,95.1100006103516,13191500,56.5684509277344
"2014-01-30",94,94.9499969482422,93.0599975585938,93.9899978637695,14628400,55.9023132324219
"2014-01-31",92.8499984741211,93.2799987792969,91.6999969482422,92.1600036621094,17361400,54.813892364502
"2014-02-03",91.9199981689453,92.3099975585938,89.6399993896484,90.0500030517578,20377900,53.5589294433594
"2014-02-04",90.370002746582,90.6399993896484,89.3899993896484,90.0199966430664,17414400,53.5410957336426
"2014-02-05",90.3099975585938,90.6100006103516,89.379997253418,89.5800018310547,16393600,53.2793960571289
"2014-02-06",89.5100021362305,90.1800003051758,89.25,89.8000030517578,13646100,53.7885284423828
"2014-02-07",90.120002746582,90.629997253418,89.75,90.5800018310547,12573800,54.2557067871094
"2014-02-10",90.4499969482422,90.5299987792969,89.3600006103516,89.5199966430664,12237700,53.620792388916
"2014-02-11",89.5599975585938,91,89.4000015258789,90.8399963378906,13422800,54.4114570617676
"2014-02-12",91.0100021362305,91.8600006103516,90.6399993896484,91.0800018310547,10752400,54.5552215576172
"2014-02-13",90.5899963378906,91.6500015258789,90.4000015258789,91.4300003051758,9775300,54.7648468017578
"2014-02-14",91.8099975585938,94.4300003051758,91.5999984741211,94.1100006103516,18260400,56.3701400756836
"2014-02-18",94.0699996948242,94.7200012207031,93.3600006103516,94.0699996948242,12979300,56.3461761474609
"2014-02-19",93.8000030517578,95.2900009155273,93.8000030517578,93.9499969482422,12227800,56.274299621582
"2014-02-20",93.8499984741211,95.7699966430664,93.75,95.370002746582,14424300,57.1248512268066
"2014-02-21",95.4800033569336,95.5800018310547,94.9400024414062,95.0299987792969,11282200,56.921199798584
"2014-02-24",95.6100006103516,97.25,95.4100036621094,96.4400024414062,16012500,57.7657623291016
"2014-02-25",96.5400009155273,96.9700012207031,95.9599990844727,96.3099975585938,10663000,57.6878776550293
"2014-02-26",96.5599975585938,96.8600006103516,95.5299987792969,95.7900009155273,9087600,57.3764190673828
"2014-02-27",95.5800018310547,96.0500030517578,95.1600036621094,95.8399963378906,9101200,57.4063339233398
"2014-02-28",95.9599990844727,96.8300018310547,95.7799987792969,96.2699966430664,12651400,57.6639213562012
"2014-03-03",95.7600021362305,96.5400009155273,94.8300018310547,95.5,11896700,57.2027015686035
"2014-03-04",96.5899963378906,96.8600006103516,95.870002746582,96.5199966430664,12566100,57.8136558532715
"2014-03-05",95.1999969482422,95.2900009155273,93.4000015258789,93.8000030517578,19829600,56.184440612793
"2014-03-06",93.6699981689453,93.9400024414062,93.2699966430664,93.7600021362305,12610400,56.160472869873
"2014-03-07",94.370002746582,95.0599975585938,93.9899978637695,94.9899978637695,12659100,56.8972244262695
"2014-03-10",95.1500015258789,95.5500030517578,94.6600036621094,95.5,9964500,57.2027015686035
"2014-03-11",95.3600006103516,95.5899963378906,93.5199966430664,94.0100021362305,12143600,56.3102226257324
"2014-03-12",93.6399993896484,94.4700012207031,93.5500030517578,94.2099990844727,9705400,56.4300308227539
"2014-03-13",94.4400024414062,94.5699996948242,93.3300018310547,93.6399993896484,9872500,56.0886154174805
"2014-03-14",93.5800018310547,94.2200012207031,93.2900009155273,93.4700012207031,11723300,55.9867782592773
"2014-03-17",93.9499969482422,94.5299987792969,93.75,94.3199996948242,8676100,56.4959144592285
"2014-03-18",94.4100036621094,95.25,94.0699996948242,94.7099990844727,8757300,56.7295074462891
"2014-03-19",94.6500015258789,95.3000030517578,93.129997253418,93.7300033569336,9914700,56.1425170898438
"2014-03-20",93.4400024414062,94.7399978637695,93.0100021362305,94.5800018310547,10405000,56.6516380310059
"2014-03-21",95.0999984741211,95.9899978637695,94.3099975585938,94.3099975585938,24479800,56.4899291992188
"2014-03-24",94.7600021362305,95.0999984741211,94.4800033569336,94.6399993896484,9539800,56.6875801086426
"2014-03-25",95.0999984741211,95.8199996948242,94.8000030517578,94.9100036621094,9796600,56.8492965698242
"2014-03-26",95.5599975585938,95.5800018310547,94.4100036621094,94.6999969482422,11033300,56.7235336303711
"2014-03-27",94.6100006103516,96.5,94.0599975585938,96.2399978637695,15427500,57.6459426879883
"2014-03-28",96.4700012207031,97.9700012207031,96.4700012207031,97.6999969482422,12321800,58.5204734802246
"2014-03-31",98.4899978637695,98.8499984741211,97.3199996948242,97.6800003051758,12375200,58.508472442627
"2014-04-01",97.6500015258789,97.9300003051758,97.2799987792969,97.7300033569336,9475300,58.5384330749512
"2014-04-02",97.5299987792969,98.0599975585938,97.1800003051758,97.9499969482422,9551000,58.670223236084
"2014-04-03",97.8300018310547,98.5400009155273,97.5599975585938,97.9300003051758,10113000,58.6582374572754
"2014-04-04",98.3000030517578,98.7099990844727,97.2799987792969,97.3600006103516,12496100,58.3168182373047
"2014-04-07",97.25,97.5299987792969,96.75,96.7799987792969,10120700,57.9693908691406
"2014-04-08",97.0100021362305,97.879997253418,96.75,97.4499969482422,10243000,58.3707160949707
"2014-04-09",97.75,97.7900009155273,96.629997253418,97.3300018310547,10463900,58.2988433837891
"2014-04-10",96.9800033569336,97.7799987792969,96.2399978637695,96.7799987792969,13443400,57.9693908691406
"2014-04-11",96.5100021362305,97.4400024414062,96.2799987792969,96.7200012207031,13352500,57.933464050293
"2014-04-14",97.4899978637695,98.0599975585938,96.7399978637695,97.8600006103516,9610200,58.6163024902344
"2014-04-15",97.5800018310547,98.6999969482422,97.0699996948242,98.6800003051758,12961600,59.1074714660645
"2014-04-16",99.0500030517578,100.099998474121,98.9700012207031,99.9400024414062,12508100,59.8621864318848
"2014-04-17",99.6900024414062,100.970001220703,99.6900024414062,100.419998168945,15435700,60.1496810913086
"2014-04-21",100.029998779297,100.930000305176,99.8899993896484,100.930000305176,8002100,60.4551811218262
"2014-04-22",100.529998779297,100.860000610352,100.220001220703,100.370002746582,8212100,60.1197547912598
"2014-04-23",100.589996337891,100.949996948242,100.330001831055,100.5,8686000,60.1976165771484
"2014-04-24",100.480003356934,100.599998474121,99.8600006103516,100.01000213623,9057800,59.9041175842285
"2014-04-25",99.9899978637695,100.569999694824,99.9300003051758,100.410003662109,10391500,60.1437072753906
"2014-04-28",100.720001220703,101.459999084473,100.309997558594,101.169998168945,12710800,60.598934173584
"2014-04-29",101.569999694824,102.569999694824,101.230003356934,101.449996948242,10094600,60.7666358947754
"2014-04-30",101.129997253418,102.410003662109,100.709999084473,102.410003662109,13966700,61.3416709899902
"2014-05-01",101.959999084473,102.389999389648,101.199996948242,101.410003662109,11161700,60.7426719665527
"2014-05-02",101.279998779297,102.910003662109,100.980003356934,102.01000213623,11168100,61.1020965576172
"2014-05-05",101.690002441406,103.129997253418,101.580001831055,102.910003662109,7614200,61.6411552429199
"2014-05-06",102.599998474121,103.300003051758,102.410003662109,102.669998168945,9669800,61.4973907470703
"2014-05-07",103.120002746582,103.449996948242,102.790000915527,103.110000610352,11007400,61.7609405517578
"2014-05-08",103.089996337891,103.290000915527,102.169998168945,102.319999694824,8922500,61.2877616882324
"2014-05-09",101.709999084473,102.180000305176,101.26000213623,101.949996948242,8948800,61.4807434082031
"2014-05-12",102.330001831055,102.349998474121,101.529998779297,102.230003356934,8830500,61.6495933532715
"2014-05-13",102.180000305176,102.709999084473,101.940002441406,102.360000610352,7528800,61.7279853820801
"2014-05-14",102.360000610352,102.680000305176,102.110000610352,102.290000915527,6999200,61.6857643127441
"2014-05-15",102,102.419998168945,100.330001831055,100.779998779297,13658700,60.7751617431641
"2014-05-16",100.589996337891,101,100.319999694824,100.73999786377,10369200,60.751049041748
"2014-05-19",100.419998168945,101.110000610352,100.419998168945,100.870002746582,5851400,60.8294715881348
"2014-05-20",100.690002441406,101.080001831055,100.449996948242,100.669998168945,6134100,60.7088241577148
"2014-05-21",100.849998474121,102.220001220703,100.720001220703,102.029998779297,7747900,61.5289688110352
"2014-05-22",101.809997558594,101.970001220703,101.470001220703,101.5,5304300,61.209358215332
"2014-05-23",101.550003051758,101.930000305176,101.269996643066,101.319999694824,5410900,61.1008224487305
"2014-05-27",101.610000610352,101.900001525879,100.930000305176,101.360000610352,8359700,61.1249313354492
"2014-05-28",101.230003356934,102.069999694824,101.050003051758,101.059997558594,7586700,60.9440231323242
"2014-05-29",101.540000915527,101.650001525879,101.019996643066,101.269996643066,6113700,61.0706520080566
"2014-05-30",100.800003051758,101.150001525879,100.370002746582,100.529998779297,11499000,60.6244277954102
"2014-06-02",100.529998779297,100.879997253418,99.6699981689453,99.9400024414062,7761300,60.2686080932617
"2014-06-03",99.5899963378906,100.690002441406,99.5899963378906,100.389999389648,9384200,60.5400009155273
"2014-06-04",100.209999084473,100.459999084473,99.9599990844727,100.040000915527,7148800,60.3288879394531
"2014-06-05",100.099998474121,100.830001831055,99.9599990844727,100.550003051758,12296100,60.6364631652832
"2014-06-06",100.610000610352,101.629997253418,100.599998474121,101.599998474121,9340900,61.269660949707
"2014-06-09",101.449996948242,101.959999084473,101.190002441406,101.519996643066,6404800,61.2214126586914
"2014-06-10",101.480003356934,101.730003356934,101,101.459999084473,7917500,61.1852416992188
"2014-06-11",101.190002441406,102.330001831055,101,101.949996948242,10270300,61.4807434082031
"2014-06-12",102.459999084473,102.949996948242,101.569999694824,101.660003662109,11421000,61.3058471679688
"2014-06-13",101.930000305176,102.660003662109,101.629997253418,102.650001525879,8240300,61.9028396606445
"2014-06-16",102.569999694824,103.25,102.169998168945,102.919998168945,8977600,62.0656967163086
"2014-06-17",102.580001831055,102.589996337891,101.449996948242,102.419998168945,9355400,61.76416015625
"2014-06-18",102.569999694824,102.949996948242,102.059997558594,102.730003356934,9575100,61.9511070251465
"2014-06-19",102.610000610352,102.839996337891,101.680000305176,102.629997253418,11105600,61.8907852172852
"2014-06-20",103.279998779297,104.059997558594,102.940002441406,103.830001831055,17674400,62.6144523620605
"2014-06-23",104.110000610352,104.610000610352,103.879997253418,104.379997253418,8553700,62.9461441040039
"2014-06-24",104.180000305176,104.470001220703,102.470001220703,102.730003356934,9708400,61.9511070251465
"2014-06-25",102.339996337891,102.620002746582,101.529998779297,102.139999389648,10714800,61.5953178405762
"2014-06-26",101.940002441406,102.379997253418,100.849998474121,102.029998779297,8424200,61.5289688110352
"2014-06-27",101.669998168945,101.790000915527,100.660003662109,101.209999084473,15147400,61.0344924926758
"2014-06-30",101.209999084473,101.269996643066,100.519996643066,100.680000305176,9454800,60.7148590087891
"2014-07-01",101.150001525879,101.589996337891,100.790000915527,101.360000610352,8399600,61.1249313354492
"2014-07-02",101.150001525879,101.639999389648,101.040000915527,101.569999694824,6954400,61.2515640258789
"2014-07-03",101.949996948242,103.269996643066,101.680000305176,102.589996337891,6922600,61.8666877746582
"2014-07-07",102.330001831055,102.650001525879,102.019996643066,102.650001525879,7979600,61.9028396606445
"2014-07-08",102.330001831055,103.230003356934,102.169998168945,102.830001831055,9613600,62.0114212036133
"2014-07-09",102.959999084473,103.690002441406,102.809997558594,103.550003051758,7655300,62.4456253051758
"2014-07-10",102.879997253418,103.069999694824,102.040000915527,102.569999694824,8533700,61.8546409606934
"2014-07-11",102.400001525879,102.5,101.319999694824,101.73999786377,7680800,61.3540802001953
"2014-07-14",102.169998168945,103.080001831055,102.160003662109,102.680000305176,8253100,61.920970916748
"2014-07-15",102.529998779297,102.599998474121,101.73999786377,102.389999389648,8755800,61.7460861206055
"2014-07-16",102.559997558594,103.790000915527,102.540000915527,103.769996643066,8870200,62.5782928466797
"2014-07-17",103.379997253418,103.889999389648,102.290000915527,102.309997558594,8145700,61.6978416442871
"2014-07-18",102.690002441406,102.959999084473,101.860000610352,102.730003356934,8208300,61.9511070251465
"2014-07-21",102.360000610352,103.190002441406,102.059997558594,103.080001831055,6632400,62.1621894836426
"2014-07-22",103.639999389648,104.190002441406,103.5,103.540000915527,7426300,62.4395751953125
"2014-07-23",103.639999389648,104.449996948242,103.529998779297,104.25,7007200,62.8677558898926
"2014-07-24",104.419998168945,104.720001220703,103.949996948242,104.279998779297,7943000,62.8858337402344
"2014-07-25",103.930000305176,103.98999786377,102.959999084473,103.180000305176,7775500,62.2225036621094
"2014-07-28",103.290000915527,104.519996643066,102.830001831055,104.370002746582,9197800,62.9401168823242
"2014-07-29",104.209999084473,104.76000213623,103.519996643066,103.550003051758,8055400,62.4456253051758
"2014-07-30",103.730003356934,104.150001525879,102.569999694824,103.25,11072100,62.2646827697754
"2014-07-31",101.980003356934,101.980003356934,98.9300003051758,98.9400024414062,18291800,59.6655540466309
"2014-08-01",98.620002746582,99.5500030517578,98.1800003051758,98.8000030517578,14915000,59.5811462402344
"2014-08-04",98.7399978637695,100.430000305176,98.3099975585938,100.129997253418,12148200,60.3831939697266
"2014-08-05",99.4800033569336,99.5400009155273,97.7799987792969,98.1999969482422,13069400,59.219310760498
"2014-08-06",98.1999969482422,99.6500015258789,98.1999969482422,98.9800033569336,9911300,59.6896820068359
"2014-08-07",99.7699966430664,99.8399963378906,97.629997253418,98.2699966430664,10017100,59.2615203857422
"2014-08-08",98.8099975585938,99.7900009155273,98.3199996948242,99.7399978637695,11199300,60.1479949951172
"2014-08-11",99.2799987792969,99.4199981689453,98.5400009155273,98.7300033569336,8589600,59.9536933898926
"2014-08-12",98.2099990844727,98.6900024414062,97.8199996948242,98.4899978637695,9583700,59.8079490661621
"2014-08-13",98.8199996948242,99.3099975585938,98.4800033569336,99.0899963378906,7645800,60.172306060791
"2014-08-14",99.0999984741211,99.2799987792969,98.5999984741211,99.0899963378906,6547300,60.172306060791
"2014-08-15",99.2399978637695,99.4300003051758,98.1399993896484,99.0299987792969,9226900,60.1358642578125
"2014-08-18",99.2799987792969,99.5299987792969,99.0999984741211,99.5199966430664,7135400,60.433406829834
"2014-08-19",99.5,99.9499969482422,99.4300003051758,99.4899978637695,8888100,60.4151916503906
"2014-08-20",99.5500030517578,99.9000015258789,99.0400009155273,99.6999969482422,6751800,60.5426826477051
"2014-08-21",99.8000030517578,100.069999694824,99.2600021362305,99.2799987792969,6826200,60.2876663208008
"2014-08-22",98.8899993896484,98.9800033569336,98.0800018310547,98.5,8095000,59.814037322998
"2014-08-25",98.8099975585938,98.9000015258789,98.5,98.75,7569800,59.9658203125
"2014-08-26",99.120002746582,100.309997558594,99.0199966430664,99.6399993896484,8536500,60.5062789916992
"2014-08-27",99.7799987792969,99.9599990844727,99.0899963378906,99.5299987792969,5848700,60.4394874572754
"2014-08-28",99.0400009155273,99.7399978637695,99.0100021362305,99.5699996948242,6072700,60.4637718200684
"2014-08-29",99.379997253418,99.6699981689453,98.7200012207031,99.4599990844727,8873700,60.3969650268555
"2014-09-02",99.4300003051758,99.5899963378906,97.8099975585938,98.4899978637695,8957100,59.8079490661621
"2014-09-03",98.8600006103516,99.5899963378906,98.8600006103516,99.1100006103516,8475100,60.1844444274902
"2014-09-04",99,99.4499969482422,97.9700012207031,98.3600006103516,9662900,59.7289962768555
"2014-09-05",98.7399978637695,99.3000030517578,98.1100006103516,99.2600021362305,9476900,60.2755241394043
"2014-09-08",98.9199981689453,98.9199981689453,97.4499969482422,97.7699966430664,10080100,59.3707122802734
"2014-09-09",97.6900024414062,98.0299987792969,96.9599990844727,97.3899993896484,9756400,59.1399574279785
"2014-09-10",97.3600006103516,97.5299987792969,95.8300018310547,96.8099975585938,12113700,58.7877731323242
"2014-09-11",96.3199996948242,97.120002746582,95.8199996948242,97.0299987792969,10181100,58.9213829040527
"2014-09-12",96.5299987792969,96.5899963378906,95.629997253418,95.7799987792969,10257500,58.1623077392578
"2014-09-15",95.7300033569336,96.4000015258789,95.4000015258789,96.2900009155273,10689400,58.4719924926758
"2014-09-16",96.2300033569336,98.0500030517578,96.0199966430664,97.4300003051758,11574100,59.1642761230469
"2014-09-17",97.9100036621094,97.9300003051758,96.8000030517578,97.0800018310547,8774200,58.9517250061035
"2014-09-18",97.1500015258789,97.3199996948242,96.4800033569336,96.6100006103516,8636600,58.6663208007812
"2014-09-19",97.0800018310547,97.5599975585938,96.870002746582,97.120002746582,18178100,58.9760322570801
"2014-09-22",96.9000015258789,97,96.2699966430664,96.5400009155273,8816900,58.6238021850586
"2014-09-23",96.2799987792969,97.1600036621094,96.0299987792969,96.0299987792969,10300700,58.3140869140625
"2014-09-24",95.870002746582,96.25,94.8399963378906,95.8199996948242,12200000,58.1865844726562
"2014-09-25",95.6600036621094,95.8899993896484,94.1999969482422,94.25,12854200,57.233226776123
"2014-09-26",94.3300018310547,95.7600021362305,93.8000030517578,95.4300003051758,11256800,57.9497604370117
"2014-09-29",94.7099990844727,94.7799987792969,93.8000030517578,94.4300003051758,14015000,57.3425102233887
"2014-09-30",94.1100006103516,94.8099975585938,93.620002746582,94.0500030517578,15576500,57.1117553710938
"2014-10-01",94.1100006103516,94.5400009155273,92.7200012207031,92.8600006103516,14028600,56.3891410827637
"2014-10-02",92.3899993896484,93.9000015258789,92.0599975585938,93.3000030517578,13756500,56.6563262939453
"2014-10-03",93.5999984741211,94.1100006103516,92.5800018310547,93.9199981689453,11563000,57.0328254699707
"2014-10-06",94.0100021362305,95.3300018310547,93.9100036621094,94.5199966430664,10595400,57.3971481323242
"2014-10-07",94.2699966430664,95.1900024414062,93.3300018310547,93.370002746582,10787900,56.6988182067871
"2014-10-08",93.4199981689453,94.8300018310547,92.4199981689453,94.6100006103516,15583700,57.4518165588379
"2014-10-09",94.0500030517578,94.4899978637695,91.629997253418,91.8199996948242,17915600,55.7575950622559
"2014-10-10",92.4400024414062,93.2699966430664,90.9000015258789,91.5999984741211,18173100,55.6240043640137
"2014-10-13",91.3199996948242,92.5299987792969,90.7600021362305,90.8399963378906,14451100,55.162483215332
"2014-10-14",91.4899978637695,92.2300033569336,90.0599975585938,90.5500030517578,23120500,54.9863967895508
"2014-10-15",89,90.6100006103516,86.9100036621094,90.2200012207031,24703500,54.7859878540039
"2014-10-16",88.5800018310547,91.2699966430664,88.1800003051758,90.5999984741211,25212600,55.0167465209961
"2014-10-17",91.129997253418,92.25,90.5,91.2099990844727,18189200,55.3871574401855
"2014-10-20",90.629997253418,91.8899993896484,90.629997253418,91.7699966430664,10821700,55.727222442627
"2014-10-21",92.8600006103516,94.0299987792969,92.3600006103516,93.6500015258789,15757000,56.8688583374023
"2014-10-22",93.9599990844727,94.5899963378906,92.9800033569336,93.129997253418,12733600,56.553092956543
"2014-10-23",94.3099975585938,94.9800033569336,93.870002746582,94.1100006103516,11345100,57.1481895446777
"2014-10-24",94.1900024414062,94.5299987792969,93.2200012207031,94.4899978637695,9734100,57.3789291381836
"2014-10-27",93.8499984741211,93.8499984741211,92.7699966430664,93.7099990844727,11387700,56.9052963256836
"2014-10-28",94.4400024414062,95.1999969482422,93.9300003051758,95.0999984741211,12564100,57.749382019043
"2014-10-29",95.4199981689453,95.9800033569336,93.620002746582,94.5899963378906,12409100,57.4396629333496
"2014-10-30",93.870002746582,94.6699981689453,93.2200012207031,94.4499969482422,9767900,57.3546676635742
"2014-10-31",94.9899978637695,96.8899993896484,94.3099975585938,96.7099990844727,17493700,58.7270393371582
"2014-11-03",96.5599975585938,97.0999984741211,94.8000030517578,95.2600021362305,13410000,57.8465309143066
"2014-11-04",94.5,94.8899993896484,93.8899993896484,94.5199966430664,13498500,57.3971481323242
"2014-11-05",95.3600006103516,95.7699966430664,94.6500015258789,95.0699996948242,12480000,57.731143951416
"2014-11-06",95.1800003051758,96.4199981689453,94.2799987792969,96.2600021362305,14731400,58.4537811279297
"2014-11-07",95.8000030517578,97.1600036621094,95.7200012207031,96.5899963378906,13233500,59.0776214599609
"2014-11-10",96.870002746582,97.0999984741211,96.0699996948242,96.2799987792969,9087600,58.8880424499512
"2014-11-11",95.7799987792969,96.5100021362305,95.6100006103516,96.4100036621094,7990000,58.9675445556641
"2014-11-12",95.9000015258789,96.4000015258789,95.1100006103516,95.379997253418,11592800,58.3375511169434
"2014-11-13",94.9599990844727,95.2099990844727,93.8300018310547,94.6600036621094,12355400,57.8972091674805
"2014-11-14",94.870002746582,95.1100006103516,94.6500015258789,95.0899963378906,9352500,58.1601982116699
"2014-11-17",94.8499984741211,95.1399993896484,94.1900024414062,95.1100006103516,8704400,58.172420501709
"2014-11-18",95.0800018310547,95.75,94.5299987792969,94.870002746582,9263200,58.0256309509277
"2014-11-19",95.0800018310547,95.7399978637695,94.129997253418,95.6100006103516,8333200,58.4782333374023
"2014-11-20",95.370002746582,95.9000015258789,95.2600021362305,95.8199996948242,8422400,58.6066856384277
"2014-11-21",97.1999969482422,97.1999969482422,96.0999984741211,96.8099975585938,12374900,59.2122001647949
"2014-11-24",96.3399963378906,96.8000030517578,95.25,95.7200012207031,10172400,58.5455131530762
"2014-11-25",96.0100021362305,96.0299987792969,94.370002746582,94.7799987792969,13747400,57.970573425293
"2014-11-26",94.6399993896484,95.129997253418,94.3600006103516,94.4800033569336,9822100,57.7870788574219
"2014-11-28",91.5,91.8499984741211,90.1100006103516,90.5400009155273,19556700,55.3772773742676
"2014-12-01",90.3600006103516,92.870002746582,90.2799987792969,92.3499984741211,27584200,56.4843101501465
"2014-12-02",92.3199996948242,94.6699981689453,92.0100021362305,94.1900024414062,20885300,57.6097145080566
"2014-12-03",94.6699981689453,95.3300018310547,94,94.9499969482422,16220400,58.0745468139648
"2014-12-04",94.129997253418,94.6100006103516,93.0699996948242,94.370002746582,12868600,57.7198219299316
"2014-12-05",93.9499969482422,94.5899963378906,93.3499984741211,93.8199996948242,11831900,57.3834114074707
"2014-12-08",92.9000015258789,93.129997253418,91.370002746582,91.6999969482422,15735900,56.0867576599121
"2014-12-09",91.2300033569336,92.0599975585938,90.7600021362305,91.379997253418,15883800,55.8910331726074
"2014-12-10",90.7200012207031,90.7300033569336,88.1999969482422,88.6699981689453,22279400,54.233512878418
"2014-12-11",88.8600006103516,91.5400009155273,88.8499984741211,89.1999969482422,21522200,54.5576667785645
"2014-12-12",88.7099990844727,89,86.5999984741211,86.5999984741211,24568300,52.9674415588379
"2014-12-15",87.5299987792969,88.5999984741211,86.5,86.9000015258789,21373600,53.1509208679199
"2014-12-16",86.379997253418,89.1999969482422,86.1900024414062,86.4100036621094,26372400,52.8512115478516
"2014-12-17",87.2399978637695,89.9000015258789,87.1500015258789,89.0199966430664,23323000,54.4475593566895
"2014-12-18",90.370002746582,91.1600036621094,88.4000015258789,91.1600036621094,22882700,55.7564811706543
"2014-12-19",90.2099990844727,93.6399993896484,89.6100006103516,93.6399993896484,38469000,57.2733154296875
"2014-12-22",92.9599990844727,93.6699981689453,92.4499969482422,93.3300018310547,17871800,57.0837364196777
"2014-12-23",93.5199966430664,95.1800003051758,93.0500030517578,94.5899963378906,13706500,57.8543701171875
"2014-12-24",94.2200012207031,94.25,92.9800033569336,93.7799987792969,6875700,57.358959197998
"2014-12-26",93.9899978637695,94.4300003051758,92.620002746582,93.2099990844727,10585000,57.0103340148926
"2014-12-29",93.3300018310547,93.8600006103516,92.8899993896484,93.0699996948242,9892100,56.9246940612793
"2014-12-30",92.7699966430664,93.3899993896484,92.5100021362305,93.0199966430664,8743400,56.8941345214844
"2014-12-31",92.4199981689453,93.129997253418,92.0599975585938,92.4499969482422,11337200,56.5454750061035
"2015-01-02",92.25,93.0500030517578,91.8099975585938,92.8300018310547,10220400,56.7779273986816
"2015-01-05",92.0999984741211,92.4000015258789,89.5,90.2900009155273,18502400,55.2243728637695
"2015-01-06",90.2399978637695,91.4100036621094,89.0199966430664,89.8099975585938,16670700,54.930778503418
"2015-01-07",90.6500015258789,91.4800033569336,90,90.7200012207031,13590700,55.4873580932617
"2015-01-08",91.25,92.2699966430664,91,92.2300033569336,15487500,56.4109191894531
"2015-01-09",92.3000030517578,92.7799987792969,91.370002746582,92.0999984741211,14488400,56.3314018249512
"2015-01-12",91.2399978637695,91.3399963378906,89.8199996948242,90.3300018310547,15176300,55.2488288879395
"2015-01-13",90.879997253418,91.4300003051758,89.1100006103516,90,17469000,55.0469741821289
"2015-01-14",88.9499969482422,89.8899993896484,87.2600021362305,89.7399978637695,23272100,54.8879661560059
"2015-01-15",90.4300003051758,90.6600036621094,88.5100021362305,88.9599990844727,18759600,54.4108695983887
"2015-01-16",88.9800033569336,91.1900024414062,88.9800033569336,91.120002746582,17713100,55.732006072998
"2015-01-20",91.1399993896484,91.7799987792969,90.379997253418,91.0899963378906,16761000,55.7136650085449
"2015-01-21",91.7399978637695,91.9899978637695,91.0100021362305,91.870002746582,14276400,56.1907501220703
"2015-01-22",92.3099975585938,92.9700012207031,91.3199996948242,92.870002746582,13559000,56.802360534668
"2015-01-23",92.2799987792969,92.4800033569336,90.7900009155273,90.8899993896484,14706300,55.5913238525391
"2015-01-26",90.6100006103516,91.9400024414062,90.4700012207031,91.7600021362305,10672500,56.1234436035156
"2015-01-27",91.2399978637695,91.5999984741211,90.5999984741211,90.9499969482422,12301500,55.6280517578125
"2015-01-28",90.879997253418,90.9300003051758,87.8199996948242,87.9499969482422,17829700,53.7931251525879
"2015-01-29",88.2200012207031,88.2600021362305,86.0299987792969,87.5800018310547,22683000,53.5668411254883
"2015-01-30",87.1600036621094,88.4199981689453,86.25,87.4199981689453,22679900,53.4689712524414
"2015-02-02",87.8499984741211,89.5899963378906,87.5,89.5800018310547,20306300,54.7901000976562
"2015-02-03",90.9000015258789,92.3300018310547,90.8099975585938,92.25,21900900,56.4231605529785
"2015-02-04",91.6399993896484,92.2699966430664,90.5100021362305,91.4599990844727,19632200,55.9399528503418
"2015-02-05",92.3899993896484,92.5400009155273,91.6999969482422,92.3600006103516,12809000,56.4904289245605
"2015-02-06",92.0999984741211,92.2799987792969,90.9599990844727,91.5,12331200,56.3856735229492
"2015-02-09",91.4000015258789,92.2900009155273,91.2399978637695,91.5599975585938,11360700,56.422664642334
"2015-02-10",91.7399978637695,91.7399978637695,90.3000030517578,91.0100021362305,12952900,56.0837211608887
"2015-02-11",90.0199966430664,90.8300018310547,89.7900009155273,90.5999984741211,12240600,55.8310508728027
"2015-02-12",91.4599990844727,92.6600036621094,91.0199966430664,92.370002746582,14843000,56.921817779541
"2015-02-13",92.6999969482422,93.4499969482422,92.2799987792969,93.370002746582,12061000,57.5380516052246
"2015-02-17",92.75,93.0699996948242,92.2900009155273,93.0500030517578,11758700,57.3408546447754
"2015-02-18",91.9899978637695,91.9899978637695,90.3899993896484,91.0100021362305,19177900,56.0837211608887
"2015-02-19",89.6399993896484,90.4199981689453,88.5800018310547,89.4400024414062,19350600,55.1162414550781
"2015-02-20",89.4000015258789,89.9400024414062,88.8499984741211,89.9199981689453,15959900,55.4120292663574
"2015-02-23",89.2600021362305,89.5500030517578,88.7399978637695,89.0100021362305,12771800,54.851245880127
"2015-02-24",89.3300018310547,89.7799987792969,89.129997253418,89.4199981689453,9990700,55.1039085388184
"2015-02-25",89.5699996948242,89.6999969482422,89.0800018310547,89.5999984741211,9925700,55.2148208618164
"2015-02-26",89.129997253418,89.1800003051758,88.0800018310547,88.6500015258789,13984000,54.6293983459473
"2015-02-27",88.8899993896484,89.2799987792969,88.3399963378906,88.5400009155273,13090600,54.5616073608398
"2015-03-02",88.3399963378906,88.5199966430664,87.3499984741211,88.0400009155273,13793700,54.2534942626953
"2015-03-03",87.9300003051758,88.0199966430664,87.129997253418,87.620002746582,13493800,53.9946746826172
"2015-03-04",87.9599990844727,87.9599990844727,86.9300003051758,87.1800003051758,13467600,53.7235488891602
"2015-03-05",87.0699996948242,87.1900024414062,86.5199966430664,86.7399978637695,12527600,53.4523887634277
"2015-03-06",86.4100036621094,86.5999984741211,85.3199996948242,85.629997253418,16070500,52.7683601379395
"2015-03-09",86.120002746582,86.379997253418,85.120002746582,85.1600036621094,14503800,52.4787330627441
"2015-03-10",84.8199996948242,85.5299987792969,84.2399978637695,84.2600021362305,17195500,51.9241180419922
"2015-03-11",84.9300003051758,84.9300003051758,84,84.0199966430664,13004700,51.7762145996094
"2015-03-12",84.4300003051758,84.7200012207031,84.0599975585938,84.2200012207031,10792900,51.8994827270508
"2015-03-13",83.9000015258789,84.1800003051758,82.6800003051758,83.870002746582,16799900,51.683780670166
"2015-03-16",83.7099990844727,84.8600006103516,83.2699966430664,84.7600021362305,13516200,52.232234954834
"2015-03-17",84.5400009155273,84.8499984741211,84.0199966430664,84.0800018310547,12979700,51.8131942749023
"2015-03-18",83.5400009155273,86.370002746582,83.4300003051758,86.0699996948242,18745700,53.0395088195801
"2015-03-19",85.1900024414062,85.5,84.3300018310547,84.4100036621094,12738500,52.0165596008301
"2015-03-20",84.6699981689453,85.4000015258789,84.3899993896484,84.5400009155273,36083500,52.0966682434082
"2015-03-23",85.0199966430664,85.7799987792969,85.0100021362305,85.4300003051758,17450700,52.6451148986816
"2015-03-24",85.3000030517578,85.7799987792969,84.5,84.5199966430664,10174300,52.084342956543
"2015-03-25",85.0500030517578,85.5699996948242,84.7699966430664,84.8600006103516,11934700,52.2938613891602
"2015-03-26",85.3000030517578,85.5699996948242,84.0899963378906,84.3199996948242,14400700,51.9610900878906
"2015-03-27",84.0400009155273,84.0500030517578,83.3300018310547,83.5800018310547,11579300,51.5050735473633
"2015-03-30",84.2699966430664,85.8199996948242,84.25,85.629997253418,15653200,52.7683601379395
"2015-03-31",84.8499984741211,85.3399963378906,84.4599990844727,85,13354000,52.3801422119141
"2015-04-01",85.6999969482422,86,84.2600021362305,84.4599990844727,14522300,52.0473785400391
"2015-04-02",84.0899963378906,84.9400024414062,83.8499984741211,84.3000030517578,11297400,51.9487686157227
"2015-04-06",85.1500015258789,85.6399993896484,84.1999969482422,85.129997253418,10916400,52.4602355957031
"2015-04-07",85.0100021362305,86.1699981689453,84.7600021362305,85.75,11836100,52.8423233032227
"2015-04-08",85.8000030517578,85.9000015258789,84.0199966430664,84.0599975585938,16257100,51.8008766174316
"2015-04-09",84,84.7300033569336,83.8099975585938,84.6500015258789,13281800,52.1644706726074
"2015-04-10",85.370002746582,86.0400009155273,84.7699966430664,85.5599975585938,13372400,52.7252235412598
"2015-04-13",85.9199981689453,86.25,85.2399978637695,85.3399963378906,9880500,52.5896492004395
"2015-04-14",85.5999984741211,87.4800033569336,85.5299987792969,86.629997253418,15693800,53.3845748901367
"2015-04-15",87.1399993896484,88.5299987792969,87.1399993896484,88.0800018310547,15332800,54.278133392334
"2015-04-16",87.879997253418,88.1600036621094,87.1100006103516,87.7300033569336,9570800,54.0624618530273
"2015-04-17",87.1399993896484,87.3600006103516,86.1600036621094,86.9300003051758,14430100,53.569465637207
"2015-04-20",87.129997253418,88.0999984741211,87.0800018310547,87.2399978637695,11593600,53.7604942321777
"2015-04-21",87.379997253418,87.620002746582,86.6900024414062,86.879997253418,10100500,53.5386581420898
"2015-04-22",87.0400009155273,87.8000030517578,86.3399963378906,87.4599990844727,8663600,53.8960838317871
"2015-04-23",87.3600006103516,88.379997253418,87.3099975585938,87.5400009155273,9866100,53.945384979248
"2015-04-24",87.1900024414062,87.3600006103516,86.6600036621094,86.9700012207031,8405700,53.5941200256348
"2015-04-27",87.4100036621094,87.5999984741211,86.7600021362305,87.0100021362305,10534600,53.618782043457
"2015-04-28",87.2200012207031,87.8600006103516,87.0400009155273,87.8000030517578,9633800,54.1056098937988
"2015-04-29",87.5,88.0699996948242,86.9599990844727,87.870002746582,12534100,54.148754119873
"2015-04-30",88.6699981689453,88.6699981689453,87.2200012207031,87.370002746582,13947700,53.8406181335449
"2015-05-01",87.8499984741211,88.9499969482422,87.6999969482422,88.8499984741211,12257100,54.7526397705078
"2015-05-04",89.4199981689453,89.879997253418,88.9499969482422,89.1100006103516,10343700,54.9128684997559
"2015-05-05",89.9700012207031,90.0899963378906,88.5199966430664,88.6100006103516,11895000,54.604736328125
"2015-05-06",89.6500015258789,89.9599990844727,87.7900009155273,88.1900024414062,11273500,54.3459358215332
"2015-05-07",88,88.0999984741211,86.9199981689453,87.5999984741211,9992500,53.982364654541
"2015-05-08",88.4700012207031,89.0699996948242,87.8199996948242,88.9899978637695,11390300,54.8389205932617
"2015-05-11",88.5299987792969,88.5699996948242,86.6500015258789,86.7799987792969,11997800,53.919361114502
"2015-05-12",86.8899993896484,87.4599990844727,86.4199981689453,87.0199966430664,9788900,54.0684661865234
"2015-05-13",87.2799987792969,87.7300033569336,86.4000015258789,86.5599975585938,8629400,53.7826766967773
"2015-05-14",86.9300003051758,87.3399963378906,86.75,86.9700012207031,8791300,54.0374069213867
"2015-05-15",86.8000030517578,87.620002746582,86.5999984741211,87.3499984741211,8422200,54.2735214233398
"2015-05-18",87.3099975585938,87.4599990844727,86.7799987792969,86.8499984741211,6395400,53.9628372192383
"2015-05-19",86.4700012207031,87.2099990844727,86.2099990844727,86.9899978637695,9777100,54.0498237609863
"2015-05-20",87.3899993896484,87.4000015258789,86.9100036621094,87.129997253418,7276600,54.1368141174316
"2015-05-21",87.2799987792969,87.4400024414062,86.9599990844727,87.2099990844727,8357400,54.1865234375
"2015-05-22",86.9899978637695,87.0999984741211,86.5,86.5199966430664,7598400,53.7578086853027
"2015-05-26",86.0400009155273,86.370002746582,85.0299987792969,85.3499984741211,11289000,53.030834197998
"2015-05-27",85.3000030517578,85.8899993896484,84.7699966430664,85.1100006103516,10778300,52.8817100524902
"2015-05-28",85.1100006103516,85.5699996948242,84.8199996948242,85.1100006103516,8038900,52.8817100524902
"2015-05-29",85.0999984741211,85.5800018310547,84.879997253418,85.1999969482422,14631300,52.937629699707
"2015-06-01",85.25,85.4700012207031,84.8000030517578,85.129997253418,9077500,52.8941345214844
"2015-06-02",85.120002746582,85.5899963378906,84.9100036621094,85.1399993896484,9328300,52.9003486633301
"2015-06-03",85.2300033569336,85.8399963378906,84.8600006103516,84.9499969482422,8179500,52.782299041748
"2015-06-04",84.6999969482422,84.8899993896484,83.7799987792969,84.2200012207031,12607300,52.328742980957
"2015-06-05",84.129997253418,85,83.9800033569336,84.2799987792969,11388500,52.3660202026367
"2015-06-08",84.1800003051758,85.2099990844727,83.9300003051758,84.8499984741211,12244700,52.7201805114746
"2015-06-09",85.2900009155273,85.4300003051758,84.4899978637695,84.5800018310547,8105500,52.5524215698242
"2015-06-10",85.8399963378906,85.9700012207031,85,85.2099990844727,10147000,52.94384765625
"2015-06-11",85.3000030517578,85.6999969482422,84.8899993896484,85.0899963378906,7759300,52.8693084716797
"2015-06-12",84.5800018310547,84.6800003051758,83.8600006103516,84.0199966430664,8347300,52.204460144043
"2015-06-15",83.5299987792969,83.9800033569336,83.1900024414062,83.7200012207031,9563900,52.0180778503418
"2015-06-16",83.8099975585938,84.75,83.4000015258789,84.6800003051758,9100100,52.6145553588867
"2015-06-17",85.0299987792969,85.129997253418,84.4100036621094,84.7300033569336,9090200,52.6456146240234
"2015-06-18",84.8000030517578,85.9599990844727,84.7200012207031,85.4800033569336,10247800,53.1116218566895
"2015-06-19",84.9199981689453,85.4800033569336,84.9199981689453,85.2099990844727,16129600,52.94384765625
"2015-06-22",85.3899993896484,85.5999984741211,84.9700012207031,85.1699981689453,9465100,52.9189987182617
"2015-06-23",85.2200012207031,85.2799987792969,84.5899963378906,85.0699996948242,10223900,52.8568572998047
"2015-06-24",84.8899993896484,85.3399963378906,84.6600036621094,84.6800003051758,11800100,52.6145553588867
"2015-06-25",84.8499984741211,84.8499984741211,83.9300003051758,83.9300003051758,10259400,52.1485443115234
"2015-06-26",83.8300018310547,84.0999984741211,83.4899978637695,83.8600006103516,19023300,52.1050415039062
"2015-06-29",83.0500030517578,83.4499969482422,82.8000030517578,82.8199996948242,11739200,51.4588737487793
"2015-06-30",83.7399978637695,84.9000015258789,82.8000030517578,83.1999969482422,14981100,51.6949653625488
"2015-07-01",83.2799987792969,83.5299987792969,82.1100006103516,82.370002746582,13529100,51.179271697998
"2015-07-02",82.7900009155273,83.2799987792969,82.5500030517578,83.1399993896484,9188000,51.6576995849609
"2015-07-06",82.4199981689453,83.0599975585938,82.120002746582,82.5299987792969,11694400,51.2786750793457
"2015-07-07",82.1900024414062,83.2300033569336,81.4899978637695,82.870002746582,15641500,51.489917755127
"2015-07-08",82.25,82.9800033569336,81.9100036621094,81.9700012207031,10057000,50.9307250976562
"2015-07-09",82.870002746582,83.1500015258789,81.5800018310547,81.5999984741211,11980500,50.7008209228516
"2015-07-10",82.0899963378906,82.4899978637695,81.7200012207031,82.2200012207031,8628700,51.0860710144043
"2015-07-13",82.1100006103516,82.6100006103516,82.0699996948242,82.4199981689453,8026700,51.2103385925293
"2015-07-14",82.379997253418,83.3199996948242,82.2600021362305,83.1100006103516,9310200,51.6390533447266
"2015-07-15",82.6100006103516,83.4199981689453,82.4000015258789,82.7600021362305,9289200,51.4215621948242
"2015-07-16",83.1800003051758,83.4800033569336,82.8000030517578,82.9100036621094,8267600,51.514778137207
"2015-07-17",82.5100021362305,82.8399963378906,81.7900009155273,82.6100006103516,12156000,51.3284034729004
"2015-07-20",82.1500015258789,82.4100036621094,81.5999984741211,81.7600021362305,12957100,50.8002471923828
"2015-07-21",81.9300003051758,82.4300003051758,81.4300003051758,81.6600036621094,8677100,50.7381286621094
"2015-07-22",82.3499984741211,82.4700012207031,81.5800018310547,81.7900009155273,13181500,50.8188896179199
"2015-07-23",81.7300033569336,81.9700012207031,80.9700012207031,81.1399993896484,10496100,50.4150238037109
"2015-07-24",81.1600036621094,81.1600036621094,79.7200012207031,79.9400024414062,14888500,49.6694221496582
"2015-07-27",79.2300033569336,80.129997253418,78.9700012207031,79.2600021362305,14996100,49.2469177246094
"2015-07-28",79.6999969482422,82.6699981689453,79.5699996948242,82.4800033569336,19777300,51.247615814209
"2015-07-29",82.1800003051758,83.1999969482422,81.9100036621094,83.1399993896484,13913800,51.6576995849609
"2015-07-30",83.1800003051758,83.3199996948242,82.4199981689453,83.0100021362305,11139900,51.5769195556641
"2015-07-31",81.6699981689453,81.6699981689453,78.9300003051758,79.2099990844727,26232700,49.2158660888672
"2015-08-03",78.6999969482422,78.9300003051758,77.629997253418,78.0599975585938,15767700,48.5013046264648
"2015-08-04",77.879997253418,78.6100006103516,76.9300003051758,77.1699981689453,18874400,47.9483337402344
"2015-08-05",77.870002746582,78.2300033569336,76.9000015258789,77.1699981689453,16544400,47.9483337402344
"2015-08-06",76.9400024414062,78.2600021362305,76.9100036621094,78.0899963378906,13005200,48.5199584960938
"2015-08-07",77.5500030517578,77.9700012207031,76.620002746582,76.8300018310547,12187600,47.7370872497559
"2015-08-10",77.0899963378906,78.75,77.0899963378906,78.75,14876000,48.9300346374512
"2015-08-11",77.0100021362305,78.0699996948242,76.3300018310547,77.4899978637695,14486400,48.5976333618164
"2015-08-12",77.4400024414062,78.870002746582,76.9599990844727,78.7900009155273,16492400,49.4129371643066
"2015-08-13",78.3199996948242,79.2900009155273,78.2699966430664,78.6500015258789,13154100,49.325138092041
"2015-08-14",78.6399993896484,79.2799987792969,78.25,78.3600006103516,9129300,49.1432685852051
"2015-08-17",77.9300003051758,79.1800003051758,77.4499969482422,78.7699966430664,9365400,49.4004058837891
"2015-08-18",78.5299987792969,78.6699981689453,77.5800018310547,77.9000015258789,9815300,48.8547782897949
"2015-08-19",77.5100021362305,77.5800018310547,75.9300003051758,76.2300033569336,17010100,47.8074607849121
"2015-08-20",76,76.1800003051758,74.5699996948242,74.5699996948242,17811200,46.7663764953613
"2015-08-21",74.0999984741211,74.8899993896484,72.0699996948242,72.129997253418,25488800,45.2361335754395
"2015-08-24",67.9899978637695,71.379997253418,66.5500030517578,68.7200012207031,35531200,43.0975570678711
"2015-08-25",71.3099975585938,71.4400024414062,68.1999969482422,68.7099990844727,30409700,43.0912971496582
"2015-08-26",70.629997253418,72.75,69.1500015258789,72.5,34436000,45.4681854248047
"2015-08-27",73.8000030517578,74.8899993896484,73.0100021362305,74.8499984741211,24571000,46.9419898986816
"2015-08-28",74.7099990844727,75.9800033569336,74.4100036621094,75.0699996948242,18997300,47.079948425293
"2015-08-31",74.2799987792969,75.5500030517578,73.3000030517578,75.2399978637695,19570100,47.1865577697754
"2015-09-01",73.3000030517578,73.3499984741211,71.5100021362305,72.0800018310547,24092900,45.204776763916
"2015-09-02",73.0599975585938,73.2399978637695,72,73.2300033569336,16936900,45.9260063171387
"2015-09-03",73.6399993896484,74.9100036621094,73.3399963378906,73.7900009155273,13451900,46.2772064208984
"2015-09-04",72.9300003051758,73.1399993896484,72.25,72.4599990844727,14902500,45.4431076049805
"2015-09-08",73.7200012207031,73.7200012207031,72.9700012207031,73.5,13626900,46.0953254699707
"2015-09-09",74.370002746582,74.6800003051758,71.8499984741211,72,17246200,45.1546096801758
"2015-09-10",72.8099975585938,72.9800033569336,71.8000030517578,72.5199966430664,12353900,45.4807167053223
"2015-09-11",72.4000015258789,72.7200012207031,72.0100021362305,72.6900024414062,12172300,45.5873489379883
"2015-09-14",72.3099975585938,72.5800018310547,71.7600021362305,72.4899978637695,10738500,45.4619064331055
"2015-09-15",72.4400024414062,73.3099975585938,72.4100036621094,72.8600006103516,11979800,45.6939582824707
"2015-09-16",73.5100021362305,74.6999969482422,73.370002746582,74.3000030517578,15214200,46.597053527832
"2015-09-17",74.4100036621094,75.4700012207031,73.8499984741211,74.4599990844727,15603000,46.6973915100098
"2015-09-18",73.2600021362305,73.5599975585938,72.120002746582,72.6800003051758,23180200,45.5810661315918
"2015-09-21",73.0999984741211,73.6100006103516,72.7300033569336,73.3899993896484,10853000,46.0263481140137
"2015-09-22",72.3499984741211,73.5199966430664,72.0199966430664,72.7399978637695,14245200,45.6187019348145
"2015-09-23",72.870002746582,73.1999969482422,72.2900009155273,72.3000030517578,13784800,45.3427581787109
"2015-09-24",72,73.1500015258789,71.7200012207031,72.7300033569336,14584200,45.6124114990234
"2015-09-25",73.2900009155273,73.5299987792969,72.7600021362305,73.2300033569336,15175300,45.9260063171387
"2015-09-28",72.620002746582,73.4599990844727,72.4000015258789,72.5999984741211,14571900,45.5309104919434
"2015-09-29",72.6500015258789,73.1900024414062,72.1399993896484,72.9700012207031,13754400,45.7629432678223
"2015-09-30",73.4000015258789,74.3499984741211,73.3300018310547,74.3499984741211,18176500,46.6283950805664
"2015-10-01",75.1999969482422,75.5800018310547,73.3000030517578,74.0599975585938,14397800,46.446533203125
"2015-10-02",73.3899993896484,75.9000015258789,73.0299987792969,75.879997253418,18811300,47.5879402160645
"2015-10-05",76.6500015258789,77.1500015258789,75.7900009155273,76.8099975585938,18486700,48.1711845397949
"2015-10-06",76.9599990844727,78.5599975585938,76.2600021362305,77.8899993896484,18757900,48.8485107421875
"2015-10-07",78.9700012207031,79.2900009155273,77.5299987792969,79.1999969482422,18666300,49.6700706481934
"2015-10-08",79.3099975585938,80.1100006103516,78.5400009155273,80.0299987792969,14344700,50.190616607666
"2015-10-09",80.0500030517578,80.1699981689453,78.620002746582,79.2600021362305,17384700,49.7076950073242
"2015-10-12",79.5899963378906,79.5899963378906,78.7200012207031,79.3000030517578,9931800,49.7327842712402
"2015-10-13",78.7200012207031,79.5500030517578,78.4899978637695,79.1600036621094,12326600,49.6449813842773
"2015-10-14",78.9700012207031,80.4800033569336,78.7799987792969,80.1600036621094,14486000,50.2721290588379
"2015-10-15",80.1900024414062,81.5299987792969,79.9000015258789,81.4800033569336,13640900,51.0999641418457
"2015-10-16",82.2600021362305,82.5,81.4499969482422,82.4800033569336,14304400,51.7271194458008
"2015-10-19",82.0100021362305,82.1699981689453,80.7600021362305,80.9899978637695,14155800,50.7926712036133
"2015-10-20",80.5500030517578,81.0599975585938,80.1999969482422,80.8300018310547,12340100,50.6923332214355
"2015-10-21",80.8600006103516,81.1500015258789,80.1100006103516,80.2099990844727,10274900,50.3034896850586
"2015-10-22",80.6800003051758,82.9599990844727,80.6600036621094,82.8899993896484,14823500,51.9842529296875
"2015-10-23",82.4100036621094,83,81.8899993896484,82.9800033569336,13215700,52.0407028198242
"2015-10-26",82.5199966430664,82.7300033569336,81.1699981689453,81.2200012207031,12576400,50.9369087219238
"2015-10-27",80.5699996948242,81.1600036621094,79.7300033569336,81.0899963378906,13579400,50.855396270752
"2015-10-28",81.3099975585938,82.5800018310547,80.9300003051758,82.2799987792969,12473000,51.6016960144043
"2015-10-29",81.7900009155273,83.2200012207031,81.7900009155273,82.2300033569336,10341200,51.5703239440918
"2015-10-30",82.4700012207031,83.879997253418,81.2600021362305,82.7399978637695,18758600,51.8901481628418
"2015-11-02",82.3000030517578,85.9300003051758,82.0899963378906,85.2799987792969,21266500,53.4831352233887
"2015-11-03",85.6600036621094,87.4400024414062,85.5800018310547,86.8499984741211,20115900,54.4677429199219
"2015-11-04",86.7699966430664,87.0800018310547,85.6999969482422,85.9800033569336,14245400,53.9221382141113
"2015-11-05",85.5500030517578,86.2300033569336,84.5,84.8099975585938,12291100,53.1883697509766
"2015-11-06",83.9300003051758,84.4700012207031,83.2200012207031,84.4700012207031,12491700,52.9751319885254
"2015-11-09",83.5599975585938,83.5999984741211,81.8000030517578,81.9499969482422,13551200,51.8427658081055
"2015-11-10",81.9300003051758,82.6100006103516,81.8600006103516,82.3499984741211,14238000,52.0958099365234
"2015-11-11",82.4199981689453,82.5599975585938,81.4000015258789,81.620002746582,9598000,51.6340103149414
"2015-11-12",80.5699996948242,81.2799987792969,79.3199996948242,79.4100036621094,16050600,50.2359085083008
"2015-11-13",79.2799987792969,79.5800018310547,77.9400024414062,78.0999984741211,17527300,49.4071884155273
"2015-11-16",77.9400024414062,80.9899978637695,77.9100036621094,80.9000015258789,14548100,51.1785087585449
"2015-11-17",80.7099990844727,80.879997253418,79.629997253418,79.9599990844727,10011700,50.5838623046875
"2015-11-18",79.8899993896484,80.9000015258789,79.5899963378906,80.7399978637695,10884600,51.0772972106934
"2015-11-19",80.5100021362305,80.7799987792969,80.0400009155273,80.3000030517578,9453300,50.7989463806152
"2015-11-20",80.5699996948242,80.9400024414062,79.6500015258789,79.7900009155273,10144400,50.4763031005859
"2015-11-23",79.5999984741211,80.7099990844727,79.0599975585938,80.2799987792969,11868400,50.7863006591797
"2015-11-24",80.3499984741211,82.3499984741211,80.1999969482422,81.879997253418,15055500,51.798469543457
"2015-11-25",81.3000030517578,82.1699981689453,81.0999984741211,81.25,8980400,51.3999290466309
"2015-11-27",80.5800018310547,81.2600021362305,80.4599990844727,81.2300033569336,4156600,51.3872947692871
"2015-11-30",81.4199981689453,82.6500015258789,81.25,81.6600036621094,17729200,51.6593017578125
"2015-12-01",81.7600021362305,82.129997253418,81.2699966430664,81.8899993896484,13917000,51.8047981262207
"2015-12-02",81.3099975585938,81.6399993896484,79.4199981689453,79.5500030517578,16300000,50.3244819641113
"2015-12-03",79.7200012207031,79.8499984741211,78.0199966430664,78.4100036621094,14870300,49.6033134460449
"2015-12-04",77.3499984741211,78.9800033569336,77.0299987792969,78.8600006103516,20156400,49.8879661560059
"2015-12-07",77.3300018310547,77.5,75.75,76.8000030517578,17676100,48.5847969055176
"2015-12-08",75.2699966430664,76.3499984741211,73.7900009155273,74.629997253418,24217600,47.2120208740234
"2015-12-09",74.8399963378906,77.1900024414062,74.7300033569336,75.629997253418,22036300,47.8446311950684
"2015-12-10",75.8000030517578,77.5,75.5199966430664,75.6900024414062,20142400,47.8826026916504
"2015-12-11",74.8199996948242,75.5400009155273,74.3399963378906,74.3399963378906,20473100,47.028564453125
"2015-12-14",74.3000030517578,76.2200012207031,74.0899963378906,76.0299987792969,21976500,48.0976791381836
"2015-12-15",77.4300003051758,79.5999984741211,77.3300018310547,79.4300003051758,24366800,50.2485809326172
"2015-12-16",79.0400009155273,79.6100006103516,78,79.1500015258789,17233900,50.0714302062988
"2015-12-17",79.0199966430664,79.2300033569336,77.9499969482422,77.9599990844727,17362900,49.3186302185059
"2015-12-18",77.5699996948242,78.7799987792969,77.0599975585938,77.2799987792969,28836000,48.8884506225586
"2015-12-21",77.7900009155273,78.0999984741211,76.6500015258789,77.2600021362305,14460500,48.8757972717285
"2015-12-22",77.6999969482422,77.9000015258789,77.2099990844727,77.6500015258789,13855800,49.1225128173828
"2015-12-23",78.6800003051758,80.2200012207031,78.3199996948242,80.1900024414062,15184200,50.7293472290039
"2015-12-24",80.2699966430664,80.2699966430664,79.120002746582,79.3300018310547,5848300,50.1853218078613
"2015-12-28",78.120002746582,78.8600006103516,77.9100036621094,78.7399978637695,9715800,49.812084197998
"2015-12-29",79.9899978637695,80.0800018310547,78.8399963378906,79.1600036621094,8839000,50.0777740478516
"2015-12-30",78.3199996948242,78.9899978637695,77.9700012207031,78.1100006103516,9314600,49.4135246276855
"2015-12-31",77.5100021362305,78.4400024414062,77.4300003051758,77.9499969482422,10285500,49.3123016357422
"2016-01-04",77.5,77.9400024414062,76.4599990844727,77.4599990844727,20400100,49.0023307800293
"2016-01-05",77.1900024414062,78.1399993896484,76.9199981689453,78.120002746582,11993500,49.419849395752
"2016-01-06",76.6399993896484,77.6399993896484,76.5899963378906,77.4700012207031,18826900,49.0086288452148
"2016-01-07",76.0599975585938,77.9899978637695,75.9000015258789,76.2300033569336,21263800,48.2242164611816
"2016-01-08",76.3499984741211,76.6500015258789,74.5,74.6900024414062,19033600,47.2499771118164
"2016-01-11",75.0100021362305,75.120002746582,72.5599975585938,73.6900024414062,21353000,46.6173706054688
"2016-01-12",74.120002746582,75.4199981689453,73.1500015258789,75.1999969482422,21864100,47.5726089477539
"2016-01-13",75.8499984741211,77.0599975585938,74.9400024414062,75.6500015258789,26052700,47.8572883605957
"2016-01-14",76.2099990844727,79.9199981689453,75.8000030517578,79.120002746582,33806700,50.0524711608887
"2016-01-15",76.3300018310547,78.1699981689453,76.3000030517578,77.5800018310547,28342100,49.0782356262207
"2016-01-19",77.9300003051758,78.2399978637695,75.1900024414062,76.4000015258789,22684500,48.3317489624023
"2016-01-20",75.0699996948242,75.7200012207031,71.5500030517578,73.1800003051758,33300800,46.2947311401367
"2016-01-21",73.1600036621094,74.9899978637695,72.6100006103516,74.0999984741211,22265600,46.8767280578613
"2016-01-22",76.4199981689453,76.7699966430664,74.7200012207031,76.5699996948242,22530300,48.4392929077148
"2016-01-25",75.75,76.3399963378906,73.9000015258789,73.9800033569336,17086600,46.8008308410645
"2016-01-26",74.7699966430664,76.7699966430664,74.25,76.6999969482422,18724700,48.5215339660645
"2016-01-27",76,77.4700012207031,74.7200012207031,75.2900009155273,18106100,47.6295471191406
"2016-01-28",77.3499984741211,77.6600036621094,75.620002746582,76.9899978637695,16157700,48.7049980163574
"2016-01-29",76.7300033569336,77.8499984741211,76.25,77.8499984741211,25161900,49.2490348815918
"2016-02-01",76.6600036621094,76.7900009155273,75.4400024414062,76.2900009155273,16754200,48.2621650695801
"2016-02-02",74.1900024414062,75.620002746582,73.5500030517578,74.5899963378906,21404200,47.1867179870605
"2016-02-03",75.5299987792969,78.5299987792969,74.2600021362305,78.4800033569336,25873700,49.6475982666016
"2016-02-04",78.5800018310547,80,77.5599975585938,79.8300018310547,23658700,50.5016174316406
"2016-02-05",79.4000015258789,80.0999984741211,78.5699996948242,80.0800018310547,26719900,50.6597633361816
"2016-02-08",79.3000030517578,81.7799987792969,78.9100036621094,81.1600036621094,26601200,51.3429985046387
"2016-02-09",79.9800033569336,80.6699981689453,78.6900024414062,80.0800018310547,18418100,51.1195640563965
"2016-02-10",79.7699966430664,81.4499969482422,79.2799987792969,79.3499984741211,16610900,50.6535911560059
"2016-02-11",78.3399963378906,80.1500015258789,77.5800018310547,79.5999984741211,19331600,50.8131561279297
"2016-02-12",80.0800018310547,81.0699996948242,79.8099975585938,81.0299987792969,16767200,51.7260093688965
"2016-02-16",81.6999969482422,81.8499984741211,80.2799987792969,81.2200012207031,15912200,51.847297668457
"2016-02-17",81.6500015258789,82.7799987792969,81.1600036621094,82,17006700,52.34521484375
"2016-02-18",82.9000015258789,83.0599975585938,81.8600006103516,82.4499969482422,14873700,52.6324691772461
"2016-02-19",82.1900024414062,82.5500030517578,80.9100036621094,82.5,13615900,52.6643981933594
"2016-02-22",82.5,83.4400024414062,82.1999969482422,82.3899993896484,14595200,52.5941886901855
"2016-02-23",81.9899978637695,82.370002746582,80.879997253418,81.2300033569336,11041600,51.8536911010742
"2016-02-24",79.9100036621094,81.7699966430664,79.6699981689453,81.5199966430664,13777500,52.0387916564941
"2016-02-25",81.5599975585938,82.0699996948242,80.0199966430664,82.0100021362305,13706400,52.3515930175781
"2016-02-26",82.8899993896484,83.0800018310547,81.6900024414062,81.75,14343300,52.1856231689453
"2016-02-29",81.879997253418,82.4000015258789,80.0500030517578,80.1500015258789,18903600,51.1642532348633
"2016-03-01",80.5599975585938,81.7699966430664,80.3199996948242,81.2799987792969,15730600,51.8855781555176
"2016-03-02",80.9499969482422,82.7200012207031,80.3099975585938,82.6999969482422,14094400,52.7920570373535
"2016-03-03",82.6600036621094,82.7200012207031,81.5400009155273,82.4000015258789,13216200,52.6005554199219
"2016-03-04",82.6600036621094,82.9700012207031,81.7600021362305,82.2900009155273,18402700,52.530345916748
"2016-03-07",82.3099975585938,84.4599990844727,82.2099990844727,84.4599990844727,18945600,53.9155616760254
"2016-03-08",84,84.2099990844727,82.4800033569336,82.629997253418,14003900,52.7473640441895
"2016-03-09",83.2200012207031,83.8499984741211,82.2399978637695,82.4000015258789,14139300,52.6005554199219
"2016-03-10",82.4199981689453,82.6600036621094,80.9300003051758,82.1800003051758,15898300,52.4601135253906
"2016-03-11",83.2200012207031,83.5299987792969,82.0100021362305,82.1900024414062,15370200,52.466495513916
"2016-03-14",81.4800033569336,82.6399993896484,81.0199966430664,82.4100036621094,13344600,52.6069412231445
"2016-03-15",81.5999984741211,82.8499984741211,81.5199966430664,82.8199996948242,9213000,52.8686752319336
"2016-03-16",83.0199966430664,83.1600036621094,81.9400024414062,82.870002746582,11492100,52.9005851745605
"2016-03-17",83.6800003051758,84.6800003051758,82.7200012207031,84.0999984741211,13673900,53.6857719421387
"2016-03-18",84.5899963378906,84.5999984741211,83.25,84.1999969482422,19637000,53.7496147155762
"2016-03-21",83.8399963378906,84.1399993896484,83.5,83.620002746582,8385400,53.3793601989746
"2016-03-22",83.0800018310547,84.8600006103516,83.0100021362305,84.120002746582,13005100,53.6985473632812
"2016-03-23",83.8600006103516,84.3000030517578,83.5199966430664,83.75,12748900,53.462345123291
"2016-03-24",82.9400024414062,84.0299987792969,82.9300003051758,83.9800033569336,9368300,53.6091651916504
"2016-03-28",84.0299987792969,84.3600006103516,83.6999969482422,84.2200012207031,7490400,53.762378692627
"2016-03-29",83.6699981689453,84.6100006103516,83.1600036621094,84.5299987792969,9977900,53.9602432250977
"2016-03-30",85.0299987792969,85.0500030517578,84,84.5199966430664,10807000,53.9538612365723
"2016-03-31",84.0699996948242,85.0999984741211,83.5899963378906,83.5899963378906,13896900,53.3602104187012
"2016-04-01",82.4000015258789,83.3899993896484,82.3899993896484,82.9599990844727,12235300,52.9580421447754
"2016-04-04",83.0599975585938,83.9000015258789,82.7799987792969,83.1600036621094,8050200,53.0857086181641
"2016-04-05",82.6100006103516,83.129997253418,81.9899978637695,82.2099990844727,10446800,52.4792785644531
"2016-04-06",82.6900024414062,83.4599990844727,82.3000030517578,83.3099975585938,9320200,53.1814651489258
"2016-04-07",82.7600021362305,83.1699981689453,82.0500030517578,82.370002746582,8267100,52.5814208984375
"2016-04-08",83.3000030517578,83.4499969482422,82.8499984741211,83.2099990844727,9376200,53.1176261901855
"2016-04-11",83.3300018310547,84.2399978637695,83.2799987792969,83.3199996948242,9925000,53.1878471374512
"2016-04-12",83.6900024414062,84.629997253418,83.370002746582,84.3499984741211,9986100,53.845344543457
"2016-04-13",84.5,84.9100036621094,84.0400009155273,84.8300018310547,9235700,54.1517562866211
"2016-04-14",85,85.9000015258789,84.7600021362305,85.4300003051758,10625800,54.5347633361816
"2016-04-15",85.3000030517578,85.6600036621094,84.7799987792969,84.9700012207031,11280200,54.241138458252
"2016-04-18",84.9700012207031,85.8600006103516,83.8600006103516,85.7799987792969,9097000,54.7581977844238
"2016-04-19",85.8499984741211,86.3099975585938,85.2200012207031,86.2099990844727,10354500,55.0326919555664
"2016-04-20",86.2300033569336,87.4400024414062,85.9700012207031,86.8000030517578,15247100,55.409309387207
"2016-04-21",86.5899963378906,87.8399963378906,86.5699996948242,86.7900009155273,12075300,55.4029579162598
"2016-04-22",87.2399978637695,87.6399993896484,86.8199996948242,87.5299987792969,9150800,55.8753242492676
"2016-04-25",87.0899963378906,87.4000015258789,86.3499984741211,87.3300018310547,8076400,55.7476577758789
"2016-04-26",87.75,87.9400024414062,87.0599975585938,87.629997253418,9425900,55.9391593933105
"2016-04-27",87.9499969482422,88.7200012207031,87.3300018310547,88.4599990844727,10463500,56.4689979553223
"2016-04-28",87.8600006103516,88.7799987792969,87.5,88.0299987792969,11276200,56.1945037841797
"2016-04-29",88.6800003051758,89.7799987792969,87.7399978637695,88.4000015258789,17885900,56.4306831359863
"2016-05-02",88.2399978637695,89.4800033569336,88.0800018310547,89.129997253418,10273700,56.8966827392578
"2016-05-03",88.4000015258789,88.629997253418,87.3600006103516,88.1100006103516,10137400,56.2455673217773
"2016-05-04",88.3000030517578,88.7399978637695,87.5999984741211,87.9400024414062,10601100,56.1370582580566
"2016-05-05",88.7600021362305,88.9700012207031,87.620002746582,88.0400009155273,8721100,56.2009010314941
"2016-05-06",87.4599990844727,88.6800003051758,87.4599990844727,88.5100021362305,7968400,56.5009307861328
"2016-05-09",88.5999984741211,88.7600021362305,87.2300033569336,88.5699996948242,11159500,56.5392303466797
"2016-05-10",88.9000015258789,90,88.8199996948242,89.9899978637695,12509100,57.4456748962402
"2016-05-11",89.1600036621094,89.6800003051758,88.7200012207031,88.8099975585938,11660200,57.168872833252
"2016-05-12",89.8000030517578,89.9300003051758,89.1500015258789,89.6699981689453,10720500,57.7224807739258
"2016-05-13",89.2799987792969,89.6600036621094,88.5100021362305,88.6600036621094,9721100,57.072338104248
"2016-05-16",89.1999969482422,89.6699981689453,89,89.5699996948242,8638700,57.6581039428711
"2016-05-17",89.2699966430664,89.9100036621094,89.1600036621094,89.5299987792969,9835600,57.6323509216309
"2016-05-18",89.8000030517578,90,88.6500015258789,89.3499984741211,9680300,57.516471862793
"2016-05-19",88.6100006103516,90.1600036621094,88.4499969482422,90.1100006103516,14397900,58.0057220458984
"2016-05-20",90.3899993896484,90.4000015258789,89.379997253418,89.7399978637695,13191900,57.7675285339355
"2016-05-23",89,89.9000015258789,88.8199996948242,89.5999984741211,11766100,57.6774101257324
"2016-05-24",89.8899993896484,90.4000015258789,89.5500030517578,89.6699981689453,10056600,57.7224807739258
"2016-05-25",89.8499984741211,90.370002746582,89.5899963378906,90.2600021362305,9578400,58.1022758483887
"2016-05-26",90.25,90.4599990844727,89.2699966430664,89.8000030517578,7867900,57.80615234375
"2016-05-27",89.4000015258789,90.0500030517578,89.3199996948242,90.0100021362305,7505900,57.9413566589355
"2016-05-31",90,90.1999969482422,88.7300033569336,89.0199966430664,13178800,57.3040580749512
"2016-06-01",88.4300003051758,89.4499969482422,88.129997253418,89.2399978637695,7994800,57.4456748962402
"2016-06-02",88.2099990844727,88.5299987792969,87.6100006103516,88.5299987792969,9837500,56.988639831543
"2016-06-03",88.4400024414062,88.8300018310547,88.0299987792969,88.370002746582,9367100,56.8856506347656
"2016-06-06",88.870002746582,89.5,88.6900024414062,89.3399963378906,8573000,57.5100288391113
"2016-06-07",89.75,90.9199981689453,89.7099990844727,90.7099990844727,12889100,58.3919486999512
"2016-06-08",91.0299987792969,91.3000030517578,90.5299987792969,90.7900009155273,9983000,58.4434432983398
"2016-06-09",90.1800003051758,91.0299987792969,90.1100006103516,90.6699981689453,8974300,58.3661880493164
"2016-06-10",90.4000015258789,90.9199981689453,89.7799987792969,89.9800033569336,10353800,57.9220428466797
"2016-06-13",89.9199981689453,91.4300003051758,89.6999969482422,90.5899963378906,11370000,58.3147125244141
"2016-06-14",90.4499969482422,90.870002746582,89.8499984741211,90.4300003051758,10161000,58.2117080688477
"2016-06-15",90.2300033569336,90.9000015258789,90,90.1600036621094,10655800,58.0379104614258
"2016-06-16",89.6999969482422,91.3899993896484,89.1100006103516,91.2200012207031,12824800,58.7202453613281
"2016-06-17",91.4899978637695,91.5899963378906,90.1900024414062,90.7200012207031,17483200,58.3983955383301
"2016-06-20",91.2900009155273,91.5899963378906,91.0699996948242,91.120002746582,9388500,58.6558799743652
"2016-06-21",90.7200012207031,91.6399993896484,90.25,91.5299987792969,8557500,58.919807434082
"2016-06-22",91.8399963378906,91.9300003051758,91.0100021362305,91.1699981689453,8785400,58.6880950927734
"2016-06-23",91.9300003051758,92.0699996948242,91.1900024414062,91.8000030517578,9464500,59.0935974121094
"2016-06-24",89.879997253418,90.8000030517578,89.1500015258789,89.3899993896484,20010500,57.542236328125
"2016-06-27",88.9000015258789,89.0999984741211,88.1100006103516,88.8600006103516,14169400,57.2010917663574
"2016-06-28",89.7300033569336,90.9300003051758,89.5199966430664,90.9100036621094,13254300,58.5207138061523
"2016-06-29",91.4100036621094,92.6999969482422,91.120002746582,92.4599990844727,13920600,59.5184478759766
"2016-06-30",92.3300018310547,93.8300018310547,92.3000030517578,93.7399978637695,14073700,60.3424110412598
"2016-07-01",93.3600006103516,93.9800033569336,93.0699996948242,93.8399963378906,9946300,60.4067687988281
"2016-07-05",93.120002746582,93.5999984741211,92.25,93.0199966430664,10744100,59.8789672851562
"2016-07-06",93.3499984741211,94.120002746582,92.4400024414062,94.0899963378906,13144400,60.5677146911621
"2016-07-07",94.3399963378906,94.4899978637695,92.3499984741211,92.9599990844727,12240700,59.8403358459473
"2016-07-08",93.3899993896484,93.7799987792969,92.9199981689453,93.5400009155273,9807600,60.2136764526367
"2016-07-11",93.75,94.4100036621094,93.6500015258789,93.8899993896484,8335700,60.4389724731445
"2016-07-12",94.6699981689453,94.9499969482422,94.0899963378906,94.9499969482422,9870800,61.1213340759277
"2016-07-13",94.6500015258789,94.9199981689453,94.1100006103516,94.879997253418,9458200,61.0762825012207
"2016-07-14",95.0500030517578,95.5299987792969,94.620002746582,94.9499969482422,9293500,61.1213340759277
"2016-07-15",95.4400024414062,95.5500030517578,94.6399993896484,95.120002746582,10334500,61.2307624816895
"2016-07-18",94.9199981689453,95.1500015258789,94.4000015258789,94.8199996948242,9865900,61.0376472473145
"2016-07-19",94.7600021362305,94.9400024414062,94.1999969482422,94.4700012207031,5901800,60.812328338623
"2016-07-20",94.25,94.4199981689453,93.8000030517578,93.9300003051758,7383800,60.4647560119629
"2016-07-21",93.8899993896484,94.2600021362305,93.4599990844727,93.8499984741211,6854600,60.4132385253906
"2016-07-22",94.1100006103516,94.2900009155273,93.7200012207031,94.0100021362305,7139700,60.5162239074707
"2016-07-25",93.4700012207031,93.620002746582,91.7600021362305,92.1999969482422,10845900,59.3510894775391
"2016-07-26",91.629997253418,92.0299987792969,91.1100006103516,91.5299987792969,12143500,58.919807434082
"2016-07-27",91.5100021362305,91.8099975585938,90.629997253418,90.9100036621094,10037900,58.5207138061523
"2016-07-28",90.5400009155273,90.7300033569336,89.6100006103516,90.1999969482422,12439200,58.0636444091797
"2016-07-29",87.6100006103516,89.0100021362305,86.120002746582,88.9499969482422,23928100,57.2589950561523
"2016-08-01",88.0800018310547,88.1500015258789,85.5899963378906,85.8600006103516,22908400,55.2699012756348
"2016-08-02",86.4499969482422,87.3199996948242,85.5800018310547,87.0400009155273,18919200,56.0295066833496
"2016-08-03",87.0100021362305,87.4899978637695,86.5999984741211,87.4899978637695,14632900,56.3191757202148
"2016-08-04",87.5,87.6500015258789,87.0299987792969,87.4800033569336,13451400,56.3127326965332
"2016-08-05",87.7300033569336,87.8300018310547,87.1500015258789,87.5599975585938,9617300,56.3642272949219
"2016-08-08",88.0500030517578,88.8899993896484,88.0299987792969,88.5899963378906,10492700,57.027271270752
"2016-08-09",88.620002746582,88.7600021362305,88.1800003051758,88.6999969482422,9654600,57.0980606079102
"2016-08-10",87.7799987792969,87.9199981689453,86.0100021362305,86.4100036621094,12714800,56.0982894897461
"2016-08-11",86.6900024414062,87.2699966430664,86.2600021362305,86.7200012207031,11616000,56.2995452880859
"2016-08-12",86.9599990844727,87.9800033569336,86.9000015258789,87.8499984741211,9986900,57.0331420898438
"2016-08-15",88.4199981689453,88.5,87.6399993896484,87.8099975585938,6432600,57.0071868896484
"2016-08-16",87.8300018310547,88.1800003051758,87.370002746582,87.9199981689453,6817900,57.0785903930664
"2016-08-17",87.9199981689453,88.1800003051758,87.6600036621094,88.1100006103516,7104600,57.2019424438477
"2016-08-18",88.379997253418,88.9400024414062,88.120002746582,88.9100036621094,10342700,57.721321105957
"2016-08-19",88.629997253418,88.7399978637695,87.7900009155273,87.8000030517578,8615300,57.0007057189941
"2016-08-22",87.3099975585938,88.0999984741211,86.8499984741211,87.9899978637695,8235400,57.1240272521973
"2016-08-23",87.8399963378906,88.0199966430664,87.5599975585938,87.7200012207031,6514800,56.9487571716309
"2016-08-24",87.5,88.1600036621094,87.3499984741211,88.0199966430664,7985400,57.143497467041
"2016-08-25",88.0199966430664,88.0299987792969,87.2399978637695,87.4599990844727,6935300,56.7799491882324
"2016-08-26",87.629997253418,88.1100006103516,87,87.2699966430664,6474400,56.6566009521484
"2016-08-29",87.0400009155273,87.9199981689453,87.0400009155273,87.8399963378906,7027200,57.0266494750977
"2016-08-30",87.870002746582,88.25,87.370002746582,87.5199966430664,6441100,56.8188972473145
"2016-08-31",87.1399993896484,87.2099990844727,86.2200012207031,87.1399993896484,12491400,56.5722122192383
"2016-09-01",86.7200012207031,86.8399963378906,86.0899963378906,86.8399963378906,8434700,56.3774375915527
"2016-09-02",87.4199981689453,87.5800018310547,86.9300003051758,87.4199981689453,7099600,56.7539825439453
"2016-09-06",87.8399963378906,88.6399993896484,87.6600036621094,88.5699996948242,9851200,57.5005722045898
"2016-09-07",88.6500015258789,88.6699981689453,87.9700012207031,88.2399978637695,7470400,57.2863426208496
"2016-09-08",88.5500030517578,89.370002746582,88.0400009155273,89.0500030517578,9579500,57.8122062683105
"2016-09-09",88.6600036621094,88.6600036621094,86.8000030517578,86.8399963378906,12820200,56.3774375915527
"2016-09-12",86.7799987792969,87.7099990844727,86.629997253418,87.2900009155273,10889000,56.6695938110352
"2016-09-13",86.4599990844727,86.4700012207031,85.0800018310547,85.2099990844727,13214300,55.3192443847656
"2016-09-14",85.0400009155273,85.8300018310547,84.2699966430664,84.5999984741211,13957000,54.923210144043
"2016-09-15",84.6699981689453,85.6500015258789,84.5199966430664,85.0800018310547,9062600,55.2348327636719
"2016-09-16",84.5100021362305,85.0500030517578,83.5599975585938,84.0299987792969,21538400,54.5531616210938
"2016-09-19",84.5800018310547,84.620002746582,83.8099975585938,83.8300018310547,7929100,54.4233360290527
"2016-09-20",83.7300033569336,83.9499969482422,82.5400009155273,82.5400009155273,17522000,53.5858421325684
"2016-09-21",82.8199996948242,83.620002746582,82.3099975585938,83.3000030517578,15055900,54.0792274475098
"2016-09-22",84.2799987792969,84.5500030517578,83.379997253418,83.5400009155273,10738500,54.2350578308105
"2016-09-23",82.6800003051758,84.3099975585938,82.5899963378906,83.4499969482422,12667100,54.1766242980957
"2016-09-26",83.5199966430664,84.5,82.9300003051758,83.0599975585938,10860300,53.9234275817871
"2016-09-27",82.5899963378906,83.3399963378906,82.2900009155273,83.2399978637695,9595000,54.0402870178223
"2016-09-28",83.4599990844727,87.2300033569336,83.3399963378906,86.9000015258789,28117900,56.4163932800293
"2016-09-29",86.9700012207031,87.1999969482422,85.6800003051758,86.4599990844727,19082900,56.130744934082
"2016-09-30",86.8399963378906,87.8099975585938,86.6500015258789,87.2799987792969,15961500,56.6631050109863
"2016-10-03",86.9400024414062,87.1999969482422,86.5400009155273,87.0500030517578,7111200,56.5137748718262
"2016-10-04",87.379997253418,87.5,86.0699996948242,86.25,8222000,55.9944152832031
"2016-10-05",86.8300018310547,87.1699981689453,86.6999969482422,87,8796200,56.4813041687012
"2016-10-06",87.25,87.4700012207031,86.4400024414062,87.0400009155273,7718300,56.5073051452637
"2016-10-07",86.9499969482422,87.4000015258789,86.4199981689453,86.7399978637695,6614900,56.3125267028809
"2016-10-10",87.5400009155273,88.6699981689453,87.5100021362305,88.4400024414062,10060000,57.4161949157715
"2016-10-11",88.0800018310547,88.1900024414062,87.3000030517578,87.7399978637695,9309000,56.9617233276367
"2016-10-12",87.2200012207031,87.7200012207031,86.6699981689453,87.129997253418,8172600,56.5657272338867
"2016-10-13",86.3499984741211,86.870002746582,85.4300003051758,86.5599975585938,9890300,56.1956825256348
"2016-10-14",87.1900024414062,87.5400009155273,86.4800033569336,86.5400009155273,7991700,56.1826820373535
"2016-10-17",86.4800033569336,86.7900009155273,86.0699996948242,86.5400009155273,7263100,56.1826820373535
"2016-10-18",87.1699981689453,87.3300018310547,86.379997253418,86.7699966430664,5429300,56.3320007324219
"2016-10-19",87.1900024414062,87.8499984741211,86.879997253418,87.1699981689453,9373400,56.5916938781738
"2016-10-20",86.7900009155273,87.5,86.5999984741211,87.2099990844727,6866900,56.6176452636719
"2016-10-21",86.4199981689453,86.8199996948242,85.6999969482422,86.620002746582,10736200,56.234619140625
"2016-10-24",86.7399978637695,87.3199996948242,86.0699996948242,86.9100036621094,8354900,56.4228744506836
"2016-10-25",86.6699981689453,87.6500015258789,86.5999984741211,86.7200012207031,6835900,56.2995452880859
"2016-10-26",86.25,87.4499969482422,85.9499969482422,87.0899963378906,8488100,56.5397338867188
"2016-10-27",87.2799987792969,87.6600036621094,86.8000030517578,86.9199981689453,9071100,56.429386138916
"2016-10-28",85.2799987792969,86.3600006103516,84.1399993896484,84.7799987792969,19072200,55.0400772094727
"2016-10-31",83.879997253418,84.4000015258789,82.9899978637695,83.3199996948242,16663800,54.0922317504883
"2016-11-01",83.5,83.9199981689453,83.2699966430664,83.6500015258789,13050600,54.3064765930176
"2016-11-02",83.3000030517578,83.879997253418,82.9400024414062,83.4499969482422,11226100,54.1766242980957
"2016-11-03",83.6800003051758,83.879997253418,83.0500030517578,83.6600036621094,8836500,54.3129463195801
"2016-11-04",83.629997253418,84.3300018310547,82.7600021362305,83.5699996948242,13877100,54.2545394897461
"2016-11-07",84.4899978637695,85.4700012207031,84.4000015258789,85.4499969482422,13576200,55.4750328063965
"2016-11-08",84.7300033569336,85.8300018310547,84.4899978637695,85.3099975585938,9735200,55.8745613098145
"2016-11-09",84.0500030517578,86.7099990844727,83.6600036621094,86.25,15901300,56.490234375
"2016-11-10",85.9100036621094,87.9899978637695,85.6600036621094,87.0500030517578,14106100,57.0141906738281
"2016-11-11",86.5299987792969,86.7300033569336,84.8899993896484,85.6699981689453,13812200,56.1103401184082
"2016-11-14",85.3000030517578,85.6500015258789,84.3300018310547,85.2799987792969,12607500,55.8549156188965
"2016-11-15",85.7699966430664,87.0599975585938,85.7699966430664,86.8199996948242,12883500,56.863582611084
"2016-11-16",86.7399978637695,86.7799987792969,85.5800018310547,85.75,8201200,56.1627616882324
"2016-11-17",86.4400024414062,86.879997253418,85.0199966430664,85.2300033569336,8200500,55.8221588134766
"2016-11-18",85.2099990844727,85.6500015258789,84.8300018310547,85.2799987792969,8457800,55.8549156188965
"2016-11-21",86.4400024414062,86.6900024414062,86.1399993896484,86.4899978637695,8861500,56.6474266052246
"2016-11-22",86.6900024414062,87.2399978637695,85.9700012207031,86.6800003051758,9390200,56.7718734741211
"2016-11-23",86.5400009155273,87.0800018310547,86.3099975585938,86.9199981689453,5996300,56.9290542602539
"2016-11-25",86.7099990844727,87.1399993896484,86.5400009155273,87.120002746582,5042300,57.0600395202637
"2016-11-28",86.9499969482422,87.129997253418,86.370002746582,86.4700012207031,7449600,56.6343154907227
"2016-11-29",85.4199981689453,86.0800018310547,85.0800018310547,85.9000015258789,9181100,56.2609977722168
"2016-11-30",87.5999984741211,88.1900024414062,87.1999969482422,87.3000030517578,22696200,57.1779441833496
"2016-12-01",87.9800033569336,88.5,87.2399978637695,87.2399978637695,13005600,57.1386413574219
"2016-12-02",87.1900024414062,87.9899978637695,86.5999984741211,87.0400009155273,9706600,57.0076751708984
"2016-12-05",87.3899993896484,87.8199996948242,86.9199981689453,87.4800033569336,11741100,57.2958374023438
"2016-12-06",87.2699966430664,87.870002746582,86.6999969482422,87.5599975585938,11293600,57.3482208251953
"2016-12-07",87.629997253418,88.1500015258789,87.1999969482422,88.0699996948242,11182600,57.6822357177734
"2016-12-08",88.0500030517578,88.8499984741211,87.6500015258789,88.3199996948242,9086700,57.8459968566895
"2016-12-09",88.6399993896484,89,88.1800003051758,89,8021700,58.291374206543
"2016-12-12",90.1399993896484,91.5,90.1399993896484,90.9800033569336,15545400,59.5881805419922
"2016-12-13",91.8899993896484,93.2200012207031,91.1699981689453,92.5800018310547,18829300,60.6361236572266
"2016-12-14",92.2600021362305,92.2699966430664,90.1699981689453,90.5800018310547,16325400,59.3262062072754
"2016-12-15",90.0999984741211,90.9800033569336,89.7600021362305,90.8899993896484,11155100,59.529239654541
"2016-12-16",91.5199966430664,91.6699981689453,90.6399993896484,91.1800003051758,20560400,59.7191581726074
"2016-12-19",91.379997253418,91.5400009155273,90.1999969482422,90.4199981689453,9674400,59.2214202880859
"2016-12-20",90.5100021362305,90.8499984741211,90.2900009155273,90.4300003051758,7221000,59.2279510498047
"2016-12-21",90.6800003051758,90.9000015258789,90.1800003051758,90.2799987792969,7308000,59.1297187805176
"2016-12-22",90.0199966430664,90.9000015258789,90.0199966430664,90.870002746582,8003100,59.5161437988281
"2016-12-23",90.8899993896484,90.9599990844727,90.5199966430664,90.7099990844727,4266500,59.4113464355469
"2016-12-27",90.8300018310547,91.1100006103516,90.5800018310547,90.75,4960600,59.4375495910645
"2016-12-28",90.6800003051758,91.1100006103516,90.2600021362305,90.3000030517578,6745900,59.1428298950195
"2016-12-29",90.0999984741211,90.5999984741211,90.0299987792969,90.3499984741211,6684700,59.1755714416504
"2016-12-30",90.0299987792969,90.6999969482422,90.0100021362305,90.2600021362305,9117800,59.1166076660156
"2017-01-03",90.9400024414062,91.3399963378906,90.1500015258789,90.8899993896484,10360600,59.529239654541
"2017-01-04",91.120002746582,91.1500015258789,89.75,89.8899993896484,9434200,58.8742904663086
"2017-01-05",90.1900024414062,90.3000030517578,88.4400024414062,88.5500030517578,14443200,57.996639251709
"2017-01-06",88.7900009155273,88.9800033569336,87.8199996948242,88.5,16518100,57.9639091491699
"2017-01-09",88.2200012207031,88.2200012207031,86.5500030517578,87.0400009155273,13762300,57.0076751708984
"2017-01-10",87.1699981689453,87.3099975585938,85.9100036621094,85.9300003051758,13283100,56.2806358337402
"2017-01-11",85.9000015258789,86.9499969482422,85.8600006103516,86.8099975585938,11183700,56.8569984436035
"2017-01-12",87.2699966430664,87.379997253418,86.0699996948242,86.3399963378906,10407000,56.5491828918457
"2017-01-13",86.2699966430664,86.6800003051758,86.1699981689453,86.3499984741211,8415600,56.555736541748
"2017-01-17",86.5800018310547,87.3899993896484,86.25,87.3600006103516,13237300,57.2172317504883
"2017-01-18",87.0599975585938,87.4100036621094,86.0500030517578,86.2799987792969,11831700,56.5098876953125
"2017-01-19",85.9700012207031,86.0999984741211,84.5899963378906,84.7300033569336,16382900,55.4947090148926
"2017-01-20",85.4400024414062,85.9599990844727,85.0500030517578,85.8899993896484,18739700,56.2544479370117
"2017-01-23",85.6800003051758,85.879997253418,84.75,84.9700012207031,11433900,55.6518898010254
"2017-01-24",84.9800033569336,85.4700012207031,84.8300018310547,85.0899963378906,11858100,55.7304725646973
"2017-01-25",85.3399963378906,85.879997253418,85.25,85.3399963378906,9578500,55.894214630127
"2017-01-26",85.6900024414062,85.8300018310547,85.120002746582,85.5999984741211,8779400,56.0644989013672
"2017-01-27",85.3000030517578,85.75,85.0400009155273,85.5100021362305,10947900,56.0055694580078
"2017-01-30",85.4199981689453,85.4499969482422,84.1800003051758,84.8600006103516,12789200,55.5798416137695
"2017-01-31",85.0400009155273,85.0699996948242,83.129997253418,83.8899993896484,19128100,54.9445343017578
"2017-02-01",84,84.1600036621094,82.5400009155273,82.9400024414062,15111800,54.3223114013672
"2017-02-02",83.2099990844727,83.5299987792969,82.5500030517578,83.4499969482422,12200100,54.6563491821289
"2017-02-03",83.6999969482422,83.7200012207031,82.9000015258789,83.5400009155273,12746300,54.7153015136719
"2017-02-06",83.5500030517578,83.6500015258789,82.9300003051758,83.3099975585938,9938200,54.5646362304688
"2017-02-07",83.2300033569336,83.620002746582,82.4499969482422,82.7699966430664,11705200,54.2109756469727
"2017-02-08",81.9899978637695,82.120002746582,81.1699981689453,81.4800033569336,14006300,53.854061126709
"2017-02-09",81.4800033569336,82.0500030517578,81.4800033569336,81.8399963378906,9603000,54.0920104980469
"2017-02-10",82.2600021362305,82.7699966430664,82.129997253418,82.5199966430664,8739800,54.5414505004883
"2017-02-13",82.7699966430664,83.1800003051758,82.3499984741211,83,9071600,54.8586883544922
"2017-02-14",82.9100036621094,83.0999984741211,82.0599975585938,82.8199996948242,11370500,54.7397270202637
"2017-02-15",82.6399993896484,83.1800003051758,82.4599990844727,83.1600036621094,11768500,54.9644622802734
"2017-02-16",83.120002746582,83.4199981689453,82.1699981689453,82.3000030517578,10615000,54.3960456848145
"2017-02-17",82.0899963378906,82.1900024414062,81.4400024414062,81.7600021362305,15646000,54.0391235351562
"2017-02-21",82.120002746582,82.1500015258789,81.3000030517578,81.8899993896484,16419600,54.1250648498535
"2017-02-22",81.6500015258789,81.6999969482422,80.870002746582,80.9300003051758,12917400,53.490550994873
"2017-02-23",81.4199981689453,82.2200012207031,81.0299987792969,81.7799987792969,13847000,54.0523529052734
"2017-02-24",81.5999984741211,81.8000030517578,80.7600021362305,81.0800018310547,11338700,53.5896949768066
"2017-02-27",81.129997253418,81.7099990844727,80.8099975585938,81.5400009155273,13465900,53.8937187194824
"2017-02-28",81.5299987792969,81.9899978637695,81.0500030517578,81.3199996948242,16834200,53.7483139038086
"2017-03-01",81.6999969482422,83.3300018310547,81.6999969482422,83.0199966430664,17482100,54.8719215393066
"2017-03-02",82.8000030517578,84.25,82.7900009155273,83.3000030517578,14170300,55.0569877624512
"2017-03-03",83.3000030517578,83.5999984741211,82.2600021362305,82.4599990844727,12190400,54.5017967224121
"2017-03-06",82.4400024414062,82.9000015258789,82.3300018310547,82.8300018310547,9617200,54.746337890625
"2017-03-07",83.1100006103516,83.2900009155273,82.1399993896484,82.5199966430664,12711500,54.5414505004883
"2017-03-08",82.3499984741211,82.379997253418,81.0100021362305,81.0299987792969,16817700,53.5566291809082
"2017-03-09",80.6399993896484,81.7200012207031,80.3099975585938,81.6699981689453,14721800,53.9796371459961
"2017-03-10",82.4400024414062,82.4700012207031,81.1600036621094,81.6100006103516,11355200,53.9399795532227
"2017-03-13",81.5,81.9400024414062,81.0500030517578,81.4199981689453,9571400,53.814395904541
"2017-03-14",81,81.2300033569336,80.4400024414062,80.9899978637695,11335700,53.5301933288574
"2017-03-15",81.3499984741211,82.0599975585938,81.0500030517578,82,11970300,54.1977615356445
"2017-03-16",82.0299987792969,82.1999969482422,81.6699981689453,82.0699996948242,9923800,54.2440147399902
"2017-03-17",82.0299987792969,82.2600021362305,81.8199996948242,82,18834100,54.1977615356445
"2017-03-20",81.7200012207031,82.0400009155273,81.4400024414062,82,7700300,54.1977615356445
"2017-03-21",82.1600036621094,82.3499984741211,81.5999984741211,81.8300018310547,13387700,54.0853881835938
"2017-03-22",81.9599990844727,82.0899963378906,81.4300003051758,81.7600021362305,11168400,54.0391235351562
"2017-03-23",81.629997253418,82.2200012207031,81.4599990844727,81.8600006103516,8928000,54.1052093505859
"2017-03-24",82.0299987792969,82.0299987792969,81.1500015258789,81.2300033569336,9128500,53.688835144043
"2017-03-27",80.8199996948242,81.4300003051758,80.7900009155273,81.25,8481200,53.7020378112793
"2017-03-28",81.3199996948242,82.0199966430664,80.9599990844727,81.8399963378906,11028600,54.0920104980469
"2017-03-29",81.6900024414062,82.2799987792969,81.5500030517578,82.0199966430664,8495500,54.2109756469727
"2017-03-30",82.0299987792969,83.870002746582,81.9400024414062,83.6999969482422,44704900,55.3213653564453
"2017-03-31",83.2600021362305,83.3099975585938,81.8600006103516,82.0100021362305,21750400,54.2043800354004
"2017-04-03",82.0199966430664,82.3099975585938,81.3499984741211,82.0699996948242,11438700,54.2440147399902
"2017-04-04",82.0999984741211,82.4199981689453,81.3300018310547,82.370002746582,9270900,54.4423027038574
"2017-04-05",82.8499984741211,83.5500030517578,82.4700012207031,82.5299987792969,13809100,54.5480537414551
"2017-04-06",82.75,83.2099990844727,82.4599990844727,83.0100021362305,9554900,54.8653106689453
"2017-04-07",83.2399978637695,83.3600006103516,82.6800003051758,82.7600021362305,8909600,54.7000770568848
"2017-04-10",83.120002746582,83.4700012207031,82.9199981689453,83.129997253418,8885300,54.9446067810059
"2017-04-11",83.0800018310547,83.1699981689453,82.4199981689453,82.8399963378906,8576500,54.7529411315918
"2017-04-12",82.8600006103516,83.3499984741211,82.6999969482422,82.9700012207031,9516100,54.8388862609863
"2017-04-13",82.7200012207031,82.7300033569336,81.5699996948242,81.6900024414062,8667900,53.9928512573242
"2017-04-17",81.8499984741211,81.9700012207031,81.4400024414062,81.5800018310547,9577200,53.9201507568359
"2017-04-18",81.3199996948242,81.8199996948242,81.0299987792969,81.0500030517578,8821400,53.5698738098145
"2017-04-19",81.1699981689453,81.5100021362305,80.3000030517578,80.4899978637695,10764400,53.1997261047363
"2017-04-20",80.9499969482422,81.7399978637695,80.6999969482422,81.0100021362305,11649100,53.5434226989746
"2017-04-21",80.9300003051758,81,80.4700012207031,80.6900024414062,9816700,53.3319282531738
"2017-04-24",81.2799987792969,81.4000015258789,80.8099975585938,81.1100006103516,8729700,53.6095199584961
"2017-04-25",81.4300003051758,81.9300003051758,81.2799987792969,81.7300033569336,10733800,54.0193061828613
"2017-04-26",81.5199966430664,82.3300018310547,81.3899993896484,81.4000015258789,9445900,53.8011894226074
"2017-04-27",81.0699996948242,81.3000030517578,80.9400024414062,81.2600021362305,12385300,53.7086524963379
"2017-04-28",82.4599990844727,82.4899978637695,81.5599975585938,81.6500015258789,12072200,53.9664306640625
"2017-05-01",81.5100021362305,82.2099990844727,81.4800033569336,82.0599975585938,8664100,54.2374114990234
"2017-05-02",82.1399993896484,82.5899963378906,81.9000015258789,82.0500030517578,9102900,54.2308120727539
"2017-05-03",81.9700012207031,83.0699996948242,81.9100036621094,82.6999969482422,10289000,54.6604118347168
"2017-05-04",82.2900009155273,82.3600006103516,81.4000015258789,81.6399993896484,16164500,53.9598159790039
"2017-05-05",81.629997253418,82.2399978637695,81.6100006103516,82.0199966430664,10213000,54.2109756469727
"2017-05-08",82,82.9400024414062,82,82.8899993896484,8097100,54.786003112793
"2017-05-09",82.9599990844727,83,82.1600036621094,82.3099975585938,8647100,54.4026489257812
"2017-05-10",82.120002746582,82.370002746582,81.6500015258789,81.9100036621094,9520300,54.6495056152344
"2017-05-11",82.5899963378906,82.7099990844727,82.0999984741211,82.6100006103516,10047300,55.1165542602539
"2017-05-12",82.3899993896484,82.7099990844727,82.25,82.5500030517578,7480200,55.0765075683594
"2017-05-15",83,83.1800003051758,82.6500015258789,82.8000030517578,10881500,55.2433090209961
"2017-05-16",82.9000015258789,83.2300033569336,82.4499969482422,82.5500030517578,9574200,55.0765075683594
"2017-05-17",82.5500030517578,83.0400009155273,81.9599990844727,81.9899978637695,11151100,54.702880859375
"2017-05-18",81.7699966430664,82.1500015258789,81.4199981689453,81.75,9905800,54.5427627563477
"2017-05-19",82,82.0899963378906,81.6900024414062,81.9300003051758,13028500,54.6628494262695
"2017-05-22",82.1100006103516,82.3300018310547,81.9300003051758,82.2900009155273,9218700,54.9030494689941
"2017-05-23",82.3199996948242,82.8899993896484,82.2399978637695,82.5800018310547,6857200,55.0965156555176
"2017-05-24",82.4199981689453,82.5400009155273,82.0100021362305,82.2900009155273,8136000,54.9030494689941
"2017-05-25",82.3300018310547,82.7099990844727,81.5199966430664,81.75,12370900,54.5427627563477
"2017-05-26",81.6100006103516,81.8000030517578,80.8300018310547,81.5500030517578,8227100,54.4093132019043
"2017-05-30",81.2799987792969,81.3399963378906,81.0400009155273,81.0999984741211,8973600,54.1090965270996
"2017-05-31",80.9400024414062,80.9499969482422,80.4700012207031,80.5,13572300,53.7087745666504
"2017-06-01",80.370002746582,80.9000015258789,80.1900024414062,80.6999969482422,9884100,53.8422088623047
"2017-06-02",80.5899963378906,80.6800003051758,79.2600021362305,79.5,21687300,53.0415916442871
"2017-06-05",79.4400024414062,80.3899993896484,79.4000015258789,80.120002746582,11527100,53.4552421569824
"2017-06-06",80.3000030517578,81.3199996948242,80.2200012207031,81.2099990844727,12208600,54.1824722290039
"2017-06-07",81.0500030517578,81.4000015258789,80.3399963378906,80.9100036621094,13096500,53.9823226928711
"2017-06-08",80.9100036621094,81.0800018310547,80.4899978637695,80.620002746582,11720700,53.7888336181641
"2017-06-09",81.1500015258789,82.1399993896484,80.6900024414062,82.129997253418,13553900,54.7962913513184
"2017-06-12",82.129997253418,83.6900024414062,82.129997253418,82.9300003051758,18172900,55.3300514221191
"2017-06-13",82.8499984741211,83.2699966430664,82.5699996948242,82.9599990844727,12175500,55.3500442504883
"2017-06-14",82.8099975585938,82.8199996948242,81.5599975585938,82.0699996948242,13714000,54.7562637329102
"2017-06-15",81.7799987792969,82.4000015258789,81.5800018310547,82.2600021362305,11862600,54.8830184936523
"2017-06-16",82.6100006103516,83.5400009155273,82.1999969482422,83.4899978637695,39726100,55.7036819458008
"2017-06-19",83.4899978637695,83.4899978637695,82.5500030517578,82.7600021362305,10445700,55.2166175842285
"2017-06-20",82.0699996948242,82.4700012207031,81.4100036621094,82.3099975585938,13232600,54.9163780212402
"2017-06-21",82.0400009155273,82.629997253418,81.1399993896484,81.4400024414062,11422300,54.3359222412109
"2017-06-22",81.4499969482422,81.5800018310547,80.9000015258789,81.0800018310547,8139900,54.0957412719727
"2017-06-23",80.8499984741211,81.6900024414062,80.7600021362305,81.6100006103516,10611200,54.4493446350098
"2017-06-26",81.5699996948242,81.75,80.9100036621094,81.2399978637695,7718700,54.2024765014648
"2017-06-27",81.4499969482422,81.7300033569336,81.1100006103516,81.1100006103516,9221600,54.1157722473145
"2017-06-28",81.4100036621094,81.7600021362305,81.1900024414062,81.5299987792969,9189700,54.3959808349609
"2017-06-29",81.370002746582,81.8399963378906,80.4100036621094,80.6999969482422,20525100,53.8422088623047
"2017-06-30",81.0800018310547,81.2399978637695,80.6999969482422,80.7300033569336,14000600,53.8622398376465
"2017-07-03",80.7900009155273,82.4899978637695,80.7200012207031,82.0999984741211,8422300,54.7762680053711
"2017-07-05",81.6800003051758,81.6800003051758,80.5199966430664,80.8499984741211,9830800,53.9423065185547
"2017-07-06",80.8600006103516,81.0800018310547,80.0899963378906,80.120002746582,9822400,53.4552421569824
"2017-07-07",80.1999969482422,80.5999984741211,79.8099975585938,80.2200012207031,10777800,53.5219650268555
"2017-07-10",80,80.4100036621094,79.9599990844727,80.1600036621094,6338300,53.4819412231445
"2017-07-11",80.3300018310547,80.75,80.0400009155273,80.5999984741211,9681100,53.7754898071289
"2017-07-12",81.1900024414062,81.5199966430664,80.75,80.9599990844727,7974000,54.0156860351562
"2017-07-13",80.9700012207031,81.0899963378906,80.7300033569336,80.9700012207031,5582300,54.0223426818848
"2017-07-14",81,81.4100036621094,80.7699966430664,81.2799987792969,7497200,54.2291641235352
"2017-07-17",81,81.4300003051758,80.8300018310547,80.8600006103516,7914700,53.9489631652832
"2017-07-18",81.0199966430664,81.0800018310547,80.4100036621094,80.5999984741211,8046100,53.7754898071289
"2017-07-19",80.4400024414062,80.870002746582,80.2699966430664,80.8499984741211,9393200,53.9423065185547
"2017-07-20",80.9700012207031,81.4899978637695,80.75,80.8600006103516,9681000,53.9489631652832
"2017-07-21",80.6500015258789,80.8399963378906,80,80.120002746582,12268600,53.4552421569824
"2017-07-24",80.0599975585938,80.2200012207031,79.7600021362305,79.870002746582,9403000,53.2884254455566
"2017-07-25",80.7699966430664,81.0500030517578,80.2699966430664,80.2699966430664,11465300,53.5553169250488
"2017-07-26",80.5800018310547,80.9000015258789,80.1999969482422,80.370002746582,10465100,53.6220321655273
"2017-07-27",80.2399978637695,80.879997253418,79.9000015258789,80.8300018310547,11149700,53.9289627075195
"2017-07-28",79.6500015258789,79.9199981689453,78.2699966430664,79.5999984741211,22800800,53.1082992553711
"2017-07-31",79.8300018310547,80.3899993896484,79.5999984741211,80.0400009155273,12820200,53.4018707275391
"2017-08-01",80.1600036621094,80.5400009155273,79.9700012207031,80.1699981689453,10421200,53.488582611084
"2017-08-02",79.9000015258789,80.6399993896484,79.8000030517578,80.5999984741211,10410100,53.7754898071289
"2017-08-03",80.3399963378906,80.8199996948242,80.3000030517578,80.4899978637695,10136700,53.7020988464355
"2017-08-04",80.4400024414062,80.5599975585938,80.0500030517578,80.2099990844727,8292200,53.5152778625488
"2017-08-07",80.1699981689453,80.1699981689453,79.8600006103516,80.1600036621094,7893800,53.4819412231445
"2017-08-08",80.0199966430664,80.2200012207031,79.8300018310547,79.9599990844727,9028400,53.3484954833984
"2017-08-09",80.25,80.3499984741211,79.7799987792969,80.2099990844727,8087100,53.5152778625488
"2017-08-10",79.7600021362305,79.7799987792969,78.9100036621094,78.9700012207031,12580300,53.1986656188965
"2017-08-11",79.2099990844727,79.25,78.1999969482422,78.2099990844727,10192400,52.6866874694824
"2017-08-14",78.620002746582,78.7900009155273,78.120002746582,78.2300033569336,8862500,52.7001724243164
"2017-08-15",78.120002746582,78.25,77.6800003051758,78.0400009155273,10350900,52.5721817016602
"2017-08-16",78.0400009155273,78.1699981689453,77.3099975585938,77.4700012207031,9117100,52.1881828308105
"2017-08-17",77.2600021362305,77.2799987792969,76.2099990844727,76.2600021362305,13400400,51.3730621337891
"2017-08-18",76.1800003051758,77.1100006103516,76.0500030517578,76.6399993896484,14324300,51.6290435791016
"2017-08-21",76.4700012207031,76.620002746582,76.0800018310547,76.379997253418,10084900,51.4538955688477
"2017-08-22",76.5500030517578,77.3300018310547,76.5299987792969,76.7399978637695,9503600,51.696418762207
"2017-08-23",76.6999969482422,77.0100021362305,76.4700012207031,76.6100006103516,7054300,51.6088371276855
"2017-08-24",76.5,76.6500015258789,76.1999969482422,76.3300018310547,8678300,51.4202194213867
"2017-08-25",76.5599975585938,77.129997253418,76.4300003051758,76.7200012207031,6844900,51.6829261779785
"2017-08-28",76.9000015258789,76.9400024414062,76.2600021362305,76.4700012207031,8229700,51.5145416259766
"2017-08-29",76.2099990844727,76.4899978637695,76.0800018310547,76.4499969482422,7060400,51.5010414123535
"2017-08-30",76.2399978637695,76.4499969482422,76.0599975585938,76.0999984741211,8218000,51.2652778625488
"2017-08-31",76.2699966430664,76.4899978637695,76.0500030517578,76.3300018310547,15641700,51.4202194213867
"2017-09-01",76.370002746582,76.8499984741211,76.3199996948242,76.5699996948242,7361100,51.5818901062012
"2017-09-05",76.6399993896484,77.3600006103516,76.6100006103516,77.1800003051758,12784800,51.9928207397461
"2017-09-06",77.8899993896484,79.2200012207031,77.5800018310547,78.7799987792969,18574400,53.0706825256348
"2017-09-07",79.0199966430664,79.3300018310547,78.6100006103516,79.0299987792969,9836400,53.2390899658203
"2017-09-08",79.0100021362305,79.0400009155273,78.629997253418,78.8199996948242,8436000,53.0976295471191
"2017-09-11",79.4100036621094,79.4199981689453,78.9000015258789,79.25,12955800,53.3872756958008
"2017-09-12",79.4000015258789,79.6900024414062,79.2399978637695,79.5,7644400,53.5557250976562
"2017-09-13",79.5,79.7699966430664,79.379997253418,79.7699966430664,8369700,53.7375946044922
"2017-09-14",79.8499984741211,80.2300033569336,79.7699966430664,80.0899963378906,9072600,53.9531669616699
"2017-09-15",80.120002746582,80.2099990844727,79.5500030517578,80.0699996948242,16043700,53.939697265625
"2017-09-18",79.7900009155273,80.1399993896484,79.6999969482422,80.0899963378906,8594400,53.9531669616699
"2017-09-19",80.0599975585938,80.3899993896484,79.9899978637695,80.2200012207031,9277100,54.0407447814941
"2017-09-20",80.2799987792969,80.6600036621094,80.2600021362305,80.5500030517578,10606900,54.2630462646484
"2017-09-21",80.4899978637695,80.5299987792969,79.7600021362305,79.8899993896484,11984200,53.8184471130371
"2017-09-22",79.7200012207031,80.3000030517578,79.6699981689453,79.9199981689453,10205800,53.8386344909668
"2017-09-25",80.0299987792969,81,79.9800033569336,80.9800033569336,10496600,54.5527076721191
"2017-09-26",80.7099990844727,81,80.5599975585938,80.8899993896484,8755100,54.4920959472656
"2017-09-27",80.8899993896484,81.4499969482422,80.7900009155273,81.4300003051758,9724500,54.8558769226074
"2017-09-28",81.629997253418,82.4499969482422,81.5599975585938,82.1900024414062,15581700,55.3678359985352
"2017-09-29",81.9400024414062,82.0599975585938,81.5800018310547,81.9800033569336,9944000,55.2263870239258
"2017-10-02",81.3000030517578,81.8199996948242,81.25,81.629997253418,6777900,54.9906005859375
"2017-10-03",81.4100036621094,81.9700012207031,81.3000030517578,81.7600021362305,6082000,55.0781593322754
"2017-10-04",81.8000030517578,81.870002746582,81.4499969482422,81.7900009155273,6357100,55.0983695983887
"2017-10-05",81.7200012207031,82.2399978637695,81.5899963378906,82.0199966430664,7375900,55.2533302307129
"2017-10-06",81.7699966430664,81.8899993896484,81.3600006103516,81.7099990844727,6070600,55.0444831848145
"2017-10-09",81.8399963378906,82.1800003051758,81.7600021362305,82.0299987792969,7489900,55.2600631713867
"2017-10-10",82.3399963378906,82.7399978637695,82.0899963378906,82.2600021362305,7218500,55.4150009155273
"2017-10-11",82.1600036621094,82.7399978637695,82.1399993896484,82.5999984741211,7023700,55.6440582275391
"2017-10-12",82.3099975585938,82.5,82.1699981689453,82.4300003051758,6647500,55.5295219421387
"2017-10-13",82.7300033569336,83.0800018310547,82.3600006103516,82.4100036621094,7180000,55.516056060791
"2017-10-16",82.6999969482422,82.9499969482422,82.5400009155273,82.8099975585938,5734000,55.7855033874512
"2017-10-17",82.629997253418,82.9700012207031,82.5400009155273,82.9599990844727,6444100,55.8865661621094
"2017-10-18",82.9599990844727,83.3899993896484,82.5400009155273,82.7600021362305,6367100,55.7518424987793
"2017-10-19",82.3499984741211,83.0500030517578,82.3300018310547,82.7399978637695,7945500,55.7383346557617
"2017-10-20",82.8499984741211,83.129997253418,82.620002746582,83.1100006103516,9574100,55.9876098632812
"2017-10-23",83.1500015258789,83.7600021362305,83.0400009155273,83.2399978637695,9829900,56.0751876831055
"2017-10-24",83.5500030517578,83.8099975585938,83.3099975585938,83.4700012207031,7551200,56.2301368713379
"2017-10-25",83.4499969482422,83.7300033569336,82.9499969482422,83.1699981689453,9153300,56.0280265808105
"2017-10-26",83.370002746582,83.6500015258789,83.1100006103516,83.4700012207031,9154500,56.2301368713379
"2017-10-27",83,84.2399978637695,82.0100021362305,83.7099990844727,14866200,56.3918037414551
"2017-10-30",83.7099990844727,83.9499969482422,83.4100036621094,83.5400009155273,7811100,56.2772903442383
"2017-10-31",83.6500015258789,83.6800003051758,83.1699981689453,83.3499984741211,9754200,56.1492805480957
"2017-11-01",83.3899993896484,83.9400024414062,83.2600021362305,83.870002746582,9430000,56.499584197998
"2017-11-02",83.5999984741211,83.7099990844727,82.9100036621094,83.5299987792969,7775500,56.2705421447754
"2017-11-03",83.4199981689453,83.6399993896484,83.1600036621094,83.1800003051758,6903500,56.0347747802734
"2017-11-06",83.3000030517578,83.870002746582,83.0599975585938,83.75,9276700,56.418773651123
"2017-11-07",83.7399978637695,83.8199996948242,83.0299987792969,83.5800018310547,8471800,56.3042106628418
"2017-11-08",83.3600006103516,83.5,82.8600006103516,83.4700012207031,8691600,56.2301368713379
"2017-11-09",83.3000030517578,84.1399993896484,83.0800018310547,83.9700012207031,10528800,56.5669631958008
"2017-11-10",83.0100021362305,83.0800018310547,82.4199981689453,82.9400024414062,8693700,56.3901901245117
"2017-11-13",82.6500015258789,83.0899963378906,82.5999984741211,82.8899993896484,6720400,56.3561859130859
"2017-11-14",82.4199981689453,82.75,82.0899963378906,82.2399978637695,9251700,55.9142570495605
"2017-11-15",81.75,82.0899963378906,81.1500015258789,81.2099990844727,9663600,55.2139587402344
"2017-11-16",80.4400024414062,80.8499984741211,80.1500015258789,80.5599975585938,10527200,54.772045135498
"2017-11-17",80.3199996948242,80.6600036621094,80.1600036621094,80.2399978637695,9536400,54.5544738769531
"2017-11-20",80.2300033569336,80.6399993896484,80.0100021362305,80.5500030517578,8468600,54.7652435302734
"2017-11-21",80.6900024414062,81.25,80.6399993896484,80.870002746582,8838400,54.9828109741211
"2017-11-22",81.1600036621094,81.4100036621094,81.0500030517578,81.0999984741211,7941600,55.1391868591309
"2017-11-24",81.4400024414062,81.6999969482422,81.2200012207031,81.4199981689453,3851300,55.3567543029785
"2017-11-27",81.3199996948242,81.4000015258789,81.0199966430664,81.1100006103516,9127500,55.1459884643555
"2017-11-28",81.4100036621094,82,81.3099975585938,81.6699981689453,9794600,55.5267219543457
"2017-11-29",81.6500015258789,82.3099975585938,81.4800033569336,82.2699966430664,9725000,55.9346580505371
"2017-11-30",82.4499969482422,83.4000015258789,82.4100036621094,83.2900009155273,18592700,56.6281356811523
"2017-12-01",83.4400024414062,84.129997253418,82.4100036621094,83.4599990844727,13779300,56.743724822998
"2017-12-04",83.2099990844727,84.1800003051758,83,83.5699996948242,12597700,56.818531036377
"2017-12-05",83.4100036621094,83.7699966430664,82.7099990844727,82.8899993896484,9357200,56.3561859130859
"2017-12-06",82.8499984741211,83.1999969482422,82.2099990844727,82.2799987792969,13398900,55.941463470459
"2017-12-07",82.4000015258789,82.620002746582,82.1699981689453,82.5500030517578,11359600,56.1250114440918
"2017-12-08",82.4899978637695,82.9000015258789,82.2600021362305,82.6600036621094,11988600,56.1998023986816
"2017-12-11",83.0400009155273,83.25,82.7399978637695,83.0299987792969,8760700,56.4513702392578
"2017-12-12",82.8899993896484,83.379997253418,82.6999969482422,82.7600021362305,11307000,56.2678184509277
"2017-12-13",82.6100006103516,83.3000030517578,82.4800033569336,83.120002746582,10172700,56.5125541687012
"2017-12-14",83.0299987792969,83.3300018310547,82.8899993896484,82.9000015258789,9492400,56.3629760742188
"2017-12-15",83.1600036621094,83.2799987792969,82.870002746582,83.0299987792969,26582300,56.4513702392578
"2017-12-18",83.1800003051758,83.6699981689453,82.9100036621094,82.9400024414062,9363500,56.3901901245117
"2017-12-19",83.0299987792969,83.1699981689453,82.3300018310547,82.4400024414062,10285100,56.0502319335938
"2017-12-20",82.5999984741211,83.1399993896484,82.5199966430664,82.870002746582,10620300,56.3425979614258
"2017-12-21",83.3499984741211,84.2699966430664,82.9599990844727,83.8499984741211,13578100,57.0088768005371
"2017-12-22",83.879997253418,84.0199966430664,83.5999984741211,83.9700012207031,10161400,57.0904731750488
"2017-12-26",83.9599990844727,84.3600006103516,83.9000015258789,83.9800033569336,4777200,57.0972785949707
"2017-12-27",83.9899978637695,84.0999984741211,83.7399978637695,83.9000015258789,7000600,57.0428733825684
"2017-12-28",83.9800033569336,84.0500030517578,83.8000030517578,84.0199966430664,7495300,57.124454498291
"2017-12-29",84,84.1999969482422,83.6399993896484,83.6399993896484,8523400,56.8661079406738
"2018-01-02",83.8199996948242,85.1999969482422,83.6600036621094,85.0299987792969,11469300,57.811149597168
"2018-01-03",85.1600036621094,86.9700012207031,84.8199996948242,86.6999969482422,13957700,58.9465827941895
"2018-01-04",86.7900009155273,87.2200012207031,86.4300003051758,86.8199996948242,10863000,59.0281562805176
"2018-01-05",86.75,86.879997253418,85.7099990844727,86.75,11047600,58.9805717468262
"2018-01-08",86.6999969482422,87.1500015258789,86.5999984741211,87.1399993896484,10927100,59.2457160949707
"2018-01-09",86.9400024414062,87.1500015258789,86.6500015258789,86.7699966430664,8131600,58.9941673278809
"2018-01-10",87,87.1900024414062,85.9800033569336,86.0800018310547,10822300,58.5250244140625
"2018-01-11",86.3600006103516,87.370002746582,85.9300003051758,86.9300003051758,14366000,59.1029510498047
"2018-01-12",87.1999969482422,87.9899978637695,87.1800003051758,87.5199966430664,9834500,59.504077911377
"2018-01-16",87.7399978637695,87.7600021362305,86.5999984741211,86.9700012207031,10882800,59.1301383972168
"2018-01-17",87.1999969482422,88.2099990844727,86.9300003051758,88,10546000,59.8304176330566
"2018-01-18",87.7699966430664,88.1900024414062,87.3399963378906,87.4300003051758,9223700,59.4428825378418
"2018-01-19",87.5699996948242,87.7600021362305,86.6100006103516,87.1500015258789,13090000,59.2525215148926
"2018-01-22",87.1699981689453,88.2900009155273,87.0500030517578,88.25,10270400,60.0004043579102
"2018-01-23",88.25,88.4599990844727,87.7399978637695,88.3000030517578,10281800,60.0343933105469
"2018-01-24",88.4899978637695,88.9199981689453,88.0100021362305,88.5299987792969,10316100,60.1907615661621
"2018-01-25",88.5500030517578,88.870002746582,88.1999969482422,88.370002746582,11271900,60.0819931030273
"2018-01-26",88.6399993896484,89,88.4700012207031,89,10514400,60.5103302001953
"2018-01-29",88.5899963378906,89.3000030517578,87.9499969482422,88.0100021362305,9315700,59.8372230529785
"2018-01-30",87.5400009155273,88.379997253418,86.7799987792969,86.7799987792969,12408000,59.0009536743164
"2018-01-31",86.5599975585938,87.4700012207031,86.3300018310547,87.3000030517578,14404700,59.3545227050781
"2018-02-01",87.5,89.25,87.3499984741211,89.0699996948242,17971000,60.557918548584
"2018-02-02",85.129997253418,86.0100021362305,83,84.5299987792969,29822100,57.4712219238281
"2018-02-05",83.2799987792969,83.9899978637695,78.129997253418,79.7200012207031,30452700,54.2009429931641
"2018-02-06",78.5100021362305,80.3499984741211,76.9000015258789,78.3499984741211,36262800,53.269474029541
"2018-02-07",78.4400024414062,79.4100036621094,76.9199981689453,76.9400024414062,21994500,52.3108329772949
"2018-02-08",77.4400024414062,77.5800018310547,76.0299987792969,76.0699996948242,25650800,51.7193260192871
"2018-02-09",76.25,76.4800033569336,73.9000015258789,75.7799987792969,29491600,52.049015045166
"2018-02-12",77.0500030517578,77.620002746582,75.8399963378906,76.4199981689453,19340400,52.4885902404785
"2018-02-13",76.0999984741211,76.75,75.7300033569336,76.3000030517578,11926600,52.4061660766602
"2018-02-14",75.7900009155273,76.6600036621094,75.1699981689453,76.4599990844727,17188400,52.5160636901855
"2018-02-15",76.620002746582,76.6999969482422,75.4499969482422,76.2099990844727,14432400,52.3443489074707
"2018-02-16",76.1500015258789,77.120002746582,75.8499984741211,76.5400009155273,13722400,52.5710105895996
"2018-02-20",76.4700012207031,77.4700012207031,75.4599990844727,75.75,13387300,52.0284080505371
"2018-02-21",75.8199996948242,76.4400024414062,74.870002746582,74.8899993896484,11715000,51.4377174377441
"2018-02-22",75.3000030517578,76.8399963378906,75.1900024414062,75.8600006103516,14020200,52.1039543151855
"2018-02-23",76.0899963378906,77.620002746582,75.9499969482422,77.5299987792969,13378800,53.2509880065918
"2018-02-26",77.7399978637695,78.9300003051758,77.5599975585938,78.8399963378906,16940400,54.1507453918457
"2018-02-27",79,79.870002746582,77.5,77.5,14629500,53.2303924560547
"2018-02-28",78.1600036621094,78.25,75.6999969482422,75.7399978637695,17087800,52.0215301513672
"2018-03-01",75.5299987792969,76.6800003051758,74.8600006103516,75.1999969482422,15696700,51.6506500244141
"2018-03-02",74.8899993896484,75.870002746582,74.4800033569336,75.5500030517578,15630300,51.891040802002
"2018-03-05",75.2300033569336,76.5599975585938,75.120002746582,76.2699966430664,14891000,52.385570526123
"2018-03-06",76.6699981689453,76.9800033569336,75.8600006103516,76.1800003051758,10754300,52.3237571716309
"2018-03-07",75,75.2399978637695,73.5599975585938,74.2600021362305,27255500,51.0050239562988
"2018-03-08",74.5,74.7699966430664,73.6900024414062,74.120002746582,19299800,50.9088478088379
"2018-03-09",74.8199996948242,75.0599975585938,74.2099990844727,74.5599975585938,19714100,51.211067199707
"2018-03-12",74.870002746582,75.5800018310547,74.6900024414062,75.2399978637695,14226700,51.6781196594238
"2018-03-13",75.3300018310547,75.8199996948242,74.25,74.5299987792969,13739700,51.1904563903809
"2018-03-14",74.6399993896484,74.7900009155273,73.5299987792969,73.5999984741211,14820700,50.551685333252
"2018-03-15",74.3499984741211,75,74.0999984741211,74.4199981689453,15640600,51.1149063110352
"2018-03-16",74.3600006103516,75.120002746582,74.3600006103516,75.120002746582,32109700,51.5956840515137
"2018-03-19",75,75.0100021362305,73.8600006103516,74.1500015258789,12744800,50.9294509887695
"2018-03-20",74.2200012207031,74.6999969482422,73.9499969482422,73.9899978637695,13003200,50.8195533752441
"2018-03-21",74.2300033569336,75.6399993896484,73.9800033569336,75.0400009155273,15418500,51.5407524108887
"2018-03-22",74.4199981689453,74.6999969482422,73.3899993896484,73.5,17737000,50.4830017089844
"2018-03-23",73.8099975585938,74.2099990844727,72.6699981689453,72.8899993896484,20157300,50.0640335083008
"2018-03-26",73.6500015258789,74.1500015258789,72.75,74,15032700,50.8264274597168
"2018-03-27",74,74.8899993896484,73.2799987792969,73.6999969482422,15821900,50.6203842163086
"2018-03-28",73.7399978637695,74.0100021362305,72.7799987792969,72.8099975585938,18163900,50.0090827941895
"2018-03-29",73.3300018310547,74.8899993896484,73.2600021362305,74.6100006103516,14882900,51.2454071044922
"2018-04-02",74.2699966430664,74.4000015258789,72.1600036621094,73.2200012207031,17891100,50.2906761169434
"2018-04-03",73.4499969482422,75.1399993896484,73.0999984741211,75.0199966430664,15999200,51.5270118713379
"2018-04-04",74.0500030517578,75.0599975585938,73.4400024414062,74.870002746582,13122200,51.4240112304688
"2018-04-05",75.0599975585938,76.3199996948242,75.0199966430664,76.0199966430664,14200000,52.2138519287109
"2018-04-06",75.6399993896484,76.120002746582,74.2200012207031,74.870002746582,14299600,51.4240112304688
"2018-04-09",75.2200012207031,75.7900009155273,74.8000030517578,74.870002746582,11103100,51.4240112304688
"2018-04-10",76.0800018310547,77.7699966430664,76.0599975585938,77.0699996948242,19006100,52.9350471496582
"2018-04-11",77.1100006103516,78.0400009155273,76.75,77.4300003051758,13734000,53.1823081970215
"2018-04-12",77.8600006103516,78.1399993896484,77.0100021362305,77.2200012207031,13270400,53.0380744934082
"2018-04-13",77.8000030517578,78.1900024414062,77.5999984741211,77.8399963378906,10925000,53.4639129638672
"2018-04-16",78.120002746582,79.0800018310547,77.7099990844727,78.5400009155273,10743600,53.9446907043457
"2018-04-17",78.5400009155273,78.7600021362305,78.0400009155273,78.3300018310547,10478100,53.8004531860352
"2018-04-18",79.0400009155273,79.7600021362305,78.9400024414062,79.2200012207031,12061400,54.4117660522461
"2018-04-19",79.3199996948242,79.8199996948242,78.8099975585938,79.4199981689453,11291500,54.549129486084
"2018-04-20",79.3199996948242,79.4000015258789,78.3300018310547,79,12072200,54.2606506347656
"2018-04-23",78.9199981689453,79.5999984741211,78.75,79.5699996948242,11729800,54.652156829834
"2018-04-24",79.8000030517578,79.9300003051758,77.9700012207031,78.3499984741211,14102000,53.8142051696777
"2018-04-25",78.1999969482422,79.620002746582,77.4899978637695,79.5,13867500,54.6040649414062
"2018-04-26",79.5999984741211,80.9000015258789,79.5299987792969,80.8600006103516,14554400,55.5381813049316
"2018-04-27",76.9499969482422,78.6500015258789,76.4800033569336,77.7900009155273,16346800,53.4295539855957
"2018-04-30",77.9100036621094,78.5599975585938,77.7399978637695,77.75,15028800,53.4020919799805
"2018-05-01",77.2600021362305,77.2600021362305,75.9800033569336,76.9499969482422,16231000,52.852611541748
"2018-05-02",76.4499969482422,77.2300033569336,76.3000030517578,76.8000030517578,13883700,52.7495880126953
"2018-05-03",76.3899993896484,76.6100006103516,75.4000015258789,76.5400009155273,12243100,52.5710105895996
"2018-05-04",76.129997253418,77.2200012207031,75.9400024414062,76.9000015258789,9887200,52.8182640075684
"2018-05-07",77.7399978637695,79.0800018310547,77.4000015258789,77.7399978637695,15071500,53.3952293395996
"2018-05-08",77.8000030517578,78.1600036621094,76.370002746582,78.0899963378906,17430400,53.6356201171875
"2018-05-09",78.9800033569336,80.2399978637695,78.9499969482422,79.9300003051758,17142100,54.8994140625
"2018-05-10",80.6399993896484,81.7900009155273,80.5,81.7200012207031,17710300,56.1288566589355
"2018-05-11",81.1800003051758,81.9700012207031,80.9100036621094,81.2799987792969,14751000,56.3925132751465
"2018-05-14",81.6999969482422,82.3199996948242,81.6100006103516,81.8300018310547,11852100,56.7741012573242
"2018-05-15",81.8499984741211,82.0299987792969,81.4000015258789,81.7900009155273,12595700,56.7463493347168
"2018-05-16",81.7600021362305,82.0500030517578,81.1699981689453,82.0199966430664,9570000,56.9059181213379
"2018-05-17",82.1999969482422,82.2799987792969,81.4400024414062,81.879997253418,11224100,56.8087882995605
"2018-05-18",81.5500030517578,81.8000030517578,81.2600021362305,81.3000030517578,10030900,56.406379699707
"2018-05-21",81.7300033569336,82.3499984741211,81.5199966430664,82.2799987792969,8822400,57.0863151550293
"2018-05-22",82.4400024414062,82.6500015258789,81.3499984741211,81.6399993896484,10753400,56.6422805786133
"2018-05-23",80.9499969482422,82.2300033569336,80.5699996948242,82.1500015258789,15140900,56.9961242675781
"2018-05-24",81.3499984741211,81.3600006103516,79.9499969482422,80.2699966430664,13360500,55.6917533874512
"2018-05-25",79.2799987792969,79.3300018310547,78.0899963378906,78.7099990844727,14562000,54.609432220459
"2018-05-29",78.1500015258789,78.7300033569336,77.5299987792969,78.4199981689453,14644800,54.4082107543945
"2018-05-30",79.25,81.6600036621094,79.2200012207031,81.5,16627500,56.5451545715332
"2018-05-31",80.8099975585938,81.5500030517578,80.6900024414062,81.2399978637695,15803100,56.3647575378418
"2018-06-01",81.870002746582,82.3499984741211,81.5500030517578,81.8300018310547,9906100,56.7741012573242
"2018-06-04",82.0500030517578,82.5299987792969,80.8099975585938,80.9700012207031,10954700,56.1774253845215
"2018-06-05",80.5899963378906,81.6500015258789,80.4100036621094,80.6800003051758,12059300,55.9762306213379
"2018-06-06",81.4800033569336,82.0899963378906,80.870002746582,82.0599975585938,11603300,56.9336814880371
"2018-06-07",82.7300033569336,83.2900009155273,82.5599975585938,82.879997253418,13502500,57.5025939941406
"2018-06-08",83.1100006103516,83.6600036621094,82.5,83.5999984741211,14350400,58.0021324157715
"2018-06-11",83.7200012207031,83.7900009155273,82.9300003051758,83.0999984741211,10831600,57.6552314758301
"2018-06-12",83.1100006103516,83.75,82.3199996948242,82.4199981689453,12351800,57.1834487915039
"2018-06-13",82.4400024414062,82.5999984741211,81.4700012207031,81.5100021362305,12049300,56.5520896911621
"2018-06-14",81.9400024414062,82.3000030517578,81.5,81.8899993896484,11477300,56.8157386779785
"2018-06-15",81.7200012207031,81.8199996948242,80.5100021362305,80.6600036621094,23797500,55.9623603820801
"2018-06-18",80.4000015258789,81.379997253418,80.3000030517578,80.8199996948242,9192600,56.073356628418
"2018-06-19",79.8899993896484,80.9599990844727,79.7099990844727,80.6999969482422,8759700,55.9901008605957
"2018-06-20",80.8499984741211,81.129997253418,80.2699966430664,80.4499969482422,8917700,55.8166465759277
"2018-06-21",80.0199966430664,80.379997253418,79.3300018310547,79.6900024414062,10990700,55.2893524169922
"2018-06-22",81.1600036621094,81.9400024414062,80.9199981689453,81.379997253418,16012200,56.4618911743164
"2018-06-25",80.7799987792969,81.2399978637695,79.3000030517578,79.7399978637695,10557200,55.324047088623
"2018-06-26",80.1500015258789,81.0100021362305,79.9700012207031,80.6399993896484,10382800,55.9484634399414
"2018-06-27",81.0599975585938,82.4800033569336,81.0599975585938,81.7099990844727,12725900,56.6908340454102
"2018-06-28",81.7300033569336,82.0699996948242,81.0299987792969,81.9700012207031,9390700,56.8712272644043
"2018-06-29",82.4499969482422,83.5400009155273,82.2900009155273,82.7300033569336,17323200,57.3985214233398
"2018-07-02",81.8899993896484,82.129997253418,81.3199996948242,81.7600021362305,9998300,56.7255401611328
"2018-07-03",82.5800018310547,83.4499969482422,82.0800018310547,82.2399978637695,7197300,57.0585517883301
"2018-07-05",82.5899963378906,82.7699966430664,82.0500030517578,82.3099975585938,9035700,57.1071243286133
"2018-07-06",81.9599990844727,82.6999969482422,81.6600036621094,82.3300018310547,7637100,57.1209945678711
"2018-07-09",82.8099975585938,83.129997253418,82.5599975585938,82.9000015258789,7158600,57.5164680480957
"2018-07-10",83.6999969482422,84.120002746582,83.5100021362305,83.6600036621094,8806200,58.0437660217285
"2018-07-11",83.0299987792969,83.5299987792969,82.0299987792969,82.5899963378906,10405300,57.3013916015625
"2018-07-12",83.0100021362305,83.2399978637695,82.3099975585938,82.6900024414062,9762200,57.3707962036133
"2018-07-13",82.6800003051758,83.75,82.5599975585938,83.3099975585938,8720000,57.8009414672852
"2018-07-16",82.5199966430664,82.7900009155273,82,82.4899978637695,8306900,57.2320289611816
"2018-07-17",82.2600021362305,82.75,82.0400009155273,82.3099975585938,7373300,57.1071243286133
"2018-07-18",81.8000030517578,82.3199996948242,81.4899978637695,82.2200012207031,8711900,57.0446929931641
"2018-07-19",82.1999969482422,82.620002746582,81.7200012207031,82.0100021362305,8659100,56.8989868164062
"2018-07-20",81.7200012207031,81.9300003051758,81.25,81.4000015258789,9196300,56.4757843017578
"2018-07-23",81.9499969482422,82,81.1800003051758,81.4000015258789,8425900,56.4757843017578
"2018-07-24",81.5199966430664,83.0199966430664,81.4800033569336,83.0100021362305,11121000,57.5927963256836
"2018-07-25",83.0100021362305,83.7399978637695,82.5100021362305,83.5899963378906,9523600,57.9951934814453
"2018-07-26",83.8300018310547,84.4000015258789,83.370002746582,84.2399978637695,13210100,58.446174621582
"2018-07-27",80.9700012207031,82.379997253418,80.8099975585938,81.9199981689453,18220800,56.8365478515625
"2018-07-30",82.129997253418,82.129997253418,80.7099990844727,81.7399978637695,11282800,56.7116546630859
"2018-07-31",81.6399993896484,82.1500015258789,81.4400024414062,81.5100021362305,11716800,56.5520896911621
"2018-08-01",80.8899993896484,80.9300003051758,80.2200012207031,80.3899993896484,8936300,55.7750205993652
"2018-08-02",79.8899993896484,80.2600021362305,79.4499969482422,79.9100036621094,8364300,55.4420127868652
"2018-08-03",79.9700012207031,80.3000030517578,79.629997253418,80.1999969482422,7811100,55.6431884765625
"2018-08-06",80.25,80.4300003051758,79.7399978637695,80.1800003051758,10041800,55.6293334960938
"2018-08-07",80.9100036621094,81.5899963378906,80.3099975585938,81.2699966430664,10698100,56.385570526123
"2018-08-08",81.0199966430664,81.2300033569336,80.3499984741211,80.7300033569336,7275000,56.0109176635742
"2018-08-09",80.7300033569336,80.9100036621094,80.1100006103516,80.3199996948242,9828500,55.7264442443848
"2018-08-10",79.5100021362305,79.5199966430664,78.8600006103516,79.4199981689453,12954300,55.6703796386719
"2018-08-13",79.4499969482422,79.75,78.4300003051758,78.5599975585938,10308500,55.0675430297852
"2018-08-14",78.9899978637695,79.0699996948242,78.0800018310547,78.3099975585938,8005900,54.8923072814941
"2018-08-15",77.7799987792969,77.9000015258789,76.5100021362305,76.9400024414062,16307800,53.9319877624512
"2018-08-16",77.2799987792969,78.0999984741211,77.1999969482422,78,11519900,54.6750106811523
"2018-08-17",78.3399963378906,78.4899978637695,77.8000030517578,78.2600021362305,10178400,54.8572731018066
"2018-08-20",78.2600021362305,79,78.1699981689453,78.8099975585938,8152100,55.2427864074707
"2018-08-21",79.0500030517578,79.5800018310547,78.6699981689453,78.8300018310547,9192200,55.2568092346191
"2018-08-22",79.1100006103516,80.0500030517578,79.0199966430664,79.9599990844727,10098200,56.0489082336426
"2018-08-23",79.5599975585938,79.629997253418,78.9000015258789,79.0800018310547,7203900,55.4320335388184
"2018-08-24",79.5199966430664,80.0500030517578,79.4199981689453,79.620002746582,6545200,55.8105621337891
"2018-08-27",79.9100036621094,80.4700012207031,79.8600006103516,80.4000015258789,6671900,56.3573188781738
"2018-08-28",80.5800018310547,80.8199996948242,80.1999969482422,80.2799987792969,8823400,56.2732009887695
"2018-08-29",80.4400024414062,81.0400009155273,80.0999984741211,80.8600006103516,8004800,56.6797561645508
"2018-08-30",80.4499969482422,80.7799987792969,80.120002746582,80.5100021362305,7450900,56.4344329833984
"2018-08-31",80.2399978637695,80.4599990844727,79.7699966430664,80.1699981689453,10700000,56.1960983276367
"2018-09-04",80.4100036621094,80.6900024414062,79.8099975585938,80.2900009155273,8855000,56.280216217041
"2018-09-05",79.9000015258789,81.4300003051758,79.5999984741211,81.3600006103516,13878400,57.0302505493164
"2018-09-06",81.1100006103516,81.6399993896484,80.3399963378906,80.4599990844727,13320600,56.3993835449219
"2018-09-07",80.1500015258789,81.9300003051758,79.8199996948242,81.8300018310547,16417800,57.359691619873
"2018-09-10",82.2399978637695,82.7399978637695,81.6600036621094,81.7099990844727,10817900,57.2755699157715
"2018-09-11",81.9599990844727,83.1900024414062,81.629997253418,82.8600006103516,11891900,58.0816802978516
"2018-09-12",83.25,83.7799987792969,82.870002746582,83.129997253418,11556300,58.2709350585938
"2018-09-13",83.1500015258789,83.25,82.0100021362305,82.3199996948242,11162700,57.7031631469727
"2018-09-14",82.4199981689453,83.1500015258789,82.2699966430664,82.9199981689453,9442600,58.1237411499023
"2018-09-17",83,83.6100006103516,82.9899978637695,83.4100036621094,8403300,58.4672241210938
"2018-09-18",83.9000015258789,84.129997253418,83.4499969482422,83.629997253418,9219900,58.6214218139648
"2018-09-19",83.6399993896484,84.7699966430664,83.6399993896484,84.629997253418,10413600,59.3223838806152
"2018-09-20",84.8600006103516,85.3399963378906,84.5400009155273,84.8199996948242,11198200,59.4555854797363
"2018-09-21",85.0100021362305,85.4300003051758,84.5199966430664,85.1699981689453,26639400,59.7009086608887
"2018-09-24",85.7900009155273,87.0899963378906,85.7200012207031,86.5999984741211,13549500,60.7032852172852
"2018-09-25",87.0299987792969,87.3600006103516,86.370002746582,86.5,12200700,60.6331787109375
"2018-09-26",86.0199966430664,86.5,85.6900024414062,85.7799987792969,10275500,60.1284942626953
"2018-09-27",86.0899963378906,86.379997253418,85.5899963378906,85.7699966430664,7895400,60.1214790344238
"2018-09-28",85.25,85.9300003051758,84.9899978637695,85.0199966430664,9884900,59.5957717895508
"2018-10-01",85.3499984741211,86.0299987792969,85.2600021362305,85.8099975585938,8566900,60.1495246887207
"2018-10-02",85.8000030517578,86.6699981689453,85.620002746582,86.4599990844727,8453100,60.6051445007324
"2018-10-03",86.5100021362305,86.8899993896484,85.9800033569336,86.1500015258789,10206700,60.3878479003906
"2018-10-04",85.5,86.0800018310547,85.25,85.5800018310547,10204600,59.9883041381836
"2018-10-05",85.3099975585938,85.6999969482422,84.9300003051758,85.3399963378906,9217400,59.8200492858887
"2018-10-08",84.7900009155273,86.3099975585938,84.6500015258789,86.129997253418,13242400,60.3738479614258
"2018-10-09",86.379997253418,86.879997253418,85.7399978637695,86.5100021362305,10177900,60.6401863098145
"2018-10-10",86.7300033569336,86.8199996948242,84.5,84.5199966430664,16573400,59.2452850341797
"2018-10-11",83.9400024414062,84.1699981689453,81.1699981689453,81.5999984741211,20320100,57.198486328125
"2018-10-12",82.129997253418,82.2399978637695,80.2699966430664,81.379997253418,15216300,57.0442771911621
"2018-10-15",81.379997253418,81.7399978637695,80.8199996948242,80.8199996948242,10558800,56.651725769043
"2018-10-16",80.5100021362305,81.2699966430664,80.0100021362305,81.1999969482422,9781800,56.918083190918
"2018-10-17",80.9400024414062,81.5199966430664,80.3399963378906,81.5,12247700,57.1283912658691
"2018-10-18",81.1999969482422,82.4700012207031,81.1999969482422,81.8499984741211,17448600,57.373706817627
"2018-10-19",81.6600036621094,82.4599990844727,81.5100021362305,81.9700012207031,12098700,57.4578323364258
"2018-10-22",82,82.1800003051758,80.6399993896484,81.1500015258789,9474100,56.8830337524414
"2018-10-23",80.0599975585938,80.4599990844727,78.7200012207031,79.8399963378906,15465100,55.9647789001465
"2018-10-24",80.129997253418,80.2600021362305,77.5500030517578,77.620002746582,16085700,54.4086494445801
"2018-10-25",78.4899978637695,79.0500030517578,77.7399978637695,78.3099975585938,12315500,54.8923072814941
"2018-10-26",77.870002746582,78.4100036621094,76.9599990844727,77.5299987792969,18160100,54.3455543518066
"2018-10-29",78.0699996948242,78.4300003051758,76.2200012207031,77.0500030517578,15707000,54.0090827941895
"2018-10-30",77.620002746582,79.0299987792969,77.4199981689453,78.7799987792969,17758200,55.2217597961426
"2018-10-31",79.3399963378906,80.3499984741211,78.9000015258789,79.6800003051758,16629100,55.8526306152344
"2018-11-01",79.8300018310547,80.75,79.3000030517578,80.6699981689453,14159300,56.5465698242188
"2018-11-02",81.7600021362305,82.4499969482422,80.2300033569336,81.9499969482422,19350400,57.4438171386719
"2018-11-05",82.5,82.870002746582,81.4400024414062,81.6399993896484,15815000,57.2265129089355
"2018-11-06",81.7399978637695,82.0999984741211,81.3499984741211,81.9899978637695,9063200,57.4718437194824
"2018-11-07",82.2099990844727,83.1399993896484,81.6600036621094,83.0299987792969,12699800,58.2008628845215
"2018-11-08",83.129997253418,83.75,81.5400009155273,81.7099990844727,16865500,57.2755699157715
"2018-11-09",80.2600021362305,81.4000015258789,79.6900024414062,80.870002746582,15070100,57.2614288330078
"2018-11-12",81.6600036621094,81.7300033569336,79.7300033569336,79.8300018310547,11906600,56.5250282287598
"2018-11-13",79.8000030517578,79.8499984741211,77.6399993896484,78,15530200,55.2292633056641
"2018-11-14",78.8600006103516,79.0899963378906,76.75,77.3899993896484,18552100,54.7973480224609
"2018-11-15",76.6699981689453,78.1900024414062,75.9100036621094,78.1900024414062,18976000,55.3638076782227
"2018-11-16",78.370002746582,79.1900024414062,78.0999984741211,78.9599990844727,13704900,55.9090156555176
"2018-11-19",78.4599990844727,79.3600006103516,78.4300003051758,79.2200012207031,9430800,56.0931167602539
"2018-11-20",78.4199981689453,78.9000015258789,76.370002746582,76.9700012207031,15533700,54.4999504089355
"2018-11-21",77.4300003051758,78.379997253418,77.2600021362305,77.5599975585938,9685300,54.9177207946777
"2018-11-23",76.0500030517578,76.1999969482422,74.6999969482422,75.4899978637695,10875400,53.4520072937012
"2018-11-26",76.2399978637695,77.3199996948242,76.120002746582,76.9800033569336,13741100,54.5070495605469
"2018-11-27",76.5699996948242,77.4499969482422,76.4000015258789,77.0500030517578,10344500,54.5565948486328
"2018-11-28",77.0400009155273,78.4499969482422,76.8399963378906,78.4499969482422,11482100,55.5478820800781
"2018-11-29",78.2200012207031,79.5299987792969,78.1900024414062,79.0599975585938,10255200,55.9798164367676
"2018-11-30",78.4499969482422,79.5999984741211,78.3199996948242,79.5,14040100,56.2913856506348
"2018-12-03",80.2399978637695,81.4599990844727,80.1399993896484,81.2200012207031,19415100,57.5092468261719
"2018-12-04",81.379997253418,81.9499969482422,79.3499984741211,79.4300003051758,18540700,56.2417907714844
"2018-12-06",78,78.4400024414062,76.9199981689453,78.3899993896484,23218100,55.5054092407227
"2018-12-07",79.3899993896484,80.3600006103516,77.3300018310547,77.6399993896484,16224700,54.9743690490723
"2018-12-10",77.8600006103516,77.8600006103516,74.8000030517578,76.5400009155273,17946200,54.1954803466797
"2018-12-11",77.6999969482422,77.8000030517578,75.6800003051758,76.6800003051758,15742400,54.294620513916
"2018-12-12",78.0400009155273,78.1999969482422,76.0199966430664,76.0199966430664,14559800,53.8272972106934
"2018-12-13",76.0299987792969,77.2200012207031,75.9499969482422,76.9800033569336,13749700,54.5070495605469
"2018-12-14",76.7200012207031,76.870002746582,75.0899963378906,75.5800018310547,12669300,53.515754699707
"2018-12-17",75.2600021362305,75.5999984741211,73.4800033569336,74.0400009155273,15464100,52.4253044128418
"2018-12-18",73.629997253418,73.8600006103516,71.620002746582,72,18681200,50.9808578491211
"2018-12-19",72.4499969482422,73.2699966430664,70.3000030517578,70.7799987792969,21679600,50.1170196533203
"2018-12-20",70.0899963378906,70.6600036621094,68.0500030517578,68.629997253418,28723700,48.5946769714355
"2018-12-21",68.1399993896484,70.370002746582,67.6699981689453,68.120002746582,47287300,48.2335548400879
"2018-12-24",66.870002746582,67.5299987792969,65.4400024414062,65.5100021362305,14262800,46.3855171203613
"2018-12-26",66.1800003051758,68.6600036621094,64.6500015258789,68.6399993896484,24887700,48.6017570495605
"2018-12-27",67.7399978637695,68.9400024414062,66.0800018310547,68.9400024414062,22077000,48.8141746520996
"2018-12-28",69.1800003051758,69.5800018310547,67.8199996948242,68.1699981689453,19710600,48.2689552307129
"2018-12-31",68.3199996948242,69.1500015258789,67.6600036621094,68.1900024414062,15807000,48.2831192016602
"2019-01-02",67.3499984741211,69.870002746582,67.2600021362305,69.6900024414062,16727200,49.3452224731445
"2019-01-03",70,70.25,68.3600006103516,68.620002746582,13866100,48.5875968933105
"2019-01-04",69.6399993896484,71.2699966430664,69.3600006103516,71.1500015258789,16043600,50.3790092468262
"2019-01-07",71.25,72.0999984741211,70.7399978637695,71.5199966430664,10844200,50.6409873962402
"2019-01-08",72.5400009155273,72.5899963378906,71.9400024414062,72.0400009155273,11439000,51.0091896057129
"2019-01-09",72.5999984741211,72.5999984741211,71.6500015258789,72.4199981689453,13473500,51.2782516479492
"2019-01-10",72.0699996948242,72.0800018310547,71.120002746582,72.0500030517578,13151100,51.0162620544434
"2019-01-11",71.8499984741211,71.8899993896484,71.0699996948242,71.7200012207031,9790100,50.7826042175293
"2019-01-14",71.2099990844727,71.7799987792969,71.120002746582,71.629997253418,11012400,50.7188758850098
"2019-01-15",71.9499969482422,72.3600006103516,71.3199996948242,71.6699981689453,10298300,50.7471885681152
"2019-01-16",71.4199981689453,72.379997253418,71.3099975585938,71.6399993896484,12595600,50.7259483337402
"2019-01-17",71.1900024414062,72.3399963378906,70.9000015258789,72.129997253418,10141700,51.0729064941406
"2019-01-18",73.2699966430664,73.2900009155273,72.129997253418,72.9899978637695,15759200,51.6818389892578
"2019-01-22",72.3899993896484,72.7099990844727,71.6800003051758,71.8899993896484,15035600,50.9029808044434
"2019-01-23",72.0100021362305,72.3000030517578,70.9300003051758,71.3000030517578,13187200,50.4852180480957
"2019-01-24",71.0999984741211,71.9700012207031,70.6399993896484,71.4000015258789,11272500,50.556022644043
"2019-01-25",72.0699996948242,72.2699966430664,71.5400009155273,71.7200012207031,8996200,50.7826042175293
"2019-01-28",71.0199966430664,71.2799987792969,70.370002746582,71.2399978637695,13678400,50.4427261352539
"2019-01-29",71.6999969482422,72.1900024414062,71.4800033569336,71.5100021362305,10513200,50.633903503418
"2019-01-30",71.7699966430664,72.5699996948242,71.5100021362305,72.2900009155273,11524700,51.1861991882324
"2019-01-31",72.2900009155273,73.4899978637695,72.0199966430664,73.2799987792969,19876700,51.8871879577637
"2019-02-01",74.9199981689453,76.4899978637695,74.3199996948242,75.9199981689453,22968700,53.7564849853516
"2019-02-04",75.7600021362305,75.7600021362305,74.4000015258789,74.8199996948242,15483800,52.9776191711426
"2019-02-05",75.1800003051758,75.6399993896484,75.0100021362305,75.5899963378906,12786700,53.5228233337402
"2019-02-06",75.5800018310547,75.7699966430664,75.129997253418,75.2600021362305,10866900,53.2891502380371
"2019-02-07",74.9499969482422,75.1900024414062,73.9000015258789,74.6800003051758,14418900,52.8784866333008
"2019-02-08",73.7600021362305,74.0699996948242,72.7300033569336,73.9800033569336,11959500,52.9644088745117
"2019-02-11",73.879997253418,74.2200012207031,73.4000015258789,74.0999984741211,10434800,53.0502967834473
"2019-02-12",75.0800018310547,75.4499969482422,74.8199996948242,75.4000015258789,12599200,53.9810256958008
"2019-02-13",75.5800018310547,76.5400009155273,75.5100021362305,76.25,13214600,54.5895576477051
"2019-02-14",76.2600021362305,76.6500015258789,75.7099990844727,76.2699966430664,12772900,54.6038703918457
"2019-02-15",76.9400024414062,77.7600021362305,76.75,77.7099990844727,14330300,55.6348037719727
"2019-02-19",77.5599975585938,78.4800033569336,77.4499969482422,78.2300033569336,13551500,56.0071029663086
"2019-02-20",78.3000030517578,78.8099975585938,78,78.5299987792969,12633100,56.2218589782715
"2019-02-21",78.2099990844727,78.6600036621094,77.6100006103516,77.8199996948242,10266000,55.7135581970215
"2019-02-22",78.7099990844727,78.9499969482422,77.620002746582,78.4199981689453,9519300,56.1431045532227
"2019-02-25",78.4300003051758,78.8499984741211,78.1999969482422,78.5,9274400,56.2003784179688
"2019-02-26",78.6800003051758,79.129997253418,78.3899993896484,78.6600036621094,10990600,56.3149452209473
"2019-02-27",78.879997253418,79.75,78.6600036621094,79.4700012207031,12398200,56.8948440551758
"2019-02-28",79.4499969482422,79.75,78.7099990844727,79.0299987792969,14597900,56.5798377990723
"2019-03-01",79.379997253418,80,79.0299987792969,80,15419400,57.2742729187012
"2019-03-04",80.2399978637695,80.5500030517578,79.0100021362305,80.3099975585938,18089900,57.4962196350098
"2019-03-05",80.120002746582,80.4000015258789,79.75,80.1900024414062,13745500,57.4103126525879
"2019-03-06",78.8499984741211,79.379997253418,77.8600006103516,79.2799987792969,18633600,56.7588233947754
"2019-03-07",79.5500030517578,80.2600021362305,79.3199996948242,80.1600036621094,16541700,57.3888473510742
"2019-03-08",78.8899993896484,79.3199996948242,78.25,79.0100021362305,16211300,56.5655136108398
"2019-03-11",79.9800033569336,80.2900009155273,79.6500015258789,79.7799987792969,11060900,57.116771697998
"2019-03-12",80.1100006103516,80.5800018310547,79.8899993896484,80,11320000,57.2742729187012
"2019-03-13",80.5899963378906,80.7600021362305,80.1999969482422,80.7099990844727,10260200,57.782585144043
"2019-03-14",80.8000030517578,80.9100036621094,80.3499984741211,80.4400024414062,9976700,57.5892868041992
"2019-03-15",80.1800003051758,80.5500030517578,80.0999984741211,80.1500015258789,25316400,57.3816719055176
"2019-03-18",80.4400024414062,81.25,80.4400024414062,81.0800018310547,9840600,58.0474891662598
"2019-03-19",81.5800018310547,82,80.6399993896484,80.870002746582,13936500,57.8971405029297
"2019-03-20",80.75,81.9199981689453,80.5599975585938,81.3199996948242,13133600,58.2193298339844
"2019-03-21",80.8099975585938,81.8899993896484,80.8000030517578,81.7900009155273,10117000,58.5557975769043
"2019-03-22",81.2300033569336,81.4400024414062,80.3000030517578,80.4800033569336,12497700,57.6179351806641
"2019-03-25",80,80.4400024414062,79.5899963378906,79.9199981689453,11320400,57.2170028686523
"2019-03-26",80.3300018310547,81.2699966430664,80.1800003051758,80.9599990844727,9472800,57.9615745544434
"2019-03-27",80.9700012207031,81.3099975585938,79.8199996948242,80.3399963378906,7258700,57.5177001953125
"2019-03-28",80.0299987792969,80.7900009155273,80.0199966430664,80.7399978637695,7412300,57.8040733337402
"2019-03-29",81.3300018310547,81.4800033569336,80.4800033569336,80.8000030517578,10889200,57.8470306396484
"2019-04-01",81.2300033569336,81.7799987792969,81.0800018310547,81.7300033569336,10816400,58.5128479003906
"2019-04-02",81.75,81.9499969482422,81.1100006103516,81.379997253418,7646000,58.2622680664062
"2019-04-03",81.7699966430664,81.7699966430664,80.6100006103516,80.9000015258789,8562900,57.9186019897461
"2019-04-04",81.120002746582,82.0800018310547,80.7699966430664,82.0500030517578,9360600,58.7419204711914
"2019-04-05",82.1500015258789,82.5299987792969,81.9499969482422,82.4899978637695,10059100,59.0569381713867
"2019-04-08",82.6699981689453,83.1999969482422,82.5899963378906,83,9108200,59.422061920166
"2019-04-09",82.5199966430664,82.5800018310547,81.7399978637695,81.9300003051758,8561600,58.6560211181641
"2019-04-10",81.9199981689453,82.0800018310547,81.4100036621094,81.5599975585938,10324300,58.3911209106445
"2019-04-11",81.5400009155273,82.0699996948242,81.0199966430664,81.9499969482422,9115100,58.6703453063965
"2019-04-12",82.8099975585938,82.8099975585938,80.5800018310547,80.9199981689453,16638700,57.932918548584
"2019-04-15",80.8899993896484,81.0599975585938,80.5199966430664,80.6500015258789,8536100,57.7396469116211
"2019-04-16",80.8099975585938,81.3499984741211,80.6900024414062,81.1999969482422,7005700,58.1333961486816
"2019-04-17",81.5500030517578,81.6999969482422,81.0800018310547,81.4300003051758,8311400,58.2980728149414
"2019-04-18",81.5599975585938,81.8300018310547,81.0699996948242,81.129997253418,9493900,58.0832977294922
"2019-04-22",81.870002746582,83.2200012207031,81.6399993896484,82.9000015258789,10770600,59.3504638671875
"2019-04-23",83.1900024414062,83.4899978637695,82.6800003051758,83.379997253418,10595100,59.6941223144531
"2019-04-24",83.0100021362305,83.0800018310547,81.7300033569336,81.7600021362305,11684000,58.5343322753906
"2019-04-25",81.6500015258789,82.8399963378906,81.4000015258789,82.2200012207031,11135000,58.8636436462402
"2019-04-26",80.2699966430664,80.629997253418,79.5599975585938,80.4899978637695,18053500,57.6250762939453
"2019-04-29",80.120002746582,80.379997253418,79.6600036621094,79.9700012207031,10023700,57.252799987793
"2019-04-30",80.370002746582,80.5299987792969,79.9300003051758,80.2799987792969,13721500,57.4747428894043
"2019-05-01",79.9400024414062,80.2600021362305,78.620002746582,78.6699981689453,13909800,56.3220825195312
"2019-05-02",78.2799987792969,78.5,77.2399978637695,77.2900009155273,15360400,55.3341255187988
"2019-05-03",77.7900009155273,78.2099990844727,77.4400024414062,77.4700012207031,12180700,55.4630012512207
"2019-05-06",76.9199981689453,77.6600036621094,76.7099990844727,77.129997253418,13367100,55.2195701599121
"2019-05-07",76.5,76.7900009155273,75.7699966430664,76.7200012207031,13498800,54.9260368347168
"2019-05-08",76.5400009155273,77.2900009155273,76.4199981689453,76.8399963378906,11352900,55.011962890625
"2019-05-09",76.3499984741211,76.879997253418,75.9599990844727,76.7699966430664,13221600,54.9618339538574
"2019-05-10",76.1800003051758,76.7900009155273,75.1699981689453,76.5599975585938,11056000,55.4397621154785
"2019-05-13",75.6500015258789,76.2300033569336,75.3600006103516,75.7099990844727,12176100,54.8242492675781
"2019-05-14",76.129997253418,76.8000030517578,75.7600021362305,75.8099975585938,10548400,54.896671295166
"2019-05-15",75.5699996948242,76.5500030517578,75.2099990844727,76.370002746582,8918000,55.3021774291992
"2019-05-16",76.4000015258789,76.9499969482422,76.2200012207031,76.3600006103516,8105200,55.2949333190918
"2019-05-17",75.6500015258789,76.3000030517578,75.5899963378906,75.9100036621094,9279400,54.9690895080566
"2019-05-20",76.0500030517578,76.3600006103516,75.6699981689453,75.9000015258789,7154300,54.961841583252
"2019-05-21",76.2699966430664,76.4599990844727,75.9300003051758,76.25,8489900,55.2152900695801
"2019-05-22",76.0199966430664,76.2200012207031,75.3899993896484,75.5599975585938,7858300,54.7156219482422
"2019-05-23",74.7699966430664,74.8000030517578,73.0400009155273,73.7900009155273,14657200,53.4339179992676
"2019-05-24",74.1399993896484,74.25,73.4400024414062,74.0999984741211,7056400,53.6583824157715
"2019-05-28",74.2399978637695,74.25,72.4899978637695,72.6100006103516,14912900,52.5794448852539
"2019-05-29",71.8899993896484,72.4300003051758,71.620002746582,72.1600036621094,13645200,52.253589630127
"2019-05-30",72.0199966430664,72.129997253418,71.5299987792969,71.9700012207031,9362100,52.1159858703613
"2019-05-31",71.1900024414062,71.5500030517578,70.629997253418,70.7699966430664,13983300,51.2470207214355
"2019-06-03",71.0899963378906,72.0100021362305,70.9700012207031,71.879997253418,11831000,52.0508003234863
"2019-06-04",72.4499969482422,73.6600036621094,72.1699981689453,73.5899963378906,10423000,53.2890777587891
"2019-06-05",73.6399993896484,73.6399993896484,72.5800018310547,72.9800033569336,10617800,52.8473663330078
"2019-06-06",73.7099990844727,74.620002746582,73.5899963378906,74.3099975585938,11738900,53.8104667663574
"2019-06-07",74.5100021362305,74.9599990844727,74.4300003051758,74.5800018310547,9095500,54.0059776306152
"2019-06-10",75.1900024414062,75.3300018310547,74.4499969482422,74.9100036621094,7760400,54.2449569702148
"2019-06-11",75.5100021362305,75.8099975585938,74.8199996948242,74.8399963378906,9415100,54.1942520141602
"2019-06-12",74.4800033569336,74.6100006103516,73.8099975585938,74.0299987792969,7920800,53.6076889038086
"2019-06-13",74.6999969482422,75.1699981689453,74.379997253418,74.6800003051758,8986400,54.0783882141113
"2019-06-14",74.6800003051758,74.8099975585938,74.2300033569336,74.3499984741211,8575900,53.8394317626953
"2019-06-17",74.1600036621094,75.1900024414062,74.0400009155273,75.0899963378906,9355700,54.3752975463867
"2019-06-18",75.4199981689453,76.2200012207031,75.3499984741211,75.7399978637695,10091500,54.8459701538086
"2019-06-19",75.4000015258789,75.8499984741211,75.1699981689453,75.3199996948242,9757400,54.5418434143066
"2019-06-20",76.2399978637695,76.9700012207031,76.0800018310547,76.6100006103516,16229700,55.4759674072266
"2019-06-21",77.1399993896484,77.7600021362305,76.870002746582,77.6900024414062,23108100,56.2580223083496
"2019-06-24",77.5299987792969,77.7600021362305,76.8099975585938,76.9499969482422,10011800,55.72216796875
"2019-06-25",77.0800018310547,77.2200012207031,76.1900024414062,76.2699966430664,9740000,55.2297668457031
"2019-06-26",76.6800003051758,77.129997253418,76.4700012207031,76.5999984741211,11365500,55.4687385559082
"2019-06-27",76.5899963378906,76.75,75.7600021362305,75.8199996948242,8147800,54.9038963317871
"2019-06-28",76.1900024414062,76.7300033569336,75.9400024414062,76.629997253418,14781300,55.4904479980469
"2019-07-01",77.129997253418,77.9300003051758,76.2900009155273,76.5599975585938,11437900,55.4397621154785
"2019-07-02",76.1399993896484,76.2699966430664,75.4100036621094,75.7200012207031,10475400,54.8315086364746
"2019-07-03",75.8199996948242,76.5,75.629997253418,76.4400024414062,5246100,55.3528785705566
"2019-07-05",76.1900024414062,76.3499984741211,75.5899963378906,76.129997253418,6880800,55.1283760070801
"2019-07-08",76.1399993896484,76.6999969482422,75.9199981689453,76.4800033569336,7876100,55.3818397521973
"2019-07-09",76.4499969482422,76.7699966430664,75.7300033569336,76.4300003051758,7863000,55.3456344604492
"2019-07-10",76.8000030517578,77.629997253418,76.7399978637695,77.5100021362305,8077400,56.1276931762695
"2019-07-11",77.4100036621094,77.6100006103516,77.0500030517578,77.5699996948242,6404000,56.1711349487305
"2019-07-12",77.75,77.879997253418,77.5,77.629997253418,6139000,56.2145957946777
"2019-07-15",77.629997253418,77.7399978637695,76.8899993896484,77.0800018310547,7116400,55.8163032531738
"2019-07-16",76.9199981689453,77.0699996948242,75.7900009155273,75.9300003051758,10197400,54.9835472106934
"2019-07-17",75.7399978637695,75.9599990844727,75.3499984741211,75.4800033569336,7419300,54.6576995849609
"2019-07-18",75.0299987792969,75.2699966430664,74.1800003051758,74.8399963378906,11424500,54.1942520141602
"2019-07-19",74.9000015258789,75.25,74.5400009155273,74.9899978637695,11243100,54.3028755187988
"2019-07-22",75.2399978637695,75.3000030517578,74.5,75.0699996948242,8368800,54.3608207702637
"2019-07-23",75.1500015258789,75.7699966430664,74.75,75.370002746582,8551200,54.5780296325684
"2019-07-24",75.3899993896484,76.0500030517578,74.8499984741211,75.3600006103516,8260200,54.5708084106445
"2019-07-25",75.7799987792969,75.7799987792969,74.8000030517578,74.9300003051758,9083900,54.2594337463379
"2019-07-26",74.870002746582,75.0800018310547,74.5999984741211,74.8099975585938,7677300,54.1725234985352
"2019-07-29",74.879997253418,75.379997253418,74.6999969482422,75.3399963378906,7091900,54.5563163757324
"2019-07-30",75.0599975585938,75.5599975585938,74.8899993896484,75.3499984741211,6961200,54.5635566711426
"2019-07-31",75.0400009155273,75.6600036621094,74.2600021362305,74.3600006103516,13104600,53.8466720581055
"2019-08-01",73.7399978637695,74.2699966430664,72.2699966430664,72.4599990844727,17132800,52.4708023071289
"2019-08-02",72.6100006103516,73.2600021362305,71.1800003051758,71.75,21376700,51.956672668457
"2019-08-05",70.7799987792969,70.9199981689453,69.6100006103516,70.2799987792969,19080900,50.8921966552734
"2019-08-06",70.2900009155273,71.0100021362305,70.2799987792969,70.9599990844727,12282400,51.3846054077148
"2019-08-07",69.8600006103516,70.879997253418,69.4000015258789,70.5,15231100,51.0515022277832
"2019-08-08",70.8499984741211,72.4100036621094,70.620002746582,72.379997253418,14304100,52.4128684997559
"2019-08-09",72.129997253418,72.25,70.4700012207031,70.8399963378906,13686600,51.2977104187012
"2019-08-12",70.0599975585938,70.1600036621094,69.3300018310547,69.629997253418,9542600,51.0484466552734
"2019-08-13",69.2699966430664,70.620002746582,68.9199981689453,70.4899978637695,12403300,51.6789283752441
"2019-08-14",69.0699996948242,69.0899963378906,67.6500015258789,67.6500015258789,18114400,49.5968360900879
"2019-08-15",67.4599990844727,67.5599975585938,66.5299987792969,67.25,12874400,49.3035774230957
"2019-08-16",67.7799987792969,68.4599990844727,67.2699966430664,68.3000030517578,12649000,50.0733833312988
"2019-08-19",68.9700012207031,69.6500015258789,68.8600006103516,69.4499969482422,10032800,50.9164810180664
"2019-08-20",69.3000030517578,69.3000030517578,68.7099990844727,69.0299987792969,9743500,50.6085624694824
"2019-08-21",69.9599990844727,69.9800033569336,69.370002746582,69.7200012207031,10134200,51.1144332885742
"2019-08-22",69.9100036621094,69.9599990844727,69.25,69.5699996948242,8972000,51.0044593811035
"2019-08-23",68.8199996948242,69.5299987792969,67.0299987792969,67.4899978637695,15371900,49.4795227050781
"2019-08-26",68.120002746582,68.2600021362305,67.5299987792969,67.8499984741211,7343900,49.7434616088867
"2019-08-27",68.129997253418,68.4400024414062,66.9700012207031,67.1900024414062,9490900,49.2595901489258
"2019-08-28",67.5299987792969,67.9800033569336,67.1600036621094,67.6800003051758,9647400,49.6188278198242
"2019-08-29",68.3000030517578,68.6699981689453,68.0899963378906,68.4300003051758,9004100,50.1686820983887
"2019-08-30",68.6100006103516,69.0800018310547,68.0599975585938,68.4800033569336,9180800,50.2053413391113
"2019-09-03",67.8899993896484,68.6800003051758,67.629997253418,68.5599975585938,9849700,50.263988494873
"2019-09-04",69.5,69.6100006103516,69.0899963378906,69.2900009155273,6959200,50.7991828918457
"2019-09-05",69.8399963378906,70.5500030517578,69.6999969482422,70.2699966430664,9901500,51.5176467895508
"2019-09-06",70.3499984741211,70.9499969482422,70.120002746582,70.9300003051758,10418500,52.0015182495117
"2019-09-09",71.1600036621094,72.0699996948242,70.9800033569336,71.4899978637695,12840200,52.4120864868164
"2019-09-10",72.1399993896484,72.8499984741211,71.620002746582,72.0699996948242,13810800,52.8373069763184
"2019-09-11",72.7799987792969,72.8399963378906,71.5500030517578,71.9300003051758,10525700,52.7346649169922
"2019-09-12",70.9800033569336,72.1600036621094,70.6999969482422,71.9800033569336,9100700,52.7713317871094
"2019-09-13",72.2600021362305,72.7200012207031,72.0599975585938,72.6399993896484,7337200,53.2551956176758
"2019-09-16",75.0400009155273,75.1800003051758,73.5999984741211,73.7300033569336,19830200,54.0543174743652
"2019-09-17",73.8199996948242,74.0800018310547,72.629997253418,73.1699981689453,14452200,53.6437568664551
"2019-09-18",72.6500015258789,72.9700012207031,72.3300018310547,72.8199996948242,7292200,53.3871612548828
"2019-09-19",72.9700012207031,73.1900024414062,72.1900024414062,72.3300018310547,8050200,53.0279121398926
"2019-09-20",72.4899978637695,72.5,71.8600006103516,72.0800018310547,19736600,52.8446350097656
"2019-09-23",71.5199966430664,72.3600006103516,71.4599990844727,72.129997253418,7495200,52.8813018798828
"2019-09-24",71.8099975585938,71.870002746582,70.8199996948242,71.1399993896484,13307100,52.1554985046387
"2019-09-25",70.9800033569336,71.4700012207031,70.8199996948242,71.3499984741211,8035200,52.3094291687012
"2019-09-26",71.2200012207031,71.3499984741211,70.6800003051758,70.9700012207031,8420200,52.0308456420898
"2019-09-27",70.6999969482422,71.6699981689453,70.629997253418,71.4800033569336,8224000,52.4047393798828
"2019-09-30",71.2399978637695,71.4499969482422,70.5800018310547,70.6100006103516,9768900,51.7669258117676
"2019-10-01",70.8300018310547,70.9100036621094,68.9100036621094,68.9499969482422,10279100,50.5499038696289
"2019-10-02",68.2699966430664,68.5899963378906,67.0100021362305,67.1500015258789,14503700,49.2302703857422
"2019-10-03",67,68,66.3099975585938,67.9800033569336,10788400,49.8387756347656
"2019-10-04",68.1100006103516,69.0699996948242,67.8199996948242,68.9700012207031,10534800,50.5645751953125
"2019-10-07",68.6999969482422,69.0299987792969,68.0199966430664,68.0199966430664,10993000,49.8680877685547
"2019-10-08",67.5400009155273,67.9199981689453,66.6399993896484,66.6999969482422,9748700,48.9003486633301
"2019-10-09",67.3000030517578,67.6999969482422,67.1999969482422,67.4400024414062,8580900,49.4428672790527
"2019-10-10",67.4300003051758,68.3600006103516,67.379997253418,68.25,7100100,50.0367202758789
"2019-10-11",68.9800033569336,69.4899978637695,68.8899993896484,68.9800033569336,10101900,50.571907043457
"2019-10-14",68.5999984741211,69.370002746582,68.5899963378906,69.1800003051758,6234600,50.7185363769531
"2019-10-15",69.0599975585938,70,69.0100021362305,69.4199981689453,6645700,50.8944892883301
"2019-10-16",69.2099990844727,69.5299987792969,68.2099990844727,68.2300033569336,9765800,50.0220527648926
"2019-10-17",68.4800033569336,68.879997253418,68.0800018310547,68.1399993896484,9757200,49.9560661315918
"2019-10-18",67.870002746582,68.1500015258789,67.6100006103516,67.6100006103516,13472700,49.5675086975098
"2019-10-21",67.8199996948242,68.7699966430664,67.8199996948242,68.7399978637695,10199300,50.3959465026855
"2019-10-22",68.7799987792969,69.7600021362305,68.6500015258789,69.0899963378906,9536000,50.6525535583496
"2019-10-23",68.9599990844727,69.7600021362305,68.7799987792969,69.75,8641800,51.1364250183105
"2019-10-24",69.9599990844727,70.0500030517578,69.0199966430664,69.0899963378906,9003600,50.6525535583496
"2019-10-25",68.9000015258789,69.4800033569336,68.9000015258789,69.25,7607200,50.7698516845703
"2019-10-28",69.4599990844727,69.6699981689453,68.5800018310547,68.6399993896484,11209600,50.3226432800293
"2019-10-29",68.4800033569336,69.0299987792969,68.2399978637695,68.4400024414062,13894400,50.1760177612305
"2019-10-30",68.370002746582,68.370002746582,67.2699966430664,67.7200012207031,12840600,49.6481513977051
"2019-10-31",67.4599990844727,67.7200012207031,67.1399993896484,67.5699996948242,16169100,49.5381774902344
"2019-11-01",68.3899993896484,69.6100006103516,68.3099975585938,69.5999984741211,14108700,51.0264511108398
"2019-11-04",70.0699996948242,71.870002746582,69.9400024414062,71.6699981689453,15858200,52.5440368652344
"2019-11-05",72.0400009155273,73.120002746582,71.8499984741211,73.0899963378906,14930400,53.5851058959961
"2019-11-06",72.7300033569336,72.870002746582,71.1999969482422,71.4899978637695,13996500,52.4120864868164
"2019-11-07",72.0299987792969,73.0299987792969,72,73.0100021362305,13073800,53.5264625549316
"2019-11-08",71.6100006103516,71.8000030517578,70.6600036621094,70.7699966430664,12106000,52.5099334716797
"2019-11-11",70.2099990844727,70.6100006103516,69.9700012207031,70.3399963378906,8674000,52.1908836364746
"2019-11-12",70.2699966430664,70.4100036621094,68.9800033569336,69.370002746582,13918600,51.4711647033691
"2019-11-13",69.0199966430664,69.1500015258789,68.5999984741211,68.8000030517578,11773700,51.0482444763184
"2019-11-14",68.8600006103516,68.9700012207031,68.1800003051758,68.5,11279800,50.8256416320801
"2019-11-15",68.7099990844727,69.3000030517578,68.6699981689453,69.1900024414062,11252800,51.3376121520996
"2019-11-18",68.6999969482422,68.8199996948242,68.3000030517578,68.5199966430664,10095600,50.8404769897461
"2019-11-19",68.4000015258789,68.5599975585938,67.7799987792969,67.8199996948242,12605500,50.321102142334
"2019-11-20",67.6699981689453,68.5400009155273,67.3199996948242,68.0299987792969,16930700,50.4769248962402
"2019-11-21",68.0199966430664,69.75,67.9199981689453,69.6699981689453,14080900,51.6937637329102
"2019-11-22",69.7099990844727,70.1800003051758,69.3300018310547,69.370002746582,12143600,51.4711647033691
"2019-11-25",69.370002746582,69.4400024414062,68.7099990844727,68.9100036621094,10670000,51.1298637390137
"2019-11-26",68.9199981689453,69.0400009155273,68.4400024414062,68.7399978637695,15457000,51.0037155151367
"2019-11-27",68.7600021362305,69.0899963378906,68.4100036621094,68.6999969482422,8393900,50.9740371704102
"2019-11-29",68.3300018310547,68.5299987792969,68,68.129997253418,7980800,50.5511093139648
"2019-12-02",68.5,68.879997253418,68.370002746582,68.4199981689453,11116900,50.7662811279297
"2019-12-03",68,68.25,67.5199966430664,67.879997253418,12245800,50.3656196594238
"2019-12-04",68.25,68.7600021362305,68.1399993896484,68.6500015258789,11049700,50.9369430541992
"2019-12-05",68.8899993896484,68.9700012207031,68.2099990844727,68.4100036621094,13109000,50.7588691711426
"2019-12-06",68.7600021362305,69.870002746582,68.7600021362305,69.5100021362305,13710800,51.5750465393066
"2019-12-09",69.0800018310547,69.9700012207031,69.0199966430664,69.6600036621094,12397700,51.6863441467285
"2019-12-10",69.6600036621094,70.1500015258789,68.6999969482422,69.0599975585938,14281800,51.241153717041
"2019-12-11",68.7399978637695,69.7600021362305,68.6699981689453,68.9599990844727,13748400,51.1669654846191
"2019-12-12",68.9599990844727,70.379997253418,68.9000015258789,70.3399963378906,17068500,52.1908836364746
"2019-12-13",70.4800033569336,70.5400009155273,69.120002746582,69.2300033569336,12274500,51.3672943115234
"2019-12-16",69.6999969482422,70.25,69.6999969482422,70,15208700,51.9386100769043
"2019-12-17",69.9800033569336,70.379997253418,69.3099975585938,69.6800003051758,14450700,51.7011871337891
"2019-12-18",69.629997253418,70.2900009155273,69.2799987792969,69.870002746582,13652300,51.8421592712402
"2019-12-19",69.9899978637695,70.0500030517578,69.2399978637695,69.3899993896484,13273200,51.4859924316406
"2019-12-20",69.8600006103516,70.2300033569336,69.3899993896484,69.9400024414062,35092000,51.8940925598145
"2019-12-23",69.8600006103516,70.3000030517578,69.5299987792969,70.2900009155273,14172500,52.1537933349609
"2019-12-24",70.3499984741211,70.5,69.9100036621094,70.0199966430664,3979400,51.9534606933594
"2019-12-26",70.1900024414062,70.5,70.0100021362305,70.129997253418,8840200,52.0350685119629
"2019-12-27",70.1999969482422,70.3099975585938,69.879997253418,69.8899993896484,10516100,51.857006072998
"2019-12-30",70.0899963378906,70.4400024414062,69.4000015258789,69.4800033569336,12689400,51.5527877807617
"2019-12-31",69.0199966430664,69.8000030517578,69.0100021362305,69.7799987792969,13151800,51.7753753662109
"2020-01-02",70.2399978637695,71.0199966430664,70.2399978637695,70.9000015258789,12456400,52.6063995361328
"2020-01-03",71.3399963378906,71.370002746582,70.1600036621094,70.3300018310547,17386900,52.1834754943848
"2020-01-06",70.3199996948242,71.3600006103516,70.2300033569336,70.870002746582,20081900,52.5841522216797
"2020-01-07",70.5,70.5199966430664,69.5100021362305,70.2900009155273,17387700,52.1537933349609
"2020-01-08",70.1100006103516,70.2900009155273,69.1699981689453,69.2300033569336,15137700,51.3672943115234
"2020-01-09",69.1399993896484,69.9000015258789,68.629997253418,69.7600021362305,14811800,51.7605476379395
"2020-01-10",69.9300003051758,69.9599990844727,69.120002746582,69.1399993896484,11995600,51.3005218505859
"2020-01-13",69.1999969482422,69.870002746582,69.1100006103516,69.8000030517578,9953900,51.7902221679688
"2020-01-14",69.379997253418,69.5800018310547,68.8899993896484,69.1999969482422,16261000,51.3450355529785
"2020-01-15",69.1999969482422,69.5899963378906,68.8899993896484,69.0899963378906,11390300,51.2634124755859
"2020-01-16",69.3000030517578,69.5800018310547,68.8000030517578,68.8199996948242,13340300,51.0630798339844
"2020-01-17",68.75,69.0800018310547,68.2900009155273,68.5599975585938,18144100,50.8701667785645
"2020-01-21",68.379997253418,68.4199981689453,67.5100021362305,67.5800018310547,17982600,50.1430282592773
"2020-01-22",67.5599975585938,67.6999969482422,67,67.1900024414062,17033100,49.8536491394043
"2020-01-23",66.7099990844727,66.9300003051758,66.0500030517578,66.7699966430664,19605900,49.5420188903809
"2020-01-24",66.5400009155273,66.6800003051758,66.0400009155273,66.3199996948242,18238600,49.2081298828125
"2020-01-27",65.4199981689453,65.7300033569336,64.6999969482422,64.7399978637695,21231000,48.0357933044434
"2020-01-28",65.1100006103516,65.1999969482422,64.629997253418,64.6500015258789,19664700,47.9690170288086
"2020-01-29",65.0299987792969,65.129997253418,63.9000015258789,64.1100006103516,14202800,47.568359375
"2020-01-30",63.7799987792969,64.879997253418,63.4300003051758,64.7900009155273,18544700,48.0728988647461
"2020-01-31",63.2000007629395,63.2000007629395,61.8600006103516,62.1199989318848,34282900,46.0918083190918
"2020-02-03",61.3800010681152,61.4199981689453,60.3699989318848,60.7299995422363,27389300,45.0604553222656
"2020-02-04",61.4500007629395,61.9099998474121,59.8899993896484,59.9700012207031,31922100,44.4965591430664
"2020-02-05",60.75,62.9300003051758,60.5999984741211,62.7299995422363,32099200,46.5444183349609
"2020-02-06",62.9300003051758,63.0099983215332,61.7799987792969,61.8800010681152,16055400,45.9137382507324
"2020-02-07",61.4099998474121,61.6599998474121,61.060001373291,61.4700012207031,15112500,45.6095275878906
"2020-02-10",60.4799995422363,60.5200004577637,59.6199989318848,59.9599990844727,20934500,45.1278419494629
"2020-02-11",60.5800018310547,60.8899993896484,60.1699981689453,60.5299987792969,14908700,45.5568351745605
"2020-02-12",61.3400001525879,61.5299987792969,60.560001373291,61.2700004577637,17862100,46.1137886047363
"2020-02-13",61.060001373291,61.4199981689453,60.560001373291,60.9300003051758,16949400,45.8578796386719
"2020-02-14",61.1500015258789,61.1599998474121,60.2799987792969,60.6500015258789,10855300,45.647159576416
"2020-02-18",60.1500015258789,60.3899993896484,59.4500007629395,59.8800010681152,18948500,45.0676307678223
"2020-02-19",60.1100006103516,60.6199989318848,59.8300018310547,60.3400001525879,12804900,45.4138412475586
"2020-02-20",60.2299995422363,60.5400009155273,59.7200012207031,59.8600006103516,14817200,45.0525741577148
"2020-02-21",59.5099983215332,59.5099983215332,58.7900009155273,59.1300010681152,20315700,44.5031585693359
"2020-02-24",57.6199989318848,57.7999992370605,56.3600006103516,56.3600006103516,32096600,42.4183654785156
"2020-02-25",56.75,56.75,53.9700012207031,54.2000007629395,36414500,40.7926788330078
"2020-02-26",54.5499992370605,54.8199996948242,52.9300003051758,53.0099983215332,29801000,39.8970413208008
"2020-02-27",51.7099990844727,52.439998626709,49.7999992370605,49.8199996948242,48141300,37.496150970459
"2020-02-28",48.7700004577637,51.439998626709,48.0099983215332,51.439998626709,62446700,38.7154159545898
"2020-03-02",52.5900001525879,53.8899993896484,51.1300010681152,53.8800010681152,38127600,40.5518379211426
"2020-03-03",53.9500007629395,54.1500015258789,50.9799995422363,51.2999992370605,50580700,38.610034942627
"2020-03-04",52.2299995422363,52.4799995422363,51.1199989318848,52.4199981689453,24079600,39.4529914855957
"2020-03-05",50.4199981689453,50.7000007629395,49.0400009155273,50.1100006103516,40788200,37.7144165039062
"2020-03-06",48.8400001525879,49.0099983215332,47.2000007629395,47.689998626709,55640500,35.8930358886719
"2020-03-09",41.7099990844727,44.5699996948242,40.7999992370605,41.8600006103516,72896300,31.5051975250244
"2020-03-10",46.1699981689453,46.2599983215332,41.4500007629395,43.4099998474121,60445900,32.6717758178711
"2020-03-11",42.3899993896484,43.4799995422363,41.75,41.9799995422363,51986100,31.5955047607422
"2020-03-12",39.9000015258789,40.6500015258789,37,37.1800003051758,65725300,27.9828720092773
"2020-03-13",40.0099983215332,40.1399993896484,35,38.1199989318848,79891500,28.6903495788574
"2020-03-16",34.4000015258789,37.8800010681152,33.25,34.4900016784668,48924700,25.9582920074463
"2020-03-17",35.2099990844727,37.3800010681152,34.2000007629395,36.810001373291,41204400,27.704402923584
"2020-03-18",34.5499992370605,36.7099990844727,31.2299995422363,33.1199989318848,54036400,24.9271831512451
"2020-03-19",33.7299995422363,34.9000015258789,32.3499984741211,34.4300003051758,49412400,25.9131336212158
"2020-03-20",34.8400001525879,35.1800003051758,31.5599994659424,32.7400016784668,76534600,24.6411838531494
"2020-03-23",32.5299987792969,32.7000007629395,30.1100006103516,31.4500007629395,56952500,23.6702899932861
"2020-03-24",34.4199981689453,36.1699981689453,33.3300018310547,35.439998626709,61835600,26.6732921600342
"2020-03-25",36.5099983215332,38.5900001525879,35.1800003051758,37.2900009155273,56607700,28.0656585693359
"2020-03-26",37.5,39.560001373291,36.7200012207031,38.8199996948242,46722000,29.2171821594238
"2020-03-27",37.1300010681152,37.6800003051758,36.2000007629395,36.9500007629395,51558600,27.8097667694092
"2020-03-30",36.2299995422363,38.1500015258789,35.8600006103516,37.5,45835000,28.2237205505371
"2020-03-31",38.3400001525879,39.4500007629395,37.3699989318848,37.9700012207031,41491600,28.5774593353271
"2020-04-01",36.8600006103516,38.7000007629395,36.3400001525879,37.5299987792969,36045900,28.2462940216064
"2020-04-02",38.7400016784668,41.9599990844727,37.9000015258789,40.4000015258789,62000200,30.4063472747803
"2020-04-03",41.4500007629395,42.1800003051758,38.5200004577637,39.2099990844727,48425700,29.5107154846191
"2020-04-06",39.8800010681152,40.8300018310547,39.2299995422363,40.4700012207031,41301900,30.4590320587158
"2020-04-07",42.9000015258789,43.3199996948242,41.1599998474121,41.2400016784668,48921800,31.0385570526123
"2020-04-08",41.9500007629395,44.0400009155273,41.4700012207031,43.8499984741211,33355600,33.0029296875
"2020-04-09",45.4599990844727,46.7099990844727,41.7400016784668,43.1300010681152,60107300,32.4610366821289
"2020-04-13",44.4500007629395,44.689998626709,41.9700012207031,42.7599983215332,29651900,32.1825637817383
"2020-04-14",43,43.75,41.9099998474121,42.4300003051758,30769000,31.9341983795166
"2020-04-15",41,41.060001373291,39.3800010681152,40.4799995422363,33125000,30.4665622711182
"2020-04-16",40.4799995422363,40.4799995422363,38.9300003051758,39.1500015258789,30934000,29.46555519104
"2020-04-17",39.8800010681152,43.3199996948242,39.8699989318848,43.2200012207031,40829100,32.5287742614746
"2020-04-20",40.75,42.7400016784668,40.5400009155273,41.1800003051758,39260800,30.9933948516846
"2020-04-21",40.4000015258789,42.1300010681152,39.6300010681152,40.9599990844727,44381600,30.827823638916
"2020-04-22",42.5999984741211,42.9300003051758,41.8600006103516,42.1300010681152,27074200,31.7084083557129
"2020-04-23",43.1300010681152,44.6599998474121,42.810001373291,43.4500007629395,35271000,32.7018852233887
"2020-04-24",44.4000015258789,44.8899993896484,43.1300010681152,43.7299995422363,28653800,32.9126167297363
"2020-04-27",43.5900001525879,44.3199996948242,42.2299995422363,43.939998626709,28274400,33.070671081543
"2020-04-28",44.3699989318848,45.3899993896484,44.1100006103516,44.9700012207031,26545100,33.8458824157715
"2020-04-29",46.2599983215332,47.5999984741211,46.1599998474121,47.4599990844727,29502500,35.7199363708496
"2020-04-30",47.6800003051758,47.6800003051758,45.7700004577637,46.4700012207031,37076300,34.9748306274414
"2020-05-01",45.6300010681152,46.3899993896484,43,43.1399993896484,35399300,32.4685592651367
"2020-05-04",42.5099983215332,44.939998626709,42.2200012207031,44.8800010681152,27465600,33.7781524658203
"2020-05-05",46.2599983215332,47.1500015258789,44.6599998474121,44.8300018310547,29276200,33.7405090332031
"2020-05-06",44.9300003051758,45.2700004577637,43.9000015258789,43.9900016784668,22659000,33.1083106994629
"2020-05-07",44.9599990844727,45.2700004577637,43.9700012207031,44.2400016784668,22160300,33.2964553833008
"2020-05-08",45.310001373291,46.2200012207031,44.9799995422363,46.1800003051758,19977400,34.7565612792969
"2020-05-11",46.1100006103516,46.2000007629395,45.5099983215332,45.7400016784668,22258000,34.4254150390625
"2020-05-12",45.4199981689453,45.6699981689453,44.1199989318848,44.1199989318848,25439100,33.8499870300293
"2020-05-13",43.7400016784668,43.8699989318848,41.5999984741211,41.9300003051758,30827900,32.1697692871094
"2020-05-14",41.0699996948242,42.5499992370605,40.2000007629395,42.2999992370605,24856500,32.4536323547363
"2020-05-15",42.3800010681152,43.0099983215332,41.8499984741211,42,22445600,32.2234573364258
"2020-05-18",44.4000015258789,45.5800018310547,44.060001373291,45.3400001525879,32026100,34.786003112793
"2020-05-19",45.5499992370605,46.6300010681152,43.9300003051758,43.939998626709,21771600,33.7118835449219
"2020-05-20",44.6199989318848,45.5800018310547,44.5699996948242,45.3699989318848,19352400,34.809024810791
"2020-05-21",45.439998626709,45.7900009155273,44.3899993896484,44.560001373291,19130700,34.1875648498535
"2020-05-22",44.0499992370605,44.6699981689453,43.4500007629395,44.5999984741211,15406400,34.2182502746582
"2020-05-26",45.7400016784668,46.2999992370605,45.4700012207031,45.9099998474121,20356500,35.2233200073242
"2020-05-27",46.6599998474121,47.1399993896484,45.4099998474121,46.2400016784668,20788300,35.4765014648438
"2020-05-28",46.4300003051758,46.4599990844727,44.9300003051758,45.0400009155273,19698000,34.5558395385742
"2020-05-29",44.8199996948242,45.689998626709,44.3699989318848,45.4700012207031,25874700,34.8857421875
"2020-06-01",45.3199996948242,46.4500007629395,44.7999992370605,46.2799987792969,19031000,35.5071868896484
"2020-06-02",46.8600006103516,47.4500007629395,46.75,47.310001373291,22319000,36.2974395751953
"2020-06-03",48,49.4000015258789,47.9500007629395,49.2400016784668,23418000,37.7781829833984
"2020-06-04",48.8800010681152,49.1500015258789,48.1599998474121,49.0999984741211,18731400,37.6707611083984
"2020-06-05",51.6500015258789,53.4500007629395,51.5999984741211,53.0800018310547,41328900,40.7243309020996
"2020-06-08",54.7200012207031,55.3600006103516,53.4599990844727,54.7400016784668,33579400,41.9979248046875
"2020-06-09",52.8800010681152,53.9700012207031,52.4500007629395,53.5200004577637,27276900,41.0619125366211
"2020-06-10",53.5,53.5,50.5999984741211,50.6500015258789,31156800,38.8599739074707
"2020-06-11",47.5299987792969,48.8400001525879,46.0999984741211,46.1800003051758,39183000,35.4304656982422
"2020-06-12",48.0400009155273,48.6199989318848,45.9099998474121,47.1699981689453,30978100,36.1900253295898
"2020-06-15",45.3499984741211,47.7599983215332,44.75,47.1399993896484,27929300,36.1670074462891
"2020-06-16",49.5699996948242,49.75,47.2400016784668,48.2000007629395,26203400,36.9802665710449
"2020-06-17",48,48.1300010681152,46.5999984741211,46.6300010681152,19279400,35.7757263183594
"2020-06-18",46.1100006103516,47.3300018310547,45.7700004577637,46.9199981689453,21478700,35.9982147216797
"2020-06-19",48.2200012207031,48.2599983215332,45.9799995422363,45.9799995422363,48899900,35.2770347595215
"2020-06-22",45.689998626709,46.439998626709,45.4000015258789,46.4199981689453,17565400,35.6146049499512
"2020-06-23",46.9000015258789,47.2200012207031,46.5,46.7000007629395,18916600,35.8294372558594
"2020-06-24",45.9099998474121,45.9599990844727,44.25,44.5,27626900,34.1415367126465
"2020-06-25",44.0499992370605,45.2400016784668,43.689998626709,45.1699981689453,19353600,34.6555786132812
"2020-06-26",44.8800010681152,44.939998626709,43.5,43.6199989318848,31518600,33.4663772583008
"2020-06-29",43.810001373291,44.5800018310547,43.5400009155273,44.3199996948242,17052100,34.0034332275391
"2020-06-30",43.4300003051758,44.9700012207031,43.1599998474121,44.7200012207031,22153600,34.3103218078613
"2020-07-01",44.4900016784668,45.3800010681152,43.6699981689453,43.7099990844727,17290100,33.5354194641113
"2020-07-02",44.6199989318848,45.189998626709,43.9300003051758,44.0800018310547,18216600,33.8193016052246
"2020-07-06",44.6699981689453,45.0800018310547,43.8400001525879,44.3899993896484,22692000,34.0571403503418
"2020-07-07",43.9000015258789,44,43.1100006103516,43.2400016784668,17407600,33.1748313903809
"2020-07-08",43.1500015258789,43.9300003051758,42.8400001525879,43.1399993896484,18291400,33.0981178283691
"2020-07-09",42.9000015258789,43.0999984741211,41.2900009155273,41.3600006103516,25882000,31.7324447631836
"2020-07-10",41.1199989318848,42.7099990844727,41.0999984741211,42.6500015258789,18951000,32.7221755981445
"2020-07-13",42.9799995422363,43.2900009155273,42.2299995422363,42.6599998474121,20028300,32.7298431396484
"2020-07-14",42.5299987792969,44.189998626709,42.2599983215332,44.0699996948242,21444100,33.8116302490234
"2020-07-15",45.0299987792969,45.0900001525879,44.2099990844727,44.6300010681152,17332400,34.2412719726562
"2020-07-16",44.310001373291,44.810001373291,43.7900009155273,44.2799987792969,14673700,33.9727363586426
"2020-07-17",44.3300018310547,44.689998626709,43.3899993896484,43.5200004577637,17958900,33.3896522521973
"2020-07-20",43.2099990844727,43.5099983215332,42.4799995422363,42.5,18553900,32.6070823669434
"2020-07-21",43.1500015258789,45.189998626709,43.1100006103516,44.6500015258789,28821800,34.2566261291504
"2020-07-22",44.1500015258789,44.1500015258789,43.3699989318848,43.6100006103516,21345400,33.4587020874023
"2020-07-23",43.4000015258789,43.8199996948242,43.0200004577637,43.7000007629395,17934400,33.5277557373047
"2020-07-24",43.8800010681152,44.4199981689453,43.189998626709,43.4300003051758,16415300,33.3206100463867
"2020-07-27",43.2299995422363,44.0900001525879,42.9700012207031,44.0699996948242,18547900,33.8116302490234
"2020-07-28",43.9099998474121,44.25,43.4599990844727,43.5499992370605,19190500,33.412670135498
"2020-07-29",43.7099990844727,44.0900001525879,43.3400001525879,44.0299987792969,14143200,33.7809371948242
"2020-07-30",43.1300010681152,43.1800003051758,41.8300018310547,41.8699989318848,29901100,32.1237258911133
"2020-07-31",41.1599998474121,42.1699981689453,40.9099998474121,42.0800018310547,32116200,32.2848587036133
"2020-08-03",42.0499992370605,42.5,41.4700012207031,42.25,23033600,32.4152793884277
"2020-08-04",42.3400001525879,43.5999984741211,42.2400016784668,43.4700012207031,17724000,33.3512916564941
"2020-08-05",44.1500015258789,44.310001373291,43.5299987792969,43.8499984741211,17175100,33.6428375244141
"2020-08-06",43.4000015258789,43.9000015258789,43.25,43.6399993896484,14434900,33.4817237854004
"2020-08-07",43.2299995422363,43.5200004577637,42.810001373291,43.439998626709,18757900,33.3282775878906
"2020-08-10",43.9900016784668,44.5999984741211,43.5999984741211,44.5099983215332,24367800,34.1492080688477
"2020-08-11",45.5,46.4199981689453,44.7299995422363,44.9700012207031,28987500,34.5021362304688
"2020-08-12",44.4599990844727,44.939998626709,43.6300010681152,44.0900001525879,22503200,34.4943008422852
"2020-08-13",43.5,43.8699989318848,42.9199981689453,43.0099983215332,17338700,33.6493492126465
"2020-08-14",42.5999984741211,43.2799987792969,42.4099998474121,43.2000007629395,13595700,33.7980041503906
"2020-08-17",43.1699981689453,43.1699981689453,42.4700012207031,42.6399993896484,15554600,33.3598823547363
"2020-08-18",42.5900001525879,43.189998626709,42.2900009155273,42.4300003051758,13014000,33.1955871582031
"2020-08-19",42.3499984741211,42.6599998474121,41.8699989318848,41.9599990844727,14473100,32.827880859375
"2020-08-20",41.689998626709,41.8899993896484,41.2999992370605,41.3199996948242,15678500,32.3271713256836
"2020-08-21",41.2999992370605,41.3400001525879,40.7099990844727,41.0099983215332,25517700,32.0846366882324
"2020-08-24",41.2799987792969,42.5099983215332,41.0900001525879,42.2200012207031,18208900,33.0312881469727
"2020-08-25",41.6599998474121,42.0699996948242,40.7000007629395,40.8800010681152,31285600,31.9829216003418
"2020-08-26",40.6399993896484,40.8400001525879,40,40.0099983215332,26795000,31.3022651672363
"2020-08-27",40,40.2999992370605,39.310001373291,39.7400016784668,32034300,31.0910339355469
"2020-08-28",39.8400001525879,40.9199981689453,39.7599983215332,40.689998626709,33477100,31.8342761993408
"2020-08-31",40.6399993896484,40.7200012207031,39.9000015258789,39.939998626709,25259600,31.2475090026855
"2020-09-01",39.75,39.75,39.0499992370605,39.4300003051758,22464100,30.8485107421875
"2020-09-02",39.2299995422363,39.7200012207031,38.9500007629395,39.189998626709,26413400,30.6607341766357
"2020-09-03",39.2000007629395,40.0299987792969,38.8800010681152,39.1100006103516,28817200,30.5981540679932
"2020-09-04",39.4599990844727,39.7900009155273,38.6500015258789,39.0800018310547,24632500,30.5746746063232
"2020-09-08",38.25,38.6800003051758,37.3499984741211,38.1800003051758,38496400,29.8705501556396
"2020-09-09",38.3499984741211,38.8400001525879,37.9199981689453,37.9500007629395,25886100,29.690601348877
"2020-09-10",38.2700004577637,38.3699989318848,36.9000015258789,37,34381200,28.9473571777344
"2020-09-11",37.1300010681152,37.310001373291,36.4900016784668,36.9000015258789,26838600,28.8691234588623
"2020-09-14",36.9099998474121,37.0099983215332,36.4900016784668,36.6599998474121,26129900,28.6813621520996
"2020-09-15",36.7999992370605,37.3800010681152,36.2099990844727,36.2700004577637,23724200,28.3762397766113
"2020-09-16",36.4599990844727,38.1500015258789,36.2700004577637,37.810001373291,30890900,29.5810852050781
"2020-09-17",37.3499984741211,37.9799995422363,36.9700012207031,37.7999992370605,24696200,29.5732555389404
"2020-09-18",37.5299987792969,37.8199996948242,36.7000007629395,37.189998626709,46853800,29.0960121154785
"2020-09-21",36.4300003051758,36.7099990844727,35.6800003051758,36.4300003051758,35351800,28.5014228820801
"2020-09-22",36.4599990844727,36.8400001525879,35.4700012207031,35.5299987792969,27303200,27.7972927093506
"2020-09-23",35.6500015258789,35.7900009155273,34.3499984741211,34.3899993896484,31251400,26.9053974151611
"2020-09-24",34.4000015258789,34.8199996948242,33.7599983215332,34.3199996948242,26796000,26.8506317138672
"2020-09-25",34,34.939998626709,33.8800010681152,34.6399993896484,23486000,27.1009960174561
"2020-09-28",35.1399993896484,35.9000015258789,35.0999984741211,35.310001373291,23396500,27.625171661377
"2020-09-29",35,35.1100006103516,33.9900016784668,34.2799987792969,20770500,26.8193378448486
"2020-09-30",34.6399993896484,34.9199981689453,34.1300010681152,34.3300018310547,22223700,26.8584575653076
"2020-10-01",33.7900009155273,34.0999984741211,32.939998626709,33.1300010681152,36890200,25.9196319580078
"2020-10-02",32.25,33.3499984741211,32.2099990844727,32.9799995422363,32694300,25.8022727966309
"2020-10-05",33.3199996948242,33.75,33.1699981689453,33.7400016784668,22965200,26.3968715667725
"2020-10-06",34.1199989318848,34.4199981689453,33.310001373291,33.3899993896484,26731800,26.1230392456055
"2020-10-07",33.6399993896484,33.7400016784668,33.2099990844727,33.5,23779300,26.209098815918
"2020-10-08",33.8800010681152,35.3400001525879,33.7599983215332,35.2599983215332,34413700,27.5860576629639
"2020-10-09",35.6800003051758,35.9500007629395,34.6500015258789,34.7400016784668,29228600,27.1792221069336
"2020-10-12",34.5400009155273,34.7299995422363,34.2299995422363,34.6300010681152,17912800,27.0931720733643
"2020-10-13",34.7299995422363,34.8699989318848,34.0999984741211,34.2200012207031,20995100,26.7724056243896
"2020-10-14",34.060001373291,34.8300018310547,34.0299987792969,34.1500015258789,17743000,26.7176342010498
"2020-10-15",33.7000007629395,34.4599990844727,33.2700004577637,34.4500007629395,23251600,26.9523487091064
"2020-10-16",34.3699989318848,34.6399993896484,33.8800010681152,34.0999984741211,22627200,26.6785144805908
"2020-10-19",34.0999984741211,34.3699989318848,33.3899993896484,33.4199981689453,23645800,26.1465110778809
"2020-10-20",33.6599998474121,33.9300003051758,33.3300018310547,33.7000007629395,23040600,26.3655700683594
"2020-10-21",33.5099983215332,33.6199989318848,33.1399993896484,33.1599998474121,28619300,25.9430980682373
"2020-10-22",33.1800003051758,34.9599990844727,33.0200004577637,34.8600006103516,31831500,27.2731113433838
"2020-10-23",34.9700012207031,35.0800018310547,33.8600006103516,34.1599998474121,27429100,26.7254600524902
"2020-10-26",33.6100006103516,33.7700004577637,32.9500007629395,33.3499984741211,30888700,26.0917472839355
"2020-10-27",33.1500015258789,33.2000007629395,32.7000007629395,32.8199996948242,27100700,25.677095413208
"2020-10-28",32.0999984741211,32.3800010681152,31.5200004577637,31.5699996948242,42136400,24.6991424560547
"2020-10-29",31.4099998474121,33.1300010681152,31.1100006103516,32.9700012207031,38622800,25.7944469451904
"2020-10-30",32.4099998474121,33.1399993896484,32.0099983215332,32.6199989318848,47885700,25.5206260681152
"2020-11-02",33.1399993896484,34.4599990844727,32.5699996948242,33.9900016784668,40130300,26.5924644470215
"2020-11-03",34.4900016784668,34.4900016784668,33.1300010681152,33.4099998474121,36773000,26.1386852264404
"2020-11-04",33.2700004577637,34.1399993896484,32.5299987792969,33.2299995422363,35410100,25.9978618621826
"2020-11-05",33.3699989318848,33.9199981689453,33.1399993896484,33.1699981689453,30824100,25.9509162902832
"2020-11-06",33.0999984741211,33.6599998474121,32.6199989318848,32.7799987792969,33985600,25.6457977294922
"2020-11-09",36.4199981689453,38.0099983215332,36.060001373291,36.9300003051758,76879400,28.8925952911377
"2020-11-10",37.0499992370605,37.4300003051758,35.9799995422363,36.8600006103516,49055400,29.5335903167725
"2020-11-11",37.0900001525879,37.1199989318848,36.189998626709,36.4799995422363,34124500,29.2291202545166
"2020-11-12",35.8600006103516,36.2900009155273,34.8699989318848,35.2299995422363,30933700,28.2275695800781
"2020-11-13",35.4000015258789,36.25,35.3800010681152,36.0800018310547,29241500,28.9086246490479
"2020-11-16",37.5900001525879,38.1699981689453,37.0999984741211,38.1599998474121,38596800,30.5752010345459
"2020-11-17",37.810001373291,38.7099990844727,37.3800010681152,38.6699981689453,26521100,30.9838237762451
"2020-11-18",39.0200004577637,39.1300010681152,37.2000007629395,37.2099990844727,31068000,29.8140239715576
"2020-11-19",36.8600006103516,37.5,36.560001373291,37.4000015258789,26954400,29.9662609100342
"2020-11-20",37.3499984741211,37.4099998474121,36.7799987792969,36.939998626709,18351000,29.5976905822754
"2020-11-23",37.5,39.4300003051758,37.2799987792969,39.3600006103516,29367600,31.5366802215576
"2020-11-24",40.5099983215332,42.0800018310547,40.2200012207031,41.9799995422363,46979300,33.6359252929688
"2020-11-25",41.6699981689453,41.7099990844727,40.6500015258789,40.810001373291,28178200,32.6984710693359
"2020-11-27",40.7000007629395,40.939998626709,39.8699989318848,40.189998626709,14971900,32.2017097473145
"2020-11-30",39.7999992370605,39.8800010681152,37.9700012207031,38.1300010681152,45614300,30.5511646270752
"2020-12-01",38.9599990844727,39.6500015258789,38.4700012207031,38.5,32472900,30.8476181030273
"2020-12-02",38.3899993896484,40.4199981689453,38.3400001525879,39.939998626709,29369500,32.0013999938965
"2020-12-03",40.0699996948242,40.6399993896484,39.7299995422363,40.2099990844727,27038900,32.2177391052246
"2020-12-04",40.7700004577637,41.7599983215332,40.6500015258789,41.6800003051758,28723600,33.3955535888672
"2020-12-07",41.4199981689453,41.5400009155273,40.6699981689453,40.9000015258789,24899400,32.7705955505371
"2020-12-08",40.5299987792969,42.5900001525879,40.439998626709,42.2400016784668,32573800,33.8442535400391
"2020-12-09",42.7099990844727,43.7299995422363,42.3800010681152,42.7999992370605,37824800,34.2929344177246
"2020-12-10",43.2000007629395,44.4700012207031,42.7599983215332,44.0099983215332,38058700,35.2624282836914
"2020-12-11",43.7000007629395,43.9300003051758,43.2099990844727,43.7999992370605,25478800,35.0941734313965
"2020-12-14",44.3400001525879,44.4599990844727,42.1800003051758,42.2200012207031,30595000,33.8282165527344
"2020-12-15",42.439998626709,43.2200012207031,42.060001373291,43.0400009155273,27138400,34.4852409362793
"2020-12-16",43.75,44.1100006103516,42.9599990844727,43.7000007629395,34273000,35.0140533447266
"2020-12-17",44,44.0400009155273,43.4000015258789,43.4799995422363,21204600,34.8377799987793
"2020-12-18",43.2700004577637,43.7799987792969,42.4199981689453,42.7299995422363,46596800,34.2368545532227
"2020-12-21",41.1100006103516,42.0800018310547,40.5299987792969,41.9500007629395,27869500,33.6118850708008
"2020-12-22",41.5800018310547,41.9000015258789,41.2299995422363,41.2400016784668,21792900,33.0430107116699
"2020-12-23",41.5099983215332,42.3899993896484,41.4599990844727,41.7700004577637,19085900,33.4676551818848
"2020-12-24",41.6500015258789,41.8499984741211,41.3800010681152,41.5999984741211,8039000,33.3314552307129
"2020-12-28",41.689998626709,42.5499992370605,41.5200004577637,41.7400016784668,23877500,33.4436302185059
"2020-12-29",42.0400009155273,42.1199989318848,41.2000007629395,41.2700004577637,20287700,33.0670394897461
"2020-12-30",41.3300018310547,42.4199981689453,41.2700004577637,41.5999984741211,23807300,33.3314552307129
"2020-12-31",41.4700012207031,41.6800003051758,40.9700012207031,41.2200012207031,22786500,33.0269775390625
"2021-01-04",41.4500007629395,42.25,41,41.5,27764700,33.2513275146484
"2021-01-05",41.8400001525879,44.7999992370605,41.8300018310547,43.5,44035100,34.8537940979004
"2021-01-06",44.4099998474121,45.0999984741211,43.7000007629395,44.6100006103516,36484800,35.7431640625
"2021-01-07",45,45.5699996948242,44.5299987792969,44.9599990844727,29528100,36.0236015319824
"2021-01-08",45.2000007629395,45.8199996948242,44.9500007629395,45.4599990844727,28628200,36.4242362976074
"2021-01-11",45.0400009155273,47.1399993896484,44.75,46.8400001525879,38246200,37.5299377441406
"2021-01-12",47.4599990844727,48.1699981689453,46.9099998474121,47.8800010681152,36915100,38.3632202148438
"2021-01-13",48.5299987792969,48.7099990844727,47.689998626709,48.4199981689453,29000300,38.7958831787109
"2021-01-14",48.5,51.0800018310547,48.5,50.310001373291,35474800,40.310230255127
"2021-01-15",48.9099998474121,49.0800018310547,47.2900009155273,47.8899993896484,42411300,38.3712310791016
"2021-01-19",48.4500007629395,49.439998626709,48.3499984741211,48.8400001525879,24932600,39.1324043273926
"2021-01-20",49.1100006103516,49.7400016784668,48.9900016784668,49.5299987792969,22342400,39.685245513916
"2021-01-21",49.3300018310547,49.3899993896484,47.6800003051758,48.1100006103516,29044500,38.5475044250488
"2021-01-22",47.0099983215332,47.6399993896484,46.6399993896484,47.4300003051758,23264800,38.0026626586914
"2021-01-25",46.9000015258789,47.0499992370605,46.1599998474121,46.9000015258789,26395800,37.5780067443848
"2021-01-26",47.2599983215332,47.8600006103516,45.8499984741211,45.8699989318848,23976800,36.7527351379395
"2021-01-27",45,46.6599998474121,44.5299987792969,45.3499984741211,32410300,36.3360939025879
"2021-01-28",45.939998626709,46.5900001525879,45.689998626709,46.060001373291,24967200,36.9049682617188
"2021-01-29",45.5499992370605,46.0400009155273,44.5099983215332,44.8400001525879,38961100,35.9274559020996
"2021-02-01",45.5800018310547,45.5800018310547,44.2900009155273,44.9199981689453,24412400,35.9915542602539
"2021-02-02",45.810001373291,46.9900016784668,45.2799987792969,45.6300010681152,31940400,36.560432434082
"2021-02-03",45.6300010681152,47.6699981689453,45.4199981689453,47.4199981689453,28459300,37.9946517944336
"2021-02-04",47.8800010681152,48.3800010681152,47.25,48.3300018310547,25280300,38.7237739562988
"2021-02-05",49.1800003051758,50.1199989318848,49.0400009155273,49.9500007629395,34980100,40.0217781066895
"2021-02-08",50.9199981689453,52.3600006103516,50.7099990844727,52.0999984741211,36998700,41.7444229125977
"2021-02-09",50.6699981689453,50.9599990844727,49.7700004577637,50.6300010681152,28977000,41.2555351257324
"2021-02-10",50.6300010681152,51.4199981689453,50.3899993896484,51.1199989318848,25723800,41.6548080444336
"2021-02-11",50.8899993896484,50.9300003051758,48.7799987792969,49.8400001525879,26972200,40.6118011474609
"2021-02-12",49.4300003051758,50.7099990844727,49.4099998474121,50.5200004577637,19756700,41.1659049987793
"2021-02-16",51.9599990844727,52.5299987792969,51.6199989318848,52.0400009155273,28060100,42.4044647216797
"2021-02-17",52.3499984741211,53.2700004577637,51.7999992370605,52.8499984741211,25509700,43.0644950866699
"2021-02-18",52.810001373291,52.939998626709,51.8600006103516,52.0200004577637,20627600,42.3881721496582
"2021-02-19",52.1100006103516,52.560001373291,51.9199981689453,52.3699989318848,22607200,42.6733589172363
"2021-02-22",52.5900001525879,54.810001373291,52.5900001525879,54.2999992370605,36435100,44.2460060119629
"2021-02-23",54.9799995422363,55.2599983215332,53.7400016784668,55.0499992370605,33527900,44.8571319580078
"2021-02-24",55.189998626709,57,54.8699989318848,56.7000007629395,28728600,46.2016334533691
"2021-02-25",56.9799995422363,57.25,55.3499984741211,55.7599983215332,29670900,45.435676574707
"2021-02-26",54.4099998474121,55.060001373291,53.1199989318848,54.3699989318848,35291000,44.3030433654785
"2021-03-01",56.4700012207031,57.6100006103516,56.1300010681152,56.4000015258789,36998300,45.9571723937988
"2021-03-02",56.6500015258789,56.9599990844727,56.0200004577637,56.0699996948242,30302600,45.6882781982422
"2021-03-03",56.4199981689453,57.9599990844727,55.8800010681152,56.5200004577637,35358900,46.0549583435059
"2021-03-04",57.1199989318848,59.4700012207031,57.0999984741211,58.7099990844727,52137500,47.8394737243652
"2021-03-05",59.8300018310547,61.0499992370605,59.1100006103516,60.9300003051758,51429800,49.6484184265137
"2021-03-08",61.5800018310547,61.6100006103516,59.8199996948242,60.8699989318848,38154600,49.5995330810547
"2021-03-09",60.6100006103516,61.3899993896484,59.4700012207031,59.9300003051758,35645900,48.8335762023926
"2021-03-10",60.5200004577637,61.9199981689453,60.0299987792969,61.7700004577637,31579100,50.3328819274902
"2021-03-11",61.7799987792969,62.5499992370605,61.2599983215332,61.310001373291,24802600,49.9580612182617
"2021-03-12",61.5499992370605,62.3699989318848,61.5,61.9700012207031,20422700,50.4958572387695
"2021-03-15",61.4900016784668,61.8600006103516,59.8699989318848,60.3899993896484,31243600,49.2084121704102
"2021-03-16",59.5400009155273,59.6599998474121,58.439998626709,59.1100006103516,30624800,48.1654052734375
"2021-03-17",58.689998626709,59.7299995422363,58.6199989318848,59.3699989318848,25575500,48.3772583007812
"2021-03-18",58.810001373291,58.9700012207031,56.5200004577637,56.810001373291,38622800,46.291259765625
"2021-03-19",56.7099990844727,57.4700012207031,55.810001373291,56.4900016784668,84439400,46.030517578125
"2021-03-22",56.5,56.8600006103516,55.9000015258789,55.9099998474121,29315100,45.5579071044922
"2021-03-23",54.939998626709,56.2900009155273,54.4500007629395,55.2200012207031,33493300,44.9956665039062
"2021-03-24",56.0800018310547,57.2799987792969,56.0800018310547,56.3400001525879,29781800,45.9082908630371
"2021-03-25",55.2099990844727,56.5,54.5,56.1800003051758,31495900,45.7779197692871
"2021-03-26",57.2999992370605,57.7799987792969,56.5200004577637,57.7099990844727,34226500,47.0246238708496
"2021-03-29",57.3400001525879,57.8199996948242,56.7400016784668,57.4000015258789,21144400,46.772029876709
"2021-03-30",56.8600006103516,57.3600006103516,56.4900016784668,56.689998626709,20303400,46.1934814453125
"2021-03-31",56.3499984741211,56.6300010681152,55.7999992370605,55.8300018310547,23686500,45.4927215576172
"2021-04-01",56.3199996948242,57.4500007629395,56.1399993896484,57.3899993896484,23194500,46.7638740539551
"2021-04-05",57.2999992370605,57.3199996948242,56.1399993896484,56.5,23264800,46.0386657714844
"2021-04-06",56.8400001525879,57.5400009155273,56.2599983215332,56.3400001525879,18926300,45.9082908630371
"2021-04-07",56.3899993896484,56.7700004577637,56.2400016784668,56.5900001525879,22385000,46.1119956970215
"2021-04-08",55.9300003051758,56.0800018310547,55.3199996948242,56,21999300,45.6312446594238
"2021-04-09",56,56.439998626709,55.5299987792969,55.8699989318848,20020700,45.525318145752
"2021-04-12",56.7599983215332,56.7900009155273,55.310001373291,55.5,20238800,45.223819732666
"2021-04-13",55.2999992370605,55.9799995422363,55.0900001525879,55.7099990844727,19370600,45.3949394226074
"2021-04-14",56.4099998474121,58.0099983215332,56.25,57.3199996948242,28051100,46.7068367004395
"2021-04-15",57.4199981689453,57.4199981689453,56.7799987792969,56.9799995422363,23250300,46.4297904968262
"2021-04-16",57.3600006103516,57.6800003051758,56.439998626709,56.6599998474121,22752000,46.1690406799316
"2021-04-19",56.75,57.1399993896484,55.9599990844727,56.4799995422363,21123300,46.0223770141602
"2021-04-20",56.4700012207031,56.4700012207031,54.7799987792969,55.2900009155273,21782100,45.0527000427246
"2021-04-21",54.5,56.1300010681152,54.2999992370605,56,16625600,45.6312446594238
"2021-04-22",55.9900016784668,55.9900016784668,55.0200004577637,55.2700004577637,21600100,45.0364112854004
"2021-04-23",55.2700004577637,55.939998626709,55.1800003051758,55.5699996948242,15337900,45.2808609008789
"2021-04-26",55.4700012207031,56.2900009155273,55.439998626709,55.6800003051758,16083800,45.3704948425293
"2021-04-27",56.0099983215332,56.6300010681152,55.810001373291,56.4099998474121,19278600,45.9653282165527
"2021-04-28",56.9099998474121,58.4599990844727,56.7900009155273,58.1100006103516,24729800,47.3505630493164
"2021-04-29",58.9199981689453,59.4799995422363,58.1500015258789,58.939998626709,27318400,48.0268745422363
"2021-04-30",58.3300018310547,58.8899993896484,57.1599998474121,57.2400016784668,30518400,46.6416473388672
"2021-05-03",57.9799995422363,58.9900016784668,57.7400016784668,58.8199996948242,20509600,47.9291076660156
"2021-05-04",59,59.5,58.5099983215332,59.189998626709,23522200,48.230598449707
"2021-05-05",59.7700004577637,61.0499992370605,59.4000015258789,60.9700012207031,31526200,49.6810111999512
"2021-05-06",60.8600006103516,61.6399993896484,60.0299987792969,61.5499992370605,26836800,50.153621673584
"2021-05-07",61.0699996948242,62.4700012207031,60.8499984741211,62.4300003051758,33610600,50.8706855773926
"2021-05-10",63.2400016784668,64.0199966430664,62.5299987792969,62.5800018310547,31956600,50.9929122924805
"2021-05-11",61.6300010681152,62.3899993896484,60.3899993896484,60.5900001525879,34563800,49.3713722229004
"2021-05-12",60.0099983215332,61.6800003051758,59.75,60.0400009155273,34426500,49.6359252929688
"2021-05-13",59,60.4500007629395,58.75,59.2999992370605,24268200,49.0241508483887
"2021-05-14",59.9300003051758,60.8800010681152,59.9300003051758,60.7700004577637,20735400,50.2394218444824
"2021-05-17",60.5400009155273,62.25,60.4300003051758,62.189998626709,25282500,51.4133605957031
"2021-05-18",62,62.2999992370605,60.4000015258789,60.4300003051758,25170800,49.9583358764648
"2021-05-19",59.0999984741211,59.8600006103516,58.4199981689453,58.9799995422363,28889800,48.7596015930176
"2021-05-20",58.9500007629395,59.1500015258789,58.2400016784668,58.8400001525879,20692500,48.6438598632812
"2021-05-21",59.4199981689453,59.8300018310547,58.8499984741211,58.9199981689453,20792700,48.7100028991699
"2021-05-24",59.0800018310547,59.7999992370605,58.689998626709,59.6100006103516,18400300,49.280445098877
"2021-05-25",59.5,59.5400009155273,58.1199989318848,58.2599983215332,25616100,48.1643714904785
"2021-05-26",58.25,59.1199989318848,57.9000015258789,58.939998626709,21698700,48.7265281677246
"2021-05-27",59.2299995422363,59.7000007629395,58.0200004577637,58.560001373291,33556000,48.4123916625977
"2021-05-28",58.7299995422363,58.7999992370605,58.1100006103516,58.3699989318848,19246800,48.2553176879883
"2021-06-01",59.4500007629395,60.7000007629395,59.4500007629395,60.4599990844727,28474200,49.9831390380859
"2021-06-02",60.75,61.310001373291,60.1699981689453,60.939998626709,22978300,50.3799629211426
"2021-06-03",60.5499992370605,61.4099998474121,60.3499984741211,61.1800003051758,20272800,50.5783767700195
"2021-06-04",61.4599990844727,61.7000007629395,60.7799987792969,61.4500007629395,20427800,50.8016014099121
"2021-06-07",61.3300018310547,61.7299995422363,61.0200004577637,61.0499992370605,15477900,50.4709091186523
"2021-06-08",61.5,62.4799995422363,60.6699981689453,62.1300010681152,28953400,51.3637580871582
"2021-06-09",62.6699981689453,63.4199981689453,62.189998626709,62.6500015258789,29133000,51.7936401367188
"2021-06-10",63.6100006103516,63.9799995422363,62.25,62.75,27488700,51.8763198852539
"2021-06-11",63.0099983215332,63.189998626709,62.1399993896484,62.1699981689453,17631700,51.3968200683594
"2021-06-14",62.2999992370605,62.7799987792969,61.5699996948242,62.0699996948242,16997200,51.3141555786133
"2021-06-15",62.4799995422363,64.4000015258789,62.3499984741211,64.3300018310547,30717100,53.1825294494629
"2021-06-16",64.3199996948242,64.8000030517578,63.560001373291,64.0999984741211,24803200,52.992374420166
"2021-06-17",63.8600006103516,64.4599990844727,61.2700004577637,61.9900016784668,28491800,51.2480201721191
"2021-06-18",61,61.5499992370605,60.2400016784668,60.4000015258789,39590700,49.9335441589355
"2021-06-21",60.9300003051758,62.7000007629395,60.9000015258789,62.5900001525879,33145400,51.7440376281738
"2021-06-22",62.8499984741211,64.0100021362305,62.2299995422363,63.7900009155273,25140400,52.7361030578613
"2021-06-23",64.0500030517578,64.6999969482422,63.5800018310547,64.2600021362305,20701600,53.1246681213379
"2021-06-24",64.1500015258789,64.5599975585938,63.810001373291,64.5199966430664,19568400,53.3395881652832
"2021-06-25",64.6100006103516,64.9300003051758,64.3600006103516,64.6600036621094,18438300,53.4553527832031
"2021-06-28",64.5599975585938,64.5599975585938,62.75,63.0099983215332,20570000,52.0912628173828
"2021-06-29",63.2099990844727,63.7700004577637,62.5900001525879,62.6199989318848,19579300,51.7688407897949
"2021-06-30",62.7000007629395,63.2299995422363,62.4500007629395,63.0800018310547,17875500,52.1491279602051
"2021-07-01",64.3300018310547,64.4199981689453,62.7700004577637,63.2599983215332,22530300,52.2979431152344
"2021-07-02",63.0099983215332,63.3199996948242,62.4199981689453,63.1699981689453,14555300,52.2235374450684
"2021-07-06",62.75,62.7599983215332,60.9000015258789,61.3699989318848,22110800,50.7354507446289
"2021-07-07",61.1800003051758,61.810001373291,59.6199989318848,60.4099998474121,21671400,49.9417991638184
"2021-07-08",59.4500007629395,60.7099990844727,59.310001373291,60.1399993896484,18935900,49.7185974121094
"2021-07-09",60.7000007629395,61.4500007629395,60.2400016784668,61.2299995422363,20086000,50.6197204589844
"2021-07-12",60.4199981689453,61.5,60.1599998474121,61.1699981689453,21809400,50.5701065063477
"2021-07-13",61,61.5099983215332,60.5099983215332,60.8800010681152,17147300,50.3303642272949
"2021-07-14",61.1699981689453,61.7299995422363,59.3600006103516,59.5299987792969,21573600,49.214298248291
"2021-07-15",59.1699981689453,59.7000007629395,58.7700004577637,58.9500007629395,15851100,48.7348098754883
"2021-07-16",59.1800003051758,59.2599983215332,57.1500015258789,57.3199996948242,27049500,47.3872566223145
"2021-07-19",55.6399993896484,56.2000007629395,54.5999984741211,55.3499984741211,37969100,45.7586288452148
"2021-07-20",55.5,56.5999984741211,55.0299987792969,55.9599990844727,26756100,46.2629318237305
"2021-07-21",56.8600006103516,58.2999992370605,56.8300018310547,57.7599983215332,20908700,47.7510108947754
"2021-07-22",57.7299995422363,57.7400016784668,56.6599998474121,57.1100006103516,13493800,47.2136497497559
"2021-07-23",57.2900009155273,57.2900009155273,56.4700012207031,57.0400009155273,14088200,47.1557807922363
"2021-07-26",57.1599998474121,58.6500015258789,57,58.4799995422363,18387600,48.346248626709
"2021-07-27",58.0099983215332,58.0099983215332,57.2099990844727,57.8300018310547,16861400,47.8088874816895
"2021-07-28",58,58.6300010681152,57.6199989318848,58.2200012207031,16855300,48.1313095092773
"2021-07-29",59,59.3300018310547,58.560001373291,58.9300003051758,18607800,48.7182769775391
"2021-07-30",58.8800010681152,58.8800010681152,57.3199996948242,57.5699996948242,28652800,47.5939331054688
"2021-08-02",57.5499992370605,59.060001373291,57.4000015258789,57.5800018310547,20873800,47.6022033691406
"2021-08-03",57.5699996948242,58.4099998474121,56.9300003051758,58.2000007629395,18208200,48.1147727966309
"2021-08-04",57.189998626709,57.8800010681152,56.810001373291,56.8400001525879,20868300,46.9904327392578
"2021-08-05",57.1300010681152,57.7000007629395,56.8300018310547,57.2000007629395,15180200,47.2880554199219
"2021-08-06",57.6599998474121,58.0699996948242,57.5299987792969,57.8600006103516,14888500,47.833683013916
"2021-08-09",57.1300010681152,57.5200004577637,56.8300018310547,57.2000007629395,17828200,47.2880554199219
"2021-08-10",57.4199981689453,58.3600006103516,57.2999992370605,58.1800003051758,16340200,48.0982360839844
"2021-08-11",58.189998626709,58.5,57.7200012207031,58.3499984741211,18278600,48.2387771606445
"2021-08-12",57.4000015258789,57.7900009155273,56.8699989318848,57.3499984741211,19225500,48.1296730041504
"2021-08-13",57.0299987792969,57.0699996948242,56.2999992370605,56.7700004577637,20063000,47.6429214477539
"2021-08-16",56.0200004577637,56.0900001525879,55.2700004577637,55.939998626709,16959500,46.9463729858398
"2021-08-17",55.5,56.2999992370605,55,55.560001373291,16243700,46.6274642944336
"2021-08-18",55.4199981689453,55.810001373291,54.310001373291,54.3899993896484,21890500,45.6455612182617
"2021-08-19",53.4700012207031,53.7099990844727,52.0999984741211,52.7299995422363,30923500,44.2524452209473
"2021-08-20",52.2700004577637,53.1399993896484,52.1100006103516,52.7400016784668,16918300,44.2608413696289
"2021-08-23",53.9500007629395,55.060001373291,53.9500007629395,54.9099998474121,21632600,46.0819702148438
"2021-08-24",55.2900009155273,55.8499984741211,55.0099983215332,55.3600006103516,17915600,46.4596214294434
"2021-08-25",55.2400016784668,55.7700004577637,54.8699989318848,55.4599990844727,13270300,46.5435371398926
"2021-08-26",55.2000007629395,55.5400009155273,54.6300010681152,54.7099990844727,11842600,45.9141235351562
"2021-08-27",55.4000015258789,56.2099990844727,55.4000015258789,55.7700004577637,15822500,46.8037033081055
"2021-08-30",56.2400016784668,56.3400001525879,55.1199989318848,55.1599998474121,14086100,46.2917709350586
"2021-08-31",54.9300003051758,55.310001373291,54.4599990844727,54.5200004577637,27104100,45.7546691894531
"2021-09-01",54.4900016784668,54.7599983215332,53.5999984741211,53.7700004577637,21644100,45.1252479553223
"2021-09-02",54.2900009155273,55.6399993896484,54.2700004577637,55.0800018310547,23293300,46.2246398925781
"2021-09-03",55.1199989318848,55.3199996948242,54.5999984741211,54.8699989318848,13840000,46.0483894348145
"2021-09-07",54.6699981689453,55.2700004577637,54.4700012207031,54.5499992370605,14354400,45.779842376709
"2021-09-08",54.7900009155273,55.1800003051758,54.0099983215332,54.0499992370605,18756700,45.3602256774902
"2021-09-09",53.6199989318848,55,53.2999992370605,54.0900001525879,19110800,45.3937950134277
"2021-09-10",55.189998626709,55.2299995422363,53.9500007629395,53.9799995422363,15123700,45.3014793395996
"2021-09-13",54.6500015258789,55.9300003051758,54.6199989318848,55.3699989318848,22052300,46.4680061340332
"2021-09-14",55.689998626709,55.7700004577637,54.4099998474121,54.5800018310547,19940300,45.8050270080566
"2021-09-15",55.3699989318848,56.5299987792969,55.310001373291,56.4199981689453,23240900,47.3492012023926
"2021-09-16",56.4599990844727,56.4599990844727,55.5,55.8199996948242,17907200,46.8456611633301
"2021-09-17",55.3400001525879,56.75,55.0999984741211,55.1599998474121,30000400,46.2917709350586
"2021-09-20",53.7799987792969,54.1699981689453,52.9599990844727,53.689998626709,27555100,45.05810546875
"2021-09-21",54.3699989318848,54.5099983215332,53.25,53.6399993896484,19696800,45.0161437988281
"2021-09-22",54.4300003051758,55.9099998474121,54.3699989318848,55.2099990844727,25690600,46.3337249755859
"2021-09-23",55.4199981689453,57.2400016784668,55.2799987792969,57.0800018310547,23069400,47.9030838012695
"2021-09-24",56.7000007629395,57.8199996948242,56.6800003051758,57.5900001525879,22328600,48.3311004638672
"2021-09-27",58.8499984741211,59.7999992370605,58.8199996948242,59.2999992370605,32972200,49.766170501709
"2021-09-28",59.9000015258789,60.4799995422363,59.5099983215332,59.9199981689453,37619300,50.286491394043
"2021-09-29",59.8400001525879,60.189998626709,59.0499992370605,59.8800010681152,23422800,50.2529258728027
"2021-09-30",60.1199989318848,60.1699981689453,58.810001373291,58.8199996948242,31289600,49.3633422851562
"2021-10-01",59.4099998474121,60.9900016784668,59.4099998474121,60.9300003051758,24407300,51.1341094970703
"2021-10-04",61.3199996948242,62.0699996948242,60.9500007629395,61.7200012207031,33946700,51.7971000671387
"2021-10-05",62.5200004577637,62.7000007629395,61.0200004577637,61.6199989318848,29641600,51.7131767272949
"2021-10-06",60.4700012207031,61.1199989318848,59.75,60.4900016784668,25284900,50.7648582458496
"2021-10-07",60.6100006103516,61.0800018310547,60.1399993896484,60.6599998474121,19513600,50.9075241088867
"2021-10-08",61.25,62.4199981689453,61.25,62.1800003051758,22186900,52.1831436157227
"2021-10-11",63.0299987792969,63.060001373291,61.5,61.560001373291,22121500,51.6628341674805
"2021-10-12",61.5699996948242,61.9799995422363,60.8499984741211,61.2400016784668,20198600,51.3942680358887
"2021-10-13",60.7799987792969,61.3899993896484,60.2099990844727,61.0699996948242,14991700,51.2516059875488
"2021-10-14",61.7099990844727,62.2200012207031,61.1699981689453,62,18594500,52.0320930480957
"2021-10-15",62.7299995422363,63.0699996948242,62.439998626709,62.5900001525879,16092600,52.5272254943848
"2021-10-18",63.0900001525879,63.1399993896484,62.2700004577637,62.560001373291,18282800,52.5020523071289
"2021-10-19",62.8699989318848,63.6100006103516,62.6699981689453,63.5,18933200,53.2909278869629
"2021-10-20",62.8899993896484,63.8699989318848,62.7200012207031,63.8499984741211,14305200,53.5846557617188
"2021-10-21",63.4700012207031,63.6399993896484,62.3499984741211,62.689998626709,16564600,52.6111373901367
"2021-10-22",62.7700004577637,63.2200012207031,62.3499984741211,63.1199989318848,14266800,52.9720115661621
"2021-10-25",63.7200012207031,64.4199981689453,63.5800018310547,64.3499984741211,17939800,54.0042724609375
"2021-10-26",64.4899978637695,65.9400024414062,64.3600006103516,65.8399963378906,25585100,55.2547035217285
"2021-10-27",65.1600036621094,65.25,63.9799995422363,64.129997253418,21764500,53.8196411132812
"2021-10-28",63.8199996948242,64.4700012207031,63.6300010681152,64.3099975585938,16626400,53.9706954956055
"2021-10-29",65.0500030517578,65.3600006103516,64.3300018310547,64.4700012207031,23966300,54.1049728393555
"2021-11-01",65.0699996948242,66.0800018310547,65.0199966430664,65.629997253418,19656400,55.0784759521484
"2021-11-02",65.0299987792969,65.4499969482422,64.6600036621094,64.8199996948242,16300000,54.3987045288086
"2021-11-03",64.0400009155273,64.4499969482422,63.6599998474121,63.9300003051758,17372800,53.651798248291
"2021-11-04",64.6800003051758,64.8899993896484,63.8300018310547,64.4100036621094,17720100,54.0546188354492
"2021-11-05",65.0500030517578,65.3300018310547,64.5599975585938,65.0199966430664,18565100,54.5665550231934
"2021-11-08",65.5500030517578,66.379997253418,65.379997253418,65.7200012207031,17696000,55.1540222167969
"2021-11-09",65.7699966430664,66.370002746582,65.3099975585938,66.3600006103516,18781300,55.6911125183105
"2021-11-10",65.3199996948242,65.6500015258789,63.7700004577637,64.1900024414062,20177200,54.5939636230469
"2021-11-11",64.1900024414062,64.8300018310547,64.0199966430664,64.3099975585938,13319300,54.6960220336914
"2021-11-12",63.9599990844727,64.370002746582,63.5800018310547,63.8199996948242,18158900,54.2792778015137
"2021-11-15",63.7599983215332,64.7699966430664,63.2200012207031,64.370002746582,18849200,54.7470588684082
"2021-11-16",64.3399963378906,65.370002746582,64.3399963378906,65.0199966430664,17028700,55.2998847961426
"2021-11-17",64.379997253418,65.2399978637695,64.1800003051758,64.3099975585938,15497000,54.6960220336914
"2021-11-18",64.1600036621094,64.5299987792969,63.1100006103516,63.6100006103516,16948200,54.1006622314453
"2021-11-19",61.8899993896484,62.0299987792969,60.4099998474121,60.6699981689453,32035500,51.6001777648926
"2021-11-22",60.3199996948242,62.5400009155273,60.3199996948242,61.5099983215332,21994400,52.3146018981934
"2021-11-23",62.189998626709,63.3800010681152,61.9199981689453,63.1300010681152,21185900,53.6924285888672
"2021-11-24",62.5800018310547,63.8499984741211,62.5800018310547,63.4799995422363,15869700,53.9901008605957
"2021-11-26",60.5200004577637,61.4199981689453,59.5400009155273,61.25,24979600,52.0934753417969
"2021-11-29",62.5699996948242,63.1399993896484,61.2900009155273,61.5900001525879,18946400,52.382640838623
"2021-11-30",60.4599990844727,61.189998626709,59.6599998474121,59.8400001525879,34979800,50.8942642211914
"2021-12-01",60.9000015258789,62.0299987792969,59.75,59.7900009155273,30630600,50.8517417907715
"2021-12-02",59.7400016784668,61.5800018310547,59.1399993896484,61.2799987792969,29216000,52.1189880371094
"2021-12-03",61.9199981689453,62.2299995422363,60.3499984741211,60.8899993896484,22014700,51.7872848510742
"2021-12-06",61.7200012207031,62.1599998474121,61.4199981689453,61.5800018310547,19210500,52.3741416931152
"2021-12-07",62.3400001525879,63.0299987792969,62.0999984741211,62.2700004577637,19800400,52.9609832763672
"2021-12-08",62.6100006103516,63.189998626709,62.3400001525879,62.4500007629395,18214400,53.114086151123
"2021-12-09",62.0499992370605,62.7700004577637,61.810001373291,62.6100006103516,16910300,53.2501640319824
"2021-12-10",63.2700004577637,63.3499984741211,62.2299995422363,63.0099983215332,17942400,53.5903587341309
"2021-12-13",62.4700012207031,62.7200012207031,61.3499984741211,61.6300010681152,17793700,52.4166641235352
"2021-12-14",61.2599983215332,62.4700012207031,61.2200012207031,61.5400009155273,22551100,52.3401260375977
"2021-12-15",61.189998626709,61.5,60.0099983215332,61.2700004577637,19961900,52.1104888916016
"2021-12-16",61.439998626709,62.4500007629395,61.2999992370605,61.3699989318848,21187800,52.1955337524414
"2021-12-17",60.9500007629395,61.2799987792969,59.689998626709,60.0299987792969,44338100,51.0558586120605
"2021-12-20",58.7900009155273,59.25,57.9599990844727,59.1599998474121,21819300,50.3159255981445
"2021-12-21",59.75,60.6800003051758,59.7200012207031,60.5,19798900,51.4556007385254
"2021-12-22",60.3400001525879,61.3699989318848,59.9700012207031,60.9900016784668,14058300,51.8723564147949
"2021-12-23",61.1699981689453,61.8400001525879,61,61.0200004577637,13543300,51.8978576660156
"2021-12-27",60.9300003051758,61.9500007629395,60.4199981689453,61.8899993896484,12593700,52.6377983093262
"2021-12-28",61.9099998474121,62.310001373291,61.4000015258789,61.689998626709,12781000,52.4677047729492
"2021-12-29",61.4799995422363,61.5999984741211,60.9199981689453,61.1500015258789,12733600,52.008430480957
"2021-12-30",61.2200012207031,61.5999984741211,60.7700004577637,60.7900009155273,11940300,51.7022399902344
"2021-12-31",60.7400016784668,61.4700012207031,60.7000007629395,61.189998626709,14072000,52.0424423217773
"2022-01-03",61.2400016784668,63.5999984741211,61.2099990844727,63.5400009155273,24282400,54.041130065918
"2022-01-04",64.129997253418,66.1900024414062,64.0999984741211,65.9300003051758,38584000,56.073844909668
"2022-01-05",66.5,67.6100006103516,66.4800033569336,66.75,34033300,56.7712478637695
"2022-01-06",68,68.4800033569336,67.0699996948242,68.3199996948242,30668500,58.1065483093262
"2022-01-07",68.5199966430664,69.1800003051758,67.9800033569336,68.879997253418,23985400,58.5828323364258
"2022-01-10",68.9700012207031,69.1699981689453,67.9499969482422,68.4700012207031,22760300,58.2341346740723
"2022-01-11",68.8899993896484,71.4000015258789,68.5800018310547,71.3499984741211,32936100,60.6835823059082
"2022-01-12",71.1399993896484,71.8099975585938,70.6399993896484,71.1399993896484,23045100,60.5049858093262
"2022-01-13",71.120002746582,71.5800018310547,70.3099975585938,70.629997253418,21043200,60.0712242126465
"2022-01-14",70.6500015258789,72.1500015258789,70.5999984741211,71.870002746582,23012900,61.125846862793
"2022-01-18",72.8199996948242,73.879997253418,72.0100021362305,73.0800018310547,32841200,62.1549530029297
"2022-01-19",73.75,73.8600006103516,72.5500030517578,73.1100006103516,26431600,62.180477142334
"2022-01-20",72.5,74.370002746582,72.2600021362305,73.2699966430664,26774600,62.3165550231934
"2022-01-21",73.1800003051758,73.1800003051758,71.0400009155273,72.1699981689453,35995200,61.3810005187988
"2022-01-24",70.879997253418,73.0800018310547,69.8099975585938,72.7900009155273,41507000,61.908317565918
"2022-01-25",72.5899963378906,75.2399978637695,71.3899993896484,74.9300003051758,39278400,63.7283973693848
"2022-01-26",75.4300003051758,76,73.4899978637695,74.1699981689453,35252400,63.0820159912109
"2022-01-27",75.4599990844727,76.0100021362305,73.9899978637695,75.120002746582,29174700,63.8900032043457
"2022-01-28",74.9700012207031,75.620002746582,73.9499969482422,75.2799987792969,30595700,64.0260696411133
"2022-01-31",74.9700012207031,76.4199981689453,74.2699966430664,75.9599990844727,36085500,64.6044235229492
"2022-02-01",76.4499969482422,81.5100021362305,76.2699966430664,80.8300018310547,61033100,68.7463684082031
"2022-02-02",80.0599975585938,80.8099975585938,79.1500015258789,80.620002746582,30299300,68.5677871704102
"2022-02-03",80.0899963378906,80.3099975585938,79.0199966430664,79.6800003051758,28529400,67.768310546875
"2022-02-04",80.870002746582,82.5299987792969,80.870002746582,81.4100036621094,32197500,69.2396697998047
"2022-02-07",81.1399993896484,83.0800018310547,80.6399993896484,82.3899993896484,34949200,70.0731811523438
"2022-02-08",82.2699966430664,82.5,79.9199981689453,80.2600021362305,34356300,68.261589050293
"2022-02-09",79.5800018310547,80.0299987792969,78.7099990844727,79,40106100,67.9348297119141
"2022-02-10",78.7200012207031,79.6800003051758,77.7900009155273,78.2399978637695,28527700,67.2812576293945
"2022-02-11",78.620002746582,80.3199996948242,78.2300033569336,80.2099990844727,42002100,68.975341796875
"2022-02-14",79.5800018310547,79.8399963378906,77.0500030517578,78.9800033569336,34652800,67.9176330566406
"2022-02-15",76.9000015258789,78.1900024414062,76.4199981689453,77.9899978637695,25075100,67.066291809082
"2022-02-16",78.7900009155273,79.7300033569336,78.0400009155273,78.3499984741211,21733800,67.375862121582
"2022-02-17",78.4800033569336,79.120002746582,77.9499969482422,78.2300033569336,23738800,67.2726669311523
"2022-02-18",77.1600036621094,78.1699981689453,76.8899993896484,77.3600006103516,23394800,66.524528503418
"2022-02-22",79.6699981689453,79.7900009155273,75.3099975585938,76.4599990844727,35947800,65.7505722045898
"2022-02-23",76.4599990844727,77.4700012207031,76.129997253418,76.7699966430664,25385000,66.0171508789062
"2022-02-24",79,79.0299987792969,74.0299987792969,75.8000030517578,46199900,65.1830444335938
"2022-02-25",76.6900024414062,77.9899978637695,76.2600021362305,77.8399963378906,28310300,66.9372863769531
"2022-02-28",76.5100021362305,78.9300003051758,76.1999969482422,78.4199981689453,32204600,67.4360427856445
"2022-03-01",78.7699966430664,80.6500015258789,78.3300018310547,79.1699981689453,40002300,68.0810165405273
"2022-03-02",80.5999984741211,82.1500015258789,79.8199996948242,80.5299987792969,44321400,69.2505340576172
"2022-03-03",79.8600006103516,81.7699966430664,79.629997253418,81.0400009155273,30196600,69.689094543457
"2022-03-04",81.0500030517578,84.2799987792969,80.6600036621094,84.0899963378906,42802200,72.3118667602539
"2022-03-07",84.9199981689453,87.2300033569336,83.9000015258789,87.120002746582,55207900,74.9174728393555
"2022-03-08",89.0500030517578,91.5100021362305,85.4300003051758,87.7799987792969,72082300,75.4850387573242
"2022-03-09",84.0299987792969,86.5699996948242,81.5999984741211,82.7900009155273,65466700,71.1939697265625
"2022-03-10",84.0100021362305,85.6800003051758,82.9000015258789,85.3600006103516,44644200,73.4039916992188
"2022-03-11",84.0699996948242,86.2300033569336,83.9700012207031,84.9199981689453,35303400,73.0256271362305
"2022-03-14",83.0599975585938,83.4499969482422,80.5,81.879997253418,37462600,70.4114151000977
"2022-03-15",78.8199996948242,79.1699981689453,76.370002746582,77.2200012207031,47957900,66.4041366577148
"2022-03-16",77.8099975585938,78.620002746582,76.25,76.9300003051758,37812300,66.1547546386719
"2022-03-17",78.1800003051758,79.1500015258789,77.0699996948242,78.9800033569336,34041900,67.9176330566406
"2022-03-18",79.0599975585938,79.3899993896484,78.0999984741211,78.6699981689453,41461500,67.6510314941406
"2022-03-21",80.120002746582,82.5199966430664,79.7399978637695,82.1999969482422,33089300,70.6866149902344
"2022-03-22",81.629997253418,82.1999969482422,80.7900009155273,81.8399963378906,23132200,70.3770217895508
"2022-03-23",83.3399963378906,84.2699966430664,83.0500030517578,83.129997253418,27716300,71.4863357543945
"2022-03-24",83.4599990844727,84.6500015258789,82.75,83.379997253418,19871600,71.7013244628906
"2022-03-25",82.9199981689453,85.4899978637695,82.7900009155273,85.1999969482422,22398300,73.2664031982422
"2022-03-28",83.1699981689453,83.3099975585938,82.0199966430664,82.8099975585938,21552400,71.2111663818359
"2022-03-29",80.8099975585938,82.4899978637695,79.7600021362305,82.370002746582,27036300,70.8328094482422
"2022-03-30",83.0599975585938,84.0100021362305,82.7099990844727,83.7799987792969,22079000,72.0453033447266
"2022-03-31",82.870002746582,84.4000015258789,82.5500030517578,82.5899963378906,27861500,71.0219802856445
"2022-04-01",81.9899978637695,84.1399993896484,81.9899978637695,83.120002746582,18671100,71.4777526855469
"2022-04-04",83.5599975585938,83.6600036621094,82.0500030517578,83.1600036621094,20869400,71.5121536254883
"2022-04-05",83.5,85.0699996948242,82.5599975585938,82.7300033569336,21753100,71.1423797607422
"2022-04-06",83.4199981689453,84.6999969482422,82.9400024414062,83.6500015258789,24768200,71.9335021972656
"2022-04-07",83.8300018310547,85.4400024414062,82.7099990844727,85.0500030517578,26122000,73.1374130249023
"2022-04-08",85.1699981689453,87.2099990844727,85.1699981689453,86.8399963378906,24866500,74.6766891479492
"2022-04-11",85.7799987792969,85.9300003051758,83.5,83.8499984741211,21800100,72.1054992675781
"2022-04-12",85.7099990844727,86.8199996948242,85.379997253418,85.5999984741211,22444200,73.6103973388672
"2022-04-13",86.6100006103516,87.1100006103516,85.1900024414062,86.8099975585938,19306800,74.6509094238281
"2022-04-14",86.6699981689453,88.4599990844727,86.2300033569336,87.8300018310547,24566400,75.5280303955078
"2022-04-18",88.5,88.8899993896484,87.75,88.5500030517578,19032300,76.1471862792969
"2022-04-19",88.0100021362305,88.6600036621094,87.2699966430664,87.7600021362305,20382600,75.4678421020508
"2022-04-20",87.9700012207031,88.5,87.3000030517578,87.9599990844727,20689400,75.6398315429688
"2022-04-21",88.9499969482422,89.8000030517578,86.7900009155273,87.0299987792969,29010900,74.8401107788086
"2022-04-22",86.6600036621094,88.120002746582,85,85.129997253418,23591600,73.2062225341797
"2022-04-25",82.370002746582,82.6600036621094,79.2900009155273,82.2600021362305,37698300,70.7382049560547
"2022-04-26",82.7300033569336,84.7200012207031,82.1800003051758,82.2900009155273,28941500,70.7640151977539
"2022-04-27",83.3899993896484,85.4800033569336,82.2799987792969,84.6399993896484,32773000,72.7848587036133
"2022-04-28",84.879997253418,88.1399993896484,84.0699996948242,87.1999969482422,33683800,74.9862823486328
"2022-04-29",88.1399993896484,88.1399993896484,84.6999969482422,85.25,34656500,73.3094024658203
"2022-05-02",85.0100021362305,87.0400009155273,84.629997253418,86.4100036621094,36335200,74.3069305419922
"2022-05-03",86.2600021362305,88.7799987792969,86.120002746582,88.1900024414062,33908100,75.8376159667969
"2022-05-04",89.5,91.879997253418,88.9100036621094,91.6999969482422,46188400,78.8559799194336
"2022-05-05",92.0400009155273,92.0500030517578,88.3899993896484,90.3099975585938,41013400,77.6606750488281
"2022-05-06",90.9800033569336,91.8199996948242,89.3499984741211,91.6900024414062,29619300,78.8473892211914
"2022-05-09",89.4400024414062,89.5599975585938,84.0199966430664,84.4599990844727,45851600,72.6300506591797
"2022-05-10",85.6399993896484,86.8899993896484,83.5199966430664,85.0199966430664,34483200,73.1116256713867
"2022-05-11",86.4300003051758,88.9400024414062,86.2799987792969,86.7900009155273,33020600,74.6337051391602
"2022-05-12",85.9499969482422,86.379997253418,83.4000015258789,86.3000030517578,29491500,74.9725189208984
"2022-05-13",87.3600006103516,88.9499969482422,86.3499984741211,88.8600006103516,25798400,77.1964950561523
"2022-05-16",88.9800033569336,91.9800033569336,88.9700012207031,90.9499969482422,26101200,79.0121841430664
"2022-05-17",91.7300033569336,92.4499969482422,91.120002746582,92.1100006103516,23120700,80.0199127197266
"2022-05-18",92.5100021362305,92.9199981689453,89.8300018310547,90.6500015258789,25451200,78.7515258789062
"2022-05-19",89,92.3000030517578,89,91.1399993896484,24387400,79.1772232055664
"2022-05-20",91.9300003051758,93.5899963378906,90.4000015258789,91.8600006103516,28795000,79.8027267456055
"2022-05-23",92.6600036621094,94.7699966430664,92.5500030517578,93.8899993896484,27239300,81.566276550293
"2022-05-24",92.8199996948242,94.7900009155273,92.3199996948242,94.4000015258789,24293300,82.0093460083008
"2022-05-25",94.5800018310547,96.5299987792969,94.4700012207031,96.3000030517578,29947800,83.6599426269531
"2022-05-26",96.5999984741211,97.4300003051758,96.1999969482422,96.6399993896484,24314800,83.9553146362305
"2022-05-27",95.9499969482422,97.9300003051758,95.3000030517578,97.5899963378906,25588800,84.7806243896484
"2022-05-31",98.5599975585938,99.7799987792969,95.7099990844727,96,44888100,83.3993301391602
"2022-06-01",97.0199966430664,98.7099990844727,96.620002746582,97.8399963378906,25815400,84.9978103637695
"2022-06-02",97.2900009155273,98.0999984741211,96.7900009155273,97.6699981689453,19089100,84.8501129150391
"2022-06-03",97.9000015258789,99.6600036621094,97.9000015258789,99.0899963378906,21038200,86.0837326049805
"2022-06-06",99.1800003051758,99.7799987792969,98.6699981689453,98.8399963378906,20682100,85.8665466308594
"2022-06-07",99.6999969482422,103.430000305176,99.4899978637695,103.370002746582,37810200,89.8019561767578
"2022-06-08",103.48999786377,105.569999694824,102.980003356934,104.589996337891,31613200,90.8618240356445
"2022-06-09",103.419998168945,104.569999694824,102.160003662109,102.330001831055,26607000,88.8984756469727
"2022-06-10",101.940002441406,103.349998474121,99.7900009155273,100.459999084473,30950500,87.2739181518555
"2022-06-13",97.5199966430664,97.7699966430664,93.9199981689453,95.8499984741211,33421000,83.2690048217773
"2022-06-14",97.4100036621094,98.6699981689453,95.2699966430664,96.0999984741211,31264000,83.486213684082
"2022-06-15",95.9899978637695,96.5699996948242,93.2699966430664,94.8899993896484,29620800,82.4349975585938
"2022-06-16",92.4100036621094,93.129997253418,90.2799987792969,91.3899993896484,35696700,79.394416809082
"2022-06-17",90.9599990844727,91.3499984741211,85.6600036621094,86.120002746582,64610200,74.8161468505859
"2022-06-21",88.5800018310547,92.5299987792969,88.5199966430664,91.4800033569336,35951500,79.4726028442383
"2022-06-22",87.5400009155273,89.7600021362305,87.5299987792969,87.8600006103516,29727200,76.3277359008789
"2022-06-23",88.6600036621094,89.0500030517578,83.5199966430664,85.2099990844727,35757200,74.0255813598633
"2022-06-24",86.9499969482422,88.4000015258789,85.8099975585938,86.9000015258789,26639000,75.4937515258789
"2022-06-27",87.8099975585938,90.0400009155273,87.6699981689453,89.0299987792969,25478700,77.3441848754883
"2022-06-28",91.120002746582,93.2399978637695,90.3499984741211,91.5,33096900,79.4899749755859
"2022-06-29",92.9800033569336,93.1999969482422,87.7600021362305,88.120002746582,25400900,76.5536346435547
"2022-06-30",86.1399993896484,87.5999984741211,84.6699981689453,85.6399993896484,39948100,74.3991317749023
"2022-07-01",86.7399978637695,87.879997253418,84.7099990844727,87.5500030517578,26327900,76.0584411621094
"2022-07-05",86.3399963378906,86.6999969482422,83.0100021362305,84.8099975585938,34591100,73.6780776977539
"2022-07-06",83.7600021362305,85.2300033569336,81.0100021362305,83.2799987792969,33375700,72.3488998413086
"2022-07-07",85.379997253418,86.7600021362305,85.3000030517578,85.9400024414062,23817400,74.6597595214844
"2022-07-08",86.9499969482422,87.3000030517578,84.9300003051758,86.0800018310547,17673800,74.7813949584961
"2022-07-11",85.1699981689453,86.120002746582,84.3600006103516,85.6399993896484,15603800,74.3991317749023
"2022-07-12",83.7799987792969,85.0500030517578,82.8600006103516,84.5,21013000,73.4087829589844
"2022-07-13",83.379997253418,86.3099975585938,83.3000030517578,84.8399963378906,19928600,73.7041473388672
"2022-07-14",81.8499984741211,83.3099975585938,80.6900024414062,83.1399993896484,26343000,72.2272872924805
"2022-07-15",84.8000030517578,84.879997253418,82.9000015258789,84.5400009155273,17243700,73.4435272216797
"2022-07-18",86.5800018310547,87.9400024414062,85.75,86.0999984741211,19395800,74.7987823486328
"2022-07-19",86.4199981689453,88.5199966430664,86.25,88.2699966430664,18248900,76.6839141845703
"2022-07-20",87.5800018310547,89.6500015258789,87.25,89.2399978637695,16584400,77.5266036987305
"2022-07-21",86.9300003051758,87.8000030517578,85.2099990844727,87.75,21375700,76.2322006225586
"2022-07-22",87.5500030517578,88.4700012207031,86.629997253418,87.0800018310547,15479500,75.6501388549805
"2022-07-25",88.1600036621094,90.129997253418,87.4199981689453,89.9800033569336,17536400,78.1695022583008
"2022-07-26",91.129997253418,91.2799987792969,89,89.629997253418,15141200,77.8654251098633
"2022-07-27",90.2799987792969,92,89.4000015258789,91.5699996948242,18047000,79.5507965087891
"2022-07-28",92.1800003051758,93.25,91.0100021362305,92.6399993896484,20353100,80.4803466796875
"2022-07-29",94.4499969482422,97.5199966430664,94.0999984741211,96.9300003051758,29825800,84.2072677612305
"2022-08-01",94.7900009155273,95.3499984741211,93.2300033569336,94.4800033569336,20793200,82.0788269042969
"2022-08-02",94.6900024414062,95.1999969482422,93.8199996948242,94.0699996948242,16722500,81.7226486206055
"2022-08-03",94.4199981689453,94.4199981689453,90.7900009155273,91.0199966430664,23580800,79.0729827880859
"2022-08-04",90.3099975585938,90.3399963378906,86.4300003051758,87.1900024414062,31821500,75.7456970214844
"2022-08-05",86.3600006103516,89.6900024414062,86.2799987792969,88.4499969482422,17408000,76.8403244018555
"2022-08-08",88.6100006103516,89.5999984741211,88.2200012207031,88.9499969482422,14458500,77.2746963500977
"2022-08-09",90.0500030517578,91.6100006103516,89.9499969482422,90.5899963378906,19083400,78.6994094848633
"2022-08-10",90.6800003051758,91.7900009155273,89.1900024414062,91.4499969482422,18302000,79.4465408325195
"2022-08-11",91.8399963378906,94.3000030517578,91.4400024414062,93.1900024414062,18797900,81.7447738647461
"2022-08-12",92.4800033569336,94.0199966430664,92.1100006103516,94,15058200,82.4552841186523
"2022-08-15",90.5299987792969,92.7300033569336,89.6600036621094,92.3199996948242,20755200,80.9816131591797
"2022-08-16",92.0299987792969,92.8899993896484,91.2900009155273,91.4599990844727,14038200,80.2272338867188
"2022-08-17",91.2699966430664,93.2099990844727,90.9199981689453,92.1999969482422,13678000,80.8763580322266
"2022-08-18",93.1500015258789,95.3099975585938,93.0899963378906,94.379997253418,17770400,82.7886047363281
"2022-08-19",94.1600036621094,95.1999969482422,93.8000030517578,94.0800018310547,16128600,82.5254669189453
"2022-08-22",93.4199981689453,94.4899978637695,91.8600006103516,94.0100021362305,16019900,82.4640502929688
"2022-08-23",95.5500030517578,98.4100036621094,95.4499969482422,98,23764700,85.9640121459961
"2022-08-24",98.0100021362305,98.9700012207031,97.3600006103516,98.5800018310547,17050300,86.472785949707
"2022-08-25",98.9199981689453,99.8600006103516,98.0999984741211,99.0899963378906,15305700,86.9201507568359
"2022-08-26",98.7699966430664,99.9100036621094,97.4199981689453,97.870002746582,15531400,85.849983215332
"2022-08-29",98.1800003051758,101.559997558594,98.1399993896484,100.120002746582,23059200,87.8236465454102
"2022-08-30",98.3600006103516,98.620002746582,95.8199996948242,96.3099975585938,17086800,84.4815673828125
"2022-08-31",94.0299987792969,96.8399963378906,93.5899963378906,95.5899963378906,18340900,83.8499984741211
"2022-09-01",94.4199981689453,95.0699996948242,92.2900009155273,93.870002746582,16423000,82.3412475585938
"2022-09-02",96.3499984741211,96.7900009155273,95.1100006103516,95.5899963378906,18206800,83.8499984741211
"2022-09-06",96.1600036621094,96.5899963378906,94.5100021362305,94.9499969482422,19201500,83.2886199951172
"2022-09-07",93.1900024414062,94.5899963378906,92.3000030517578,94.1399993896484,16274700,82.5781097412109
"2022-09-08",94.6600036621094,95.4199981689453,93.7200012207031,94.9100036621094,18759200,83.2535171508789
"2022-09-09",96.5199966430664,97,95.3199996948242,96.5,17158000,84.6482467651367
"2022-09-12",97.6500015258789,99.1900024414062,96.879997253418,97.6100006103516,16118900,85.6219177246094
"2022-09-13",96.6100006103516,97.7799987792969,94.9100036621094,95.3300018310547,18229100,83.621940612793
"2022-09-14",96.1900024414062,98.5599975585938,96.1500015258789,97.6699981689453,22655700,85.6745376586914
"2022-09-15",96.2200012207031,96.5400009155273,94.0500030517578,94.8300018310547,21092300,83.1833343505859
"2022-09-16",95.0699996948242,95.3399963378906,92,93.2099990844727,37874700,81.762321472168
"2022-09-19",91.0100021362305,93.4899978637695,91,93.1999969482422,15342100,81.753532409668
"2022-09-20",92.7300033569336,92.9300003051758,91.6399993896484,92.4400024414062,14712500,81.0868835449219
"2022-09-21",93.5699996948242,93.879997253418,90.870002746582,90.9499969482422,17332400,79.7798843383789
"2022-09-22",92.1999969482422,92.6600036621094,90.5199966430664,90.5699996948242,16139400,79.4465408325195
"2022-09-23",87.5,87.5,84.8499984741211,85.75,27738800,75.2185134887695
"2022-09-26",84.9000015258789,86.2200012207031,83.8899993896484,83.9800033569336,22043400,73.6658935546875
"2022-09-27",85.6100006103516,86.9599990844727,84.8099975585938,85.7399978637695,17307300,75.2097320556641
"2022-09-28",86.120002746582,89.3000030517578,85.9199981689453,88.8600006103516,19543300,77.9465637207031
"2022-09-29",88.1800003051758,89.3600006103516,87.129997253418,88.6800003051758,17896000,77.7886581420898
"2022-09-30",88.1699981689453,89.0400009155273,87.3099975585938,87.3099975585938,21357600,76.5869216918945
"2022-10-03",90.0400009155273,92.3600006103516,89.7200012207031,91.9199981689453,23881300,80.6307373046875
"2022-10-04",93.2399978637695,95.3600006103516,92.7099990844727,95.2699966430664,22133700,83.5693130493164
"2022-10-05",95.75,99.9899978637695,95.6600036621094,99.120002746582,34857700,86.9464569091797
"2022-10-06",98.4700012207031,102.180000305176,98.3300018310547,102.059997558594,29124700,89.5253753662109
"2022-10-07",102.190002441406,103.319999694824,100.180000305176,101.029998779297,24507600,88.6218948364258
"2022-10-10",101.48999786377,102.029998779297,98.7200012207031,98.8399963378906,16786100,86.7008514404297
"2022-10-11",97.2200012207031,99.7600021362305,96.75,98,17804100,85.9640121459961
"2022-10-12",97.5,98.9100036621094,97.2300033569336,98.4300003051758,12635800,86.3412094116211
"2022-10-13",97.5500030517578,102.449996948242,97.4000015258789,101.870002746582,22019100,89.3587188720703
"2022-10-14",101.120002746582,102.23999786377,99.0400009155273,99.1900024414062,15222000,87.0078735351562
"2022-10-17",101.069999694824,101.970001220703,100.5,100.620002746582,14283200,88.2622299194336
"2022-10-18",101.540000915527,102.349998474121,99.2300033569336,100.800003051758,14065400,88.4201354980469
"2022-10-19",101.25,103.98999786377,101.230003356934,103.790000915527,20921700,91.0429077148438
"2022-10-20",104.319999694824,105,103.410003662109,103.930000305176,17649000,91.1657257080078
"2022-10-21",104.449996948242,106.400001525879,103.910003662109,105.860000610352,22814100,92.8586883544922
"2022-10-24",105.660003662109,107.680000305176,105.120002746582,106.599998474121,17024200,93.5078048706055
"2022-10-25",106.410003662109,107.330001831055,105.069999694824,105.879997253418,15719800,92.876220703125
"2022-10-26",106.26000213623,107.830001831055,106,107.139999389648,17383800,93.9814834594727
"2022-10-27",108.410003662109,109.580001831055,107.419998168945,107.550003051758,18214000,94.3411178588867
"2022-10-28",109.459999084473,111.209999084473,108.120002746582,110.699996948242,28169400,97.1042633056641
"2022-10-31",109.5,112.910003662109,109.440002441406,110.809997558594,26401800,97.2007369995117
"2022-11-01",112.370002746582,112.569999694824,110.650001525879,111.910003662109,22213100,98.165657043457
"2022-11-02",111.580001831055,112.099998474121,109.309997558594,109.610000610352,20654200,96.1481170654297
"2022-11-03",108.580001831055,111.819999694824,108.309997558594,111.099998474121,17103700,97.4551162719727
"2022-11-04",113,113.5,110.800003051758,112.309997558594,17541500,98.5165176391602
"2022-11-07",112.410003662109,113.98999786377,112.129997253418,113.639999389648,16008000,99.6831817626953
"2022-11-08",113.480003356934,114.660003662109,112.599998474121,114,14661000,99.9989624023438
"2022-11-09",113.099998474121,113.279998779297,108.569999694824,108.900001525879,19522800,95.5253295898438
"2022-11-10",110.190002441406,110.699996948242,107.569999694824,110.5,20146700,96.9288101196289
"2022-11-11",112.580001831055,114.5,112.48999786377,113.949996948242,20518900,99.9550933837891
"2022-11-14",112.629997253418,114.639999389648,112.48999786377,113.370002746582,20858300,100.24690246582
"2022-11-15",113.800003051758,114.529998779297,112.870002746582,114.129997253418,19373800,100.918930053711
"2022-11-16",113.440002441406,114.26000213623,111.860000610352,112.910003662109,13591000,99.8401489257812
"2022-11-17",111.290000915527,113.199996948242,110.75,113.059997558594,12425900,99.9727935791016
"2022-11-18",110.900001525879,112.480003356934,109.610000610352,112.080001831055,15415000,99.1062240600586
"2022-11-21",109.98999786377,111.199996948242,107.480003356934,110.970001220703,20973000,98.1247253417969
"2022-11-22",112.209999084473,114.470001220703,111.430000305176,114.180000305176,17719100,100.96314239502
"2022-11-23",112.319999694824,113.949996948242,112.099998474121,113.610000610352,11546700,100.459129333496
"2022-11-25",113.879997253418,114.610000610352,113.059997558594,113.209999084473,7136000,100.105415344238
"2022-11-28",110.660003662109,111.459999084473,109.620002746582,109.809997558594,23015500,97.098991394043
"2022-11-29",110.610000610352,111.800003051758,109.790000915527,110.540000915527,14453200,97.7444915771484
"2022-11-30",111.540000915527,111.900001525879,109.779998779297,111.339996337891,23158100,98.4518814086914
"2022-12-01",111.639999389648,112.069999694824,110.180000305176,110.800003051758,14398300,97.9744033813477
"2022-12-02",109.51000213623,111.709999084473,109.199996948242,109.860000610352,15248400,97.1431884765625
"2022-12-05",110.699996948242,111.360000610352,105.940002441406,106.849998474121,19287700,94.4816207885742
"2022-12-06",105.900001525879,107.040000915527,103.150001525879,103.879997253418,21197000,91.8554077148438
"2022-12-07",103.779998779297,104.849998474121,102.370002746582,103.650001525879,20061700,91.6520538330078
"2022-12-08",106.279998779297,106.800003051758,103.709999084473,104.419998168945,21128800,92.3329010009766
"2022-12-09",104.589996337891,105.949996948242,103.300003051758,103.540000915527,21298200,91.5547790527344
"2022-12-12",103.830001831055,106.23999786377,103.589996337891,106.089996337891,20413200,93.8095932006836
"2022-12-13",107.800003051758,108.540000915527,107.019996643066,107.25,24305300,94.835319519043
"2022-12-14",107.98999786377,108.300003051758,105.75,106.459999084473,17597300,94.1367645263672
"2022-12-15",105.330001831055,106.169998168945,103.699996948242,105.440002441406,15365100,93.2348327636719
"2022-12-16",103.690002441406,105.580001831055,103.129997253418,104.699996948242,54596600,92.5804824829102
"2022-12-19",105.26000213623,106.199996948242,104.379997253418,105.169998168945,13611100,92.9960861206055
"2022-12-20",105.169998168945,107.51000213623,105.069999694824,106.690002441406,14680000,94.3401412963867
"2022-12-21",108.290000915527,108.589996337891,107.160003662109,108.059997558594,13565400,95.5515518188477
"2022-12-22",107.889999389648,108.190002441406,104.099998474121,105.879997253418,13213000,93.6239013671875
"2022-12-23",106.949996948242,108.73999786377,106.900001525879,108.680000305176,11539400,96.0997772216797
"2022-12-27",109.269996643066,110.470001220703,108.830001831055,110.190002441406,11962100,97.4350051879883
"2022-12-28",109.910003662109,110,107.900001525879,108.379997253418,10702100,95.8345184326172
"2022-12-29",107.98999786377,109.720001220703,107.98999786377,109.199996948242,10534000,96.5595932006836
"2022-12-30",108.610000610352,110.5,108.610000610352,110.300003051758,11799600,97.5322723388672
"2023-01-03",109.779998779297,110.019996643066,105.48999786377,106.51000213623,15146200,94.1809844970703
"2023-01-04",104.800003051758,107.160003662109,104.76000213623,106.819999694824,18058400,94.4550704956055
"2023-01-05",106.339996337891,109.949996948242,106.309997558594,109.209999084473,15946600,96.5684280395508
"2023-01-06",110.080001831055,111.98999786377,109.669998168945,110.529998779297,16348100,97.7356491088867
"2023-01-09",111.639999389648,111.639999389648,107.809997558594,108.470001220703,17964600,95.9141006469727
"2023-01-10",109.790000915527,110.330001831055,108.01000213623,110.089996337891,15104600,97.3465805053711
"2023-01-11",110.98999786377,111.449996948242,109.089996337891,111.370002746582,16710400,98.4784164428711
"2023-01-12",111.819999694824,113.73999786377,111.73999786377,113.220001220703,15357300,100.114280700684
"2023-01-13",113.110000610352,113.48999786377,112.160003662109,113.150001525879,12011400,100.052368164062
"2023-01-17",113.410003662109,114.080001831055,112.669998168945,112.930000305176,16542200,99.8578414916992
"2023-01-18",113.26000213623,114.120002746582,110.400001525879,110.610000610352,16399700,97.8063812255859
"2023-01-19",110.069999694824,112.129997253418,109.580001831055,111.319999694824,12928000,98.434196472168
"2023-01-20",111.360000610352,113.440002441406,110.610000610352,113.349998474121,16515600,100.229202270508
"2023-01-23",113.639999389648,114.589996337891,112.639999389648,112.76000213623,16584400,99.70751953125
"2023-01-24",109.160003662109,114.019996643066,104.870002746582,113.809997558594,13583000,100.635971069336
"2023-01-25",113.230003356934,113.650001525879,111.389999389648,113.209999084473,11914700,100.105415344238
"2023-01-26",114.720001220703,117.779998779297,114.339996337891,117.76000213623,21019700,104.12873840332
"2023-01-27",116.949996948242,117.669998168945,115.389999389648,115.610000610352,15179200,102.22762298584
"2023-01-30",115.089996337891,115.48999786377,113.150001525879,113.559997558594,18672100,100.414909362793
"2023-01-31",112.099998474121,116.400001525879,110.430000305176,116.01000213623,27861800,102.581329345703
"2023-02-01",115.830001831055,117.379997253418,113.339996337891,114.73999786377,19464900,101.458320617676
"2023-02-02",114.849998474121,115.069999694824,109.830001831055,111.150001525879,24562100,98.2838745117188
"2023-02-03",111.900001525879,114.110000610352,111.559997558594,111.919998168945,20226600,98.9647369384766
"2023-02-06",112.360000610352,113.089996337891,110.319999694824,111.730003356934,13855200,98.796760559082
"2023-02-07",112.389999389648,115.309997558594,112.019996643066,114.919998168945,16013300,101.617492675781
"2023-02-08",115.050003051758,115.830001831055,113.849998474121,113.919998168945,18459700,100.73323059082
"2023-02-09",114.620002746582,116.23999786377,114.180000305176,114.349998474121,17439300,101.113471984863
"2023-02-10",116.51000213623,119.629997253418,116.160003662109,119.169998168945,24918600,105.375534057617
"2023-02-13",117.720001220703,118.180000305176,115.900001525879,117.800003051758,14536200,104.965644836426
"2023-02-14",117.01000213623,117.809997558594,116.019996643066,116.419998168945,12079000,103.735992431641
"2023-02-15",115.720001220703,116.089996337891,114.139999389648,116.069999694824,13663400,103.424118041992
"2023-02-16",115.309997558594,116.779998779297,114.800003051758,115.730003356934,11360600,103.12117767334
"2023-02-17",114.190002441406,114.190002441406,110.980003356934,111.279998779297,20758300,99.1559982299805
"2023-02-21",110.809997558594,112.379997253418,110.809997558594,111.169998168945,14469400,99.057975769043
"2023-02-22",110.480003356934,110.970001220703,108.639999389648,109.730003356934,13973800,97.7748718261719
"2023-02-23",110.730003356934,111.830001831055,109.900001525879,110.73999786377,11289400,98.6748352050781
"2023-02-24",109.330001831055,110.959999084473,109.019996643066,110.75,14351000,98.6837463378906
"2023-02-27",110.800003051758,111.26000213623,109.959999084473,110.550003051758,11710500,98.5055389404297
"2023-02-28",111.23999786377,111.360000610352,109.220001220703,109.910003662109,18107000,97.9352645874023
"2023-03-01",109.309997558594,111.860000610352,109.23999786377,110.889999389648,13200000,98.808479309082
"2023-03-02",110.620002746582,111.699996948242,110.169998168945,111.400001525879,10339900,99.2629241943359
"2023-03-03",110.050003051758,113.370002746582,109.949996948242,112.809997558594,13006700,100.519287109375
"2023-03-06",111.98999786377,113.839996337891,111.870002746582,113.809997558594,14347400,101.410354614258
"2023-03-07",112.809997558594,113.169998168945,111.169998168945,111.610000610352,11525300,99.4500503540039
"2023-03-08",111.230003356934,112.419998168945,109.069999694824,109.980003356934,13509800,97.9976425170898
"2023-03-09",110.870002746582,112.230003356934,109.029998779297,109.129997253418,12961200,97.2402420043945
"2023-03-10",109.559997558594,111.040000915527,107.150001525879,107.779998779297,15795700,96.0373306274414
"2023-03-13",105.339996337891,107.860000610352,103.720001220703,106.540000915527,20745600,94.9324264526367
"2023-03-14",106.349998474121,109.01000213623,104.959999084473,106.940002441406,18263500,95.2888565063477
"2023-03-15",102.819999694824,104.199996948242,100.220001220703,101.620002746582,25733800,90.5484619140625
"2023-03-16",99.1100006103516,101.680000305176,98.0199966430664,101.029998779297,27465200,90.0227508544922
"2023-03-17",100.599998474121,101.610000610352,99.1399993896484,99.8399963378906,43199500,88.9623794555664
"2023-03-20",99.629997253418,102.480003356934,99.5,102.449996948242,32042100,91.2880325317383
"2023-03-21",104.169998168945,107.279998779297,104.129997253418,107.040000915527,31592300,95.3779373168945
"2023-03-22",106.800003051758,107.180000305176,104.559997558594,104.589996337891,14952700,93.1948776245117
"2023-03-23",105.360000610352,106.339996337891,102.440002441406,103.410003662109,14385900,92.1434478759766
"2023-03-24",101.470001220703,103.849998474121,100.910003662109,103.529998779297,13401600,92.250358581543
"2023-03-27",104.73999786377,106.480003356934,103.910003662109,105.800003051758,14805900,94.2730407714844
"2023-03-28",105.440002441406,107.650001525879,105.190002441406,107.120002746582,11047600,95.4492416381836
"2023-03-29",108.059997558594,109.160003662109,107.48999786377,108.959999084473,14219100,97.088752746582
"2023-03-30",109.550003051758,109.569999694824,108.519996643066,109.48999786377,11578200,97.5610198974609
"2023-03-31",109.680000305176,110.169998168945,109.050003051758,109.660003662109,14418000,97.7124938964844
"2023-04-03",113.389999389648,116.849998474121,113.120002746582,116.129997253418,28087700,103.477577209473
"2023-04-04",116.26000213623,116.699996948242,114.169998168945,115.019996643066,16365500,102.488525390625
"2023-04-05",115.349998474121,117,114.309997558594,116.98999786377,16479500,104.243881225586
"2023-04-06",116.860000610352,117.180000305176,114.769996643066,115.050003051758,15778000,102.515258789062
"2023-04-10",114.779998779297,116.180000305176,114.169998168945,114.540000915527,13006600,102.060829162598
"2023-04-11",114.959999084473,116.199996948242,114.379997253418,115.349998474121,11758500,102.782562255859
"2023-04-12",116.160003662109,116.589996337891,114.930000305176,115.230003356934,10919000,102.675643920898
"2023-04-13",114.599998474121,115.889999389648,114.129997253418,115.769996643066,12399700,103.156799316406
"2023-04-14",115.900001525879,116.660003662109,115.120002746582,116.050003051758,11530800,103.406311035156
"2023-04-17",115.48999786377,116.51000213623,114.419998168945,114.699996948242,13260400,102.203392028809
"2023-04-18",114.389999389648,117.209999084473,114.300003051758,116.940002441406,17436100,104.199348449707
"2023-04-19",116.080001831055,116.900001525879,115.769996643066,116.569999694824,10682600,103.869644165039
"2023-04-20",115.129997253418,115.680000305176,113.230003356934,115.639999389648,17038700,103.040977478027
"2023-04-21",116.48999786377,116.879997253418,115.26000213623,116.01000213623,14315300,103.370681762695
"2023-04-24",115.919998168945,118.889999389648,115.879997253418,118.199996948242,15831300,105.322059631348
"2023-04-25",117.550003051758,117.73999786377,115.629997253418,116.519996643066,12179800,103.825088500977
"2023-04-26",116.029998779297,117.089996337891,114.680000305176,115.449996948242,15566100,102.871673583984
"2023-04-27",115.620002746582,117.01000213623,114.879997253418,116.830001831055,16279200,104.101333618164
"2023-04-28",117.25,119.919998168945,116.830001831055,118.339996337891,24381900,105.446807861328
"2023-05-01",115.98999786377,117.300003051758,114.449996948242,114.669998168945,17355000,102.176658630371
"2023-05-02",113.940002441406,113.940002441406,109.290000915527,110.099998474121,24324100,98.1045684814453
"2023-05-03",109.080001831055,109.809997558594,107.76000213623,107.930000305176,16212300,96.1709747314453
"2023-05-04",107.900001525879,108.75,105.910003662109,106.040000915527,17177200,94.4868927001953
"2023-05-05",108.550003051758,109.430000305176,107.529998779297,108.680000305176,14968200,96.8392562866211
"2023-05-08",110.5,110.970001220703,109.040000915527,109.110000610352,11187800,97.2224273681641
"2023-05-09",108.339996337891,110.230003356934,108.209999084473,109.139999389648,11370800,97.249153137207
"2023-05-10",109.73999786377,110.01000213623,106.709999084473,107.73999786377,14884800,96.0016784667969
"2023-05-11",106.48999786377,106.819999694824,104.930000305176,105.790000915527,17165900,94.2641372680664
"2023-05-12",106.309997558594,107.01000213623,104.779998779297,105.779998779297,12613300,94.2552261352539
"2023-05-15",105.51000213623,105.930000305176,104.580001831055,105.069999694824,13715600,94.4349746704102
"2023-05-16",104.629997253418,104.809997558594,102.019996643066,102.519996643066,14795200,92.1430740356445
"2023-05-17",103.389999389648,105.230003356934,102.849998474121,104.819999694824,14064700,94.2102737426758
"2023-05-18",104.550003051758,105.910003662109,104.129997253418,105.769996643066,12005600,95.0641326904297
"2023-05-19",106.569999694824,107.050003051758,105.819999694824,106.26000213623,13359600,95.5045394897461
"2023-05-22",105.839996337891,107.040000915527,104.879997253418,104.970001220703,12882000,94.3450927734375
"2023-05-23",105.98999786377,108.220001220703,105.75,106.400001525879,14394400,95.63037109375
"2023-05-24",107.379997253418,108.51000213623,106.730003356934,107.589996337891,16340300,96.6999130249023
"2023-05-25",105.940002441406,106.430000305176,104.709999084473,105.660003662109,14316500,94.9652633666992
"2023-05-26",106.470001220703,106.949996948242,104.830001831055,104.970001220703,12370300,94.3450927734375
"2023-05-30",103.290000915527,104.120002746582,102.610000610352,104.040000915527,11938000,93.5092391967773
"2023-05-31",102.290000915527,103.040000915527,101.73999786377,102.180000305176,24926100,91.8374938964844
"2023-06-01",101.75,105.580001831055,101.26000213623,103.360000610352,13551900,92.8980560302734
"2023-06-02",105.160003662109,106.129997253418,104.529998779297,105.76000213623,14112000,95.0551452636719
"2023-06-05",107.190002441406,107.190002441406,105.089996337891,105.290000915527,10628000,94.6327056884766
"2023-06-06",104.150001525879,106.269996643066,103.980003356934,106.150001525879,12209800,95.4056625366211
"2023-06-07",106.790000915527,108.889999389648,106.730003356934,108.529998779297,16027100,97.5447616577148
"2023-06-08",108.769996643066,109.139999389648,105.900001525879,108.190002441406,13517100,97.2391738891602
"2023-06-09",108.459999084473,108.610000610352,107.160003662109,107.389999389648,12251600,96.5201644897461
"2023-06-12",105.809997558594,107.059997558594,105.559997558594,106.419998168945,14112000,95.6483383178711
"2023-06-13",107.379997253418,108.339996337891,106.279998779297,106.440002441406,13533800,95.6663131713867
"2023-06-14",107.449996948242,108.110000610352,104.389999389648,105.160003662109,16627700,94.5158767700195
"2023-06-15",105.5,107.029998779297,105.440002441406,105.889999389648,16224100,95.1719665527344
"2023-06-16",106.360000610352,106.769996643066,104.959999084473,105.129997253418,43128900,94.4889068603516
"2023-06-20",104.680000305176,104.769996643066,102.120002746582,102.720001220703,17514100,92.3228378295898
"2023-06-21",102.5,104.629997253418,102.330001831055,103.870002746582,13285700,93.3564453125
"2023-06-22",102.839996337891,103.889999389648,102.650001525879,103.300003051758,12455300,92.8441390991211
"2023-06-23",102.589996337891,102.819999694824,101.620002746582,102.400001525879,17933600,92.0352401733398
"2023-06-26",102.199996948242,104.910003662109,102.199996948242,104.290000915527,14283400,93.7339248657227
"2023-06-27",104.050003051758,104.610000610352,103.269996643066,104.550003051758,13227500,93.9676208496094
"2023-06-28",104.309997558594,105.819999694824,103.199996948242,105.400001525879,13084100,94.7315673828125
"2023-06-29",105.660003662109,106.730003356934,105.129997253418,106.699996948242,11364400,95.8999938964844
"2023-06-30",107.319999694824,107.879997253418,106.809997558594,107.25,13544700,96.3943252563477
"2023-07-03",107.48999786377,108.459999084473,107.069999694824,107.459999084473,7397000,96.5830535888672
"2023-07-05",107.629997253418,107.919998168945,106.099998474121,106.910003662109,12491200,96.0887298583984
"2023-07-06",105.089996337891,105.720001220703,102.430000305176,102.919998168945,17961400,92.5026016235352
"2023-07-07",101.919998168945,104,101.559997558594,103.160003662109,21929200,92.7183074951172
"2023-07-10",102.970001220703,104.75,102.75,104.690002441406,14877600,94.0934448242188
"2023-07-11",105.26000213623,106.160003662109,104.809997558594,105.970001220703,12576500,95.2438812255859
"2023-07-12",107,107.650001525879,106.129997253418,106.48999786377,13238200,95.7112579345703
"2023-07-13",105.970001220703,106.230003356934,103.319999694824,104.540000915527,26826800,93.958610534668
"2023-07-14",104.050003051758,104.050003051758,100.529998779297,100.940002441406,28181900,90.723014831543
"2023-07-17",100.720001220703,101.669998168945,100.220001220703,101.379997253418,18051300,91.1184844970703
"2023-07-18",100.919998168945,102.199996948242,100.339996337891,100.919998168945,24617800,90.7050323486328
"2023-07-19",101.050003051758,102.400001525879,100.800003051758,101.620002746582,15556500,91.3341827392578
"2023-07-20",102.540000915527,103.660003662109,102.360000610352,103.410003662109,15740200,92.9430084228516
"2023-07-21",104.160003662109,104.379997253418,103.26000213623,103.889999389648,17121500,93.3744201660156
"2023-07-24",104.360000610352,106.160003662109,103.959999084473,105.519996643066,15090900,94.8394317626953
"2023-07-25",105.059997558594,106.089996337891,104.540000915527,105.680000305176,14116100,94.9832382202148
"2023-07-26",105.110000610352,105.720001220703,104.639999389648,105.089996337891,15159600,94.4529418945312
"2023-07-27",106,106.98999786377,104.73999786377,105.419998168945,17677900,94.7495422363281
"2023-07-28",105.110000610352,105.160003662109,102.319999694824,104.160003662109,17566400,93.6170959472656
"2023-07-31",105.190002441406,107.860000610352,105.190002441406,107.23999786377,24197000,96.3853378295898
"2023-08-01",106.949996948242,107.319999694824,105.529998779297,106.620002746582,14177400,95.8280792236328
"2023-08-02",106.26000213623,106.379997253418,104.569999694824,105.290000915527,13484100,94.6327056884766
"2023-08-03",105.889999389648,107.879997253418,105.300003051758,107.120002746582,16280400,96.2774887084961
"2023-08-04",107.959999084473,109.23999786377,107.330001831055,107.419998168945,14279600,96.5471038818359
"2023-08-07",107.900001525879,108.419998168945,106.51000213623,107.199996948242,12410800,96.3493804931641
"2023-08-08",106.040000915527,107.75,104.839996337891,107.730003356934,14065600,96.8257369995117
"2023-08-09",108.709999084473,110.419998168945,108.309997558594,109.559997558594,19919600,98.4705123901367
"2023-08-10",110.190002441406,111.629997253418,109.440002441406,110.120002746582,15837200,98.9738159179688
"2023-08-11",110.370002746582,112.069999694824,110.050003051758,111.830001831055,14047000,100.5107421875
"2023-08-14",111.680000305176,111.980003356934,110.779998779297,111.919998168945,12973400,100.59162902832
"2023-08-15",110.75,110.860000610352,107.970001220703,108.160003662109,14909600,98.0091018676758
"2023-08-16",108.279998779297,109.330001831055,106.279998779297,106.339996337891,13695100,96.3599166870117
"2023-08-17",107.419998168945,110.150001525879,107.419998168945,108.400001525879,16709500,98.2265701293945
"2023-08-18",107.639999389648,110.199996948242,107.620002746582,110.040000915527,16224000,99.7126617431641
"2023-08-21",110.360000610352,110.980003356934,108.139999389648,108.709999084473,11092400,98.5074844360352
"2023-08-22",109.169998168945,109.720001220703,107.949996948242,108.099998474121,10518800,97.9547348022461
"2023-08-23",107.040000915527,107.300003051758,105.720001220703,107.150001525879,11435600,97.0938949584961
"2023-08-24",106.419998168945,107.769996643066,106.069999694824,106.349998474121,10818500,96.3689727783203
"2023-08-25",107.430000305176,108.930000305176,106.620002746582,108.25,13579300,98.0906524658203
"2023-08-28",108.449996948242,110.040000915527,108.440002441406,109.160003662109,10382100,98.9152603149414
"2023-08-29",109.660003662109,110.019996643066,108.419998168945,109.809997558594,9665000,99.5042419433594
"2023-08-30",110.440002441406,111.139999389648,109.980003356934,110.879997253418,11922100,100.473823547363
"2023-08-31",111.120002746582,111.419998168945,110.620002746582,111.190002441406,17479800,100.754745483398
"2023-09-01",112.199996948242,113.819999694824,112.199996948242,113.519996643066,14843500,102.866058349609
"2023-09-05",114.099998474121,115.830001831055,113.5,113.529998779297,18304000,102.875129699707
"2023-09-06",113.480003356934,114.589996337891,113.230003356934,114.51000213623,13325500,103.763160705566
"2023-09-07",114.650001525879,115.849998474121,113.699996948242,113.949996948242,13248500,103.25569152832
"2023-09-08",114.529998779297,116.050003051758,114.319999694824,115.610000610352,14283200,104.759925842285
"2023-09-11",116.180000305176,116.680000305176,113.569999694824,114.160003662109,14383600,103.446014404297
"2023-09-12",115.339996337891,117.669998168945,115.269996643066,117.48999786377,20145800,106.463470458984
"2023-09-13",117.410003662109,117.959999084473,115.900001525879,116.440002441406,13472800,105.512023925781
"2023-09-14",117.550003051758,118.660003662109,117.330001831055,118.519996643066,15210700,107.396797180176
"2023-09-15",117.900001525879,118.51000213623,116.5,116.699996948242,34568400,105.747604370117
"2023-09-18",117.529998779297,118.23999786377,116.699996948242,117.639999389648,14045300,106.599411010742
"2023-09-19",118.620002746582,118.839996337891,116.610000610352,117.330001831055,12562900,106.318489074707
"2023-09-20",116.540000915527,118.019996643066,116.319999694824,116.400001525879,11879900,105.475776672363
"2023-09-21",116.980003356934,117.370002746582,114.599998474121,114.76000213623,14400600,103.989700317383
"2023-09-22",115.709999084473,116.680000305176,114.809997558594,114.940002441406,13197300,104.152786254883
"2023-09-25",115.089996337891,116.650001525879,114.830001831055,116.230003356934,11316000,105.321731567383
"2023-09-26",115.5,116.730003356934,115.370002746582,116.410003662109,11805400,105.484840393066
"2023-09-27",117.889999389648,120.5,117.400001525879,120.199996948242,23976200,108.919143676758
"2023-09-28",119.980003356934,120.699996948242,118.190002441406,119.470001220703,16808100,108.257659912109
"2023-09-29",119.099998474121,119.180000305176,116.730003356934,117.580001831055,18813600,106.545036315918
"2023-10-02",117.529998779297,117.790000915527,114.550003051758,115.629997253418,14395000,104.778045654297
"2023-10-03",115.440002441406,116.440002441406,115.029998779297,115.830001831055,13297100,104.959266662598
"2023-10-04",114.050003051758,114.089996337891,110.5,111.5,19622200,101.03564453125
"2023-10-05",109.800003051758,110.900001525879,108.699996948242,108.98999786377,20128800,98.7612152099609
"2023-10-06",105.730003356934,108.269996643066,105.110000610352,107.169998168945,25367500,97.1120071411133
"2023-10-09",110.440002441406,112.069999694824,109.519996643066,110.919998168945,22369900,100.510078430176
"2023-10-10",111.019996643066,111.449996948242,110.120002746582,110.449996948242,13892000,100.084175109863
"2023-10-11",106.959999084473,107.169998168945,104.830001831055,106.48999786377,57939000,96.4958419799805
"2023-10-12",107.589996337891,107.839996337891,106.089996337891,106.470001220703,31183000,96.4776992797852
"2023-10-13",108.029998779297,110.199996948242,107.839996337891,109.870002746582,30276500,99.5586318969727
"2023-10-16",110.5,110.680000305176,109.129997253418,109.949996948242,18452000,99.6311111450195
"2023-10-17",109.730003356934,111.800003051758,109.680000305176,111.389999389648,19775400,100.935966491699
"2023-10-18",111.819999694824,113.389999389648,111.699996948242,112.949996948242,23380300,102.349571228027
"2023-10-19",112.720001220703,113.970001220703,111.330001831055,113.019996643066,20972500,102.41300201416
"2023-10-20",112.919998168945,113.319999694824,110.790000915527,111.080001831055,22445300,100.655052185059
"2023-10-23",110.629997253418,110.959999084473,108.680000305176,109.449996948242,18185000,99.1780395507812
"2023-10-24",109.699996948242,109.819999694824,108.120002746582,108.389999389648,16786100,98.2175140380859
"2023-10-25",108.519996643066,109.5,108.129997253418,108.589996337891,22047300,98.3987426757812
"2023-10-26",107.449996948242,108.339996337891,106.5,107.599998474121,18768300,97.5016555786133
"2023-10-27",108.889999389648,109.860000610352,104.959999084473,105.550003051758,23092000,95.6440582275391
"2023-10-30",105.73999786377,106.419998168945,105.209999084473,105.879997253418,19379900,95.9430923461914
"2023-10-31",105.580001831055,106.160003662109,104.540000915527,105.849998474121,22185200,95.915901184082
"2023-11-01",106.529998779297,107.169998168945,105.459999084473,105.639999389648,28984900,95.7256088256836
"2023-11-02",105.879997253418,109.190002441406,105.5,109.110000610352,25212700,98.8699569702148
"2023-11-03",108.400001525879,108.779998779297,106.540000915527,107.779998779297,30555600,97.6647567749023
"2023-11-06",108.169998168945,108.269996643066,105.769996643066,105.870002746582,19097300,95.9340362548828
"2023-11-07",104.470001220703,104.860000610352,103.290000915527,104.209999084473,20272500,94.4298095703125
"2023-11-08",103.730003356934,104.900001525879,102.889999389648,102.930000305176,19184100,93.2699508666992
"2023-11-09",103.669998168945,103.970001220703,102.860000610352,102.959999084473,18380500,93.2971267700195
"2023-11-10",103.930000305176,104.410003662109,102.910003662109,103.75,17825500,94.0129852294922
"2023-11-13",104.050003051758,105.139999389648,103.809997558594,104.839996337891,15308400,95.0006942749023
"2023-11-14",104.300003051758,104.819999694824,103.870002746582,104.290000915527,18260500,95.366455078125
"2023-11-15",103.959999084473,105.150001525879,103.5,103.660003662109,20137600,94.7903671264648
"2023-11-16",102.900001525879,103.269996643066,101.150001525879,102.459999084473,22469100,93.6930389404297
"2023-11-17",103.059997558594,105.430000305176,102.75,104.959999084473,22984900,95.979133605957
"2023-11-20",105.379997253418,105.879997253418,104.430000305176,104.5,17458800,95.5585021972656
"2023-11-21",104.209999084473,104.699996948242,103.220001220703,104.459999084473,14989000,95.5219192504883
"2023-11-22",102.580001831055,104.120002746582,101.940002441406,104.01000213623,18072000,95.1104278564453
"2023-11-24",104.019996643066,105.470001220703,103.910003662109,104.569999694824,9480800,95.6225051879883
"2023-11-27",104.099998474121,104.400001525879,103.180000305176,103.959999084473,18013500,95.0647048950195
"2023-11-28",104.23999786377,104.910003662109,103.879997253418,103.900001525879,20629500,95.0098419189453
"2023-11-29",104.269996643066,104.580001831055,101.639999389648,102.339996337891,26802100,93.5833129882812
"2023-11-30",103.110000610352,104.480003356934,101.809997558594,102.73999786377,29254700,93.949089050293
"2023-12-01",102.5,104.220001220703,102.220001220703,102.98999786377,17845300,94.1777038574219
"2023-12-04",102.129997253418,103.360000610352,101.589996337891,102.430000305176,21523900,93.6656188964844
"2023-12-05",102.269996643066,102.339996337891,100.290000915527,100.440002441406,22250300,91.8459014892578
"2023-12-06",100,100.720001220703,98.3399963378906,99.1100006103516,31154800,90.6296997070312
"2023-12-07",99.8600006103516,100.839996337891,98.0899963378906,98.4199981689453,29990700,89.9987411499023
"2023-12-08",99.0199966430664,99.7900009155273,98.75,99.5500030517578,22074900,91.0320358276367
"2023-12-11",99.8000030517578,99.8600006103516,98.5800018310547,99.620002746582,22252300,91.0960540771484
"2023-12-12",98.6800003051758,98.6800003051758,97.4800033569336,98.0500030517578,26084000,89.6603927612305
"2023-12-13",98.0400009155273,99.0299987792969,97.6600036621094,98.9199981689453,19915400,90.455940246582
"2023-12-14",99.8499984741211,102.139999389648,99.7200012207031,101.580001831055,26165700,92.8883361816406
"2023-12-15",100.589996337891,101,100.309997558594,100.900001525879,55527000,92.2665252685547
"2023-12-18",102.129997253418,103.110000610352,101.519996643066,101.650001525879,21610400,92.9523544311523
"2023-12-19",102,103.190002441406,101.790000915527,102.98999786377,18904700,94.1777038574219
"2023-12-20",103.5,103.940002441406,101.129997253418,101.269996643066,20988900,92.6048736572266
"2023-12-21",101.470001220703,102.01000213623,100.809997558594,101.730003356934,19250900,93.025520324707
"2023-12-22",102.309997558594,102.940002441406,101.819999694824,101.910003662109,12927800,93.1901245117188
"2023-12-26",102.73999786377,103.029998779297,102.120002746582,102.139999389648,16835100,93.4004287719727
"2023-12-27",102.040000915527,102.550003051758,101.339996337891,101.660003662109,14558800,92.9615097045898
"2023-12-28",101.389999389648,101.610000610352,100.129997253418,100.190002441406,16329300,91.6172790527344
"2023-12-29",100.370002746582,100.589996337891,99.620002746582,99.9800033569336,17746400,91.4252548217773
"2024-01-02",100.919998168945,103.099998474121,100.849998474121,102.360000610352,23483000,93.6016082763672
"2024-01-03",102.269996643066,103.620002746582,101.660003662109,103.220001220703,23490800,94.3880233764648
"2024-01-04",104.080001831055,104.569999694824,102.050003051758,102.319999694824,19395200,93.5650329589844
"2024-01-05",103.169998168945,103.400001525879,102.129997253418,102.629997253418,15827400,93.848503112793
"2024-01-08",100.730003356934,101.040000915527,98.9000015258789,100.919998168945,23370100,92.2848129272461
"2024-01-09",101.290000915527,101.290000915527,99.1900024414062,99.6699981689453,19496600,91.1417694091797
"2024-01-10",99.8000030517578,99.8000030517578,98.1600036621094,98.6900024414062,18206100,90.2456359863281
"2024-01-11",99.0400009155273,99.5,98.5599975585938,98.6699981689453,15833400,90.2273406982422
"2024-01-12",100.139999389648,100.650001525879,99.1699981689453,99.9499969482422,18041700,91.3978118896484
"2024-01-16",99.8199996948242,100.01000213623,97.5299987792969,97.6900024414062,20235700,89.3312072753906
"2024-01-17",96.5999984741211,97.9599990844727,96.5800018310547,96.9800033569336,18384000,88.6819381713867
"2024-01-18",97,97.0899963378906,95.8199996948242,96.8000030517578,20940300,88.5173492431641
"2024-01-19",96.7200012207031,97.0199966430664,96.4100036621094,96.9499969482422,20088400,88.6545028686523
"2024-01-22",96.6999969482422,97.0999984741211,95.7699966430664,96.8199996948242,19955900,88.5356292724609
"2024-01-23",96.8099975585938,98.5,96.7300033569336,97.9100036621094,15863400,89.5323715209961
"2024-01-24",98.3199996948242,99.6500015258789,97.7399978637695,99.5999984741211,17330600,91.0777740478516
"2024-01-25",100.309997558594,102.180000305176,99.620002746582,102.129997253418,22089500,93.3912811279297
"2024-01-26",101.970001220703,103.080001831055,101.190002441406,103,20817200,94.1868438720703
"2024-01-29",102.980003356934,103.199996948242,101.860000610352,103.129997253418,18317500,94.3057250976562
"2024-01-30",102.410003662109,104.879997253418,102.099998474121,104.849998474121,19610900,95.878547668457
"2024-01-31",104.73999786377,104.879997253418,102.769996643066,102.809997558594,22415300,94.0130996704102
"2024-02-01",103.569999694824,104.01000213623,101.620002746582,102.389999389648,19240700,93.629035949707
"2024-02-02",103.75,104,101.610000610352,101.970001220703,21973400,93.244987487793
"2024-02-05",101.449996948242,102.379997253418,100.5,101.550003051758,17190900,92.8609161376953
"2024-02-06",102.069999694824,103.040000915527,101.569999694824,102.25,13347900,93.5010147094727
"2024-02-07",102.25,102.730003356934,101.180000305176,102.220001220703,13826800,93.4735870361328
"2024-02-08",102.339996337891,104.419998168945,102.110000610352,103.970001220703,19636900,95.073844909668
"2024-02-09",104.099998474121,104.839996337891,101.699996948242,101.769996643066,20410500,93.0620880126953
"2024-02-12",102.160003662109,103.400001525879,102,103.169998168945,18173100,94.3422927856445
"2024-02-13",102.76000213623,103.089996337891,100.599998474121,101.339996337891,18917400,93.5301132202148
"2024-02-14",101.870002746582,102.620002746582,100.419998168945,100.839996337891,17651300,93.0686340332031
"2024-02-15",100.599998474121,103.940002441406,100.599998474121,103.730003356934,23196300,95.7359390258789
"2024-02-16",104.01000213623,104.629997253418,103.519996643066,103.730003356934,20151400,95.7359390258789
"2024-02-20",103.839996337891,104.120002746582,102.650001525879,102.75,17650000,94.8314514160156
"2024-02-21",103.019996643066,104.980003356934,102.98999786377,104.849998474121,20991300,96.7696075439453
"2024-02-22",104.160003662109,105.410003662109,103.449996948242,104.76000213623,20470700,96.6865539550781
"2024-02-23",103.879997253418,104.089996337891,102.879997253418,103.839996337891,15975900,95.8374404907227
"2024-02-26",103.720001220703,104.940002441406,103.050003051758,104.25,13360800,96.2158508300781
"2024-02-27",104.680000305176,105.150001525879,103.849998474121,104.029998779297,16360000,96.0128173828125
"2024-02-28",104.470001220703,105.430000305176,104,104.319999694824,14810500,96.2804565429688
"2024-02-29",104.680000305176,105.069999694824,104.220001220703,104.519996643066,17566100,96.4650344848633
"2024-03-01",105.720001220703,106.389999389648,105.379997253418,105.839996337891,18460100,97.6833190917969
"2024-03-04",105.660003662109,105.849998474121,104.029998779297,104.360000610352,18138000,96.3173751831055
"2024-03-05",104.529998779297,106.269996643066,104.319999694824,105.639999389648,19952700,97.4987258911133
"2024-03-06",106.620002746582,107.569999694824,106.150001525879,106.769996643066,20472800,98.5416412353516
"2024-03-07",106.599998474121,107.980003356934,106.599998474121,107.370002746582,15195400,99.0954055786133
"2024-03-08",107.230003356934,108.400001525879,106.769996643066,108.379997253418,16281500,100.027572631836
"2024-03-11",108.25,109.120002746582,107.339996337891,109.019996643066,17577300,100.618240356445
"2024-03-12",109.059997558594,109.279998779297,108.029998779297,108.319999694824,14957200,99.9721908569336
"2024-03-13",109.139999389648,110.349998474121,109.110000610352,109.529998779297,17122200,101.08895111084
"2024-03-14",109.830001831055,111.550003051758,109.690002441406,111.470001220703,22121000,102.879440307617
"2024-03-15",110.849998474121,112.300003051758,110.849998474121,111.269996643066,38264400,102.694847106934
"2024-03-18",111.790000915527,112.860000610352,111.099998474121,112.300003051758,16770500,103.645469665527
"2024-03-19",112.220001220703,113.48999786377,112.059997558594,113.089996337891,14878800,104.374588012695
"2024-03-20",112.720001220703,113.400001525879,112.129997253418,112.98999786377,16119700,104.282295227051
"2024-03-21",112.919998168945,113.910003662109,112.569999694824,113.48999786377,14878000,104.743759155273
"2024-03-22",113.480003356934,113.690002441406,112.819999694824,113.48999786377,14701900,104.743759155273
"2024-03-25",113.830001831055,115.779998779297,113.830001831055,114.650001525879,14011700,105.814361572266
"2024-03-26",114.660003662109,114.980003356934,113.410003662109,113.790000915527,13152300,105.020645141602
"2024-03-27",113.480003356934,115.059997558594,113.410003662109,114.970001220703,12415700,106.10969543457
"2024-03-28",115.529998779297,116.449996948242,115.059997558594,116.23999786377,18482100,107.281829833984
"2024-04-01",116.410003662109,117.23999786377,115.379997253418,116.98999786377,13817000,107.974014282227
"2024-04-02",117.919998168945,119.599998474121,117.330001831055,119.279998779297,19919600,110.087547302246
"2024-04-03",119.480003356934,119.75,118.730003356934,119.300003051758,16504300,110.106010437012
"2024-04-04",119.050003051758,119.879997253418,118.639999389648,119.720001220703,18467400,110.493644714355
"2024-04-05",119.980003356934,122.150001525879,119.639999389648,121.370002746582,21720600,112.016479492188
"2024-04-08",121.080001831055,121.73999786377,120.209999084473,120.550003051758,17513900,111.25968170166
"2024-04-09",121,121.650001525879,120.339996337891,121.180000305176,14132300,111.841117858887
"2024-04-10",121.220001220703,122.470001220703,120.730003356934,122.199996948242,17409200,112.782508850098
"2024-04-11",122.690002441406,122.690002441406,120.339996337891,121.790000915527,17555900,112.404113769531
"2024-04-12",122.949996948242,123.75,119.669998168945,120.370002746582,21556200,111.093536376953
"2024-04-15",121.089996337891,121.690002441406,119.449996948242,119.680000305176,15029500,110.456718444824
"2024-04-16",119.559997558594,120.220001220703,117.919998168945,118.690002441406,18082200,109.543014526367
"2024-04-17",118.550003051758,119.349998474121,117.120002746582,118.629997253418,14538600,109.487648010254
"2024-04-18",119,119.720001220703,117.970001220703,118.519996643066,13821400,109.386108398438
"2024-04-19",119.160003662109,120.930000305176,118.949996948242,119.879997253418,21572400,110.641304016113
"2024-04-22",119.26000213623,121.569999694824,118.430000305176,120.559997558594,16340700,111.268905639648
"2024-04-23",120,121.059997558594,119.449996948242,121.029998779297,13929800,111.702674865723
"2024-04-24",120.300003051758,121.26000213623,119.389999389648,121.050003051758,12101200,111.721138000488
"2024-04-25",121.029998779297,121.76000213623,119.400001525879,121.330001831055,16041000,111.979553222656
"2024-04-26",119,119.099998474121,116.220001220703,117.959999084473,27289500,108.869270324707
"2024-04-29",117.76000213623,120.050003051758,117.76000213623,119.639999389648,17309900,110.419807434082
"2024-04-30",119.110000610352,120.199996948242,117.980003356934,118.269996643066,21083300,109.155372619629
"2024-05-01",118.279998779297,118.470001220703,115.660003662109,116.029998779297,27777700,107.088005065918
"2024-05-02",116.26000213623,117.26000213623,115.900001525879,116.23999786377,25513600,107.281829833984
"2024-05-03",116,116.069999694824,114.129997253418,116,28023300,107.060325622559
"2024-05-06",116.669998168945,118.339996337891,116.400001525879,116.75,31401300,107.75252532959
"2024-05-07",117.279998779297,117.580001831055,115.930000305176,116.169998168945,30122000,107.217224121094
"2024-05-08",115.709999084473,116.949996948242,115.410003662109,116.150001525879,18957200,107.198768615723
"2024-05-09",116.199996948242,118.529998779297,116.190002441406,118.440002441406,17564000,109.312294006348
"2024-05-10",118.540000915527,118.660003662109,117.580001831055,117.959999084473,13648100,108.869270324707
"2024-05-13",118.419998168945,119.040000915527,117.120002746582,117.910003662109,15060600,108.823127746582
"2024-05-14",116.790000915527,117.73999786377,116.480003356934,117.669998168945,15079100,109.483734130859
"2024-05-15",117.610000610352,118.839996337891,116.080001831055,118.580001831055,18244300,110.330421447754
"2024-05-16",118.540000915527,119.300003051758,117.540000915527,117.870002746582,15745200,109.669830322266
"2024-05-17",118.300003051758,119.830001831055,117.959999084473,119.639999389648,15104500,111.316688537598
"2024-05-20",119.730003356934,119.889999389648,118.550003051758,118.669998168945,11551300,110.414161682129
"2024-05-21",118.400001525879,119.449996948242,117.779998779297,117.849998474121,14495000,109.65119934082
"2024-05-22",117.459999084473,117.459999084473,114.959999084473,115.480003356934,17879300,107.446105957031
"2024-05-23",115.599998474121,117.51000213623,113.360000610352,113.51000213623,15979800,105.613151550293
"2024-05-24",114.839996337891,115.080001831055,113.040000915527,113.419998168945,12212900,105.529403686523
"2024-05-28",113.519996643066,115.110000610352,113.069999694824,114.860000610352,13978300,106.869232177734
"2024-05-29",114.529998779297,114.550003051758,112.809997558594,113.629997253418,13902000,105.724800109863
"2024-05-30",113.269996643066,114.129997253418,112.959999084473,113.98999786377,14683700,106.05973815918
"2024-05-31",114.120002746582,117.48999786377,113.98999786377,117.26000213623,29037400,109.102256774902
"2024-06-03",116.300003051758,116.360000610352,113.76000213623,114.449996948242,19589300,106.487754821777
"2024-06-04",113,113.089996337891,110.919998168945,112.669998168945,19412200,104.831581115723
"2024-06-05",112.889999389648,113.190002441406,111.480003356934,113.120002746582,14863500,105.250282287598
"2024-06-06",112.75,114.040000915527,112.110000610352,113.970001220703,13154100,106.041137695312
"2024-06-07",113.790000915527,114.900001525879,112.669998168945,112.75,13289200,104.90601348877
"2024-06-10",113.059997558594,114.220001220703,112.699996948242,113.080001831055,15239700,105.213050842285
"2024-06-11",112.48999786377,112.669998168945,111.309997558594,112.169998168945,12462400,104.366363525391
"2024-06-12",113.300003051758,113.300003051758,110.540000915527,110.930000305176,13606800,103.212623596191
"2024-06-13",110.839996337891,110.860000610352,109.720001220703,110.040000915527,14466900,102.384559631348
"2024-06-14",110.019996643066,110.209999084473,108.589996337891,109.110000610352,13313400,101.519256591797
"2024-06-17",109.169998168945,109.459999084473,108.180000305176,108.360000610352,21147900,100.821426391602
"2024-06-18",109.029998779297,110.720001220703,108.800003051758,109.379997253418,17762900,101.770462036133
"2024-06-20",109.910003662109,112.620002746582,109.589996337891,111.73999786377,17433200,103.966285705566
"2024-06-21",111.900001525879,112.699996948242,110.76000213623,110.76000213623,52212500,103.054466247559
"2024-06-24",111.639999389648,114.529998779297,111.639999389648,114.050003051758,16266700,106.115585327148
"2024-06-25",114.110000610352,114.550003051758,113.459999084473,114.370002746582,14188900,106.413307189941
"2024-06-26",114.389999389648,114.819999694824,113.139999389648,114.410003662109,15771800,106.450538635254
"2024-06-27",114.98999786377,114.98999786377,114.110000610352,114.900001525879,16812700,106.906440734863
"2024-06-28",115.860000610352,116.540000915527,114.680000305176,115.120002746582,24565900,107.111137390137
"2024-07-01",115.709999084473,116.73999786377,114.529998779297,114.959999084473,11972900,106.962257385254
"2024-07-02",115.900001525879,115.940002441406,113.48999786377,114.180000305176,13326700,106.236534118652
"2024-07-03",114.269996643066,115.660003662109,114.269996643066,114.76000213623,7732900,106.776184082031
"2024-07-05",114.610000610352,114.629997253418,112.690002441406,113.370002746582,12631000,105.482894897461
"2024-07-08",112.389999389648,113.550003051758,111.419998168945,112.180000305176,13350500,104.375671386719
"2024-07-09",111.110000610352,112.540000915527,110.620002746582,110.940002441406,11727000,103.221939086914
"2024-07-10",110.919998168945,111.959999084473,110.419998168945,111.919998168945,10004100,104.133773803711
"2024-07-11",111.430000305176,113.319999694824,110.930000305176,113.25,13082700,105.371238708496
"2024-07-12",113.98999786377,114.150001525879,112.629997253418,113.269996643066,11684900,105.389831542969
"2024-07-15",114.269996643066,116.160003662109,113.580001831055,115.209999084473,13032500,107.194869995117
"2024-07-16",114.349998474121,116.349998474121,113.709999084473,116.040000915527,13614100,107.96711730957
"2024-07-17",116.73999786377,118.180000305176,116.550003051758,117.639999389648,13602800,109.45581817627
"2024-07-18",117.949996948242,119.919998168945,117.440002441406,118.800003051758,13033600,110.535125732422
"2024-07-19",118.589996337891,118.879997253418,115.870002746582,116.069999694824,16157700,107.995048522949
"2024-07-22",115.180000305176,115.940002441406,114.580001831055,115.269996643066,12065900,107.250701904297
"2024-07-23",114.809997558594,115.169998168945,113.169998168945,113.410003662109,11251700,105.520095825195
"2024-07-24",113.769996643066,115.199996948242,113.069999694824,115.01000213623,14925200,107.008796691895
"2024-07-25",115.169998168945,118.029998779297,114.559997558594,117.430000305176,17021700,109.260429382324
"2024-07-26",116.769996643066,118.029998779297,116.470001220703,117.330001831055,11252500,109.167388916016
"2024-07-29",117.319999694824,117.389999389648,115.379997253418,116.099998474121,8861800,108.022964477539
"2024-07-30",116.360000610352,118.599998474121,116.230003356934,118.169998168945,12483900,109.948936462402
"2024-07-31",119.639999389648,119.76000213623,118.559997558594,118.589996337891,15137700,110.339721679688
"2024-08-01",118.349998474121,119.48999786377,116.360000610352,116.949996948242,15051500,108.813812255859
"2024-08-02",115.970001220703,118.870002746582,115.419998168945,116.879997253418,20403800,108.748695373535
"2024-08-05",115.540000915527,116.029998779297,113.25,114.769996643066,18025900,106.785484313965
"2024-08-06",114.449996948242,115.629997253418,113.629997253418,114.160003662109,13647800,106.217933654785
"2024-08-07",115.449996948242,117.120002746582,115.26000213623,115.680000305176,13660700,107.632179260254
"2024-08-08",116.080001831055,118.110000610352,115.730003356934,117.889999389648,13851000,109.688423156738
"2024-08-09",117.889999389648,119.309997558594,117.360000610352,118.849998474121,12151900,110.581642150879
"2024-08-12",119.550003051758,120.169998168945,118.019996643066,119,13228900,110.721206665039
"2024-08-13",118.279998779297,118.51000213623,117.5,117.860000610352,11585100,109.660514831543
"2024-08-14",118.099998474121,119.900001525879,117.629997253418,118.949996948242,12194500,110.674690246582
"2024-08-15",118.25,119.629997253418,118.120002746582,118.730003356934,11579400,111.359375
"2024-08-16",117.98999786377,118.480003356934,117.660003662109,118.169998168945,10056000,110.834129333496
"2024-08-19",118.400001525879,120.5,118.169998168945,118.529998779297,12417500,111.171775817871
"2024-08-20",118.650001525879,118.650001525879,114.51000213623,114.580001831055,15632000,107.466995239258
"2024-08-21",115.01000213623,115.569999694824,113.76000213623,113.849998474121,11752400,106.782318115234
"2024-08-22",113.779998779297,115.01000213623,113.639999389648,114.730003356934,10609500,107.607688903809
"2024-08-23",115.029998779297,116.720001220703,115.029998779297,116.319999694824,10381400,109.098976135254
"2024-08-26",117.76000213623,118.940002441406,116.919998168945,118.809997558594,13671000,111.434394836426
"2024-08-27",118.959999084473,119.410003662109,117.400001525879,117.680000305176,9991600,110.374549865723
"2024-08-28",117,117.580001831055,116.26000213623,116.519996643066,10742900,109.286560058594
"2024-08-29",117.199996948242,118.790000915527,116.349998474121,118.129997253418,10753900,110.796607971191
"2024-08-30",116.790000915527,118.019996643066,116.290000915527,117.940002441406,13284700,110.618423461914
"2024-09-03",115.839996337891,116.089996337891,114.040000915527,115.470001220703,15725100,108.301750183105
"2024-09-04",115.290000915527,116.150001525879,113.980003356934,114.059997558594,12620600,106.979270935059
"2024-09-05",115.069999694824,115.279998779297,113.069999694824,113.169998168945,17200800,106.144523620605
"2024-09-06",113.589996337891,114.180000305176,111.730003356934,112.639999389648,13467700,105.647422790527
"2024-09-09",112.870002746582,116.150001525879,112.660003662109,115.01000213623,21645300,107.870307922363
"2024-09-10",115.099998474121,115.400001525879,110.169998168945,110.819999694824,20913400,103.940414428711
"2024-09-11",110.779998779297,110.949996948242,107.769996643066,109.720001220703,19571900,102.908706665039
"2024-09-12",109.900001525879,111.330001831055,109.76000213623,111.230003356934,15919500,104.324966430664
"2024-09-13",111.470001220703,112.470001220703,110.930000305176,111.150001525879,10035400,104.249923706055
"2024-09-16",112.050003051758,113.089996337891,111.690002441406,112.709999084473,11729000,105.713081359863
"2024-09-17",112.319999694824,114.370002746582,112.120002746582,114.180000305176,12202600,107.091819763184
"2024-09-18",114.110000610352,115.629997253418,113.809997558594,114.580001831055,12569900,107.466995239258
"2024-09-19",116.160003662109,117.580001831055,115.190002441406,116,12660600,108.798851013184
"2024-09-20",115.459999084473,115.51000213623,114.25,115.269996643066,36206200,108.114158630371
"2024-09-23",115.330001831055,117.790000915527,115.120002746582,117.360000610352,16066300,110.074424743652
"2024-09-24",117.839996337891,118.160003662109,116.830001831055,117.050003051758,11984900,109.783653259277
"2024-09-25",116.48999786377,117.050003051758,114.040000915527,114.769996643066,13816000,107.645202636719
"2024-09-26",111.139999389648,113.480003356934,111.139999389648,112.800003051758,16887900,105.797508239746
"2024-09-27",113.76000213623,116.089996337891,113.25,115.819999694824,15964000,108.630012512207
"2024-09-30",115.459999084473,117.389999389648,114.959999084473,117.220001220703,13247600,109.94312286377
"2024-10-01",116.040000915527,120.599998474121,115.930000305176,119.930000305176,23235900,112.484870910645
"2024-10-02",121.930000305176,122.819999694824,120.199996948242,121.519996643066,17129700,113.976165771484
"2024-10-03",121.900001525879,123.169998168945,120.930000305176,122.580001831055,16524300,114.970367431641
"2024-10-04",123.199996948242,125.190002441406,122.430000305176,124.830001831055,19752300,117.080688476562
"2024-10-07",125.25,126.339996337891,124.860000610352,125.370002746582,15714400,117.587158203125
"2024-10-08",123.879997253418,124.019996643066,121.26000213623,122.040000915527,14818500,114.463890075684
"2024-10-09",120.900001525879,122.580001831055,120.800003051758,122.089996337891,11144900,114.510780334473
"2024-10-10",123.160003662109,123.699996948242,122.290000915527,123.139999389648,10243300,115.495597839355
"2024-10-11",123.099998474121,124.029998779297,122.940002441406,123.610000610352,8294800,115.936431884766
"2024-10-14",123.23999786377,124.26000213623,122.620002746582,124.080001831055,9808100,116.377243041992
"2024-10-15",120.819999694824,121.949996948242,119.779998779297,120.349998474121,15771300,112.878799438477
"2024-10-16",120.889999389648,121.440002441406,120.599998474121,120.660003662109,8426800,113.169548034668
"2024-10-17",120.76000213623,121.580001831055,119.709999084473,120.349998474121,11204900,112.878799438477
"2024-10-18",120.440002441406,120.639999389648,119.150001525879,120.01000213623,12898600,112.559906005859
"2024-10-21",120.980003356934,121.480003356934,119.720001220703,120.080001831055,10177800,112.625556945801
"2024-10-22",120.26000213623,121.190002441406,119.940002441406,120.699996948242,9201400,113.207077026367
"2024-10-23",119.970001220703,120.75,119.400001525879,120.269996643066,8320300,112.803764343262
"2024-10-24",120,120.440002441406,119.129997253418,119.589996337891,9905600,112.165969848633
"2024-10-25",120.199996948242,120.430000305176,119.319999694824,119.48999786377,10714600,112.07218170166
"2024-10-28",116.790000915527,119.01000213623,116.769996643066,118.900001525879,11844500,111.518814086914
"2024-10-29",118.580001831055,119.169998168945,117.069999694824,117.279998779297,14731000,109.999382019043
"2024-10-30",117.660003662109,118.269996643066,116.480003356934,116.690002441406,12303700,109.446006774902
"2024-10-31",117.150001525879,118.669998168945,116.680000305176,116.779998779297,20512000,109.530433654785
"2024-11-01",119.930000305176,119.949996948242,114.839996337891,114.949996948242,20939300,107.814025878906
"2024-11-04",116.069999694824,118.699996948242,115.930000305176,118.610000610352,14965400,111.24681854248
"2024-11-05",119.080001831055,119.209999084473,118.01000213623,118.959999084473,10436700,111.575088500977
"2024-11-06",121.150001525879,121.910003662109,119.300003051758,121,20807700,113.48844909668
"2024-11-07",121.300003051758,121.5,119.610000610352,121.150001525879,12184400,113.62914276123
"2024-11-08",120.980003356934,121.419998168945,119.660003662109,121.110000610352,12836000,113.591613769531
"2024-11-11",121,121.620002746582,120.069999694824,120.470001220703,11969700,112.991363525391
"2024-11-12",121.129997253418,121.309997558594,119.839996337891,120.349998474121,11972800,112.878799438477
"2024-11-13",120.569999694824,122.050003051758,118.800003051758,121.470001220703,15127900,113.929260253906
"2024-11-14",121.660003662109,121.879997253418,120.330001831055,120.559997558594,13041800,114.004928588867
"2024-11-15",120.400001525879,121.23999786377,119.129997253418,119.309997558594,19051700,112.822891235352
"2024-11-18",119.790000915527,120.620002746582,119.269996643066,120.309997558594,14239700,113.768508911133
"2024-11-19",119.75,119.75,118.199996948242,118.629997253418,11584400,112.17985534668
"2024-11-20",119.169998168945,120.470001220703,118.639999389648,120.319999694824,11360900,113.777969360352
"2024-11-21",121.080001831055,122.550003051758,120.269996643066,121.930000305176,14675400,115.300430297852
"2024-11-22",121.819999694824,123.209999084473,121.639999389648,121.790000915527,13323400,115.168037414551
"2024-11-25",121.430000305176,121.879997253418,119.610000610352,119.970001220703,26580300,113.446998596191
"2024-11-26",119.529998779297,119.680000305176,117.849998474121,117.970001220703,14827300,111.555755615234
"2024-11-27",118.089996337891,118.730003356934,117.430000305176,117.660003662109,11079100,111.262603759766
"2024-11-29",117.440002441406,118.5,116.949996948242,117.959999084473,9426500,111.546279907227
"2024-12-02",118.050003051758,118.199996948242,116.819999694824,117.849998474121,12687300,111.442268371582
"2024-12-03",118.720001220703,118.720001220703,117.26000213623,117.669998168945,11756600,111.27205657959
"2024-12-04",117.5,117.550003051758,113.860000610352,114.279998779297,19520600,108.066383361816
"2024-12-05",114.709999084473,115.620002746582,114.059997558594,114.779998779297,15751200,108.539192199707
"2024-12-06",114.540000915527,114.769996643066,113.5,113.569999694824,16171100,107.394981384277
"2024-12-09",114.639999389648,114.940002441406,112.75,112.900001525879,17412600,106.761405944824
"2024-12-10",113.589996337891,113.879997253418,111.75,112.669998168945,20990900,106.543914794922
"2024-12-11",112,112.389999389648,111.110000610352,111.919998168945,32392200,105.83470916748
"2024-12-12",111.589996337891,112.379997253418,110.779998779297,111.819999694824,14543300,105.740127563477
"2024-12-13",111.900001525879,111.900001525879,110.25,110.839996337891,13106100,104.813407897949
"2024-12-16",110.199996948242,110.400001525879,108.160003662109,108.470001220703,20256100,102.572273254395
"2024-12-17",107.23999786377,108.169998168945,106.790000915527,108.01000213623,17554000,102.13729095459
"2024-12-18",107.569999694824,108.830001831055,106.309997558594,106.419998168945,17114500,100.633743286133
"2024-12-19",107.389999389648,107.669998168945,105.209999084473,105.51000213623,20565600,99.7732238769531
"2024-12-20",105.449996948242,106.139999389648,104.839996337891,105.870002746582,40141200,100.113639831543
"2024-12-23",105.309997558594,106.599998474121,104.919998168945,106.300003051758,12285100,100.520278930664
"2024-12-24",106.519996643066,107.190002441406,105.699996948242,106.400001525879,7807000,100.614822387695
"2024-12-26",106.519996643066,107.029998779297,105.940002441406,106.48999786377,9652400,100.699935913086
"2024-12-27",106.300003051758,107.98999786377,105.769996643066,106.480003356934,11943900,100.690483093262
"2024-12-30",106.300003051758,106.559997558594,105.51000213623,105.76000213623,11080800,100.009628295898
"2024-12-31",106.169998168945,107.900001525879,105.779998779297,107.569999694824,12387800,101.721199035645
"2025-01-02",108.279998779297,109,106.879997253418,107.309997558594,12685400,101.47534942627
"2025-01-03",108,108.48999786377,107.459999084473,107.860000610352,14237900,101.99543762207
"2025-01-06",108.23999786377,109.779998779297,107.519996643066,107.73999786377,15623700,101.881973266602
"2025-01-07",108.940002441406,110.059997558594,108.279998779297,108.75,12625900,102.837043762207
"2025-01-08",107.309997558594,107.709999084473,106.01000213623,106.930000305176,17858100,101.116012573242
"2025-01-10",108.699996948242,110.099998474121,105.779998779297,106.540000915527,19304500,100.747222900391
"2025-01-13",107.129997253418,109.629997253418,107.129997253418,109.290000915527,17073400,103.347694396973
"2025-01-14",108.790000915527,109.76000213623,107.830001831055,109.720001220703,11191200,103.75431060791
"2025-01-15",110.050003051758,111.730003356934,109.470001220703,111.51000213623,14521100,105.446975708008
"2025-01-16",111.190002441406,111.690002441406,110.550003051758,111.319999694824,10366600,105.267311096191
"2025-01-17",111.029998779297,112.870002746582,110.819999694824,112.319999694824,19298500,106.212944030762
"2025-01-21",112.050003051758,112.180000305176,111.129997253418,111.470001220703,20416300,105.409164428711
"2025-01-22",111.199996948242,111.569999694824,109.400001525879,109.529998779297,15718000,103.574638366699
"2025-01-23",110.309997558594,111.139999389648,109.610000610352,110.150001525879,13726800,104.160942077637
"2025-01-24",110.23999786377,110.709999084473,108.410003662109,108.660003662109,14235900,102.751945495605
"2025-01-27",109.01000213623,110.449996948242,108.389999389648,110.169998168945,15926700,104.179847717285
"2025-01-28",110.410003662109,110.870002746582,107.790000915527,108.040000915527,15862000,102.165664672852
"2025-01-29",107.709999084473,108.779998779297,107.470001220703,108.669998168945,12345500,102.761405944824
"2025-01-30",109.23999786377,109.849998474121,108.699996948242,109.569999694824,14346300,103.612480163574
"2025-01-31",110.550003051758,110.550003051758,106.099998474121,106.830001831055,20376500,101.021453857422
"2025-02-03",106.639999389648,107.300003051758,105.319999694824,107.089996337891,14623200,101.267303466797
"2025-02-04",106.709999084473,110.279998779297,106.529998779297,109.959999084473,14835700,103.981254577637
"2025-02-05",109.73999786377,110.01000213623,109.099998474121,109.879997253418,13364400,103.905616760254
"2025-02-06",110.769996643066,111.050003051758,107.98999786377,108.430000305176,13411400,102.534461975098
"2025-02-07",108.779998779297,109.730003356934,108.319999694824,108.889999389648,10051600,102.969436645508
"2025-02-10",110.01000213623,111.029998779297,109.879997253418,110.970001220703,12142200,104.936347961426
"2025-02-11",111.599998474121,112.51000213623,110.819999694824,111.669998168945,12713100,105.598281860352
"2025-02-12",110.050003051758,110.230003356934,107.180000305176,107.349998474121,18244100,102.421173095703
"2025-02-13",107.150001525879,108.410003662109,106.519996643066,108.129997253418,15460000,103.165367126465
"2025-02-14",108.519996643066,110.230003356934,108.099998474121,108.23999786377,15733500,103.270324707031
"2025-02-18",108.629997253418,110.98999786377,108.319999694824,110.139999389648,20060300,105.083084106445
"2025-02-19",110.76000213623,112.129997253418,110.059997558594,110.300003051758,10964700,105.235725402832
"2025-02-20",110.569999694824,112.419998168945,109.949996948242,112,16325800,106.857681274414
"2025-02-21",111.319999694824,111.849998474121,110.559997558594,110.690002441406,14710000,105.607833862305
"2025-02-24",110.930000305176,111.860000610352,110.319999694824,111.269996643066,13153500,106.161193847656
"2025-02-25",111.300003051758,112.129997253418,108.889999389648,109.730003356934,14497000,104.691909790039
"2025-02-26",109.73999786377,109.870002746582,108.519996643066,109.459999084473,10446400,104.434303283691
"2025-02-27",110.01000213623,111.290000915527,109.279998779297,110.150001525879,15293200,105.092628479004
"2025-02-28",110.110000610352,111.580001831055,109.339996337891,111.330001831055,18821700,106.218444824219
"2025-03-03",111.699996948242,112.160003662109,106.51000213623,107.76000213623,18706900,102.812355041504
"2025-03-04",106.360000610352,108.959999084473,105.940002441406,107.540000915527,19394900,102.60245513916
"2025-03-05",105.839996337891,106.330001831055,103.669998168945,105.440002441406,24822200,100.598876953125
"2025-03-06",105.430000305176,108.110000610352,104.360000610352,107.620002746582,17150200,102.678787231445
"2025-03-07",108.410003662109,110.400001525879,108.300003051758,109.019996643066,19625000,104.014503479004
"2025-03-10",109.279998779297,112.569999694824,109.080001831055,111.800003051758,22749100,106.666862487793
"2025-03-11",111.919998168945,112.099998474121,108.790000915527,109.160003662109,19904700,104.148078918457
"2025-03-12",109.050003051758,110.129997253418,108.419998168945,109.129997253418,14051500,104.11946105957
"2025-03-13",108.330001831055,110.819999694824,107.629997253418,108.669998168945,17767800,103.680572509766
"2025-03-14",108.940002441406,112.180000305176,108.309997558594,111.900001525879,15890100,106.762268066406
"2025-03-17",111.800003051758,114.5,111.730003356934,113.76000213623,19908800,108.536880493164
"2025-03-18",114.089996337891,114.540000915527,112.569999694824,113.639999389648,15998700,108.422378540039
"2025-03-19",114.199996948242,115.819999694824,113.830001831055,115.410003662109,17315000,110.111129760742
"2025-03-20",114.720001220703,116.470001220703,114.209999084473,115.900001525879,16230800,110.578620910645
"2025-03-21",115.5,115.98999786377,114.349998474121,115.5,41102800,110.196983337402
"2025-03-24",115.680000305176,116.910003662109,115.580001831055,115.800003051758,14207500,110.483215332031
"2025-03-25",116.430000305176,117.639999389648,115.959999084473,116.589996337891,12081800,111.236930847168
"2025-03-26",117.680000305176,119.180000305176,117.680000305176,118.269996643066,14110800,112.839805603027
"2025-03-27",118.099998474121,119.069999694824,117.26000213623,117.889999389648,12740800,112.477241516113
"2025-03-28",118.099998474121,118.459999084473,117.23999786377,117.730003356934,10233400,112.324607849121
"2025-03-31",117.790000915527,119.910003662109,117.790000915527,118.930000305176,21652300,113.469497680664
"2025-04-01",119.220001220703,119.279998779297,117.930000305176,119.040000915527,12425400,113.57445526123
"2025-04-02",118.389999389648,118.839996337891,117.660003662109,118.669998168945,12614600,113.221435546875
"2025-04-03",114.370002746582,115.449996948242,112.230003356934,112.430000305176,21204600,107.267944335938
"2025-04-04",109.870002746582,110.830001831055,103.830001831055,104.339996337891,30841300,99.5493774414062
"2025-04-07",100.389999389648,105.800003051758,98.4599990844727,102.940002441406,35068500,98.2136611938477
"2025-04-08",105.459999084473,105.599998474121,99.0100021362305,100.769996643066,27147800,96.1432800292969
"2025-04-09",99.370002746582,106.580001831055,98.129997253418,105.800003051758,30063300,100.942352294922
"2025-04-10",103.709999084473,103.779998779297,97.8000030517578,99.9300003051758,33999300,95.3418579101562
"2025-04-11",100.300003051758,103.930000305176,98.7900009155273,103.139999389648,22884600,98.4044723510742
"2025-04-14",105.029998779297,105.089996337891,102.720001220703,103.389999389648,18020000,98.6429977416992
"2025-04-15",103.639999389648,105.410003662109,103,103.099998474121,13164900,98.3663177490234
"2025-04-16",103.949996948242,105.589996337891,103.699996948242,104.190002441406,13607000,99.4062728881836
"2025-04-17",104.690002441406,108.550003051758,104.459999084473,106.919998168945,17916500,102.010917663574
"2025-04-21",105.610000610352,105.629997253418,104.120002746582,105.349998474121,16926500,100.513000488281
"2025-04-22",106.139999389648,108.940002441406,106.139999389648,108.300003051758,13147000,103.327568054199
"2025-04-23",108.809997558594,109.300003051758,106.470001220703,107.370002746582,14235700,102.44026184082
"2025-04-24",107.970001220703,108.879997253418,106.959999084473,108.629997253418,9849600,103.64241027832
"2025-04-25",108.139999389648,108.76000213623,107.419998168945,108.569999694824,11245800,103.585166931152
"2025-04-28",108.75,109.25,107.680000305176,108.629997253418,13890900,103.64241027832
"2025-04-29",107.73999786377,108.830001831055,107.519996643066,108.360000610352,9483100,103.384796142578
"2025-04-30",107.419998168945,107.419998168945,104.150001525879,105.629997253418,20379300,100.780151367188
"2025-05-01",105.099998474121,106.919998168945,104.980003356934,105.779998779297,18610300,100.923263549805
"2025-05-02",107.720001220703,109,104.550003051758,106.209999084473,16581900,101.333518981934
"2025-05-05",104.650001525879,104.660003662109,103.069999694824,103.269996643066,19624000,98.5285034179688
"2025-05-06",103.889999389648,105.980003356934,103.480003356934,104.709999084473,16303400,99.9023895263672
"2025-05-07",104.98999786377,105.290000915527,104.069999694824,104.610000610352,12332200,99.8069915771484
"2025-05-08",105.339996337891,107.389999389648,105.339996337891,106.069999694824,19196500,101.199951171875
"2025-05-09",107.139999389648,107.75,106.379997253418,107.309997558594,10992100,102.383010864258
"2025-05-12",110.269996643066,110.440002441406,108.319999694824,109.160003662109,14244600,104.148078918457
"2025-05-13",109.319999694824,110.51000213623,109.019996643066,109.459999084473,13350800,104.434303283691
"2025-05-14",108.860000610352,108.860000610352,107.930000305176,108.480003356934,15494900,103.499298095703
"2025-05-15",106.48999786377,108.650001525879,105.970001220703,108.580001831055,15004300,104.548835754395
"2025-05-16",108.650001525879,108.889999389648,107.449996948242,108.190002441406,14042500,104.173316955566
"2025-05-19",107.569999694824,107.569999694824,105.720001220703,106.470001220703,16802700,102.517166137695
"2025-05-20",106.389999389648,106.720001220703,104.779998779297,104.949996948242,12429300,101.053596496582
"2025-05-21",104.529998779297,104.970001220703,103.639999389648,103.660003662109,16716100,99.8114929199219
"2025-05-22",103.059997558594,103.470001220703,101.889999389648,102.970001220703,13417400,99.1471099853516
"2025-05-23",102.599998474121,103.470001220703,102.069999694824,103.029998779297,12061600,99.2048873901367
"2025-05-27",103.48999786377,103.860000610352,102.900001525879,103.519996643066,13043600,99.6766891479492
"2025-05-28",104.290000915527,104.430000305176,101.790000915527,102.110000610352,14292400,98.3190460205078
"2025-05-29",102.279998779297,102.849998474121,101.75,102.690002441406,13825300,98.8775100708008
"2025-05-30",102.160003662109,102.389999389648,101.190002441406,102.300003051758,28645800,98.5019912719727
"2025-06-02",103.75,103.849998474121,102.220001220703,103.050003051758,17290500,99.2241363525391
"2025-06-03",102.900001525879,104.660003662109,102.209999084473,103.800003051758,19194300,99.9463043212891
"2025-06-04",103.919998168945,104.919998168945,102.300003051758,102.300003051758,15648500,98.5019912719727
"2025-06-05",102.980003356934,103.050003051758,101.730003356934,101.830001831055,13924800,98.0494384765625
"2025-06-06",102.76000213623,104.5,102.680000305176,104.269996643066,15487800,100.39884185791
"2025-06-09",104.330001831055,105.849998474121,103.830001831055,104.970001220703,17087300,101.072860717773
"2025-06-10",106.080001831055,107.650001525879,105.930000305176,107.220001220703,17634800,103.239334106445
"2025-06-11",107.76000213623,109.389999389648,106.459999084473,109.309997558594,22648200,105.251731872559
"2025-06-12",108.919998168945,110.190002441406,108.220001220703,109.730003356934,17469400,105.656127929688
"2025-06-13",112.349998474121,112.529998779297,110.680000305176,112.120002746582,28540200,107.957412719727
"2025-06-16",111.819999694824,113.160003662109,111.129997253418,112.480003356934,22986100,108.304046630859
"2025-06-17",113.949996948242,114.930000305176,113.110000610352,114,19451700,109.767623901367
"2025-06-18",114.610000610352,115.23999786377,112.940002441406,113.190002441406,17968900,108.987686157227
"2025-06-20",113.449996948242,115.040000915527,113.180000305176,114.699996948242,36273300,110.441619873047
"2025-06-23",116.699996948242,116.949996948242,111.160003662109,111.73999786377,26631100,107.591514587402
"2025-06-24",109.25,110.940002441406,107.910003662109,108.339996337891,24828300,104.317741394043
"2025-06-25",108.110000610352,109.23999786377,107.699996948242,108.370002746582,17483200,104.346626281738
"2025-06-26",108.940002441406,110.440002441406,108.550003051758,109.98999786377,18304800,105.90648651123
"2025-06-27",109.940002441406,110.099998474121,108.370002746582,109.379997253418,22002100,105.319122314453
"2025-06-30",108.639999389648,108.839996337891,107.720001220703,107.800003051758,19199000,103.797798156738
"2025-07-01",108.129997253418,109.639999389648,107.150001525879,109.23999786377,15536900,105.184326171875
"2025-07-02",110,111.360000610352,108.830001831055,111.050003051758,11892200,106.927131652832
"2025-07-03",110.860000610352,112.470001220703,110.620002746582,112.199996948242,11223600,108.034439086914
"2025-07-07",111.540000915527,112.050003051758,110.220001220703,111.110000610352,15415900,106.984901428223
"2025-07-08",110.889999389648,114.459999084473,110.849998474121,114.190002441406,17913400,109.950561523438
"2025-07-09",113.919998168945,114.269996643066,113.269996643066,113.800003051758,10652100,109.575035095215
"2025-07-10",113.709999084473,115.269996643066,113.069999694824,114.930000305176,14901700,110.6630859375
"2025-07-11",114.849998474121,115.76000213623,114.51000213623,115.430000305176,11683900,111.144523620605
"2025-07-14",115.230003356934,115.230003356934,113.220001220703,113.919998168945,13220300,109.690574645996
"2025-07-15",113.660003662109,114.059997558594,112.599998474121,112.910003662109,10959300,108.718070983887
"2025-07-16",112.879997253418,113.5,112.099998474121,112.230003356934,11158900,108.063323974609
"2025-07-17",111.48999786377,112.230003356934,111.089996337891,111.660003662109,13151400,107.514488220215
"2025-07-18",111.110000610352,111.730003356934,107.339996337891,107.769996643066,32366600,103.768905639648
"2025-07-21",107.599998474121,108.769996643066,107.440002441406,108.050003051758,17010400,104.038520812988
"2025-07-22",107.980003356934,109.440002441406,107.610000610352,108.540000915527,13970900,104.510322570801
"2025-07-23",108.930000305176,110,108.849998474121,109.930000305176,12002700,105.84871673584
"2025-07-24",109.660003662109,110.949996948242,109.129997253418,110.790000915527,15647200,106.676773071289
"2025-07-25",110.730003356934,110.980003356934,109.699996948242,110.400001525879,10548900,106.301261901855
"2025-07-28",111,112.110000610352,110.839996337891,111.440002441406,12353000,107.30265045166
"2025-07-29",111.900001525879,113,111.410003662109,112.879997253418,15928000,108.689186096191
"2025-07-30",112.410003662109,112.610000610352,111.26000213623,111.900001525879,12996900,107.745567321777
"2025-07-31",110.360000610352,112.5,110.360000610352,111.639999389648,17233700,107.495231628418
"2025-08-01",112,112.540000915527,108.860000610352,109.639999389648,19652000,105.569480895996
"2025-08-04",109.220001220703,109.919998168945,107.089996337891,107.370002746582,19129500,103.383758544922
"2025-08-05",107.220001220703,107.819999694824,106.069999694824,107.23999786377,21314300,103.258575439453
"2025-08-06",108.309997558594,109.050003051758,106.370002746582,106.51000213623,15321800,102.555679321289
"2025-08-07",107.139999389648,108.059997558594,105.889999389648,105.949996948242,13468300,102.016471862793
"2025-08-08",106.5,107.51000213623,105.949996948242,106.800003051758,14417700,102.834922790527
"2025-08-11",107.110000610352,107.529998779297,105.529998779297,105.830001831055,13570700,101.900924682617
"2025-08-12",106.339996337891,107.279998779297,105.779998779297,106.129997253418,14109400,102.189796447754
"2025-08-13",106,107.599998474121,105.73999786377,107.599998474121,17958700,103.60521697998
"2025-08-14",107.550003051758,107.589996337891,106.440002441406,107.379997253418,13683500,103.393379211426
"2025-08-15",106.190002441406,107.559997558594,105.949996948242,106.48999786377,19271900,103.490562438965
"2025-08-18",106.099998474121,107.230003356934,105.669998168945,106.720001220703,13040000,103.714088439941
"2025-08-19",106.199996948242,107.459999084473,106.150001525879,107.419998168945,16113600,104.394371032715
"2025-08-20",107.879997253418,109.330001831055,107.680000305176,108.529998779297,18959700,105.473098754883
"2025-08-21",108.419998168945,109.569999694824,107.959999084473,109.230003356934,12194900,106.153396606445
"2025-08-22",109.599998474121,111.410003662109,109.599998474121,111.279998779297,13586700,108.145652770996
"2025-08-25",110.900001525879,111.919998168945,110.540000915527,111.73999786377,9744900,108.59268951416
"2025-08-26",111.370002746582,111.809997558594,110.360000610352,111.48999786377,18143900,108.349731445312
"2025-08-27",111.419998168945,112.980003356934,111.419998168945,112.75,15262600,109.574249267578
"2025-08-28",112.870002746582,113.650001525879,112.069999694824,113.349998474121,14189800,110.157348632812
"2025-08-29",113.720001220703,114.790000915527,113.580001831055,114.290000915527,14597900,111.070861816406
"2025-09-02",114.180000305176,115.23999786377,113.330001831055,114.690002441406,15206700,111.459609985352
"2025-09-03",113.970001220703,114.430000305176,111.459999084473,111.910003662109,14920100,108.757911682129
"2025-09-04",112.110000610352,113.129997253418,111.379997253418,112.400001525879,12864400,109.234100341797
"2025-09-05",111.599998474121,111.779998779297,109.019996643066,109.230003356934,16826700,106.153396606445
"2025-09-08",109.730003356934,110.050003051758,108.349998474121,109.849998474121,15440500,106.755928039551
"2025-09-09",110.529998779297,112.51000213623,110.529998779297,110.650001525879,14899500,107.533386230469
"2025-09-10",111.160003662109,112.559997558594,110.839996337891,112.5,15837600,109.331283569336
"2025-09-11",111.400001525879,112.769996643066,110.870002746582,112.139999389648,11534500,108.981422424316
"2025-09-12",112.860000610352,113.220001220703,111.879997253418,112.160003662109,11105700,109.000869750977
"2025-09-15",112.180000305176,112.459999084473,111.319999694824,112.349998474121,12880500,109.185516357422
"2025-09-16",112.959999084473,115.319999694824,112.779998779297,114.680000305176,17208000,111.449882507324
"2025-09-17",114.529998779297,115.48999786377,114.050003051758,115.290000915527,13302000,112.042709350586
"2025-09-18",115.169998168945,115.349998474121,113.400001525879,113.930000305176,14628700,110.721008300781
"2025-09-19",113.900001525879,113.980003356934,112.639999389648,112.819999694824,38746500,109.642272949219
"2025-09-22",112.449996948242,112.800003051758,111.559997558594,112.019996643066,15611500,108.864807128906
"2025-09-23",112.720001220703,114.75,112.480003356934,113.949996948242,25369100,110.740447998047
"2025-09-24",114.569999694824,115.76000213623,114.470001220703,114.559997558594,14756100,111.333267211914
"2025-09-25",114.639999389648,115.900001525879,114.410003662109,115.589996337891,15012600,112.334251403809
"2025-09-26",115.959999084473,118.360000610352,115.919998168945,117.220001220703,18568900,113.918342590332
"2025-09-29",116.059997558594,116.5,113.669998168945,114.220001220703,19189300,111.00284576416
"2025-09-30",113.349998474121,113.48999786377,111.940002441406,112.75,18076200,109.574249267578
"2025-10-01",112.559997558594,113.019996643066,111.290000915527,111.98999786377,16614000,108.835647583008
"2025-10-02",111.970001220703,113.089996337891,111.029998779297,111.290000915527,13062600,108.155372619629
"2025-10-03",111.900001525879,113.75,111.900001525879,113.26000213623,12950100,110.069892883301
"2025-10-06",113.290000915527,114.769996643066,113.180000305176,114.199996948242,12036800,110.9833984375
"2025-10-07",114.069999694824,114.51000213623,111.73999786377,114.26000213623,11945000,111.041709899902
"2025-10-08",114.379997253418,115.01000213623,113.410003662109,114.019996643066,12301000,110.808471679688
"2025-10-09",114.430000305176,115.51000213623,112.73999786377,112.910003662109,10976200,109.729736328125
"2025-10-10",112.26000213623,112.620002746582,110.709999084473,110.730003356934,13811600,107.611145019531
"2025-10-13",111.540000915527,112.300003051758,111.319999694824,112.23999786377,10296500,109.07861328125
"2025-10-14",110.76000213623,112.959999084473,110.709999084473,112.290000915527,11167200,109.127197265625
"2025-10-15",112.800003051758,113.569999694824,110.970001220703,111.610000610352,12182900,108.466354370117
"2025-10-16",111.879997253418,112.190002441406,110.389999389648,110.639999389648,11782200,107.523681640625
"2025-10-17",111.629997253418,112.910003662109,111.180000305176,112.23999786377,13460100,109.07861328125
"2025-10-20",112,113.150001525879,111.980003356934,112.699996948242,9523600,109.525650024414
"2025-10-21",112.889999389648,113.360000610352,111.98999786377,112.709999084473,9202300,109.535369873047
"2025-10-22",113.449996948242,115.180000305176,113.080001831055,114.709999084473,12938800,111.479034423828
"2025-10-23",116.629997253418,116.849998474121,115.360000610352,115.980003356934,15001100,112.713272094727
"2025-10-24",116.349998474121,116.470001220703,115.180000305176,115.389999389648,9919400,112.13988494873
"2025-10-27",115.699996948242,115.98999786377,115.099998474121,115.940002441406,10975400,112.674407958984
"2025-10-28",115.48999786377,116.180000305176,114.98999786377,115.029998779297,9535200,111.790016174316
"2025-10-29",114.919998168945,117.050003051758,114.809997558594,116.449996948242,12570600,113.170036315918
"2025-10-30",116.430000305176,116.519996643066,114.529998779297,114.690002441406,16172900,111.459609985352
"2025-10-31",113.980003356934,115.230003356934,112.620002746582,114.360000610352,20213400,111.138900756836
"2025-11-03",114.5,114.98999786377,113.639999389648,113.76000213623,12290300,110.555793762207
"2025-11-04",113.379997253418,114.349998474121,112.51000213623,114.139999389648,16860700,110.925094604492
"2025-11-05",114.089996337891,115.180000305176,113.669998168945,113.680000305176,12400900,110.478050231934
"2025-11-06",113.639999389648,114.940002441406,113.639999389648,114.5,14219700,111.274955749512
"2025-11-07",115.209999084473,117.51000213623,114.900001525879,117.220001220703,17181100,113.918342590332
"2025-11-10",117.440002441406,118.449996948242,115.459999084473,118.220001220703,13048000,114.890174865723
"2025-11-11",118.830001831055,120.809997558594,118.830001831055,119.779998779297,16077100,116.406242370605
"2025-11-12",119.099998474121,119.279998779297,117.790000915527,118.120002746582,13790900,114.792991638184
"2025-11-13",118.629997253418,119.76000213623,118.279998779297,118.790000915527,17291900,115.444122314453
"2025-11-14",118.449996948242,119.480003356934,116.660003662109,119.290000915527,17064300,116.944030761719
"2025-11-17",118.970001220703,119.5,117.110000610352,117.680000305176,16034900,115.365684509277
"2025-11-18",117.26000213623,119.480003356934,116.480003356934,119.029998779297,15808500,116.689140319824
"2025-11-19",116.849998474121,118.180000305176,115.930000305176,117.349998474121,15919200,115.042182922363
"2025-11-20",117.980003356934,119.01000213623,116.73999786377,117.019996643066,14401000,114.71866607666
"2025-11-21",116.98999786377,117.379997253418,115.650001525879,117.080001831055,15667600,114.777496337891
"2025-11-24",117.199996948242,117.199996948242,114.73999786377,115.970001220703,18034900,113.689323425293
"2025-11-25",115.180000305176,115.900001525879,114.190002441406,114.51000213623,14434600,112.258033752441
"2025-11-26",114.410003662109,115.73999786377,114.309997558594,114.769996643066,11650600,112.512916564941
"2025-11-28",114.949996948242,118.73999786377,114.819999694824,115.919998168945,7240800,113.640296936035
"2025-12-01",116.099998474121,117.410003662109,116.099998474121,116.629997253418,12658100,114.33634185791
"2025-12-02",116.440002441406,116.599998474121,114.690002441406,115.379997253418,14607700,113.11092376709
"2025-12-03",115.949996948242,117.980003356934,115.879997253418,117.800003051758,16819100,115.483337402344
"2025-12-04",117.5,118.339996337891,116.660003662109,117.139999389648,13686900,114.836311340332
"2025-12-05",116.75,118.779998779297,116.410003662109,116.540000915527,12516900,114.248115539551
"2025-12-08",115.830001831055,117,115.040000915527,115.980003356934,14904200,113.699127197266
"2025-12-09",116.900001525879,120.470001220703,116.889999389648,118.25,23790800,115.92448425293
"2025-12-10",118.730003356934,119.870002746582,118.370002746582,119.540000915527,19845200,117.189117431641
"2025-12-11",119.110000610352,120.360000610352,119.069999694824,119.540000915527,14781800,117.189117431641
"2025-12-12",119.440002441406,119.919998168945,118.309997558594,118.819999694824,14459500,116.483268737793
"2025-12-15",119.01000213623,119.029998779297,116.849998474121,117.76000213623,16358700,115.444122314453
"2025-12-16",116.769996643066,116.839996337891,114.610000610352,114.680000305176,17638700,112.424690246582
"2025-12-17",115.209999084473,117.620002746582,115.169998168945,117.410003662109,18502200,115.101005554199
"2025-12-18",116.98999786377,116.98999786377,115.629997253418,116.540000915527,13705600,114.248115539551
"2025-12-19",116.75,117.569999694824,115.959999084473,116.690002441406,45412800,114.395164489746
"2025-12-22",117.339996337891,118.459999084473,117.339996337891,118.150001525879,11768600,115.826446533203
"2025-12-23",118.470001220703,120.029998779297,118.319999694824,119.419998168945,12567600,117.071472167969
"2025-12-24",119.330001831055,120.050003051758,119.120002746582,119.220001220703,6137400,116.87540435791
"2025-12-26",118.889999389648,119.550003051758,118.529998779297,119.110000610352,8066100,116.767562866211
"2025-12-29",120.150001525879,121.300003051758,119.400001525879,120.529998779297,14782500,118.159645080566
"2025-12-30",121.099998474121,121.800003051758,120.629997253418,120.98999786377,11150500,118.610595703125
"2025-12-31",121.180000305176,121.26000213623,119.870002746582,120.339996337891,10559900,117.973373413086
"2026-01-02",120.089996337891,122.680000305176,119.610000610352,122.650001525879,14175100,120.237953186035
"2026-01-05",125.209999084473,125.930000305176,122.389999389648,125.360000610352,30112200,122.894653320312
"2026-01-06",125.349998474121,125.800003051758,121,121.050003051758,23328600,118.669418334961
"2026-01-07",119.800003051758,120.120002746582,118.269996643066,118.48999786377,20353000,116.159759521484
"2026-01-08",118.980003356934,123.629997253418,118.660003662109,122.910003662109,20232700,120.49284362793
"2026-01-09",123.230003356934,124.860000610352,123.099998474121,124.610000610352,16137700,122.159408569336
"2026-01-12",124.459999084473,124.5,122.559997558594,124.029998779297,15314900,121.590812683105
"2026-01-13",125,127.139999389648,124.809997558594,126.540000915527,21619700,124.051452636719
"2026-01-14",127.349998474121,131.720001220703,127.129997253418,130.199996948242,27593900,127.639465332031
"2026-01-15",129.130004882812,130.199996948242,128.300003051758,129.130004882812,17400000,126.590522766113
"2026-01-16",128.910003662109,130.160003662109,128.869995117188,129.889999389648,16592400,127.335556030273
"2026-01-20",131.509994506836,131.940002441406,130.070007324219,130.460006713867,16477300,127.894371032715
"2026-01-21",131.910003662109,133.729995727539,131.910003662109,133.610000610352,18879900,130.982421875
"2026-01-22",133.050003051758,134.179992675781,131.850006103516,133.639999389648,16600100,131.011825561523
"2026-01-23",135.089996337891,135.979995727539,134.479995727539,134.970001220703,17758200,132.315658569336
"2026-01-26",136.929992675781,136.940002441406,134.169998168945,134.839996337891,16056100,132.188217163086
"2026-01-27",135.25,136.929992675781,134.710006713867,136.830001831055,14517000,134.139083862305
"2026-01-28",137.690002441406,138.009994506836,136.669998168945,137.580001831055,15637300,134.87434387207
"2026-01-29",140.320007324219,142.339996337891,139.110000610352,140.509994506836,35760600,137.746704101562
"2026-01-30",138.740005493164,142.210006713867,137.830001831055,141.399993896484,29657700,138.619201660156
"2026-02-02",139.830001831055,140.320007324219,138.059997558594,138.399993896484,27735600,135.678207397461
"2026-02-03",138.639999389648,145.009994506836,138.309997558594,143.729995727539,37577800,140.903396606445
"2026-02-04",144.119995117188,147.839996337891,144.119995117188,147.589996337891,29426200,144.687469482422
"2026-02-05",146.580001831055,146.729995727539,143.800003051758,146.080001831055,18431700,143.207168579102
"2026-02-06",146.619995117188,149.570007324219,146.089996337891,149.050003051758,17216000,146.118774414062
"2026-02-09",149.259994506836,151.550003051758,148.630004882812,151.210006713867,21297300,148.236297607422
"2026-02-10",151.350006103516,151.779998779297,149.820007324219,151.589996337891,15800300,148.608810424805
"2026-02-11",153.970001220703,156.929992675781,153.570007324219,155.559997558594,23091500,152.500732421875
"2026-02-12",153.889999389648,155.25,149.880004882812,149.929992675781,30652500,147.961135864258
"2026-02-13",150.550003051758,151.660003662109,147.979995727539,148.449996948242,20166000,146.500579833984
"2026-02-17",148.199996948242,149.130004882812,145.149993896484,146.190002441406,19766600,144.270263671875
"2026-02-18",148.149993896484,150.979995727539,147.610000610352,150.679992675781,19849700,148.701293945312
"2026-02-19",152.199996948242,153.380004882812,150.839996337891,150.970001220703,20305000,148.987487792969
"2026-02-20",150.490005493164,150.809997558594,146.460006713867,147.279998779297,25908600,145.345947265625
"2026-02-23",148.149993896484,151.270004272461,148.130004882812,150.759994506836,16073100,148.780242919922
"2026-02-24",150.419998168945,150.720001220703,148.029998779297,149.259994506836,14185500,147.299942016602
"2026-02-25",149.910003662109,150.179992675781,147.330001831055,149.059997558594,15225700,147.102569580078
"2026-02-26",147.809997558594,150.960006713867,146.770004272461,148.539993286133,15632100,146.589401245117
"2026-02-27",151,153.649993896484,149.25,152.5,30275100,150.49739074707
"2026-03-02",159.350006103516,159.610000610352,153.029998779297,154.220001220703,31493100,152.194808959961
"2026-03-03",155.429992675781,156.050003051758,150.300003051758,151.830001831055,25198900,149.836196899414
"2026-03-04",150.720001220703,151.160003662109,147.860000610352,149.820007324219,16764800,147.852600097656
"2026-03-05",151,152.330001831055,149.470001220703,150.759994506836,22969300,148.780242919922
"2026-03-06",153.149993896484,153.800003051758,149.960006713867,151.210006713867,21136400,149.224349975586
"2026-03-09",152.020004272461,153.889999389648,149.470001220703,150.440002441406,25532700,148.464462280273
"2026-03-10",149.25,150.399993896484,147.699996948242,148.130004882812,19617600,146.184799194336
"2026-03-11",147.990005493164,151.809997558594,147.660003662109,151.580001831055,15297400,149.589477539062
"2026-03-12",152.270004272461,155,151.630004882812,153.529998779297,26054000,151.513870239258
"2026-03-13",154.300003051758,156.889999389648,152.979995727539,156.119995117188,22414100,154.069854736328
"2026-03-16",156,157.779998779297,154.759994506836,157.229995727539,22835600,155.165283203125
"2026-03-17",158.25,160.449996948242,156.800003051758,158.809997558594,21592200,156.724533081055
"2026-03-18",159.660003662109,160.179992675781,157.529998779297,157.589996337891,18947100,155.520553588867
"2026-03-19",158.259994506836,159.559997558594,154.839996337891,158.160003662109,27082700,156.083084106445
"2026-03-20",159.350006103516,162.440002441406,159.100006103516,159.669998168945,53942100,157.5732421875
"2026-03-23",156.119995117188,161.419998168945,155.020004272461,161.130004882812,25021300,159.014083862305
"2026-03-24",161.710006713867,167.479995727539,161.25,165.380004882812,26131800,163.208267211914
"2026-03-25",163.869995117188,165,162.929992675781,163.259994506836,17192300,161.116104125977
"2026-03-26",164.089996337891,165.679992675781,162.059997558594,165.429992675781,18625200,163.257598876953
"2026-03-27",165.580001831055,171.229995727539,164.800003051758,170.990005493164,30338300,168.744598388672
"2026-03-30",172.509994506836,176.410003662109,171.050003051758,171.470001220703,29813500,169.218292236328
"2026-03-31",172.669998168945,174.380004882812,165.970001220703,169.660003662109,32006700,167.432052612305
"2026-04-01",165.770004272461,168,159.529998779297,160.779998779297,37927600,158.668670654297
"2026-04-02",164.490005493164,166.899993896484,159.589996337891,160.690002441406,25377700,158.579849243164
"2026-04-06",160.570007324219,163.75,159.529998779297,163.369995117188,16344300,161.224655151367
"2026-04-07",164.220001220703,166.240005493164,161.770004272461,163.910003662109,25227500,161.757568359375
"2026-04-08",153.520004272461,156.350006103516,150.979995727539,156.220001220703,31311200,154.168548583984
"2026-04-09",156.860000610352,159.229995727539,154.309997558594,155.039993286133,25868400,153.004028320312
"2026-04-10",154.039993286133,155.119995117188,151.919998168945,152.509994506836,21065000,150.507263183594
"2026-04-13",154.270004272461,154.619995117188,151.279998779297,152.639999389648,18685600,150.635559082031
"2026-04-14",150.070007324219,150.110000610352,146.720001220703,149.240005493164,18528200,147.280212402344
"2026-04-15",148.600006103516,150.229995727539,146.899993896484,149.009994506836,15626500,147.05322265625
"2026-04-16",149.529998779297,152.779998779297,149.350006103516,151.979995727539,15191000,149.984222412109
"2026-04-17",144.860000610352,146.800003051758,141.970001220703,146.440002441406,28947400,144.516983032227
"2026-04-20",147.380004882812,149.369995117188,146.350006103516,147.679992675781,16354400,145.740676879883
"2026-04-21",147.369995117188,148.809997558594,146.240005493164,148.360000610352,17515900,146.411773681641
"2026-04-22",149.369995117188,150.679992675781,148.179992675781,149.5,13738700,147.53678894043
"2026-04-23",149.850006103516,151.229995727539,148.5,150.529998779297,12970400,148.553268432617
"2026-04-24",149.639999389648,150.300003051758,146.949996948242,148.910003662109,13735900,146.954544067383
"2026-04-27",149.160003662109,151.179992675781,147.970001220703,148.190002441406,13940800,146.243988037109
"2026-04-28",151.529998779297,152.309997558594,149.830001831055,150.559997558594,15173600,148.582870483398
"2026-04-29",152.020004272461,154.949996948242,151.009994506836,154.669998168945,14669100,152.638900756836
"2026-04-30",152.429992675781,155.690002441406,151.339996337891,154.330001831055,22885900,152.303375244141
"2026-05-01",152.610000610352,155.009994506836,151.130004882812,152.75,15458200,150.744125366211
"2026-05-04",152.669998168945,154.470001220703,149.520004272461,153.690002441406,14238500,151.671768188477
"2026-05-05",153.100006103516,155.289993286133,152.410003662109,154.880004882812,12494600,152.846160888672
"2026-05-06",149.070007324219,150.330001831055,147.089996337891,148.690002441406,20527000,146.737442016602
"2026-05-07",146.800003051758,147.080001831055,144.190002441406,146.580001831055,22509400,144.655136108398
"2026-05-08",145.850006103516,146.5,143.919998168945,144.570007324219,19550100,142.671539306641
"2026-05-11",146.020004272461,149.720001220703,146,149.679992675781,14849500,147.714416503906
"2026-05-12",151.25,151.809997558594,149.770004272461,150.630004882812,16443100,148.651962280273
"2026-05-13",150.059997558594,151.789993286133,149.679992675781,151.570007324219,15772800,149.579620361328
"2026-05-14",151.899993896484,153.119995117188,151.259994506836,152.779998779297,11331500,150.773712158203
"2026-05-15",153.75,158,153,157.919998168945,27882400,156.904022216797
"2026-05-18",157.320007324219,161.729995727539,155.229995727539,160.490005493164,20065200,159.457489013672
"2026-05-19",161.5,163.320007324219,159.639999389648,162.550003051758,20715600,161.504241943359
"2026-05-20",161.610000610352,163.679992675781,156.270004272461,156.279998779297,18509700,155.274566650391
"2026-05-21",158.419998168945,159.389999389648,153.460006713867,155.289993286133,17061700,154.290939331055
"2026-05-22",154.029998779297,155.550003051758,153.169998168945,154.919998168945,12948500,153.923324584961
"2026-05-26",153.5,154.550003051758,149.470001220703,149.809997558594,13057800,148.84619140625
"2026-05-27",147.229995727539,148.690002441406,145.75,147.899993896484,16241100,146.948486328125
"2026-05-28",149.339996337891,150.210006713867,146.869995117188,146.960006713867,14012500,146.014541625977
"2026-05-29",146.190002441406,146.929992675781,144.710006713867,145.259994506836,27959900,144.325469970703
"2026-06-01",147.020004272461,149.649993896484,147,149.380004882812,16732100,148.418975830078
"2026-06-02",149.029998779297,150.830001831055,148.5,149.559997558594,10462400,148.597808837891
"2026-06-03",150.610000610352,154.910003662109,150.020004272461,152.529998779297,14373000,151.548706054688
"2026-06-04",152.050003051758,153.429992675781,150.940002441406,152.039993286133,11799400,151.06184387207
"2026-06-05",152.009994506836,152.130004882812,149.300003051758,149.919998168945,16584000,148.955490112305
"2026-06-08",151.160003662109,153.809997558594,150.899993896484,151.75,13870900,150.773712158203
"2026-06-09",150.910003662109,151.130004882812,147.779998779297,148.910003662109,18163500,147.951995849609
"2026-06-10",151.229995727539,152.490005493164,149.559997558594,150.619995117188,14596500,149.650985717773
"2026-06-11",152.300003051758,152.490005493164,146.419998168945,146.600006103516,17285800,145.656860351562
"2026-06-12",145.630004882812,148.910003662109,145.149993896484,147.009994506836,17713100,146.064208984375
"2026-06-15",139.740005493164,141.979995727539,137.720001220703,140.919998168945,23631400,140.013397216797
"2026-06-16",140.190002441406,142.149993896484,139.979995727539,141.860000610352,18925400,140.947341918945
"2026-06-17",141.220001220703,142.339996337891,140.320007324219,140.740005493164,16663200,139.834548950195
"2026-06-18",138.320007324219,138.460006713867,135.850006103516,137.809997558594,48063400,136.923400878906
"2026-06-22",138.539993286133,139,137.020004272461,138.470001220703,15783300,137.579162597656
"2026-06-23",139.460006713867,140.389999389648,138.5,139.729995727539,13699400,138.831039428711
"2026-06-24",137.119995117188,137.639999389648,135.589996337891,136.899993896484,16212900,136.019256591797
"2026-06-25",135.639999389648,138.070007324219,134.949996948242,137.550003051758,13288800,136.665069580078
"2026-06-26",136.970001220703,137.580001831055,135.919998168945,136.539993286133,22684200,135.661560058594
"2026-06-29",136.580001831055,137.389999389648,135.389999389648,136.059997558594,11972700,135.184661865234
"2026-06-30",136.479995727539,137.300003051758,135.330001831055,136.720001220703,28784000,135.840408325195
"2026-07-01",136.529998779297,137.490005493164,135.630004882812,136.279998779297,12433400,135.403244018555
"2026-07-02",137.149993896484,139.139999389648,136.330001831055,137.089996337891,13703300,136.208023071289
"2026-07-06",136.550003051758,137.369995117188,136.009994506836,136.440002441406,13915100,135.562210083008
"2026-07-07",138.559997558594,141.740005493164,138.130004882812,141.690002441406,14667800,140.778442382812
"2026-07-08",143.440002441406,143.990005493164,139.809997558594,141.130004882812,18291400,140.222045898438
"2026-07-09",139.660003662109,140.050003051758,137.119995117188,137.460006713867,14110200,136.575653076172
"2026-07-10",137.899993896484,138.970001220703,137.139999389648,138.880004882812,9753500,137.986526489258
"2026-07-13",140.919998168945,145.229995727539,140.490005493164,144.509994506836,18724300,143.580291748047
"2026-07-14",145.509994506836,146,143.889999389648,145.089996337891,16096400,144.156555175781
"2026-07-15",145.089996337891,145.089996337891,142.029998779297,144.509994506836,13444500,143.580291748047
"2026-07-16",145.279998779297,146.869995117188,144.550003051758,145.949996948242,13518000,145.011032104492
"2026-07-17",149.029998779297,150,147.169998168945,147.360000610352,19031400,146.411956787109
"2026-07-20",146.5,149.089996337891,146.229995727539,148.360000610352,12149200,147.405532836914
"2026-07-21",149.009994506836,151.759994506836,148.479995727539,151.710006713867,13145300,150.733978271484
"2026-07-22",153.860000610352,154.800003051758,152.949996948242,154.449996948242,13788700,153.456344604492
"2026-07-23",156.600006103516,158.570007324219,156.059997558594,156.889999389648,15822800,155.880645751953
"2026-07-24",156.990005493164,158.710006713867,155.679992675781,156.940002441406,12091600,155.930328369141
"2026-07-27",153.070007324219,155.419998168945,152.5,154.770004272461,13955800,153.774291992188
"2026-07-28",154.169998168945,156.179992675781,151.880004882812,153.039993286133,16299900,152.055419921875
"2026-07-29",157.720001220703,159.070007324219,155.860000610352,156.75,14571300,155.741546630859
"2026-07-30",155.089996337891,157.779998779297,154.529998779297,156.970001220703,12578100,155.960144042969
"2026-07-31",153.740005493164,156.160003662109,152.139999389648,155.440002441406,15714200,154.439987182617
"2026-08-03",153.460006713867,155.910003662109,152.649993896484,155.059997558594,14532800,154.062423706055
"2026-08-04",151.619995117188,154.839996337891,149.089996337891,153.960006713867,14347900,152.969512939453
"2026-08-05",155.039993286133,155.039993286133,151.149993896484,151.630004882812,12227500,150.654495239258
"2026-08-06",154.220001220703,154.869995117188,151.839996337891,154.839996337891,11879100,153.843841552734
"2026-08-07",152.639999389648,153.669998168945,151.529998779297,153.039993286133,18455200,152.055419921875
"2026-08-10",154.5,160.369995117188,154.449996948242,159.789993286133,19761600,158.761993408203
"2026-08-11",159.660003662109,161.669998168945,159.270004272461,159.800003051758,13744500,158.771926879883
"2026-08-12",158.550003051758,160.229995727539,157.559997558594,159.75,13219500,158.722244262695
"2026-08-13",158.029998779297,159.759994506836,157.429992675781,158.610000610352,10542800,157.589584350586
"2026-08-14",159.710006713867,161.259994506836,159.25,160.100006103516,10231300,159.070007324219
"2026-08-17",160.100006103516,162.509994506836,159.089996337891,161.460006713867,12858100,161.460006713867
"2026-08-18",164.350006103516,165.669998168945,163.25,165.559997558594,18952700,165.559997558594
"2026-08-19",166.070007324219,168.210006713867,164.660003662109,164.770004272461,13648900,164.770004272461
"2026-08-20",167.020004272461,168.639999389648,166.070007324219,166.149993896484,13803000,166.149993896484
"2026-08-21",166.539993286133,168,164.610000610352,165.110000610352,14314300,165.110000610352
"2026-08-24",163.869995117188,165.220001220703,162.25,164.050003051758,10842500,164.050003051758
"2026-08-25",161.449996948242,162.809997558594,160.460006713867,160.639999389648,17525300,160.639999389648
"2026-08-26",158,161.130004882812,157.759994506836,158.190002441406,14838400,158.190002441406
"2026-08-27",157.630004882812,158.190002441406,156.139999389648,156.440002441406,14288500,156.440002441406
"2026-08-28",156.600006103516,157.419998168945,155.320007324219,156.710006713867,11352600,156.710006713867
"2026-08-31",159.940002441406,161.589996337891,158.740005493164,160.949996948242,18363400,160.949996948242
"2026-09-01",163.600006103516,164.699996948242,162.220001220703,164.550003051758,11381800,164.550003051758
"2026-09-02",163.929992675781,165.020004272461,162.759994506836,164.149993896484,11287000,164.149993896484
"2026-09-03",164.429992675781,165.649993896484,162.089996337891,162.210006713867,13755100,162.210006713867
"2026-09-04",161.020004272461,161.479995727539,159.160003662109,159.470001220703,16206400,159.470001220703
"2026-09-08",160.610000610352,163.110000610352,158.75,160.660003662109,12607700,160.660003662109
"2026-09-09",162.880004882812,165.179992675781,162.550003051758,164.229995727539,13124000,164.229995727539
"2026-09-10",167,167.369995117188,163.179992675781,165.229995727539,16615300,165.229995727539
"2026-09-11",165.070007324219,167.089996337891,164.080001831055,165.990005493164,11362400,165.990005493164
"2026-09-14",168.699996948242,169.449996948242,164.039993286133,165.080001831055,13942100,165.080001831055
"2026-09-15",165.360000610352,169.639999389648,165.149993896484,169.320007324219,12329200,169.320007324219
"2026-09-16",167.229995727539,167.5,162.559997558594,163.320007324219,13437800,163.320007324219
"2026-09-17",161.830001831055,163.389999389648,161.449996948242,163.270004272461,10976500,163.270004272461
"2026-09-18",162.5,163.539993286133,161.309997558594,163.539993286133,37640600,163.539993286133
"2026-09-21",160.960006713867,161.949996948242,157.940002441406,158.300003051758,15752500,158.300003051758
"2026-09-22",157.529998779297,159.970001220703,155.850006103516,158.710006713867,14189400,158.710006713867
"2026-09-23",159.619995117188,162.119995117188,159.419998168945,161.229995727539,12569300,161.229995727539
"2026-09-24",163.059997558594,164.910003662109,161.199996948242,162.139999389648,12484900,162.139999389648
"2026-09-25",160.229995727539,161.789993286133,159.779998779297,160.589996337891,10996700,160.589996337891
