"Model","RMSE","MAPE","MAE"
"ARIMA",2.68089247805436,1.1823263280353,2.28794265709828
"STLF",2.47554348933239,1.05411545194159,2.04530437531843
